t,o,h,l,c,v
2023-10-31T09:30:00-04:00,117.12999725341797,117.3499984741211,114.91000366210938,116.43000030517578,662740.0
2023-10-31T10:30:00-04:00,116.42500305175781,116.69000244140625,115.94000244140625,115.9800033569336,534166.0
2023-10-31T11:30:00-04:00,116.0199966430664,116.98500061035156,115.94999694824219,116.97000122070312,369543.0
2023-10-31T12:30:00-04:00,116.94000244140625,118.1500015258789,116.68000030517578,118.08499908447266,701625.0
2023-10-31T13:30:00-04:00,118.08999633789062,118.43000030517578,117.87999725341797,117.88999938964844,557908.0
2023-10-31T14:30:00-04:00,117.88999938964844,118.69000244140625,117.84010314941406,118.19000244140625,469004.0
2023-10-31T15:30:00-04:00,118.20999908447266,118.37999725341797,117.95999908447266,118.2699966430664,747350.0
2023-11-01T09:30:00-04:00,118.25,118.70999908447266,116.66000366210938,118.13999938964844,769383.0
2023-11-01T10:30:00-04:00,118.12999725341797,118.37999725341797,117.47000122070312,117.62999725341797,708671.0
2023-11-01T11:30:00-04:00,117.63999938964844,118.29000091552734,117.5,117.9800033569336,682128.0
2023-11-01T12:30:00-04:00,118.0,118.18000030517578,117.38999938964844,117.78130340576172,814821.0
2023-11-01T13:30:00-04:00,117.76000213623047,117.97000122070312,117.0999984741211,117.73999786376953,930234.0
2023-11-01T14:30:00-04:00,117.7300033569336,119.55999755859375,117.33999633789062,119.18499755859375,1684773.0
2023-11-01T15:30:00-04:00,119.18499755859375,119.88999938964844,119.08000183105469,119.30000305175781,1640090.0
2023-11-02T09:30:00-04:00,122.51000213623047,122.73999786376953,114.0999984741211,115.23999786376953,5104615.0
2023-11-02T10:30:00-04:00,115.23500061035156,119.29000091552734,115.22000122070312,117.41999816894531,1987590.0
2023-11-02T11:30:00-04:00,117.4197006225586,117.58499908447266,115.9000015258789,115.96530151367188,1216973.0
2023-11-02T12:30:00-04:00,115.91999816894531,116.75,115.39399719238281,116.4000015258789,1056651.0
2023-11-02T13:30:00-04:00,116.44000244140625,117.12999725341797,115.78500366210938,116.13999938964844,914625.0
2023-11-02T14:30:00-04:00,116.18000030517578,116.41000366210938,115.88999938964844,116.05999755859375,965312.0
2023-11-02T15:30:00-04:00,116.06999969482422,116.58499908447266,115.47000122070312,115.5,1719475.0
2023-11-03T09:30:00-04:00,117.9800033569336,123.34970092773438,117.37999725341797,121.68000030517578,2949167.0
2023-11-03T10:30:00-04:00,121.63999938964844,123.4000015258789,121.3499984741211,123.08000183105469,1163062.0
2023-11-03T11:30:00-04:00,123.11000061035156,123.44999694824219,122.20999908447266,122.43000030517578,669171.0
2023-11-03T12:30:00-04:00,122.45999908447266,122.58999633789062,121.7699966430664,121.9800033569336,546369.0
2023-11-03T13:30:00-04:00,121.98999786376953,122.32499694824219,121.58999633789062,122.25,556027.0
2023-11-03T14:30:00-04:00,122.23999786376953,122.55000305175781,121.91010284423828,122.46700286865234,688728.0
2023-11-03T15:30:00-04:00,122.46499633789062,122.87999725341797,122.05999755859375,122.5999984741211,1318366.0
2023-11-06T09:30:00-05:00,123.21499633789062,123.93000030517578,117.33000183105469,118.12000274658203,2169945.0
2023-11-06T10:30:00-05:00,118.1500015258789,119.7699966430664,117.80000305175781,118.93000030517578,1153138.0
2023-11-06T11:30:00-05:00,118.91999816894531,119.5645980834961,118.45999908447266,118.91999816894531,549037.0
2023-11-06T12:30:00-05:00,118.87000274658203,118.93000030517578,117.61000061035156,117.77999877929688,505501.0
2023-11-06T13:30:00-05:00,117.80000305175781,118.37000274658203,116.8499984741211,117.58000183105469,882731.0
2023-11-06T14:30:00-05:00,117.56009674072266,118.12000274658203,117.44000244140625,117.68000030517578,693690.0
2023-11-06T15:30:00-05:00,117.68000030517578,118.16999816894531,117.54000091552734,118.15499877929688,1013922.0
2023-11-07T09:30:00-05:00,118.25,120.30599975585938,118.0999984741211,119.95999908447266,1102849.0
2023-11-07T10:30:00-05:00,119.9000015258789,122.18000030517578,119.76000213623047,121.86000061035156,789574.0
2023-11-07T11:30:00-05:00,121.86000061035156,122.05989837646484,120.9800033569336,121.13500213623047,575260.0
2023-11-07T12:30:00-05:00,121.16000366210938,121.37999725341797,120.55500030517578,121.0,428150.0
2023-11-07T13:30:00-05:00,121.0,121.36000061035156,120.83999633789062,121.1500015258789,338721.0
2023-11-07T14:30:00-05:00,121.18000030517578,121.4188003540039,120.98999786376953,121.31500244140625,479099.0
2023-11-07T15:30:00-05:00,121.30750274658203,121.51000213623047,120.86000061035156,121.05999755859375,773432.0
2023-11-08T09:30:00-05:00,119.43000030517578,121.19999694824219,118.877197265625,119.02999877929688,1827408.0
2023-11-08T10:30:00-05:00,119.0,119.68000030517578,118.73999786376953,118.83000183105469,804330.0
2023-11-08T11:30:00-05:00,118.83000183105469,119.06999969482422,116.44000244140625,116.5199966430664,1090740.0
2023-11-08T12:30:00-05:00,116.5,117.25,116.17870330810547,117.05000305175781,825648.0
2023-11-08T13:30:00-05:00,117.05000305175781,117.4000015258789,116.81999969482422,116.91000366210938,668865.0
2023-11-08T14:30:00-05:00,116.9000015258789,117.81950378417969,116.55000305175781,117.5,814208.0
2023-11-08T15:30:00-05:00,117.5,117.88999938964844,117.33999633789062,117.6500015258789,1068466.0
2023-11-09T09:30:00-05:00,118.3499984741211,118.80000305175781,117.31999969482422,117.8136978149414,966220.0
2023-11-09T10:30:00-05:00,117.84819793701172,118.54000091552734,117.45999908447266,118.06999969482422,532064.0
2023-11-09T11:30:00-05:00,118.05000305175781,119.52999877929688,117.65499877929688,117.84500122070312,641551.0
2023-11-09T12:30:00-05:00,117.80999755859375,118.29989624023438,116.93499755859375,117.75499725341797,484271.0
2023-11-09T13:30:00-05:00,117.70999908447266,117.70999908447266,116.0999984741211,116.23500061035156,681711.0
2023-11-09T14:30:00-05:00,116.20999908447266,116.4000015258789,115.38999938964844,115.86499786376953,624792.0
2023-11-09T15:30:00-05:00,115.87999725341797,115.94999694824219,115.19999694824219,115.52999877929688,788733.0
2023-11-10T09:30:00-05:00,114.5250015258789,117.69999694824219,114.16999816894531,117.30999755859375,1222132.0
2023-11-10T10:30:00-05:00,117.33000183105469,118.37000274658203,116.72000122070312,117.66999816894531,730615.0
2023-11-10T11:30:00-05:00,117.65499877929688,117.7699966430664,116.97000122070312,117.04000091552734,388250.0
2023-11-10T12:30:00-05:00,117.05999755859375,117.7699966430664,116.97000122070312,117.56999969482422,395050.0
2023-11-10T13:30:00-05:00,117.58000183105469,118.33000183105469,117.37000274658203,118.16000366210938,352939.0
2023-11-10T14:30:00-05:00,118.16000366210938,118.29000091552734,117.63999938964844,118.19499969482422,365281.0
2023-11-10T15:30:00-05:00,118.18000030517578,118.54000091552734,118.01000213623047,118.0999984741211,735407.0
2023-11-13T09:30:00-05:00,117.51000213623047,118.94000244140625,117.40129852294922,117.85299682617188,575888.0
2023-11-13T10:30:00-05:00,117.86869812011719,118.81999969482422,117.66000366210938,118.66000366210938,400832.0
2023-11-13T11:30:00-05:00,118.68000030517578,119.86000061035156,118.37999725341797,119.33000183105469,519891.0
2023-11-13T12:30:00-05:00,119.36000061035156,119.70099639892578,119.2300033569336,119.29499816894531,353078.0
2023-11-13T13:30:00-05:00,119.2699966430664,119.6500015258789,118.94000244140625,119.24500274658203,335867.0
2023-11-13T14:30:00-05:00,119.2300033569336,119.25,118.74500274658203,118.80000305175781,322712.0
2023-11-13T15:30:00-05:00,118.79000091552734,119.18000030517578,118.62000274658203,119.13999938964844,533431.0
2023-11-14T09:30:00-05:00,122.58999633789062,125.69999694824219,122.43000030517578,125.0999984741211,2387587.0
2023-11-14T10:30:00-05:00,125.12999725341797,125.37999725341797,124.94000244140625,125.17500305175781,955014.0
2023-11-14T11:30:00-05:00,125.18000030517578,126.13999938964844,124.70999908447266,125.0,1051807.0
2023-11-14T12:30:00-05:00,124.97000122070312,125.77999877929688,124.95999908447266,125.22000122070312,627419.0
2023-11-14T13:30:00-05:00,125.23999786376953,125.4000015258789,124.86000061035156,125.33999633789062,443051.0
2023-11-14T14:30:00-05:00,125.33999633789062,126.81500244140625,125.30999755859375,126.7300033569336,962225.0
2023-11-14T15:30:00-05:00,126.73500061035156,127.12000274658203,126.5199966430664,126.66000366210938,1324202.0
2023-11-15T09:30:00-05:00,128.0,130.72999572753906,127.06060028076172,130.6199951171875,1722044.0
2023-11-15T10:30:00-05:00,130.66000366210938,131.6199951171875,130.3000030517578,131.1999969482422,1068507.0
2023-11-15T11:30:00-05:00,131.16000366210938,131.3699951171875,129.5500030517578,130.0,1017382.0
2023-11-15T12:30:00-05:00,130.0,130.3350067138672,128.7899932861328,129.36500549316406,611828.0
2023-11-15T13:30:00-05:00,129.3699951171875,129.57000732421875,128.85000610351562,129.3699951171875,437593.0
2023-11-15T14:30:00-05:00,129.38999938964844,129.5399932861328,128.93499755859375,128.99000549316406,422229.0
2023-11-15T15:30:00-05:00,129.0,129.10499572753906,128.19500732421875,128.3699951171875,1007145.0
2023-11-16T09:30:00-05:00,125.61000061035156,128.39999389648438,125.61000061035156,127.3499984741211,814195.0
2023-11-16T10:30:00-05:00,127.41000366210938,127.82499694824219,125.66999816894531,126.19000244140625,623732.0
2023-11-16T11:30:00-05:00,126.19000244140625,127.22000122070312,125.97000122070312,127.08999633789062,419048.0
2023-11-16T12:30:00-05:00,127.05999755859375,127.5,126.20999908447266,126.22000122070312,362770.0
2023-11-16T13:30:00-05:00,126.20500183105469,126.58000183105469,125.80999755859375,126.01499938964844,395447.0
2023-11-16T14:30:00-05:00,126.0,126.6500015258789,125.87000274658203,125.87999725341797,450456.0
2023-11-16T15:30:00-05:00,125.88500213623047,126.30000305175781,125.5999984741211,126.27999877929688,657229.0
2023-11-17T09:30:00-05:00,126.28579711914062,126.56990051269531,125.44999694824219,126.43000030517578,821547.0
2023-11-17T10:30:00-05:00,126.43000030517578,127.03500366210938,126.29000091552734,126.62999725341797,434560.0
2023-11-17T11:30:00-05:00,126.62999725341797,127.66999816894531,126.52999877929688,127.38529968261719,352575.0
2023-11-17T12:30:00-05:00,127.39440155029297,127.93000030517578,127.11000061035156,127.5999984741211,336841.0
2023-11-17T13:30:00-05:00,127.61000061035156,127.97000122070312,127.30999755859375,127.37999725341797,298643.0
2023-11-17T14:30:00-05:00,127.37999725341797,127.6500015258789,127.20909881591797,127.2300033569336,361186.0
2023-11-17T15:30:00-05:00,127.23210144042969,127.28500366210938,126.83999633789062,127.1500015258789,664161.0
2023-11-20T09:30:00-05:00,127.4000015258789,128.9600067138672,127.01000213623047,128.6199951171875,705062.0
2023-11-20T10:30:00-05:00,128.6300048828125,130.14999389648438,128.0500030517578,129.68499755859375,691062.0
2023-11-20T11:30:00-05:00,129.69500732421875,130.11000061035156,129.5,129.8300018310547,590496.0
2023-11-20T12:30:00-05:00,129.82000732421875,130.4949951171875,129.63999938964844,130.24000549316406,438914.0
2023-11-20T13:30:00-05:00,130.21539306640625,130.64999389648438,130.0399932861328,130.4158935546875,347331.0
2023-11-20T14:30:00-05:00,130.42999267578125,130.9499969482422,129.94000244140625,130.28500366210938,599675.0
2023-11-20T15:30:00-05:00,130.27000427246094,130.2949981689453,129.44000244140625,129.72999572753906,748673.0
2023-11-21T09:30:00-05:00,128.0,128.0500030517578,124.93000030517578,125.44499969482422,1635560.0
2023-11-21T10:30:00-05:00,125.41999816894531,126.63500213623047,125.25499725341797,126.20010375976562,621077.0
2023-11-21T11:30:00-05:00,126.20010375976562,126.76010131835938,125.9000015258789,126.66000366210938,374191.0
2023-11-21T12:30:00-05:00,126.66999816894531,127.06999969482422,126.33499908447266,126.66999816894531,308159.0
2023-11-21T13:30:00-05:00,126.66500091552734,126.9000015258789,126.18000030517578,126.54499816894531,299396.0
2023-11-21T14:30:00-05:00,126.51000213623047,127.08000183105469,126.29000091552734,127.05999755859375,338870.0
2023-11-21T15:30:00-05:00,127.05999755859375,127.09960174560547,126.49199676513672,126.79000091552734,565457.0
2023-11-22T09:30:00-05:00,127.75,130.5800018310547,127.70999908447266,129.52999877929688,1026404.0
2023-11-22T10:30:00-05:00,129.52000427246094,129.72999572753906,128.58999633789062,129.22999572753906,458178.0
2023-11-22T11:30:00-05:00,129.27000427246094,130.0500030517578,129.24000549316406,129.80999755859375,487464.0
2023-11-22T12:30:00-05:00,129.8249969482422,129.88999938964844,129.47999572753906,129.60000610351562,307523.0
2023-11-22T13:30:00-05:00,129.6199951171875,129.7050018310547,129.08999633789062,129.19000244140625,280624.0
2023-11-22T14:30:00-05:00,129.16000366210938,129.16000366210938,128.57009887695312,129.07000732421875,427808.0
2023-11-22T15:30:00-05:00,129.07000732421875,129.19000244140625,128.77999877929688,129.0399932861328,619261.0
2023-11-24T09:30:00-05:00,129.0500030517578,129.58990478515625,128.5,129.13999938964844,544903.0
2023-11-24T10:30:00-05:00,129.14500427246094,129.14500427246094,128.17999267578125,128.44000244140625,402382.0
2023-11-24T11:30:00-05:00,128.44000244140625,128.52999877929688,127.88999938964844,128.0500030517578,362811.0
2023-11-27T09:30:00-05:00,127.5,127.69000244140625,125.8499984741211,127.41000366210938,847628.0
2023-11-27T10:30:00-05:00,127.43000030517578,128.80499267578125,127.41500091552734,128.74000549316406,566573.0
2023-11-27T11:30:00-05:00,128.72999572753906,129.22000122070312,128.60589599609375,129.19000244140625,413633.0
2023-11-27T12:30:00-05:00,129.2100067138672,129.55999755859375,128.9199981689453,129.0500030517578,391833.0
2023-11-27T13:30:00-05:00,129.0399932861328,129.0500030517578,128.41000366210938,128.50999450683594,392582.0
2023-11-27T14:30:00-05:00,128.5399932861328,129.14999389648438,128.1750030517578,129.00999450683594,496405.0
2023-11-27T15:30:00-05:00,129.00999450683594,129.19000244140625,128.91000366210938,129.02000427246094,770961.0
2023-11-28T09:30:00-05:00,128.7899932861328,129.5399932861328,125.8499984741211,126.61000061035156,1006412.0
2023-11-28T10:30:00-05:00,126.58999633789062,127.87000274658203,126.33000183105469,127.55999755859375,511610.0
2023-11-28T11:30:00-05:00,127.56340026855469,128.2100067138672,127.5199966430664,127.76000213623047,378797.0
2023-11-28T12:30:00-05:00,127.68009948730469,128.08999633789062,127.18499755859375,127.47000122070312,331872.0
2023-11-28T13:30:00-05:00,127.45169830322266,127.76000213623047,127.20999908447266,127.26499938964844,266644.0
2023-11-28T14:30:00-05:00,127.2699966430664,127.37000274658203,126.83999633789062,127.0999984741211,469397.0
2023-11-28T15:30:00-05:00,127.0999984741211,127.62000274658203,127.08999633789062,127.55999755859375,651257.0
2023-11-29T09:30:00-05:00,127.0,129.58299255371094,127.0,127.41500091552734,1280314.0
2023-11-29T10:30:00-05:00,127.41000366210938,128.00999450683594,126.12000274658203,126.23999786376953,650668.0
2023-11-29T11:30:00-05:00,126.27999877929688,127.41000366210938,126.05979919433594,127.38500213623047,435851.0
2023-11-29T12:30:00-05:00,127.37999725341797,127.79000091552734,127.30000305175781,127.77999877929688,305837.0
2023-11-29T13:30:00-05:00,127.77999877929688,127.78500366210938,126.9000015258789,127.16999816894531,357950.0
2023-11-29T14:30:00-05:00,127.16000366210938,127.16000366210938,126.51000213623047,126.7300033569336,452533.0
2023-11-29T15:30:00-05:00,126.7249984741211,126.80000305175781,126.3550033569336,126.44000244140625,682597.0
2023-11-30T09:30:00-05:00,127.0,128.1300048828125,125.76000213623047,126.87000274658203,728625.0
2023-11-30T10:30:00-05:00,126.88999938964844,126.97000122070312,125.37000274658203,126.18000030517578,476429.0
2023-11-30T11:30:00-05:00,126.13999938964844,127.0,125.86000061035156,126.84500122070312,479809.0
2023-11-30T12:30:00-05:00,126.82499694824219,127.27999877929688,125.44999694824219,125.4800033569336,516124.0
2023-11-30T13:30:00-05:00,125.4800033569336,126.0,125.08499908447266,125.81500244140625,506258.0
2023-11-30T14:30:00-05:00,125.81999969482422,126.41500091552734,125.4800033569336,125.7699966430664,459169.0
2023-11-30T15:30:00-05:00,125.77999877929688,126.58000183105469,125.67500305175781,126.33999633789062,875160.0
2023-12-01T09:30:00-05:00,125.5,129.45809936523438,125.40859985351562,129.25999450683594,1071234.0
2023-12-01T10:30:00-05:00,129.26300048828125,132.0500030517578,128.97999572753906,131.5500030517578,1523547.0
2023-12-01T11:30:00-05:00,131.5800018310547,133.0,131.15499877929688,132.97000122070312,857388.0
2023-12-01T12:30:00-05:00,132.9600067138672,133.72999572753906,132.8000030517578,133.50999450683594,760532.0
2023-12-01T13:30:00-05:00,133.5,134.24000549316406,132.91000366210938,133.94500732421875,569369.0
2023-12-01T14:30:00-05:00,133.9600067138672,135.24000549316406,133.94500732421875,135.19000244140625,983935.0
2023-12-01T15:30:00-05:00,135.1999969482422,135.4199981689453,134.7100067138672,135.0399932861328,1191630.0
2023-12-04T09:30:00-05:00,134.0,136.75,133.77999877929688,134.65499877929688,1785473.0
2023-12-04T10:30:00-05:00,134.63499450683594,134.98779296875,133.2949981689453,134.42160034179688,651260.0
2023-12-04T11:30:00-05:00,134.3800048828125,135.07000732421875,134.22000122070312,134.89999389648438,486184.0
2023-12-04T12:30:00-05:00,134.9199981689453,135.03500366210938,134.0500030517578,134.0749969482422,330975.0
2023-12-04T13:30:00-05:00,134.02000427246094,134.08999633789062,133.14999389648438,133.36000061035156,458450.0
2023-12-04T14:30:00-05:00,133.3699951171875,133.5399932861328,132.72000122070312,133.32000732421875,518164.0
2023-12-04T15:30:00-05:00,133.3300018310547,134.19000244140625,133.3300018310547,133.72999572753906,671745.0
2023-12-05T09:30:00-05:00,132.67999267578125,135.47999572753906,132.66000366210938,134.75,873128.0
2023-12-05T10:30:00-05:00,134.75,135.7050018310547,134.32000732421875,134.85000610351562,545947.0
2023-12-05T11:30:00-05:00,134.83999633789062,135.44000244140625,134.22059631347656,135.22999572753906,648435.0
2023-12-05T12:30:00-05:00,135.22999572753906,135.22999572753906,134.08059692382812,134.35499572753906,353812.0
2023-12-05T13:30:00-05:00,134.3699951171875,134.3699951171875,133.34500122070312,134.22000122070312,406234.0
2023-12-05T14:30:00-05:00,134.23989868164062,134.2899932861328,133.8000030517578,134.1199951171875,302925.0
2023-12-05T15:30:00-05:00,134.13999938964844,134.13999938964844,133.63999938964844,133.72999572753906,676649.0
2023-12-06T09:30:00-05:00,135.58999633789062,138.22369384765625,135.13999938964844,136.60000610351562,1525090.0
2023-12-06T10:30:00-05:00,136.60000610351562,138.47999572753906,136.60000610351562,138.0749969482422,874493.0
2023-12-06T11:30:00-05:00,138.07000732421875,138.14500427246094,136.75999450683594,137.57000732421875,467789.0
2023-12-06T12:30:00-05:00,137.5500030517578,137.94000244140625,136.50999450683594,136.68499755859375,343761.0
2023-12-06T13:30:00-05:00,136.66000366210938,137.0500030517578,136.41000366210938,136.47999572753906,269013.0
2023-12-06T14:30:00-05:00,136.48500061035156,137.03990173339844,135.32000732421875,135.518798828125,425266.0
2023-12-06T15:30:00-05:00,135.50999450683594,135.73719787597656,135.19000244140625,135.30999755859375,522025.0
2023-12-07T09:30:00-05:00,135.50999450683594,140.69000244140625,135.42999267578125,140.52000427246094,2281629.0
2023-12-07T10:30:00-05:00,140.4949951171875,141.04989624023438,138.9600067138672,139.47000122070312,868354.0
2023-12-07T11:30:00-05:00,139.47999572753906,140.47000122070312,139.41839599609375,140.22000122070312,754679.0
2023-12-07T12:30:00-05:00,140.21499633789062,141.00999450683594,140.0,140.8249969482422,591797.0
2023-12-07T13:30:00-05:00,140.81500244140625,141.16000366210938,140.55999755859375,141.0399932861328,568218.0
2023-12-07T14:30:00-05:00,141.05589294433594,141.0850067138672,139.69000244140625,139.99000549316406,628985.0
2023-12-07T15:30:00-05:00,139.97999572753906,140.09500122070312,139.72000122070312,139.89999389648438,865921.0
2023-12-08T09:30:00-05:00,138.19000244140625,140.8800048828125,137.8000030517578,140.50999450683594,1118877.0
2023-12-08T10:30:00-05:00,140.52999877929688,141.5399932861328,139.80999755859375,140.5261993408203,549899.0
2023-12-08T11:30:00-05:00,140.56500244140625,141.02999877929688,140.05999755859375,140.95809936523438,306564.0
2023-12-08T12:30:00-05:00,140.94000244140625,141.1999969482422,140.4499969482422,141.16000366210938,261566.0
2023-12-08T13:30:00-05:00,141.14999389648438,141.32000732421875,140.82000732421875,141.19000244140625,262882.0
2023-12-08T14:30:00-05:00,141.2100067138672,141.47999572753906,141.0399932861328,141.1999969482422,451771.0
2023-12-08T15:30:00-05:00,141.17999267578125,141.2100067138672,140.61000061035156,140.7100067138672,606933.0
2023-12-11T09:30:00-05:00,141.36000061035156,143.90499877929688,140.85000610351562,143.21359252929688,1089702.0
2023-12-11T10:30:00-05:00,143.19000244140625,144.5,143.02999877929688,144.08999633789062,739160.0
2023-12-11T11:30:00-05:00,144.11000061035156,144.11000061035156,143.08999633789062,143.47500610351562,611127.0
2023-12-11T12:30:00-05:00,143.47000122070312,143.55999755859375,142.72999572753906,142.77000427246094,351073.0
2023-12-11T13:30:00-05:00,142.77999877929688,142.9499969482422,142.24000549316406,142.94000244140625,372916.0
2023-12-11T14:30:00-05:00,142.94400024414062,143.3800048828125,142.75010681152344,142.91000366210938,429158.0
2023-12-11T15:30:00-05:00,142.91000366210938,143.14999389648438,142.84300231933594,142.92999267578125,516514.0
2023-12-12T09:30:00-05:00,137.89999389648438,140.4499969482422,137.5800018310547,140.02499389648438,1644275.0
2023-12-12T10:30:00-05:00,140.00999450683594,140.58999633789062,139.67999267578125,139.80999755859375,1183765.0
2023-12-12T11:30:00-05:00,139.82000732421875,140.22999572753906,139.6300048828125,139.6300048828125,588307.0
2023-12-12T12:30:00-05:00,139.64999389648438,140.19000244140625,139.3000030517578,139.86000061035156,613138.0
2023-12-12T13:30:00-05:00,139.85000610351562,140.35000610351562,139.85000610351562,140.27999877929688,524336.0
2023-12-12T14:30:00-05:00,140.2899932861328,141.05999755859375,140.22999572753906,140.94000244140625,605965.0
2023-12-12T15:30:00-05:00,140.94500732421875,140.9600067138672,140.2899932861328,140.5399932861328,875959.0
2023-12-13T09:30:00-05:00,142.9499969482422,144.94000244140625,140.89999389648438,141.91000366210938,1438073.0
2023-12-13T10:30:00-05:00,141.99000549316406,142.3699951171875,140.9600067138672,141.0800018310547,555407.0
2023-12-13T11:30:00-05:00,141.0500030517578,141.55999755859375,140.51499938964844,141.1699981689453,499466.0
2023-12-13T12:30:00-05:00,141.16000366210938,141.32000732421875,140.53500366210938,140.5800018310547,515998.0
2023-12-13T13:30:00-05:00,140.57000732421875,142.77000427246094,140.33999633789062,142.72999572753906,850295.0
2023-12-13T14:30:00-05:00,142.75750732421875,144.14999389648438,142.08749389648438,142.89500427246094,1143019.0
2023-12-13T15:30:00-05:00,142.875,144.5800018310547,142.77499389648438,144.5500030517578,913771.0
2023-12-14T09:30:00-05:00,145.0,149.5500030517578,144.97999572753906,148.96499633789062,1715692.0
2023-12-14T10:30:00-05:00,148.96499633789062,149.9199981689453,148.41000366210938,148.6699981689453,1008206.0
2023-12-14T11:30:00-05:00,148.66000366210938,149.57000732421875,148.41000366210938,148.7100067138672,844289.0
2023-12-14T12:30:00-05:00,148.7050018310547,148.86000061035156,146.72999572753906,146.97000122070312,661047.0
2023-12-14T13:30:00-05:00,146.99000549316406,147.58999633789062,146.0449981689453,147.0449981689453,432938.0
2023-12-14T14:30:00-05:00,147.02000427246094,148.3800048828125,146.8459930419922,147.66000366210938,602491.0
2023-12-14T15:30:00-05:00,147.66000366210938,147.86000061035156,147.1300048828125,147.3699951171875,1273422.0
2023-12-15T09:30:00-05:00,147.25999450683594,148.72999572753906,145.93099975585938,147.9949951171875,1497772.0
2023-12-15T10:30:00-05:00,147.9600067138672,147.97000122070312,147.1199951171875,147.49600219726562,473818.0
2023-12-15T11:30:00-05:00,147.47000122070312,147.8800048828125,147.33999633789062,147.49000549316406,471480.0
2023-12-15T12:30:00-05:00,147.5,147.5,146.1699981689453,147.0800018310547,367072.0
2023-12-15T13:30:00-05:00,147.0850067138672,147.0850067138672,145.86000061035156,146.21499633789062,408298.0
2023-12-15T14:30:00-05:00,146.24000549316406,146.66000366210938,146.08099365234375,146.25,334695.0
2023-12-15T15:30:00-05:00,146.25999450683594,147.08999633789062,146.13999938964844,146.57000732421875,664650.0
2023-12-18T09:30:00-05:00,147.16000366210938,148.4600067138672,146.1199951171875,147.55999755859375,541417.0
2023-12-18T10:30:00-05:00,147.60000610351562,147.8800048828125,147.0,147.25999450683594,351652.0
2023-12-18T11:30:00-05:00,147.24000549316406,147.3800048828125,146.5500030517578,147.27999877929688,356605.0
2023-12-18T12:30:00-05:00,147.27999877929688,147.69000244140625,147.24000549316406,147.36000061035156,273414.0
2023-12-18T13:30:00-05:00,147.38999938964844,147.7100067138672,147.13999938964844,147.3000030517578,283090.0
2023-12-18T14:30:00-05:00,147.32000732421875,147.70989990234375,147.05999755859375,147.6199951171875,488989.0
2023-12-18T15:30:00-05:00,147.6199951171875,147.92999267578125,147.39999389648438,147.47000122070312,789499.0
2023-12-19T09:30:00-05:00,147.5,148.61000061035156,147.39480590820312,147.6199951171875,909991.0
2023-12-19T10:30:00-05:00,147.67999267578125,147.9199981689453,147.1300048828125,147.36000061035156,567361.0
2023-12-19T11:30:00-05:00,147.36000061035156,147.77499389648438,146.9499969482422,147.6300048828125,286982.0
2023-12-19T12:30:00-05:00,147.61500549316406,147.8699951171875,147.00999450683594,147.24000549316406,329823.0
2023-12-19T13:30:00-05:00,147.25,148.03900146484375,147.25,147.69000244140625,432315.0
2023-12-19T14:30:00-05:00,147.6999969482422,147.72000122070312,147.2595977783203,147.47000122070312,512433.0
2023-12-19T15:30:00-05:00,147.4499969482422,147.50999450683594,146.67999267578125,146.89999389648438,988667.0
2023-12-20T09:30:00-05:00,146.5,146.5,143.09500122070312,143.87770080566406,1216331.0
2023-12-20T10:30:00-05:00,143.8800048828125,144.50999450683594,143.61000061035156,143.8300018310547,493955.0
2023-12-20T11:30:00-05:00,143.82000732421875,144.35000610351562,143.6300048828125,143.92999267578125,372715.0
2023-12-20T12:30:00-05:00,143.9199981689453,144.60000610351562,143.69000244140625,144.58999633789062,279009.0
2023-12-20T13:30:00-05:00,144.58999633789062,144.72000122070312,142.97999572753906,143.32049560546875,457917.0
2023-12-20T14:30:00-05:00,143.30999755859375,143.38999938964844,140.64999389648438,140.97000122070312,1136218.0
2023-12-20T15:30:00-05:00,140.9499969482422,141.77000427246094,140.7100067138672,141.0399932861328,1017820.0
2023-12-21T09:30:00-05:00,142.3699951171875,143.49000549316406,140.69000244140625,140.69009399414062,651346.0
2023-12-21T10:30:00-05:00,140.73500061035156,141.2899932861328,140.30999755859375,141.21499633789062,559574.0
2023-12-21T11:30:00-05:00,141.22999572753906,142.0,141.0800018310547,141.53500366210938,290456.0
2023-12-21T12:30:00-05:00,141.5500030517578,141.89500427246094,141.1649932861328,141.7274932861328,239335.0
2023-12-21T13:30:00-05:00,141.7100067138672,141.91000366210938,141.16000366210938,141.47000122070312,235356.0
2023-12-21T14:30:00-05:00,141.44000244140625,141.92999267578125,141.25100708007812,141.88999938964844,357134.0
2023-12-21T15:30:00-05:00,141.8800048828125,142.33999633789062,141.69000244140625,142.0800018310547,491396.0
2023-12-22T09:30:00-05:00,141.8800048828125,142.50999450683594,140.69000244140625,141.1320037841797,509936.0
2023-12-22T10:30:00-05:00,141.15499877929688,141.2100067138672,140.13999938964844,140.6300048828125,413982.0
2023-12-22T11:30:00-05:00,140.6699981689453,140.91000366210938,140.38999938964844,140.8000030517578,289253.0
2023-12-22T12:30:00-05:00,140.75999450683594,141.25,140.0,141.01499938964844,252682.0
2023-12-22T13:30:00-05:00,141.0,141.2100067138672,139.83999633789062,139.83999633789062,270917.0
2023-12-22T14:30:00-05:00,139.83999633789062,141.14999389648438,139.72999572753906,140.99000549316406,345145.0
2023-12-22T15:30:00-05:00,141.0,141.08999633789062,140.63999938964844,140.8000030517578,438232.0
2023-12-26T09:30:00-05:00,141.0,141.0,138.9199981689453,139.10000610351562,558564.0
2023-12-26T10:30:00-05:00,139.10000610351562,139.10000610351562,137.77000427246094,137.85279846191406,557091.0
2023-12-26T11:30:00-05:00,137.83999633789062,138.3249969482422,137.83999633789062,138.19000244140625,359460.0
2023-12-26T12:30:00-05:00,138.1699981689453,138.3249969482422,137.88499450683594,138.13999938964844,282015.0
2023-12-26T13:30:00-05:00,138.14999389648438,138.3699951171875,138.02999877929688,138.35000610351562,360986.0
2023-12-26T14:30:00-05:00,138.35499572753906,139.0,138.1999969482422,138.98500061035156,452326.0
2023-12-26T15:30:00-05:00,138.9832000732422,139.3800048828125,138.4499969482422,138.72999572753906,736857.0
2023-12-27T09:30:00-05:00,139.13499450683594,139.13499450683594,136.9499969482422,137.0500030517578,763097.0
2023-12-27T10:30:00-05:00,137.0500030517578,137.14999389648438,136.25999450683594,136.52999877929688,444439.0
2023-12-27T11:30:00-05:00,136.5399932861328,137.10000610351562,136.3699951171875,136.65499877929688,332544.0
2023-12-27T12:30:00-05:00,136.6699981689453,137.02999877929688,136.2989044189453,136.5279998779297,329529.0
2023-12-27T13:30:00-05:00,136.55999755859375,136.6699981689453,136.0500030517578,136.66000366210938,321691.0
2023-12-27T14:30:00-05:00,136.64999389648438,136.68710327148438,136.24000549316406,136.522705078125,272245.0
2023-12-27T15:30:00-05:00,136.52499389648438,136.66000366210938,136.14999389648438,136.5399932861328,701592.0
2023-12-28T09:30:00-05:00,136.5500030517578,137.13720703125,135.77000427246094,136.42919921875,501669.0
2023-12-28T10:30:00-05:00,136.4199981689453,136.5399932861328,135.69500732421875,136.35000610351562,457568.0
2023-12-28T11:30:00-05:00,136.3699951171875,137.0500030517578,136.360107421875,136.52789306640625,284337.0
2023-12-28T12:30:00-05:00,136.50999450683594,137.08999633789062,136.3699951171875,136.77890014648438,282652.0
2023-12-28T13:30:00-05:00,136.77999877929688,137.07000732421875,136.5500030517578,136.9949951171875,234596.0
2023-12-28T14:30:00-05:00,136.97999572753906,137.13999938964844,136.39999389648438,136.6199951171875,233924.0
2023-12-28T15:30:00-05:00,136.63499450683594,137.19000244140625,136.55999755859375,136.97000122070312,473300.0
2023-12-29T09:30:00-05:00,136.7100067138672,137.8699951171875,136.60000610351562,137.14999389648438,418434.0
2023-12-29T10:30:00-05:00,137.14500427246094,137.14500427246094,135.60000610351562,135.66000366210938,295842.0
2023-12-29T11:30:00-05:00,135.66000366210938,136.02999877929688,135.42999267578125,135.5500030517578,332118.0
2023-12-29T12:30:00-05:00,135.5399932861328,136.22000122070312,135.50999450683594,136.0449981689453,153247.0
2023-12-29T13:30:00-05:00,136.0399932861328,136.41290283203125,135.97000122070312,136.0500030517578,177264.0
2023-12-29T14:30:00-05:00,136.05999755859375,136.3376007080078,135.9001007080078,136.1699981689453,221157.0
2023-12-29T15:30:00-05:00,136.1750030517578,136.22999572753906,135.86000061035156,136.2100067138672,505477.0
2024-01-02T09:30:00-05:00,134.42999267578125,135.60000610351562,133.56500244140625,134.76150512695312,765651.0
2024-01-02T10:30:00-05:00,134.75,134.75,133.33999633789062,134.52000427246094,428698.0
2024-01-02T11:30:00-05:00,134.4499969482422,134.72000122070312,134.0532989501953,134.3300018310547,306499.0
2024-01-02T12:30:00-05:00,134.32000732421875,135.0,134.27000427246094,134.5500030517578,245954.0
2024-01-02T13:30:00-05:00,134.55999755859375,134.69000244140625,133.5399932861328,134.07000732421875,207017.0
2024-01-02T14:30:00-05:00,134.0399932861328,134.1999969482422,133.52999877929688,133.75999450683594,319497.0
2024-01-02T15:30:00-05:00,133.75999450683594,134.5500030517578,133.61000061035156,134.47999572753906,627610.0
2024-01-03T09:30:00-05:00,132.10000610351562,133.0699005126953,130.82000732421875,131.5500030517578,739102.0
2024-01-03T10:30:00-05:00,131.50999450683594,132.50999450683594,130.88999938964844,132.3300018310547,449635.0
2024-01-03T11:30:00-05:00,132.32000732421875,132.8699951171875,132.0,132.77999877929688,367725.0
2024-01-03T12:30:00-05:00,132.8000030517578,134.24000549316406,132.6999969482422,133.8000030517578,516439.0
2024-01-03T13:30:00-05:00,133.82000732421875,134.5399932861328,133.0,134.218994140625,438786.0
2024-01-03T14:30:00-05:00,134.22999572753906,134.36990356445312,133.19000244140625,133.50999450683594,358392.0
2024-01-03T15:30:00-05:00,133.52000427246094,133.8699951171875,133.3000030517578,133.38999938964844,782376.0
2024-01-04T09:30:00-05:00,132.86000061035156,137.03439331054688,132.5,135.52999877929688,1118833.0
2024-01-04T10:30:00-05:00,135.5399932861328,136.1999969482422,135.1199951171875,135.52999877929688,406970.0
2024-01-04T11:30:00-05:00,135.39999389648438,136.0399932861328,135.25,135.38650512695312,307958.0
2024-01-04T12:30:00-05:00,135.34970092773438,135.58990478515625,134.32000732421875,134.56129455566406,281530.0
2024-01-04T13:30:00-05:00,134.60000610351562,134.63999938964844,133.61000061035156,133.69000244140625,310172.0
2024-01-04T14:30:00-05:00,133.6199951171875,134.1999969482422,133.55999755859375,134.0399932861328,274010.0
2024-01-04T15:30:00-05:00,134.02499389648438,134.1699981689453,133.42999267578125,133.72000122070312,511486.0
2024-01-05T09:30:00-05:00,134.25,136.25999450683594,133.89500427246094,135.89500427246094,680071.0
2024-01-05T10:30:00-05:00,135.91000366210938,136.64999389648438,135.8300018310547,135.97500610351562,372686.0
2024-01-05T11:30:00-05:00,135.9600067138672,136.35000610351562,135.4499969482422,135.67999267578125,453255.0
2024-01-05T12:30:00-05:00,135.68499755859375,136.14990234375,135.533203125,136.11000061035156,262062.0
2024-01-05T13:30:00-05:00,136.1300048828125,136.52999877929688,136.0500030517578,136.41000366210938,323821.0
2024-01-05T14:30:00-05:00,136.38999938964844,136.5928955078125,135.55999755859375,135.7949981689453,465948.0
2024-01-05T15:30:00-05:00,135.77999877929688,136.0399932861328,135.5399932861328,135.99000549316406,773018.0
2024-01-08T09:30:00-05:00,137.30999755859375,138.25,136.61000061035156,137.55499267578125,633869.0
2024-01-08T10:30:00-05:00,137.58999633789062,138.5146942138672,137.58999633789062,138.1199951171875,368295.0
2024-01-08T11:30:00-05:00,138.1699981689453,138.75999450683594,137.89999389648438,138.1199951171875,386174.0
2024-01-08T12:30:00-05:00,138.15390014648438,138.75,137.8699951171875,138.64999389648438,250974.0
2024-01-08T13:30:00-05:00,138.64500427246094,139.6999969482422,138.64500427246094,139.69000244140625,363414.0
2024-01-08T14:30:00-05:00,139.6999969482422,140.2299041748047,139.625,139.89999389648438,544029.0
2024-01-08T15:30:00-05:00,139.8800048828125,140.25,139.8249969482422,140.08999633789062,842033.0
2024-01-09T09:30:00-05:00,138.52000427246094,139.5,138.10000610351562,138.55999755859375,493082.0
2024-01-09T10:30:00-05:00,138.5800018310547,139.17999267578125,138.4199981689453,138.8300018310547,422861.0
2024-01-09T11:30:00-05:00,138.83999633789062,138.8800048828125,138.11000061035156,138.18499755859375,324435.0
2024-01-09T12:30:00-05:00,138.19000244140625,138.8699951171875,137.7899932861328,138.60000610351562,350277.0
2024-01-09T13:30:00-05:00,138.48500061035156,138.94000244140625,138.30999755859375,138.55999755859375,223531.0
2024-01-09T14:30:00-05:00,138.58999633789062,139.2100067138672,138.53500366210938,139.14999389648438,307978.0
2024-01-09T15:30:00-05:00,139.1649932861328,139.5399932861328,138.92999267578125,139.5399932861328,808480.0
2024-01-10T09:30:00-05:00,139.1999969482422,139.89999389648438,138.6999969482422,139.74000549316406,297705.0
2024-01-10T10:30:00-05:00,139.80999755859375,140.8249969482422,139.55099487304688,140.1699981689453,318172.0
2024-01-10T11:30:00-05:00,140.1699981689453,140.39999389648438,139.8000030517578,140.14500427246094,261520.0
2024-01-10T12:30:00-05:00,140.1699981689453,140.33999633789062,139.7100067138672,139.91000366210938,205523.0
2024-01-10T13:30:00-05:00,139.91000366210938,140.6699981689453,139.89999389648438,140.52000427246094,245978.0
2024-01-10T14:30:00-05:00,140.52999877929688,140.77999877929688,139.75999450683594,139.875,295568.0
2024-01-10T15:30:00-05:00,139.86000061035156,140.00999450683594,139.44000244140625,139.77000427246094,486448.0
2024-01-11T09:30:00-05:00,140.7100067138672,141.1999969482422,137.5500030517578,138.71499633789062,615419.0
2024-01-11T10:30:00-05:00,138.66000366210938,139.17999267578125,138.00999450683594,138.19000244140625,309075.0
2024-01-11T11:30:00-05:00,138.14999389648438,138.5800018310547,137.92999267578125,138.28500366210938,215282.0
2024-01-11T12:30:00-05:00,138.41000366210938,139.35000610351562,138.41000366210938,139.10000610351562,191780.0
2024-01-11T13:30:00-05:00,139.09500122070312,139.70989990234375,138.9499969482422,139.67999267578125,192409.0
2024-01-11T14:30:00-05:00,139.69000244140625,139.77999877929688,138.99000549316406,139.3350067138672,237437.0
2024-01-11T15:30:00-05:00,139.30999755859375,139.5500030517578,138.94000244140625,139.47000122070312,337289.0
2024-01-12T09:30:00-05:00,139.35000610351562,140.99000549316406,138.4250030517578,138.74000549316406,446797.0
2024-01-12T10:30:00-05:00,138.6501007080078,139.10000610351562,137.42999267578125,138.3845977783203,321274.0
2024-01-12T11:30:00-05:00,138.3699951171875,138.4499969482422,137.77999877929688,138.15499877929688,241330.0
2024-01-12T12:30:00-05:00,138.13999938964844,138.30999755859375,137.91000366210938,138.22000122070312,148101.0
2024-01-12T13:30:00-05:00,138.22999572753906,138.30999755859375,137.85000610351562,137.9499969482422,152452.0
2024-01-12T14:30:00-05:00,137.9427947998047,138.02000427246094,137.46029663085938,137.67999267578125,210428.0
2024-01-12T15:30:00-05:00,137.66099548339844,137.7698974609375,137.1300048828125,137.13999938964844,464355.0
2024-01-16T09:30:00-05:00,135.89999389648438,136.0,133.6699981689453,135.5872039794922,616236.0
2024-01-16T10:30:00-05:00,135.56500244140625,135.6699981689453,134.1313018798828,134.74000549316406,262756.0
2024-01-16T11:30:00-05:00,134.7949981689453,134.9425048828125,133.80999755859375,134.19000244140625,356656.0
2024-01-16T12:30:00-05:00,134.19000244140625,134.4375,133.89999389648438,134.1199951171875,322446.0
2024-01-16T13:30:00-05:00,134.1999969482422,134.27000427246094,133.74000549316406,134.05499267578125,273363.0
2024-01-16T14:30:00-05:00,134.07000732421875,134.67999267578125,133.77499389648438,134.60000610351562,369979.0
2024-01-16T15:30:00-05:00,134.61000061035156,135.08999633789062,134.39999389648438,135.00999450683594,837365.0
2024-01-17T09:30:00-05:00,132.83999633789062,133.8699951171875,131.10000610351562,132.67999267578125,609698.0
2024-01-17T10:30:00-05:00,132.58999633789062,133.42340087890625,132.36000061035156,133.3000030517578,343376.0
2024-01-17T11:30:00-05:00,133.3000030517578,133.6699981689453,133.06500244140625,133.6300048828125,242501.0
2024-01-17T12:30:00-05:00,133.6300048828125,134.0989990234375,133.25999450683594,133.38999938964844,231656.0
2024-01-17T13:30:00-05:00,133.35000610351562,133.99960327148438,133.14999389648438,133.97000122070312,240426.0
2024-01-17T14:30:00-05:00,134.02499389648438,134.5850067138672,134.02499389648438,134.16000366210938,339645.0
2024-01-17T15:30:00-05:00,134.14590454101562,135.08999633789062,134.08999633789062,134.97000122070312,587047.0
2024-01-18T09:30:00-05:00,137.0,139.53500366210938,136.41000366210938,138.93499755859375,1363399.0
2024-01-18T10:30:00-05:00,138.94000244140625,139.07000732421875,137.27999877929688,137.92999267578125,958497.0
2024-01-18T11:30:00-05:00,137.93499755859375,138.14999389648438,136.1699981689453,136.22999572753906,365031.0
2024-01-18T12:30:00-05:00,136.2100067138672,136.41000366210938,135.22500610351562,135.74000549316406,297299.0
2024-01-18T13:30:00-05:00,135.7449951171875,137.10000610351562,135.6999969482422,136.83999633789062,332371.0
2024-01-18T14:30:00-05:00,136.8000030517578,137.38999938964844,136.36000061035156,137.27999877929688,389251.0
2024-01-18T15:30:00-05:00,137.3249969482422,137.42999267578125,136.94000244140625,137.0500030517578,816870.0
2024-01-19T09:30:00-05:00,138.60000610351562,139.10000610351562,136.32000732421875,137.1300048828125,934484.0
2024-01-19T10:30:00-05:00,137.08999633789062,138.38999938964844,136.3300018310547,137.6300048828125,364463.0
2024-01-19T11:30:00-05:00,137.6199951171875,137.94000244140625,137.27000427246094,137.78500366210938,241172.0
2024-01-19T12:30:00-05:00,137.77000427246094,138.9199981689453,137.6999969482422,138.72000122070312,296401.0
2024-01-19T13:30:00-05:00,138.73500061035156,139.48719787597656,138.60000610351562,139.1649932861328,444488.0
2024-01-19T14:30:00-05:00,139.22999572753906,140.02000427246094,138.85000610351562,139.99099731445312,433111.0
2024-01-19T15:30:00-05:00,140.0050048828125,140.28500366210938,139.75,139.9600067138672,853215.0
2024-01-22T09:30:00-05:00,141.15499877929688,144.0500030517578,140.89999389648438,143.13999938964844,1150362.0
2024-01-22T10:30:00-05:00,143.11000061035156,143.13999938964844,142.2100067138672,142.25999450683594,703031.0
2024-01-22T11:30:00-05:00,142.30999755859375,142.8466033935547,141.7906036376953,142.6199951171875,414445.0
2024-01-22T12:30:00-05:00,142.63999938964844,142.82000732421875,141.80999755859375,141.8582000732422,303997.0
2024-01-22T13:30:00-05:00,141.82000732421875,142.0399932861328,141.1199951171875,141.55999755859375,348432.0
2024-01-22T14:30:00-05:00,141.5399932861328,141.9499969482422,141.08050537109375,141.92999267578125,285081.0
2024-01-22T15:30:00-05:00,141.94000244140625,142.1699981689453,141.67999267578125,142.00999450683594,649658.0
2024-01-23T09:30:00-05:00,142.75,143.92999267578125,140.77999877929688,141.4949951171875,741173.0
2024-01-23T10:30:00-05:00,141.49000549316406,141.6999969482422,140.61000061035156,140.9499969482422,374754.0
2024-01-23T11:30:00-05:00,140.96499633789062,141.3582000732422,140.7030029296875,141.2100067138672,447002.0
2024-01-23T12:30:00-05:00,141.22000122070312,141.38999938964844,140.52000427246094,140.98500061035156,373742.0
2024-01-23T13:30:00-05:00,141.02000427246094,141.37510681152344,140.8300018310547,141.30999755859375,343115.0
2024-01-23T14:30:00-05:00,141.19000244140625,142.25999450683594,141.13999938964844,142.2100067138672,542561.0
2024-01-23T15:30:00-05:00,142.2100067138672,142.5500030517578,142.1197052001953,142.2899932861328,655258.0
2024-01-24T09:30:00-05:00,143.80999755859375,144.10000610351562,141.75,143.10049438476562,548413.0
2024-01-24T10:30:00-05:00,143.0500030517578,143.13499450683594,139.5800018310547,142.1999969482422,705646.0
2024-01-24T11:30:00-05:00,142.14999389648438,142.7899932861328,142.02999877929688,142.72000122070312,273860.0
2024-01-24T12:30:00-05:00,142.72000122070312,142.80999755859375,140.86000061035156,141.32000732421875,442329.0
2024-01-24T13:30:00-05:00,141.3800048828125,141.39999389648438,140.61000061035156,141.02999877929688,391661.0
2024-01-24T14:30:00-05:00,141.0,141.5800018310547,140.86000061035156,140.91000366210938,335219.0
2024-01-24T15:30:00-05:00,140.91000366210938,141.42999267578125,140.85000610351562,141.1699981689453,543235.0
2024-01-25T09:30:00-05:00,143.1999969482422,143.2899932861328,141.25,141.5500030517578,487604.0
2024-01-25T10:30:00-05:00,141.57000732421875,142.57000732421875,141.16000366210938,142.53500366210938,550489.0
2024-01-25T11:30:00-05:00,142.52000427246094,143.1699981689453,142.21499633789062,142.98500061035156,312554.0
2024-01-25T12:30:00-05:00,142.99000549316406,143.02000427246094,142.0,142.0850067138672,362038.0
2024-01-25T13:30:00-05:00,142.0500030517578,142.0500030517578,140.88999938964844,140.92999267578125,345246.0
2024-01-25T14:30:00-05:00,140.9499969482422,141.30999755859375,140.36790466308594,141.30499267578125,485247.0
2024-01-25T15:30:00-05:00,141.30999755859375,142.2899932861328,141.24000549316406,142.13119506835938,642542.0
2024-01-26T09:30:00-05:00,142.11000061035156,144.5,141.49000549316406,144.4600067138672,738389.0
2024-01-26T10:30:00-05:00,144.4550018310547,146.7899932861328,144.4550018310547,145.2949981689453,1109468.0
2024-01-26T11:30:00-05:00,145.3000030517578,147.2100067138672,145.1699981689453,146.10000610351562,919310.0
2024-01-26T12:30:00-05:00,146.0800018310547,146.14999389648438,145.0500030517578,145.88999938964844,624048.0
2024-01-26T13:30:00-05:00,145.89999389648438,150.99000549316406,145.7100067138672,149.8249969482422,2960426.0
2024-01-26T14:30:00-05:00,149.83999633789062,151.52999877929688,149.01010131835938,149.9199981689453,2315137.0
2024-01-26T15:30:00-05:00,149.9199981689453,150.17999267578125,149.11000061035156,149.63999938964844,1919041.0
2024-01-29T09:30:00-05:00,150.0,153.3800048828125,148.5399932861328,150.36000061035156,1495091.0
2024-01-29T10:30:00-05:00,150.34500122070312,151.1699981689453,149.72999572753906,150.75999450683594,511716.0
2024-01-29T11:30:00-05:00,150.78500366210938,151.33999633789062,150.25,150.55999755859375,408981.0
2024-01-29T12:30:00-05:00,150.57000732421875,151.10000610351562,150.39999389648438,150.6199951171875,335605.0
2024-01-29T13:30:00-05:00,150.61000061035156,150.64999389648438,149.8800048828125,150.38499450683594,422841.0
2024-01-29T14:30:00-05:00,150.4199981689453,152.5,150.3800048828125,152.08999633789062,525214.0
2024-01-29T15:30:00-05:00,152.1230010986328,152.97999572753906,151.8699951171875,152.75,829630.0
2024-01-30T09:30:00-05:00,150.5399932861328,151.02999877929688,148.74000549316406,150.0749969482422,933377.0
2024-01-30T10:30:00-05:00,150.10000610351562,150.60000610351562,149.55999755859375,150.15499877929688,437735.0
2024-01-30T11:30:00-05:00,150.14999389648438,150.23500061035156,149.0500030517578,149.19000244140625,650101.0
2024-01-30T12:30:00-05:00,149.14999389648438,149.52000427246094,148.67999267578125,149.3800048828125,331756.0
2024-01-30T13:30:00-05:00,149.39999389648438,149.6199951171875,148.75999450683594,149.375,268086.0
2024-01-30T14:30:00-05:00,149.39999389648438,149.85000610351562,149.3699951171875,149.7100067138672,335009.0
2024-01-30T15:30:00-05:00,149.7299041748047,149.8000030517578,149.25999450683594,149.4600067138672,480154.0
2024-01-31T09:30:00-05:00,148.64500427246094,148.74000549316406,146.2899932861328,146.9499969482422,495417.0
2024-01-31T10:30:00-05:00,146.9499969482422,147.41000366210938,146.0500030517578,146.58999633789062,439662.0
2024-01-31T11:30:00-05:00,146.6199951171875,147.72999572753906,146.42999267578125,147.14999389648438,367860.0
2024-01-31T12:30:00-05:00,147.1649932861328,147.86000061035156,146.91000366210938,147.83999633789062,296358.0
2024-01-31T13:30:00-05:00,147.83999633789062,148.10000610351562,146.39999389648438,146.68499755859375,314834.0
2024-01-31T14:30:00-05:00,146.66000366210938,148.57000732421875,144.77000427246094,145.61000061035156,609262.0
2024-01-31T15:30:00-05:00,145.5800018310547,145.67979431152344,143.9199981689453,144.11000061035156,888112.0
2024-02-01T09:30:00-05:00,145.33999633789062,146.42999267578125,144.62010192871094,145.9600067138672,644274.0
2024-02-01T10:30:00-05:00,145.92999267578125,145.98500061035156,143.64999389648438,143.75,461562.0
2024-02-01T11:30:00-05:00,143.7550048828125,145.27999877929688,143.7100067138672,144.88999938964844,299854.0
2024-02-01T12:30:00-05:00,144.94000244140625,146.24000549316406,144.88999938964844,145.4149932861328,282880.0
2024-02-01T13:30:00-05:00,145.40499877929688,146.0500030517578,145.13999938964844,145.61000061035156,282858.0
2024-02-01T14:30:00-05:00,145.66000366210938,146.85000610351562,145.52499389648438,146.24000549316406,331476.0
2024-02-01T15:30:00-05:00,146.25999450683594,146.75999450683594,146.02000427246094,146.47999572753906,612722.0
2024-02-02T09:30:00-05:00,143.5,145.33999633789062,141.24009704589844,145.0500030517578,860475.0
2024-02-02T10:30:00-05:00,145.0500030517578,146.10000610351562,144.17999267578125,146.0749969482422,516951.0
2024-02-02T11:30:00-05:00,146.05999755859375,146.9199981689453,145.67999267578125,146.9116973876953,342462.0
2024-02-02T12:30:00-05:00,146.88999938964844,147.19000244140625,145.97000122070312,146.5449981689453,340027.0
2024-02-02T13:30:00-05:00,146.57000732421875,148.0800018310547,146.42999267578125,147.6999969482422,433915.0
2024-02-02T14:30:00-05:00,147.6699981689453,148.0500030517578,147.25,147.47999572753906,461788.0
2024-02-02T15:30:00-05:00,147.47000122070312,147.5,146.42999267578125,146.5399932861328,753048.0
2024-02-05T09:30:00-05:00,146.08999633789062,146.39999389648438,142.67999267578125,143.39999389648438,605526.0
2024-02-05T10:30:00-05:00,143.39999389648438,144.74000549316406,142.8000030517578,144.47000122070312,353023.0
2024-02-05T11:30:00-05:00,144.4499969482422,144.72000122070312,144.05999755859375,144.60499572753906,372911.0
2024-02-05T12:30:00-05:00,144.63999938964844,145.07000732421875,144.5,144.77000427246094,232910.0
2024-02-05T13:30:00-05:00,144.79139709472656,145.22999572753906,144.74000549316406,145.16000366210938,209073.0
2024-02-05T14:30:00-05:00,145.1699981689453,145.25,144.47000122070312,144.97000122070312,298407.0
2024-02-05T15:30:00-05:00,144.97999572753906,145.13499450683594,144.52000427246094,144.75999450683594,493029.0
2024-02-06T09:30:00-05:00,145.10000610351562,145.1300048828125,142.9517059326172,143.27000427246094,628532.0
2024-02-06T10:30:00-05:00,143.25,143.88999938964844,143.10000610351562,143.73500061035156,503150.0
2024-02-06T11:30:00-05:00,143.75999450683594,144.22999572753906,143.02999877929688,143.77000427246094,428657.0
2024-02-06T12:30:00-05:00,143.8000030517578,144.22500610351562,143.22000122070312,143.3800048828125,374661.0
2024-02-06T13:30:00-05:00,143.41000366210938,143.6649932861328,143.17999267578125,143.6114959716797,358774.0
2024-02-06T14:30:00-05:00,143.61000061035156,144.8000030517578,143.60000610351562,144.2100067138672,393295.0
2024-02-06T15:30:00-05:00,144.18519592285156,144.57000732421875,143.81500244140625,144.52000427246094,592338.0
2024-02-07T09:30:00-05:00,145.1199951171875,146.889404296875,143.86000061035156,146.85000610351562,818923.0
2024-02-07T10:30:00-05:00,146.8699951171875,147.47000122070312,146.4499969482422,147.25,487829.0
2024-02-07T11:30:00-05:00,147.21820068359375,147.6300048828125,146.91000366210938,147.10000610351562,387666.0
2024-02-07T12:30:00-05:00,147.0800018310547,147.8800048828125,146.52000427246094,147.8800048828125,381432.0
2024-02-07T13:30:00-05:00,147.89999389648438,148.5500030517578,147.72000122070312,148.19000244140625,401912.0
2024-02-07T14:30:00-05:00,148.22000122070312,148.77000427246094,147.9510040283203,148.41000366210938,398839.0
2024-02-07T15:30:00-05:00,148.41000366210938,148.47000122070312,147.4499969482422,147.55999755859375,521766.0
2024-02-08T09:30:00-05:00,149.25,150.33999633789062,148.05999755859375,149.32989501953125,665403.0
2024-02-08T10:30:00-05:00,149.3000030517578,149.8699951171875,148.97999572753906,149.25999450683594,355580.0
2024-02-08T11:30:00-05:00,149.22000122070312,150.03500366210938,149.0,149.6699981689453,314872.0
2024-02-08T12:30:00-05:00,149.6199951171875,149.8300018310547,149.07000732421875,149.7899932861328,230789.0
2024-02-08T13:30:00-05:00,149.82000732421875,150.22000122070312,149.6750030517578,149.77999877929688,371655.0
2024-02-08T14:30:00-05:00,149.77999877929688,150.4499969482422,149.7200927734375,150.3000030517578,440592.0
2024-02-08T15:30:00-05:00,150.3000030517578,150.6699981689453,150.0800018310547,150.56500244140625,552438.0
2024-02-09T09:30:00-05:00,145.83999633789062,148.60000610351562,145.17999267578125,147.83999633789062,1663053.0
2024-02-09T10:30:00-05:00,147.88499450683594,148.22000122070312,146.8699951171875,147.0659942626953,623516.0
2024-02-09T11:30:00-05:00,147.08999633789062,147.30999755859375,146.52000427246094,147.1304931640625,501719.0
2024-02-09T12:30:00-05:00,147.1300048828125,148.47999572753906,146.75999450683594,148.42999267578125,404385.0
2024-02-09T13:30:00-05:00,148.42999267578125,148.4600067138672,147.6699981689453,148.0500030517578,272372.0
2024-02-09T14:30:00-05:00,148.0500030517578,148.67999267578125,148.02999877929688,148.14999389648438,377936.0
2024-02-09T15:30:00-05:00,148.16000366210938,148.22000122070312,147.52999877929688,147.60000610351562,640201.0
2024-02-12T09:30:00-05:00,148.67999267578125,153.72000122070312,148.33999633789062,153.10000610351562,1592906.0
2024-02-12T10:30:00-05:00,153.08999633789062,154.1999969482422,152.5,154.10000610351562,1017629.0
2024-02-12T11:30:00-05:00,154.05499267578125,154.94000244140625,154.0500030517578,154.8699951171875,788874.0
2024-02-12T12:30:00-05:00,154.8800048828125,157.34500122070312,154.74000549316406,155.97999572753906,1420408.0
2024-02-12T13:30:00-05:00,155.9199981689453,156.57989501953125,155.24000549316406,156.0699005126953,920147.0
2024-02-12T14:30:00-05:00,156.0050048828125,156.1999969482422,154.25999450683594,154.6300048828125,649695.0
2024-02-12T15:30:00-05:00,154.63999938964844,154.72999572753906,153.58999633789062,153.7899932861328,897380.0
2024-02-13T09:30:00-05:00,149.2100067138672,152.5800018310547,148.5800018310547,152.4600067138672,1343842.0
2024-02-13T10:30:00-05:00,152.46009826660156,152.64999389648438,151.55999755859375,152.3000030517578,671306.0
2024-02-13T11:30:00-05:00,152.25,153.02000427246094,151.0843048095703,151.3000030517578,829108.0
2024-02-13T12:30:00-05:00,151.3300018310547,151.9846954345703,150.9499969482422,151.7100067138672,423245.0
2024-02-13T13:30:00-05:00,151.7100067138672,152.10499572753906,150.71060180664062,151.02999877929688,725878.0
2024-02-13T14:30:00-05:00,151.00999450683594,151.64999389648438,149.91000366210938,150.3000030517578,1118011.0
2024-02-13T15:30:00-05:00,150.32000732421875,151.1699981689453,150.08999633789062,150.9949951171875,1602882.0
2024-02-14T09:30:00-05:00,146.16000366210938,149.38999938964844,142.57000732421875,144.98399353027344,6342508.0
2024-02-14T10:30:00-05:00,144.99000549316406,145.47999572753906,143.14999389648438,145.33999633789062,2032952.0
2024-02-14T11:30:00-05:00,145.32000732421875,146.05999755859375,144.57009887695312,145.27999877929688,1431413.0
2024-02-14T12:30:00-05:00,145.28289794921875,148.4698944091797,145.28289794921875,146.73500061035156,1408471.0
2024-02-14T13:30:00-05:00,146.7449951171875,148.89999389648438,146.41000366210938,148.73500061035156,1260726.0
2024-02-14T14:30:00-05:00,148.76609802246094,149.33999633789062,148.1199951171875,148.9250030517578,1134885.0
2024-02-14T15:30:00-05:00,148.92999267578125,149.52999877929688,148.02000427246094,148.2100067138672,1478013.0
2024-02-15T09:30:00-05:00,148.91000366210938,155.0800018310547,148.75,152.42730712890625,2607223.0
2024-02-15T10:30:00-05:00,152.46800231933594,155.2899932861328,151.72999572753906,155.0048065185547,1559943.0
2024-02-15T11:30:00-05:00,155.02499389648438,156.97000122070312,154.72000122070312,156.66000366210938,1351077.0
2024-02-15T12:30:00-05:00,156.69000244140625,157.42990112304688,155.64999389648438,156.55990600585938,1200464.0
2024-02-15T13:30:00-05:00,156.52000427246094,158.10000610351562,156.0,157.12179565429688,1050247.0
2024-02-15T14:30:00-05:00,157.13400268554688,157.9716033935547,156.52000427246094,157.1199951171875,1096328.0
2024-02-15T15:30:00-05:00,157.10000610351562,158.27000427246094,157.02999877929688,157.6999969482422,1603623.0
2024-02-16T09:30:00-05:00,154.46180725097656,156.0399932861328,151.77999877929688,152.75999450683594,2425267.0
2024-02-16T10:30:00-05:00,152.77000427246094,153.8800048828125,152.58999633789062,153.23500061035156,768755.0
2024-02-16T11:30:00-05:00,153.23500061035156,153.85000610351562,152.91000366210938,153.27999877929688,472517.0
2024-02-16T12:30:00-05:00,153.3300018310547,153.9499969482422,152.93499755859375,153.61000061035156,400282.0
2024-02-16T13:30:00-05:00,153.6446075439453,154.77000427246094,153.4550018310547,154.335205078125,519488.0
2024-02-16T14:30:00-05:00,154.3350067138672,154.3699951171875,153.05999755859375,153.35000610351562,551729.0
2024-02-16T15:30:00-05:00,153.3699951171875,153.3699951171875,152.08009338378906,152.50999450683594,702020.0
2024-02-20T09:30:00-05:00,150.30999755859375,150.67999267578125,145.8800048828125,146.4810028076172,1375401.0
2024-02-20T10:30:00-05:00,146.39999389648438,148.3000030517578,146.14999389648438,148.15499877929688,535751.0
2024-02-20T11:30:00-05:00,148.13999938964844,148.14999389648438,147.4199981689453,147.97000122070312,339139.0
2024-02-20T12:30:00-05:00,147.93499755859375,148.49000549316406,147.47999572753906,148.13999938964844,354862.0
2024-02-20T13:30:00-05:00,148.10000610351562,148.2899932861328,147.69000244140625,148.0,320985.0
2024-02-20T14:30:00-05:00,147.97999572753906,148.30999755859375,147.39999389648438,148.1439971923828,379575.0
2024-02-20T15:30:00-05:00,148.15499877929688,148.3000030517578,147.5399932861328,148.1699981689453,584044.0
2024-02-21T09:30:00-05:00,145.97999572753906,147.38999938964844,145.39599609375,146.51499938964844,913710.0
2024-02-21T10:30:00-05:00,146.52000427246094,147.97999572753906,146.3000946044922,147.02999877929688,525666.0
2024-02-21T11:30:00-05:00,147.0,147.0800018310547,146.07769775390625,146.55499267578125,470173.0
2024-02-21T12:30:00-05:00,146.61000061035156,147.36000061035156,146.5050048828125,147.0,384378.0
2024-02-21T13:30:00-05:00,147.00999450683594,148.55499267578125,146.8699951171875,147.8341064453125,623115.0
2024-02-21T14:30:00-05:00,147.80499267578125,148.2899932861328,147.38999938964844,148.16000366210938,554034.0
2024-02-21T15:30:00-05:00,148.16200256347656,149.25999450683594,148.11500549316406,149.24000549316406,675681.0
2024-02-22T09:30:00-05:00,151.02000427246094,154.14999389648438,150.26499938964844,153.0399932861328,1363080.0
2024-02-22T10:30:00-05:00,153.08999633789062,153.89999389648438,152.3300018310547,153.83999633789062,631456.0
2024-02-22T11:30:00-05:00,153.8699951171875,154.0800018310547,153.24000549316406,153.5800018310547,497681.0
2024-02-22T12:30:00-05:00,153.61000061035156,154.22500610351562,153.01010131835938,154.22000122070312,442559.0
2024-02-22T13:30:00-05:00,154.25,155.6999969482422,154.17999267578125,155.5749969482422,759077.0
2024-02-22T14:30:00-05:00,155.58999633789062,155.64999389648438,155.00999450683594,155.2449951171875,641667.0
2024-02-22T15:30:00-05:00,155.22000122070312,155.6999969482422,154.77000427246094,155.30999755859375,923174.0
2024-02-23T09:30:00-05:00,153.27000427246094,155.3000030517578,151.2899932861328,151.39500427246094,1394499.0
2024-02-23T10:30:00-05:00,151.49000549316406,152.6300048828125,150.8249969482422,151.3699951171875,760303.0
2024-02-23T11:30:00-05:00,151.3300018310547,152.25999450683594,151.1199951171875,151.71749877929688,487979.0
2024-02-23T12:30:00-05:00,151.71749877929688,153.22999572753906,151.57000732421875,153.0749969482422,386120.0
2024-02-23T13:30:00-05:00,153.05999755859375,153.3699951171875,151.82009887695312,151.97000122070312,309357.0
2024-02-23T14:30:00-05:00,151.96499633789062,152.97000122070312,151.8699951171875,151.92999267578125,441925.0
2024-02-23T15:30:00-05:00,151.91000366210938,152.8300018310547,151.8800048828125,152.66000366210938,599340.0
2024-02-26T09:30:00-05:00,149.9600067138672,150.1300048828125,148.55999755859375,149.4600067138672,1391884.0
2024-02-26T10:30:00-05:00,149.47999572753906,149.8800048828125,149.05999755859375,149.66000366210938,597337.0
2024-02-26T11:30:00-05:00,149.69000244140625,150.17999267578125,149.0,149.05999755859375,612035.0
2024-02-26T12:30:00-05:00,149.06500244140625,149.5800018310547,148.86000061035156,149.27999877929688,395133.0
2024-02-26T13:30:00-05:00,149.25,149.5,148.88999938964844,149.0850067138672,388083.0
2024-02-26T14:30:00-05:00,149.07000732421875,149.22999572753906,148.75,149.17999267578125,517543.0
2024-02-26T15:30:00-05:00,149.17999267578125,149.6300048828125,148.8800048828125,149.25999450683594,852111.0
2024-02-27T09:30:00-05:00,150.0,151.6300048828125,149.22999572753906,151.5800018310547,976347.0
2024-02-27T10:30:00-05:00,151.57000732421875,151.89999389648438,151.0500030517578,151.125,471844.0
2024-02-27T11:30:00-05:00,151.08009338378906,151.66000366210938,150.89999389648438,151.27999877929688,565762.0
2024-02-27T12:30:00-05:00,151.25999450683594,151.27000427246094,150.5,150.89979553222656,318268.0
2024-02-27T13:30:00-05:00,150.91000366210938,151.66000366210938,150.85000610351562,151.50999450683594,495851.0
2024-02-27T14:30:00-05:00,151.5399932861328,152.47000122070312,151.52000427246094,151.85000610351562,607570.0
2024-02-27T15:30:00-05:00,151.86000061035156,152.14999389648438,151.3800048828125,151.99000549316406,572085.0
2024-02-28T09:30:00-05:00,152.02999877929688,153.66000366210938,151.7899932861328,152.83999633789062,1110638.0
2024-02-28T10:30:00-05:00,152.86000061035156,154.8699951171875,152.8101043701172,154.41000366210938,807388.0
2024-02-28T11:30:00-05:00,154.39999389648438,154.89999389648438,154.02999877929688,154.14500427246094,457706.0
2024-02-28T12:30:00-05:00,154.1199951171875,154.4499969482422,153.66009521484375,154.02000427246094,317591.0
2024-02-28T13:30:00-05:00,154.0449981689453,154.43960571289062,153.6699981689453,153.9499969482422,325908.0
2024-02-28T14:30:00-05:00,153.91000366210938,154.0399932861328,153.66000366210938,153.69000244140625,317890.0
2024-02-28T15:30:00-05:00,153.6300048828125,153.7100067138672,153.10000610351562,153.41000366210938,629669.0
2024-02-29T09:30:00-05:00,154.0,160.0,153.89999389648438,156.7899932861328,2492581.0
2024-02-29T10:30:00-05:00,156.77999877929688,157.63999938964844,156.2104949951172,157.36000061035156,534043.0
2024-02-29T11:30:00-05:00,157.2899932861328,157.2899932861328,156.3000030517578,156.39999389648438,394391.0
2024-02-29T12:30:00-05:00,156.41000366210938,157.3000030517578,156.13999938964844,157.16000366210938,388939.0
2024-02-29T13:30:00-05:00,157.1750030517578,157.8000030517578,156.9499969482422,157.1300048828125,449312.0
2024-02-29T14:30:00-05:00,157.125,157.23500061035156,156.3800048828125,156.97000122070312,492657.0
2024-02-29T15:30:00-05:00,156.99000549316406,157.6999969482422,156.60000610351562,157.42999267578125,1020336.0
2024-03-01T09:30:00-05:00,157.75999450683594,160.97999572753906,157.1199951171875,159.69000244140625,945498.0
2024-03-01T10:30:00-05:00,159.75,160.02000427246094,159.0,159.64999389648438,1013722.0
2024-03-01T11:30:00-05:00,159.6999969482422,160.50999450683594,159.4600067138672,159.4600067138672,542520.0
2024-03-01T12:30:00-05:00,159.49000549316406,160.5,159.33999633789062,160.25999450683594,446931.0
2024-03-01T13:30:00-05:00,160.27000427246094,160.66000366210938,160.0800018310547,160.33999633789062,372595.0
2024-03-01T14:30:00-05:00,160.33999633789062,160.5399932861328,159.77000427246094,160.4199981689453,517794.0
2024-03-01T15:30:00-05:00,160.44000244140625,160.67999267578125,159.67999267578125,159.75999450683594,942357.0
2024-03-04T09:30:00-05:00,159.41000366210938,162.7899932861328,159.41000366210938,160.2100067138672,1132248.0
2024-03-04T10:30:00-05:00,160.2100067138672,160.47000122070312,159.80999755859375,160.22999572753906,0.0
2024-03-04T11:30:00-05:00,160.27000427246094,160.2899932861328,159.44000244140625,159.97999572753906,247355.0
2024-03-04T12:30:00-05:00,160.0,160.14999389648438,159.3300018310547,159.72000122070312,166467.0
2024-03-04T13:30:00-05:00,159.72000122070312,159.9199981689453,158.375,158.4600067138672,220743.0
2024-03-04T14:30:00-05:00,158.4499969482422,159.4600067138672,158.28790283203125,159.0449981689453,422614.0
2024-03-04T15:30:00-05:00,159.05999755859375,159.10000610351562,157.92999267578125,158.0800018310547,1899385.0
2024-03-05T09:30:00-05:00,156.75999450683594,158.44000244140625,156.37010192871094,157.53500366210938,670905.0
2024-03-05T10:30:00-05:00,157.4499969482422,157.90570068359375,156.50999450683594,157.27499389648438,512554.0
2024-03-05T11:30:00-05:00,157.67250061035156,158.73809814453125,157.3300018310547,158.720703125,34643.0
2024-03-05T12:30:00-05:00,158.76499938964844,159.72000122070312,158.52000427246094,159.67999267578125,328087.0
2024-03-05T13:30:00-05:00,159.66000366210938,159.97999572753906,159.16000366210938,159.80999755859375,319988.0
2024-03-05T14:30:00-05:00,159.82000732421875,159.97000122070312,158.55999755859375,158.60000610351562,423638.0
2024-03-05T15:30:00-05:00,158.58999633789062,159.39999389648438,158.30999755859375,159.3300018310547,1831838.0
2024-03-06T09:30:00-05:00,161.89999389648438,162.9499969482422,160.85000610351562,161.3300018310547,895619.0
2024-03-06T10:30:00-05:00,161.2899932861328,162.5,161.27999877929688,162.22500610351562,0.0
2024-03-06T11:30:00-05:00,162.25,164.25,162.25,164.25,540675.0
2024-03-06T12:30:00-05:00,164.2899932861328,164.55499267578125,163.6999969482422,164.49620056152344,344577.0
2024-03-06T13:30:00-05:00,164.49000549316406,164.50999450683594,163.08999633789062,164.25999450683594,402593.0
2024-03-06T14:30:00-05:00,164.30999755859375,164.58999633789062,163.6199951171875,163.8800048828125,429237.0
2024-03-06T15:30:00-05:00,163.91000366210938,164.47000122070312,163.60009765625,163.8699951171875,2177953.0
2024-03-07T09:30:00-05:00,165.0,165.0,162.24000549316406,163.3699951171875,900623.0
2024-03-07T10:30:00-05:00,163.4499969482422,164.74000549316406,162.8101043701172,164.69500732421875,465852.0
2024-03-07T11:30:00-05:00,164.67999267578125,164.91000366210938,164.1999969482422,164.77000427246094,369442.0
2024-03-07T12:30:00-05:00,164.75999450683594,165.38499450683594,164.5800018310547,164.58999633789062,399337.0
2024-03-07T13:30:00-05:00,164.61000061035156,165.0449981689453,164.40330505371094,164.5500030517578,288833.0
2024-03-07T14:30:00-05:00,164.5399932861328,164.75,164.1295928955078,164.36000061035156,314983.0
2024-03-07T15:30:00-05:00,164.36000061035156,164.3699951171875,163.42999267578125,163.52999877929688,524242.0
2024-03-08T09:30:00-05:00,166.0,168.19000244140625,165.60000610351562,167.4600067138672,969134.0
2024-03-08T10:30:00-05:00,167.49000549316406,167.52000427246094,164.17269897460938,164.35000610351562,643348.0
2024-03-08T11:30:00-05:00,164.3000030517578,164.8800048828125,163.8300018310547,164.50999450683594,393799.0
2024-03-08T12:30:00-05:00,164.5500030517578,164.77999877929688,163.50999450683594,164.14500427246094,336900.0
2024-03-08T13:30:00-05:00,164.1199951171875,164.8800048828125,163.47999572753906,164.76499938964844,328309.0
2024-03-08T14:30:00-05:00,164.80999755859375,165.86500549316406,164.72000122070312,164.8300018310547,488933.0
2024-03-08T15:30:00-05:00,164.7899932861328,165.1199951171875,164.72999572753906,164.97999572753906,526935.0
2024-03-11T09:30:00-04:00,164.0,164.25999450683594,161.99000549316406,162.14500427246094,718033.0
2024-03-11T10:30:00-04:00,162.1199951171875,163.0,161.99000549316406,162.0399932861328,360835.0
2024-03-11T11:30:00-04:00,162.02499389648438,163.7899932861328,161.97500610351562,163.63999938964844,341875.0
2024-03-11T12:30:00-04:00,163.6300048828125,163.74000549316406,163.1300048828125,163.4149932861328,214462.0
2024-03-11T13:30:00-04:00,163.44000244140625,163.6300048828125,162.75999450683594,162.9199981689453,347917.0
2024-03-11T14:30:00-04:00,162.88999938964844,163.3699951171875,162.72000122070312,162.80999755859375,278253.0
2024-03-11T15:30:00-04:00,162.7899932861328,163.14999389648438,162.5500030517578,163.0,537109.0
2024-03-12T09:30:00-04:00,163.0,166.24000549316406,162.72999572753906,165.11090087890625,1024299.0
2024-03-12T10:30:00-04:00,165.1999969482422,166.58999633789062,165.1999969482422,166.38999938964844,496120.0
2024-03-12T11:30:00-04:00,166.38999938964844,166.38999938964844,164.75,164.91000366210938,314335.0
2024-03-12T12:30:00-04:00,164.93479919433594,165.6300048828125,164.4199981689453,165.6300048828125,294904.0
2024-03-12T13:30:00-04:00,165.63999938964844,166.62989807128906,165.63999938964844,166.60000610351562,308355.0
2024-03-12T14:30:00-04:00,166.60000610351562,166.74000549316406,166.1999969482422,166.33999633789062,413569.0
2024-03-12T15:30:00-04:00,166.33999633789062,167.0,166.281494140625,166.6699981689453,676620.0
2024-03-13T09:30:00-04:00,162.4199981689453,166.2899932861328,160.69000244140625,165.88999938964844,1311331.0
2024-03-13T10:30:00-04:00,165.92999267578125,167.60000610351562,165.13999938964844,167.34500122070312,573459.0
2024-03-13T11:30:00-04:00,167.32000732421875,168.0,166.85000610351562,167.0800018310547,362788.0
2024-03-13T12:30:00-04:00,167.0800018310547,167.3300018310547,166.49000549316406,166.69000244140625,263661.0
2024-03-13T13:30:00-04:00,166.6999969482422,166.94000244140625,166.02999877929688,166.25,244177.0
2024-03-13T14:30:00-04:00,166.25999450683594,166.27000427246094,164.7301025390625,165.28500366210938,778821.0
2024-03-13T15:30:00-04:00,165.27499389648438,165.8300018310547,164.61000061035156,164.75999450683594,845706.0
2024-03-14T09:30:00-04:00,165.74000549316406,165.99000549316406,162.72000122070312,164.27000427246094,567968.0
2024-03-14T10:30:00-04:00,164.35000610351562,165.4949951171875,164.33999633789062,165.07000732421875,398168.0
2024-03-14T11:30:00-04:00,165.10000610351562,166.32000732421875,165.00999450683594,166.1649932861328,374359.0
2024-03-14T12:30:00-04:00,166.13999938964844,166.46499633789062,165.6699981689453,166.1699981689453,318276.0
2024-03-14T13:30:00-04:00,166.13999938964844,166.7198944091797,165.91000366210938,166.55499267578125,317305.0
2024-03-14T14:30:00-04:00,166.5500030517578,166.66000366210938,166.0,166.22000122070312,578894.0
2024-03-14T15:30:00-04:00,166.17999267578125,166.63999938964844,165.69000244140625,166.47000122070312,713892.0
2024-03-15T09:30:00-04:00,166.0399932861328,166.5225067138672,161.75999450683594,162.6999969482422,1495931.0
2024-03-15T10:30:00-04:00,162.63999938964844,163.7899932861328,162.61000061035156,163.03500366210938,339218.0
2024-03-15T11:30:00-04:00,163.03700256347656,163.09500122070312,161.30999755859375,161.75999450683594,382021.0
2024-03-15T12:30:00-04:00,161.77999877929688,163.19000244140625,161.66000366210938,161.74000549316406,455422.0
2024-03-15T13:30:00-04:00,161.7104034423828,162.06500244140625,161.00999450683594,161.17999267578125,323775.0
2024-03-15T14:30:00-04:00,161.1199951171875,161.8000030517578,161.02999877929688,161.22000122070312,231549.0
2024-03-15T15:30:00-04:00,161.3000030517578,161.30999755859375,160.16000366210938,160.55999755859375,697036.0
2024-03-18T09:30:00-04:00,162.3000030517578,162.8699951171875,161.44000244140625,162.05999755859375,471731.0
2024-03-18T10:30:00-04:00,162.0,162.3699951171875,161.27000427246094,161.42999267578125,439325.0
2024-03-18T11:30:00-04:00,161.4600067138672,161.6699981689453,161.00999450683594,161.14999389648438,233094.0
2024-03-18T12:30:00-04:00,161.1699981689453,161.34500122070312,160.60000610351562,161.0850067138672,210696.0
2024-03-18T13:30:00-04:00,161.1199951171875,161.85000610351562,160.9199981689453,161.8300018310547,208727.0
2024-03-18T14:30:00-04:00,161.82000732421875,162.07000732421875,161.35000610351562,161.50999450683594,329656.0
2024-03-18T15:30:00-04:00,161.52499389648438,161.9499969482422,161.49000549316406,161.86000061035156,563266.0
2024-03-19T09:30:00-04:00,161.49000549316406,163.14999389648438,161.05499267578125,162.22999572753906,391268.0
2024-03-19T10:30:00-04:00,162.25999450683594,162.25999450683594,161.4499969482422,161.6300048828125,321260.0
2024-03-19T11:30:00-04:00,161.69000244140625,163.0,161.69000244140625,162.9499969482422,240967.0
2024-03-19T12:30:00-04:00,163.0,164.0998992919922,163.0,163.02999877929688,220805.0
2024-03-19T13:30:00-04:00,163.0800018310547,163.14999389648438,162.33999633789062,162.64999389648438,209262.0
2024-03-19T14:30:00-04:00,162.67999267578125,162.81500244140625,162.05999755859375,162.27999877929688,287246.0
2024-03-19T15:30:00-04:00,162.2790069580078,162.35499572753906,161.72999572753906,161.77999877929688,566403.0
2024-03-20T09:30:00-04:00,162.38999938964844,164.6199951171875,162.26499938964844,164.32000732421875,459837.0
2024-03-20T10:30:00-04:00,164.34800720214844,164.52999877929688,163.8000030517578,164.42999267578125,265024.0
2024-03-20T11:30:00-04:00,164.4499969482422,164.9600067138672,164.1199951171875,164.4499969482422,226889.0
2024-03-20T12:30:00-04:00,164.4550018310547,164.47000122070312,163.75,164.125,259481.0
2024-03-20T13:30:00-04:00,164.14999389648438,165.33999633789062,163.9199981689453,165.05999755859375,655929.0
2024-03-20T14:30:00-04:00,165.22000122070312,165.75,164.02000427246094,164.73500061035156,1216153.0
2024-03-20T15:30:00-04:00,164.72999572753906,165.2449951171875,163.75999450683594,164.7100067138672,1019012.0
2024-03-21T09:30:00-04:00,165.80999755859375,167.9499969482422,165.0,167.7949981689453,878475.0
2024-03-21T10:30:00-04:00,167.7949981689453,168.89999389648438,167.49000549316406,168.6300048828125,1087623.0
2024-03-21T11:30:00-04:00,168.5500030517578,170.05999755859375,168.5186004638672,169.97999572753906,855606.0
2024-03-21T12:30:00-04:00,169.99000549316406,170.10000610351562,168.1699981689453,168.22000122070312,654757.0
2024-03-21T13:30:00-04:00,168.2100067138672,169.1300048828125,168.0800018310547,168.97999572753906,409732.0
2024-03-21T14:30:00-04:00,168.97999572753906,169.68499755859375,168.82000732421875,168.88499450683594,599756.0
2024-03-21T15:30:00-04:00,168.88499450683594,169.1300048828125,167.88099670410156,168.17999267578125,731347.0
2024-03-22T09:30:00-04:00,167.0,168.58279418945312,166.67999267578125,167.22000122070312,595313.0
2024-03-22T10:30:00-04:00,167.3300018310547,168.0,167.16000366210938,168.0,214125.0
2024-03-22T11:30:00-04:00,168.0449981689453,168.3350067138672,167.80999755859375,168.0449981689453,232542.0
2024-03-22T12:30:00-04:00,168.07000732421875,168.2100067138672,167.60000610351562,168.2100067138672,175578.0
2024-03-22T13:30:00-04:00,168.22000122070312,168.8000030517578,168.1699981689453,168.74000549316406,212630.0
2024-03-22T14:30:00-04:00,168.77000427246094,168.77000427246094,168.07000732421875,168.30999755859375,253241.0
2024-03-22T15:30:00-04:00,168.31500244140625,168.41000366210938,167.80999755859375,167.86000061035156,466458.0
2024-03-25T09:30:00-04:00,167.86000061035156,168.72500610351562,166.77499389648438,166.81419372558594,454338.0
2024-03-25T10:30:00-04:00,166.81500244140625,166.91000366210938,166.27999877929688,166.74000549316406,290803.0
2024-03-25T11:30:00-04:00,166.74000549316406,167.4499969482422,166.56500244140625,167.41000366210938,206318.0
2024-03-25T12:30:00-04:00,167.4040069580078,167.74000549316406,167.08999633789062,167.71499633789062,239006.0
2024-03-25T13:30:00-04:00,167.66000366210938,168.33999633789062,167.58999633789062,168.27000427246094,351733.0
2024-03-25T14:30:00-04:00,168.2449951171875,169.0800018310547,167.89590454101562,167.97999572753906,413012.0
2024-03-25T15:30:00-04:00,167.9600067138672,168.64999389648438,167.80999755859375,167.99000549316406,510935.0
2024-03-26T09:30:00-04:00,169.69000244140625,170.0,168.0,168.6999969482422,536071.0
2024-03-26T10:30:00-04:00,168.6750030517578,169.3800048828125,168.47000122070312,169.0800018310547,282697.0
2024-03-26T11:30:00-04:00,169.13999938964844,169.1699981689453,168.72000122070312,168.92999267578125,172801.0
2024-03-26T12:30:00-04:00,168.9293975830078,169.0500030517578,168.3300018310547,168.66000366210938,261513.0
2024-03-26T13:30:00-04:00,168.64999389648438,169.30999755859375,168.5601043701172,169.2050018310547,186889.0
2024-03-26T14:30:00-04:00,169.1999969482422,169.25999450683594,168.32000732421875,168.36000061035156,240937.0
2024-03-26T15:30:00-04:00,168.35499572753906,168.35499572753906,167.32000732421875,167.38999938964844,592498.0
2024-03-27T09:30:00-04:00,169.11000061035156,169.11000061035156,166.125,166.50999450683594,872934.0
2024-03-27T10:30:00-04:00,166.52000427246094,166.69000244140625,165.91000366210938,166.61500549316406,495299.0
2024-03-27T11:30:00-04:00,166.625,167.0500030517578,166.3000030517578,166.4149932861328,458359.0
2024-03-27T12:30:00-04:00,166.44000244140625,166.8350067138672,166.13999938964844,166.60000610351562,289056.0
2024-03-27T13:30:00-04:00,166.5850067138672,166.7523956298828,166.05999755859375,166.56480407714844,316195.0
2024-03-27T14:30:00-04:00,166.60499572753906,166.6300048828125,165.5,165.75999450683594,333978.0
2024-03-27T15:30:00-04:00,165.77999877929688,166.6699981689453,165.77000427246094,166.55999755859375,548575.0
2024-03-28T09:30:00-04:00,166.60000610351562,167.3800048828125,165.80999755859375,166.34500122070312,351920.0
2024-03-28T10:30:00-04:00,166.3249969482422,166.52000427246094,165.72000122070312,165.72000122070312,266141.0
2024-03-28T11:30:00-04:00,165.80999755859375,165.8300018310547,165.0399932861328,165.10000610351562,224670.0
2024-03-28T12:30:00-04:00,165.02999877929688,166.1999969482422,164.86000061035156,166.0500030517578,309151.0
2024-03-28T13:30:00-04:00,166.05169677734375,166.30149841308594,165.35000610351562,165.47999572753906,215857.0
2024-03-28T14:30:00-04:00,165.44000244140625,165.75,165.125,165.25999450683594,308285.0
2024-03-28T15:30:00-04:00,165.2949981689453,165.42999267578125,164.58999633789062,164.89999389648438,631513.0
2024-04-01T09:30:00-04:00,166.42999267578125,166.72000122070312,163.61500549316406,163.6199951171875,448719.0
2024-04-01T10:30:00-04:00,163.67999267578125,164.1999969482422,163.0,163.5050048828125,343848.0
2024-04-01T11:30:00-04:00,163.5,163.6199951171875,162.77999877929688,163.3249969482422,218934.0
2024-04-01T12:30:00-04:00,163.31500244140625,163.47999572753906,162.75,162.97500610351562,176431.0
2024-04-01T13:30:00-04:00,163.0,163.33999633789062,162.91000366210938,163.22500610351562,219541.0
2024-04-01T14:30:00-04:00,163.24000549316406,163.2550048828125,162.81500244140625,162.97000122070312,204031.0
2024-04-01T15:30:00-04:00,162.97999572753906,163.58999633789062,162.91000366210938,163.3800048828125,505095.0
2024-04-02T09:30:00-04:00,160.61000061035156,160.97999572753906,158.67999267578125,159.47000122070312,652753.0
2024-04-02T10:30:00-04:00,159.4499969482422,159.7899932861328,158.74000549316406,159.57000732421875,366525.0
2024-04-02T11:30:00-04:00,159.55999755859375,159.8300018310547,159.25999450683594,159.7550048828125,293303.0
2024-04-02T12:30:00-04:00,159.77000427246094,160.8000030517578,159.5500030517578,160.0500030517578,595334.0
2024-04-02T13:30:00-04:00,160.00999450683594,160.44500732421875,159.9499969482422,160.36000061035156,197189.0
2024-04-02T14:30:00-04:00,160.36000061035156,160.64500427246094,160.02000427246094,160.41000366210938,390308.0
2024-04-02T15:30:00-04:00,160.41000366210938,160.60000610351562,159.9550018310547,160.08999633789062,787800.0
2024-04-03T09:30:00-04:00,158.72999572753906,161.3300018310547,158.5800018310547,161.1750030517578,318527.0
2024-04-03T10:30:00-04:00,161.1750030517578,161.22999572753906,160.3699951171875,160.88999938964844,194005.0
2024-04-03T11:30:00-04:00,160.91000366210938,160.981201171875,159.60000610351562,159.77000427246094,253830.0
2024-04-03T12:30:00-04:00,159.77999877929688,160.32000732421875,159.67999267578125,160.10000610351562,205572.0
2024-04-03T13:30:00-04:00,160.1300048828125,160.42999267578125,159.8000030517578,159.8249969482422,175798.0
2024-04-03T14:30:00-04:00,159.8000030517578,159.97500610351562,159.10499572753906,159.3699951171875,247293.0
2024-04-03T15:30:00-04:00,159.3780059814453,159.63999938964844,159.14100646972656,159.33999633789062,481284.0
2024-04-04T09:30:00-04:00,161.22000122070312,162.78990173339844,160.69000244140625,162.74000549316406,455696.0
2024-04-04T10:30:00-04:00,162.72500610351562,163.64999389648438,162.41099548339844,163.57000732421875,399656.0
2024-04-04T11:30:00-04:00,163.57000732421875,163.57000732421875,162.22500610351562,162.46499633789062,397543.0
2024-04-04T12:30:00-04:00,162.47000122070312,163.0800018310547,162.12010192871094,162.8350067138672,272110.0
2024-04-04T13:30:00-04:00,162.85000610351562,163.05999755859375,161.0200958251953,161.1999969482422,315964.0
2024-04-04T14:30:00-04:00,161.1750030517578,161.1750030517578,159.39999389648438,159.5500030517578,525230.0
2024-04-04T15:30:00-04:00,159.55999755859375,159.69500732421875,158.52000427246094,158.8800048828125,641478.0
2024-04-05T09:30:00-04:00,159.57000732421875,160.8000030517578,158.91000366210938,160.0850067138672,335511.0
2024-04-05T10:30:00-04:00,160.11000061035156,161.8000030517578,160.08999633789062,161.19000244140625,255780.0
2024-04-05T11:30:00-04:00,161.17999267578125,162.13499450683594,160.99000549316406,162.11500549316406,212450.0
2024-04-05T12:30:00-04:00,162.11000061035156,162.7100067138672,161.86000061035156,162.02999877929688,220296.0
2024-04-05T13:30:00-04:00,162.1300048828125,162.2050018310547,161.4250030517578,161.60000610351562,286602.0
2024-04-05T14:30:00-04:00,161.6300048828125,162.05499267578125,161.47500610351562,161.7725067138672,204476.0
2024-04-05T15:30:00-04:00,161.72000122070312,162.10000610351562,161.6300048828125,161.7100067138672,351978.0
2024-04-08T09:30:00-04:00,160.1699981689453,160.78990173339844,159.2899932861328,160.4199981689453,679261.0
2024-04-08T10:30:00-04:00,160.40499877929688,161.17999267578125,160.08999633789062,160.88070678710938,225677.0
2024-04-08T11:30:00-04:00,160.8800048828125,160.9149932861328,160.08999633789062,160.4499969482422,233214.0
2024-04-08T12:30:00-04:00,160.39500427246094,161.0,160.38999938964844,160.88499450683594,144128.0
2024-04-08T13:30:00-04:00,160.85000610351562,160.97000122070312,160.31500244140625,160.91000366210938,184270.0
2024-04-08T14:30:00-04:00,160.88499450683594,160.93499755859375,160.00999450683594,160.5500030517578,205002.0
2024-04-08T15:30:00-04:00,160.5399932861328,160.7899932861328,160.02999877929688,160.27999877929688,305963.0
2024-04-09T09:30:00-04:00,161.5500030517578,163.2050018310547,160.57000732421875,160.7100067138672,417442.0
2024-04-09T10:30:00-04:00,160.7550048828125,161.5,159.9199981689453,161.1699981689453,321079.0
2024-04-09T11:30:00-04:00,161.1649932861328,162.527099609375,161.0800018310547,162.17999267578125,250558.0
2024-04-09T12:30:00-04:00,162.22999572753906,162.49000549316406,162.05999755859375,162.2799072265625,194747.0
2024-04-09T13:30:00-04:00,162.27999877929688,162.3249969482422,161.77340698242188,161.77340698242188,163043.0
2024-04-09T14:30:00-04:00,161.8000030517578,162.1649932861328,161.22500610351562,162.13999938964844,226336.0
2024-04-09T15:30:00-04:00,162.1199951171875,162.80999755859375,162.0800018310547,162.66000366210938,408534.0
2024-04-10T09:30:00-04:00,159.5625,160.55999755859375,158.6300048828125,160.39999389648438,511633.0
2024-04-10T10:30:00-04:00,160.27999877929688,160.74000549316406,159.74000549316406,160.6999969482422,209816.0
2024-04-10T11:30:00-04:00,160.7100067138672,160.9600067138672,160.2050018310547,160.61500549316406,221338.0
2024-04-10T12:30:00-04:00,160.6300048828125,160.72000122070312,159.50999450683594,160.14999389648438,228163.0
2024-04-10T13:30:00-04:00,160.22000122070312,160.2550048828125,159.1501007080078,159.5,162212.0
2024-04-10T14:30:00-04:00,159.52000427246094,162.66000366210938,159.125,160.1840057373047,257636.0
2024-04-10T15:30:00-04:00,160.25,160.6699981689453,159.5800018310547,160.25,365204.0
2024-04-11T09:30:00-04:00,158.89999389648438,162.4149932861328,158.89999389648438,161.0500030517578,600889.0
2024-04-11T10:30:00-04:00,161.10000610351562,162.2198944091797,161.0,162.10000610351562,244938.0
2024-04-11T11:30:00-04:00,162.10499572753906,163.92999267578125,162.10499572753906,163.49000549316406,424737.0
2024-04-11T12:30:00-04:00,163.5800018310547,164.8699951171875,163.3000030517578,164.5500030517578,408252.0
2024-04-11T13:30:00-04:00,164.61000061035156,165.3350067138672,164.4499969482422,165.3350067138672,320700.0
2024-04-11T14:30:00-04:00,165.35000610351562,165.88999938964844,165.27499389648438,165.75999450683594,337178.0
2024-04-11T15:30:00-04:00,165.80999755859375,166.22000122070312,165.3300018310547,165.375,613064.0
2024-04-12T09:30:00-04:00,162.4199981689453,162.71229553222656,160.34190368652344,160.52000427246094,855175.0
2024-04-12T10:30:00-04:00,160.52999877929688,160.74000549316406,159.27499389648438,159.97999572753906,463622.0
2024-04-12T11:30:00-04:00,159.9499969482422,161.17999267578125,159.94500732421875,160.22000122070312,269658.0
2024-04-12T12:30:00-04:00,160.19500732421875,160.44000244140625,159.5,159.63999938964844,318469.0
2024-04-12T13:30:00-04:00,159.5399932861328,159.72999572753906,158.86000061035156,159.19000244140625,320703.0
2024-04-12T14:30:00-04:00,159.1999969482422,159.47999572753906,158.77999877929688,158.89999389648438,332615.0
2024-04-12T15:30:00-04:00,158.91000366210938,159.44000244140625,158.82000732421875,159.41000366210938,503966.0
2024-04-15T09:30:00-04:00,161.72999572753906,162.89999389648438,160.6450958251953,161.44000244140625,499281.0
2024-04-15T10:30:00-04:00,161.36000061035156,161.9799041748047,159.25,159.83999633789062,312335.0
2024-04-15T11:30:00-04:00,159.83999633789062,160.56260681152344,159.05499267578125,159.0800018310547,226978.0
2024-04-15T12:30:00-04:00,159.0500030517578,159.1999969482422,156.39999389648438,156.4499969482422,321736.0
2024-04-15T13:30:00-04:00,156.39010620117188,156.5500030517578,154.41000366210938,154.89999389648438,708949.0
2024-04-15T14:30:00-04:00,154.85000610351562,155.72340393066406,154.7100067138672,155.39999389648438,404614.0
2024-04-15T15:30:00-04:00,155.4208984375,155.80999755859375,154.97999572753906,155.61000061035156,591655.0
2024-04-16T09:30:00-04:00,155.30999755859375,158.94000244140625,155.3000030517578,156.27999877929688,704715.0
2024-04-16T10:30:00-04:00,156.2100067138672,157.5,156.1300048828125,157.27000427246094,328737.0
2024-04-16T11:30:00-04:00,157.3000030517578,157.3000030517578,155.99000549316406,156.0800018310547,207655.0
2024-04-16T12:30:00-04:00,156.10000610351562,156.91000366210938,156.10000610351562,156.39999389648438,162866.0
2024-04-16T13:30:00-04:00,156.47999572753906,157.89999389648438,155.67999267578125,156.6999969482422,234227.0
2024-04-16T14:30:00-04:00,156.71499633789062,157.47000122070312,156.66000366210938,157.18499755859375,383575.0
2024-04-16T15:30:00-04:00,157.1699981689453,157.2100067138672,156.57000732421875,156.64999389648438,362532.0
2024-04-17T09:30:00-04:00,158.4499969482422,159.22000122070312,157.220703125,158.02999877929688,516840.0
2024-04-17T10:30:00-04:00,157.97000122070312,158.16000366210938,156.93179321289062,157.77000427246094,838903.0
2024-04-17T11:30:00-04:00,157.76499938964844,158.1999969482422,156.41000366210938,156.72000122070312,476690.0
2024-04-17T12:30:00-04:00,156.75999450683594,157.89990234375,156.64999389648438,157.75999450683594,301568.0
2024-04-17T13:30:00-04:00,157.77000427246094,158.89999389648438,157.75100708007812,158.77499389648438,284463.0
2024-04-17T14:30:00-04:00,158.8699951171875,159.6999969482422,158.38999938964844,158.5800018310547,458956.0
2024-04-17T15:30:00-04:00,158.55499267578125,158.6999969482422,158.02999877929688,158.3800048828125,590118.0
2024-04-18T09:30:00-04:00,159.7899932861328,162.47500610351562,159.60000610351562,161.9499969482422,747902.0
2024-04-18T10:30:00-04:00,161.9499969482422,162.9199981689453,161.86000061035156,162.0449981689453,485021.0
2024-04-18T11:30:00-04:00,162.0449981689453,162.6300048828125,161.80999755859375,162.32000732421875,283119.0
2024-04-18T12:30:00-04:00,162.3249969482422,162.41000366210938,159.76499938964844,160.1750030517578,313930.0
2024-04-18T13:30:00-04:00,160.1750030517578,160.49989318847656,159.57000732421875,159.58999633789062,398789.0
2024-04-18T14:30:00-04:00,159.57000732421875,160.47999572753906,159.2100067138672,160.14500427246094,365179.0
2024-04-18T15:30:00-04:00,160.14999389648438,160.22000122070312,159.69000244140625,160.11000061035156,782955.0
2024-04-19T09:30:00-04:00,159.77999877929688,160.28500366210938,158.5800018310547,159.16000366210938,562153.0
2024-04-19T10:30:00-04:00,159.22000122070312,159.8699951171875,158.1300048828125,158.27999877929688,415856.0
2024-04-19T11:30:00-04:00,158.27999877929688,158.61000061035156,156.2449951171875,156.3300018310547,408004.0
2024-04-19T12:30:00-04:00,156.3699951171875,157.08999633789062,155.89500427246094,156.24000549316406,281071.0
2024-04-19T13:30:00-04:00,156.30999755859375,157.02000427246094,155.56500244140625,155.56500244140625,354293.0
2024-04-19T14:30:00-04:00,155.55999755859375,155.75,154.77999877929688,155.1999969482422,494029.0
2024-04-19T15:30:00-04:00,155.2100067138672,155.4149932861328,154.55999755859375,155.02999877929688,805620.0
2024-04-22T09:30:00-04:00,156.19000244140625,157.24000549316406,154.60000610351562,154.69000244140625,425281.0
2024-04-22T10:30:00-04:00,154.75,155.33999633789062,153.76499938964844,154.92959594726562,297080.0
2024-04-22T11:30:00-04:00,154.8800048828125,155.8000030517578,154.72999572753906,155.14999389648438,226477.0
2024-04-22T12:30:00-04:00,155.1199951171875,155.86000061035156,154.74000549316406,155.86000061035156,183055.0
2024-04-22T13:30:00-04:00,155.88499450683594,157.0,155.88499450683594,156.61000061035156,511384.0
2024-04-22T14:30:00-04:00,156.6374969482422,157.00999450683594,156.17999267578125,156.49000549316406,385977.0
2024-04-22T15:30:00-04:00,156.4600067138672,156.6699981689453,155.91000366210938,156.6300048828125,514947.0
2024-04-23T09:30:00-04:00,157.24000549316406,160.0500030517578,156.8000030517578,160.04949951171875,728232.0
2024-04-23T10:30:00-04:00,160.02999877929688,160.22000122070312,159.24000549316406,159.88999938964844,390412.0
2024-04-23T11:30:00-04:00,159.89999389648438,160.01499938964844,158.9600067138672,159.9499969482422,265726.0
2024-04-23T12:30:00-04:00,159.9199981689453,160.14999389648438,159.6199951171875,160.07000732421875,177281.0
2024-04-23T13:30:00-04:00,160.05979919433594,161.08999633789062,160.02999877929688,161.0050048828125,229568.0
2024-04-23T14:30:00-04:00,161.0050048828125,161.13999938964844,160.33999633789062,160.42999267578125,345256.0
2024-04-23T15:30:00-04:00,160.42999267578125,161.11000061035156,160.3000030517578,160.94000244140625,518748.0
2024-04-24T09:30:00-04:00,164.58999633789062,166.74459838867188,162.5399932861328,162.8800048828125,1254175.0
2024-04-24T10:30:00-04:00,162.92999267578125,163.10000610351562,161.41000366210938,162.02000427246094,413619.0
2024-04-24T11:30:00-04:00,161.94000244140625,162.25,161.17010498046875,161.52999877929688,198110.0
2024-04-24T12:30:00-04:00,161.41000366210938,162.57000732421875,161.08999633789062,162.35670471191406,220920.0
2024-04-24T13:30:00-04:00,162.4149932861328,162.64999389648438,161.72000122070312,161.99000549316406,224123.0
2024-04-24T14:30:00-04:00,161.9600067138672,162.8699951171875,161.51499938964844,162.7100067138672,438620.0
2024-04-24T15:30:00-04:00,162.66000366210938,163.10499572753906,162.5449981689453,162.91000366210938,374794.0
2024-04-25T09:30:00-04:00,161.50999450683594,163.72999572753906,160.19500732421875,161.0,465762.0
2024-04-25T10:30:00-04:00,161.1199951171875,161.2100067138672,159.5,161.0500030517578,426573.0
2024-04-25T11:30:00-04:00,161.1199951171875,162.41000366210938,160.49000549316406,162.07749938964844,211435.0
2024-04-25T12:30:00-04:00,161.875,162.69000244140625,161.875,162.2949981689453,217625.0
2024-04-25T13:30:00-04:00,162.27000427246094,162.9199981689453,162.22999572753906,162.22999572753906,190296.0
2024-04-25T14:30:00-04:00,162.15499877929688,163.3699951171875,162.14999389648438,163.1199951171875,240528.0
2024-04-25T15:30:00-04:00,163.0800018310547,163.10499572753906,162.3800048828125,163.02000427246094,349299.0
2024-04-26T09:30:00-04:00,162.85000610351562,164.63290405273438,162.77000427246094,163.9199981689453,434476.0
2024-04-26T10:30:00-04:00,163.94000244140625,165.14999389648438,163.85389709472656,164.6199951171875,405442.0
2024-04-26T11:30:00-04:00,164.6300048828125,165.0,164.2899932861328,164.88499450683594,316348.0
2024-04-26T12:30:00-04:00,164.88499450683594,165.0,164.13999938964844,164.52499389648438,261180.0
2024-04-26T13:30:00-04:00,164.48500061035156,164.9499969482422,164.3300018310547,164.5500030517578,218184.0
2024-04-26T14:30:00-04:00,164.5449981689453,164.89999389648438,164.2100067138672,164.68499755859375,248530.0
2024-04-26T15:30:00-04:00,164.64999389648438,164.6699981689453,164.0,164.22999572753906,508804.0
2024-04-29T09:30:00-04:00,164.75,165.5,162.42999267578125,163.55999755859375,395368.0
2024-04-29T10:30:00-04:00,163.61500549316406,163.6300048828125,161.94070434570312,162.2050018310547,229096.0
2024-04-29T11:30:00-04:00,162.1699981689453,162.1999969482422,161.6999969482422,161.7449951171875,204681.0
2024-04-29T12:30:00-04:00,161.74000549316406,162.13999938964844,161.39999389648438,162.13999938964844,147032.0
2024-04-29T13:30:00-04:00,162.1999969482422,162.3800048828125,161.99000549316406,162.22999572753906,315142.0
2024-04-29T14:30:00-04:00,162.17999267578125,162.17999267578125,161.27999877929688,161.75999450683594,206999.0
2024-04-29T15:30:00-04:00,161.75999450683594,162.38999938964844,161.52999877929688,162.25,371133.0
2024-04-30T09:30:00-04:00,161.0,162.08999633789062,160.0399932861328,161.8300018310547,365259.0
2024-04-30T10:30:00-04:00,161.86000061035156,161.94000244140625,160.27000427246094,160.5800018310547,270894.0
2024-04-30T11:30:00-04:00,160.5522003173828,160.5749969482422,159.8800048828125,159.9600067138672,233886.0
2024-04-30T12:30:00-04:00,159.92999267578125,159.92999267578125,158.85000610351562,159.1999969482422,275345.0
2024-04-30T13:30:00-04:00,159.19500732421875,159.67999267578125,159.10499572753906,159.3000030517578,199096.0
2024-04-30T14:30:00-04:00,159.32000732421875,159.85499572753906,159.22000122070312,159.44000244140625,246265.0
2024-04-30T15:30:00-04:00,159.42999267578125,159.60000610351562,158.5399932861328,158.5399932861328,671343.0
2024-05-01T09:30:00-04:00,157.5800018310547,158.14990234375,156.02999877929688,156.11000061035156,377158.0
2024-05-01T10:30:00-04:00,156.11000061035156,157.13999938964844,156.0,156.38999938964844,254139.0
2024-05-01T11:30:00-04:00,156.3800048828125,157.6199951171875,156.25,157.6199951171875,187509.0
2024-05-01T12:30:00-04:00,157.5850067138672,157.6699981689453,157.0050048828125,157.66000366210938,167844.0
2024-05-01T13:30:00-04:00,157.69500732421875,158.32000732421875,157.09869384765625,158.0800018310547,238504.0
2024-05-01T14:30:00-04:00,157.98779296875,160.9499969482422,157.0749969482422,158.88999938964844,509790.0
2024-05-01T15:30:00-04:00,158.8000030517578,158.8300018310547,156.08999633789062,156.08999633789062,590174.0
2024-05-02T09:30:00-04:00,157.2100067138672,157.75999450683594,153.33999633789062,155.13999938964844,1024438.0
2024-05-02T10:30:00-04:00,155.14999389648438,155.14999389648438,153.23309326171875,154.91000366210938,898137.0
2024-05-02T11:30:00-04:00,154.94000244140625,155.57000732421875,154.5399932861328,155.4199981689453,304424.0
2024-05-02T12:30:00-04:00,155.50999450683594,156.91000366210938,155.0,156.91000366210938,535163.0
2024-05-02T13:30:00-04:00,156.91000366210938,157.6999969482422,156.72999572753906,157.4600067138672,367291.0
2024-05-02T14:30:00-04:00,157.5,158.1199951171875,157.39999389648438,157.9499969482422,391528.0
2024-05-02T15:30:00-04:00,157.9199981689453,158.39999389648438,157.3000030517578,158.3300018310547,595856.0
2024-05-03T09:30:00-04:00,161.17999267578125,165.5,160.5399932861328,162.6649932861328,1579437.0
2024-05-03T10:30:00-04:00,162.7100067138672,162.97669982910156,160.97000122070312,161.30999755859375,612928.0
2024-05-03T11:30:00-04:00,161.36000061035156,162.42999267578125,160.93499755859375,160.94000244140625,334574.0
2024-05-03T12:30:00-04:00,160.89999389648438,161.0399932861328,159.75,160.02999877929688,289187.0
2024-05-03T13:30:00-04:00,160.00999450683594,160.00999450683594,159.14999389648438,159.42999267578125,384602.0
2024-05-03T14:30:00-04:00,159.39999389648438,160.0500030517578,159.2899932861328,159.9499969482422,312748.0
2024-05-03T15:30:00-04:00,159.92999267578125,160.22000122070312,159.4199981689453,159.75999450683594,529532.0
2024-05-06T09:30:00-04:00,161.1300048828125,162.1999969482422,160.1699981689453,162.02999877929688,471228.0
2024-05-06T10:30:00-04:00,161.30499267578125,162.39999389648438,159.7100067138672,161.64999389648438,377148.0
2024-05-06T11:30:00-04:00,161.5449981689453,161.97000122070312,161.26499938964844,161.63999938964844,180378.0
2024-05-06T12:30:00-04:00,161.63499450683594,162.0,161.49009704589844,161.97000122070312,170799.0
2024-05-06T13:30:00-04:00,161.98500061035156,162.05999755859375,161.85000610351562,162.02999877929688,244185.0
2024-05-06T14:30:00-04:00,162.02999877929688,162.11500549316406,161.3699951171875,161.39999389648438,498571.0
2024-05-06T15:30:00-04:00,161.38999938964844,162.13999938964844,161.27000427246094,162.0050048828125,547675.0
2024-05-07T09:30:00-04:00,161.99000549316406,162.85000610351562,161.11000061035156,161.1374969482422,448598.0
2024-05-07T10:30:00-04:00,161.16000366210938,161.94000244140625,160.7050018310547,161.75,369203.0
2024-05-07T11:30:00-04:00,161.7050018310547,161.94000244140625,161.44000244140625,161.6750030517578,211046.0
2024-05-07T12:30:00-04:00,161.69129943847656,161.72000122070312,161.16000366210938,161.49070739746094,251082.0
2024-05-07T13:30:00-04:00,161.47000122070312,161.5500030517578,160.8800048828125,161.18499755859375,307405.0
2024-05-07T14:30:00-04:00,161.20989990234375,161.24000549316406,160.39999389648438,160.66000366210938,433252.0
2024-05-07T15:30:00-04:00,160.61000061035156,160.6300048828125,159.75,159.8000030517578,477771.0
2024-05-08T09:30:00-04:00,156.77000427246094,158.52000427246094,155.83999633789062,157.5,1007966.0
2024-05-08T10:30:00-04:00,157.48500061035156,158.0,156.86000061035156,157.9149932861328,624885.0
2024-05-08T11:30:00-04:00,157.88999938964844,158.6199951171875,157.8699951171875,158.27000427246094,522050.0
2024-05-08T12:30:00-04:00,158.25999450683594,158.52000427246094,157.6999969482422,157.72500610351562,481877.0
2024-05-08T13:30:00-04:00,157.7050018310547,157.88999938964844,157.2664031982422,157.30999755859375,561607.0
2024-05-08T14:30:00-04:00,157.30499267578125,157.99000549316406,156.82000732421875,157.0,866973.0
2024-05-08T15:30:00-04:00,157.01499938964844,158.24000549316406,156.97000122070312,157.64999389648438,1296975.0
2024-05-09T09:30:00-04:00,146.55999755859375,150.0050048828125,145.57009887695312,147.5,6212807.0
2024-05-09T10:30:00-04:00,147.5496063232422,149.16000366210938,146.51010131835938,148.13999938964844,2082927.0
2024-05-09T11:30:00-04:00,148.1999969482422,148.2100067138672,146.82000732421875,146.82000732421875,1140469.0
2024-05-09T12:30:00-04:00,146.80999755859375,147.97000122070312,146.27000427246094,147.74000549316406,975077.0
2024-05-09T13:30:00-04:00,147.77000427246094,147.87750244140625,146.74000549316406,147.49000549316406,908659.0
2024-05-09T14:30:00-04:00,147.4949951171875,148.2100067138672,147.3300018310547,147.92999267578125,971866.0
2024-05-09T15:30:00-04:00,147.9199981689453,147.94000244140625,146.8300018310547,147.07000732421875,1638999.0
2024-05-10T09:30:00-04:00,147.5,148.1199951171875,145.1300048828125,145.36929321289062,1404073.0
2024-05-10T10:30:00-04:00,145.3699951171875,145.77000427246094,144.6300048828125,145.0800018310547,855219.0
2024-05-10T11:30:00-04:00,145.05999755859375,145.67999267578125,144.8551025390625,145.39999389648438,471767.0
2024-05-10T12:30:00-04:00,145.375,145.6999969482422,145.125,145.55999755859375,444975.0
2024-05-10T13:30:00-04:00,145.5800018310547,146.72000122070312,145.54710388183594,146.1300048828125,626608.0
2024-05-10T14:30:00-04:00,146.11500549316406,146.1999969482422,145.74000549316406,145.75320434570312,414795.0
2024-05-10T15:30:00-04:00,145.7899932861328,146.66000366210938,145.77499389648438,146.2899932861328,677346.0
2024-05-13T09:30:00-04:00,146.9199981689453,148.82949829101562,145.72000122070312,148.24000549316406,1181937.0
2024-05-13T10:30:00-04:00,148.19349670410156,148.58999633789062,147.07000732421875,147.07000732421875,760439.0
2024-05-13T11:30:00-04:00,147.05999755859375,147.3000030517578,146.6199951171875,147.1199951171875,545646.0
2024-05-13T12:30:00-04:00,147.11000061035156,147.1219940185547,146.38999938964844,146.72000122070312,408211.0
2024-05-13T13:30:00-04:00,146.73500061035156,147.36000061035156,146.7050018310547,147.2100067138672,496242.0
2024-05-13T14:30:00-04:00,147.2050018310547,147.3699951171875,146.88499450683594,147.07000732421875,458402.0
2024-05-13T15:30:00-04:00,147.06500244140625,149.24000549316406,147.0,149.16000366210938,1111355.0
2024-05-14T09:30:00-04:00,149.39999389648438,149.39999389648438,147.3000030517578,147.80999755859375,788636.0
2024-05-14T10:30:00-04:00,147.7949981689453,148.0,146.75,147.80999755859375,591582.0
2024-05-14T11:30:00-04:00,147.8000030517578,147.9499969482422,147.39999389648438,147.52999877929688,391917.0
2024-05-14T12:30:00-04:00,147.52999877929688,147.97999572753906,146.89999389648438,146.94000244140625,311732.0
2024-05-14T13:30:00-04:00,146.94000244140625,147.05999755859375,146.37049865722656,146.46910095214844,383150.0
2024-05-14T14:30:00-04:00,146.4550018310547,147.00999450683594,146.30999755859375,146.72999572753906,613210.0
2024-05-14T15:30:00-04:00,146.72999572753906,147.0399932861328,146.55999755859375,146.69000244140625,592063.0
2024-05-15T09:30:00-04:00,147.61500549316406,147.625,144.88999938964844,145.4199981689453,886484.0
2024-05-15T10:30:00-04:00,145.39999389648438,145.52000427246094,144.77000427246094,145.44500732421875,505055.0
2024-05-15T11:30:00-04:00,145.4521942138672,146.08990478515625,145.1999969482422,146.08990478515625,318657.0
2024-05-15T12:30:00-04:00,146.0449981689453,146.47999572753906,145.84500122070312,146.14999389648438,493166.0
2024-05-15T13:30:00-04:00,146.14500427246094,146.22000122070312,145.8300018310547,145.99749755859375,337439.0
2024-05-15T14:30:00-04:00,146.02000427246094,146.08999633789062,145.69000244140625,145.82000732421875,487406.0
2024-05-15T15:30:00-04:00,145.82000732421875,146.1300048828125,145.72999572753906,145.7550048828125,931438.0
2024-05-16T09:30:00-04:00,146.42999267578125,147.3000030517578,145.85000610351562,147.10899353027344,856010.0
2024-05-16T10:30:00-04:00,147.23500061035156,147.47000122070312,146.38999938964844,147.0500030517578,494924.0
2024-05-16T11:30:00-04:00,147.0,147.25999450683594,146.5,147.1999969482422,298197.0
2024-05-16T12:30:00-04:00,147.21499633789062,147.7899932861328,146.97999572753906,147.17999267578125,447579.0
2024-05-16T13:30:00-04:00,147.22999572753906,147.5399932861328,146.67999267578125,146.6999969482422,260624.0
2024-05-16T14:30:00-04:00,146.7100067138672,147.53269958496094,146.7100067138672,147.22000122070312,396942.0
2024-05-16T15:30:00-04:00,147.22999572753906,147.55999755859375,147.11000061035156,147.1699981689453,582433.0
2024-05-17T09:30:00-04:00,146.6999969482422,147.36000061035156,146.1999969482422,147.25,566578.0
2024-05-17T10:30:00-04:00,147.3000030517578,147.4949951171875,146.64999389648438,147.06500244140625,286353.0
2024-05-17T11:30:00-04:00,147.10000610351562,147.10000610351562,146.23500061035156,146.5399932861328,382855.0
2024-05-17T12:30:00-04:00,146.53500366210938,146.6125030517578,145.8603973388672,145.97000122070312,306785.0
2024-05-17T13:30:00-04:00,145.97999572753906,146.0399932861328,145.38009643554688,145.6300048828125,274493.0
2024-05-17T14:30:00-04:00,145.63999938964844,146.1300048828125,145.55999755859375,145.86000061035156,340757.0
2024-05-17T15:30:00-04:00,145.8300018310547,145.99000549316406,145.30499267578125,145.6199951171875,676929.0
2024-05-20T09:30:00-04:00,146.0,146.17999267578125,145.2100067138672,146.125,571005.0
2024-05-20T10:30:00-04:00,146.17999267578125,146.47000122070312,145.72000122070312,146.3800048828125,536906.0
2024-05-20T11:30:00-04:00,146.3699951171875,146.41000366210938,145.77999877929688,145.8699951171875,467278.0
2024-05-20T12:30:00-04:00,145.8300018310547,146.47999572753906,145.77000427246094,145.9499969482422,416788.0
2024-05-20T13:30:00-04:00,145.89999389648438,146.0,145.35000610351562,145.82000732421875,287934.0
2024-05-20T14:30:00-04:00,145.8699951171875,146.23550415039062,145.8300018310547,146.09500122070312,356653.0
2024-05-20T15:30:00-04:00,146.11000061035156,146.41000366210938,145.9499969482422,146.3699951171875,737655.0
2024-05-21T09:30:00-04:00,145.7100067138672,145.7100067138672,144.5,145.14999389648438,810676.0
2024-05-21T10:30:00-04:00,145.19500732421875,145.2550048828125,144.875,145.00999450683594,356869.0
2024-05-21T11:30:00-04:00,145.00999450683594,145.07000732421875,144.67999267578125,144.77000427246094,358590.0
2024-05-21T12:30:00-04:00,144.78500366210938,144.8000030517578,144.3300018310547,144.52499389648438,326201.0
2024-05-21T13:30:00-04:00,144.52000427246094,145.11990356445312,144.3450927734375,144.47000122070312,544661.0
2024-05-21T14:30:00-04:00,144.47000122070312,144.6999969482422,144.3520050048828,144.5989990234375,394636.0
2024-05-21T15:30:00-04:00,144.6199951171875,144.6999969482422,144.08999633789062,144.08999633789062,819229.0
2024-05-22T09:30:00-04:00,143.89349365234375,143.94000244140625,142.6999969482422,143.5399932861328,716589.0
2024-05-22T10:30:00-04:00,143.47999572753906,143.88999938964844,143.1199951171875,143.4949951171875,323450.0
2024-05-22T11:30:00-04:00,143.4936981201172,143.6199951171875,143.00999450683594,143.46499633789062,261992.0
2024-05-22T12:30:00-04:00,143.49000549316406,144.2100067138672,143.36000061035156,144.08999633789062,452668.0
2024-05-22T13:30:00-04:00,144.05999755859375,144.1894073486328,142.75010681152344,142.75010681152344,296114.0
2024-05-22T14:30:00-04:00,142.75,143.0800018310547,142.57000732421875,143.07000732421875,291181.0
2024-05-22T15:30:00-04:00,143.04010009765625,143.22999572753906,142.36000061035156,142.6999969482422,464076.0
2024-05-23T09:30:00-04:00,142.5800018310547,143.42999267578125,142.15499877929688,143.07749938964844,899640.0
2024-05-23T10:30:00-04:00,143.07000732421875,143.38999938964844,142.6699981689453,143.25999450683594,410264.0
2024-05-23T11:30:00-04:00,143.25999450683594,143.44000244140625,142.85499572753906,143.11000061035156,283234.0
2024-05-23T12:30:00-04:00,143.11000061035156,143.16000366210938,142.4499969482422,142.6800994873047,242362.0
2024-05-23T13:30:00-04:00,142.6699981689453,142.6699981689453,141.3800048828125,141.50999450683594,354005.0
2024-05-23T14:30:00-04:00,141.4600067138672,141.76499938964844,140.8800048828125,141.0,474052.0
2024-05-23T15:30:00-04:00,141.0050048828125,141.27000427246094,140.82000732421875,141.0,729374.0
2024-05-24T09:30:00-04:00,142.5500030517578,145.17999267578125,142.3000030517578,145.1699981689453,1157329.0
2024-05-24T10:30:00-04:00,145.22000122070312,145.97000122070312,145.16000366210938,145.34500122070312,860342.0
2024-05-24T11:30:00-04:00,145.27999877929688,145.8300018310547,145.0561065673828,145.39999389648438,472333.0
2024-05-24T12:30:00-04:00,145.38499450683594,145.38499450683594,144.3800048828125,144.6300048828125,333415.0
2024-05-24T13:30:00-04:00,144.61000061035156,144.97000122070312,144.38999938964844,144.50999450683594,262842.0
2024-05-24T14:30:00-04:00,144.49000549316406,144.6699981689453,143.9149932861328,144.30999755859375,342893.0
2024-05-24T15:30:00-04:00,144.3000030517578,144.72999572753906,144.2100067138672,144.46499633789062,615945.0
2024-05-28T09:30:00-04:00,145.91000366210938,147.54220581054688,145.11000061035156,147.47500610351562,1360467.0
2024-05-28T10:30:00-04:00,147.47999572753906,147.8699951171875,147.17999267578125,147.61000061035156,548089.0
2024-05-28T11:30:00-04:00,147.61000061035156,147.85000610351562,146.66000366210938,146.6999969482422,453769.0
2024-05-28T12:30:00-04:00,146.6999969482422,147.22999572753906,146.5500030517578,146.8498992919922,252861.0
2024-05-28T13:30:00-04:00,146.82000732421875,147.02000427246094,146.1750030517578,146.19000244140625,357856.0
2024-05-28T14:30:00-04:00,146.17999267578125,146.89999389648438,146.0,146.5500030517578,449320.0
2024-05-28T15:30:00-04:00,146.5399932861328,147.1649932861328,146.5,147.02999877929688,670541.0
2024-05-29T09:30:00-04:00,144.8800048828125,146.3699951171875,144.7342071533203,145.97000122070312,654050.0
2024-05-29T10:30:00-04:00,146.0,146.77000427246094,145.74000549316406,146.77000427246094,344958.0
2024-05-29T11:30:00-04:00,146.7550048828125,147.11990356445312,146.27999877929688,147.05499267578125,266030.0
2024-05-29T12:30:00-04:00,147.0500030517578,147.1300048828125,146.5,146.5800018310547,208409.0
2024-05-29T13:30:00-04:00,146.5749969482422,146.73500061035156,146.2899932861328,146.3300018310547,181931.0
2024-05-29T14:30:00-04:00,146.3300018310547,146.9199981689453,146.2100067138672,146.8000030517578,205716.0
2024-05-29T15:30:00-04:00,146.8000030517578,146.86929321289062,146.39500427246094,146.64999389648438,316737.0
2024-05-30T09:30:00-04:00,145.39999389648438,147.58999633789062,145.39999389648438,147.2899932861328,697960.0
2024-05-30T10:30:00-04:00,147.27999877929688,147.3699951171875,146.56500244140625,147.36000061035156,269083.0
2024-05-30T11:30:00-04:00,147.35000610351562,147.38999938964844,145.97500610351562,146.00999450683594,284458.0
2024-05-30T12:30:00-04:00,146.0050048828125,146.27999877929688,145.77000427246094,145.9600067138672,178427.0
2024-05-30T13:30:00-04:00,145.9600067138672,145.9600067138672,144.61000061035156,144.8800048828125,561116.0
2024-05-30T14:30:00-04:00,144.9199981689453,145.2899932861328,144.42999267578125,145.06500244140625,425341.0
2024-05-30T15:30:00-04:00,145.07000732421875,145.72000122070312,144.85000610351562,145.5449981689453,598370.0
2024-05-31T09:30:00-04:00,145.83999633789062,146.36279296875,143.49000549316406,143.49000549316406,503644.0
2024-05-31T10:30:00-04:00,143.49000549316406,143.92999267578125,143.14999389648438,143.50999450683594,420172.0
2024-05-31T11:30:00-04:00,143.4499969482422,143.52999877929688,142.57200622558594,142.7100067138672,302012.0
2024-05-31T12:30:00-04:00,142.72999572753906,143.3699951171875,142.63999938964844,143.2899932861328,244927.0
2024-05-31T13:30:00-04:00,143.3300018310547,143.5500030517578,143.0399932861328,143.16099548339844,260731.0
2024-05-31T14:30:00-04:00,143.17999267578125,143.74000549316406,143.0,143.6750030517578,250271.0
2024-05-31T15:30:00-04:00,143.6750030517578,145.1199951171875,143.64999389648438,144.89500427246094,571409.0
2024-06-03T09:30:00-04:00,145.8000030517578,146.9499969482422,145.52999877929688,145.89500427246094,573043.0
2024-06-03T10:30:00-04:00,145.88999938964844,146.47000122070312,145.50999450683594,145.86000061035156,475300.0
2024-06-03T11:30:00-04:00,145.85499572753906,146.0500030517578,144.83999633789062,145.2100067138672,390341.0
2024-06-03T12:30:00-04:00,145.1999969482422,145.3800048828125,144.36000061035156,145.17999267578125,296414.0
2024-06-03T13:30:00-04:00,145.13999938964844,145.65499877929688,144.9499969482422,145.52000427246094,297764.0
2024-06-03T14:30:00-04:00,145.52499389648438,146.22500610351562,145.24989318847656,146.05999755859375,369198.0
2024-06-03T15:30:00-04:00,146.0399932861328,146.3300018310547,145.6999969482422,146.3000030517578,535653.0
2024-06-04T09:30:00-04:00,145.82000732421875,147.61000061035156,145.49000549316406,147.39999389648438,497658.0
2024-06-04T10:30:00-04:00,147.35000610351562,147.67999267578125,147.02000427246094,147.2100067138672,466747.0
2024-06-04T11:30:00-04:00,147.19000244140625,147.75999450683594,146.22999572753906,146.46009826660156,376852.0
2024-06-04T12:30:00-04:00,146.4949951171875,146.86500549316406,146.2899932861328,146.8509063720703,235426.0
2024-06-04T13:30:00-04:00,146.8800048828125,147.71620178222656,146.3300018310547,147.69500732421875,265397.0
2024-06-04T14:30:00-04:00,147.7100067138672,147.91000366210938,147.01400756835938,147.02499389648438,321832.0
2024-06-04T15:30:00-04:00,147.04200744628906,147.30999755859375,146.8300018310547,147.05999755859375,357076.0
2024-06-05T09:30:00-04:00,147.97999572753906,148.6999969482422,145.14100646972656,146.89109802246094,548673.0
2024-06-05T10:30:00-04:00,146.85499572753906,147.38499450683594,145.7899932861328,146.07000732421875,435543.0
2024-06-05T11:30:00-04:00,146.06500244140625,146.58990478515625,145.53500366210938,146.50999450683594,306758.0
2024-06-05T12:30:00-04:00,146.52000427246094,146.61990356445312,145.76010131835938,146.0,215946.0
2024-06-05T13:30:00-04:00,145.97000122070312,146.14500427246094,145.55999755859375,145.96499633789062,241373.0
2024-06-05T14:30:00-04:00,145.9499969482422,146.1199951171875,145.52000427246094,145.5399932861328,245745.0
2024-06-05T15:30:00-04:00,145.5449981689453,145.85000610351562,145.42999267578125,145.75900268554688,406466.0
2024-06-06T09:30:00-04:00,145.58999633789062,148.7899932861328,145.15499877929688,147.9600067138672,719844.0
2024-06-06T10:30:00-04:00,147.9199981689453,148.28700256347656,147.47999572753906,148.0615997314453,261912.0
2024-06-06T11:30:00-04:00,148.05999755859375,148.6199951171875,147.7801055908203,147.9550018310547,378515.0
2024-06-06T12:30:00-04:00,147.97000122070312,147.99000549316406,147.25999450683594,147.4600067138672,236671.0
2024-06-06T13:30:00-04:00,147.47999572753906,147.66000366210938,146.75,146.92050170898438,350358.0
2024-06-06T14:30:00-04:00,146.94500732421875,147.38999938964844,146.80999755859375,147.35499572753906,546354.0
2024-06-06T15:30:00-04:00,147.3800048828125,147.3800048828125,146.8249969482422,147.00999450683594,585751.0
2024-06-07T09:30:00-04:00,146.32000732421875,146.8800048828125,145.60000610351562,145.75,555881.0
2024-06-07T10:30:00-04:00,145.74000549316406,146.39999389648438,145.3800048828125,145.80499267578125,241367.0
2024-06-07T11:30:00-04:00,145.83999633789062,146.94000244140625,145.82000732421875,146.91000366210938,172323.0
2024-06-07T12:30:00-04:00,146.9250030517578,147.02999877929688,146.57000732421875,146.57000732421875,235258.0
2024-06-07T13:30:00-04:00,146.60000610351562,146.85000610351562,145.77000427246094,145.9550018310547,230281.0
2024-06-07T14:30:00-04:00,145.9199981689453,146.4550018310547,145.7550048828125,146.42999267578125,247555.0
2024-06-07T15:30:00-04:00,146.42999267578125,147.0,146.32899475097656,146.64999389648438,524871.0
2024-06-10T09:30:00-04:00,146.0,147.05999755859375,146.0,146.4499969482422,344018.0
2024-06-10T10:30:00-04:00,146.41009521484375,147.63800048828125,146.33880615234375,146.85000610351562,615265.0
2024-06-10T11:30:00-04:00,146.8800048828125,147.39999389648438,146.64999389648438,147.2899932861328,199673.0
2024-06-10T12:30:00-04:00,147.27999877929688,147.50999450683594,146.8300018310547,147.4199981689453,177859.0
2024-06-10T13:30:00-04:00,147.42999267578125,148.1999969482422,147.35000610351562,147.80499267578125,286639.0
2024-06-10T14:30:00-04:00,147.77999877929688,148.32000732421875,147.32000732421875,148.11000061035156,375310.0
2024-06-10T15:30:00-04:00,148.05999755859375,148.1199951171875,147.5800018310547,148.0399932861328,614011.0
2024-06-11T09:30:00-04:00,147.7949981689453,148.5,147.11000061035156,148.16000366210938,664655.0
2024-06-11T10:30:00-04:00,148.16000366210938,148.7949981689453,147.58999633789062,147.72999572753906,572398.0
2024-06-11T11:30:00-04:00,147.72999572753906,147.9199981689453,146.47999572753906,146.77479553222656,360874.0
2024-06-11T12:30:00-04:00,146.7899932861328,147.27000427246094,146.5800018310547,147.14999389648438,231470.0
2024-06-11T13:30:00-04:00,147.10000610351562,147.8800048828125,147.10000610351562,147.82009887695312,181047.0
2024-06-11T14:30:00-04:00,147.8300018310547,148.0,147.33999633789062,147.61000061035156,197699.0
2024-06-11T15:30:00-04:00,147.58999633789062,148.22000122070312,147.5500030517578,147.74000549316406,532649.0
2024-06-12T09:30:00-04:00,150.1199951171875,150.27000427246094,149.35000610351562,150.03500366210938,938762.0
2024-06-12T10:30:00-04:00,150.0500030517578,150.14999389648438,149.22999572753906,149.50999450683594,378531.0
2024-06-12T11:30:00-04:00,149.5,150.0,149.16000366210938,149.1699981689453,316993.0
2024-06-12T12:30:00-04:00,149.1750030517578,149.7550048828125,149.10000610351562,149.36500549316406,193228.0
2024-06-12T13:30:00-04:00,149.3533935546875,149.75999450683594,149.01719665527344,149.50999450683594,298234.0
2024-06-12T14:30:00-04:00,149.50999450683594,149.61500549316406,148.62100219726562,148.75,345832.0
2024-06-12T15:30:00-04:00,148.72000122070312,149.61000061035156,148.64999389648438,149.27000427246094,533778.0
2024-06-13T09:30:00-04:00,148.99000549316406,149.0,143.72999572753906,144.8699951171875,1380938.0
2024-06-13T10:30:00-04:00,144.8350067138672,145.76800537109375,144.5399932861328,144.9600067138672,478368.0
2024-06-13T11:30:00-04:00,144.99000549316406,145.77999877929688,144.72999572753906,145.4600067138672,457748.0
2024-06-13T12:30:00-04:00,145.47500610351562,146.4199981689453,145.39999389648438,146.31500244140625,385939.0
2024-06-13T13:30:00-04:00,146.32000732421875,146.6300048828125,145.6909942626953,146.3000030517578,347697.0
2024-06-13T14:30:00-04:00,146.3300018310547,147.0800018310547,146.2899932861328,146.40480041503906,412858.0
2024-06-13T15:30:00-04:00,146.3800048828125,146.77000427246094,146.0800018310547,146.08999633789062,531241.0
2024-06-14T09:30:00-04:00,145.57000732421875,145.7899932861328,144.5301055908203,144.71499633789062,533026.0
2024-06-14T10:30:00-04:00,144.71499633789062,145.42999267578125,144.27999877929688,145.0399932861328,336710.0
2024-06-14T11:30:00-04:00,145.02999877929688,145.3300018310547,144.50999450683594,144.7100067138672,242608.0
2024-06-14T12:30:00-04:00,144.6999969482422,145.3000030517578,144.6573944091797,145.05499267578125,181026.0
2024-06-14T13:30:00-04:00,145.0500030517578,145.13999938964844,144.67999267578125,144.99000549316406,209222.0
2024-06-14T14:30:00-04:00,144.9499969482422,145.11940002441406,144.7550048828125,145.0,251829.0
2024-06-14T15:30:00-04:00,145.00999450683594,146.0500030517578,144.92999267578125,145.99000549316406,470385.0
2024-06-17T09:30:00-04:00,147.02999877929688,150.1199951171875,146.77499389648438,149.40499877929688,1370344.0
2024-06-17T10:30:00-04:00,149.4499053955078,149.68499755859375,148.52000427246094,148.61000061035156,631037.0
2024-06-17T11:30:00-04:00,148.61000061035156,148.80999755859375,147.36000061035156,148.2100067138672,352136.0
2024-06-17T12:30:00-04:00,148.2899932861328,148.67999267578125,148.09010314941406,148.39999389648438,345927.0
2024-06-17T13:30:00-04:00,148.44000244140625,149.82000732421875,148.3800048828125,149.6199951171875,582508.0
2024-06-17T14:30:00-04:00,149.63499450683594,150.11000061035156,149.3300018310547,149.67999267578125,583250.0
2024-06-17T15:30:00-04:00,149.66000366210938,149.82000732421875,149.3000030517578,149.47999572753906,751216.0
2024-06-18T09:30:00-04:00,149.89999389648438,150.5489959716797,148.35000610351562,149.1300048828125,732166.0
2024-06-18T10:30:00-04:00,149.1699981689453,149.7899932861328,149.02999877929688,149.1699981689453,257840.0
2024-06-18T11:30:00-04:00,149.1699981689453,149.5850067138672,148.88999938964844,148.91000366210938,183369.0
2024-06-18T12:30:00-04:00,148.8800048828125,148.94000244140625,147.74000549316406,147.7550048828125,281897.0
2024-06-18T13:30:00-04:00,147.77000427246094,147.82980346679688,147.1999969482422,147.47999572753906,340530.0
2024-06-18T14:30:00-04:00,147.49000549316406,147.55499267578125,147.27000427246094,147.33999633789062,248796.0
2024-06-18T15:30:00-04:00,147.33999633789062,147.47999572753906,146.89999389648438,147.25,466536.0
2024-06-20T09:30:00-04:00,147.77000427246094,149.75,147.66000366210938,149.22999572753906,652657.0
2024-06-20T10:30:00-04:00,149.1199951171875,149.1699981689453,147.92999267578125,148.13499450683594,259324.0
2024-06-20T11:30:00-04:00,148.0128936767578,148.9600067138672,148.00999450683594,148.38999938964844,226240.0
2024-06-20T12:30:00-04:00,148.25999450683594,148.5,148.08999633789062,148.22500610351562,227920.0
2024-06-20T13:30:00-04:00,148.22500610351562,148.3000030517578,147.60000610351562,147.91000366210938,253369.0
2024-06-20T14:30:00-04:00,147.89999389648438,148.16000366210938,147.6699981689453,147.99000549316406,253271.0
2024-06-20T15:30:00-04:00,147.9499969482422,148.17999267578125,147.60000610351562,147.91000366210938,375464.0
2024-06-21T09:30:00-04:00,148.75999450683594,148.75999450683594,147.25,147.92999267578125,1075723.0
2024-06-21T10:30:00-04:00,147.92999267578125,148.1999969482422,147.46499633789062,147.52000427246094,456089.0
2024-06-21T11:30:00-04:00,147.52999877929688,148.17999267578125,147.27000427246094,147.85000610351562,207417.0
2024-06-21T12:30:00-04:00,147.86000061035156,148.10000610351562,147.74000549316406,147.7899932861328,184390.0
2024-06-21T13:30:00-04:00,147.7512969970703,148.52999877929688,147.74000549316406,148.44000244140625,159614.0
2024-06-21T14:30:00-04:00,148.47500610351562,148.75999450683594,148.16000366210938,148.67999267578125,277809.0
2024-06-21T15:30:00-04:00,148.6999969482422,150.0,148.6300048828125,149.5800018310547,1021244.0
2024-06-24T09:30:00-04:00,149.2899932861328,149.38999938964844,146.7100067138672,148.47000122070312,720247.0
2024-06-24T10:30:00-04:00,148.47000122070312,149.3000030517578,148.25,149.2449951171875,406086.0
2024-06-24T11:30:00-04:00,149.2449951171875,150.0399932861328,149.07000732421875,150.0,489774.0
2024-06-24T12:30:00-04:00,149.99000549316406,150.0,148.77999877929688,149.05999755859375,322809.0
2024-06-24T13:30:00-04:00,149.02000427246094,149.0449981689453,148.6699981689453,148.80999755859375,280001.0
2024-06-24T14:30:00-04:00,148.7899932861328,148.97000122070312,148.5500030517578,148.9199981689453,295550.0
2024-06-24T15:30:00-04:00,148.8800048828125,148.94000244140625,148.0500030517578,148.35000610351562,741644.0
2024-06-25T09:30:00-04:00,149.0,151.1199951171875,148.85000610351562,150.57000732421875,1151050.0
2024-06-25T10:30:00-04:00,150.50999450683594,151.27000427246094,150.32000732421875,150.76499938964844,569461.0
2024-06-25T11:30:00-04:00,150.76499938964844,150.9199981689453,150.33999633789062,150.58999633789062,429755.0
2024-06-25T12:30:00-04:00,150.60000610351562,150.61000061035156,149.8800048828125,150.03500366210938,289290.0
2024-06-25T13:30:00-04:00,150.03500366210938,150.53770446777344,149.86000061035156,150.3000030517578,236867.0
2024-06-25T14:30:00-04:00,150.27999877929688,150.35499572753906,150.02999877929688,150.27499389648438,332793.0
2024-06-25T15:30:00-04:00,150.27499389648438,150.9600067138672,150.0800018310547,150.94000244140625,855953.0
2024-06-26T09:30:00-04:00,149.73800659179688,150.32000732421875,149.3699951171875,149.97999572753906,683592.0
2024-06-26T10:30:00-04:00,149.9600067138672,150.28500366210938,149.75999450683594,150.02000427246094,384717.0
2024-06-26T11:30:00-04:00,150.02000427246094,150.25999450683594,149.4687042236328,149.52000427246094,256779.0
2024-06-26T12:30:00-04:00,149.52999877929688,150.0,149.47999572753906,149.75999450683594,304507.0
2024-06-26T13:30:00-04:00,149.75,150.0,149.72000122070312,150.0,228919.0
2024-06-26T14:30:00-04:00,150.0,150.14999389648438,149.63999938964844,149.72999572753906,306371.0
2024-06-26T15:30:00-04:00,149.718994140625,150.38499450683594,149.60000610351562,149.94000244140625,698231.0
2024-06-27T09:30:00-04:00,150.4600067138672,150.77999877929688,149.38999938964844,149.9149932861328,446953.0
2024-06-27T10:30:00-04:00,149.88999938964844,150.22000122070312,149.4949951171875,149.7050018310547,294924.0
2024-06-27T11:30:00-04:00,149.6999969482422,150.83999633789062,149.50010681152344,150.55079650878906,234135.0
2024-06-27T12:30:00-04:00,150.56500244140625,150.8300018310547,150.2899932861328,150.3699951171875,215323.0
2024-06-27T13:30:00-04:00,150.35499572753906,150.4499969482422,150.0312957763672,150.16000366210938,193352.0
2024-06-27T14:30:00-04:00,150.14999389648438,151.85000610351562,149.9300994873047,151.78500366210938,434183.0
2024-06-27T15:30:00-04:00,151.78500366210938,151.8800048828125,151.07000732421875,151.61900329589844,660490.0
2024-06-28T09:30:00-04:00,151.5399932861328,152.24000549316406,150.67999267578125,151.8000030517578,342921.0
2024-06-28T10:30:00-04:00,151.80999755859375,152.92999267578125,151.6300048828125,152.23500061035156,346014.0
2024-06-28T11:30:00-04:00,152.22000122070312,152.39999389648438,151.44000244140625,151.7050018310547,169469.0
2024-06-28T12:30:00-04:00,151.7100067138672,152.1156005859375,151.49000549316406,151.85000610351562,187939.0
2024-06-28T13:30:00-04:00,151.8800048828125,152.27499389648438,151.77999877929688,152.0,168874.0
2024-06-28T14:30:00-04:00,151.97999572753906,152.1199951171875,151.625,151.81500244140625,235486.0
2024-06-28T15:30:00-04:00,151.7899932861328,152.0399932861328,151.25010681152344,151.63999938964844,534961.0
2024-07-01T09:30:00-04:00,152.10000610351562,152.1999969482422,149.13999938964844,150.3800048828125,533430.0
2024-07-01T10:30:00-04:00,150.3800048828125,150.5500030517578,149.77999877929688,150.49000549316406,309475.0
2024-07-01T11:30:00-04:00,150.49000549316406,150.89999389648438,150.27999877929688,150.3300018310547,290427.0
2024-07-01T12:30:00-04:00,150.35000610351562,150.42999267578125,149.85000610351562,150.11000061035156,323479.0
2024-07-01T13:30:00-04:00,150.11000061035156,150.72000122070312,150.05999755859375,150.52499389648438,209993.0
2024-07-01T14:30:00-04:00,150.57000732421875,150.74000549316406,150.22000122070312,150.74000549316406,191989.0
2024-07-01T15:30:00-04:00,150.80250549316406,151.77000427246094,150.6999969482422,151.61000061035156,359540.0
2024-07-02T09:30:00-04:00,151.2899932861328,154.125,151.2899932861328,152.7449951171875,434418.0
2024-07-02T10:30:00-04:00,152.75,154.14999389648438,152.64999389648438,154.14999389648438,369696.0
2024-07-02T11:30:00-04:00,154.14999389648438,154.40989685058594,153.6199951171875,153.82000732421875,464395.0
2024-07-02T12:30:00-04:00,153.85499572753906,154.64999389648438,153.7899932861328,154.5050048828125,213673.0
2024-07-02T13:30:00-04:00,154.5500030517578,155.2100067138672,154.4199981689453,154.8249969482422,335443.0
2024-07-02T14:30:00-04:00,154.77999877929688,154.97999572753906,154.6199951171875,154.77000427246094,279804.0
2024-07-02T15:30:00-04:00,154.75,154.8800048828125,154.22999572753906,154.3300018310547,515135.0
2024-07-03T09:30:00-04:00,153.89169311523438,154.42999267578125,153.2100067138672,153.89500427246094,403326.0
2024-07-03T10:30:00-04:00,153.8800048828125,154.05999755859375,152.7899932861328,152.8800048828125,329033.0
2024-07-03T11:30:00-04:00,152.85000610351562,153.0,152.3000030517578,152.74000549316406,365725.0
2024-07-05T09:30:00-04:00,152.39999389648438,152.8800048828125,151.44000244140625,152.17999267578125,460550.0
2024-07-05T10:30:00-04:00,152.14999389648438,152.72000122070312,152.11000061035156,152.33999633789062,200101.0
2024-07-05T11:30:00-04:00,152.3249969482422,152.55999755859375,152.05999755859375,152.17999267578125,165845.0
2024-07-05T12:30:00-04:00,152.23500061035156,152.52999877929688,152.0399932861328,152.38999938964844,160086.0
2024-07-05T13:30:00-04:00,152.3699951171875,152.7899932861328,152.3699951171875,152.6999969482422,176008.0
2024-07-05T14:30:00-04:00,152.74000549316406,152.8000030517578,152.49000549316406,152.64500427246094,231538.0
2024-07-05T15:30:00-04:00,152.6300048828125,152.74000549316406,152.4199981689453,152.47000122070312,406188.0
2024-07-08T09:30:00-04:00,152.64999389648438,154.1999969482422,151.8800048828125,151.9600067138672,607502.0
2024-07-08T10:30:00-04:00,151.9499969482422,152.27000427246094,151.6199951171875,151.83999633789062,414715.0
2024-07-08T11:30:00-04:00,151.80999755859375,151.80999755859375,150.7550048828125,150.88999938964844,272993.0
2024-07-08T12:30:00-04:00,150.90499877929688,151.85499572753906,150.8800048828125,151.85000610351562,227041.0
2024-07-08T13:30:00-04:00,151.85000610351562,152.17999267578125,151.77000427246094,151.89999389648438,267355.0
2024-07-08T14:30:00-04:00,151.8699951171875,151.8699951171875,151.5399932861328,151.69000244140625,256821.0
2024-07-08T15:30:00-04:00,151.67999267578125,152.11000061035156,151.52000427246094,151.9600067138672,456899.0
2024-07-09T09:30:00-04:00,152.9199981689453,155.66000366210938,152.61000061035156,154.48500061035156,797953.0
2024-07-09T10:30:00-04:00,154.42999267578125,154.91000366210938,154.13999938964844,154.6649932861328,378733.0
2024-07-09T11:30:00-04:00,154.67999267578125,155.19000244140625,154.63999938964844,154.86000061035156,465884.0
2024-07-09T12:30:00-04:00,154.8699951171875,154.9499969482422,153.85000610351562,153.94000244140625,284067.0
2024-07-09T13:30:00-04:00,153.94000244140625,153.94000244140625,152.00999450683594,152.07000732421875,515240.0
2024-07-09T14:30:00-04:00,152.10499572753906,153.25,151.97000122070312,152.89999389648438,551140.0
2024-07-09T15:30:00-04:00,152.89999389648438,153.1699981689453,152.3350067138672,152.44000244140625,618173.0
2024-07-10T09:30:00-04:00,153.11000061035156,153.13999938964844,151.6800994873047,151.85499572753906,402763.0
2024-07-10T10:30:00-04:00,151.8300018310547,151.8300018310547,150.47999572753906,151.00999450683594,253739.0
2024-07-10T11:30:00-04:00,151.02999877929688,151.0800018310547,150.08999633789062,150.52999877929688,298687.0
2024-07-10T12:30:00-04:00,150.52999877929688,151.3300018310547,150.4600067138672,151.1999969482422,411816.0
2024-07-10T13:30:00-04:00,151.22000122070312,151.35000610351562,150.88999938964844,151.11019897460938,264015.0
2024-07-10T14:30:00-04:00,151.1300048828125,151.8000030517578,151.1300048828125,151.3800048828125,413821.0
2024-07-10T15:30:00-04:00,151.3699951171875,152.1999969482422,151.0399932861328,151.83999633789062,596723.0
2024-07-11T09:30:00-04:00,150.5800018310547,152.0,148.89999389648438,150.94000244140625,745164.0
2024-07-11T10:30:00-04:00,150.9199981689453,151.02999877929688,149.4199981689453,149.5399932861328,510562.0
2024-07-11T11:30:00-04:00,149.47000122070312,149.57000732421875,148.6199951171875,148.72000122070312,487761.0
2024-07-11T12:30:00-04:00,148.72000122070312,149.02999877929688,145.50010681152344,147.13999938964844,1029807.0
2024-07-11T13:30:00-04:00,147.08999633789062,147.1649932861328,144.1300048828125,145.6999969482422,905764.0
2024-07-11T14:30:00-04:00,145.83999633789062,146.84500122070312,145.61000061035156,146.1284942626953,776850.0
2024-07-11T15:30:00-04:00,146.09500122070312,146.72000122070312,145.6300048828125,146.0,1048654.0
2024-07-12T09:30:00-04:00,146.8300018310547,148.0,146.19000244140625,146.5399932861328,472877.0
2024-07-12T10:30:00-04:00,146.5399932861328,147.3699951171875,146.50999450683594,147.13999938964844,296198.0
2024-07-12T11:30:00-04:00,147.13999938964844,147.64999389648438,146.42999267578125,146.7949981689453,310410.0
2024-07-12T12:30:00-04:00,146.8000030517578,147.74000549316406,146.63999938964844,147.41000366210938,237710.0
2024-07-12T13:30:00-04:00,147.41000366210938,147.92999267578125,147.1999969482422,147.50999450683594,299535.0
2024-07-12T14:30:00-04:00,147.4949951171875,147.60000610351562,147.1699981689453,147.47999572753906,309592.0
2024-07-12T15:30:00-04:00,147.47999572753906,147.55999755859375,146.52999877929688,146.8300018310547,522454.0
2024-07-15T09:30:00-04:00,144.77499389648438,148.4499969482422,144.77499389648438,146.7899932861328,607228.0
2024-07-15T10:30:00-04:00,146.7899932861328,147.5800018310547,146.75999450683594,147.1300048828125,338405.0
2024-07-15T11:30:00-04:00,147.11000061035156,147.4600067138672,146.75999450683594,147.24000549316406,244336.0
2024-07-15T12:30:00-04:00,147.27499389648438,147.3000030517578,146.64999389648438,146.8699951171875,166851.0
2024-07-15T13:30:00-04:00,146.84500122070312,147.16000366210938,146.57000732421875,147.1199951171875,153521.0
2024-07-15T14:30:00-04:00,147.14999389648438,147.17999267578125,146.76499938964844,147.02000427246094,246805.0
2024-07-15T15:30:00-04:00,147.07749938964844,147.23500061035156,146.57000732421875,147.22999572753906,381128.0
2024-07-16T09:30:00-04:00,148.38999938964844,150.27000427246094,147.8800048828125,149.9499969482422,656453.0
2024-07-16T10:30:00-04:00,149.92999267578125,150.47999572753906,149.74000549316406,150.1199951171875,343106.0
2024-07-16T11:30:00-04:00,150.11000061035156,150.3300018310547,149.63999938964844,150.0399932861328,217731.0
2024-07-16T12:30:00-04:00,150.05999755859375,150.77609252929688,149.47999572753906,150.4600067138672,255462.0
2024-07-16T13:30:00-04:00,150.4600067138672,151.2899932861328,150.4600067138672,151.1699981689453,295562.0
2024-07-16T14:30:00-04:00,151.1750030517578,151.63999938964844,151.08999633789062,151.25999450683594,320488.0
2024-07-16T15:30:00-04:00,151.22999572753906,151.2899932861328,150.47999572753906,151.25,532693.0
2024-07-17T09:30:00-04:00,149.24000549316406,150.02999877929688,148.72999572753906,148.72999572753906,389491.0
2024-07-17T10:30:00-04:00,148.74000549316406,149.1300048828125,147.6199951171875,147.8800048828125,290760.0
2024-07-17T11:30:00-04:00,147.86000061035156,148.27000427246094,147.60000610351562,147.72999572753906,247613.0
2024-07-17T12:30:00-04:00,147.7899932861328,147.97999572753906,147.25999450683594,147.6699981689453,339448.0
2024-07-17T13:30:00-04:00,147.6699981689453,148.35000610351562,147.47999572753906,148.25999450683594,322848.0
2024-07-17T14:30:00-04:00,148.25,148.39500427246094,147.7100067138672,148.15499877929688,418087.0
2024-07-17T15:30:00-04:00,148.1699981689453,148.3699951171875,147.66000366210938,148.0,589085.0
2024-07-18T09:30:00-04:00,148.1699981689453,150.14500427246094,148.0500030517578,149.18499755859375,537814.0
2024-07-18T10:30:00-04:00,149.14999389648438,149.52999877929688,147.41000366210938,147.67999267578125,522059.0
2024-07-18T11:30:00-04:00,147.7100067138672,148.02000427246094,147.30999755859375,147.70989990234375,477980.0
2024-07-18T12:30:00-04:00,147.66000366210938,148.13999938964844,147.3699951171875,147.69000244140625,262048.0
2024-07-18T13:30:00-04:00,147.6699981689453,148.08999633789062,147.44000244140625,147.56500244140625,311727.0
2024-07-18T14:30:00-04:00,147.56500244140625,147.92999267578125,147.24000549316406,147.33999633789062,437136.0
2024-07-18T15:30:00-04:00,147.33999633789062,147.82000732421875,146.75999450683594,146.92999267578125,600698.0
2024-07-19T09:30:00-04:00,147.10000610351562,149.15750122070312,147.02999877929688,148.8300018310547,489703.0
2024-07-19T10:30:00-04:00,148.91000366210938,149.16000366210938,148.1800994873047,148.27999877929688,291490.0
2024-07-19T11:30:00-04:00,148.27999877929688,148.52999877929688,147.75999450683594,147.81500244140625,351418.0
2024-07-19T12:30:00-04:00,147.8300018310547,147.8300018310547,147.17999267578125,147.74000549316406,255429.0
2024-07-19T13:30:00-04:00,147.75,147.83999633789062,147.22000122070312,147.57000732421875,325842.0
2024-07-19T14:30:00-04:00,147.55999755859375,148.0500030517578,147.1699981689453,147.9600067138672,277120.0
2024-07-19T15:30:00-04:00,147.9600067138672,148.19000244140625,147.86000061035156,148.00100708007812,657026.0
2024-07-22T09:30:00-04:00,148.13999938964844,149.14999389648438,146.5500030517578,148.14999389648438,711377.0
2024-07-22T10:30:00-04:00,148.22999572753906,150.05999755859375,148.0500030517578,148.10000610351562,422361.0
2024-07-22T11:30:00-04:00,148.13999938964844,148.5500030517578,147.88389587402344,148.375,231132.0
2024-07-22T12:30:00-04:00,148.375,150.14999389648438,148.3000030517578,150.05999755859375,271544.0
2024-07-22T13:30:00-04:00,150.0850067138672,150.17999267578125,149.66000366210938,150.0,343476.0
2024-07-22T14:30:00-04:00,150.02000427246094,150.30999755859375,149.80999755859375,150.09500122070312,570459.0
2024-07-22T15:30:00-04:00,150.09500122070312,150.3699951171875,150.0,150.17999267578125,600235.0
2024-07-23T09:30:00-04:00,150.4340057373047,151.25,149.33999633789062,150.16000366210938,514566.0
2024-07-23T10:30:00-04:00,150.16000366210938,150.16000366210938,148.50999450683594,149.49000549316406,197475.0
2024-07-23T11:30:00-04:00,149.5399932861328,149.55999755859375,148.50999450683594,148.67999267578125,177130.0
2024-07-23T12:30:00-04:00,148.5800018310547,148.64500427246094,147.8300018310547,148.5,393387.0
2024-07-23T13:30:00-04:00,148.4600067138672,148.60000610351562,148.13999938964844,148.48500061035156,179335.0
2024-07-23T14:30:00-04:00,148.48500061035156,148.88900756835938,148.25,148.27999877929688,187761.0
2024-07-23T15:30:00-04:00,148.27999877929688,148.7899932861328,148.25999450683594,148.75,397140.0
2024-07-24T09:30:00-04:00,146.52999877929688,147.11000061035156,142.97999572753906,143.99000549316406,1360336.0
2024-07-24T10:30:00-04:00,144.0030059814453,144.5500030517578,143.66000366210938,144.33999633789062,513170.0
2024-07-24T11:30:00-04:00,144.3300018310547,144.5399932861328,143.86000061035156,144.05499267578125,307244.0
2024-07-24T12:30:00-04:00,144.05499267578125,144.6999969482422,143.6699981689453,144.61000061035156,306116.0
2024-07-24T13:30:00-04:00,144.57000732421875,144.9600067138672,144.4199981689453,144.52000427246094,321028.0
2024-07-24T14:30:00-04:00,144.51499938964844,144.55960083007812,143.97000122070312,144.4600067138672,407112.0
2024-07-24T15:30:00-04:00,144.47500610351562,145.1300048828125,143.92999267578125,144.24000549316406,1148636.0
2024-07-25T09:30:00-04:00,141.58999633789062,141.74000549316406,137.5800018310547,140.13499450683594,1693899.0
2024-07-25T10:30:00-04:00,140.0800018310547,141.3800048828125,139.91000366210938,140.4199981689453,736375.0
2024-07-25T11:30:00-04:00,140.4199981689453,141.6300048828125,139.94000244140625,141.55499267578125,374821.0
2024-07-25T12:30:00-04:00,141.48500061035156,141.89999389648438,140.55999755859375,140.7050018310547,514703.0
2024-07-25T13:30:00-04:00,140.7050018310547,140.97999572753906,140.25,140.49000549316406,416019.0
2024-07-25T14:30:00-04:00,140.4949951171875,141.10000610351562,140.08599853515625,141.02999877929688,512201.0
2024-07-25T15:30:00-04:00,141.01499938964844,141.1300048828125,139.9499969482422,140.0399932861328,879780.0
2024-07-26T09:30:00-04:00,141.89999389648438,141.89999389648438,139.52999877929688,140.16000366210938,966303.0
2024-07-26T10:30:00-04:00,140.13999938964844,140.50999450683594,139.33999633789062,139.49000549316406,703345.0
2024-07-26T11:30:00-04:00,139.47999572753906,140.9199981689453,139.4199981689453,139.72000122070312,688350.0
2024-07-26T12:30:00-04:00,139.72000122070312,140.50999450683594,139.4600067138672,140.38999938964844,753337.0
2024-07-26T13:30:00-04:00,140.38499450683594,140.44000244140625,139.16000366210938,139.97000122070312,361882.0
2024-07-26T14:30:00-04:00,139.9499969482422,140.07000732421875,139.02999877929688,140.0449981689453,468058.0
2024-07-26T15:30:00-04:00,140.0500030517578,140.25,139.7050018310547,140.0800018310547,667745.0
2024-07-29T09:30:00-04:00,141.00999450683594,142.25990295410156,140.0,141.91000366210938,522196.0
2024-07-29T10:30:00-04:00,141.86500549316406,142.0500030517578,140.89999389648438,141.5,301030.0
2024-07-29T11:30:00-04:00,141.5,142.42990112304688,140.89999389648438,142.14999389648438,260862.0
2024-07-29T12:30:00-04:00,142.14999389648438,142.2899932861328,141.52999877929688,141.52999877929688,183216.0
2024-07-29T13:30:00-04:00,141.52999877929688,141.66799926757812,140.85000610351562,141.0,198866.0
2024-07-29T14:30:00-04:00,140.98460388183594,141.29989624023438,140.49000549316406,141.125,267827.0
2024-07-29T15:30:00-04:00,141.1300048828125,141.43899536132812,140.24000549316406,140.25999450683594,583528.0
2024-07-30T09:30:00-04:00,140.5749969482422,140.99000549316406,139.71499633789062,139.99000549316406,355858.0
2024-07-30T10:30:00-04:00,140.02000427246094,140.33999633789062,139.52499389648438,139.80999755859375,294433.0
2024-07-30T11:30:00-04:00,139.74000549316406,139.8800048828125,138.3300018310547,138.64500427246094,290296.0
2024-07-30T12:30:00-04:00,138.6199951171875,138.64990234375,137.89999389648438,138.55499267578125,323228.0
2024-07-30T13:30:00-04:00,138.55499267578125,139.0800018310547,138.3800048828125,138.9375,226245.0
2024-07-30T14:30:00-04:00,138.94000244140625,139.10000610351562,138.57000732421875,138.8800048828125,345793.0
2024-07-30T15:30:00-04:00,138.88999938964844,139.59500122070312,138.86000061035156,138.97999572753906,603064.0
2024-07-31T09:30:00-04:00,140.7899932861328,141.1699981689453,139.1699981689453,140.47999572753906,472058.0
2024-07-31T10:30:00-04:00,140.57000732421875,140.9499969482422,139.75999450683594,140.9499969482422,281893.0
2024-07-31T11:30:00-04:00,140.9499969482422,141.2198944091797,140.61000061035156,140.74000549316406,253018.0
2024-07-31T12:30:00-04:00,140.7100067138672,140.97999572753906,140.4199981689453,140.58999633789062,191234.0
2024-07-31T13:30:00-04:00,140.52999877929688,140.52999877929688,139.8800048828125,140.13999938964844,270187.0
2024-07-31T14:30:00-04:00,140.14999389648438,141.10000610351562,139.77000427246094,139.91000366210938,470736.0
2024-07-31T15:30:00-04:00,139.88999938964844,140.22000122070312,139.3300018310547,139.52000427246094,634546.0
2024-08-01T09:30:00-04:00,139.6999969482422,139.77999877929688,136.86000061035156,136.89999389648438,676716.0
2024-08-01T10:30:00-04:00,136.89999389648438,137.18499755859375,134.77999877929688,135.0800018310547,645609.0
2024-08-01T11:30:00-04:00,134.99000549316406,135.33999633789062,134.00999450683594,134.25,452918.0
2024-08-01T12:30:00-04:00,134.1999969482422,134.24000549316406,133.05499267578125,133.1699981689453,429501.0
2024-08-01T13:30:00-04:00,133.19000244140625,134.36990356445312,132.89999389648438,133.27999877929688,585294.0
2024-08-01T14:30:00-04:00,133.27999877929688,133.50999450683594,133.00999450683594,133.3300018310547,582582.0
2024-08-01T15:30:00-04:00,133.36000061035156,135.27999877929688,133.25999450683594,135.08999633789062,986810.0
2024-08-02T09:30:00-04:00,129.1999969482422,129.60000610351562,126.5,128.10000610351562,2275478.0
2024-08-02T10:30:00-04:00,128.07000732421875,128.9459991455078,127.0,127.30500030517578,846199.0
2024-08-02T11:30:00-04:00,127.30999755859375,128.91000366210938,127.19999694824219,127.87000274658203,660512.0
2024-08-02T12:30:00-04:00,127.83000183105469,128.3699951171875,127.44999694824219,128.05999755859375,591249.0
2024-08-02T13:30:00-04:00,128.0500030517578,128.3874969482422,127.69000244140625,127.91999816894531,666501.0
2024-08-02T14:30:00-04:00,127.94999694824219,128.8000030517578,127.93000030517578,128.6300048828125,770527.0
2024-08-02T15:30:00-04:00,128.63999938964844,128.69000244140625,127.9800033569336,128.25,1124418.0
2024-08-05T09:30:00-04:00,123.69000244140625,125.94999694824219,122.05999755859375,123.63999938964844,1763812.0
2024-08-05T10:30:00-04:00,123.61000061035156,124.9000015258789,122.76000213623047,124.25,1175256.0
2024-08-05T11:30:00-04:00,124.18000030517578,125.79000091552734,123.94000244140625,125.63500213623047,649401.0
2024-08-05T12:30:00-04:00,125.5999984741211,125.5999984741211,123.76000213623047,124.88999938964844,660978.0
2024-08-05T13:30:00-04:00,124.91000366210938,125.19999694824219,124.16999816894531,124.30999755859375,423972.0
2024-08-05T14:30:00-04:00,124.19999694824219,124.76000213623047,123.87000274658203,124.70500183105469,651205.0
2024-08-05T15:30:00-04:00,124.7300033569336,125.4000015258789,124.2300033569336,125.38999938964844,1051179.0
2024-08-06T09:30:00-04:00,126.90499877929688,129.5050048828125,126.30000305175781,129.16000366210938,1404751.0
2024-08-06T10:30:00-04:00,129.24000549316406,130.6649932861328,128.5800018310547,128.8800048828125,1001847.0
2024-08-06T11:30:00-04:00,128.9149932861328,130.8300018310547,128.8000030517578,130.36000061035156,1006293.0
2024-08-06T12:30:00-04:00,130.38999938964844,131.44000244140625,130.22999572753906,131.1199951171875,943360.0
2024-08-06T13:30:00-04:00,131.1199951171875,131.4499969482422,130.66000366210938,131.1199951171875,679878.0
2024-08-06T14:30:00-04:00,131.10000610351562,131.22000122070312,129.9600067138672,131.05999755859375,1121246.0
2024-08-06T15:30:00-04:00,131.02999877929688,131.44000244140625,130.19500732421875,130.38999938964844,1449147.0
2024-08-07T09:30:00-04:00,112.43000030517578,113.19999694824219,110.4000015258789,110.58000183105469,11631933.0
2024-08-07T10:30:00-04:00,110.59989929199219,115.55000305175781,110.51000213623047,114.3499984741211,4656616.0
2024-08-07T11:30:00-04:00,114.41999816894531,114.75,112.72000122070312,113.81749725341797,2598524.0
2024-08-07T12:30:00-04:00,113.7699966430664,113.80000305175781,111.0,111.45999908447266,2114291.0
2024-08-07T13:30:00-04:00,111.5199966430664,111.91000366210938,111.16000366210938,111.5199966430664,1483221.0
2024-08-07T14:30:00-04:00,111.5,111.97000122070312,110.87000274658203,111.08499908447266,1757087.0
2024-08-07T15:30:00-04:00,111.08499908447266,113.0199966430664,110.5,113.0,3383936.0
2024-08-08T09:30:00-04:00,113.9800033569336,114.6050033569336,112.41999816894531,114.34500122070312,1905688.0
2024-08-08T10:30:00-04:00,114.44999694824219,116.08000183105469,114.16000366210938,115.1041030883789,1248729.0
2024-08-08T11:30:00-04:00,115.06500244140625,116.43000030517578,114.68329620361328,115.76000213623047,775984.0
2024-08-08T12:30:00-04:00,115.75,115.91999816894531,114.76000213623047,115.55500030517578,689363.0
2024-08-08T13:30:00-04:00,115.54540252685547,115.69000244140625,114.77999877929688,115.04000091552734,538015.0
2024-08-08T14:30:00-04:00,115.04499816894531,115.56999969482422,114.56999969482422,114.59500122070312,751606.0
2024-08-08T15:30:00-04:00,114.56999969482422,114.91000366210938,113.81999969482422,114.62999725341797,1357042.0
2024-08-09T09:30:00-04:00,114.29000091552734,116.26000213623047,112.62000274658203,114.08000183105469,1020667.0
2024-08-09T10:30:00-04:00,114.05000305175781,114.63819885253906,113.56009674072266,114.19999694824219,595119.0
2024-08-09T11:30:00-04:00,114.20500183105469,114.72000122070312,113.98049926757812,114.45500183105469,448870.0
2024-08-09T12:30:00-04:00,114.39009857177734,115.37999725341797,114.39009857177734,115.02999877929688,442984.0
2024-08-09T13:30:00-04:00,115.02999877929688,115.0999984741211,114.38999938964844,114.44999694824219,376093.0
2024-08-09T14:30:00-04:00,114.41000366210938,114.70999908447266,114.0999984741211,114.44000244140625,456023.0
2024-08-09T15:30:00-04:00,114.44999694824219,115.29000091552734,114.44999694824219,115.06999969482422,721702.0
2024-08-12T09:30:00-04:00,115.18000030517578,115.27999877929688,113.77999877929688,114.37999725341797,805278.0
2024-08-12T10:30:00-04:00,114.34010314941406,115.08999633789062,114.11000061035156,114.83999633789062,669958.0
2024-08-12T11:30:00-04:00,114.80000305175781,115.05999755859375,114.17970275878906,114.87000274658203,373891.0
2024-08-12T12:30:00-04:00,114.84500122070312,114.88999938964844,113.6449966430664,113.9800033569336,391077.0
2024-08-12T13:30:00-04:00,113.97000122070312,114.16999816894531,113.70500183105469,113.91000366210938,308286.0
2024-08-12T14:30:00-04:00,113.91999816894531,114.06999969482422,113.55000305175781,113.79129791259766,406885.0
2024-08-12T15:30:00-04:00,113.77999877929688,113.79989624023438,113.2699966430664,113.5999984741211,599342.0
2024-08-13T09:30:00-04:00,114.44999694824219,115.76950073242188,114.05000305175781,115.76950073242188,1056383.0
2024-08-13T10:30:00-04:00,115.72000122070312,116.72000122070312,115.62000274658203,116.04000091552734,624392.0
2024-08-13T11:30:00-04:00,116.06999969482422,117.41999816894531,116.0,117.1500015258789,478354.0
2024-08-13T12:30:00-04:00,117.11000061035156,117.7699966430664,117.04499816894531,117.57499694824219,428708.0
2024-08-13T13:30:00-04:00,117.5999984741211,117.69000244140625,117.04299926757812,117.12999725341797,372733.0
2024-08-13T14:30:00-04:00,117.12000274658203,117.20999908447266,116.63999938964844,117.02899932861328,555244.0
2024-08-13T15:30:00-04:00,117.04000091552734,117.2699966430664,116.72000122070312,116.91500091552734,653208.0
2024-08-14T09:30:00-04:00,117.72000122070312,118.73999786376953,116.9800033569336,117.69999694824219,908377.0
2024-08-14T10:30:00-04:00,117.7300033569336,117.76000213623047,116.80999755859375,117.11000061035156,405931.0
2024-08-14T11:30:00-04:00,117.16000366210938,117.5875015258789,116.6500015258789,116.70999908447266,239047.0
2024-08-14T12:30:00-04:00,116.69000244140625,117.58000183105469,116.6500015258789,117.2699966430664,274819.0
2024-08-14T13:30:00-04:00,117.29000091552734,117.55999755859375,116.66000366210938,116.87999725341797,354364.0
2024-08-14T14:30:00-04:00,116.87999725341797,117.12999725341797,116.76000213623047,116.91000366210938,264019.0
2024-08-14T15:30:00-04:00,116.88999938964844,117.01000213623047,116.18000030517578,116.27999877929688,572296.0
2024-08-15T09:30:00-04:00,117.70999908447266,118.02999877929688,116.75,116.88500213623047,1316511.0
2024-08-15T10:30:00-04:00,116.91999816894531,117.5199966430664,116.37000274658203,117.0199966430664,686587.0
2024-08-15T11:30:00-04:00,117.04000091552734,117.8499984741211,116.55000305175781,117.8499984741211,516122.0
2024-08-15T12:30:00-04:00,117.87999725341797,118.08999633789062,117.44000244140625,117.8906021118164,415279.0
2024-08-15T13:30:00-04:00,117.91999816894531,118.63999938964844,117.9000015258789,118.61000061035156,355930.0
2024-08-15T14:30:00-04:00,118.61000061035156,118.76000213623047,118.3550033569336,118.69000244140625,483293.0
2024-08-15T15:30:00-04:00,118.69029998779297,119.13300323486328,118.45999908447266,118.88999938964844,723853.0
2024-08-16T09:30:00-04:00,117.77999877929688,118.80000305175781,116.41000366210938,116.83000183105469,1167050.0
2024-08-16T10:30:00-04:00,116.83000183105469,116.88999938964844,116.30000305175781,116.54499816894531,593402.0
2024-08-16T11:30:00-04:00,116.55000305175781,117.05999755859375,116.44000244140625,116.94249725341797,414306.0
2024-08-16T12:30:00-04:00,116.97000122070312,117.37000274658203,116.62999725341797,117.13999938964844,325005.0
2024-08-16T13:30:00-04:00,117.16500091552734,117.23999786376953,116.63999938964844,116.69999694824219,304315.0
2024-08-16T14:30:00-04:00,116.71499633789062,116.86000061035156,116.55000305175781,116.62000274658203,364771.0
2024-08-16T15:30:00-04:00,116.62999725341797,116.75499725341797,116.22000122070312,116.33999633789062,776853.0
2024-08-19T09:30:00-04:00,116.95999908447266,117.41999816894531,116.44000244140625,117.15499877929688,560504.0
2024-08-19T10:30:00-04:00,117.15499877929688,118.12999725341797,117.0199966430664,117.87000274658203,435318.0
2024-08-19T11:30:00-04:00,117.91999816894531,118.16999816894531,117.41999816894531,118.11589813232422,403556.0
2024-08-19T12:30:00-04:00,118.08000183105469,119.13999938964844,118.02999877929688,119.08000183105469,491483.0
2024-08-19T13:30:00-04:00,119.08000183105469,119.30000305175781,118.16010284423828,118.34359741210938,416160.0
2024-08-19T14:30:00-04:00,118.33999633789062,118.80500030517578,118.33999633789062,118.78199768066406,478806.0
2024-08-19T15:30:00-04:00,118.7699966430664,119.19000244140625,118.62000274658203,119.1500015258789,646375.0
2024-08-20T09:30:00-04:00,118.91999816894531,119.27999877929688,117.82099914550781,118.09989929199219,800155.0
2024-08-20T10:30:00-04:00,118.0999984741211,118.75,117.81999969482422,118.20999908447266,424741.0
2024-08-20T11:30:00-04:00,118.19000244140625,118.54000091552734,117.81999969482422,117.95999908447266,388845.0
2024-08-20T12:30:00-04:00,117.94000244140625,118.0199966430664,117.17500305175781,117.66999816894531,377528.0
2024-08-20T13:30:00-04:00,117.66500091552734,118.29000091552734,117.62000274658203,118.15499877929688,373695.0
2024-08-20T14:30:00-04:00,118.17900085449219,118.19999694824219,117.4800033569336,117.52999877929688,328362.0
2024-08-20T15:30:00-04:00,117.55500030517578,118.01899719238281,117.36000061035156,117.37999725341797,619572.0
2024-08-21T09:30:00-04:00,118.0,118.25499725341797,117.33499908447266,117.4800033569336,601483.0
2024-08-21T10:30:00-04:00,117.46499633789062,118.04000091552734,117.08499908447266,117.4000015258789,398683.0
2024-08-21T11:30:00-04:00,117.37000274658203,117.49500274658203,116.69999694824219,117.0,406369.0
2024-08-21T12:30:00-04:00,116.9800033569336,117.16000366210938,116.86000061035156,116.87999725341797,307714.0
2024-08-21T13:30:00-04:00,116.88500213623047,117.52999877929688,116.88500213623047,117.4000015258789,316183.0
2024-08-21T14:30:00-04:00,117.41000366210938,117.61000061035156,117.18000030517578,117.52999877929688,543007.0
2024-08-21T15:30:00-04:00,117.55500030517578,118.05999755859375,117.51000213623047,117.6500015258789,731865.0
2024-08-22T09:30:00-04:00,117.68000030517578,118.3949966430664,116.9000015258789,117.19000244140625,737355.0
2024-08-22T10:30:00-04:00,117.1500015258789,117.1500015258789,116.25,116.37999725341797,803459.0
2024-08-22T11:30:00-04:00,116.37999725341797,116.43000030517578,115.76000213623047,116.30999755859375,513445.0
2024-08-22T12:30:00-04:00,116.33000183105469,116.5999984741211,115.83000183105469,116.41000366210938,357557.0
2024-08-22T13:30:00-04:00,116.38999938964844,116.5,115.62000274658203,116.20999908447266,439086.0
2024-08-22T14:30:00-04:00,116.18000030517578,116.3499984741211,115.61000061035156,115.68000030517578,411804.0
2024-08-22T15:30:00-04:00,115.66999816894531,115.80500030517578,115.30400085449219,115.44999694824219,651227.0
2024-08-23T09:30:00-04:00,116.63999938964844,118.69999694824219,116.37000274658203,118.56999969482422,730602.0
2024-08-23T10:30:00-04:00,118.58000183105469,118.62000274658203,117.36000061035156,118.03500366210938,497945.0
2024-08-23T11:30:00-04:00,118.02999877929688,118.2699966430664,117.0,117.08999633789062,324905.0
2024-08-23T12:30:00-04:00,117.11979675292969,117.22000122070312,116.61000061035156,117.22000122070312,320276.0
2024-08-23T13:30:00-04:00,117.19999694824219,117.28500366210938,116.87000274658203,117.08999633789062,352895.0
2024-08-23T14:30:00-04:00,117.11499786376953,117.34750366210938,116.83000183105469,116.94000244140625,386245.0
2024-08-23T15:30:00-04:00,116.95999908447266,117.05999755859375,116.4800033569336,116.8489990234375,610980.0
2024-08-26T09:30:00-04:00,116.8499984741211,117.38999938964844,115.8499984741211,116.1050033569336,722053.0
2024-08-26T10:30:00-04:00,116.1050033569336,116.12989807128906,115.58000183105469,115.98870086669922,536336.0
2024-08-26T11:30:00-04:00,115.97000122070312,116.05000305175781,115.62000274658203,116.02999877929688,246055.0
2024-08-26T12:30:00-04:00,116.0250015258789,116.08460235595703,115.83000183105469,115.93000030517578,197433.0
2024-08-26T13:30:00-04:00,115.88500213623047,116.0,115.3499984741211,115.95500183105469,372531.0
2024-08-26T14:30:00-04:00,115.95999908447266,116.2300033569336,115.66000366210938,115.7300033569336,308027.0
2024-08-26T15:30:00-04:00,115.7300033569336,116.08999633789062,115.47000122070312,115.70999908447266,652752.0
2024-08-27T09:30:00-04:00,115.33999633789062,116.79000091552734,115.19999694824219,116.7699966430664,634356.0
2024-08-27T10:30:00-04:00,116.80000305175781,117.41999816894531,116.77999877929688,117.19000244140625,478163.0
2024-08-27T11:30:00-04:00,117.18499755859375,117.27989959716797,116.55999755859375,116.91999816894531,348504.0
2024-08-27T12:30:00-04:00,116.94000244140625,116.94000244140625,116.41000366210938,116.73999786376953,240967.0
2024-08-27T13:30:00-04:00,116.76499938964844,117.30999755859375,116.68000030517578,116.72000122070312,346984.0
2024-08-27T14:30:00-04:00,116.70999908447266,116.93499755859375,116.47000122070312,116.8499984741211,376273.0
2024-08-27T15:30:00-04:00,116.83499908447266,116.83999633789062,116.25,116.73999786376953,627018.0
2024-08-28T09:30:00-04:00,116.0,116.78500366210938,115.94000244140625,116.27999877929688,603955.0
2024-08-28T10:30:00-04:00,116.27999877929688,116.44999694824219,115.76000213623047,116.15499877929688,388400.0
2024-08-28T11:30:00-04:00,116.15499877929688,116.37999725341797,116.01000213623047,116.25,223660.0
2024-08-28T12:30:00-04:00,116.29000091552734,117.0999984741211,116.26000213623047,116.72000122070312,260932.0
2024-08-28T13:30:00-04:00,116.69999694824219,116.78279876708984,115.95999908447266,116.36000061035156,322571.0
2024-08-28T14:30:00-04:00,116.37999725341797,117.41899871826172,116.3499984741211,117.26000213623047,485360.0
2024-08-28T15:30:00-04:00,117.26000213623047,117.72000122070312,117.02999877929688,117.55999755859375,704611.0
2024-08-29T09:30:00-04:00,118.19999694824219,119.36000061035156,117.13999938964844,117.625,811139.0
2024-08-29T10:30:00-04:00,117.6500015258789,118.30000305175781,117.62000274658203,117.95999908447266,474381.0
2024-08-29T11:30:00-04:00,117.95999908447266,118.55000305175781,117.80500030517578,118.44999694824219,216887.0
2024-08-29T12:30:00-04:00,118.47000122070312,118.4800033569336,117.73999786376953,117.93000030517578,224645.0
2024-08-29T13:30:00-04:00,117.9000015258789,118.3499984741211,117.45999908447266,117.5250015258789,260562.0
2024-08-29T14:30:00-04:00,117.5,117.5999984741211,116.83000183105469,117.31999969482422,463617.0
2024-08-29T15:30:00-04:00,117.31999969482422,117.41000366210938,116.43499755859375,116.61000061035156,578547.0
2024-08-30T09:30:00-04:00,116.94000244140625,117.91000366210938,116.49500274658203,117.52999877929688,540111.0
2024-08-30T10:30:00-04:00,117.52999877929688,118.05000305175781,116.66999816894531,116.80999755859375,303487.0
2024-08-30T11:30:00-04:00,116.80000305175781,116.95929718017578,116.45999908447266,116.48509979248047,292867.0
2024-08-30T12:30:00-04:00,116.52999877929688,116.91000366210938,116.29000091552734,116.65650177001953,216670.0
2024-08-30T13:30:00-04:00,116.69000244140625,116.87000274658203,116.58999633789062,116.7249984741211,268948.0
2024-08-30T14:30:00-04:00,116.7249984741211,117.30000305175781,116.72000122070312,117.30000305175781,293825.0
2024-08-30T15:30:00-04:00,117.33999633789062,117.44989776611328,116.94999694824219,117.31999969482422,510694.0
2024-09-03T09:30:00-04:00,116.5,117.83499908447266,116.3949966430664,116.63999938964844,671803.0
2024-09-03T10:30:00-04:00,116.66999816894531,116.79000091552734,116.06999969482422,116.16999816894531,475635.0
2024-09-03T11:30:00-04:00,116.19000244140625,116.68000030517578,116.0199966430664,116.52999877929688,398754.0
2024-09-03T12:30:00-04:00,116.51000213623047,116.7698974609375,116.06999969482422,116.43000030517578,455309.0
2024-09-03T13:30:00-04:00,116.43499755859375,116.5,115.36000061035156,115.57129669189453,361086.0
2024-09-03T14:30:00-04:00,115.62000274658203,115.63999938964844,115.06999969482422,115.1500015258789,455556.0
2024-09-03T15:30:00-04:00,115.1344985961914,115.16000366210938,114.12999725341797,114.9800033569336,886883.0
2024-09-04T09:30:00-04:00,114.27999877929688,115.1500015258789,114.19000244140625,115.05500030517578,615704.0
2024-09-04T10:30:00-04:00,115.05999755859375,115.98999786376953,115.0199966430664,115.16999816894531,385724.0
2024-09-04T11:30:00-04:00,115.13999938964844,115.4000015258789,114.70999908447266,115.05999755859375,205978.0
2024-09-04T12:30:00-04:00,115.08000183105469,115.44000244140625,115.08000183105469,115.25,232990.0
2024-09-04T13:30:00-04:00,115.25,115.32499694824219,114.86000061035156,114.94999694824219,299547.0
2024-09-04T14:30:00-04:00,114.94999694824219,115.05000305175781,114.5999984741211,114.9800033569336,348126.0
2024-09-04T15:30:00-04:00,114.97000122070312,115.36000061035156,114.80000305175781,115.18000030517578,513496.0
2024-09-05T09:30:00-04:00,114.88500213623047,116.08000183105469,114.5999984741211,115.80999755859375,585912.0
2024-09-05T10:30:00-04:00,115.94999694824219,116.44999694824219,115.34500122070312,115.5199966430664,403505.0
2024-09-05T11:30:00-04:00,115.5199966430664,115.80999755859375,115.0199966430664,115.76499938964844,447116.0
2024-09-05T12:30:00-04:00,115.73999786376953,115.81999969482422,115.47000122070312,115.4749984741211,285064.0
2024-09-05T13:30:00-04:00,115.51000213623047,116.18000030517578,115.48500061035156,115.66000366210938,332372.0
2024-09-05T14:30:00-04:00,115.66000366210938,116.01000213623047,115.33499908447266,115.70999908447266,366982.0
2024-09-05T15:30:00-04:00,115.68000030517578,116.16000366210938,115.375,116.16000366210938,543056.0
2024-09-06T09:30:00-04:00,116.37999725341797,117.26000213623047,115.8499984741211,116.06999969482422,466772.0
2024-09-06T10:30:00-04:00,116.06999969482422,116.16999816894531,114.54000091552734,114.75,605606.0
2024-09-06T11:30:00-04:00,114.71499633789062,114.8499984741211,113.54000091552734,113.55010223388672,448555.0
2024-09-06T12:30:00-04:00,113.56999969482422,114.28500366210938,113.23999786376953,114.21499633789062,381495.0
2024-09-06T13:30:00-04:00,114.19999694824219,114.43000030517578,113.91000366210938,114.27999877929688,346486.0
2024-09-06T14:30:00-04:00,114.24500274658203,114.52999877929688,113.81999969482422,114.16000366210938,410537.0
2024-09-06T15:30:00-04:00,114.16000366210938,114.61000061035156,114.08999633789062,114.29000091552734,613384.0
2024-09-09T09:30:00-04:00,115.0,117.16500091552734,114.98500061035156,116.87000274658203,731775.0
2024-09-09T10:30:00-04:00,116.91500091552734,116.91500091552734,115.51000213623047,116.18499755859375,456021.0
2024-09-09T11:30:00-04:00,116.19499969482422,117.25,116.12000274658203,117.1050033569336,327367.0
2024-09-09T12:30:00-04:00,117.11000061035156,117.91999816894531,117.0199966430664,117.62989807128906,546288.0
2024-09-09T13:30:00-04:00,117.62999725341797,117.68000030517578,117.30999755859375,117.48999786376953,399451.0
2024-09-09T14:30:00-04:00,117.49019622802734,117.58000183105469,116.36000061035156,116.80280303955078,505441.0
2024-09-09T15:30:00-04:00,116.80999755859375,116.83000183105469,115.66999816894531,116.3499984741211,701913.0
2024-09-10T09:30:00-04:00,117.01000213623047,117.27999877929688,114.19999694824219,114.47000122070312,656427.0
2024-09-10T10:30:00-04:00,114.4800033569336,114.58999633789062,114.0,114.43000030517578,353924.0
2024-09-10T11:30:00-04:00,114.44999694824219,114.52999877929688,112.86000061035156,113.0,471098.0
2024-09-10T12:30:00-04:00,112.97000122070312,114.18000030517578,112.93000030517578,113.81999969482422,337178.0
2024-09-10T13:30:00-04:00,113.83999633789062,114.48999786376953,113.66999816894531,114.41000366210938,383217.0
2024-09-10T14:30:00-04:00,114.4000015258789,115.04000091552734,114.36499786376953,114.73999786376953,520546.0
2024-09-10T15:30:00-04:00,114.73100280761719,115.29000091552734,114.44999694824219,115.12999725341797,768348.0
2024-09-11T09:30:00-04:00,115.08999633789062,115.12000274658203,113.22750091552734,113.22750091552734,485913.0
2024-09-11T10:30:00-04:00,113.22000122070312,113.36000061035156,112.55000305175781,113.20999908447266,555417.0
2024-09-11T11:30:00-04:00,113.24500274658203,114.19999694824219,113.20999908447266,114.19650268554688,323674.0
2024-09-11T12:30:00-04:00,114.22000122070312,114.55999755859375,113.95999908447266,114.55999755859375,362120.0
2024-09-11T13:30:00-04:00,114.56749725341797,115.72000122070312,114.47000122070312,115.68000030517578,298308.0
2024-09-11T14:30:00-04:00,115.69499969482422,115.95999908447266,115.4800033569336,115.82499694824219,447024.0
2024-09-11T15:30:00-04:00,115.80000305175781,116.16999816894531,115.41000366210938,115.9800033569336,651569.0
2024-09-12T09:30:00-04:00,116.33000183105469,116.58499908447266,115.29000091552734,115.73470306396484,380156.0
2024-09-12T10:30:00-04:00,115.75,116.06999969482422,115.05000305175781,115.44999694824219,357345.0
2024-09-12T11:30:00-04:00,115.41000366210938,115.72000122070312,115.34500122070312,115.63999938964844,193671.0
2024-09-12T12:30:00-04:00,115.61009979248047,116.66000366210938,115.47000122070312,116.03379821777344,282106.0
2024-09-12T13:30:00-04:00,116.0,116.86000061035156,115.91000366210938,116.77999877929688,333969.0
2024-09-12T14:30:00-04:00,116.83000183105469,117.13999938964844,116.28009796142578,117.13999938964844,388999.0
2024-09-12T15:30:00-04:00,117.12000274658203,117.37999725341797,116.87000274658203,117.36000061035156,636994.0
2024-09-13T09:30:00-04:00,117.77999877929688,118.37000274658203,117.19000244140625,118.19499969482422,535486.0
2024-09-13T10:30:00-04:00,118.16000366210938,119.19000244140625,118.0199966430664,118.875,572222.0
2024-09-13T11:30:00-04:00,118.88999938964844,119.20999908447266,118.31999969482422,118.44999694824219,405970.0
2024-09-13T12:30:00-04:00,118.43000030517578,119.17500305175781,118.0999984741211,118.88999938964844,331532.0
2024-09-13T13:30:00-04:00,118.88999938964844,118.95999908447266,117.91999816894531,118.0,301499.0
2024-09-13T14:30:00-04:00,118.0250015258789,118.33499908447266,117.8550033569336,118.16000366210938,244030.0
2024-09-13T15:30:00-04:00,118.16000366210938,118.30000305175781,117.65499877929688,117.75,480890.0
2024-09-16T09:30:00-04:00,118.0,118.30000305175781,116.77999877929688,116.79000091552734,497825.0
2024-09-16T10:30:00-04:00,116.79000091552734,117.82959747314453,116.16000366210938,117.67990112304688,378138.0
2024-09-16T11:30:00-04:00,117.62999725341797,117.80999755859375,116.8499984741211,117.18900299072266,236454.0
2024-09-16T12:30:00-04:00,117.19000244140625,117.55999755859375,117.1500015258789,117.51499938964844,261238.0
2024-09-16T13:30:00-04:00,117.51499938964844,117.72000122070312,117.26000213623047,117.5199966430664,586086.0
2024-09-16T14:30:00-04:00,117.4800033569336,117.72000122070312,117.38999938964844,117.5199966430664,237970.0
2024-09-16T15:30:00-04:00,117.54000091552734,117.63059997558594,117.37000274658203,117.52999877929688,379205.0
2024-09-17T09:30:00-04:00,119.87999725341797,124.48999786376953,119.48500061035156,124.48999786376953,2231689.0
2024-09-17T10:30:00-04:00,124.40010070800781,124.73999786376953,122.58999633789062,122.68000030517578,1223670.0
2024-09-17T11:30:00-04:00,122.66000366210938,122.98999786376953,121.8949966430664,122.27999877929688,560343.0
2024-09-17T12:30:00-04:00,122.28500366210938,122.55999755859375,121.72000122070312,122.16999816894531,414147.0
2024-09-17T13:30:00-04:00,122.16999816894531,122.47640228271484,121.52999877929688,122.2072982788086,385112.0
2024-09-17T14:30:00-04:00,122.18499755859375,122.58999633789062,122.08999633789062,122.37000274658203,374126.0
2024-09-17T15:30:00-04:00,122.36000061035156,122.46499633789062,121.66000366210938,122.13999938964844,598323.0
2024-09-18T09:30:00-04:00,122.31999969482422,123.56999969482422,122.0,123.31999969482422,392600.0
2024-09-18T10:30:00-04:00,123.29000091552734,123.42849731445312,122.44000244140625,122.7300033569336,423354.0
2024-09-18T11:30:00-04:00,122.7249984741211,122.80000305175781,122.16000366210938,122.62999725341797,268928.0
2024-09-18T12:30:00-04:00,122.58499908447266,123.08000183105469,122.5250015258789,123.04000091552734,250206.0
2024-09-18T13:30:00-04:00,123.05000305175781,124.83999633789062,122.9000015258789,124.77999877929688,580165.0
2024-09-18T14:30:00-04:00,124.81999969482422,125.6500015258789,122.98999786376953,124.01499938964844,976013.0
2024-09-18T15:30:00-04:00,124.0,124.19000244140625,122.33000183105469,122.43000030517578,489199.0
2024-09-19T09:30:00-04:00,128.64500427246094,131.22000122070312,127.70999908447266,130.63499450683594,3081047.0
2024-09-19T10:30:00-04:00,130.60000610351562,131.35000610351562,129.61000061035156,130.9340057373047,1090441.0
2024-09-19T11:30:00-04:00,130.97999572753906,131.13999938964844,129.80999755859375,130.3699951171875,599484.0
2024-09-19T12:30:00-04:00,130.41000366210938,130.72000122070312,130.19009399414062,130.3795928955078,480877.0
2024-09-19T13:30:00-04:00,130.375,130.72500610351562,129.39999389648438,129.97000122070312,442957.0
2024-09-19T14:30:00-04:00,129.98500061035156,130.02999877929688,128.83999633789062,129.07000732421875,483879.0
2024-09-19T15:30:00-04:00,129.06500244140625,129.2969970703125,128.51499938964844,128.75999450683594,851005.0
2024-09-20T09:30:00-04:00,129.8300018310547,131.49000549316406,129.02999877929688,131.3249969482422,2021098.0
2024-09-20T10:30:00-04:00,131.3498992919922,131.52000427246094,129.63999938964844,130.24000549316406,947832.0
2024-09-20T11:30:00-04:00,130.22999572753906,130.72000122070312,130.0399932861328,130.69500732421875,637449.0
2024-09-20T12:30:00-04:00,130.6699981689453,131.1199951171875,130.44000244140625,130.7899932861328,683744.0
2024-09-20T13:30:00-04:00,130.7899932861328,131.1999969482422,130.5500030517578,131.05999755859375,1021895.0
2024-09-20T14:30:00-04:00,131.05999755859375,131.83999633789062,130.83999633789062,131.64999389648438,974389.0
2024-09-20T15:30:00-04:00,131.63999938964844,131.9499969482422,131.1699981689453,131.17999267578125,1330538.0
2024-09-23T09:30:00-04:00,131.5,131.5500030517578,130.24009704589844,131.4550018310547,473589.0
2024-09-23T10:30:00-04:00,131.44500732421875,131.63999938964844,130.1999969482422,130.47999572753906,391635.0
2024-09-23T11:30:00-04:00,130.47000122070312,130.66000366210938,129.58999633789062,129.82000732421875,430133.0
2024-09-23T12:30:00-04:00,129.8249969482422,130.27000427246094,129.75999450683594,130.19000244140625,287924.0
2024-09-23T13:30:00-04:00,130.1999969482422,130.33999633789062,129.8000030517578,129.89500427246094,283705.0
2024-09-23T14:30:00-04:00,129.86000061035156,129.9600067138672,129.25999450683594,129.27999877929688,447547.0
2024-09-23T15:30:00-04:00,129.28500366210938,129.32000732421875,128.89999389648438,129.07000732421875,577276.0
2024-09-24T09:30:00-04:00,130.5800018310547,131.60989379882812,129.58999633789062,130.8300018310547,627793.0
2024-09-24T10:30:00-04:00,130.7899932861328,130.99000549316406,130.18499755859375,130.30999755859375,350190.0
2024-09-24T11:30:00-04:00,130.30999755859375,131.24000549316406,130.0800018310547,131.0,388980.0
2024-09-24T12:30:00-04:00,131.0,131.25999450683594,130.9600067138672,131.2100067138672,212689.0
2024-09-24T13:30:00-04:00,131.1300048828125,131.50999450683594,130.61000061035156,130.66000366210938,348136.0
2024-09-24T14:30:00-04:00,130.66000366210938,131.47999572753906,130.44009399414062,131.47999572753906,401722.0
2024-09-24T15:30:00-04:00,131.4600067138672,131.6699981689453,131.25,131.5,564477.0
2024-09-25T09:30:00-04:00,131.30999755859375,131.89999389648438,130.3000030517578,130.73069763183594,374882.0
2024-09-25T10:30:00-04:00,130.66000366210938,131.10000610351562,130.5,130.7364044189453,261383.0
2024-09-25T11:30:00-04:00,130.7100067138672,131.3000030517578,130.69000244140625,131.0500030517578,172800.0
2024-09-25T12:30:00-04:00,131.0449981689453,131.11000061035156,130.55999755859375,131.06500244140625,269221.0
2024-09-25T13:30:00-04:00,131.0399932861328,131.1199951171875,130.55850219726562,130.85000610351562,235414.0
2024-09-25T14:30:00-04:00,130.85000610351562,131.13999938964844,130.77000427246094,130.84500122070312,214243.0
2024-09-25T15:30:00-04:00,130.8300018310547,131.1699981689453,130.63999938964844,130.69000244140625,383223.0
2024-09-26T09:30:00-04:00,132.70599365234375,133.33999633789062,129.66000366210938,129.7100067138672,670839.0
2024-09-26T10:30:00-04:00,129.6999969482422,129.99000549316406,129.14599609375,129.44000244140625,406596.0
2024-09-26T11:30:00-04:00,129.41000366210938,129.80999755859375,129.17999267578125,129.44500732421875,320139.0
2024-09-26T12:30:00-04:00,129.38999938964844,129.60000610351562,129.16000366210938,129.58999633789062,225398.0
2024-09-26T13:30:00-04:00,129.60000610351562,130.13499450683594,129.47000122070312,129.8800048828125,305253.0
2024-09-26T14:30:00-04:00,129.88999938964844,129.9600067138672,129.5,129.69000244140625,433422.0
2024-09-26T15:30:00-04:00,129.67999267578125,129.6999969482422,129.17999267578125,129.25999450683594,916809.0
2024-09-27T09:30:00-04:00,130.1699981689453,130.30999755859375,129.25,129.84500122070312,366032.0
2024-09-27T10:30:00-04:00,129.75999450683594,129.94090270996094,128.32000732421875,128.86000061035156,348823.0
2024-09-27T11:30:00-04:00,128.85000610351562,129.25999450683594,128.41000366210938,128.63999938964844,213402.0
2024-09-27T12:30:00-04:00,128.64999389648438,129.0500030517578,128.52999877929688,128.67999267578125,175817.0
2024-09-27T13:30:00-04:00,128.6699981689453,129.14999389648438,128.3300018310547,128.5500030517578,165238.0
2024-09-27T14:30:00-04:00,128.52999877929688,129.0800018310547,128.35000610351562,128.60000610351562,288245.0
2024-09-27T15:30:00-04:00,128.6199951171875,128.69500732421875,128.1699981689453,128.27000427246094,444841.0
2024-09-30T09:30:00-04:00,127.5,128.22999572753906,126.21499633789062,126.61000061035156,775685.0
2024-09-30T10:30:00-04:00,126.66999816894531,127.02999877929688,126.08000183105469,127.0199966430664,549925.0
2024-09-30T11:30:00-04:00,127.0999984741211,127.25,126.36000061035156,127.02999877929688,254171.0
2024-09-30T12:30:00-04:00,127.04000091552734,127.25,126.87010192871094,127.08999633789062,207801.0
2024-09-30T13:30:00-04:00,127.07499694824219,127.2699966430664,125.93419647216797,126.08999633789062,316965.0
2024-09-30T14:30:00-04:00,126.05000305175781,126.91999816894531,125.91999816894531,126.40499877929688,255770.0
2024-09-30T15:30:00-04:00,126.41500091552734,127.0,126.37999725341797,126.83999633789062,464109.0
2024-10-01T09:30:00-04:00,127.3499984741211,128.1999969482422,124.44000244140625,124.69999694824219,734555.0
2024-10-01T10:30:00-04:00,124.68000030517578,124.69000244140625,123.70999908447266,124.37999725341797,448730.0
2024-10-01T11:30:00-04:00,124.3499984741211,125.13999938964844,124.31500244140625,124.90499877929688,345485.0
2024-10-01T12:30:00-04:00,124.87999725341797,124.9000015258789,124.0250015258789,124.33499908447266,392362.0
2024-10-01T13:30:00-04:00,124.32499694824219,125.41999816894531,124.30500030517578,125.36499786376953,412380.0
2024-10-01T14:30:00-04:00,125.38999938964844,125.81999969482422,125.05000305175781,125.6449966430664,342354.0
2024-10-01T15:30:00-04:00,125.62000274658203,125.70999908447266,125.25,125.45999908447266,601125.0
2024-10-02T09:30:00-04:00,125.33000183105469,126.3499984741211,124.88369750976562,125.52999877929688,331438.0
2024-10-02T10:30:00-04:00,125.53500366210938,125.61000061035156,124.86499786376953,125.09010314941406,309257.0
2024-10-02T11:30:00-04:00,125.1500015258789,125.27999877929688,124.79000091552734,125.11499786376953,270340.0
2024-10-02T12:30:00-04:00,125.05000305175781,125.09500122070312,124.55000305175781,125.05999755859375,223867.0
2024-10-02T13:30:00-04:00,125.05000305175781,126.0999984741211,124.70999908447266,125.66999816894531,250666.0
2024-10-02T14:30:00-04:00,125.62999725341797,126.08000183105469,125.54000091552734,125.8949966430664,277715.0
2024-10-02T15:30:00-04:00,125.91999816894531,126.43900299072266,125.8499984741211,126.18000030517578,540850.0
2024-10-03T09:30:00-04:00,124.5999984741211,125.55500030517578,123.9000015258789,124.11499786376953,386514.0
2024-10-03T10:30:00-04:00,124.08000183105469,124.69999694824219,123.59500122070312,124.69999694824219,277753.0
2024-10-03T11:30:00-04:00,124.69999694824219,125.04000091552734,124.6500015258789,124.67019653320312,170255.0
2024-10-03T12:30:00-04:00,124.6500015258789,125.0,124.44999694824219,124.69999694824219,270269.0
2024-10-03T13:30:00-04:00,124.63999938964844,125.00499725341797,124.5,124.77999877929688,195026.0
2024-10-03T14:30:00-04:00,124.75,125.02999877929688,124.62999725341797,124.8904037475586,195072.0
2024-10-03T15:30:00-04:00,124.86499786376953,125.52999877929688,124.77999877929688,125.29000091552734,363979.0
2024-10-04T09:30:00-04:00,128.27000427246094,128.5399932861328,127.2699966430664,128.27499389648438,454055.0
2024-10-04T10:30:00-04:00,128.1999969482422,129.1300048828125,128.06500244140625,128.32000732421875,349075.0
2024-10-04T11:30:00-04:00,128.30999755859375,128.8905029296875,127.97000122070312,128.77999877929688,249102.0
2024-10-04T12:30:00-04:00,128.7899932861328,129.5,128.6699981689453,128.9600067138672,259316.0
2024-10-04T13:30:00-04:00,128.94000244140625,129.2899932861328,128.4600067138672,129.0749969482422,238163.0
2024-10-04T14:30:00-04:00,129.0449981689453,129.62069702148438,128.97999572753906,129.60000610351562,288700.0
2024-10-04T15:30:00-04:00,129.61000061035156,129.9199981689453,129.22999572753906,129.86000061035156,590474.0
2024-10-07T09:30:00-04:00,129.14999389648438,131.25,128.77000427246094,130.85000610351562,535593.0
2024-10-07T10:30:00-04:00,130.84500122070312,131.19000244140625,130.11000061035156,130.8699951171875,254879.0
2024-10-07T11:30:00-04:00,130.78579711914062,130.88999938964844,130.1999969482422,130.88999938964844,197332.0
2024-10-07T12:30:00-04:00,130.88999938964844,131.05999755859375,130.5500030517578,130.6999969482422,220018.0
2024-10-07T13:30:00-04:00,130.72999572753906,131.14999389648438,130.5749969482422,130.75999450683594,294720.0
2024-10-07T14:30:00-04:00,130.67999267578125,130.67999267578125,129.82000732421875,130.2050018310547,388673.0
2024-10-07T15:30:00-04:00,130.22999572753906,130.6300048828125,130.0399932861328,130.22999572753906,490123.0
2024-10-08T09:30:00-04:00,130.14999389648438,133.75,130.14999389648438,133.19000244140625,686024.0
2024-10-08T10:30:00-04:00,133.22999572753906,134.39999389648438,132.67999267578125,133.01199340820312,532656.0
2024-10-08T11:30:00-04:00,133.02999877929688,133.08970642089844,132.5,132.99000549316406,260189.0
2024-10-08T12:30:00-04:00,132.97000122070312,132.99000549316406,131.89999389648438,131.92999267578125,221672.0
2024-10-08T13:30:00-04:00,131.92999267578125,132.57359313964844,131.8800048828125,132.3300018310547,199926.0
2024-10-08T14:30:00-04:00,132.35989379882812,132.77999877929688,132.25,132.61000061035156,250687.0
2024-10-08T15:30:00-04:00,132.5800018310547,133.02999877929688,132.47999572753906,132.49000549316406,490337.0
2024-10-09T09:30:00-04:00,133.0500030517578,134.3574981689453,132.8448028564453,133.43499755859375,527228.0
2024-10-09T10:30:00-04:00,133.44000244140625,134.0399932861328,132.85000610351562,133.9600067138672,229360.0
2024-10-09T11:30:00-04:00,134.00999450683594,134.97999572753906,133.9949951171875,134.86000061035156,354530.0
2024-10-09T12:30:00-04:00,134.88999938964844,134.94000244140625,134.38999938964844,134.8800048828125,224398.0
2024-10-09T13:30:00-04:00,134.88999938964844,135.36000061035156,134.82000732421875,135.27499389648438,530209.0
2024-10-09T14:30:00-04:00,135.22999572753906,135.23989868164062,134.94500732421875,135.1999969482422,373581.0
2024-10-09T15:30:00-04:00,135.2100067138672,135.75999450683594,135.05999755859375,135.47000122070312,799797.0
2024-10-10T09:30:00-04:00,135.5500030517578,136.3699951171875,133.89999389648438,134.49000549316406,583668.0
2024-10-10T10:30:00-04:00,134.49000549316406,134.61000061035156,133.57000732421875,133.57000732421875,421869.0
2024-10-10T11:30:00-04:00,133.59500122070312,133.9600067138672,133.4199981689453,133.55999755859375,250063.0
2024-10-10T12:30:00-04:00,133.5800018310547,133.91600036621094,133.41000366210938,133.84500122070312,229037.0
2024-10-10T13:30:00-04:00,133.8800048828125,134.10000610351562,133.11500549316406,133.25,181468.0
2024-10-10T14:30:00-04:00,133.2550048828125,133.3686981201172,132.72500610351562,132.90199279785156,291731.0
2024-10-10T15:30:00-04:00,132.89999389648438,133.0500030517578,132.52000427246094,132.80999755859375,566586.0
2024-10-11T09:30:00-04:00,132.5,135.33999633789062,132.3000030517578,135.2899932861328,555389.0
2024-10-11T10:30:00-04:00,135.22000122070312,135.27499389648438,134.33999633789062,134.4199981689453,295872.0
2024-10-11T11:30:00-04:00,134.4149932861328,135.177001953125,134.22999572753906,135.09500122070312,265971.0
2024-10-11T12:30:00-04:00,135.09500122070312,135.35499572753906,134.50999450683594,134.66000366210938,242442.0
2024-10-11T13:30:00-04:00,134.6616973876953,134.7100067138672,134.27999877929688,134.50750732421875,214112.0
2024-10-11T14:30:00-04:00,134.52000427246094,134.77999877929688,134.39999389648438,134.39999389648438,267465.0
2024-10-11T15:30:00-04:00,134.3350067138672,134.6699981689453,134.25,134.39999389648438,411838.0
2024-10-14T09:30:00-04:00,133.97000122070312,134.39999389648438,133.4199981689453,133.9199981689453,332527.0
2024-10-14T10:30:00-04:00,133.89999389648438,134.3800048828125,133.5,133.82000732421875,305651.0
2024-10-14T11:30:00-04:00,133.77000427246094,134.77000427246094,133.58140563964844,134.5800018310547,269084.0
2024-10-14T12:30:00-04:00,134.58999633789062,134.6649932861328,134.27000427246094,134.4499969482422,148084.0
2024-10-14T13:30:00-04:00,134.39999389648438,134.5500030517578,134.0800018310547,134.16000366210938,170270.0
2024-10-14T14:30:00-04:00,134.12600708007812,134.6385955810547,134.05999755859375,134.49000549316406,164090.0
2024-10-14T15:30:00-04:00,134.4600067138672,134.97999572753906,134.3000030517578,134.80999755859375,348437.0
2024-10-15T09:30:00-04:00,133.50999450683594,134.0,132.3000030517578,133.48500061035156,975468.0
2024-10-15T10:30:00-04:00,133.47999572753906,133.75,132.67999267578125,133.2899932861328,409332.0
2024-10-15T11:30:00-04:00,133.21499633789062,133.49000549316406,132.89999389648438,133.30250549316406,307005.0
2024-10-15T12:30:00-04:00,133.3300018310547,133.52960205078125,132.89999389648438,133.02000427246094,230735.0
2024-10-15T13:30:00-04:00,132.97999572753906,133.22999572753906,132.83999633789062,133.11000061035156,231974.0
2024-10-15T14:30:00-04:00,133.1199951171875,133.3000030517578,132.42999267578125,132.75,349906.0
2024-10-15T15:30:00-04:00,132.72500610351562,133.3300018310547,132.61000061035156,133.30999755859375,448725.0
2024-10-16T09:30:00-04:00,134.6300048828125,137.39500427246094,134.32000732421875,135.93499755859375,1047781.0
2024-10-16T10:30:00-04:00,135.97999572753906,136.13600158691406,134.61000061035156,134.95689392089844,441467.0
2024-10-16T11:30:00-04:00,134.98399353027344,135.2855987548828,134.44009399414062,134.6300048828125,316899.0
2024-10-16T12:30:00-04:00,134.61000061035156,135.38999938964844,134.61000061035156,134.85499572753906,365785.0
2024-10-16T13:30:00-04:00,134.8300018310547,135.41000366210938,134.8300018310547,135.41000366210938,253429.0
2024-10-16T14:30:00-04:00,135.3699951171875,135.5500030517578,135.1199951171875,135.15499877929688,374268.0
2024-10-16T15:30:00-04:00,135.14999389648438,135.22500610351562,134.9199981689453,135.13999938964844,521634.0
2024-10-17T09:30:00-04:00,135.6999969482422,136.42599487304688,135.11000061035156,135.33999633789062,735328.0
2024-10-17T10:30:00-04:00,135.47799682617188,136.19000244140625,135.14999389648438,136.1699981689453,493278.0
2024-10-17T11:30:00-04:00,136.1699981689453,136.52499389648438,135.86000061035156,136.14999389648438,384615.0
2024-10-17T12:30:00-04:00,136.14999389648438,136.47000122070312,135.97999572753906,136.3000030517578,292401.0
2024-10-17T13:30:00-04:00,136.32000732421875,136.64999389648438,135.58999633789062,135.83999633789062,347376.0
2024-10-17T14:30:00-04:00,135.83509826660156,136.17999267578125,135.70399475097656,135.86000061035156,383362.0
2024-10-17T15:30:00-04:00,135.86000061035156,136.14999389648438,135.7550048828125,136.02000427246094,701838.0
2024-10-18T09:30:00-04:00,136.80999755859375,136.88999938964844,135.16000366210938,136.38999938964844,513370.0
2024-10-18T10:30:00-04:00,136.4499969482422,136.69000244140625,135.74000549316406,135.91000366210938,232419.0
2024-10-18T11:30:00-04:00,135.92999267578125,136.17999267578125,135.3300018310547,135.9600067138672,194077.0
2024-10-18T12:30:00-04:00,135.9600067138672,136.47000122070312,135.9040069580078,135.92999267578125,179457.0
2024-10-18T13:30:00-04:00,135.9600067138672,136.39999389648438,135.8350067138672,136.19500732421875,275338.0
2024-10-18T14:30:00-04:00,136.1699981689453,136.2449951171875,135.97999572753906,136.16400146484375,196662.0
2024-10-18T15:30:00-04:00,136.1699981689453,136.6199951171875,136.07000732421875,136.4600067138672,415338.0
2024-10-21T09:30:00-04:00,135.66000366210938,137.6300048828125,135.1300048828125,136.7050018310547,279224.0
2024-10-21T10:30:00-04:00,136.66000366210938,137.17999267578125,135.6300048828125,135.94500732421875,199145.0
2024-10-21T11:30:00-04:00,135.94000244140625,137.0850067138672,135.6999969482422,136.94000244140625,308622.0
2024-10-21T12:30:00-04:00,136.99000549316406,137.99000549316406,136.99000549316406,137.7100067138672,612315.0
2024-10-21T13:30:00-04:00,137.78500366210938,137.8249969482422,136.9499969482422,137.05999755859375,252697.0
2024-10-21T14:30:00-04:00,137.05999755859375,137.09500122070312,136.75,136.8800048828125,234389.0
2024-10-21T15:30:00-04:00,136.8699951171875,137.3000030517578,136.72999572753906,137.17999267578125,427709.0
2024-10-22T09:30:00-04:00,136.11000061035156,136.3000030517578,135.50100708007812,135.6699981689453,262047.0
2024-10-22T10:30:00-04:00,135.72999572753906,136.22999572753906,135.5850067138672,135.74000549316406,217766.0
2024-10-22T11:30:00-04:00,135.7550048828125,136.0,135.42999267578125,135.4600067138672,155117.0
2024-10-22T12:30:00-04:00,135.42999267578125,135.88999938964844,135.33160400390625,135.6699981689453,176928.0
2024-10-22T13:30:00-04:00,135.6999969482422,136.23989868164062,135.63999938964844,135.88999938964844,192037.0
2024-10-22T14:30:00-04:00,135.91000366210938,135.9600067138672,135.4199981689453,135.47000122070312,247398.0
2024-10-22T15:30:00-04:00,135.46099853515625,135.9499969482422,135.37399291992188,135.58999633789062,360096.0
2024-10-23T09:30:00-04:00,135.0,136.1999969482422,134.49000549316406,134.7899932861328,375641.0
2024-10-23T10:30:00-04:00,134.77999877929688,135.1300048828125,134.023193359375,134.05999755859375,255958.0
2024-10-23T11:30:00-04:00,134.0449981689453,134.6199951171875,133.74000549316406,133.74000549316406,214169.0
2024-10-23T12:30:00-04:00,133.71499633789062,133.9550018310547,133.10000610351562,133.35000610351562,251617.0
2024-10-23T13:30:00-04:00,133.3300018310547,133.3300018310547,131.5500030517578,131.6199951171875,340826.0
2024-10-23T14:30:00-04:00,131.5800018310547,132.1300048828125,131.27999877929688,132.08999633789062,565042.0
2024-10-23T15:30:00-04:00,132.0800018310547,132.3300018310547,131.75999450683594,131.9199981689453,525833.0
2024-10-24T09:30:00-04:00,133.55999755859375,133.75,131.66000366210938,132.66000366210938,443292.0
2024-10-24T10:30:00-04:00,132.7949981689453,133.1199951171875,132.27999877929688,132.75999450683594,201703.0
2024-10-24T11:30:00-04:00,132.8300018310547,132.88999938964844,132.14999389648438,132.83999633789062,199631.0
2024-10-24T12:30:00-04:00,132.8699951171875,133.1699981689453,132.74000549316406,132.84500122070312,206436.0
2024-10-24T13:30:00-04:00,132.83999633789062,132.97000122070312,132.35000610351562,132.52000427246094,300852.0
2024-10-24T14:30:00-04:00,132.5500030517578,132.64999389648438,132.22999572753906,132.57000732421875,256445.0
2024-10-24T15:30:00-04:00,132.55999755859375,132.94000244140625,132.44000244140625,132.72999572753906,712803.0
2024-10-25T09:30:00-04:00,133.3800048828125,134.92999267578125,133.1699981689453,134.64010620117188,393516.0
2024-10-25T10:30:00-04:00,134.63999938964844,135.05499267578125,134.45010375976562,134.66799926757812,375174.0
2024-10-25T11:30:00-04:00,134.66000366210938,135.02000427246094,134.44000244140625,134.860107421875,236614.0
2024-10-25T12:30:00-04:00,134.9149932861328,135.27999877929688,134.6199951171875,134.64999389648438,226386.0
2024-10-25T13:30:00-04:00,134.57000732421875,134.78909301757812,134.1999969482422,134.67999267578125,222771.0
2024-10-25T14:30:00-04:00,134.63999938964844,134.82000732421875,134.24000549316406,134.25,230791.0
2024-10-25T15:30:00-04:00,134.27000427246094,134.67999267578125,134.19000244140625,134.60000610351562,411100.0
2024-10-28T09:30:00-04:00,136.3000030517578,137.3000030517578,135.91000366210938,136.55499267578125,625984.0
2024-10-28T10:30:00-04:00,136.52000427246094,136.60000610351562,135.9199981689453,136.24000549316406,297761.0
2024-10-28T11:30:00-04:00,136.22999572753906,136.49000549316406,135.9550018310547,136.32000732421875,215408.0
2024-10-28T12:30:00-04:00,136.30999755859375,136.3800048828125,135.64999389648438,136.1699981689453,261550.0
2024-10-28T13:30:00-04:00,136.19000244140625,136.36000061035156,135.77389526367188,136.09500122070312,291138.0
2024-10-28T14:30:00-04:00,136.1300048828125,136.25,135.91000366210938,136.05999755859375,264730.0
2024-10-28T15:30:00-04:00,136.05999755859375,136.07000732421875,135.39999389648438,135.82000732421875,683038.0
2024-10-29T09:30:00-04:00,135.27000427246094,136.99000549316406,135.25999450683594,136.28500366210938,573632.0
2024-10-29T10:30:00-04:00,136.2899932861328,137.49000549316406,136.25,137.0800018310547,367120.0
2024-10-29T11:30:00-04:00,137.11000061035156,137.8300018310547,137.0,137.4499969482422,313400.0
2024-10-29T12:30:00-04:00,137.4499969482422,138.35000610351562,137.3699951171875,137.63499450683594,320718.0
2024-10-29T13:30:00-04:00,137.60000610351562,137.7949981689453,137.1999969482422,137.25999450683594,171383.0
2024-10-29T14:30:00-04:00,137.30999755859375,137.94000244140625,137.29800415039062,137.92999267578125,255718.0
2024-10-29T15:30:00-04:00,137.9199981689453,137.92999267578125,137.50999450683594,137.7899932861328,427466.0
2024-10-30T09:30:00-04:00,136.47000122070312,138.47850036621094,136.30999755859375,138.22999572753906,424808.0
2024-10-30T10:30:00-04:00,138.17999267578125,138.66000366210938,137.4199981689453,138.33999633789062,292625.0
2024-10-30T11:30:00-04:00,138.33999633789062,138.66000366210938,137.97169494628906,138.1300048828125,172009.0
2024-10-30T12:30:00-04:00,138.11000061035156,138.11000061035156,137.72999572753906,137.75999450683594,190640.0
2024-10-30T13:30:00-04:00,137.72000122070312,137.82000732421875,137.38999938964844,137.68499755859375,269427.0
2024-10-30T14:30:00-04:00,137.64999389648438,137.8699951171875,137.38499450683594,137.43499755859375,411172.0
2024-10-30T15:30:00-04:00,137.38999938964844,137.5500030517578,136.49000549316406,136.5,737191.0
2024-10-31T09:30:00-04:00,137.77999877929688,137.99000549316406,136.07000732421875,136.27000427246094,1089507.0
2024-10-31T10:30:00-04:00,136.27999877929688,136.43499755859375,134.9199981689453,135.88999938964844,601024.0
2024-10-31T11:30:00-04:00,135.88999938964844,136.42999267578125,135.22000122070312,136.32000732421875,396614.0
2024-10-31T12:30:00-04:00,136.30999755859375,136.39999389648438,135.10000610351562,135.13999938964844,334414.0
2024-10-31T13:30:00-04:00,135.10000610351562,135.11309814453125,134.5,134.69000244140625,422614.0
2024-10-31T14:30:00-04:00,134.81500244140625,135.40499877929688,134.25999450683594,135.1750030517578,453545.0
2024-10-31T15:30:00-04:00,135.19000244140625,135.3000030517578,134.67999267578125,134.80999755859375,871431.0
2024-11-01T09:30:00-04:00,133.89500427246094,136.72000122070312,133.80520629882812,136.64999389648438,437655.0
2024-11-01T10:30:00-04:00,136.63999938964844,136.8800048828125,135.80999755859375,136.60000610351562,322369.0
2024-11-01T11:30:00-04:00,136.63999938964844,136.63999938964844,136.02000427246094,136.0399932861328,212101.0
2024-11-01T12:30:00-04:00,136.10000610351562,136.44000244140625,135.34500122070312,135.83999633789062,271079.0
2024-11-01T13:30:00-04:00,135.8300018310547,136.08999633789062,135.4199981689453,135.63999938964844,277722.0
2024-11-01T14:30:00-04:00,135.57000732421875,136.38999938964844,135.55999755859375,136.17999267578125,289501.0
2024-11-01T15:30:00-04:00,136.16000366210938,136.61000061035156,136.02999877929688,136.4499969482422,467772.0
2024-11-04T09:30:00-05:00,136.22999572753906,137.35000610351562,135.4499969482422,137.08250427246094,375371.0
2024-11-04T10:30:00-05:00,137.1199951171875,137.5500030517578,136.64999389648438,137.0500030517578,279656.0
2024-11-04T11:30:00-05:00,137.05250549316406,137.08990478515625,136.11000061035156,136.8300018310547,252418.0
2024-11-04T12:30:00-05:00,136.85000610351562,137.02000427246094,136.41000366210938,136.8000030517578,145679.0
2024-11-04T13:30:00-05:00,136.77000427246094,136.99000549316406,136.22000122070312,136.35000610351562,196957.0
2024-11-04T14:30:00-05:00,136.3300018310547,136.82000732421875,136.27000427246094,136.47999572753906,307435.0
2024-11-04T15:30:00-05:00,136.41000366210938,137.05999755859375,136.3699951171875,136.88999938964844,474335.0
2024-11-05T09:30:00-05:00,138.05999755859375,140.4199981689453,137.5500030517578,140.13999938964844,996370.0
2024-11-05T10:30:00-05:00,140.1970977783203,140.8699951171875,139.99000549316406,140.3000030517578,771279.0
2024-11-05T11:30:00-05:00,140.25999450683594,140.7100067138672,139.2899932861328,139.72000122070312,433596.0
2024-11-05T12:30:00-05:00,139.77000427246094,139.9398956298828,138.2899932861328,138.36000061035156,273113.0
2024-11-05T13:30:00-05:00,138.36000061035156,138.5500030517578,137.6699981689453,137.8000030517578,320098.0
2024-11-05T14:30:00-05:00,137.82000732421875,138.49000549316406,137.35000610351562,137.55999755859375,1016303.0
2024-11-05T15:30:00-05:00,137.5399932861328,137.88999938964844,137.26499938964844,137.77999877929688,473162.0
2024-11-06T09:30:00-05:00,141.97999572753906,142.9499969482422,140.77000427246094,141.46499633789062,1350234.0
2024-11-06T10:30:00-05:00,141.39120483398438,141.69000244140625,139.41000366210938,139.71009826660156,684932.0
2024-11-06T11:30:00-05:00,139.77000427246094,140.5050048828125,139.47999572753906,140.0749969482422,314543.0
2024-11-06T12:30:00-05:00,140.1199951171875,141.1199951171875,139.9600067138672,141.00900268554688,310661.0
2024-11-06T13:30:00-05:00,141.0399932861328,141.24000549316406,140.64999389648438,141.11000061035156,425042.0
2024-11-06T14:30:00-05:00,141.1199951171875,141.25,140.5,140.52999877929688,434843.0
2024-11-06T15:30:00-05:00,140.55999755859375,141.05999755859375,140.5500030517578,140.92999267578125,680487.0
2024-11-07T09:30:00-05:00,141.8000030517578,145.85000610351562,141.6999969482422,144.66000366210938,1587476.0
2024-11-07T10:30:00-05:00,144.66000366210938,145.22999572753906,144.44000244140625,144.63999938964844,743619.0
2024-11-07T11:30:00-05:00,144.625,145.65499877929688,144.61000061035156,145.02999877929688,788026.0
2024-11-07T12:30:00-05:00,145.0,145.8800048828125,144.55999755859375,145.60000610351562,663968.0
2024-11-07T13:30:00-05:00,145.5800018310547,146.77999877929688,144.82240295410156,146.7799072265625,744139.0
2024-11-07T14:30:00-05:00,146.72999572753906,148.63999938964844,146.57000732421875,148.36000061035156,1851525.0
2024-11-07T15:30:00-05:00,148.38999938964844,148.50999450683594,147.32000732421875,147.39999389648438,1378680.0
2024-11-08T09:30:00-05:00,134.42999267578125,137.7100067138672,133.0,133.5749969482422,7168636.0
2024-11-08T10:30:00-05:00,133.5749969482422,137.27000427246094,132.75999450683594,136.13999938964844,3630145.0
2024-11-08T11:30:00-05:00,136.13999938964844,136.21499633789062,134.08999633789062,135.5,1544802.0
2024-11-08T12:30:00-05:00,135.46499633789062,136.2050018310547,135.08999633789062,135.9217987060547,1169166.0
2024-11-08T13:30:00-05:00,135.94000244140625,136.52999877929688,134.52999877929688,134.7010955810547,1221490.0
2024-11-08T14:30:00-05:00,134.66000366210938,135.64999389648438,134.0800018310547,134.25230407714844,1409517.0
2024-11-08T15:30:00-05:00,134.25999450683594,134.88999938964844,133.72999572753906,134.61000061035156,1976929.0
2024-11-11T09:30:00-05:00,136.10000610351562,138.97999572753906,135.28500366210938,138.85000610351562,1763614.0
2024-11-11T10:30:00-05:00,138.91000366210938,139.16000366210938,137.61000061035156,137.94000244140625,891201.0
2024-11-11T11:30:00-05:00,137.99000549316406,138.55999755859375,137.66000366210938,138.0,510641.0
2024-11-11T12:30:00-05:00,138.02999877929688,138.44000244140625,136.58999633789062,137.0749969482422,595585.0
2024-11-11T13:30:00-05:00,137.11000061035156,137.39999389648438,136.5,136.6457977294922,378841.0
2024-11-11T14:30:00-05:00,136.6300048828125,137.02999877929688,136.17999267578125,136.75,491670.0
2024-11-11T15:30:00-05:00,136.72999572753906,137.7449951171875,136.6199951171875,137.4499969482422,782197.0
2024-11-12T09:30:00-05:00,135.64999389648438,136.1199951171875,133.3300018310547,133.90499877929688,1370078.0
2024-11-12T10:30:00-05:00,133.85000610351562,134.7100067138672,133.52000427246094,134.4600067138672,660204.0
2024-11-12T11:30:00-05:00,134.4600067138672,135.61000061035156,134.3000030517578,135.58999633789062,553375.0
2024-11-12T12:30:00-05:00,135.5500030517578,135.5500030517578,134.44000244140625,134.49000549316406,458827.0
2024-11-12T13:30:00-05:00,134.5050048828125,134.50999450683594,133.4199981689453,134.1199951171875,862434.0
2024-11-12T14:30:00-05:00,134.1199951171875,134.3000030517578,133.75909423828125,133.85000610351562,628721.0
2024-11-12T15:30:00-05:00,133.86000061035156,133.8800048828125,133.1300048828125,133.19000244140625,1199922.0
2024-11-13T09:30:00-05:00,133.91000366210938,135.1300048828125,133.48779296875,134.14999389648438,797396.0
2024-11-13T10:30:00-05:00,134.1750030517578,134.27999877929688,133.39999389648438,133.9149932861328,481078.0
2024-11-13T11:30:00-05:00,133.89999389648438,134.2899932861328,133.3800048828125,133.49000549316406,411287.0
2024-11-13T12:30:00-05:00,133.49000549316406,133.66000366210938,131.75,132.35000610351562,716750.0
2024-11-13T13:30:00-05:00,132.33999633789062,132.7100067138672,131.61000061035156,131.68499755859375,557097.0
2024-11-13T14:30:00-05:00,131.68499755859375,132.47900390625,131.33050537109375,132.41000366210938,536805.0
2024-11-13T15:30:00-05:00,132.41000366210938,132.89999389648438,132.2949981689453,132.72999572753906,740019.0
2024-11-14T09:30:00-05:00,133.74000549316406,135.9600067138672,133.14999389648438,135.25999450683594,848162.0
2024-11-14T10:30:00-05:00,135.24000549316406,136.35000610351562,134.8000030517578,136.35000610351562,505079.0
2024-11-14T11:30:00-05:00,136.39999389648438,136.66000366210938,135.86000061035156,136.13999938964844,440575.0
2024-11-14T12:30:00-05:00,136.10000610351562,136.22999572753906,135.24009704589844,135.6699981689453,336531.0
2024-11-14T13:30:00-05:00,135.64999389648438,135.72000122070312,135.0800018310547,135.1699981689453,338313.0
2024-11-14T14:30:00-05:00,135.22999572753906,135.22999572753906,134.0399932861328,134.27999877929688,483099.0
2024-11-14T15:30:00-05:00,134.17999267578125,134.80999755859375,133.67999267578125,134.5399932861328,844000.0
2024-11-15T09:30:00-05:00,134.2449951171875,134.52999877929688,133.0500030517578,133.30999755859375,542522.0
2024-11-15T10:30:00-05:00,133.2899932861328,133.3699951171875,132.32000732421875,133.1649932861328,564980.0
2024-11-15T11:30:00-05:00,133.1999969482422,133.2449951171875,132.0800018310547,132.22000122070312,397627.0
2024-11-15T12:30:00-05:00,132.21499633789062,132.24000549316406,131.5,131.8249969482422,401770.0
2024-11-15T13:30:00-05:00,131.77999877929688,132.87210083007812,131.32000732421875,132.75999450683594,596811.0
2024-11-15T14:30:00-05:00,132.77999877929688,133.24000549316406,132.61000061035156,132.6300048828125,429303.0
2024-11-15T15:30:00-05:00,132.63999938964844,133.0800018310547,132.26300048828125,132.49000549316406,1069034.0
2024-11-18T09:30:00-05:00,132.6710968017578,133.4499053955078,131.64999389648438,132.40499877929688,698358.0
2024-11-18T10:30:00-05:00,132.38999938964844,132.69000244140625,131.8249969482422,132.13499450683594,497475.0
2024-11-18T11:30:00-05:00,132.13499450683594,132.3000030517578,131.5800018310547,132.18499755859375,367227.0
2024-11-18T12:30:00-05:00,132.13999938964844,132.25999450683594,131.6699981689453,132.0,498954.0
2024-11-18T13:30:00-05:00,131.97999572753906,132.2899932861328,131.8000030517578,131.83999633789062,374952.0
2024-11-18T14:30:00-05:00,131.8300018310547,132.5,131.7100067138672,132.38999938964844,372240.0
2024-11-18T15:30:00-05:00,132.3699951171875,132.375,131.90499877929688,132.17999267578125,765733.0
2024-11-19T09:30:00-05:00,131.00999450683594,131.25,129.8800048828125,130.77999877929688,958623.0
2024-11-19T10:30:00-05:00,130.75999450683594,131.4499969482422,130.5399932861328,131.3000030517578,570056.0
2024-11-19T11:30:00-05:00,131.27999877929688,131.92999267578125,131.00999450683594,131.8800048828125,438570.0
2024-11-19T12:30:00-05:00,131.875,131.92999267578125,131.4499969482422,131.58999633789062,377480.0
2024-11-19T13:30:00-05:00,131.60000610351562,131.6999969482422,131.14999389648438,131.19000244140625,382362.0
2024-11-19T14:30:00-05:00,131.19000244140625,131.22999572753906,130.72999572753906,130.97999572753906,519581.0
2024-11-19T15:30:00-05:00,131.00999450683594,131.89999389648438,130.82000732421875,131.44000244140625,1067857.0
2024-11-20T09:30:00-05:00,130.22000122070312,134.8000030517578,130.22000122070312,134.75999450683594,1486543.0
2024-11-20T10:30:00-05:00,134.72000122070312,135.3300018310547,134.1999969482422,134.27999877929688,883112.0
2024-11-20T11:30:00-05:00,134.27999877929688,135.14999389648438,134.07000732421875,134.89999389648438,560793.0
2024-11-20T12:30:00-05:00,134.89500427246094,135.125,134.11000061035156,134.3249969482422,351307.0
2024-11-20T13:30:00-05:00,134.2899932861328,134.60000610351562,133.91000366210938,134.13999938964844,459616.0
2024-11-20T14:30:00-05:00,134.1199951171875,134.92999267578125,134.04249572753906,134.85499572753906,377540.0
2024-11-20T15:30:00-05:00,134.83999633789062,135.3699951171875,134.68499755859375,135.25999450683594,766719.0
2024-11-21T09:30:00-05:00,134.17999267578125,134.9499969482422,132.5800018310547,132.80499267578125,832142.0
2024-11-21T10:30:00-05:00,132.74000549316406,133.61990356445312,132.60000610351562,133.44000244140625,365047.0
2024-11-21T11:30:00-05:00,133.47500610351562,133.74000549316406,133.0,133.6999969482422,537433.0
2024-11-21T12:30:00-05:00,133.6999969482422,134.15499877929688,133.39999389648438,133.80999755859375,390313.0
2024-11-21T13:30:00-05:00,133.80999755859375,134.2100067138672,133.66000366210938,133.8000030517578,371008.0
2024-11-21T14:30:00-05:00,133.8000030517578,134.0800018310547,133.52000427246094,134.04429626464844,391034.0
2024-11-21T15:30:00-05:00,133.99000549316406,134.00999450683594,133.16000366210938,133.22999572753906,710840.0
2024-11-22T09:30:00-05:00,133.3000030517578,138.86000061035156,133.3000030517578,138.75999450683594,1491488.0
2024-11-22T10:30:00-05:00,138.8300018310547,140.75999450683594,138.19000244140625,138.50860595703125,1444842.0
2024-11-22T11:30:00-05:00,138.4499969482422,138.75999450683594,137.9199981689453,138.58999633789062,570881.0
2024-11-22T12:30:00-05:00,138.58999633789062,138.75999450683594,138.17999267578125,138.36000061035156,347369.0
2024-11-22T13:30:00-05:00,138.36000061035156,138.42999267578125,137.72999572753906,137.9499969482422,313298.0
2024-11-22T14:30:00-05:00,137.94000244140625,137.9550018310547,137.1199951171875,137.25999450683594,352384.0
2024-11-22T15:30:00-05:00,137.22999572753906,137.5399932861328,136.69000244140625,137.30999755859375,740457.0
2024-11-25T09:30:00-05:00,138.10000610351562,140.77999877929688,137.85499572753906,140.02000427246094,763282.0
2024-11-25T10:30:00-05:00,139.9199981689453,140.30999755859375,139.5500030517578,139.97999572753906,443593.0
2024-11-25T11:30:00-05:00,139.97000122070312,140.00999450683594,138.92999267578125,139.0200958251953,395006.0
2024-11-25T12:30:00-05:00,139.07000732421875,139.414794921875,138.65499877929688,139.36500549316406,247755.0
2024-11-25T13:30:00-05:00,139.41000366210938,139.5,138.67999267578125,138.92999267578125,357915.0
2024-11-25T14:30:00-05:00,138.92999267578125,139.67999267578125,138.8800048828125,139.25999450683594,446929.0
2024-11-25T15:30:00-05:00,139.25,141.0,139.07000732421875,140.9600067138672,1471699.0
2024-11-26T09:30:00-05:00,140.66000366210938,141.75,140.13499450683594,140.30999755859375,494780.0
2024-11-26T10:30:00-05:00,140.2949981689453,140.4199981689453,139.77999877929688,140.16000366210938,351763.0
2024-11-26T11:30:00-05:00,140.16000366210938,140.5399932861328,140.0500030517578,140.25,284176.0
2024-11-26T12:30:00-05:00,140.24180603027344,140.4600067138672,140.02999877929688,140.10000610351562,349283.0
2024-11-26T13:30:00-05:00,140.10000610351562,140.1199951171875,139.58999633789062,139.7100067138672,291370.0
2024-11-26T14:30:00-05:00,139.7100067138672,139.98500061035156,139.47000122070312,139.67999267578125,289454.0
2024-11-26T15:30:00-05:00,139.63999938964844,139.88999938964844,139.17999267578125,139.6300048828125,643681.0
2024-11-27T09:30:00-05:00,139.6699981689453,140.41000366210938,138.5,138.5,643926.0
2024-11-27T10:30:00-05:00,138.4199981689453,138.72999572753906,138.10000610351562,138.35499572753906,210782.0
2024-11-27T11:30:00-05:00,138.35499572753906,138.4600067138672,137.75999450683594,138.0,156433.0
2024-11-27T12:30:00-05:00,137.99000549316406,138.02499389648438,137.67999267578125,137.97000122070312,163581.0
2024-11-27T13:30:00-05:00,137.9499969482422,138.44859313964844,137.9499969482422,138.2550048828125,185370.0
2024-11-27T14:30:00-05:00,138.2550048828125,138.5800018310547,138.05999755859375,138.2100067138672,233105.0
2024-11-27T15:30:00-05:00,138.16000366210938,138.3699951171875,137.7899932861328,138.25,484457.0
2024-11-29T09:30:00-05:00,138.52999877929688,139.52999877929688,136.35000610351562,136.65499877929688,478509.0
2024-11-29T10:30:00-05:00,136.66000366210938,137.2100067138672,136.61000061035156,137.02000427246094,450774.0
2024-11-29T11:30:00-05:00,137.02000427246094,137.0399932861328,135.8332977294922,136.30999755859375,550876.0
2024-12-02T09:30:00-05:00,136.42999267578125,137.11000061035156,135.8300018310547,136.6300048828125,472419.0
2024-12-02T10:30:00-05:00,136.5399932861328,136.8300018310547,135.69000244140625,136.32000732421875,356541.0
2024-12-02T11:30:00-05:00,136.27499389648438,137.5,136.02999877929688,137.220703125,455241.0
2024-12-02T12:30:00-05:00,137.23500061035156,137.3699951171875,136.61000061035156,136.80999755859375,254493.0
2024-12-02T13:30:00-05:00,136.7949981689453,136.7949981689453,136.10000610351562,136.3699951171875,240018.0
2024-12-02T14:30:00-05:00,136.3800048828125,136.9600067138672,136.2899932861328,136.63499450683594,371625.0
2024-12-02T15:30:00-05:00,136.60000610351562,137.60000610351562,136.5050048828125,137.49000549316406,642398.0
2024-12-03T09:30:00-05:00,136.97000122070312,137.9199981689453,135.37620544433594,137.375,776858.0
2024-12-03T10:30:00-05:00,137.2899932861328,138.19000244140625,136.5500030517578,137.9949951171875,400251.0
2024-12-03T11:30:00-05:00,138.11000061035156,138.3699951171875,137.63999938964844,137.86000061035156,295086.0
2024-12-03T12:30:00-05:00,137.86000061035156,137.97999572753906,137.11000061035156,137.19500732421875,263416.0
2024-12-03T13:30:00-05:00,137.2198028564453,137.50999450683594,136.77999877929688,137.25,388273.0
2024-12-03T14:30:00-05:00,137.25250244140625,137.5399932861328,136.92999267578125,136.97999572753906,433738.0
2024-12-03T15:30:00-05:00,136.9550018310547,137.5850067138672,136.4488067626953,137.44000244140625,619274.0
2024-12-04T09:30:00-05:00,136.69000244140625,136.88499450683594,134.85000610351562,136.60499572753906,736587.0
2024-12-04T10:30:00-05:00,136.6699981689453,138.1967010498047,136.64999389648438,138.02999877929688,447070.0
2024-12-04T11:30:00-05:00,138.03500366210938,138.5800018310547,137.75999450683594,138.16000366210938,247300.0
2024-12-04T12:30:00-05:00,138.23500061035156,138.49000549316406,138.0,138.14999389648438,197293.0
2024-12-04T13:30:00-05:00,138.1649932861328,138.2899932861328,137.53070068359375,138.0399932861328,236882.0
2024-12-04T14:30:00-05:00,138.0500030517578,138.5800018310547,138.00999450683594,138.52000427246094,255600.0
2024-12-04T15:30:00-05:00,138.4949951171875,139.13250732421875,138.3699951171875,139.0800018310547,708682.0
2024-12-05T09:30:00-05:00,139.10000610351562,140.3800048828125,138.38999938964844,138.55999755859375,506633.0
2024-12-05T10:30:00-05:00,138.58999633789062,138.60000610351562,137.4199981689453,137.8800048828125,377567.0
2024-12-05T11:30:00-05:00,137.8699951171875,138.27999877929688,137.5500030517578,137.5500030517578,291839.0
2024-12-05T12:30:00-05:00,137.5500030517578,137.91000366210938,137.1199951171875,137.1300048828125,263691.0
2024-12-05T13:30:00-05:00,137.1300048828125,137.57000732421875,136.75999450683594,136.84500122070312,518305.0
2024-12-05T14:30:00-05:00,136.85000610351562,136.97000122070312,135.72999572753906,135.9499969482422,1153621.0
2024-12-05T15:30:00-05:00,135.99000549316406,136.63499450683594,135.50999450683594,136.30999755859375,1307507.0
2024-12-06T09:30:00-05:00,137.75,138.86000061035156,137.3800048828125,137.41000366210938,805750.0
2024-12-06T10:30:00-05:00,137.41000366210938,138.22000122070312,137.3699951171875,137.75,506502.0
2024-12-06T11:30:00-05:00,137.73500061035156,137.77999877929688,137.1699981689453,137.35000610351562,281796.0
2024-12-06T12:30:00-05:00,137.3699951171875,137.49000549316406,136.67999267578125,137.09500122070312,568651.0
2024-12-06T13:30:00-05:00,137.05020141601562,137.19000244140625,136.55999755859375,136.85000610351562,303623.0
2024-12-06T14:30:00-05:00,136.8249969482422,137.24000549316406,136.77999877929688,136.9600067138672,349162.0
2024-12-06T15:30:00-05:00,136.9199981689453,137.1699981689453,136.8300018310547,136.88999938964844,771974.0
2024-12-09T09:30:00-05:00,136.91000366210938,138.97000122070312,136.73500061035156,138.0,768194.0
2024-12-09T10:30:00-05:00,137.9949951171875,138.4149932861328,137.5449981689453,137.9199981689453,488315.0
2024-12-09T11:30:00-05:00,137.9250030517578,138.1999969482422,137.77999877929688,138.01499938964844,318870.0
2024-12-09T12:30:00-05:00,137.99000549316406,138.02000427246094,136.9199981689453,136.97999572753906,277833.0
2024-12-09T13:30:00-05:00,136.97999572753906,137.3249969482422,136.89999389648438,137.02499389648438,285869.0
2024-12-09T14:30:00-05:00,136.99000549316406,137.07000732421875,136.69189453125,136.77000427246094,283472.0
2024-12-09T15:30:00-05:00,136.77999877929688,137.32000732421875,136.58999633789062,137.27000427246094,537200.0
2024-12-10T09:30:00-05:00,137.3699951171875,139.27999877929688,136.6199951171875,138.50999450683594,896582.0
2024-12-10T10:30:00-05:00,138.38999938964844,139.25999450683594,137.77000427246094,138.75,607150.0
2024-12-10T11:30:00-05:00,138.67010498046875,139.74989318847656,138.64999389648438,138.88999938964844,469106.0
2024-12-10T12:30:00-05:00,138.91000366210938,139.889892578125,138.8925018310547,139.22000122070312,293148.0
2024-12-10T13:30:00-05:00,139.1699981689453,139.4199981689453,138.75169372558594,139.0,337532.0
2024-12-10T14:30:00-05:00,138.94000244140625,139.0,138.16000366210938,138.19000244140625,362727.0
2024-12-10T15:30:00-05:00,138.19000244140625,138.5800018310547,138.02000427246094,138.33999633789062,649310.0
2024-12-11T09:30:00-05:00,138.67999267578125,140.1699981689453,137.89999389648438,137.9040069580078,639821.0
2024-12-11T10:30:00-05:00,137.9149932861328,139.13999938964844,137.2100067138672,139.13999938964844,582790.0
2024-12-11T11:30:00-05:00,139.1999969482422,139.66859436035156,138.86000061035156,139.52000427246094,285910.0
2024-12-11T12:30:00-05:00,139.54190063476562,139.69960021972656,138.97000122070312,139.1199951171875,385704.0
2024-12-11T13:30:00-05:00,139.14999389648438,139.1999969482422,138.61000061035156,139.0800018310547,266754.0
2024-12-11T14:30:00-05:00,139.1199951171875,139.24000549316406,137.99000549316406,138.02999877929688,421578.0
2024-12-11T15:30:00-05:00,138.02000427246094,138.9600067138672,137.9499969482422,138.8000030517578,556529.0
2024-12-12T09:30:00-05:00,138.0500030517578,138.24000549316406,134.4001007080078,137.3350067138672,1065018.0
2024-12-12T10:30:00-05:00,137.3300018310547,139.10000610351562,137.2834930419922,139.02999877929688,600164.0
2024-12-12T11:30:00-05:00,139.0399932861328,139.0500030517578,137.99000549316406,138.2449951171875,340529.0
2024-12-12T12:30:00-05:00,138.27769470214844,138.9600067138672,137.8300018310547,138.72500610351562,332182.0
2024-12-12T13:30:00-05:00,138.75999450683594,138.86000061035156,137.1199951171875,137.13999938964844,405161.0
2024-12-12T14:30:00-05:00,137.13999938964844,137.75,136.92999267578125,137.5399932861328,350477.0
2024-12-12T15:30:00-05:00,137.5500030517578,137.58999633789062,136.6999969482422,137.47000122070312,606108.0
2024-12-13T09:30:00-05:00,136.34869384765625,137.0189971923828,133.17999267578125,133.36000061035156,935706.0
2024-12-13T10:30:00-05:00,133.35220336914062,133.74000549316406,132.6999969482422,133.34500122070312,467644.0
2024-12-13T11:30:00-05:00,133.34500122070312,133.5500030517578,132.3300018310547,132.3300018310547,574918.0
2024-12-13T12:30:00-05:00,132.33999633789062,132.47000122070312,131.66000366210938,132.4499969482422,443575.0
2024-12-13T13:30:00-05:00,132.4499969482422,132.66000366210938,131.63499450683594,132.2550048828125,447302.0
2024-12-13T14:30:00-05:00,132.27999877929688,132.33999633789062,131.63999938964844,131.92999267578125,641116.0
2024-12-13T15:30:00-05:00,131.94000244140625,132.02999877929688,130.75,130.99000549316406,1055931.0
2024-12-16T09:30:00-05:00,131.11000061035156,132.6999969482422,129.1699981689453,132.6300048828125,941913.0
2024-12-16T10:30:00-05:00,132.52999877929688,133.27999877929688,132.29150390625,132.72999572753906,328110.0
2024-12-16T11:30:00-05:00,132.7288055419922,133.10000610351562,132.47000122070312,132.69500732421875,272488.0
2024-12-16T12:30:00-05:00,132.74000549316406,133.0500030517578,132.35000610351562,132.88999938964844,328748.0
2024-12-16T13:30:00-05:00,132.84500122070312,132.88999938964844,131.8800048828125,132.10000610351562,242000.0
2024-12-16T14:30:00-05:00,132.06500244140625,132.23500061035156,131.72000122070312,132.0500030517578,473548.0
2024-12-16T15:30:00-05:00,132.0399932861328,132.58999633789062,132.0399932861328,132.22000122070312,567462.0
2024-12-17T09:30:00-05:00,132.2100067138672,132.39999389648438,130.97000122070312,131.1649932861328,547712.0
2024-12-17T10:30:00-05:00,131.11000061035156,132.1199951171875,130.8800048828125,131.64999389648438,311853.0
2024-12-17T11:30:00-05:00,131.64999389648438,132.02999877929688,131.16000366210938,131.66000366210938,410058.0
2024-12-17T12:30:00-05:00,131.67999267578125,132.08999633789062,131.67999267578125,131.9499969482422,222833.0
2024-12-17T13:30:00-05:00,131.88999938964844,132.60000610351562,131.88999938964844,132.4550018310547,251321.0
2024-12-17T14:30:00-05:00,132.4550018310547,132.51499938964844,132.01499938964844,132.44419860839844,354351.0
2024-12-17T15:30:00-05:00,132.4499969482422,132.61000061035156,132.19000244140625,132.25,391211.0
2024-12-18T09:30:00-05:00,132.02499389648438,132.42999267578125,131.02999877929688,131.85499572753906,343163.0
2024-12-18T10:30:00-05:00,131.91859436035156,132.36000061035156,131.02999877929688,131.61000061035156,226957.0
2024-12-18T11:30:00-05:00,131.61500549316406,133.7100067138672,131.33999633789062,133.16000366210938,592705.0
2024-12-18T12:30:00-05:00,133.16000366210938,133.22000122070312,132.16000366210938,132.4499969482422,429445.0
2024-12-18T13:30:00-05:00,132.5,132.74000549316406,131.0,131.4199981689453,292630.0
2024-12-18T14:30:00-05:00,131.3699951171875,131.8300018310547,128.9250030517578,129.02499389648438,699684.0
2024-12-18T15:30:00-05:00,129.02499389648438,129.27999877929688,127.29499816894531,127.58999633789062,916998.0
2024-12-19T09:30:00-05:00,129.1300048828125,131.0800018310547,128.5500030517578,129.10000610351562,791488.0
2024-12-19T10:30:00-05:00,129.11500549316406,129.7449951171875,128.30999755859375,128.6199951171875,601204.0
2024-12-19T11:30:00-05:00,128.60000610351562,129.52999877929688,128.30160522460938,128.42999267578125,391716.0
2024-12-19T12:30:00-05:00,128.38999938964844,129.07000732421875,127.91000366210938,129.07000732421875,290611.0
2024-12-19T13:30:00-05:00,129.00999450683594,129.50999450683594,128.72410583496094,128.8300018310547,410088.0
2024-12-19T14:30:00-05:00,128.85000610351562,129.47999572753906,128.58700561523438,129.14500427246094,441010.0
2024-12-19T15:30:00-05:00,129.14500427246094,129.72000122070312,128.7899932861328,129.33999633789062,786195.0
2024-12-20T09:30:00-05:00,129.0279998779297,132.33999633789062,129.0279998779297,132.33999633789062,1558177.0
2024-12-20T10:30:00-05:00,132.36000061035156,134.02000427246094,132.2700958251953,133.63999938964844,591760.0
2024-12-20T11:30:00-05:00,133.69000244140625,135.11000061035156,133.60000610351562,135.05999755859375,544408.0
2024-12-20T12:30:00-05:00,135.10000610351562,135.13999938964844,134.05999755859375,134.10000610351562,533562.0
2024-12-20T13:30:00-05:00,134.10000610351562,135.00999450683594,133.97999572753906,135.0,477365.0
2024-12-20T14:30:00-05:00,134.99000549316406,135.72000122070312,134.97999572753906,135.51499938964844,567435.0
2024-12-20T15:30:00-05:00,135.5500030517578,135.82000732421875,134.0399932861328,134.17999267578125,1536648.0
2024-12-23T09:30:00-05:00,134.85000610351562,135.5,132.24000549316406,132.72000122070312,678241.0
2024-12-23T10:30:00-05:00,132.72000122070312,133.36000061035156,132.3000030517578,133.30499267578125,302207.0
2024-12-23T11:30:00-05:00,133.3300018310547,133.60000610351562,132.67999267578125,132.9499969482422,437191.0
2024-12-23T12:30:00-05:00,133.02000427246094,133.5,132.74000549316406,133.125,471466.0
2024-12-23T13:30:00-05:00,133.125,133.8249969482422,133.05999755859375,133.80999755859375,325686.0
2024-12-23T14:30:00-05:00,133.80999755859375,134.4199981689453,133.58999633789062,134.0850067138672,380583.0
2024-12-23T15:30:00-05:00,134.0850067138672,134.80499267578125,134.0,134.49099731445312,589875.0
2024-12-24T09:30:00-05:00,134.1649932861328,134.1699981689453,132.8300018310547,133.60000610351562,405369.0
2024-12-24T10:30:00-05:00,133.64999389648438,134.42999267578125,133.39999389648438,134.3000030517578,381525.0
2024-12-24T11:30:00-05:00,134.3000030517578,134.6750030517578,133.97999572753906,134.3300018310547,212844.0
2024-12-26T09:30:00-05:00,134.24000549316406,135.7100067138672,134.24000549316406,135.7100067138672,371057.0
2024-12-26T10:30:00-05:00,135.7100067138672,136.02000427246094,135.16000366210938,135.4550018310547,254155.0
2024-12-26T11:30:00-05:00,135.44000244140625,136.25,135.44000244140625,135.64500427246094,244807.0
2024-12-26T12:30:00-05:00,135.63999938964844,136.05999755859375,135.30999755859375,135.4199981689453,188717.0
2024-12-26T13:30:00-05:00,135.4149932861328,135.52000427246094,135.0218963623047,135.18499755859375,191002.0
2024-12-26T14:30:00-05:00,135.19000244140625,135.5399932861328,135.16000366210938,135.4499969482422,185116.0
2024-12-26T15:30:00-05:00,135.4199981689453,135.75999450683594,135.32000732421875,135.32000732421875,281578.0
2024-12-27T09:30:00-05:00,133.58999633789062,134.5,132.16000366210938,132.6199951171875,381632.0
2024-12-27T10:30:00-05:00,132.52000427246094,133.22999572753906,132.38299560546875,133.18499755859375,313492.0
2024-12-27T11:30:00-05:00,133.18499755859375,133.49000549316406,132.3699951171875,132.8699951171875,348311.0
2024-12-27T12:30:00-05:00,132.88999938964844,133.38999938964844,132.84500122070312,133.1199951171875,238454.0
2024-12-27T13:30:00-05:00,133.07000732421875,133.64999389648438,133.02499389648438,133.43629455566406,183532.0
2024-12-27T14:30:00-05:00,133.44000244140625,133.91000366210938,132.9199981689453,133.0449981689453,209459.0
2024-12-27T15:30:00-05:00,133.05499267578125,133.50999450683594,132.83999633789062,133.3300018310547,457329.0
2024-12-30T09:30:00-05:00,131.4499969482422,131.72999572753906,129.85000610351562,130.625,396264.0
2024-12-30T10:30:00-05:00,130.61500549316406,131.47999572753906,130.4199981689453,131.1699981689453,400570.0
2024-12-30T11:30:00-05:00,131.1999969482422,132.25999450683594,131.1199951171875,132.18499755859375,268940.0
2024-12-30T12:30:00-05:00,132.13999938964844,132.61000061035156,131.83099365234375,132.0500030517578,167483.0
2024-12-30T13:30:00-05:00,132.0500030517578,132.41000366210938,131.6300048828125,131.9600067138672,149284.0
2024-12-30T14:30:00-05:00,131.89999389648438,132.25,131.8699951171875,131.8699951171875,227197.0
2024-12-30T15:30:00-05:00,131.9499969482422,132.36000061035156,131.75,131.83999633789062,428432.0
2024-12-31T09:30:00-05:00,132.52000427246094,132.94500732421875,131.77999877929688,132.69000244140625,269662.0
2024-12-31T10:30:00-05:00,132.63999938964844,132.97000122070312,132.3699951171875,132.5800018310547,220667.0
2024-12-31T11:30:00-05:00,132.5500030517578,133.19000244140625,132.07000732421875,132.10000610351562,241345.0
2024-12-31T12:30:00-05:00,132.08999633789062,132.21060180664062,131.5,131.52000427246094,154198.0
2024-12-31T13:30:00-05:00,131.4803924560547,132.00999450683594,131.47000122070312,131.68499755859375,180524.0
2024-12-31T14:30:00-05:00,131.68499755859375,131.99000549316406,131.38999938964844,131.8699951171875,216095.0
2024-12-31T15:30:00-05:00,131.88499450683594,132.0500030517578,131.27000427246094,131.4149932861328,481037.0
2025-01-02T09:30:00-05:00,131.8699951171875,134.22999572753906,131.5,132.2050018310547,426463.0
2025-01-02T10:30:00-05:00,132.2100067138672,132.27499389648438,131.37109375,132.13999938964844,232070.0
2025-01-02T11:30:00-05:00,132.07000732421875,132.77999877929688,131.73500061035156,131.73500061035156,265345.0
2025-01-02T12:30:00-05:00,131.6699981689453,131.6699981689453,130.52999877929688,130.7899932861328,295901.0
2025-01-02T13:30:00-05:00,130.80499267578125,131.5500030517578,130.4600067138672,131.5500030517578,273217.0
2025-01-02T14:30:00-05:00,131.5050048828125,131.67999267578125,130.9199981689453,131.4149932861328,263565.0
2025-01-02T15:30:00-05:00,131.44500732421875,131.5800018310547,131.16000366210938,131.52000427246094,436800.0
2025-01-03T09:30:00-05:00,132.01499938964844,133.85000610351562,131.94000244140625,133.82000732421875,436930.0
2025-01-03T10:30:00-05:00,133.8249969482422,134.13189697265625,133.4499969482422,133.80499267578125,363041.0
2025-01-03T11:30:00-05:00,133.77000427246094,134.9600067138672,133.77000427246094,134.6199951171875,374944.0
2025-01-03T12:30:00-05:00,134.63999938964844,135.72999572753906,134.60000610351562,135.6699981689453,314472.0
2025-01-03T13:30:00-05:00,135.66000366210938,136.36000061035156,135.60000610351562,135.82000732421875,390775.0
2025-01-03T14:30:00-05:00,135.80999755859375,136.1999969482422,135.76499938964844,136.14999389648438,346974.0
2025-01-03T15:30:00-05:00,136.13999938964844,136.27000427246094,135.58999633789062,135.7100067138672,710851.0
2025-01-06T09:30:00-05:00,137.0,138.10000610351562,135.7100067138672,136.1199951171875,656786.0
2025-01-06T10:30:00-05:00,136.09500122070312,136.4600067138672,135.5,135.67999267578125,643600.0
2025-01-06T11:30:00-05:00,135.64500427246094,136.27999877929688,135.3699951171875,135.44000244140625,378219.0
2025-01-06T12:30:00-05:00,135.44000244140625,135.99000549316406,135.2899932861328,135.6999969482422,323195.0
2025-01-06T13:30:00-05:00,135.6999969482422,135.8000030517578,134.60000610351562,134.9499969482422,354036.0
2025-01-06T14:30:00-05:00,134.93499755859375,135.4600067138672,134.74000549316406,135.3800048828125,286254.0
2025-01-06T15:30:00-05:00,135.39999389648438,135.91000366210938,135.05999755859375,135.1999969482422,686409.0
2025-01-07T09:30:00-05:00,135.35000610351562,136.76499938964844,131.96099853515625,133.3699951171875,971262.0
2025-01-07T10:30:00-05:00,133.1199951171875,133.97999572753906,132.5,133.61000061035156,426744.0
2025-01-07T11:30:00-05:00,133.6199951171875,135.1999969482422,132.44000244140625,132.85000610351562,286919.0
2025-01-07T12:30:00-05:00,132.86000061035156,133.13999938964844,132.61000061035156,132.97000122070312,225212.0
2025-01-07T13:30:00-05:00,132.91000366210938,132.91000366210938,131.83999633789062,132.27999877929688,342886.0
2025-01-07T14:30:00-05:00,132.2899932861328,132.5399932861328,131.22999572753906,131.32000732421875,390718.0
2025-01-07T15:30:00-05:00,131.33999633789062,131.50999450683594,130.80960083007812,131.27999877929688,736725.0
2025-01-08T09:30:00-05:00,131.1999969482422,131.52000427246094,130.10000610351562,130.62179565429688,561260.0
2025-01-08T10:30:00-05:00,130.58999633789062,131.02999877929688,130.39999389648438,130.7550048828125,340253.0
2025-01-08T11:30:00-05:00,130.77999877929688,131.61399841308594,130.5800018310547,130.6699981689453,319551.0
2025-01-08T12:30:00-05:00,130.67999267578125,131.5500030517578,130.52000427246094,131.1199951171875,246498.0
2025-01-08T13:30:00-05:00,131.07000732421875,131.3000030517578,130.5800018310547,131.281005859375,302728.0
2025-01-08T14:30:00-05:00,131.16000366210938,131.1699981689453,130.5800018310547,130.87120056152344,333009.0
2025-01-08T15:30:00-05:00,130.82000732421875,131.13999938964844,130.63999938964844,130.8000030517578,541005.0
2025-01-10T09:30:00-05:00,131.10499572753906,133.0500030517578,128.8000030517578,130.72000122070312,1144430.0
2025-01-10T10:30:00-05:00,130.625,130.88499450683594,129.60000610351562,129.85000610351562,449516.0
2025-01-10T11:30:00-05:00,129.77499389648438,130.08999633789062,129.35110473632812,129.41000366210938,307115.0
2025-01-10T12:30:00-05:00,129.36000061035156,130.8699951171875,129.27000427246094,130.6199951171875,405665.0
2025-01-10T13:30:00-05:00,130.64999389648438,130.9499969482422,130.07000732421875,130.40499877929688,339501.0
2025-01-10T14:30:00-05:00,130.41000366210938,130.50999450683594,129.63999938964844,129.8000030517578,352906.0
2025-01-10T15:30:00-05:00,129.75999450683594,129.93499755859375,129.36000061035156,129.63999938964844,612964.0
2025-01-13T09:30:00-05:00,128.5850067138672,129.75999450683594,128.5850067138672,129.13499450683594,453157.0
2025-01-13T10:30:00-05:00,129.22999572753906,130.1300048828125,128.35000610351562,128.5500030517578,382900.0
2025-01-13T11:30:00-05:00,128.5500030517578,128.9199981689453,128.1300048828125,128.7899932861328,342465.0
2025-01-13T12:30:00-05:00,128.75,129.2100067138672,128.6300048828125,128.8800048828125,418422.0
2025-01-13T13:30:00-05:00,128.89999389648438,129.16000366210938,128.75619506835938,128.8249969482422,305532.0
2025-01-13T14:30:00-05:00,128.80999755859375,129.00999450683594,128.6300048828125,128.7989044189453,393071.0
2025-01-13T15:30:00-05:00,128.75,129.0449981689453,128.65370178222656,128.8300018310547,546425.0
2025-01-14T09:30:00-05:00,129.97000122070312,131.07000732421875,129.0800018310547,130.27499389648438,684574.0
2025-01-14T10:30:00-05:00,130.27499389648438,130.27749633789062,128.83999633789062,128.9199981689453,424754.0
2025-01-14T11:30:00-05:00,128.88999938964844,129.08999633789062,128.07000732421875,128.19000244140625,421192.0
2025-01-14T12:30:00-05:00,128.2100067138672,128.72999572753906,127.94999694824219,128.55999755859375,323019.0
2025-01-14T13:30:00-05:00,128.52999877929688,128.86000061035156,128.36000061035156,128.39999389648438,391650.0
2025-01-14T14:30:00-05:00,128.3800048828125,128.60000610351562,127.16999816894531,127.54000091552734,437998.0
2025-01-14T15:30:00-05:00,127.58000183105469,128.0800018310547,127.19000244140625,127.61000061035156,713613.0
2025-01-15T09:30:00-05:00,130.19000244140625,133.14999389648438,130.16000366210938,132.5500030517578,788385.0
2025-01-15T10:30:00-05:00,132.55999755859375,133.08999633789062,132.19000244140625,132.2899932861328,481887.0
2025-01-15T11:30:00-05:00,132.25999450683594,132.27999877929688,131.44500732421875,131.5399932861328,331191.0
2025-01-15T12:30:00-05:00,131.57000732421875,131.80999755859375,131.2100067138672,131.80999755859375,307685.0
2025-01-15T13:30:00-05:00,131.8000030517578,132.4364013671875,131.6699981689453,132.3699951171875,207627.0
2025-01-15T14:30:00-05:00,132.3300018310547,132.4499969482422,131.7711944580078,132.08999633789062,294558.0
2025-01-15T15:30:00-05:00,132.08999633789062,132.85000610351562,132.08999633789062,132.52000427246094,654633.0
2025-01-16T09:30:00-05:00,132.1649932861328,132.1649932861328,129.82000732421875,131.52999877929688,592810.0
2025-01-16T10:30:00-05:00,131.50999450683594,132.13999938964844,131.24000549316406,131.72999572753906,233100.0
2025-01-16T11:30:00-05:00,131.77999877929688,132.3000030517578,131.55999755859375,132.25999450683594,268443.0
2025-01-16T12:30:00-05:00,132.22999572753906,132.9499969482422,132.0,132.77999877929688,251582.0
2025-01-16T13:30:00-05:00,132.77999877929688,132.82000732421875,131.8699951171875,131.9600067138672,406127.0
2025-01-16T14:30:00-05:00,131.9600067138672,132.72000122070312,131.91600036621094,132.2799072265625,316100.0
2025-01-16T15:30:00-05:00,132.24090576171875,132.4600067138672,131.99000549316406,132.08999633789062,309223.0
2025-01-17T09:30:00-05:00,133.92999267578125,134.8699951171875,132.69000244140625,133.82000732421875,818401.0
2025-01-17T10:30:00-05:00,133.82000732421875,134.72000122070312,133.82000732421875,134.4550018310547,308355.0
2025-01-17T11:30:00-05:00,134.4600067138672,134.5399932861328,133.72999572753906,134.1649932861328,317657.0
2025-01-17T12:30:00-05:00,134.2100067138672,134.7100067138672,133.96719360351562,134.26499938964844,231002.0
2025-01-17T13:30:00-05:00,134.22999572753906,134.86000061035156,134.2100067138672,134.71499633789062,221741.0
2025-01-17T14:30:00-05:00,134.75,135.39999389648438,134.5991973876953,135.0800018310547,457025.0
2025-01-17T15:30:00-05:00,135.0850067138672,135.61500549316406,135.00999450683594,135.1199951171875,563914.0
2025-01-21T09:30:00-05:00,135.47000122070312,135.63999938964844,133.9600067138672,134.56500244140625,1033750.0
2025-01-21T10:30:00-05:00,134.57000732421875,135.0,133.74000549316406,133.77499389648438,799873.0
2025-01-21T11:30:00-05:00,133.77499389648438,133.8491973876953,131.72500610351562,132.08999633789062,542841.0
2025-01-21T12:30:00-05:00,132.13999938964844,132.8249969482422,131.9600067138672,131.9600067138672,313582.0
2025-01-21T13:30:00-05:00,131.9600067138672,132.44000244140625,131.44000244140625,132.00999450683594,388961.0
2025-01-21T14:30:00-05:00,131.92999267578125,131.99000549316406,131.24000549316406,131.3699951171875,484115.0
2025-01-21T15:30:00-05:00,131.33999633789062,133.60000610351562,131.33999633789062,133.0500030517578,1137346.0
2025-01-22T09:30:00-05:00,133.0,135.0,132.98500061035156,134.11000061035156,709983.0
2025-01-22T10:30:00-05:00,134.14999389648438,134.1649932861328,133.06500244140625,133.37750244140625,251776.0
2025-01-22T11:30:00-05:00,133.39500427246094,133.85000610351562,133.0399932861328,133.25999450683594,524415.0
2025-01-22T12:30:00-05:00,133.25180053710938,133.60499572753906,132.38999938964844,132.5399932861328,233438.0
2025-01-22T13:30:00-05:00,132.50999450683594,132.97610473632812,132.33999633789062,132.3990936279297,375222.0
2025-01-22T14:30:00-05:00,132.4199981689453,133.5500030517578,132.3529052734375,132.97999572753906,386985.0
2025-01-22T15:30:00-05:00,133.00999450683594,133.1199951171875,132.47999572753906,132.5399932861328,537386.0
2025-01-23T09:30:00-05:00,132.39999389648438,133.5,131.77499389648438,133.35000610351562,473865.0
2025-01-23T10:30:00-05:00,133.2899932861328,133.2899932861328,131.9199981689453,132.08999633789062,588490.0
2025-01-23T11:30:00-05:00,132.17999267578125,133.0865936279297,132.17999267578125,132.72500610351562,450089.0
2025-01-23T12:30:00-05:00,132.72500610351562,133.63999938964844,132.41000366210938,133.49000549316406,491095.0
2025-01-23T13:30:00-05:00,133.52000427246094,133.61000061035156,132.3699951171875,132.5,410267.0
2025-01-23T14:30:00-05:00,132.50999450683594,132.9499969482422,132.42999267578125,132.92999267578125,436062.0
2025-01-23T15:30:00-05:00,132.9499969482422,133.39999389648438,132.80999755859375,133.3000030517578,505200.0
2025-01-24T09:30:00-05:00,132.0,132.0,128.50999450683594,129.74000549316406,1579773.0
2025-01-24T10:30:00-05:00,129.7449951171875,129.88999938964844,128.86000061035156,129.84500122070312,935663.0
2025-01-24T11:30:00-05:00,129.84500122070312,130.0800018310547,129.0399932861328,129.0399932861328,638850.0
2025-01-24T12:30:00-05:00,129.0749969482422,129.27000427246094,128.44000244140625,128.58999633789062,528734.0
2025-01-24T13:30:00-05:00,128.58999633789062,128.8074951171875,127.16999816894531,127.4800033569336,722674.0
2025-01-24T14:30:00-05:00,127.5,128.0399932861328,127.05000305175781,127.44999694824219,670213.0
2025-01-24T15:30:00-05:00,127.44999694824219,127.55000305175781,126.72000122070312,127.08999633789062,993395.0
2025-01-27T09:30:00-05:00,125.91999816894531,128.10000610351562,125.63999938964844,128.10000610351562,993403.0
2025-01-27T10:30:00-05:00,128.07000732421875,128.4499969482422,127.375,127.76000213623047,539102.0
2025-01-27T11:30:00-05:00,127.76499938964844,128.58419799804688,127.45500183105469,128.50999450683594,451199.0
2025-01-27T12:30:00-05:00,128.55999755859375,128.75,127.8499984741211,128.2899932861328,331842.0
2025-01-27T13:30:00-05:00,128.2899932861328,129.0,128.1699981689453,128.97000122070312,415010.0
2025-01-27T14:30:00-05:00,128.97000122070312,128.97999572753906,127.52999877929688,128.36000061035156,435926.0
2025-01-27T15:30:00-05:00,128.3800048828125,129.05999755859375,128.3800048828125,128.99000549316406,595835.0
2025-01-28T09:30:00-05:00,128.6699981689453,129.2449951171875,126.86000061035156,129.0800018310547,1348656.0
2025-01-28T10:30:00-05:00,129.02000427246094,129.86500549316406,128.97000122070312,129.0449981689453,587384.0
2025-01-28T11:30:00-05:00,129.0449981689453,129.63999938964844,128.80999755859375,129.11000061035156,455454.0
2025-01-28T12:30:00-05:00,129.11000061035156,129.86000061035156,129.11000061035156,129.77999877929688,470666.0
2025-01-28T13:30:00-05:00,129.77499389648438,129.83999633789062,129.2700958251953,129.7100067138672,429118.0
2025-01-28T14:30:00-05:00,129.7100067138672,130.5800018310547,129.63999938964844,130.44500732421875,670823.0
2025-01-28T15:30:00-05:00,130.42999267578125,131.39500427246094,130.22999572753906,130.99000549316406,1029149.0
2025-01-29T09:30:00-05:00,131.4199981689453,133.35000610351562,130.88999938964844,132.94000244140625,535866.0
2025-01-29T10:30:00-05:00,132.9199981689453,133.6699981689453,132.44000244140625,133.19000244140625,398598.0
2025-01-29T11:30:00-05:00,133.19000244140625,134.0500030517578,132.97000122070312,134.02000427246094,387360.0
2025-01-29T12:30:00-05:00,134.0,134.00999450683594,132.8800048828125,133.31500244140625,273094.0
2025-01-29T13:30:00-05:00,133.33999633789062,133.33999633789062,132.4199981689453,132.61500549316406,336469.0
2025-01-29T14:30:00-05:00,132.57000732421875,133.32000732421875,132.3800048828125,132.8300018310547,539859.0
2025-01-29T15:30:00-05:00,132.8800048828125,132.94000244140625,132.2050018310547,132.52999877929688,686634.0
2025-01-30T09:30:00-05:00,133.5500030517578,134.37139892578125,131.75999450683594,131.88999938964844,474274.0
2025-01-30T10:30:00-05:00,131.83999633789062,132.39999389648438,131.18499755859375,132.3800048828125,309939.0
2025-01-30T11:30:00-05:00,132.375,132.89999389648438,132.09320068359375,132.5449981689453,242710.0
2025-01-30T12:30:00-05:00,132.5449981689453,133.13999938964844,132.16000366210938,132.8249969482422,214971.0
2025-01-30T13:30:00-05:00,132.8300018310547,132.97000122070312,132.36500549316406,132.41000366210938,209445.0
2025-01-30T14:30:00-05:00,132.38499450683594,132.38499450683594,131.97999572753906,132.0399932861328,236517.0
2025-01-30T15:30:00-05:00,132.0399932861328,132.19000244140625,130.85000610351562,131.80999755859375,374252.0
2025-01-31T09:30:00-05:00,132.1999969482422,134.4499969482422,132.10000610351562,133.34500122070312,564727.0
2025-01-31T10:30:00-05:00,133.3350067138672,133.75,132.9949951171875,133.26499938964844,259057.0
2025-01-31T11:30:00-05:00,133.27499389648438,133.41000366210938,132.9499969482422,133.22000122070312,176308.0
2025-01-31T12:30:00-05:00,133.18829345703125,133.32000732421875,132.27049255371094,132.32640075683594,186031.0
2025-01-31T13:30:00-05:00,132.35000610351562,132.36000061035156,131.25999450683594,131.78469848632812,261963.0
2025-01-31T14:30:00-05:00,131.71009826660156,131.89999389648438,130.57000732421875,130.97000122070312,278268.0
2025-01-31T15:30:00-05:00,131.0,131.41000366210938,130.9199981689453,131.14999389648438,665098.0
2025-02-03T09:30:00-05:00,129.19000244140625,130.33999633789062,127.51499938964844,130.33999633789062,664168.0
2025-02-03T10:30:00-05:00,130.2899932861328,130.72000122070312,129.80999755859375,130.49000549316406,273727.0
2025-02-03T11:30:00-05:00,130.4949951171875,130.91000366210938,129.9499969482422,130.5399932861328,203052.0
2025-02-03T12:30:00-05:00,130.48500061035156,130.7050018310547,130.14999389648438,130.5050048828125,165770.0
2025-02-03T13:30:00-05:00,130.51499938964844,130.9550018310547,130.343505859375,130.47000122070312,142702.0
2025-02-03T14:30:00-05:00,130.49000549316406,130.82000732421875,130.1999969482422,130.24000549316406,214971.0
2025-02-03T15:30:00-05:00,130.24000549316406,130.3737030029297,129.6999969482422,129.75999450683594,383452.0
2025-02-04T09:30:00-05:00,129.5800018310547,131.08999633789062,129.22999572753906,130.59500122070312,412652.0
2025-02-04T10:30:00-05:00,130.5908966064453,131.16000366210938,130.11000061035156,131.1199951171875,382368.0
2025-02-04T11:30:00-05:00,131.1199951171875,131.49000549316406,130.69000244140625,130.72999572753906,357037.0
2025-02-04T12:30:00-05:00,130.77999877929688,130.95989990234375,130.58999633789062,130.88999938964844,221435.0
2025-02-04T13:30:00-05:00,130.91000366210938,131.02000427246094,130.40060424804688,130.50999450683594,226941.0
2025-02-04T14:30:00-05:00,130.50999450683594,130.5399932861328,130.02999877929688,130.14999389648438,266036.0
2025-02-04T15:30:00-05:00,130.18499755859375,130.89999389648438,130.18499755859375,130.75,418078.0
2025-02-05T09:30:00-05:00,130.27000427246094,130.33999633789062,128.14999389648438,129.0941925048828,756129.0
2025-02-05T10:30:00-05:00,129.06500244140625,129.4499969482422,128.67999267578125,129.42999267578125,317843.0
2025-02-05T11:30:00-05:00,129.42999267578125,130.11000061035156,129.42999267578125,129.67999267578125,312488.0
2025-02-05T12:30:00-05:00,129.6699981689453,129.7899932861328,129.32000732421875,129.39500427246094,215119.0
2025-02-05T13:30:00-05:00,129.38499450683594,129.80999755859375,129.30999755859375,129.55079650878906,239820.0
2025-02-05T14:30:00-05:00,129.5500030517578,129.5500030517578,129.14999389648438,129.22999572753906,277340.0
2025-02-05T15:30:00-05:00,129.23500061035156,129.69500732421875,129.0800018310547,129.5800018310547,484610.0
2025-02-06T09:30:00-05:00,130.3699951171875,133.19000244140625,130.19000244140625,132.80499267578125,787886.0
2025-02-06T10:30:00-05:00,132.74000549316406,133.05999755859375,131.89999389648438,132.3800048828125,426458.0
2025-02-06T11:30:00-05:00,132.2899932861328,132.3800048828125,131.55499267578125,132.17999267578125,325073.0
2025-02-06T12:30:00-05:00,132.16000366210938,132.24000549316406,131.47999572753906,131.63999938964844,421994.0
2025-02-06T13:30:00-05:00,131.64999389648438,132.0399932861328,131.5500030517578,131.5500030517578,285571.0
2025-02-06T14:30:00-05:00,131.5800018310547,132.3000030517578,129.60000610351562,132.0500030517578,350991.0
2025-02-06T15:30:00-05:00,132.0301055908203,132.72000122070312,131.97999572753906,132.57000732421875,512396.0
2025-02-07T09:30:00-05:00,134.97000122070312,139.5,134.25,136.27310180664062,1865253.0
2025-02-07T10:30:00-05:00,136.24000549316406,136.86000061035156,134.81480407714844,136.00999450683594,720121.0
2025-02-07T11:30:00-05:00,136.02999877929688,136.57000732421875,135.25999450683594,135.25999450683594,551033.0
2025-02-07T12:30:00-05:00,135.25,135.92999267578125,134.85000610351562,135.36000061035156,365330.0
2025-02-07T13:30:00-05:00,135.375,135.46499633789062,134.42080688476562,134.42080688476562,318033.0
2025-02-07T14:30:00-05:00,134.3800048828125,135.2292022705078,133.9055938720703,135.05499267578125,560965.0
2025-02-07T15:30:00-05:00,135.05499267578125,135.3300018310547,134.72999572753906,134.99000549316406,522558.0
2025-02-10T09:30:00-05:00,136.1999969482422,136.36000061035156,133.77999877929688,134.22500610351562,960419.0
2025-02-10T10:30:00-05:00,134.22999572753906,134.3000030517578,133.16000366210938,133.94500732421875,574762.0
2025-02-10T11:30:00-05:00,133.89999389648438,134.6999969482422,133.66000366210938,134.6699981689453,442462.0
2025-02-10T12:30:00-05:00,134.67999267578125,135.5,134.61000061035156,135.10499572753906,502381.0
2025-02-10T13:30:00-05:00,135.11500549316406,135.25999450683594,134.6699981689453,134.97999572753906,489683.0
2025-02-10T14:30:00-05:00,135.02999877929688,135.46719360351562,134.9199981689453,135.22000122070312,471652.0
2025-02-10T15:30:00-05:00,135.21499633789062,135.5800018310547,135.02999877929688,135.22999572753906,631538.0
2025-02-11T09:30:00-05:00,135.1699981689453,136.22999572753906,134.86000061035156,134.90499877929688,709820.0
2025-02-11T10:30:00-05:00,134.92999267578125,135.5,134.60000610351562,135.11000061035156,456325.0
2025-02-11T11:30:00-05:00,135.13999938964844,135.47999572753906,134.6699981689453,134.83999633789062,377253.0
2025-02-11T12:30:00-05:00,134.8699951171875,134.88999938964844,134.08999633789062,134.19000244140625,291060.0
2025-02-11T13:30:00-05:00,134.19000244140625,135.07919311523438,134.1300048828125,134.75999450683594,389902.0
2025-02-11T14:30:00-05:00,134.77000427246094,135.17999267578125,134.66000366210938,134.89999389648438,408454.0
2025-02-11T15:30:00-05:00,134.86000061035156,135.19000244140625,134.18099975585938,134.55999755859375,451048.0
2025-02-12T09:30:00-05:00,133.2100067138672,136.6595001220703,133.2100067138672,136.4199981689453,723546.0
2025-02-12T10:30:00-05:00,136.3800048828125,138.0500030517578,136.2949981689453,137.40499877929688,792731.0
2025-02-12T11:30:00-05:00,137.41000366210938,139.25,137.2100067138672,139.16000366210938,566720.0
2025-02-12T12:30:00-05:00,139.11000061035156,140.11500549316406,138.89999389648438,140.0,669219.0
2025-02-12T13:30:00-05:00,140.0,140.86000061035156,139.88499450683594,140.24000549316406,723082.0
2025-02-12T14:30:00-05:00,140.2550048828125,140.85000610351562,140.1699981689453,140.29190063476562,667596.0
2025-02-12T15:30:00-05:00,140.3300018310547,141.1999969482422,140.3000030517578,140.50999450683594,1059664.0
2025-02-13T09:30:00-05:00,139.63999938964844,140.74000549316406,138.75999450683594,139.38499450683594,1666465.0
2025-02-13T10:30:00-05:00,139.3300018310547,140.30999755859375,138.9199981689453,138.94000244140625,854126.0
2025-02-13T11:30:00-05:00,138.93499755859375,139.52999877929688,138.85000610351562,139.0749969482422,726463.0
2025-02-13T12:30:00-05:00,139.08999633789062,139.52999877929688,138.82000732421875,139.3300018310547,931122.0
2025-02-13T13:30:00-05:00,139.36000061035156,140.63499450683594,139.22000122070312,140.52999877929688,719771.0
2025-02-13T14:30:00-05:00,140.52000427246094,141.94000244140625,140.26019287109375,141.82000732421875,1130119.0
2025-02-13T15:30:00-05:00,141.8000030517578,141.8300018310547,140.8699951171875,140.91000366210938,1931557.0
2025-02-14T09:30:00-05:00,158.18499755859375,161.99000549316406,156.92999267578125,161.39999389648438,9400604.0
2025-02-14T10:30:00-05:00,161.39999389648438,163.92999267578125,161.0800018310547,161.50999450683594,3875855.0
2025-02-14T11:30:00-05:00,161.47000122070312,162.39999389648438,160.05999755859375,162.3699951171875,1503389.0
2025-02-14T12:30:00-05:00,162.32000732421875,162.6999969482422,160.7436981201172,161.76080322265625,1124402.0
2025-02-14T13:30:00-05:00,161.75999450683594,161.9738006591797,160.4499969482422,161.2100067138672,1054077.0
2025-02-14T14:30:00-05:00,161.1999969482422,162.5,160.94000244140625,161.49000549316406,1411615.0
2025-02-14T15:30:00-05:00,161.52000427246094,162.00999450683594,160.6199951171875,161.4199981689453,1943420.0
2025-02-18T09:30:00-05:00,161.02999877929688,162.5760955810547,158.07000732421875,160.67970275878906,1990652.0
2025-02-18T10:30:00-05:00,160.72000122070312,161.41729736328125,158.8699951171875,159.57000732421875,934549.0
2025-02-18T11:30:00-05:00,159.64500427246094,160.5749969482422,159.41000366210938,159.85000610351562,622000.0
2025-02-18T12:30:00-05:00,159.82000732421875,160.9499969482422,159.42999267578125,159.92999267578125,687549.0
2025-02-18T13:30:00-05:00,159.94500732421875,160.33999633789062,159.52999877929688,159.72999572753906,517997.0
2025-02-18T14:30:00-05:00,159.7899932861328,160.56149291992188,159.74000549316406,160.1300048828125,589903.0
2025-02-18T15:30:00-05:00,160.2100067138672,160.75,160.1699981689453,160.5800018310547,1019840.0
2025-02-19T09:30:00-05:00,159.0749969482422,159.47999572753906,155.22999572753906,156.47000122070312,2261169.0
2025-02-19T10:30:00-05:00,156.4250030517578,156.5399932861328,155.63999938964844,156.44000244140625,681602.0
2025-02-19T11:30:00-05:00,156.47999572753906,156.50999450683594,155.2100067138672,156.13499450683594,611309.0
2025-02-19T12:30:00-05:00,156.13999938964844,156.50999450683594,155.9600067138672,156.44729614257812,472897.0
2025-02-19T13:30:00-05:00,156.4499969482422,156.9499969482422,156.1199951171875,156.92999267578125,452600.0
2025-02-19T14:30:00-05:00,156.943603515625,157.9600067138672,156.8800048828125,157.10000610351562,464002.0
2025-02-19T15:30:00-05:00,157.11099243164062,158.1699981689453,157.0399932861328,157.94900512695312,789916.0
2025-02-20T09:30:00-05:00,156.32000732421875,157.75,153.4499969482422,153.77999877929688,1123716.0
2025-02-20T10:30:00-05:00,153.72999572753906,154.17999267578125,152.92010498046875,153.27000427246094,658996.0
2025-02-20T11:30:00-05:00,153.28500366210938,153.3800048828125,152.47000122070312,152.8699951171875,661820.0
2025-02-20T12:30:00-05:00,152.8699951171875,153.49000549316406,152.50999450683594,153.07000732421875,403425.0
2025-02-20T13:30:00-05:00,153.10000610351562,154.64999389648438,153.08999633789062,154.24000549316406,393545.0
2025-02-20T14:30:00-05:00,154.27499389648438,154.85499572753906,154.1699981689453,154.5800018310547,399341.0
2025-02-20T15:30:00-05:00,154.5850067138672,155.32000732421875,154.47999572753906,155.30999755859375,649441.0
2025-02-21T09:30:00-05:00,154.56500244140625,154.56500244140625,149.80999755859375,150.5399932861328,1348592.0
2025-02-21T10:30:00-05:00,150.5800018310547,151.10000610351562,149.8000030517578,150.19000244140625,774243.0
2025-02-21T11:30:00-05:00,150.125,150.33999633789062,148.42999267578125,148.83999633789062,773024.0
2025-02-21T12:30:00-05:00,148.87660217285156,148.87660217285156,146.89999389648438,147.1750030517578,739839.0
2025-02-21T13:30:00-05:00,147.11000061035156,147.51499938964844,145.8000030517578,146.02999877929688,579021.0
2025-02-21T14:30:00-05:00,146.05999755859375,147.2899932861328,145.75,147.07000732421875,1098818.0
2025-02-21T15:30:00-05:00,147.07000732421875,147.4980010986328,145.82000732421875,146.0500030517578,1199168.0
2025-02-24T09:30:00-05:00,147.0,147.07000732421875,143.8800048828125,145.02999877929688,960003.0
2025-02-24T10:30:00-05:00,145.0,145.5399932861328,144.35499572753906,145.5,514912.0
2025-02-24T11:30:00-05:00,145.57000732421875,145.77999877929688,144.10000610351562,144.5399932861328,410514.0
2025-02-24T12:30:00-05:00,144.47000122070312,145.19000244140625,144.10000610351562,144.5449981689453,323634.0
2025-02-24T13:30:00-05:00,144.6300048828125,145.17999267578125,144.4600067138672,144.9250030517578,284321.0
2025-02-24T14:30:00-05:00,144.97500610351562,145.69000244140625,144.91000366210938,145.10499572753906,376159.0
2025-02-24T15:30:00-05:00,145.14999389648438,145.4600067138672,144.63999938964844,144.82000732421875,590504.0
2025-02-25T09:30:00-05:00,144.82000732421875,145.14999389648438,140.39999389648438,140.5,988015.0
2025-02-25T10:30:00-05:00,140.6199951171875,141.97000122070312,140.5399932861328,141.13999938964844,700230.0
2025-02-25T11:30:00-05:00,141.20989990234375,141.82000732421875,140.75999450683594,141.30999755859375,660787.0
2025-02-25T12:30:00-05:00,141.34500122070312,142.96080017089844,141.34500122070312,141.89999389648438,543034.0
2025-02-25T13:30:00-05:00,141.91000366210938,142.33920288085938,141.32000732421875,141.71499633789062,455812.0
2025-02-25T14:30:00-05:00,141.72000122070312,142.83999633789062,141.67999267578125,142.66000366210938,580281.0
2025-02-25T15:30:00-05:00,142.58999633789062,142.6199951171875,141.27999877929688,141.57000732421875,771830.0
2025-02-26T09:30:00-05:00,143.16000366210938,145.1300048828125,142.2200927734375,144.5800018310547,535854.0
2025-02-26T10:30:00-05:00,144.5800018310547,145.07000732421875,144.27000427246094,144.49000549316406,410575.0
2025-02-26T11:30:00-05:00,144.4600067138672,144.72000122070312,144.0399932861328,144.1448974609375,275509.0
2025-02-26T12:30:00-05:00,144.10470581054688,144.3000030517578,143.2899932861328,143.9176025390625,288705.0
2025-02-26T13:30:00-05:00,143.94500732421875,144.36000061035156,143.18499755859375,143.64999389648438,244889.0
2025-02-26T14:30:00-05:00,143.6199951171875,144.1649932861328,143.5,143.64999389648438,268519.0
2025-02-26T15:30:00-05:00,143.60000610351562,144.22500610351562,143.50999450683594,144.02999877929688,485667.0
2025-02-27T09:30:00-05:00,144.6300048828125,145.69000244140625,141.0,142.9499969482422,705431.0
2025-02-27T10:30:00-05:00,142.85000610351562,143.375,142.5500030517578,143.02999877929688,414524.0
2025-02-27T11:30:00-05:00,143.0,143.27999877929688,141.5800018310547,142.11500549316406,342918.0
2025-02-27T12:30:00-05:00,142.11500549316406,142.39999389648438,141.67999267578125,142.160400390625,413568.0
2025-02-27T13:30:00-05:00,142.13999938964844,142.4550018310547,141.19000244140625,141.19000244140625,395748.0
2025-02-27T14:30:00-05:00,141.17999267578125,141.17999267578125,140.13900756835938,140.26499938964844,573683.0
2025-02-27T15:30:00-05:00,140.33999633789062,140.8000030517578,139.0500030517578,139.4499969482422,822350.0
2025-02-28T09:30:00-05:00,139.5,140.16000366210938,138.00999450683594,139.6699981689453,793591.0
2025-02-28T10:30:00-05:00,139.61749267578125,139.9199981689453,138.4199981689453,138.58999633789062,416604.0
2025-02-28T11:30:00-05:00,138.5399932861328,139.75,138.4199981689453,139.31500244140625,308238.0
2025-02-28T12:30:00-05:00,139.2100067138672,139.27890014648438,137.82000732421875,138.38999938964844,329968.0
2025-02-28T13:30:00-05:00,138.3300018310547,138.63999938964844,137.58999633789062,137.99000549316406,323983.0
2025-02-28T14:30:00-05:00,138.0,139.1699981689453,137.92999267578125,139.16000366210938,329116.0
2025-02-28T15:30:00-05:00,139.14999389648438,139.16000366210938,138.19000244140625,138.80999755859375,1010364.0
2025-03-03T09:30:00-05:00,140.5,144.63999938964844,140.375,144.52999877929688,1556521.0
2025-03-03T10:30:00-05:00,144.63499450683594,144.75,142.97999572753906,142.97999572753906,575272.0
2025-03-03T11:30:00-05:00,143.01499938964844,143.75,142.60000610351562,143.67999267578125,392016.0
2025-03-03T12:30:00-05:00,143.7050018310547,143.9600067138672,142.75999450683594,142.9550018310547,582142.0
2025-03-03T13:30:00-05:00,142.99000549316406,143.42999267578125,142.19000244140625,142.6999969482422,539677.0
2025-03-03T14:30:00-05:00,142.7550048828125,143.4364013671875,140.33999633789062,140.5749969482422,866657.0
2025-03-03T15:30:00-05:00,140.52000427246094,141.0399932861328,139.95750427246094,141.00999450683594,999744.0
2025-03-04T09:30:00-05:00,139.9949951171875,140.52999877929688,137.82000732421875,138.10499572753906,1165943.0
2025-03-04T10:30:00-05:00,138.0399932861328,139.58999633789062,138.0399932861328,138.6999969482422,454402.0
2025-03-04T11:30:00-05:00,138.7899932861328,141.16990661621094,138.7899932861328,140.88999938964844,436352.0
2025-03-04T12:30:00-05:00,140.85000610351562,141.69000244140625,140.4886932373047,141.24000549316406,454316.0
2025-03-04T13:30:00-05:00,141.24000549316406,142.97000122070312,141.10000610351562,142.59500122070312,519490.0
2025-03-04T14:30:00-05:00,142.64999389648438,143.22999572753906,142.22000122070312,142.8699951171875,441342.0
2025-03-04T15:30:00-05:00,142.8800048828125,142.8990020751953,141.06500244140625,141.41000366210938,718052.0
2025-03-05T09:30:00-05:00,141.74000549316406,142.05999755859375,139.4949951171875,140.2899932861328,509779.0
2025-03-05T10:30:00-05:00,140.28500366210938,141.0,139.72000122070312,140.05999755859375,311184.0
2025-03-05T11:30:00-05:00,140.02999877929688,140.38999938964844,139.2100067138672,140.2949981689453,292136.0
2025-03-05T12:30:00-05:00,140.35000610351562,141.07000732421875,140.10450744628906,140.6699981689453,274050.0
2025-03-05T13:30:00-05:00,140.63999938964844,142.19000244140625,140.4499969482422,141.6300048828125,352444.0
2025-03-05T14:30:00-05:00,141.57000732421875,142.2550048828125,141.3115997314453,141.7899932861328,360274.0
2025-03-05T15:30:00-05:00,141.8000030517578,142.7899932861328,141.3000030517578,142.5800018310547,772577.0
2025-03-06T09:30:00-05:00,140.0,140.0,136.52999877929688,138.125,952725.0
2025-03-06T10:30:00-05:00,138.13499450683594,138.98989868164062,137.2899932861328,137.97000122070312,624272.0
2025-03-06T11:30:00-05:00,138.1699981689453,138.52000427246094,136.44009399414062,136.5500030517578,525968.0
2025-03-06T12:30:00-05:00,136.44000244140625,136.92999267578125,136.14999389648438,136.22999572753906,516442.0
2025-03-06T13:30:00-05:00,136.2615966796875,136.5399932861328,134.92999267578125,135.07000732421875,589838.0
2025-03-06T14:30:00-05:00,135.03750610351562,136.5576934814453,134.66000366210938,135.2899932861328,795456.0
2025-03-06T15:30:00-05:00,135.33999633789062,135.6199951171875,134.61000061035156,134.80999755859375,822886.0
2025-03-07T09:30:00-05:00,134.7100067138672,134.72000122070312,133.0,133.2100067138672,709171.0
2025-03-07T10:30:00-05:00,133.19000244140625,133.1999969482422,130.94000244140625,131.27999877929688,889881.0
2025-03-07T11:30:00-05:00,131.30999755859375,131.39999389648438,130.3699951171875,130.9499969482422,551496.0
2025-03-07T12:30:00-05:00,130.9199981689453,132.80999755859375,130.80999755859375,132.47999572753906,538264.0
2025-03-07T13:30:00-05:00,132.4499969482422,134.4199981689453,132.4499969482422,134.35499572753906,540227.0
2025-03-07T14:30:00-05:00,134.35499572753906,134.44000244140625,133.6999969482422,133.9499969482422,469632.0
2025-03-07T15:30:00-05:00,133.9499969482422,134.72999572753906,133.32000732421875,134.38999938964844,594414.0
2025-03-10T09:30:00-04:00,134.72000122070312,135.80999755859375,131.50999450683594,131.7100067138672,1295533.0
2025-03-10T10:30:00-04:00,131.72999572753906,132.8300018310547,131.5399932861328,132.30999755859375,761719.0
2025-03-10T11:30:00-04:00,132.38999938964844,133.36000061035156,132.0399932861328,132.33999633789062,568509.0
2025-03-10T12:30:00-04:00,132.2899932861328,132.63499450683594,131.41000366210938,131.6999969482422,422962.0
2025-03-10T13:30:00-04:00,131.68499755859375,131.77999877929688,130.64999389648438,131.03250122070312,499780.0
2025-03-10T14:30:00-04:00,131.0449981689453,132.63999938964844,130.1999969482422,132.11000061035156,933021.0
2025-03-10T15:30:00-04:00,132.1300048828125,133.11000061035156,131.97000122070312,132.1699981689453,1261347.0
2025-03-11T09:30:00-04:00,130.00399780273438,130.7686004638672,126.25,126.33000183105469,1770281.0
2025-03-11T10:30:00-04:00,126.28500366210938,127.70999908447266,125.75,127.10189819335938,984131.0
2025-03-11T11:30:00-04:00,127.23999786376953,127.7654037475586,126.38999938964844,126.94000244140625,517869.0
2025-03-11T12:30:00-04:00,126.94000244140625,127.43000030517578,124.3499984741211,124.3499984741211,854915.0
2025-03-11T13:30:00-04:00,124.29000091552734,126.88999938964844,123.69999694824219,126.3550033569336,911127.0
2025-03-11T14:30:00-04:00,126.3550033569336,127.19999694824219,125.38999938964844,125.66999816894531,1014240.0
2025-03-11T15:30:00-04:00,125.70999908447266,125.94000244140625,125.25,125.41999816894531,984793.0
2025-03-12T09:30:00-04:00,127.0,127.08999633789062,124.11000061035156,125.31999969482422,1075847.0
2025-03-12T10:30:00-04:00,125.32499694824219,125.43000030517578,123.53099822998047,124.5,619299.0
2025-03-12T11:30:00-04:00,124.53500366210938,126.70999908447266,124.4800033569336,126.4000015258789,460688.0
2025-03-12T12:30:00-04:00,126.41000366210938,126.72000122070312,125.69499969482422,126.50499725341797,293324.0
2025-03-12T13:30:00-04:00,126.51000213623047,127.07990264892578,125.68160247802734,127.0199966430664,435380.0
2025-03-12T14:30:00-04:00,127.0,127.4800033569336,126.30999755859375,126.46499633789062,457028.0
2025-03-12T15:30:00-04:00,126.5,126.79499816894531,125.88999938964844,126.55999755859375,613724.0
2025-03-13T09:30:00-04:00,124.98999786376953,126.22000122070312,121.31999969482422,122.36000061035156,1097890.0
2025-03-13T10:30:00-04:00,122.4000015258789,122.91000366210938,120.52999877929688,120.64600372314453,755274.0
2025-03-13T11:30:00-04:00,120.62999725341797,120.83000183105469,119.63999938964844,120.37999725341797,1212876.0
2025-03-13T12:30:00-04:00,120.2699966430664,121.01589965820312,119.37000274658203,120.02999877929688,817137.0
2025-03-13T13:30:00-04:00,119.97000122070312,120.31500244140625,119.16999816894531,119.91999816894531,529672.0
2025-03-13T14:30:00-04:00,119.91999816894531,120.54000091552734,119.62999725341797,119.7699966430664,759658.0
2025-03-13T15:30:00-04:00,119.7750015258789,120.04879760742188,119.1500015258789,119.37999725341797,1261439.0
2025-03-14T09:30:00-04:00,121.94999694824219,124.44499969482422,121.57009887695312,121.63999938964844,900065.0
2025-03-14T10:30:00-04:00,121.62999725341797,122.7300033569336,121.5999984741211,122.19000244140625,559544.0
2025-03-14T11:30:00-04:00,122.19000244140625,122.83000183105469,121.61000061035156,121.84960174560547,511563.0
2025-03-14T12:30:00-04:00,121.8499984741211,122.625,121.58000183105469,122.40499877929688,343355.0
2025-03-14T13:30:00-04:00,122.36499786376953,122.6500015258789,121.94000244140625,122.37999725341797,338442.0
2025-03-14T14:30:00-04:00,122.38999938964844,123.0999984741211,122.38999938964844,122.74410247802734,423666.0
2025-03-14T15:30:00-04:00,122.74500274658203,123.16000366210938,122.55999755859375,122.83899688720703,721536.0
2025-03-17T09:30:00-04:00,124.0,127.46829986572266,123.75,125.4800033569336,1103346.0
2025-03-17T10:30:00-04:00,125.41999816894531,126.45500183105469,125.16000366210938,126.0176010131836,516317.0
2025-03-17T11:30:00-04:00,125.93499755859375,126.5199966430664,125.5,126.06999969482422,360115.0
2025-03-17T12:30:00-04:00,126.1050033569336,126.76180267333984,125.7750015258789,126.73999786376953,353515.0
2025-03-17T13:30:00-04:00,126.75,127.80000305175781,126.69999694824219,127.75,381379.0
2025-03-17T14:30:00-04:00,127.69000244140625,127.98999786376953,127.4000015258789,127.75,473352.0
2025-03-17T15:30:00-04:00,127.75,127.94000244140625,126.83999633789062,126.94999694824219,949300.0
2025-03-18T09:30:00-04:00,126.0,126.06999969482422,124.04000091552734,124.3499984741211,641043.0
2025-03-18T10:30:00-04:00,124.30999755859375,124.43000030517578,123.0,123.70999908447266,424566.0
2025-03-18T11:30:00-04:00,123.66999816894531,124.68000030517578,123.66000366210938,124.66999816894531,346453.0
2025-03-18T12:30:00-04:00,124.69000244140625,124.84989929199219,124.12000274658203,124.3947982788086,260195.0
2025-03-18T13:30:00-04:00,124.44999694824219,124.9800033569336,124.26000213623047,124.48999786376953,254443.0
2025-03-18T14:30:00-04:00,124.5,124.95999908447266,124.20999908447266,124.20999908447266,304920.0
2025-03-18T15:30:00-04:00,124.22000122070312,124.76000213623047,123.97000122070312,124.55999755859375,510936.0
2025-03-19T09:30:00-04:00,125.0999984741211,126.94000244140625,124.72000122070312,126.01000213623047,474591.0
2025-03-19T10:30:00-04:00,125.97000122070312,126.38999938964844,125.44999694824219,126.0999984741211,382679.0
2025-03-19T11:30:00-04:00,126.06999969482422,126.19999694824219,125.52999877929688,125.66000366210938,412010.0
2025-03-19T12:30:00-04:00,125.61000061035156,125.66100311279297,124.30000305175781,124.30000305175781,324376.0
2025-03-19T13:30:00-04:00,124.31999969482422,125.43000030517578,124.12000274658203,125.0999984741211,507412.0
2025-03-19T14:30:00-04:00,125.1500015258789,127.08000183105469,125.13999938964844,125.94000244140625,923699.0
2025-03-19T15:30:00-04:00,125.875,126.75,125.80999755859375,126.0,639710.0
2025-03-20T09:30:00-04:00,124.69999694824219,127.36499786376953,124.36000061035156,127.01000213623047,723229.0
2025-03-20T10:30:00-04:00,127.04499816894531,127.7699966430664,126.79000091552734,127.30000305175781,328993.0
2025-03-20T11:30:00-04:00,127.37999725341797,127.37999725341797,125.98999786376953,126.01000213623047,219243.0
2025-03-20T12:30:00-04:00,126.08999633789062,126.5999984741211,125.91000366210938,126.01499938964844,199519.0
2025-03-20T13:30:00-04:00,126.01499938964844,126.51000213623047,125.80000305175781,125.80000305175781,378053.0
2025-03-20T14:30:00-04:00,125.76000213623047,126.40899658203125,125.5199966430664,126.0,317914.0
2025-03-20T15:30:00-04:00,126.06999969482422,126.4749984741211,125.86000061035156,126.13999938964844,601264.0
2025-03-21T09:30:00-04:00,124.65499877929688,125.74500274658203,123.30000305175781,125.33000183105469,1148588.0
2025-03-21T10:30:00-04:00,125.33000183105469,126.12999725341797,124.79499816894531,125.4000015258789,306014.0
2025-03-21T11:30:00-04:00,125.33999633789062,126.9800033569336,125.04000091552734,126.75,461675.0
2025-03-21T12:30:00-04:00,126.69999694824219,126.9800033569336,126.12000274658203,126.41999816894531,335310.0
2025-03-21T13:30:00-04:00,126.37000274658203,127.32499694824219,126.29000091552734,126.91999816894531,358872.0
2025-03-21T14:30:00-04:00,126.91999816894531,127.70999908447266,126.89289855957031,127.5199966430664,361636.0
2025-03-21T15:30:00-04:00,127.54000091552734,129.24000549316406,127.36000061035156,128.77000427246094,1559104.0
2025-03-24T09:30:00-04:00,130.2449951171875,130.72000122070312,128.69000244140625,130.06500244140625,667486.0
2025-03-24T10:30:00-04:00,130.0800018310547,130.14999389648438,128.83999633789062,129.44000244140625,485768.0
2025-03-24T11:30:00-04:00,129.49000549316406,130.17999267578125,129.41000366210938,129.52000427246094,313946.0
2025-03-24T12:30:00-04:00,129.52000427246094,129.56500244140625,129.0800018310547,129.24000549316406,298815.0
2025-03-24T13:30:00-04:00,129.23500061035156,129.50999450683594,129.05999755859375,129.30999755859375,229877.0
2025-03-24T14:30:00-04:00,129.33999633789062,129.97000122070312,129.19000244140625,129.6699981689453,351154.0
2025-03-24T15:30:00-04:00,129.69000244140625,130.17999267578125,129.631103515625,129.77999877929688,593527.0
2025-03-25T09:30:00-04:00,129.5500030517578,130.60000610351562,128.5800018310547,129.33999633789062,618195.0
2025-03-25T10:30:00-04:00,129.3000030517578,130.75999450683594,129.27999877929688,130.27000427246094,361689.0
2025-03-25T11:30:00-04:00,130.22000122070312,130.25,129.3699951171875,129.49000549316406,274722.0
2025-03-25T12:30:00-04:00,129.5,129.82000732421875,128.91000366210938,128.9600067138672,291884.0
2025-03-25T13:30:00-04:00,128.94000244140625,129.10000610351562,128.5500030517578,128.8300018310547,284021.0
2025-03-25T14:30:00-04:00,128.83999633789062,129.36000061035156,128.7100067138672,129.27999877929688,268893.0
2025-03-25T15:30:00-04:00,129.27499389648438,130.14999389648438,128.97500610351562,129.80999755859375,738279.0
2025-03-26T09:30:00-04:00,129.97000122070312,131.0,129.1199951171875,129.65499877929688,615874.0
2025-03-26T10:30:00-04:00,129.72000122070312,130.4250030517578,129.6300048828125,129.63999938964844,381534.0
2025-03-26T11:30:00-04:00,129.63999938964844,130.27999877929688,129.31500244140625,130.00999450683594,318114.0
2025-03-26T12:30:00-04:00,129.99000549316406,130.14999389648438,128.53399658203125,128.53399658203125,275323.0
2025-03-26T13:30:00-04:00,128.5749969482422,128.5800018310547,127.94000244140625,128.47000122070312,318242.0
2025-03-26T14:30:00-04:00,128.4499969482422,128.5,127.94000244140625,127.98999786376953,367945.0
2025-03-26T15:30:00-04:00,127.98500061035156,128.8300018310547,127.8499984741211,128.6300048828125,626540.0
2025-03-27T09:30:00-04:00,126.01499938964844,126.62000274658203,123.43000030517578,126.55000305175781,1110702.0
2025-03-27T10:30:00-04:00,126.58999633789062,127.08999633789062,125.94000244140625,126.41999816894531,429799.0
2025-03-27T11:30:00-04:00,126.37000274658203,126.66000366210938,125.75,126.02999877929688,333237.0
2025-03-27T12:30:00-04:00,126.08999633789062,126.3550033569336,125.05010223388672,125.36000061035156,281786.0
2025-03-27T13:30:00-04:00,125.38500213623047,126.0199966430664,125.2593994140625,125.62000274658203,350880.0
2025-03-27T14:30:00-04:00,125.62000274658203,126.18000030517578,125.56999969482422,126.12000274658203,510265.0
2025-03-27T15:30:00-04:00,126.12000274658203,126.25,125.26000213623047,125.6500015258789,1139034.0
2025-03-28T09:30:00-04:00,125.54000091552734,125.54000091552734,121.69999694824219,121.72000122070312,622034.0
2025-03-28T10:30:00-04:00,121.73500061035156,121.9800033569336,120.9800033569336,121.52999877929688,476068.0
2025-03-28T11:30:00-04:00,121.47000122070312,121.80999755859375,120.41059875488281,120.41059875488281,283527.0
2025-03-28T12:30:00-04:00,120.44000244140625,120.91999816894531,120.06999969482422,120.18000030517578,390197.0
2025-03-28T13:30:00-04:00,120.19499969482422,120.58000183105469,119.94010162353516,120.26000213623047,399434.0
2025-03-28T14:30:00-04:00,120.29000091552734,120.91000366210938,119.94000244140625,120.71499633789062,497531.0
2025-03-28T15:30:00-04:00,120.69999694824219,120.94499969482422,120.4968032836914,120.75,607561.0
2025-03-31T09:30:00-04:00,119.5,119.5,115.68000030517578,116.66000366210938,1809096.0
2025-03-31T10:30:00-04:00,116.7750015258789,117.78600311279297,116.70999908447266,117.1500015258789,764248.0
2025-03-31T11:30:00-04:00,117.11000061035156,118.6449966430664,117.01000213623047,118.6449966430664,869377.0
2025-03-31T12:30:00-04:00,118.625,118.66999816894531,117.5,118.2699966430664,583059.0
2025-03-31T13:30:00-04:00,118.2699966430664,119.58999633789062,118.13999938964844,119.24299621582031,365393.0
2025-03-31T14:30:00-04:00,119.19000244140625,119.7300033569336,118.95500183105469,119.08000183105469,384443.0
2025-03-31T15:30:00-04:00,119.04499816894531,119.94499969482422,119.0,119.43000030517578,740741.0
2025-04-01T09:30:00-04:00,119.66999816894531,120.38999938964844,117.80000305175781,118.38999938964844,624779.0
2025-04-01T10:30:00-04:00,118.43000030517578,120.65660095214844,118.33000183105469,120.16000366210938,720402.0
2025-04-01T11:30:00-04:00,120.13999938964844,120.94000244140625,119.87999725341797,120.2874984741211,319153.0
2025-04-01T12:30:00-04:00,120.23149871826172,120.43000030517578,119.83000183105469,119.94100189208984,232791.0
2025-04-01T13:30:00-04:00,119.88999938964844,120.58000183105469,119.47000122070312,119.55000305175781,293052.0
2025-04-01T14:30:00-04:00,119.55999755859375,120.38999938964844,119.33000183105469,120.23999786376953,415761.0
2025-04-01T15:30:00-04:00,120.2300033569336,121.3499984741211,120.16000366210938,121.08000183105469,689611.0
2025-04-02T09:30:00-04:00,119.4800033569336,121.5,119.08000183105469,121.45500183105469,824229.0
2025-04-02T10:30:00-04:00,121.5,122.98999786376953,121.41000366210938,122.83499908447266,651792.0
2025-04-02T11:30:00-04:00,122.80000305175781,123.88999938964844,122.79000091552734,123.61000061035156,661143.0
2025-04-02T12:30:00-04:00,123.6500015258789,124.58999633789062,121.18000030517578,124.19999694824219,572430.0
2025-04-02T13:30:00-04:00,124.19999694824219,124.19999694824219,121.18000030517578,122.58999633789062,538405.0
2025-04-02T14:30:00-04:00,122.54000091552734,123.41000366210938,122.33999633789062,123.0999984741211,473911.0
2025-04-02T15:30:00-04:00,123.0199966430664,123.6449966430664,122.73999786376953,122.80000305175781,830624.0
2025-04-03T09:30:00-04:00,116.54000091552734,117.0,112.48999786376953,112.80999755859375,1848573.0
2025-04-03T10:30:00-04:00,112.86000061035156,113.54000091552734,111.80000305175781,112.91500091552734,1044536.0
2025-04-03T11:30:00-04:00,112.91500091552734,114.86000061035156,112.81999969482422,114.70500183105469,770497.0
2025-04-03T12:30:00-04:00,114.7699966430664,114.98999786376953,113.87000274658203,114.0250015258789,427309.0
2025-04-03T13:30:00-04:00,114.0,114.44000244140625,113.3499984741211,113.97000122070312,523862.0
2025-04-03T14:30:00-04:00,114.0,114.3499984741211,113.3550033569336,113.68499755859375,926527.0
2025-04-03T15:30:00-04:00,113.68499755859375,114.18000030517578,113.36000061035156,113.97000122070312,1404781.0
2025-04-04T09:30:00-04:00,109.26000213623047,109.9198989868164,106.70999908447266,107.99659729003906,2011195.0
2025-04-04T10:30:00-04:00,108.05500030517578,110.41999816894531,105.94000244140625,108.2113037109375,1631328.0
2025-04-04T11:30:00-04:00,108.2750015258789,108.6500015258789,106.88999938964844,107.26300048828125,1636385.0
2025-04-04T12:30:00-04:00,107.27999877929688,107.51000213623047,106.25,107.16000366210938,850575.0
2025-04-04T13:30:00-04:00,107.08000183105469,108.22000122070312,105.94999694824219,106.0199966430664,750265.0
2025-04-04T14:30:00-04:00,106.03500366210938,107.9000015258789,104.7300033569336,107.8499984741211,1264780.0
2025-04-04T15:30:00-04:00,107.80000305175781,108.5999984741211,106.58999633789062,106.63999938964844,1157533.0
2025-04-07T09:30:00-04:00,102.66999816894531,110.91000366210938,99.88999938964844,104.55000305175781,2507675.0
2025-04-07T10:30:00-04:00,104.65499877929688,107.37999725341797,103.30999755859375,103.5199966430664,1406052.0
2025-04-07T11:30:00-04:00,103.4800033569336,105.95999908447266,103.4800033569336,104.9000015258789,902405.0
2025-04-07T12:30:00-04:00,104.92500305175781,106.72000122070312,103.63999938964844,106.57499694824219,907833.0
2025-04-07T13:30:00-04:00,106.625,108.12999725341797,105.75,106.15499877929688,1096770.0
2025-04-07T14:30:00-04:00,106.2699966430664,107.9000015258789,105.22000122070312,105.37999725341797,861137.0
2025-04-07T15:30:00-04:00,105.36000061035156,106.80999755859375,105.29000091552734,106.30000305175781,1216165.0
2025-04-08T09:30:00-04:00,110.73999786376953,112.97000122070312,110.04560089111328,112.3499984741211,1706509.0
2025-04-08T10:30:00-04:00,112.38999938964844,112.83999633789062,109.0,109.30000305175781,834478.0
2025-04-08T11:30:00-04:00,109.30000305175781,110.80999755859375,108.82469940185547,109.2699966430664,609649.0
2025-04-08T12:30:00-04:00,109.30999755859375,109.56999969482422,107.12999725341797,107.22000122070312,760408.0
2025-04-08T13:30:00-04:00,107.16000366210938,108.72000122070312,106.91000366210938,106.98500061035156,609437.0
2025-04-08T14:30:00-04:00,107.04000091552734,108.61000061035156,104.79000091552734,105.88999938964844,933137.0
2025-04-08T15:30:00-04:00,105.84500122070312,106.04000091552734,104.1500015258789,105.73999786376953,1299607.0
2025-04-09T09:30:00-04:00,105.7300033569336,108.22000122070312,105.38999938964844,107.48999786376953,1090478.0
2025-04-09T10:30:00-04:00,107.48999786376953,108.3499984741211,105.8499984741211,106.94999694824219,681592.0
2025-04-09T11:30:00-04:00,106.94999694824219,107.9281997680664,106.25499725341797,107.54000091552734,549143.0
2025-04-09T12:30:00-04:00,107.41000366210938,115.80000305175781,107.12000274658203,113.64849853515625,1187246.0
2025-04-09T13:30:00-04:00,113.81999969482422,120.81999969482422,113.80999755859375,120.63999938964844,2343640.0
2025-04-09T14:30:00-04:00,120.49500274658203,122.37000274658203,117.87999725341797,122.04000091552734,2516015.0
2025-04-09T15:30:00-04:00,122.05999755859375,123.29499816894531,121.0999984741211,121.33000183105469,2764279.0
2025-04-10T09:30:00-04:00,117.61000061035156,118.4625015258789,113.20999908447266,113.58999633789062,1536087.0
2025-04-10T10:30:00-04:00,113.6500015258789,114.96499633789062,112.83000183105469,112.86499786376953,604358.0
2025-04-10T11:30:00-04:00,112.88999938964844,113.16999816894531,110.05999755859375,110.6500015258789,659117.0
2025-04-10T12:30:00-04:00,110.66000366210938,113.53500366210938,110.66000366210938,112.68000030517578,679437.0
2025-04-10T13:30:00-04:00,112.58000183105469,115.08999633789062,112.56009674072266,114.61499786376953,564769.0
2025-04-10T14:30:00-04:00,114.71499633789062,115.26000213623047,112.91500091552734,113.04000091552734,691958.0
2025-04-10T15:30:00-04:00,112.99749755859375,114.22000122070312,112.19999694824219,113.9000015258789,1260774.0
2025-04-11T09:30:00-04:00,113.8949966430664,114.71499633789062,111.95999908447266,112.31999969482422,813090.0
2025-04-11T10:30:00-04:00,112.25,114.41000366210938,111.62000274658203,111.99500274658203,676882.0
2025-04-11T11:30:00-04:00,111.91999816894531,113.2300033569336,111.79000091552734,112.70500183105469,316399.0
2025-04-11T12:30:00-04:00,112.77999877929688,114.66999816894531,112.77999877929688,113.62999725341797,398059.0
2025-04-11T13:30:00-04:00,113.69999694824219,115.43000030517578,113.22000122070312,114.4000015258789,436057.0
2025-04-11T14:30:00-04:00,114.4749984741211,115.3550033569336,114.12000274658203,114.95999908447266,436925.0
2025-04-11T15:30:00-04:00,114.86000061035156,114.9800033569336,114.12999725341797,114.5199966430664,1040182.0
2025-04-14T09:30:00-04:00,117.30000305175781,118.2699966430664,114.59880065917969,115.88279724121094,611215.0
2025-04-14T10:30:00-04:00,115.94000244140625,116.08000183105469,113.8499984741211,113.8499984741211,464826.0
2025-04-14T11:30:00-04:00,113.92500305175781,114.27999877929688,112.55000305175781,113.23999786376953,422353.0
2025-04-14T12:30:00-04:00,113.23999786376953,113.94999694824219,112.80000305175781,113.30500030517578,351868.0
2025-04-14T13:30:00-04:00,113.30500030517578,114.26000213623047,113.13999938964844,114.20999908447266,303092.0
2025-04-14T14:30:00-04:00,114.1500015258789,114.45999908447266,113.7300033569336,114.03500366210938,369136.0
2025-04-14T15:30:00-04:00,114.02999877929688,114.18000030517578,113.12999725341797,113.22000122070312,861705.0
2025-04-15T09:30:00-04:00,114.2249984741211,115.70999908447266,113.52999877929688,114.23999786376953,809666.0
2025-04-15T10:30:00-04:00,114.27999877929688,114.66000366210938,113.6500015258789,114.12000274658203,461977.0
2025-04-15T11:30:00-04:00,114.12000274658203,114.625,113.94650268554688,114.48999786376953,398154.0
2025-04-15T12:30:00-04:00,114.51000213623047,114.87999725341797,113.86499786376953,113.94499969482422,549041.0
2025-04-15T13:30:00-04:00,113.94499969482422,114.33999633789062,113.5250015258789,113.8499984741211,370138.0
2025-04-15T14:30:00-04:00,113.8499984741211,114.47000122070312,113.8499984741211,114.33999633789062,516882.0
2025-04-15T15:30:00-04:00,114.32499694824219,115.06999969482422,113.93000030517578,114.62999725341797,1012906.0
2025-04-16T09:30:00-04:00,113.58000183105469,115.62000274658203,113.30000305175781,113.80999755859375,705006.0
2025-04-16T10:30:00-04:00,113.8499984741211,114.80999755859375,113.51000213623047,114.43000030517578,424853.0
2025-04-16T11:30:00-04:00,114.41000366210938,114.80000305175781,114.12999725341797,114.6050033569336,455513.0
2025-04-16T12:30:00-04:00,114.62999725341797,114.83999633789062,114.12000274658203,114.48999786376953,373344.0
2025-04-16T13:30:00-04:00,114.44999694824219,114.48999786376953,112.12999725341797,112.86000061035156,722563.0
2025-04-16T14:30:00-04:00,112.9000015258789,112.94000244140625,111.02999877929688,111.11000061035156,674630.0
2025-04-16T15:30:00-04:00,111.12000274658203,112.98500061035156,111.0999984741211,112.63999938964844,967028.0
2025-04-17T09:30:00-04:00,113.75,113.75,111.86000061035156,112.11499786376953,679933.0
2025-04-17T10:30:00-04:00,112.18000030517578,113.18000030517578,112.05999755859375,112.66999816894531,417134.0
2025-04-17T11:30:00-04:00,112.69000244140625,113.88999938964844,112.69000244140625,113.73500061035156,528061.0
2025-04-17T12:30:00-04:00,113.73500061035156,113.98999786376953,113.05000305175781,113.12999725341797,531958.0
2025-04-17T13:30:00-04:00,113.12999725341797,113.79000091552734,113.05999755859375,113.38999938964844,441552.0
2025-04-17T14:30:00-04:00,113.40499877929688,113.62999725341797,113.04000091552734,113.21949768066406,578411.0
2025-04-17T15:30:00-04:00,113.25499725341797,113.48999786376953,112.51000213623047,112.70999908447266,561364.0
2025-04-21T09:30:00-04:00,112.0,113.4000015258789,110.72709655761719,110.7300033569336,1143338.0
2025-04-21T10:30:00-04:00,110.70999908447266,111.20999908447266,110.122802734375,110.25499725341797,439512.0
2025-04-21T11:30:00-04:00,110.20999908447266,110.56999969482422,109.79000091552734,110.45999908447266,539818.0
2025-04-21T12:30:00-04:00,110.5,111.01000213623047,109.9800033569336,110.2249984741211,523989.0
2025-04-21T13:30:00-04:00,110.2249984741211,110.69999694824219,110.0999984741211,110.6500015258789,464783.0
2025-04-21T14:30:00-04:00,110.66000366210938,110.9000015258789,110.30999755859375,110.80999755859375,597463.0
2025-04-21T15:30:00-04:00,110.86000061035156,111.73999786376953,110.77999877929688,111.55000305175781,1079473.0
2025-04-22T09:30:00-04:00,112.58999633789062,113.75,112.05000305175781,113.61000061035156,707782.0
2025-04-22T10:30:00-04:00,113.52999877929688,114.80999755859375,113.34490203857422,114.59500122070312,477632.0
2025-04-22T11:30:00-04:00,114.59500122070312,115.80000305175781,113.9000015258789,115.58999633789062,552151.0
2025-04-22T12:30:00-04:00,115.55000305175781,115.68000030517578,113.4000015258789,113.45999908447266,488763.0
2025-04-22T13:30:00-04:00,113.45999908447266,114.8499984741211,113.44999694824219,114.75,450364.0
2025-04-22T14:30:00-04:00,114.76000213623047,115.0999984741211,114.18000030517578,114.3499984741211,567241.0
2025-04-22T15:30:00-04:00,114.34249877929688,115.06999969482422,114.08000183105469,114.9000015258789,706419.0
2025-04-23T09:30:00-04:00,119.69999694824219,122.31999969482422,119.69999694824219,121.45999908447266,1223607.0
2025-04-23T10:30:00-04:00,121.51000213623047,122.19000244140625,116.7300033569336,118.82250213623047,1169849.0
2025-04-23T11:30:00-04:00,118.8550033569336,118.95999908447266,117.3499984741211,117.98999786376953,429444.0
2025-04-23T12:30:00-04:00,117.95999908447266,118.73999786376953,117.76000213623047,118.41999816894531,358646.0
2025-04-23T13:30:00-04:00,118.47000122070312,119.16000366210938,117.91000366210938,118.4749984741211,324634.0
2025-04-23T14:30:00-04:00,118.51000213623047,118.93000030517578,117.83100128173828,117.88999938964844,363873.0
2025-04-23T15:30:00-04:00,117.91999816894531,118.72000122070312,117.75,118.30999755859375,672682.0
2025-04-24T09:30:00-04:00,118.69000244140625,120.16999816894531,118.0,120.05999755859375,469522.0
2025-04-24T10:30:00-04:00,119.95069885253906,120.36499786376953,119.5199966430664,119.97000122070312,273001.0
2025-04-24T11:30:00-04:00,119.95500183105469,120.86499786376953,119.81999969482422,120.73999786376953,245782.0
2025-04-24T12:30:00-04:00,120.86000061035156,121.66999816894531,120.86000061035156,121.18000030517578,311901.0
2025-04-24T13:30:00-04:00,121.2699966430664,121.44999694824219,120.81999969482422,121.16999816894531,447990.0
2025-04-24T14:30:00-04:00,121.23999786376953,121.5,120.91000366210938,121.30000305175781,376991.0
2025-04-24T15:30:00-04:00,121.31999969482422,121.88999938964844,121.17250061035156,121.70999908447266,689624.0
2025-04-25T09:30:00-04:00,121.43000030517578,123.08999633789062,121.11000061035156,121.75,411315.0
2025-04-25T10:30:00-04:00,121.70999908447266,122.25499725341797,121.25,121.83499908447266,305205.0
2025-04-25T11:30:00-04:00,121.83499908447266,122.22000122070312,121.37999725341797,122.01000213623047,297472.0
2025-04-25T12:30:00-04:00,122.00499725341797,122.5,121.83499908447266,122.43620300292969,305019.0
2025-04-25T13:30:00-04:00,122.41999816894531,122.49500274658203,120.8301010131836,121.71179962158203,313946.0
2025-04-25T14:30:00-04:00,121.65499877929688,122.0199966430664,121.56999969482422,121.6500015258789,245802.0
2025-04-25T15:30:00-04:00,121.5999984741211,122.55000305175781,121.44999694824219,122.48999786376953,489575.0
2025-04-28T09:30:00-04:00,122.51000213623047,125.12000274658203,122.10990142822266,125.08000183105469,920270.0
2025-04-28T10:30:00-04:00,125.0999984741211,125.2300033569336,122.98999786376953,123.12000274658203,1406145.0
2025-04-28T11:30:00-04:00,123.13999938964844,123.88999938964844,122.5,122.7699966430664,404836.0
2025-04-28T12:30:00-04:00,122.7699966430664,123.44000244140625,122.45999908447266,122.55999755859375,381224.0
2025-04-28T13:30:00-04:00,122.58000183105469,123.18000030517578,122.4000015258789,123.11000061035156,337727.0
2025-04-28T14:30:00-04:00,123.12999725341797,123.70999908447266,122.79000091552734,123.56999969482422,475303.0
2025-04-28T15:30:00-04:00,123.55999755859375,123.83000183105469,123.25,123.29000091552734,718780.0
2025-04-29T09:30:00-04:00,123.27999877929688,125.41999816894531,123.19000244140625,123.88749694824219,829394.0
2025-04-29T10:30:00-04:00,123.84249877929688,124.70999908447266,123.76000213623047,124.61000061035156,516969.0
2025-04-29T11:30:00-04:00,124.58000183105469,125.44999694824219,124.18000030517578,124.5999984741211,463758.0
2025-04-29T12:30:00-04:00,124.62000274658203,124.95999908447266,123.87000274658203,124.63500213623047,450415.0
2025-04-29T13:30:00-04:00,124.66999816894531,125.83999633789062,124.62000274658203,125.52580261230469,501294.0
2025-04-29T14:30:00-04:00,125.52999877929688,125.98999786376953,125.23500061035156,125.28089904785156,731624.0
2025-04-29T15:30:00-04:00,125.30999755859375,125.68499755859375,125.04000091552734,125.52999877929688,1013886.0
2025-04-30T09:30:00-04:00,121.0,121.20999908447266,118.05000305175781,119.78500366210938,2162951.0
2025-04-30T10:30:00-04:00,119.73999786376953,119.83000183105469,118.87000274658203,119.47000122070312,1148091.0
2025-04-30T11:30:00-04:00,119.47000122070312,120.19999694824219,118.71009826660156,118.8917007446289,750660.0
2025-04-30T12:30:00-04:00,118.8499984741211,119.80500030517578,118.66000366210938,119.76499938964844,373038.0
2025-04-30T13:30:00-04:00,119.76000213623047,120.1050033569336,119.37000274658203,119.67369842529297,493265.0
2025-04-30T14:30:00-04:00,119.66999816894531,120.0,119.16000366210938,119.71499633789062,494754.0
2025-04-30T15:30:00-04:00,119.71499633789062,122.25,119.68000030517578,121.91999816894531,1164019.0
2025-05-01T09:30:00-04:00,121.91999816894531,124.81500244140625,121.9000015258789,124.55000305175781,1357723.0
2025-05-01T10:30:00-04:00,124.69000244140625,125.08000183105469,124.31999969482422,124.61000061035156,783733.0
2025-05-01T11:30:00-04:00,124.62000274658203,124.69000244140625,122.97000122070312,123.52999877929688,585844.0
2025-05-01T12:30:00-04:00,123.5,124.26000213623047,123.16999816894531,124.13500213623047,659995.0
2025-05-01T13:30:00-04:00,124.19000244140625,124.55000305175781,123.5199966430664,124.05999755859375,806338.0
2025-05-01T14:30:00-04:00,124.01499938964844,124.61000061035156,123.51000213623047,124.56999969482422,1436692.0
2025-05-01T15:30:00-04:00,124.61000061035156,124.98999786376953,123.91000366210938,124.08000183105469,1389354.0
2025-05-02T09:30:00-04:00,121.48999786376953,123.94999694824219,120.13349914550781,123.75,3376067.0
2025-05-02T10:30:00-04:00,123.69499969482422,124.83000183105469,123.30999755859375,123.68260192871094,1385433.0
2025-05-02T11:30:00-04:00,123.63999938964844,125.36000061035156,123.36000061035156,125.29000091552734,1410129.0
2025-05-02T12:30:00-04:00,125.30999755859375,126.55999755859375,125.0999984741211,125.25499725341797,1098176.0
2025-05-02T13:30:00-04:00,125.30000305175781,125.4000015258789,124.54000091552734,124.97000122070312,725919.0
2025-05-02T14:30:00-04:00,125.01499938964844,125.22959899902344,123.56999969482422,123.97000122070312,958414.0
2025-05-02T15:30:00-04:00,123.95999908447266,125.5,123.73999786376953,125.23999786376953,1514384.0
2025-05-05T09:30:00-04:00,123.3550033569336,127.13999938964844,122.30000305175781,126.7750015258789,1375179.0
2025-05-05T10:30:00-04:00,126.7750015258789,127.22000122070312,126.17500305175781,127.1500015258789,596917.0
2025-05-05T11:30:00-04:00,127.13999938964844,127.36000061035156,126.57990264892578,127.19000244140625,545446.0
2025-05-05T12:30:00-04:00,127.16000366210938,127.58999633789062,125.6500015258789,125.73999786376953,660710.0
2025-05-05T13:30:00-04:00,125.66999816894531,126.0,125.20999908447266,125.58000183105469,599891.0
2025-05-05T14:30:00-04:00,125.5999984741211,126.13999938964844,124.93060302734375,125.2699966430664,768754.0
2025-05-05T15:30:00-04:00,125.2699966430664,125.66000366210938,124.7300033569336,124.9000015258789,1169180.0
2025-05-06T09:30:00-04:00,123.20999908447266,124.5,122.2500991821289,124.05999755859375,737188.0
2025-05-06T10:30:00-04:00,124.05000305175781,124.16000366210938,123.0,123.45999908447266,473460.0
2025-05-06T11:30:00-04:00,123.45999908447266,124.0999984741211,123.0199966430664,123.08999633789062,591863.0
2025-05-06T12:30:00-04:00,123.08999633789062,123.33999633789062,122.11039733886719,122.19000244140625,515338.0
2025-05-06T13:30:00-04:00,122.19999694824219,122.30999755859375,121.68000030517578,122.06999969482422,414039.0
2025-05-06T14:30:00-04:00,122.05000305175781,122.30999755859375,121.93000030517578,122.18000030517578,516319.0
2025-05-06T15:30:00-04:00,122.18000030517578,122.2699966430664,121.56999969482422,121.63999938964844,937340.0
2025-05-07T09:30:00-04:00,121.30000305175781,122.79000091552734,120.41000366210938,122.7699966430664,656043.0
2025-05-07T10:30:00-04:00,122.66999816894531,122.66999816894531,121.38999938964844,121.9000015258789,243912.0
2025-05-07T11:30:00-04:00,121.875,122.44999694824219,121.87000274658203,122.18499755859375,274927.0
2025-05-07T12:30:00-04:00,122.18000030517578,122.71499633789062,122.08000183105469,122.4800033569336,197363.0
2025-05-07T13:30:00-04:00,122.45999908447266,122.50749969482422,121.01000213623047,121.91000366210938,290514.0
2025-05-07T14:30:00-04:00,121.91000366210938,122.80000305175781,121.75,121.9749984741211,445678.0
2025-05-07T15:30:00-04:00,121.97000122070312,123.63999938964844,121.88999938964844,123.13999938964844,660833.0
2025-05-08T09:30:00-04:00,124.05000305175781,125.5,123.62000274658203,125.25959777832031,563974.0
2025-05-08T10:30:00-04:00,125.3499984741211,126.25,124.72000122070312,126.0199966430664,423290.0
2025-05-08T11:30:00-04:00,126.00499725341797,127.44000244140625,125.8499984741211,126.9800033569336,487204.0
2025-05-08T12:30:00-04:00,127.02999877929688,127.56999969482422,126.91999816894531,127.02999877929688,275213.0
2025-05-08T13:30:00-04:00,127.08000183105469,127.22000122070312,126.30999755859375,126.80999755859375,368798.0
2025-05-08T14:30:00-04:00,126.80500030517578,127.62999725341797,126.79419708251953,127.55999755859375,384899.0
2025-05-08T15:30:00-04:00,127.58000183105469,127.62000274658203,126.36100006103516,126.4000015258789,575041.0
2025-05-09T09:30:00-04:00,124.95999908447266,125.55000305175781,123.68000030517578,123.94999694824219,1606891.0
2025-05-09T10:30:00-04:00,123.91000366210938,124.72000122070312,123.4000015258789,124.25700378417969,918118.0
2025-05-09T11:30:00-04:00,124.19499969482422,125.77249908447266,124.0199966430664,125.64720153808594,663136.0
2025-05-09T12:30:00-04:00,125.51499938964844,125.80999755859375,125.11000061035156,125.30000305175781,333848.0
2025-05-09T13:30:00-04:00,125.30500030517578,126.33999633789062,125.20999908447266,126.05999755859375,507777.0
2025-05-09T14:30:00-04:00,126.0999984741211,127.30000305175781,125.69999694824219,126.90499877929688,792178.0
2025-05-09T15:30:00-04:00,126.91000366210938,127.30999755859375,126.51499938964844,127.06999969482422,837996.0
2025-05-12T09:30:00-04:00,133.36000061035156,134.85000610351562,132.13999938964844,133.48500061035156,1305921.0
2025-05-12T10:30:00-04:00,133.46499633789062,134.0050048828125,132.30999755859375,132.9001007080078,763787.0
2025-05-12T11:30:00-04:00,132.95249938964844,133.49000549316406,132.7100067138672,133.3350067138672,700108.0
2025-05-12T12:30:00-04:00,133.30999755859375,133.9499969482422,133.10800170898438,133.48109436035156,445748.0
2025-05-12T13:30:00-04:00,133.58999633789062,133.91000366210938,133.27000427246094,133.80999755859375,564137.0
2025-05-12T14:30:00-04:00,133.80999755859375,133.97999572753906,133.33999633789062,133.50999450683594,720670.0
2025-05-12T15:30:00-04:00,133.47000122070312,134.35000610351562,132.86000061035156,134.24000549316406,1821246.0
2025-05-13T09:30:00-04:00,134.6750030517578,136.66000366210938,133.75,136.11000061035156,1059346.0
2025-05-13T10:30:00-04:00,136.02999877929688,137.47999572753906,135.90499877929688,137.27000427246094,719621.0
2025-05-13T11:30:00-04:00,137.27000427246094,137.6103973388672,136.7949981689453,137.1199951171875,445782.0
2025-05-13T12:30:00-04:00,137.08999633789062,137.3000030517578,136.84500122070312,137.05499267578125,328109.0
2025-05-13T13:30:00-04:00,137.06500244140625,137.6300048828125,136.6649932861328,137.24789428710938,554718.0
2025-05-13T14:30:00-04:00,137.25,138.52999877929688,137.1300048828125,137.9600067138672,1449594.0
2025-05-13T15:30:00-04:00,137.92999267578125,138.42999267578125,137.91000366210938,138.02999877929688,1266949.0
2025-05-14T09:30:00-04:00,138.5,139.8350067138672,138.10000610351562,139.0800018310547,1276031.0
2025-05-14T10:30:00-04:00,139.0399932861328,139.4600067138672,138.39999389648438,139.27999877929688,748193.0
2025-05-14T11:30:00-04:00,139.25,139.4499969482422,138.88499450683594,139.2949981689453,453238.0
2025-05-14T12:30:00-04:00,139.27000427246094,139.4199981689453,137.66000366210938,138.14999389648438,780643.0
2025-05-14T13:30:00-04:00,138.1649932861328,138.3800048828125,137.16000366210938,137.1699981689453,640485.0
2025-05-14T14:30:00-04:00,137.19000244140625,137.9199981689453,137.10000610351562,137.74000549316406,645811.0
2025-05-14T15:30:00-04:00,137.74000549316406,137.86000061035156,137.1300048828125,137.44000244140625,990784.0
2025-05-15T09:30:00-04:00,136.875,137.27000427246094,135.57000732421875,135.61000061035156,710549.0
2025-05-15T10:30:00-04:00,135.61000061035156,136.6999969482422,135.2899932861328,136.58999633789062,397965.0
2025-05-15T11:30:00-04:00,136.66000366210938,137.3800048828125,136.5,137.37179565429688,328150.0
2025-05-15T12:30:00-04:00,137.3699951171875,137.77999877929688,137.3101043701172,137.49000549316406,270228.0
2025-05-15T13:30:00-04:00,137.47500610351562,137.50999450683594,136.6300048828125,136.7899932861328,277056.0
2025-05-15T14:30:00-04:00,136.77000427246094,136.97999572753906,136.27999877929688,136.3000030517578,337381.0
2025-05-15T15:30:00-04:00,136.27999877929688,136.81500244140625,136.27999877929688,136.7899932861328,517559.0
2025-05-16T09:30:00-04:00,137.5399932861328,137.64999389648438,136.24000549316406,137.0500030517578,594482.0
2025-05-16T10:30:00-04:00,137.08999633789062,137.81500244140625,136.97000122070312,137.625,352448.0
2025-05-16T11:30:00-04:00,137.6199951171875,137.9499969482422,137.17999267578125,137.52999877929688,514925.0
2025-05-16T12:30:00-04:00,137.5399932861328,138.11500549316406,137.5399932861328,137.9499969482422,329183.0
2025-05-16T13:30:00-04:00,137.9550018310547,138.25,137.9149932861328,138.07000732421875,250573.0
2025-05-16T14:30:00-04:00,138.07000732421875,138.4499969482422,137.86000061035156,137.97999572753906,405120.0
2025-05-16T15:30:00-04:00,137.97500610351562,138.33999633789062,137.83999633789062,137.99000549316406,511048.0
2025-05-19T09:30:00-04:00,135.30999755859375,137.19500732421875,135.02999877929688,136.83999633789062,1170165.0
2025-05-19T10:30:00-04:00,136.8699951171875,137.25999450683594,136.38999938964844,136.8699951171875,510845.0
2025-05-19T11:30:00-04:00,136.83999633789062,137.3699951171875,136.67999267578125,136.97000122070312,334746.0
2025-05-19T12:30:00-04:00,136.97999572753906,137.22000122070312,136.681396484375,136.92999267578125,346550.0
2025-05-19T13:30:00-04:00,136.9199981689453,137.19000244140625,136.75,136.80499267578125,360776.0
2025-05-19T14:30:00-04:00,136.80499267578125,137.10499572753906,136.69000244140625,136.6999969482422,430988.0
2025-05-19T15:30:00-04:00,136.6999969482422,136.92999267578125,136.58999633789062,136.58999633789062,663138.0
2025-05-20T09:30:00-04:00,133.75250244140625,134.60000610351562,132.16000366210938,132.85000610351562,1633865.0
2025-05-20T10:30:00-04:00,132.9499969482422,133.4600067138672,132.7100067138672,132.83990478515625,736842.0
2025-05-20T11:30:00-04:00,132.81500244140625,133.02000427246094,132.5301055908203,132.72999572753906,493856.0
2025-05-20T12:30:00-04:00,132.75,133.1199951171875,132.47999572753906,132.5500030517578,470244.0
2025-05-20T13:30:00-04:00,132.5850067138672,132.61000061035156,131.47999572753906,131.59500122070312,576194.0
2025-05-20T14:30:00-04:00,131.55999755859375,132.25999450683594,131.38999938964844,132.1699981689453,722272.0
2025-05-20T15:30:00-04:00,132.1649932861328,132.3300018310547,131.9810028076172,132.1300048828125,1187945.0
2025-05-21T09:30:00-04:00,130.67999267578125,130.7899932861328,129.2949981689453,129.66000366210938,1272383.0
2025-05-21T10:30:00-04:00,129.6925048828125,130.1699981689453,129.5500030517578,129.97500610351562,731146.0
2025-05-21T11:30:00-04:00,129.97500610351562,130.13999938964844,129.74000549316406,130.0800018310547,466998.0
2025-05-21T12:30:00-04:00,130.0800018310547,130.39500427246094,128.38999938964844,128.47000122070312,612843.0
2025-05-21T13:30:00-04:00,128.4199981689453,129.4600067138672,127.97139739990234,128.31500244140625,589827.0
2025-05-21T14:30:00-04:00,128.27999877929688,128.50999450683594,126.97000122070312,127.06999969482422,787315.0
2025-05-21T15:30:00-04:00,127.08999633789062,127.80500030517578,127.08000183105469,127.5,1073857.0
2025-05-22T09:30:00-04:00,126.82499694824219,127.62999725341797,125.94000244140625,127.0,1273352.0
2025-05-22T10:30:00-04:00,127.02999877929688,127.16500091552734,126.55999755859375,126.62000274658203,590357.0
2025-05-22T11:30:00-04:00,126.62000274658203,127.34500122070312,126.6050033569336,126.99500274658203,707903.0
2025-05-22T12:30:00-04:00,126.98999786376953,127.08000183105469,126.47000122070312,126.96499633789062,392311.0
2025-05-22T13:30:00-04:00,126.96499633789062,127.73999786376953,126.91999816894531,127.52999877929688,730660.0
2025-05-22T14:30:00-04:00,127.5,128.32899475097656,127.29000091552734,128.19500732421875,852704.0
2025-05-22T15:30:00-04:00,128.19000244140625,128.28500366210938,127.62999725341797,127.63999938964844,1271938.0
2025-05-23T09:30:00-04:00,125.08999633789062,127.375,125.0,127.01000213623047,728290.0
2025-05-23T10:30:00-04:00,127.10250091552734,127.22000122070312,126.08000183105469,126.58000183105469,637814.0
2025-05-23T11:30:00-04:00,126.52999877929688,126.87999725341797,126.30999755859375,126.56500244140625,543387.0
2025-05-23T12:30:00-04:00,126.55999755859375,127.05370330810547,126.47000122070312,126.87999725341797,395255.0
2025-05-23T13:30:00-04:00,126.87000274658203,127.30000305175781,126.7300033569336,127.00800323486328,475234.0
2025-05-23T14:30:00-04:00,126.99500274658203,127.19000244140625,126.69000244140625,126.7699966430664,378596.0
2025-05-23T15:30:00-04:00,126.76000213623047,126.93000030517578,126.4000015258789,126.66999816894531,613414.0
2025-05-27T09:30:00-04:00,128.41000366210938,130.0574951171875,128.34500122070312,129.9250030517578,1238079.0
2025-05-27T10:30:00-04:00,129.89999389648438,130.39999389648438,129.41000366210938,130.2100067138672,768745.0
2025-05-27T11:30:00-04:00,130.2100067138672,130.22999572753906,129.47999572753906,129.48159790039062,560035.0
2025-05-27T12:30:00-04:00,129.49000549316406,130.32000732421875,129.48500061035156,130.3000030517578,751363.0
2025-05-27T13:30:00-04:00,130.2899932861328,130.3800048828125,129.95050048828125,129.97000122070312,612979.0
2025-05-27T14:30:00-04:00,129.97999572753906,130.02000427246094,129.4600067138672,129.72000122070312,690173.0
2025-05-27T15:30:00-04:00,129.71499633789062,129.75,129.3300018310547,129.39999389648438,1293770.0
2025-05-28T09:30:00-04:00,129.35000610351562,129.5,127.66500091552734,127.98999786376953,1049262.0
2025-05-28T10:30:00-04:00,128.0,128.9199981689453,127.79000091552734,128.63999938964844,699038.0
2025-05-28T11:30:00-04:00,128.61500549316406,129.13499450683594,128.510498046875,128.86000061035156,425455.0
2025-05-28T12:30:00-04:00,128.85000610351562,129.25999450683594,128.77000427246094,129.05999755859375,333667.0
2025-05-28T13:30:00-04:00,129.0800018310547,129.19000244140625,128.89999389648438,129.05999755859375,349297.0
2025-05-28T14:30:00-04:00,129.05999755859375,129.11000061035156,128.58999633789062,128.74000549316406,558899.0
2025-05-28T15:30:00-04:00,128.72000122070312,128.86000061035156,128.44000244140625,128.66000366210938,687807.0
2025-05-29T09:30:00-04:00,130.0,130.0,128.28500366210938,128.66000366210938,619781.0
2025-05-29T10:30:00-04:00,128.6649932861328,128.8000030517578,127.91999816894531,128.14500427246094,406981.0
2025-05-29T11:30:00-04:00,128.14999389648438,128.24000549316406,126.95999908447266,128.22999572753906,367836.0
2025-05-29T12:30:00-04:00,128.22000122070312,128.72999572753906,128.02000427246094,128.3800048828125,513090.0
2025-05-29T13:30:00-04:00,128.375,128.52000427246094,127.86000061035156,127.94000244140625,342779.0
2025-05-29T14:30:00-04:00,127.94999694824219,128.2050018310547,127.7750015258789,127.9000015258789,494353.0
2025-05-29T15:30:00-04:00,127.91000366210938,128.38999938964844,127.91000366210938,128.36000061035156,972200.0
2025-05-30T09:30:00-04:00,125.5,127.97000122070312,125.08499908447266,127.80500030517578,1110343.0
2025-05-30T10:30:00-04:00,127.83999633789062,128.14999389648438,127.5999984741211,127.9800033569336,745543.0
2025-05-30T11:30:00-04:00,127.95999908447266,128.33999633789062,127.37000274658203,127.48999786376953,768085.0
2025-05-30T12:30:00-04:00,127.55000305175781,127.72000122070312,127.0199966430664,127.5999984741211,729424.0
2025-05-30T13:30:00-04:00,127.5999984741211,128.3699951171875,127.4000015258789,128.2899932861328,3285535.0
2025-05-30T14:30:00-04:00,128.30999755859375,128.72999572753906,128.02999877929688,128.66000366210938,456778.0
2025-05-30T15:30:00-04:00,128.64999389648438,129.25,128.49000549316406,128.89999389648438,903161.0
2025-06-02T09:30:00-04:00,128.85000610351562,129.77000427246094,127.98500061035156,129.00999450683594,916137.0
2025-06-02T10:30:00-04:00,128.97999572753906,129.4600067138672,128.35000610351562,129.24000549316406,421230.0
2025-06-02T11:30:00-04:00,129.2449951171875,129.3917999267578,128.42999267578125,128.4600067138672,411048.0
2025-06-02T12:30:00-04:00,128.4949951171875,128.88999938964844,128.24000549316406,128.75,350204.0
2025-06-02T13:30:00-04:00,128.75,129.06500244140625,128.31500244140625,128.63499450683594,549660.0
2025-06-02T14:30:00-04:00,128.63499450683594,129.1374969482422,128.63499450683594,129.0449981689453,509448.0
2025-06-02T15:30:00-04:00,129.07000732421875,129.6699981689453,129.02499389648438,129.6199951171875,705380.0
2025-06-03T09:30:00-04:00,129.5,131.47000122070312,128.9499969482422,131.42999267578125,770962.0
2025-06-03T10:30:00-04:00,131.47999572753906,132.64500427246094,131.05999755859375,132.2449951171875,867147.0
2025-06-03T11:30:00-04:00,132.27000427246094,133.4499969482422,132.0399932861328,133.32000732421875,532899.0
2025-06-03T12:30:00-04:00,133.22999572753906,133.49000549316406,132.5800018310547,132.64999389648438,281286.0
2025-06-03T13:30:00-04:00,132.66000366210938,133.20950317382812,132.63499450683594,133.0399932861328,323260.0
2025-06-03T14:30:00-04:00,133.05999755859375,133.3000030517578,132.8699951171875,132.88999938964844,393151.0
2025-06-03T15:30:00-04:00,132.91000366210938,133.02000427246094,132.55999755859375,132.92999267578125,877089.0
2025-06-04T09:30:00-04:00,132.27999877929688,133.7100067138672,131.63999938964844,133.7100067138672,836360.0
2025-06-04T10:30:00-04:00,133.6699981689453,134.85499572753906,133.5399932861328,134.5050048828125,860576.0
2025-06-04T11:30:00-04:00,134.52000427246094,134.77000427246094,134.11000061035156,134.14999389648438,348262.0
2025-06-04T12:30:00-04:00,134.13999938964844,134.30999755859375,133.9199981689453,134.13999938964844,241206.0
2025-06-04T13:30:00-04:00,134.1699981689453,134.1699981689453,133.80039978027344,134.0500030517578,253727.0
2025-06-04T14:30:00-04:00,134.05999755859375,134.3300018310547,133.74000549316406,133.8800048828125,380241.0
2025-06-04T15:30:00-04:00,133.875,133.9600067138672,133.50999450683594,133.50999450683594,644637.0
2025-06-05T09:30:00-04:00,133.5,137.1699981689453,133.5,136.6199951171875,1176083.0
2025-06-05T10:30:00-04:00,136.73089599609375,137.01499938964844,135.9300994873047,136.6999969482422,458421.0
2025-06-05T11:30:00-04:00,136.77000427246094,137.50999450683594,136.5800018310547,137.22500610351562,498232.0
2025-06-05T12:30:00-04:00,137.21499633789062,137.60000610351562,136.30999755859375,137.4949951171875,397877.0
2025-06-05T13:30:00-04:00,137.47999572753906,137.80250549316406,136.5399932861328,137.0800018310547,366620.0
2025-06-05T14:30:00-04:00,137.0800018310547,137.57000732421875,136.0800018310547,136.5225067138672,626212.0
2025-06-05T15:30:00-04:00,136.5399932861328,137.50999450683594,136.49000549316406,137.3000030517578,1088887.0
2025-06-06T09:30:00-04:00,139.17999267578125,143.87989807128906,139.17999267578125,140.72999572753906,2821302.0
2025-06-06T10:30:00-04:00,140.6750030517578,140.6750030517578,138.97500610351562,139.5050048828125,833231.0
2025-06-06T11:30:00-04:00,139.5050048828125,139.9199981689453,138.9499969482422,139.50999450683594,541937.0
2025-06-06T12:30:00-04:00,139.5399932861328,140.1199951171875,139.07000732421875,139.88499450683594,408653.0
2025-06-06T13:30:00-04:00,139.88499450683594,141.42999267578125,139.88499450683594,141.23500061035156,572085.0
2025-06-06T14:30:00-04:00,141.23500061035156,141.35000610351562,140.77999877929688,141.05999755859375,775352.0
2025-06-06T15:30:00-04:00,141.0500030517578,141.13999938964844,140.47999572753906,140.66000366210938,1192892.0
2025-06-09T09:30:00-04:00,141.23500061035156,141.5,139.07000732421875,139.5500030517578,748444.0
2025-06-09T10:30:00-04:00,139.52000427246094,139.77000427246094,138.33999633789062,138.8699951171875,770711.0
2025-06-09T11:30:00-04:00,138.85000610351562,139.35000610351562,138.84500122070312,139.28500366210938,389989.0
2025-06-09T12:30:00-04:00,139.28500366210938,139.75999450683594,138.98500061035156,139.6699981689453,259518.0
2025-06-09T13:30:00-04:00,139.6699981689453,139.9149932861328,139.3699951171875,139.38999938964844,243993.0
2025-06-09T14:30:00-04:00,139.35000610351562,139.50999450683594,139.10000610351562,139.2449951171875,302735.0
2025-06-09T15:30:00-04:00,139.22999572753906,139.27999877929688,138.85000610351562,139.00999450683594,607793.0
2025-06-10T09:30:00-04:00,139.14999389648438,140.1898956298828,139.02999877929688,140.1199951171875,341959.0
2025-06-10T10:30:00-04:00,140.14500427246094,140.60499572753906,139.7899932861328,140.29100036621094,385905.0
2025-06-10T11:30:00-04:00,140.24000549316406,140.36000061035156,139.5399932861328,140.1750030517578,257805.0
2025-06-10T12:30:00-04:00,140.17300415039062,140.41000366210938,139.77999877929688,139.8249969482422,205439.0
2025-06-10T13:30:00-04:00,139.82000732421875,139.83999633789062,138.97149658203125,139.02499389648438,231738.0
2025-06-10T14:30:00-04:00,139.0677947998047,139.40499877929688,138.5399932861328,138.5500030517578,554268.0
2025-06-10T15:30:00-04:00,138.5449981689453,138.60000610351562,138.13499450683594,138.5500030517578,861340.0
2025-06-11T09:30:00-04:00,140.24000549316406,140.3300018310547,139.07000732421875,140.05999755859375,844961.0
2025-06-11T10:30:00-04:00,140.05499267578125,140.22000122070312,139.72999572753906,139.92999267578125,357734.0
2025-06-11T11:30:00-04:00,139.86000061035156,140.05999755859375,139.19500732421875,139.5500030517578,227655.0
2025-06-11T12:30:00-04:00,139.52999877929688,139.5800018310547,138.92999267578125,139.19500732421875,406999.0
2025-06-11T13:30:00-04:00,139.1699981689453,139.32000732421875,137.42999267578125,137.49000549316406,369837.0
2025-06-11T14:30:00-04:00,137.44000244140625,137.83999633789062,137.1199951171875,137.25999450683594,466176.0
2025-06-11T15:30:00-04:00,137.2899932861328,138.1999969482422,137.1699981689453,138.05999755859375,602072.0
2025-06-12T09:30:00-04:00,137.1300048828125,138.77999877929688,136.6999969482422,138.4600067138672,481316.0
2025-06-12T10:30:00-04:00,138.4499969482422,138.84500122070312,138.1699981689453,138.44500732421875,333850.0
2025-06-12T11:30:00-04:00,138.41000366210938,138.50999450683594,138.0,138.47999572753906,209587.0
2025-06-12T12:30:00-04:00,138.4499969482422,138.8800048828125,138.13499450683594,138.63999938964844,241181.0
2025-06-12T13:30:00-04:00,138.65499877929688,139.0780029296875,138.63999938964844,138.88999938964844,246652.0
2025-06-12T14:30:00-04:00,138.9149932861328,139.40499877929688,138.86500549316406,139.11000061035156,405549.0
2025-06-12T15:30:00-04:00,139.0850067138672,139.1300048828125,138.55499267578125,138.80999755859375,632525.0
2025-06-13T09:30:00-04:00,135.6199951171875,136.55819702148438,134.99000549316406,135.19000244140625,1168089.0
2025-06-13T10:30:00-04:00,135.14999389648438,136.35000610351562,135.11000061035156,136.27499389648438,361789.0
2025-06-13T11:30:00-04:00,136.3300018310547,136.4199981689453,135.9600067138672,136.02000427246094,269809.0
2025-06-13T12:30:00-04:00,136.0399932861328,136.22000122070312,135.6300048828125,135.875,354602.0
2025-06-13T13:30:00-04:00,135.85000610351562,136.3000030517578,135.72799682617188,135.80999755859375,374293.0
2025-06-13T14:30:00-04:00,135.81500244140625,135.8699951171875,134.83999633789062,134.89999389648438,578344.0
2025-06-13T15:30:00-04:00,134.85000610351562,135.60000610351562,134.69000244140625,135.60000610351562,998761.0
2025-06-16T09:30:00-04:00,138.55999755859375,139.2899932861328,137.6199951171875,137.82000732421875,634777.0
2025-06-16T10:30:00-04:00,137.77999877929688,137.86000061035156,137.07119750976562,137.21499633789062,425767.0
2025-06-16T11:30:00-04:00,137.25999450683594,137.5,136.8699951171875,136.94000244140625,205655.0
2025-06-16T12:30:00-04:00,136.97000122070312,137.2899932861328,136.8300018310547,137.25999450683594,248125.0
2025-06-16T13:30:00-04:00,137.28500366210938,137.5850067138672,137.2100067138672,137.50990295410156,193463.0
2025-06-16T14:30:00-04:00,137.5050048828125,137.6699981689453,137.1999969482422,137.2050018310547,313562.0
2025-06-16T15:30:00-04:00,137.22999572753906,137.35000610351562,136.89999389648438,137.19000244140625,604142.0
2025-06-17T09:30:00-04:00,135.7100067138672,136.1199951171875,134.05999755859375,134.52999877929688,1017490.0
2025-06-17T10:30:00-04:00,134.51499938964844,134.97999572753906,134.1999969482422,134.66000366210938,525632.0
2025-06-17T11:30:00-04:00,134.63999938964844,135.1199951171875,134.25759887695312,134.88999938964844,456125.0
2025-06-17T12:30:00-04:00,134.91000366210938,135.11000061035156,133.41000366210938,133.4199981689453,383560.0
2025-06-17T13:30:00-04:00,133.375,133.92999267578125,133.02999877929688,133.22000122070312,427874.0
2025-06-17T14:30:00-04:00,133.22999572753906,133.73500061035156,132.9199981689453,133.63499450683594,455398.0
2025-06-17T15:30:00-04:00,133.6199951171875,133.66000366210938,133.24000549316406,133.375,743138.0
2025-06-18T09:30:00-04:00,132.7100067138672,133.52999877929688,131.69000244140625,133.50999450683594,656228.0
2025-06-18T10:30:00-04:00,133.55999755859375,133.81500244140625,132.85000610351562,132.9774932861328,394570.0
2025-06-18T11:30:00-04:00,133.1999969482422,133.30999755859375,132.86000061035156,132.90499877929688,327430.0
2025-06-18T12:30:00-04:00,132.91000366210938,133.3000030517578,132.75999450683594,132.7899932861328,219944.0
2025-06-18T13:30:00-04:00,132.75999450683594,133.44500732421875,132.6300048828125,133.0399932861328,273953.0
2025-06-18T14:30:00-04:00,133.0449981689453,133.5,132.07000732421875,132.3000030517578,396477.0
2025-06-18T15:30:00-04:00,132.2949981689453,132.5574951171875,132.08999633789062,132.19000244140625,652386.0
2025-06-20T09:30:00-04:00,132.27000427246094,132.6300048828125,131.72000122070312,132.36000061035156,1645496.0
2025-06-20T10:30:00-04:00,132.3000030517578,132.57000732421875,131.38999938964844,132.0,529894.0
2025-06-20T11:30:00-04:00,131.94500732421875,132.42999267578125,131.94500732421875,132.3350067138672,503849.0
2025-06-20T12:30:00-04:00,132.36000061035156,132.63999938964844,131.6999969482422,131.7987060546875,389293.0
2025-06-20T13:30:00-04:00,131.6699981689453,132.38499450683594,131.5500030517578,132.1999969482422,387807.0
2025-06-20T14:30:00-04:00,132.22000122070312,132.36500549316406,131.49000549316406,131.52999877929688,499851.0
2025-06-20T15:30:00-04:00,131.55999755859375,132.22000122070312,131.5399932861328,131.718994140625,793831.0
2025-06-23T09:30:00-04:00,131.14280700683594,131.52999877929688,128.6699981689453,130.47000122070312,746149.0
2025-06-23T10:30:00-04:00,130.5,130.67999267578125,128.7100067138672,128.7100067138672,376568.0
2025-06-23T11:30:00-04:00,128.47999572753906,128.61000061035156,127.87999725341797,127.88500213623047,509174.0
2025-06-23T12:30:00-04:00,127.81999969482422,128.64999389648438,127.04000091552734,128.5800018310547,454896.0
2025-06-23T13:30:00-04:00,128.60000610351562,129.47999572753906,128.57000732421875,129.30999755859375,374947.0
2025-06-23T14:30:00-04:00,129.2830047607422,130.5399932861328,129.27999877929688,130.44500732421875,423813.0
2025-06-23T15:30:00-04:00,130.4199981689453,130.69000244140625,130.3699951171875,130.52999877929688,604466.0
2025-06-24T09:30:00-04:00,131.8300018310547,132.09500122070312,130.36000061035156,131.34500122070312,1108624.0
2025-06-24T10:30:00-04:00,131.39999389648438,131.4868927001953,130.60000610351562,131.3699951171875,493789.0
2025-06-24T11:30:00-04:00,131.41000366210938,131.9199981689453,131.3350067138672,131.55499267578125,290394.0
2025-06-24T12:30:00-04:00,131.52999877929688,131.9600067138672,131.41000366210938,131.9600067138672,340772.0
2025-06-24T13:30:00-04:00,131.9550018310547,132.67999267578125,131.72000122070312,132.3300018310547,524815.0
2025-06-24T14:30:00-04:00,132.3300018310547,132.63999938964844,132.1699981689453,132.3699951171875,389012.0
2025-06-24T15:30:00-04:00,132.35499572753906,132.69000244140625,132.07000732421875,132.14999389648438,718774.0
2025-06-25T09:30:00-04:00,132.8000030517578,133.02999877929688,131.44000244140625,131.9199981689453,692581.0
2025-06-25T10:30:00-04:00,131.92999267578125,132.0,131.13999938964844,131.1699981689453,312855.0
2025-06-25T11:30:00-04:00,131.1699981689453,131.1999969482422,130.44000244140625,130.4499969482422,286741.0
2025-06-25T12:30:00-04:00,130.4499969482422,130.60000610351562,129.60000610351562,129.60000610351562,319734.0
2025-06-25T13:30:00-04:00,129.625,129.625,128.77000427246094,129.3300018310547,456207.0
2025-06-25T14:30:00-04:00,129.33999633789062,130.00120544433594,129.27999877929688,129.85499572753906,488066.0
2025-06-25T15:30:00-04:00,129.86000061035156,130.00999450683594,129.5399932861328,129.6699981689453,629361.0
2025-06-26T09:30:00-04:00,130.31500244140625,130.8925018310547,128.31500244140625,130.875,603840.0
2025-06-26T10:30:00-04:00,130.83999633789062,132.1999969482422,130.81500244140625,131.85499572753906,564373.0
2025-06-26T11:30:00-04:00,131.8699951171875,132.63999938964844,131.8000030517578,132.5,298318.0
2025-06-26T12:30:00-04:00,132.5399932861328,133.42999267578125,132.5399932861328,133.11000061035156,423308.0
2025-06-26T13:30:00-04:00,133.125,133.44000244140625,133.03500366210938,133.14999389648438,329822.0
2025-06-26T14:30:00-04:00,133.1699981689453,134.1699981689453,133.1699981689453,134.02499389648438,615567.0
2025-06-26T15:30:00-04:00,134.0,134.08999633789062,133.52999877929688,133.72000122070312,1107476.0
2025-06-27T09:30:00-04:00,133.55999755859375,134.2899932861328,132.10000610351562,133.9149932861328,545073.0
2025-06-27T10:30:00-04:00,133.8699951171875,133.9387969970703,133.36000061035156,133.64999389648438,286331.0
2025-06-27T11:30:00-04:00,133.66000366210938,133.88400268554688,133.17999267578125,133.77000427246094,226898.0
2025-06-27T12:30:00-04:00,133.7899932861328,134.1999969482422,133.72000122070312,134.02999877929688,307930.0
2025-06-27T13:30:00-04:00,133.94000244140625,134.02999877929688,133.35000610351562,133.3715057373047,331190.0
2025-06-27T14:30:00-04:00,133.4499969482422,133.76499938964844,133.0500030517578,133.5500030517578,313896.0
2025-06-27T15:30:00-04:00,133.5800018310547,134.5800018310547,133.5800018310547,134.5500030517578,472864.0
2025-06-30T09:30:00-04:00,135.05999755859375,135.05999755859375,133.61000061035156,134.14999389648438,488382.0
2025-06-30T10:30:00-04:00,134.14500427246094,134.14999389648438,132.22999572753906,132.25,445727.0
2025-06-30T11:30:00-04:00,132.2799072265625,132.5352020263672,131.94500732421875,132.38600158691406,385700.0
2025-06-30T12:30:00-04:00,132.3699951171875,132.80560302734375,132.3300018310547,132.80560302734375,231172.0
2025-06-30T13:30:00-04:00,132.8000030517578,132.80499267578125,132.17999267578125,132.34500122070312,216593.0
2025-06-30T14:30:00-04:00,132.36000061035156,132.60000610351562,132.0,132.4550018310547,413963.0
2025-06-30T15:30:00-04:00,132.4550018310547,132.63999938964844,132.25999450683594,132.3000030517578,682011.0
2025-07-01T09:30:00-04:00,132.33999633789062,135.24000549316406,132.1199951171875,134.60499572753906,672904.0
2025-07-01T10:30:00-04:00,134.61500549316406,135.41000366210938,133.97000122070312,135.38999938964844,504014.0
2025-07-01T11:30:00-04:00,135.41000366210938,136.49000549316406,135.24009704589844,136.11500549316406,490851.0
2025-07-01T12:30:00-04:00,136.0800018310547,136.69000244140625,135.24000549316406,136.17999267578125,379339.0
2025-07-01T13:30:00-04:00,136.15499877929688,136.2050018310547,135.77999877929688,135.9199981689453,260085.0
2025-07-01T14:30:00-04:00,135.86000061035156,135.9600067138672,135.1999969482422,135.66749572753906,330099.0
2025-07-01T15:30:00-04:00,135.68499755859375,135.77000427246094,135.38999938964844,135.4199981689453,535173.0
2025-07-02T09:30:00-04:00,135.16000366210938,136.0800018310547,134.38999938964844,135.8000030517578,569896.0
2025-07-02T10:30:00-04:00,135.80499267578125,135.80499267578125,135.0800018310547,135.6199951171875,317083.0
2025-07-02T11:30:00-04:00,135.61500549316406,135.99000549316406,134.8000030517578,134.9250030517578,251795.0
2025-07-02T12:30:00-04:00,134.8300018310547,135.39999389648438,134.48800659179688,134.63999938964844,198175.0
2025-07-02T13:30:00-04:00,134.625,135.17999267578125,134.55999755859375,135.0800018310547,185628.0
2025-07-02T14:30:00-04:00,135.1199951171875,135.2899932861328,135.02999877929688,135.2550048828125,233962.0
2025-07-02T15:30:00-04:00,135.27000427246094,135.57000732421875,135.10499572753906,135.38999938964844,454753.0
2025-07-03T09:30:00-04:00,136.27000427246094,138.1699981689453,136.25,137.35000610351562,783337.0
2025-07-03T10:30:00-04:00,137.39999389648438,137.6300048828125,137.06500244140625,137.18499755859375,541572.0
2025-07-03T11:30:00-04:00,137.14999389648438,137.38999938964844,136.72970581054688,136.72970581054688,485161.0
2025-07-07T09:30:00-04:00,135.8699951171875,137.6300048828125,135.86000061035156,136.6750030517578,591415.0
2025-07-07T10:30:00-04:00,136.69000244140625,137.1300048828125,136.06109619140625,136.10499572753906,321184.0
2025-07-07T11:30:00-04:00,136.05999755859375,136.30999755859375,135.1999969482422,135.6999969482422,326461.0
2025-07-07T12:30:00-04:00,135.6999969482422,136.125,135.50999450683594,136.02000427246094,237987.0
2025-07-07T13:30:00-04:00,136.02999877929688,136.60000610351562,135.77999877929688,135.8699951171875,260870.0
2025-07-07T14:30:00-04:00,135.88189697265625,136.80799865722656,135.88189697265625,136.66000366210938,385267.0
2025-07-07T15:30:00-04:00,136.67999267578125,137.25999450683594,136.67999267578125,136.97000122070312,707024.0
2025-07-08T09:30:00-04:00,137.56500244140625,138.50999450683594,136.8699951171875,137.11500549316406,428381.0
2025-07-08T10:30:00-04:00,137.1199951171875,137.61500549316406,136.97000122070312,137.17999267578125,514693.0
2025-07-08T11:30:00-04:00,137.2100067138672,138.2449951171875,137.02999877929688,138.2449951171875,363295.0
2025-07-08T12:30:00-04:00,138.22999572753906,138.2449951171875,136.75,136.97999572753906,330875.0
2025-07-08T13:30:00-04:00,137.02499389648438,137.25999450683594,136.85000610351562,136.9949951171875,241033.0
2025-07-08T14:30:00-04:00,137.00999450683594,137.02499389648438,136.57000732421875,136.86000061035156,235257.0
2025-07-08T15:30:00-04:00,136.86000061035156,137.0800018310547,136.82000732421875,136.97999572753906,532572.0
2025-07-09T09:30:00-04:00,137.4499969482422,138.27000427246094,136.91009521484375,137.2899932861328,603932.0
2025-07-09T10:30:00-04:00,137.3300018310547,137.3300018310547,136.74000549316406,136.9199981689453,304047.0
2025-07-09T11:30:00-04:00,136.93499755859375,137.4550018310547,136.6699981689453,137.0399932861328,310452.0
2025-07-09T12:30:00-04:00,137.05499267578125,137.1699981689453,136.6300048828125,136.9199981689453,223627.0
2025-07-09T13:30:00-04:00,136.89999389648438,137.21499633789062,136.77999877929688,136.8800048828125,321743.0
2025-07-09T14:30:00-04:00,136.8699951171875,137.2550048828125,136.72000122070312,136.72000122070312,393430.0
2025-07-09T15:30:00-04:00,136.7100067138672,136.97999572753906,136.4998016357422,136.86900329589844,716542.0
2025-07-10T09:30:00-04:00,137.05499267578125,137.82000732421875,136.0500030517578,137.6699981689453,1060503.0
2025-07-10T10:30:00-04:00,137.69000244140625,138.41000366210938,137.35000610351562,137.99400329589844,551733.0
2025-07-10T11:30:00-04:00,138.0,138.02999877929688,137.3800048828125,137.75,434946.0
2025-07-10T12:30:00-04:00,137.75,137.75999450683594,137.3699951171875,137.44500732421875,290961.0
2025-07-10T13:30:00-04:00,137.42999267578125,137.52999877929688,136.97999572753906,137.38999938964844,427249.0
2025-07-10T14:30:00-04:00,137.39999389648438,137.52000427246094,137.1699981689453,137.24000549316406,348524.0
2025-07-10T15:30:00-04:00,137.26499938964844,137.5070037841797,136.91000366210938,137.0,807508.0
2025-07-11T09:30:00-04:00,136.1199951171875,136.97000122070312,135.9199981689453,136.36000061035156,409242.0
2025-07-11T10:30:00-04:00,136.36000061035156,136.77040100097656,135.25999450683594,135.44500732421875,333979.0
2025-07-11T11:30:00-04:00,135.52000427246094,135.7550048828125,135.30999755859375,135.66000366210938,249482.0
2025-07-11T12:30:00-04:00,135.6750030517578,136.3000030517578,135.5399932861328,136.1199951171875,191981.0
2025-07-11T13:30:00-04:00,136.19000244140625,136.3800048828125,135.8800048828125,135.96499633789062,217618.0
2025-07-11T14:30:00-04:00,135.89999389648438,136.18499755859375,135.6199951171875,135.7100067138672,319299.0
2025-07-11T15:30:00-04:00,135.72500610351562,135.75999450683594,135.1999969482422,135.33999633789062,606325.0
2025-07-14T09:30:00-04:00,135.0,138.14990234375,134.8800048828125,138.03500366210938,803393.0
2025-07-14T10:30:00-04:00,138.0,139.0,137.67999267578125,138.89500427246094,790868.0
2025-07-14T11:30:00-04:00,138.8800048828125,139.05880737304688,138.52000427246094,138.9550018310547,272836.0
2025-07-14T12:30:00-04:00,138.9550018310547,139.46800231933594,138.75,139.30499267578125,360142.0
2025-07-14T13:30:00-04:00,139.3300018310547,139.36000061035156,138.5,138.52999877929688,291944.0
2025-07-14T14:30:00-04:00,138.50999450683594,138.9600067138672,138.38999938964844,138.67999267578125,353487.0
2025-07-14T15:30:00-04:00,138.67999267578125,138.6999969482422,138.27000427246094,138.55999755859375,554809.0
2025-07-15T09:30:00-04:00,139.4600067138672,140.10000610351562,137.2899932861328,137.71499633789062,699430.0
2025-07-15T10:30:00-04:00,137.69000244140625,137.71499633789062,136.7801055908203,137.47999572753906,292348.0
2025-07-15T11:30:00-04:00,137.52999877929688,137.74000549316406,137.14010620117188,137.1699981689453,160668.0
2025-07-15T12:30:00-04:00,137.1999969482422,137.49159240722656,137.0399932861328,137.3300018310547,159334.0
2025-07-15T13:30:00-04:00,137.27999877929688,137.88999938964844,137.27999877929688,137.42999267578125,215884.0
2025-07-15T14:30:00-04:00,137.44000244140625,137.53500366210938,136.9499969482422,137.02000427246094,247185.0
2025-07-15T15:30:00-04:00,137.02000427246094,137.13499450683594,136.47999572753906,136.52999877929688,488207.0
2025-07-16T09:30:00-04:00,136.61399841308594,136.85000610351562,135.98500061035156,136.033203125,388983.0
2025-07-16T10:30:00-04:00,136.02999877929688,136.9499969482422,135.86000061035156,136.50999450683594,403562.0
2025-07-16T11:30:00-04:00,136.33999633789062,136.49000549316406,135.4199981689453,136.13999938964844,251908.0
2025-07-16T12:30:00-04:00,136.11500549316406,136.67999267578125,135.89999389648438,136.4600067138672,220834.0
2025-07-16T13:30:00-04:00,136.47500610351562,136.83999633789062,136.30999755859375,136.8300018310547,230420.0
2025-07-16T14:30:00-04:00,136.86000061035156,137.14999389648438,136.24200439453125,136.85499572753906,364278.0
2025-07-16T15:30:00-04:00,136.85000610351562,137.08990478515625,136.22999572753906,136.7100067138672,766425.0
2025-07-17T09:30:00-04:00,137.5800018310547,138.8699951171875,137.25999450683594,137.44000244140625,524296.0
2025-07-17T10:30:00-04:00,137.47000122070312,138.61000061035156,137.47000122070312,138.5164031982422,304991.0
2025-07-17T11:30:00-04:00,138.4949951171875,139.16830444335938,138.21009826660156,138.41000366210938,381433.0
2025-07-17T12:30:00-04:00,138.4499969482422,138.9199981689453,138.24000549316406,138.9199981689453,332144.0
2025-07-17T13:30:00-04:00,138.9499969482422,139.44000244140625,138.79139709472656,139.0399932861328,388063.0
2025-07-17T14:30:00-04:00,139.02000427246094,139.17999267578125,138.82000732421875,139.13999938964844,423869.0
2025-07-17T15:30:00-04:00,139.11000061035156,139.57000732421875,138.8300018310547,139.3000030517578,568826.0
2025-07-18T09:30:00-04:00,139.99000549316406,140.74000549316406,139.11000061035156,139.75999450683594,696112.0
2025-07-18T10:30:00-04:00,139.7899932861328,140.25999450683594,139.4949951171875,140.08999633789062,374767.0
2025-07-18T11:30:00-04:00,140.08999633789062,140.13999938964844,138.9199981689453,139.0800018310547,213429.0
2025-07-18T12:30:00-04:00,139.0749969482422,139.57220458984375,138.9199981689453,139.50999450683594,160659.0
2025-07-18T13:30:00-04:00,139.55499267578125,139.6199951171875,139.01109313964844,139.44000244140625,204301.0
2025-07-18T14:30:00-04:00,139.4499969482422,139.66000366210938,139.25999450683594,139.42999267578125,239875.0
2025-07-18T15:30:00-04:00,139.4250030517578,139.47000122070312,138.99000549316406,139.35000610351562,413232.0
2025-07-21T09:30:00-04:00,139.19000244140625,139.8000030517578,138.41000366210938,139.1649932861328,437041.0
2025-07-21T10:30:00-04:00,139.11000061035156,139.24000549316406,138.52000427246094,138.67999267578125,272052.0
2025-07-21T11:30:00-04:00,138.67999267578125,138.74119567871094,138.14999389648438,138.16000366210938,241203.0
2025-07-21T12:30:00-04:00,138.2050018310547,139.22000122070312,138.1999969482422,139.0800018310547,180334.0
2025-07-21T13:30:00-04:00,139.07000732421875,139.44000244140625,138.88009643554688,139.39500427246094,237701.0
2025-07-21T14:30:00-04:00,139.39500427246094,139.50999450683594,138.5399932861328,138.59500122070312,308716.0
2025-07-21T15:30:00-04:00,138.59500122070312,138.59500122070312,137.9600067138672,138.07000732421875,416495.0
2025-07-22T09:30:00-04:00,138.5,138.63999938964844,136.86000061035156,138.1199951171875,573513.0
2025-07-22T10:30:00-04:00,138.11000061035156,138.75,137.77000427246094,138.69500732421875,519641.0
2025-07-22T11:30:00-04:00,138.7050018310547,139.6699981689453,138.67999267578125,139.2100067138672,309579.0
2025-07-22T12:30:00-04:00,139.25,139.9600067138672,139.16000366210938,139.9199981689453,184169.0
2025-07-22T13:30:00-04:00,139.94000244140625,140.02000427246094,139.2899932861328,139.36000061035156,213859.0
2025-07-22T14:30:00-04:00,139.39990234375,139.7299041748047,139.35000610351562,139.61000061035156,217179.0
2025-07-22T15:30:00-04:00,139.60499572753906,139.75,139.375,139.4199981689453,394701.0
2025-07-23T09:30:00-04:00,139.74000549316406,139.74000549316406,138.1300048828125,139.64999389648438,466162.0
2025-07-23T10:30:00-04:00,139.6300048828125,139.91000366210938,139.35110473632812,139.7100067138672,342980.0
2025-07-23T11:30:00-04:00,139.6999969482422,140.10000610351562,139.49000549316406,139.6999969482422,236659.0
2025-07-23T12:30:00-04:00,139.67999267578125,140.30499267578125,139.64999389648438,140.30499267578125,246934.0
2025-07-23T13:30:00-04:00,140.3000030517578,140.92999267578125,140.25999450683594,140.8000030517578,306537.0
2025-07-23T14:30:00-04:00,140.7949981689453,140.7949981689453,139.61000061035156,139.6999969482422,355888.0
2025-07-23T15:30:00-04:00,139.69000244140625,140.00999450683594,139.66000366210938,139.82000732421875,432234.0
2025-07-24T09:30:00-04:00,138.82000732421875,142.17999267578125,138.82000732421875,142.10000610351562,697544.0
2025-07-24T10:30:00-04:00,142.0500030517578,142.61500549316406,141.66000366210938,142.0,428499.0
2025-07-24T11:30:00-04:00,141.98500061035156,142.01499938964844,141.07000732421875,141.2100067138672,331235.0
2025-07-24T12:30:00-04:00,141.2100067138672,141.47000122070312,141.02999877929688,141.3699951171875,200121.0
2025-07-24T13:30:00-04:00,141.42999267578125,141.86000061035156,141.3000030517578,141.83999633789062,252425.0
2025-07-24T14:30:00-04:00,141.8350067138672,142.00999450683594,141.63999938964844,141.69500732421875,286744.0
2025-07-24T15:30:00-04:00,141.6999969482422,141.8800048828125,141.47000122070312,141.6199951171875,464199.0
2025-07-25T09:30:00-04:00,142.4600067138672,142.52999877929688,141.25,141.9250030517578,326652.0
2025-07-25T10:30:00-04:00,141.94000244140625,142.02999877929688,141.41000366210938,141.4824981689453,178756.0
2025-07-25T11:30:00-04:00,141.48500061035156,141.77000427246094,141.3300018310547,141.69500732421875,134912.0
2025-07-25T12:30:00-04:00,141.6999969482422,141.75,141.38999938964844,141.74000549316406,189937.0
2025-07-25T13:30:00-04:00,141.73500061035156,141.77999877929688,141.44500732421875,141.6699981689453,133524.0
2025-07-25T14:30:00-04:00,141.6699981689453,141.77999877929688,141.44000244140625,141.50929260253906,231334.0
2025-07-25T15:30:00-04:00,141.51499938964844,141.57000732421875,141.17999267578125,141.30999755859375,468351.0
2025-07-28T09:30:00-04:00,141.1699981689453,143.0800018310547,141.0200958251953,142.42999267578125,424545.0
2025-07-28T10:30:00-04:00,142.36000061035156,142.9199981689453,142.36000061035156,142.6199951171875,537470.0
2025-07-28T11:30:00-04:00,142.625,143.27000427246094,142.6199951171875,142.89999389648438,250379.0
2025-07-28T12:30:00-04:00,142.94000244140625,143.139892578125,142.55999755859375,142.6300048828125,173025.0
2025-07-28T13:30:00-04:00,142.69000244140625,142.82000732421875,141.94000244140625,142.32000732421875,199972.0
2025-07-28T14:30:00-04:00,142.3300018310547,142.4199981689453,141.86000061035156,141.91000366210938,300132.0
2025-07-28T15:30:00-04:00,141.9199981689453,142.3300018310547,141.9199981689453,142.1999969482422,506793.0
2025-07-29T09:30:00-04:00,142.1699981689453,143.08999633789062,140.10000610351562,140.1649932861328,501704.0
2025-07-29T10:30:00-04:00,140.1649932861328,140.25999450683594,138.82000732421875,138.90499877929688,430296.0
2025-07-29T11:30:00-04:00,138.94729614257812,139.05999755859375,137.57000732421875,137.89999389648438,474433.0
2025-07-29T12:30:00-04:00,137.97000122070312,138.8300018310547,137.64500427246094,138.55999755859375,306388.0
2025-07-29T13:30:00-04:00,138.5,138.5399932861328,137.35000610351562,137.35000610351562,376906.0
2025-07-29T14:30:00-04:00,137.36500549316406,137.75999450683594,136.64999389648438,136.99000549316406,563390.0
2025-07-29T15:30:00-04:00,136.98500061035156,136.98500061035156,136.3800048828125,136.82000732421875,810780.0
2025-07-30T09:30:00-04:00,136.22500610351562,136.52499389648438,134.7100067138672,135.72999572753906,660958.0
2025-07-30T10:30:00-04:00,135.77499389648438,135.94000244140625,135.00999450683594,135.48500061035156,338353.0
2025-07-30T11:30:00-04:00,135.48500061035156,135.52000427246094,135.08999633789062,135.2050018310547,318986.0
2025-07-30T12:30:00-04:00,135.2050018310547,135.5050048828125,134.88999938964844,135.35499572753906,237137.0
2025-07-30T13:30:00-04:00,135.35499572753906,135.6199951171875,135.02000427246094,135.1199951171875,290357.0
2025-07-30T14:30:00-04:00,135.11000061035156,135.1699981689453,133.92999267578125,134.2100067138672,397477.0
2025-07-30T15:30:00-04:00,134.19000244140625,134.77999877929688,134.07000732421875,134.7100067138672,695087.0
2025-07-31T09:30:00-04:00,134.75,135.8000030517578,134.25999450683594,134.25999450683594,469439.0
2025-07-31T10:30:00-04:00,134.32000732421875,134.59500122070312,133.72999572753906,133.85000610351562,414340.0
2025-07-31T11:30:00-04:00,133.86500549316406,134.16000366210938,133.57000732421875,133.8699951171875,331323.0
2025-07-31T12:30:00-04:00,133.89999389648438,133.9600067138672,132.91000366210938,132.98500061035156,255026.0
2025-07-31T13:30:00-04:00,133.0500030517578,134.02000427246094,132.50999450683594,133.68499755859375,450106.0
2025-07-31T14:30:00-04:00,133.7050018310547,133.86000061035156,132.6999969482422,132.75,371290.0
2025-07-31T15:30:00-04:00,132.75,132.7899932861328,132.1199951171875,132.33999633789062,739712.0
2025-08-01T09:30:00-04:00,130.25,130.36000061035156,127.56999969482422,128.6199951171875,1009755.0
2025-08-01T10:30:00-04:00,128.6199951171875,128.69000244140625,127.94000244140625,127.97000122070312,477735.0
2025-08-01T11:30:00-04:00,127.96499633789062,128.89500427246094,127.73999786376953,128.6750030517578,481850.0
2025-08-01T12:30:00-04:00,128.64700317382812,129.0,127.55000305175781,127.6449966430664,340618.0
2025-08-01T13:30:00-04:00,127.63999938964844,127.88999938964844,127.05999755859375,127.51000213623047,705491.0
2025-08-01T14:30:00-04:00,127.4800033569336,128.0,127.16999816894531,127.27999877929688,503590.0
2025-08-01T15:30:00-04:00,127.27999877929688,128.11599731445312,126.91999816894531,127.98999786376953,858447.0
2025-08-04T09:30:00-04:00,129.4788055419922,130.86000061035156,129.00999450683594,130.16000366210938,1050950.0
2025-08-04T10:30:00-04:00,130.14999389648438,130.24000549316406,128.9600067138672,129.08999633789062,530841.0
2025-08-04T11:30:00-04:00,129.0800018310547,129.35000610351562,128.8300018310547,129.13499450683594,533852.0
2025-08-04T12:30:00-04:00,129.13499450683594,129.9600067138672,129.02999877929688,129.75,487802.0
2025-08-04T13:30:00-04:00,129.75,129.8699951171875,129.36000061035156,129.72999572753906,528931.0
2025-08-04T14:30:00-04:00,129.73500061035156,130.6199951171875,129.72000122070312,130.44900512695312,523514.0
2025-08-04T15:30:00-04:00,130.46499633789062,131.1300048828125,130.38999938964844,130.99000549316406,849650.0
2025-08-05T09:30:00-04:00,131.3000030517578,132.16000366210938,131.0449981689453,131.5800018310547,1160673.0
2025-08-05T10:30:00-04:00,131.5800018310547,131.6699981689453,129.59500122070312,129.6300048828125,1398622.0
2025-08-05T11:30:00-04:00,129.69000244140625,130.22999572753906,129.27999877929688,130.1750030517578,685329.0
2025-08-05T12:30:00-04:00,130.25,130.4698944091797,129.67999267578125,130.0800018310547,519102.0
2025-08-05T13:30:00-04:00,130.0800018310547,130.36000061035156,129.9250030517578,130.02000427246094,301482.0
2025-08-05T14:30:00-04:00,129.97999572753906,130.3699951171875,129.74000549316406,130.02000427246094,799738.0
2025-08-05T15:30:00-04:00,130.02000427246094,130.16000366210938,129.6999969482422,129.9499969482422,1065222.0
2025-08-06T09:30:00-04:00,130.74000549316406,131.1300048828125,128.89999389648438,129.11000061035156,893691.0
2025-08-06T10:30:00-04:00,129.10000610351562,129.94000244140625,128.9199981689453,129.875,747664.0
2025-08-06T11:30:00-04:00,129.85000610351562,130.07919311523438,128.77000427246094,128.97500610351562,812053.0
2025-08-06T12:30:00-04:00,128.97999572753906,129.27000427246094,128.3000030517578,128.8800048828125,1204742.0
2025-08-06T13:30:00-04:00,128.8800048828125,129.82000732421875,128.8699951171875,129.7624053955078,828100.0
2025-08-06T14:30:00-04:00,129.75999450683594,130.3000030517578,129.50999450683594,130.24000549316406,1109008.0
2025-08-06T15:30:00-04:00,130.24000549316406,130.80999755859375,129.74000549316406,130.69000244140625,1779679.0
2025-08-07T09:30:00-04:00,120.37999725341797,123.38990020751953,118.6500015258789,121.2249984741211,5798025.0
2025-08-07T10:30:00-04:00,121.16999816894531,121.80500030517578,120.0199966430664,120.8550033569336,1907743.0
2025-08-07T11:30:00-04:00,120.81999969482422,120.93000030517578,119.01029968261719,119.46499633789062,1395590.0
2025-08-07T12:30:00-04:00,119.43000030517578,130.5,117.97000122070312,118.16000366210938,1270687.0
2025-08-07T13:30:00-04:00,118.16999816894531,118.20999908447266,117.2802963256836,117.75,1302009.0
2025-08-07T14:30:00-04:00,117.70999908447266,119.18000030517578,117.70999908447266,119.02999877929688,1645080.0
2025-08-07T15:30:00-04:00,119.04000091552734,120.25,118.8550033569336,120.02999877929688,2405475.0
2025-08-08T09:30:00-04:00,120.56999969482422,122.0,119.33000183105469,121.12999725341797,1367150.0
2025-08-08T10:30:00-04:00,121.125,121.19999694824219,119.70999908447266,119.93000030517578,622564.0
2025-08-08T11:30:00-04:00,119.90499877929688,120.52999877929688,119.30000305175781,120.11000061035156,503062.0
2025-08-08T12:30:00-04:00,120.125,120.56999969482422,120.04000091552734,120.5,417652.0
2025-08-08T13:30:00-04:00,120.52749633789062,120.52749633789062,119.81500244140625,120.18000030517578,600740.0
2025-08-08T14:30:00-04:00,120.18000030517578,121.16000366210938,120.1500015258789,121.05999755859375,701200.0
2025-08-08T15:30:00-04:00,121.06120300292969,121.13999938964844,120.7300033569336,121.0199966430664,1025889.0
2025-08-11T09:30:00-04:00,120.01000213623047,121.30000305175781,119.04000091552734,119.7699966430664,999806.0
2025-08-11T10:30:00-04:00,119.7699966430664,119.79000091552734,118.79000091552734,118.84500122070312,831104.0
2025-08-11T11:30:00-04:00,118.84510040283203,119.97000122070312,118.62999725341797,119.62000274658203,602538.0
2025-08-11T12:30:00-04:00,119.62000274658203,119.63999938964844,119.05999755859375,119.11000061035156,350714.0
2025-08-11T13:30:00-04:00,119.12999725341797,119.18499755859375,118.4800033569336,118.88500213623047,584516.0
2025-08-11T14:30:00-04:00,118.94999694824219,119.25,118.83499908447266,118.91999816894531,503467.0
2025-08-11T15:30:00-04:00,118.9000015258789,119.04669952392578,118.13999938964844,118.27999877929688,813429.0
2025-08-12T09:30:00-04:00,118.94499969482422,121.5199966430664,118.1500015258789,121.19999694824219,1678413.0
2025-08-12T10:30:00-04:00,121.27999877929688,121.73999786376953,120.13999938964844,121.38999938964844,992167.0
2025-08-12T11:30:00-04:00,121.5,122.18990325927734,121.32009887695312,121.62999725341797,534810.0
2025-08-12T12:30:00-04:00,121.66999816894531,121.73999786376953,121.04000091552734,121.20999908447266,349318.0
2025-08-12T13:30:00-04:00,121.13999938964844,121.2300033569336,120.69000244140625,120.95999908447266,435125.0
2025-08-12T14:30:00-04:00,120.9800033569336,121.27999877929688,120.38999938964844,121.22899627685547,595864.0
2025-08-12T15:30:00-04:00,121.23999786376953,121.68000030517578,121.22000122070312,121.55999755859375,722049.0
2025-08-13T09:30:00-04:00,122.37000274658203,124.25,121.69999694824219,123.41000366210938,1450832.0
2025-08-13T10:30:00-04:00,123.4229965209961,124.12999725341797,123.16000366210938,123.625,694584.0
2025-08-13T11:30:00-04:00,123.6500015258789,124.16999816894531,123.30000305175781,123.93000030517578,956057.0
2025-08-13T12:30:00-04:00,123.94499969482422,124.62000274658203,123.52999877929688,123.66500091552734,472924.0
2025-08-13T13:30:00-04:00,123.66500091552734,124.20999908447266,123.48999786376953,123.93000030517578,520879.0
2025-08-13T14:30:00-04:00,123.97000122070312,124.76799774169922,123.93000030517578,124.7249984741211,563510.0
2025-08-13T15:30:00-04:00,124.70999908447266,124.73999786376953,124.26000213623047,124.54000091552734,746125.0
2025-08-14T09:30:00-04:00,123.49500274658203,124.56999969482422,122.43560028076172,124.33999633789062,1155449.0
2025-08-14T10:30:00-04:00,124.33999633789062,124.86000061035156,124.0,124.20500183105469,558319.0
2025-08-14T11:30:00-04:00,124.20500183105469,125.37000274658203,124.01000213623047,125.17500305175781,445286.0
2025-08-14T12:30:00-04:00,125.08999633789062,125.30000305175781,124.73999786376953,125.2300033569336,355953.0
2025-08-14T13:30:00-04:00,125.29000091552734,125.58000183105469,124.81999969482422,124.91999816894531,530328.0
2025-08-14T14:30:00-04:00,124.90010070800781,125.0199966430664,124.42630004882812,124.6449966430664,411159.0
2025-08-14T15:30:00-04:00,124.62999725341797,124.80999755859375,124.30000305175781,124.63999938964844,623496.0
2025-08-15T09:30:00-04:00,125.19499969482422,125.58000183105469,124.33000183105469,125.12000274658203,1045176.0
2025-08-15T10:30:00-04:00,125.0999984741211,125.87000274658203,124.91500091552734,125.66000366210938,504208.0
2025-08-15T11:30:00-04:00,125.6500015258789,126.34500122070312,125.50499725341797,125.83000183105469,386999.0
2025-08-15T12:30:00-04:00,125.87999725341797,126.27989959716797,125.82009887695312,126.0199966430664,185376.0
2025-08-15T13:30:00-04:00,126.02999877929688,126.1500015258789,125.04000091552734,125.08100128173828,365054.0
2025-08-15T14:30:00-04:00,125.09500122070312,125.36000061035156,124.87999725341797,125.23999786376953,418266.0
2025-08-15T15:30:00-04:00,125.22000122070312,125.31999969482422,124.91000366210938,125.0999984741211,731352.0
2025-08-18T09:30:00-04:00,124.55000305175781,125.88999938964844,124.52999877929688,124.67500305175781,644351.0
2025-08-18T10:30:00-04:00,124.67500305175781,125.30500030517578,124.45999908447266,124.91999816894531,491356.0
2025-08-18T11:30:00-04:00,124.95500183105469,125.41999816894531,124.87999725341797,125.37000274658203,334279.0
2025-08-18T12:30:00-04:00,125.4000015258789,125.4800033569336,125.04000091552734,125.44000244140625,252757.0
2025-08-18T13:30:00-04:00,125.44000244140625,125.83999633789062,125.37999725341797,125.7699966430664,307949.0
2025-08-18T14:30:00-04:00,125.75,125.83000183105469,125.55400085449219,125.61000061035156,344058.0
2025-08-18T15:30:00-04:00,125.61000061035156,125.62999725341797,125.36000061035156,125.4800033569336,572879.0
2025-08-19T09:30:00-04:00,125.3499984741211,127.83319854736328,125.3499984741211,127.70999908447266,692398.0
2025-08-19T10:30:00-04:00,127.66000366210938,128.0800018310547,126.97010040283203,127.21499633789062,610931.0
2025-08-19T11:30:00-04:00,127.16000366210938,127.22000122070312,125.84500122070312,125.91000366210938,344537.0
2025-08-19T12:30:00-04:00,125.88999938964844,126.08000183105469,125.2699966430664,125.88999938964844,288174.0
2025-08-19T13:30:00-04:00,125.88999938964844,126.26000213623047,125.76000213623047,125.79000091552734,263662.0
2025-08-19T14:30:00-04:00,125.79000091552734,126.16500091552734,125.73999786376953,125.77999877929688,352128.0
2025-08-19T15:30:00-04:00,125.77239990234375,126.08000183105469,125.76499938964844,126.01000213623047,516327.0
2025-08-20T09:30:00-04:00,125.19999694824219,126.5999984741211,124.0199966430664,124.16500091552734,1054287.0
2025-08-20T10:30:00-04:00,124.11000061035156,124.98999786376953,123.81500244140625,124.86000061035156,478422.0
2025-08-20T11:30:00-04:00,124.875,125.23999786376953,124.30010223388672,124.68000030517578,287118.0
2025-08-20T12:30:00-04:00,124.68000030517578,124.79000091552734,124.29010009765625,124.5199966430664,305294.0
2025-08-20T13:30:00-04:00,124.5199966430664,124.94999694824219,124.27999877929688,124.41999816894531,380765.0
2025-08-20T14:30:00-04:00,124.41999816894531,124.9000015258789,124.30000305175781,124.77999877929688,449886.0
2025-08-20T15:30:00-04:00,124.74500274658203,125.25,124.72000122070312,124.95999908447266,675899.0
2025-08-21T09:30:00-04:00,124.75,126.13999938964844,124.61599731445312,126.00499725341797,535674.0
2025-08-21T10:30:00-04:00,126.0,126.03500366210938,124.94999694824219,125.1500015258789,349026.0
2025-08-21T11:30:00-04:00,125.1500015258789,125.44999694824219,124.47000122070312,124.69999694824219,296734.0
2025-08-21T12:30:00-04:00,124.73500061035156,124.87999725341797,124.48999786376953,124.63780212402344,264317.0
2025-08-21T13:30:00-04:00,124.63999938964844,125.58000183105469,124.63999938964844,125.38999938964844,290905.0
2025-08-21T14:30:00-04:00,125.37999725341797,125.95999908447266,125.31999969482422,125.81500244140625,384128.0
2025-08-21T15:30:00-04:00,125.80000305175781,126.48999786376953,125.7699966430664,126.4000015258789,643631.0
2025-08-22T09:30:00-04:00,127.16999816894531,129.67999267578125,126.31999969482422,129.4720001220703,1093672.0
2025-08-22T10:30:00-04:00,129.4600067138672,130.4250030517578,129.36000061035156,129.5399932861328,750058.0
2025-08-22T11:30:00-04:00,129.57000732421875,129.96499633789062,129.26220703125,129.2899932861328,457560.0
2025-08-22T12:30:00-04:00,129.32000732421875,129.69000244140625,129.05999755859375,129.6300048828125,345707.0
2025-08-22T13:30:00-04:00,129.61099243164062,130.0500030517578,129.57009887695312,130.0500030517578,260627.0
2025-08-22T14:30:00-04:00,130.05999755859375,130.3300018310547,130.0,130.1649932861328,441345.0
2025-08-22T15:30:00-04:00,130.14920043945312,130.25,129.75999450683594,129.9199981689453,601672.0
2025-08-25T09:30:00-04:00,129.44000244140625,129.99000549316406,128.8800048828125,128.94000244140625,432060.0
2025-08-25T10:30:00-04:00,128.98500061035156,129.0699005126953,128.66000366210938,129.0,227839.0
2025-08-25T11:30:00-04:00,128.99000549316406,129.0198974609375,128.30999755859375,128.32000732421875,305254.0
2025-08-25T12:30:00-04:00,128.3300018310547,128.6699981689453,128.32000732421875,128.55990600585938,171972.0
2025-08-25T13:30:00-04:00,128.61000061035156,128.92999267578125,128.49000549316406,128.49000549316406,197569.0
2025-08-25T14:30:00-04:00,128.4600067138672,128.60000610351562,128.33999633789062,128.49000549316406,211015.0
2025-08-25T15:30:00-04:00,128.5050048828125,128.55999755859375,128.08999633789062,128.13999938964844,587137.0
2025-08-26T09:30:00-04:00,127.69999694824219,128.8000030517578,127.30000305175781,127.5199966430664,469135.0
2025-08-26T10:30:00-04:00,127.51000213623047,127.61000061035156,126.55999755859375,126.62000274658203,368261.0
2025-08-26T11:30:00-04:00,126.61000061035156,126.81999969482422,126.4000015258789,126.5199966430664,322265.0
2025-08-26T12:30:00-04:00,126.62000274658203,126.83000183105469,126.51000213623047,126.76000213623047,220568.0
2025-08-26T13:30:00-04:00,126.75499725341797,126.90989685058594,126.4800033569336,126.55999755859375,342296.0
2025-08-26T14:30:00-04:00,126.58000183105469,126.74949645996094,126.43000030517578,126.62999725341797,258053.0
2025-08-26T15:30:00-04:00,126.61000061035156,126.9800033569336,126.41000366210938,126.8499984741211,719191.0
2025-08-27T09:30:00-04:00,126.95500183105469,130.02999877929688,126.94999694824219,129.8300018310547,818896.0
2025-08-27T10:30:00-04:00,129.8699951171875,130.14999389648438,128.41000366210938,128.72999572753906,385874.0
2025-08-27T11:30:00-04:00,128.72000122070312,129.3300018310547,128.55999755859375,129.03250122070312,288214.0
2025-08-27T12:30:00-04:00,129.04159545898438,129.5500030517578,128.91000366210938,129.5399932861328,309349.0
2025-08-27T13:30:00-04:00,129.58999633789062,130.02999877929688,129.52999877929688,129.80499267578125,395524.0
2025-08-27T14:30:00-04:00,129.80499267578125,130.1300048828125,129.6199951171875,129.6929931640625,345465.0
2025-08-27T15:30:00-04:00,129.7050018310547,130.05999755859375,129.66000366210938,129.83999633789062,613009.0
2025-08-28T09:30:00-04:00,130.1999969482422,130.30999755859375,128.82000732421875,129.55999755859375,559688.0
2025-08-28T10:30:00-04:00,129.55999755859375,130.25,129.39999389648438,129.4199981689453,364447.0
2025-08-28T11:30:00-04:00,129.42759704589844,130.11000061035156,129.42759704589844,130.02499389648438,286382.0
2025-08-28T12:30:00-04:00,130.0,130.58999633789062,129.89999389648438,130.44619750976562,362236.0
2025-08-28T13:30:00-04:00,130.4499969482422,130.47000122070312,130.08999633789062,130.39500427246094,396830.0
2025-08-28T14:30:00-04:00,130.39500427246094,130.52999877929688,130.19000244140625,130.33999633789062,561610.0
2025-08-28T15:30:00-04:00,130.34500122070312,130.58999633789062,130.22999572753906,130.42999267578125,590803.0
2025-08-29T09:30:00-04:00,130.00999450683594,131.10000610351562,129.2100067138672,129.6300048828125,523226.0
2025-08-29T10:30:00-04:00,129.64999389648438,130.24000549316406,129.50999450683594,129.66000366210938,352159.0
2025-08-29T11:30:00-04:00,129.6699981689453,130.3115997314453,129.3800048828125,130.30999755859375,424691.0
2025-08-29T12:30:00-04:00,130.3300018310547,130.4199981689453,129.7100067138672,129.89999389648438,387556.0
2025-08-29T13:30:00-04:00,129.91000366210938,130.3800048828125,129.8800048828125,130.1300048828125,287928.0
2025-08-29T14:30:00-04:00,130.11160278320312,130.4199981689453,129.97999572753906,130.0,430434.0
2025-08-29T15:30:00-04:00,130.00999450683594,130.57000732421875,130.00999450683594,130.5489959716797,662021.0
2025-09-02T09:30:00-04:00,128.4499969482422,129.22999572753906,127.54000091552734,127.7699966430664,794915.0
2025-09-02T10:30:00-04:00,127.78500366210938,127.78500366210938,126.93000030517578,127.0199966430664,509279.0
2025-09-02T11:30:00-04:00,127.0199966430664,127.0250015258789,126.45999908447266,126.49500274658203,354582.0
2025-09-02T12:30:00-04:00,126.4800033569336,127.26000213623047,126.4800033569336,127.20999908447266,292907.0
2025-09-02T13:30:00-04:00,127.20999908447266,127.47000122070312,126.88999938964844,126.93000030517578,273373.0
2025-09-02T14:30:00-04:00,126.92500305175781,127.65499877929688,126.92500305175781,127.5999984741211,387596.0
2025-09-02T15:30:00-04:00,127.58999633789062,127.77999877929688,127.37999725341797,127.58999633789062,696824.0
2025-09-03T09:30:00-04:00,127.41999816894531,127.6500015258789,125.55000305175781,125.57499694824219,1294275.0
2025-09-03T10:30:00-04:00,125.56500244140625,125.93499755859375,125.04000091552734,125.22000122070312,681477.0
2025-09-03T11:30:00-04:00,125.25,125.47000122070312,124.55999755859375,124.88999938964844,488422.0
2025-09-03T12:30:00-04:00,124.86000061035156,125.19999694824219,124.5,124.77999877929688,544806.0
2025-09-03T13:30:00-04:00,124.80460357666016,125.3949966430664,124.7300033569336,125.13999938964844,425787.0
2025-09-03T14:30:00-04:00,125.12000274658203,125.29000091552734,124.45999908447266,124.8499984741211,612854.0
2025-09-03T15:30:00-04:00,124.83999633789062,125.1500015258789,124.69999694824219,124.86000061035156,1173291.0
2025-09-04T09:30:00-04:00,124.6500015258789,124.72000122070312,123.55999755859375,123.76000213623047,874608.0
2025-09-04T10:30:00-04:00,123.74539947509766,124.04499816894531,123.58000183105469,123.93000030517578,734633.0
2025-09-04T11:30:00-04:00,123.93000030517578,123.95999908447266,123.18000030517578,123.88500213623047,947402.0
2025-09-04T12:30:00-04:00,123.88500213623047,124.2300033569336,123.62999725341797,124.11000061035156,674362.0
2025-09-04T13:30:00-04:00,124.13500213623047,124.94000244140625,123.83999633789062,124.94000244140625,545838.0
2025-09-04T14:30:00-04:00,124.94000244140625,125.5199966430664,124.875,125.32499694824219,594114.0
2025-09-04T15:30:00-04:00,125.31999969482422,125.6500015258789,125.08999633789062,125.3499984741211,933887.0
2025-09-05T09:30:00-04:00,125.37000274658203,127.38520050048828,124.9000015258789,125.11000061035156,674014.0
2025-09-05T10:30:00-04:00,125.0999984741211,125.12000274658203,124.12000274658203,124.4000015258789,411710.0
2025-09-05T11:30:00-04:00,124.41000366210938,124.41999816894531,123.16999816894531,123.35859680175781,359564.0
2025-09-05T12:30:00-04:00,123.33000183105469,123.58999633789062,122.81999969482422,122.83499908447266,426027.0
2025-09-05T13:30:00-04:00,122.81999969482422,123.6050033569336,122.81999969482422,123.42500305175781,514826.0
2025-09-05T14:30:00-04:00,123.42500305175781,123.80999755859375,123.25640106201172,123.58999633789062,526640.0
2025-09-05T15:30:00-04:00,123.58999633789062,123.86000061035156,123.43000030517578,123.77999877929688,488798.0
2025-09-08T09:30:00-04:00,124.23999786376953,125.75679779052734,123.05999755859375,125.69000244140625,879420.0
2025-09-08T10:30:00-04:00,125.68499755859375,126.08000183105469,124.91000366210938,124.92500305175781,754393.0
2025-09-08T11:30:00-04:00,124.91000366210938,125.0,124.52999877929688,124.52999877929688,420455.0
2025-09-08T12:30:00-04:00,124.55000305175781,124.8550033569336,124.26000213623047,124.69499969482422,448678.0
2025-09-08T13:30:00-04:00,124.69999694824219,124.86000061035156,124.5,124.75,309468.0
2025-09-08T14:30:00-04:00,124.75,124.83999633789062,124.45999908447266,124.54000091552734,394284.0
2025-09-08T15:30:00-04:00,124.54000091552734,124.7300033569336,124.30000305175781,124.61000061035156,701349.0
2025-09-09T09:30:00-04:00,124.12000274658203,124.77999877929688,123.95999908447266,124.4000015258789,597773.0
2025-09-09T10:30:00-04:00,124.41999816894531,124.56999969482422,124.08000183105469,124.48999786376953,426333.0
2025-09-09T11:30:00-04:00,124.552001953125,124.69999694824219,124.05000305175781,124.52999877929688,291917.0
2025-09-09T12:30:00-04:00,124.55999755859375,124.5999984741211,124.04000091552734,124.2699966430664,305297.0
2025-09-09T13:30:00-04:00,124.29000091552734,124.36509704589844,123.92749786376953,124.30000305175781,264989.0
2025-09-09T14:30:00-04:00,124.30000305175781,124.34269714355469,123.64299774169922,123.93000030517578,412612.0
2025-09-09T15:30:00-04:00,123.92500305175781,124.0,123.61000061035156,123.7699966430664,701159.0
2025-09-10T09:30:00-04:00,123.80999755859375,124.42500305175781,123.04000091552734,123.18000030517578,729176.0
2025-09-10T10:30:00-04:00,123.11000061035156,123.16000366210938,122.62999725341797,122.91500091552734,1226621.0
2025-09-10T11:30:00-04:00,122.91500091552734,123.5199966430664,122.72010040283203,122.79499816894531,542301.0
2025-09-10T12:30:00-04:00,122.80999755859375,123.87000274658203,122.69999694824219,123.48999786376953,569893.0
2025-09-10T13:30:00-04:00,123.48999786376953,123.54000091552734,123.08499908447266,123.5,299856.0
2025-09-10T14:30:00-04:00,123.51499938964844,123.55999755859375,122.79000091552734,122.80239868164062,299352.0
2025-09-10T15:30:00-04:00,122.81500244140625,123.5,122.69999694824219,123.41000366210938,603383.0
2025-09-11T09:30:00-04:00,123.69499969482422,124.47000122070312,122.91000366210938,124.375,1092011.0
2025-09-11T10:30:00-04:00,124.4000015258789,124.5,123.63999938964844,123.78500366210938,46125.0
2025-09-11T11:30:00-04:00,123.7699966430664,123.91000366210938,123.20999908447266,123.70999908447266,714073.0
2025-09-11T12:30:00-04:00,123.73500061035156,123.8104019165039,123.04499816894531,123.19999694824219,389301.0
2025-09-11T13:30:00-04:00,123.2300033569336,123.30500030517578,122.66000366210938,122.93000030517578,480212.0
2025-09-11T14:30:00-04:00,122.94000244140625,123.19999694824219,122.66500091552734,123.13999938964844,851365.0
2025-09-11T15:30:00-04:00,123.1500015258789,123.37999725341797,122.75,123.05000305175781,940324.0
2025-09-12T09:30:00-04:00,122.92060089111328,123.2699966430664,121.83999633789062,122.90499877929688,1543395.0
2025-09-12T10:30:00-04:00,122.9000015258789,123.44999694824219,122.5,122.95999908447266,566486.0
2025-09-12T11:30:00-04:00,122.95999908447266,122.9800033569336,122.0,122.62999725341797,515619.0
2025-09-12T12:30:00-04:00,122.63099670410156,122.91000366210938,122.41000366210938,122.6250991821289,391271.0
2025-09-12T13:30:00-04:00,122.5999984741211,123.0,122.4749984741211,122.8386001586914,669411.0
2025-09-12T14:30:00-04:00,122.85269927978516,122.98999786376953,122.52999877929688,122.58000183105469,371663.0
2025-09-12T15:30:00-04:00,122.58000183105469,122.81500244140625,122.27999877929688,122.52999877929688,549969.0
2025-09-15T09:30:00-04:00,122.91000366210938,122.9800033569336,120.5999984741211,121.12000274658203,921864.0
2025-09-15T10:30:00-04:00,121.12999725341797,121.61499786376953,120.55999755859375,120.73999786376953,996549.0
2025-09-15T11:30:00-04:00,120.73500061035156,120.76000213623047,119.76000213623047,120.25,891804.0
2025-09-15T12:30:00-04:00,120.26000213623047,120.76000213623047,120.01000213623047,120.06500244140625,463232.0
2025-09-15T13:30:00-04:00,120.06999969482422,120.4800033569336,120.0,120.03500366210938,637871.0
2025-09-15T14:30:00-04:00,120.03279876708984,120.7699966430664,119.93000030517578,120.45999908447266,1053864.0
2025-09-15T15:30:00-04:00,120.45999908447266,120.5199966430664,120.1050033569336,120.36000061035156,1304617.0
2025-09-16T09:30:00-04:00,120.70999908447266,121.13870239257812,119.87999725341797,120.38999938964844,744881.0
2025-09-16T10:30:00-04:00,120.40499877929688,121.28990173339844,120.30000305175781,120.83000183105469,678246.0
2025-09-16T11:30:00-04:00,120.81999969482422,121.05000305175781,120.30000305175781,120.31999969482422,533778.0
2025-09-16T12:30:00-04:00,120.31999969482422,120.33000183105469,119.76499938964844,120.0199966430664,577469.0
2025-09-16T13:30:00-04:00,120.04000091552734,121.17500305175781,120.0,121.17500305175781,654094.0
2025-09-16T14:30:00-04:00,121.16999816894531,121.76499938964844,121.05999755859375,121.62999725341797,504153.0
2025-09-16T15:30:00-04:00,121.62960052490234,121.98999786376953,121.33999633789062,121.6500015258789,857991.0
2025-09-17T09:30:00-04:00,121.98999786376953,124.43000030517578,121.78500366210938,124.10420227050781,1010258.0
2025-09-17T10:30:00-04:00,124.1500015258789,124.44999694824219,123.22000122070312,123.72000122070312,457918.0
2025-09-17T11:30:00-04:00,123.69999694824219,123.87999725341797,123.18499755859375,123.2300033569336,289995.0
2025-09-17T12:30:00-04:00,123.2699966430664,123.63999938964844,123.1500015258789,123.37999725341797,242411.0
2025-09-17T13:30:00-04:00,123.36499786376953,124.43000030517578,123.08000183105469,123.70999908447266,378653.0
2025-09-17T14:30:00-04:00,123.66000366210938,123.66000366210938,121.5199966430664,122.53500366210938,676956.0
2025-09-17T15:30:00-04:00,122.52999877929688,123.43000030517578,122.34100341796875,123.22000122070312,812125.0
2025-09-18T09:30:00-04:00,123.73999786376953,125.38999938964844,123.5999984741211,124.40129852294922,671912.0
2025-09-18T10:30:00-04:00,124.3949966430664,124.7300033569336,124.25,124.48999786376953,398410.0
2025-09-18T11:30:00-04:00,124.51000213623047,124.70999908447266,123.91010284423828,124.33999633789062,325165.0
2025-09-18T12:30:00-04:00,124.30999755859375,124.51000213623047,123.77999877929688,124.18499755859375,293437.0
2025-09-18T13:30:00-04:00,124.20999908447266,124.94000244140625,124.16020202636719,124.80500030517578,355398.0
2025-09-18T14:30:00-04:00,124.77999877929688,125.47000122070312,124.70999908447266,125.2750015258789,519626.0
2025-09-18T15:30:00-04:00,125.2750015258789,125.70999908447266,125.19999694824219,125.44000244140625,869205.0
2025-09-19T09:30:00-04:00,126.33000183105469,127.8499984741211,125.19000244140625,127.63249969482422,1319067.0
2025-09-19T10:30:00-04:00,127.62000274658203,127.72000122070312,126.05999755859375,126.0999984741211,537248.0
2025-09-19T11:30:00-04:00,126.05999755859375,126.80000305175781,126.0,126.68000030517578,414340.0
2025-09-19T12:30:00-04:00,126.68000030517578,127.14209747314453,126.5,127.0,304526.0
2025-09-19T13:30:00-04:00,127.0199966430664,127.19999694824219,126.44999694824219,126.59010314941406,377266.0
2025-09-19T14:30:00-04:00,126.58999633789062,127.16000366210938,126.37000274658203,127.1500015258789,554602.0
2025-09-19T15:30:00-04:00,127.16000366210938,127.5999984741211,126.75,126.9800033569336,1114203.0
2025-09-22T09:30:00-04:00,125.6500015258789,126.41850280761719,123.3499984741211,126.37999725341797,989268.0
2025-09-22T10:30:00-04:00,126.33499908447266,126.63999938964844,125.56500244140625,125.69999694824219,674098.0
2025-09-22T11:30:00-04:00,125.67500305175781,126.23999786376953,125.4197006225586,125.62000274658203,434066.0
2025-09-22T12:30:00-04:00,125.56500244140625,125.94999694824219,125.22000122070312,125.94000244140625,375874.0
2025-09-22T13:30:00-04:00,125.94000244140625,126.48500061035156,125.80000305175781,125.91999816894531,474570.0
2025-09-22T14:30:00-04:00,125.91220092773438,126.22000122070312,125.69100189208984,125.69100189208984,503378.0
2025-09-22T15:30:00-04:00,125.69000244140625,125.76000213623047,125.0999984741211,125.44000244140625,846424.0
2025-09-23T09:30:00-04:00,125.44000244140625,126.8550033569336,125.16999816894531,125.33499908447266,450252.0
2025-09-23T10:30:00-04:00,125.30000305175781,126.7041015625,125.26499938964844,126.26000213623047,386819.0
2025-09-23T11:30:00-04:00,126.26000213623047,126.30110168457031,125.47000122070312,125.76000213623047,637585.0
2025-09-23T12:30:00-04:00,125.79000091552734,125.79499816894531,124.12000274658203,124.15499877929688,531637.0
2025-09-23T13:30:00-04:00,124.1500015258789,124.1500015258789,123.44999694824219,123.61250305175781,460414.0
2025-09-23T14:30:00-04:00,123.5999984741211,124.01000213623047,123.05000305175781,123.34500122070312,1426422.0
2025-09-23T15:30:00-04:00,123.3499984741211,123.66999816894531,123.18000030517578,123.49500274658203,847076.0
2025-09-24T09:30:00-04:00,123.5,125.58999633789062,123.37999725341797,123.6500015258789,734374.0
2025-09-24T10:30:00-04:00,123.63999938964844,123.72000122070312,122.77999877929688,123.01000213623047,349955.0
2025-09-24T11:30:00-04:00,122.99500274658203,123.5,122.33570098876953,122.7699966430664,360460.0
2025-09-24T12:30:00-04:00,122.75499725341797,122.91999816894531,122.44000244140625,122.81999969482422,336148.0
2025-09-24T13:30:00-04:00,122.82959747314453,122.82959747314453,122.08999633789062,122.45999908447266,267144.0
2025-09-24T14:30:00-04:00,122.44000244140625,122.8949966430664,122.11029815673828,122.80000305175781,274672.0
2025-09-24T15:30:00-04:00,122.80999755859375,123.19000244140625,122.68000030517578,123.08000183105469,449116.0
2025-09-25T09:30:00-04:00,122.91000366210938,122.91000366210938,121.5,121.7249984741211,456285.0
2025-09-25T10:30:00-04:00,121.7249984741211,122.56999969482422,121.7249984741211,122.11000061035156,255878.0
2025-09-25T11:30:00-04:00,122.0999984741211,122.41000366210938,121.77999877929688,121.95999908447266,225680.0
2025-09-25T12:30:00-04:00,121.94999694824219,122.19000244140625,121.83000183105469,121.99500274658203,165842.0
2025-09-25T13:30:00-04:00,121.99500274658203,122.12999725341797,121.1177978515625,121.45500183105469,275484.0
2025-09-25T14:30:00-04:00,121.44000244140625,122.19999694824219,121.44000244140625,122.05999755859375,255551.0
2025-09-25T15:30:00-04:00,122.05999755859375,122.1500015258789,121.52999877929688,121.75,508313.0
2025-09-26T09:30:00-04:00,122.19999694824219,123.55000305175781,121.6500015258789,122.48999786376953,540574.0
2025-09-26T10:30:00-04:00,122.55000305175781,122.67500305175781,122.16999816894531,122.6050033569336,172978.0
2025-09-26T11:30:00-04:00,122.6050033569336,123.33000183105469,122.6050033569336,123.23500061035156,162352.0
2025-09-26T12:30:00-04:00,123.2300033569336,123.5250015258789,123.05500030517578,123.48999786376953,116757.0
2025-09-26T13:30:00-04:00,123.4800033569336,123.6449966430664,123.1050033569336,123.17500305175781,167258.0
2025-09-26T14:30:00-04:00,123.17500305175781,123.75,123.1500015258789,123.6500015258789,211594.0
2025-09-26T15:30:00-04:00,123.61100006103516,123.91000366210938,123.58999633789062,123.7300033569336,485405.0
2025-09-29T09:30:00-04:00,124.33000183105469,124.58000183105469,122.94999694824219,123.68000030517578,298865.0
2025-09-29T10:30:00-04:00,123.6449966430664,123.94999694824219,123.53500366210938,123.61000061035156,193900.0
2025-09-29T11:30:00-04:00,123.61000061035156,123.68000030517578,123.06500244140625,123.22000122070312,214251.0
2025-09-29T12:30:00-04:00,123.22000122070312,123.77999877929688,123.19000244140625,123.6050033569336,175398.0
2025-09-29T13:30:00-04:00,123.58999633789062,123.86000061035156,123.42500305175781,123.62999725341797,199682.0
2025-09-29T14:30:00-04:00,123.62000274658203,123.62999725341797,123.14299774169922,123.2699966430664,251632.0
2025-09-29T15:30:00-04:00,123.2699966430664,123.27999877929688,122.83000183105469,122.9000015258789,434261.0
2025-09-30T09:30:00-04:00,123.0,123.08000183105469,121.22000122070312,121.49500274658203,448980.0
2025-09-30T10:30:00-04:00,121.55000305175781,121.61000061035156,120.95999908447266,121.44499969482422,288588.0
2025-09-30T11:30:00-04:00,121.43000030517578,121.56999969482422,121.04010009765625,121.0999984741211,179187.0
2025-09-30T12:30:00-04:00,121.11000061035156,121.18000030517578,120.5199966430664,120.67500305175781,211372.0
2025-09-30T13:30:00-04:00,120.63999938964844,121.0999984741211,120.62000274658203,120.83270263671875,162364.0
2025-09-30T14:30:00-04:00,120.83499908447266,121.05000305175781,120.62999725341797,120.98999786376953,239206.0
2025-09-30T15:30:00-04:00,120.98999786376953,121.69999694824219,120.98999786376953,121.41999816894531,529271.0
2025-10-01T09:30:00-04:00,120.8499984741211,122.54499816894531,120.80500030517578,121.43000030517578,340469.0
2025-10-01T10:30:00-04:00,121.44000244140625,121.97000122070312,121.12000274658203,121.77999877929688,249545.0
2025-10-01T11:30:00-04:00,121.81500244140625,122.16000366210938,121.51000213623047,122.15010070800781,217127.0
2025-10-01T12:30:00-04:00,122.16680145263672,122.25,121.76000213623047,122.0999984741211,247246.0
2025-10-01T13:30:00-04:00,122.11000061035156,122.55000305175781,121.95999908447266,122.51000213623047,740772.0
2025-10-01T14:30:00-04:00,122.54499816894531,122.55000305175781,122.23999786376953,122.44000244140625,440241.0
2025-10-01T15:30:00-04:00,122.44999694824219,122.61000061035156,122.27999877929688,122.30500030517578,703775.0
2025-10-02T09:30:00-04:00,122.47000122070312,122.5,120.19999694824219,120.65959930419922,957213.0
2025-10-02T10:30:00-04:00,120.62000274658203,120.80000305175781,120.0199966430664,120.42729949951172,455593.0
2025-10-02T11:30:00-04:00,120.45999908447266,120.89250183105469,120.3499984741211,120.84500122070312,363409.0
2025-10-02T12:30:00-04:00,120.86000061035156,120.91999816894531,120.5000991821289,120.68000030517578,396599.0
2025-10-02T13:30:00-04:00,120.66999816894531,120.96199798583984,120.54000091552734,120.94999694824219,477056.0
2025-10-02T14:30:00-04:00,120.94999694824219,121.5999984741211,120.81999969482422,121.5999984741211,621914.0
2025-10-02T15:30:00-04:00,121.5999984741211,121.875,121.41999816894531,121.48999786376953,778336.0
2025-10-03T09:30:00-04:00,121.6500015258789,122.25,119.9000015258789,120.83499908447266,903047.0
2025-10-03T10:30:00-04:00,120.83499908447266,120.9800033569336,120.05999755859375,120.08000183105469,678312.0
2025-10-03T11:30:00-04:00,120.05999755859375,120.77999877929688,120.0,120.56999969482422,800427.0
2025-10-03T12:30:00-04:00,120.58000183105469,120.98999786376953,120.22000122070312,120.22000122070312,706695.0
2025-10-03T13:30:00-04:00,120.20999908447266,120.5,120.01000213623047,120.11000061035156,443021.0
2025-10-03T14:30:00-04:00,120.12000274658203,120.26499938964844,119.83999633789062,120.20999908447266,925331.0
2025-10-03T15:30:00-04:00,120.20999908447266,120.33999633789062,120.0199966430664,120.20999908447266,798011.0
2025-10-06T09:30:00-04:00,120.7300033569336,120.87999725341797,120.05000305175781,120.58999633789062,557510.0
2025-10-06T10:30:00-04:00,120.62000274658203,121.33499908447266,120.52999877929688,121.06289672851562,374225.0
2025-10-06T11:30:00-04:00,121.06999969482422,121.22000122070312,120.62000274658203,120.68000030517578,361621.0
2025-10-06T12:30:00-04:00,120.68000030517578,123.0,120.4000015258789,122.7699966430664,682963.0
2025-10-06T13:30:00-04:00,122.9000015258789,123.14990234375,121.19000244140625,121.2300033569336,549831.0
2025-10-06T14:30:00-04:00,121.26000213623047,121.44999694824219,121.06739807128906,121.25,366488.0
2025-10-06T15:30:00-04:00,121.2300033569336,121.33999633789062,120.23999786376953,120.33000183105469,850020.0
2025-10-07T09:30:00-04:00,120.48999786376953,121.0999984741211,119.13999938964844,119.63999938964844,676549.0
2025-10-07T10:30:00-04:00,119.61000061035156,120.31999969482422,119.30000305175781,119.70999908447266,884519.0
2025-10-07T11:30:00-04:00,119.69999694824219,119.81999969482422,119.13999938964844,119.62000274658203,747127.0
2025-10-07T12:30:00-04:00,119.63999938964844,120.19999694824219,119.62000274658203,120.19999694824219,310684.0
2025-10-07T13:30:00-04:00,120.19000244140625,120.22000122070312,119.71499633789062,120.0199966430664,335062.0
2025-10-07T14:30:00-04:00,120.02999877929688,120.12999725341797,119.69999694824219,119.83999633789062,430816.0
2025-10-07T15:30:00-04:00,119.81999969482422,120.25,119.80000305175781,119.8499984741211,619554.0
2025-10-08T09:30:00-04:00,119.91000366210938,120.5,118.91000366210938,120.36000061035156,811076.0
2025-10-08T10:30:00-04:00,120.36000061035156,120.38500213623047,119.79000091552734,119.98280334472656,428467.0
2025-10-08T11:30:00-04:00,119.97000122070312,120.75990295410156,119.95999908447266,120.30999755859375,448815.0
2025-10-08T12:30:00-04:00,120.3499984741211,120.7699966430664,120.28500366210938,120.38500213623047,410186.0
2025-10-08T13:30:00-04:00,120.375,120.44999694824219,120.01709747314453,120.36000061035156,368610.0
2025-10-08T14:30:00-04:00,120.36000061035156,120.37999725341797,119.98999786376953,120.08000183105469,625211.0
2025-10-08T15:30:00-04:00,120.05500030517578,120.31999969482422,119.93000030517578,119.95999908447266,755958.0
2025-10-09T09:30:00-04:00,120.45999908447266,120.9800033569336,119.55999755859375,120.83769989013672,668821.0
2025-10-09T10:30:00-04:00,120.7699966430664,121.20999908447266,120.72000122070312,121.05010223388672,392904.0
2025-10-09T11:30:00-04:00,121.11499786376953,121.41819763183594,120.70919799804688,120.76000213623047,285741.0
2025-10-09T12:30:00-04:00,120.7699966430664,120.7699966430664,119.94000244140625,120.08999633789062,323939.0
2025-10-09T13:30:00-04:00,120.0999984741211,120.37000274658203,120.02999877929688,120.25,248604.0
2025-10-09T14:30:00-04:00,120.25,120.36000061035156,120.0250015258789,120.29000091552734,386156.0
2025-10-09T15:30:00-04:00,120.29000091552734,120.4749984741211,120.08000183105469,120.16100311279297,499905.0
2025-10-10T09:30:00-04:00,120.30000305175781,120.58000183105469,119.58000183105469,119.8499984741211,650156.0
2025-10-10T10:30:00-04:00,119.80000305175781,120.23999786376953,117.48999786376953,117.69999694824219,739162.0
2025-10-10T11:30:00-04:00,117.63999938964844,118.1344985961914,117.08999633789062,117.41000366210938,555571.0
2025-10-10T12:30:00-04:00,117.4000015258789,117.7300033569336,116.31999969482422,116.80500030517578,468860.0
2025-10-10T13:30:00-04:00,116.80000305175781,117.87000274658203,116.76000213623047,117.8499984741211,374383.0
2025-10-10T14:30:00-04:00,117.83000183105469,118.48999786376953,117.7699966430664,117.95999908447266,785067.0
2025-10-10T15:30:00-04:00,117.9800033569336,118.48999786376953,117.83999633789062,118.19000244140625,865827.0
2025-10-13T09:30:00-04:00,118.91000366210938,119.44999694824219,118.25,119.19000244140625,688513.0
2025-10-13T10:30:00-04:00,119.08999633789062,119.68499755859375,118.53500366210938,119.62000274658203,370734.0
2025-10-13T11:30:00-04:00,119.5999984741211,119.61000061035156,119.18000030517578,119.41999816894531,343791.0
2025-10-13T12:30:00-04:00,119.42359924316406,119.55999755859375,119.08499908447266,119.08999633789062,273971.0
2025-10-13T13:30:00-04:00,119.0999984741211,119.76499938964844,119.0199966430664,119.72000122070312,288233.0
2025-10-13T14:30:00-04:00,119.72000122070312,119.80000305175781,119.1500015258789,119.19999694824219,389957.0
2025-10-13T15:30:00-04:00,119.18000030517578,119.30000305175781,118.83999633789062,118.8499984741211,509986.0
2025-10-14T09:30:00-04:00,117.69000244140625,121.83499908447266,117.69000244140625,121.7699966430664,1159844.0
2025-10-14T10:30:00-04:00,121.79000091552734,123.0199966430664,121.45999908447266,122.74500274658203,845919.0
2025-10-14T11:30:00-04:00,122.74500274658203,124.0250015258789,122.73999786376953,123.81999969482422,654184.0
2025-10-14T12:30:00-04:00,123.83999633789062,124.20999908447266,123.72000122070312,123.99500274658203,564176.0
2025-10-14T13:30:00-04:00,123.99500274658203,124.47000122070312,123.69000244140625,124.03500366210938,583550.0
2025-10-14T14:30:00-04:00,124.05999755859375,124.3499984741211,123.8550033569336,124.08000183105469,478871.0
2025-10-14T15:30:00-04:00,124.05000305175781,124.13999938964844,122.72000122070312,122.91000366210938,1026370.0
2025-10-15T09:30:00-04:00,124.56500244140625,125.875,124.27999877929688,125.29000091552734,1094172.0
2025-10-15T10:30:00-04:00,125.2699966430664,125.48999786376953,124.32499694824219,124.6500015258789,809254.0
2025-10-15T11:30:00-04:00,124.62000274658203,124.7300033569336,123.44000244140625,123.72000122070312,736812.0
2025-10-15T12:30:00-04:00,123.73999786376953,124.12999725341797,122.69999694824219,123.06999969482422,392728.0
2025-10-15T13:30:00-04:00,123.06999969482422,124.2300033569336,123.0,123.76000213623047,573167.0
2025-10-15T14:30:00-04:00,123.76000213623047,124.31999969482422,123.72000122070312,124.12000274658203,492585.0
2025-10-15T15:30:00-04:00,124.0999984741211,124.5199966430664,123.87999725341797,124.27999877929688,938861.0
2025-10-16T09:30:00-04:00,124.26000213623047,126.9000015258789,124.06500244140625,125.75,834600.0
2025-10-16T10:30:00-04:00,125.7300033569336,126.48999786376953,124.91999816894531,125.04000091552734,828699.0
2025-10-16T11:30:00-04:00,125.0,125.33999633789062,123.63999938964844,123.69999694824219,742466.0
2025-10-16T12:30:00-04:00,123.69000244140625,123.77999877929688,122.87999725341797,123.4800033569336,557569.0
2025-10-16T13:30:00-04:00,123.51000213623047,123.68000030517578,122.26000213623047,122.54000091552734,462920.0
2025-10-16T14:30:00-04:00,122.5,122.61000061035156,122.05000305175781,122.13999938964844,548293.0
2025-10-16T15:30:00-04:00,122.1500015258789,122.98999786376953,122.05999755859375,122.88999938964844,767881.0
2025-10-17T09:30:00-04:00,123.06500244140625,125.45999908447266,122.80500030517578,125.12999725341797,768420.0
2025-10-17T10:30:00-04:00,125.16000366210938,125.87000274658203,124.80999755859375,125.42500305175781,780424.0
2025-10-17T11:30:00-04:00,125.44999694824219,126.0,124.87999725341797,125.81999969482422,346784.0
2025-10-17T12:30:00-04:00,125.87000274658203,126.02999877929688,125.30000305175781,125.61900329589844,315534.0
2025-10-17T13:30:00-04:00,125.58000183105469,125.94999694824219,125.2300033569336,125.81999969482422,295611.0
2025-10-17T14:30:00-04:00,125.79000091552734,126.31999969482422,125.69010162353516,126.12999725341797,321417.0
2025-10-17T15:30:00-04:00,126.13999938964844,126.4000015258789,125.87000274658203,125.91999816894531,802720.0
2025-10-20T09:30:00-04:00,126.06999969482422,127.61000061035156,125.79000091552734,127.53500366210938,512703.0
2025-10-20T10:30:00-04:00,127.55000305175781,127.9800033569336,127.30000305175781,127.88999938964844,432259.0
2025-10-20T11:30:00-04:00,127.92500305175781,128.5,127.85639953613281,128.26840209960938,439146.0
2025-10-20T12:30:00-04:00,128.3000030517578,128.35000610351562,127.44000244140625,127.5199966430664,344774.0
2025-10-20T13:30:00-04:00,127.5199966430664,127.76000213623047,127.0199966430664,127.25,374015.0
2025-10-20T14:30:00-04:00,127.26599884033203,127.6500015258789,127.19999694824219,127.52529907226562,488159.0
2025-10-20T15:30:00-04:00,127.52999877929688,127.56500244140625,127.0999984741211,127.22000122070312,732061.0
2025-10-21T09:30:00-04:00,126.87000274658203,128.78810119628906,126.67500305175781,128.6699981689453,507667.0
2025-10-21T10:30:00-04:00,128.6199951171875,129.5,128.5800018310547,129.00999450683594,423381.0
2025-10-21T11:30:00-04:00,129.00999450683594,129.1649932861328,128.5399932861328,128.5800018310547,237132.0
2025-10-21T12:30:00-04:00,128.5800018310547,128.83999633789062,128.36000061035156,128.55999755859375,243810.0
2025-10-21T13:30:00-04:00,128.57000732421875,129.07000732421875,128.49000549316406,129.0399932861328,217697.0
2025-10-21T14:30:00-04:00,129.0500030517578,129.3800048828125,128.9001007080078,129.34500122070312,330520.0
2025-10-21T15:30:00-04:00,129.35000610351562,129.3699951171875,128.4199981689453,128.57000732421875,810555.0
2025-10-22T09:30:00-04:00,128.52000427246094,128.85000610351562,127.69000244140625,127.93499755859375,417466.0
2025-10-22T10:30:00-04:00,127.94000244140625,128.74000549316406,127.77999877929688,128.4600067138672,277340.0
2025-10-22T11:30:00-04:00,128.43499755859375,128.88499450683594,128.00399780273438,128.32000732421875,276133.0
2025-10-22T12:30:00-04:00,128.32000732421875,128.49000549316406,127.5,128.08999633789062,269554.0
2025-10-22T13:30:00-04:00,128.05999755859375,128.25,127.35009765625,127.8499984741211,351653.0
2025-10-22T14:30:00-04:00,127.82499694824219,127.86000061035156,127.30999755859375,127.55000305175781,433764.0
2025-10-22T15:30:00-04:00,127.56999969482422,127.87000274658203,127.44499969482422,127.4800033569336,695231.0
2025-10-23T09:30:00-04:00,127.52999877929688,128.8000030517578,126.73999786376953,128.0,461572.0
2025-10-23T10:30:00-04:00,127.9800033569336,128.33999633789062,127.4000015258789,127.7300033569336,499136.0
2025-10-23T11:30:00-04:00,127.68000030517578,127.9800033569336,127.30999755859375,127.7699966430664,172507.0
2025-10-23T12:30:00-04:00,127.78250122070312,128.16000366210938,127.27999877929688,127.44000244140625,182895.0
2025-10-23T13:30:00-04:00,127.44000244140625,127.98999786376953,127.40499877929688,127.7300033569336,238220.0
2025-10-23T14:30:00-04:00,127.7300033569336,127.7874984741211,127.19000244140625,127.375,420067.0
2025-10-23T15:30:00-04:00,127.36100006103516,127.54499816894531,127.0199966430664,127.3499984741211,531694.0
2025-10-24T09:30:00-04:00,127.6500015258789,129.05999755859375,127.3499984741211,127.69499969482422,563948.0
2025-10-24T10:30:00-04:00,127.62999725341797,128.86000061035156,127.58000183105469,128.7899932861328,479540.0
2025-10-24T11:30:00-04:00,128.8800048828125,128.88999938964844,128.16099548339844,128.31500244140625,222532.0
2025-10-24T12:30:00-04:00,128.36000061035156,128.92999267578125,128.25,128.8300018310547,185795.0
2025-10-24T13:30:00-04:00,128.83999633789062,128.85000610351562,128.49000549316406,128.67999267578125,251322.0
2025-10-24T14:30:00-04:00,128.6699981689453,128.72999572753906,128.27000427246094,128.59500122070312,316840.0
2025-10-24T15:30:00-04:00,128.5800018310547,128.59100341796875,127.85099792480469,127.9800033569336,438581.0
2025-10-27T09:30:00-04:00,128.22999572753906,128.75999450683594,126.37999725341797,128.72500610351562,667525.0
2025-10-27T10:30:00-04:00,128.7301025390625,128.83999633789062,127.9000015258789,128.40499877929688,352325.0
2025-10-27T11:30:00-04:00,128.39999389648438,128.87989807128906,128.3000030517578,128.3800048828125,325598.0
2025-10-27T12:30:00-04:00,128.3699951171875,128.6300048828125,127.98999786376953,128.10000610351562,419013.0
2025-10-27T13:30:00-04:00,128.14999389648438,128.9499969482422,128.0399932861328,128.9290008544922,347465.0
2025-10-27T14:30:00-04:00,128.95010375976562,129.22999572753906,128.92999267578125,129.12899780273438,363399.0
2025-10-27T15:30:00-04:00,129.1300048828125,129.5399932861328,128.9199981689453,129.0500030517578,658124.0
2025-10-28T09:30:00-04:00,129.58999633789062,129.6300048828125,128.14999389648438,129.2899932861328,787573.0
2025-10-28T10:30:00-04:00,129.27000427246094,130.0500030517578,129.22999572753906,129.67999267578125,597009.0
2025-10-28T11:30:00-04:00,129.66000366210938,129.75999450683594,128.92999267578125,129.15499877929688,359895.0
2025-10-28T12:30:00-04:00,129.15499877929688,129.47500610351562,128.47000122070312,129.26499938964844,379726.0
2025-10-28T13:30:00-04:00,129.27000427246094,129.377197265625,128.27000427246094,128.38999938964844,409874.0
2025-10-28T14:30:00-04:00,128.40499877929688,128.65499877929688,128.2100067138672,128.28500366210938,374456.0
2025-10-28T15:30:00-04:00,128.27000427246094,128.27999877929688,127.66999816894531,128.00999450683594,849704.0
2025-10-29T09:30:00-04:00,127.87000274658203,128.67999267578125,126.5199966430664,127.66999816894531,916859.0
2025-10-29T10:30:00-04:00,127.68000030517578,128.10000610351562,127.5999984741211,127.69000244140625,401798.0
2025-10-29T11:30:00-04:00,127.66999816894531,128.10000610351562,127.33999633789062,127.96379852294922,339206.0
2025-10-29T12:30:00-04:00,127.95999908447266,127.98999786376953,126.78500366210938,126.83499908447266,335686.0
2025-10-29T13:30:00-04:00,126.81999969482422,127.1050033569336,126.64350128173828,126.94999694824219,308103.0
2025-10-29T14:30:00-04:00,126.95500183105469,127.1500015258789,125.91999816894531,126.02249908447266,531019.0
2025-10-29T15:30:00-04:00,126.04000091552734,126.53900146484375,125.46499633789062,126.5,668478.0
2025-10-30T09:30:00-04:00,125.47000122070312,126.88999938964844,125.29350280761719,126.58999633789062,485816.0
2025-10-30T10:30:00-04:00,126.6500015258789,127.4406967163086,126.5,127.27349853515625,326504.0
2025-10-30T11:30:00-04:00,127.2699966430664,127.88999938964844,127.11000061035156,127.8499984741211,239908.0
2025-10-30T12:30:00-04:00,127.83999633789062,127.86000061035156,127.09249877929688,127.66999816894531,174777.0
2025-10-30T13:30:00-04:00,127.63999938964844,128.27499389648438,127.33999633789062,127.7699966430664,198025.0
2025-10-30T14:30:00-04:00,127.7699966430664,127.9000015258789,126.73999786376953,126.95999908447266,428000.0
2025-10-30T15:30:00-04:00,126.95999908447266,127.16999816894531,126.23999786376953,126.3499984741211,1516780.0
2025-10-31T09:30:00-04:00,126.18000030517578,126.80000305175781,125.32499694824219,126.31500244140625,660867.0
2025-10-31T10:30:00-04:00,126.23999786376953,126.97000122070312,126.1500015258789,126.31999969482422,208485.0
2025-10-31T11:30:00-04:00,126.30000305175781,126.51499938964844,125.5999984741211,126.08000183105469,191860.0
2025-10-31T12:30:00-04:00,126.11000061035156,126.44889831542969,125.7699966430664,125.87000274658203,139438.0
2025-10-31T13:30:00-04:00,125.87000274658203,126.15499877929688,125.58999633789062,125.98500061035156,158481.0
2025-10-31T14:30:00-04:00,126.03500366210938,126.9000015258789,125.91999816894531,126.83000183105469,243309.0
2025-10-31T15:30:00-04:00,126.8499984741211,127.1500015258789,126.4000015258789,126.54000091552734,1113908.0
2025-11-03T09:30:00-05:00,126.26000213623047,127.0,124.73999786376953,124.77999877929688,371369.0
2025-11-03T10:30:00-05:00,124.77999877929688,125.94999694824219,124.62010192871094,125.75,183401.0
2025-11-03T11:30:00-05:00,125.66999816894531,126.0999984741211,125.47000122070312,125.7699966430664,264860.0
2025-11-03T12:30:00-05:00,125.7300033569336,126.56999969482422,125.7300033569336,126.56999969482422,513298.0
2025-11-03T13:30:00-05:00,126.61000061035156,127.32499694824219,126.61000061035156,127.12000274658203,219199.0
2025-11-03T14:30:00-05:00,127.1449966430664,127.1449966430664,126.48999786376953,126.7300033569336,324158.0
2025-11-03T15:30:00-05:00,126.72000122070312,127.05000305175781,126.58000183105469,126.80000305175781,447083.0
2025-11-04T09:30:00-05:00,125.5,125.98999786376953,123.06999969482422,123.2249984741211,712837.0
2025-11-04T10:30:00-05:00,123.22000122070312,123.56999969482422,122.76000213623047,123.0999984741211,510893.0
2025-11-04T11:30:00-05:00,123.11000061035156,123.34989929199219,122.44000244140625,123.02999877929688,438422.0
2025-11-04T12:30:00-05:00,123.0199966430664,123.33999633789062,122.43000030517578,122.88999938964844,336315.0
2025-11-04T13:30:00-05:00,122.8949966430664,122.9574966430664,122.51499938964844,122.69000244140625,323044.0
2025-11-04T14:30:00-05:00,122.69999694824219,122.73999786376953,122.15499877929688,122.15499877929688,381946.0
2025-11-04T15:30:00-05:00,122.17500305175781,122.4800033569336,121.93000030517578,122.36000061035156,624604.0
2025-11-05T09:30:00-05:00,122.0,123.29000091552734,121.5999984741211,122.12000274658203,436036.0
2025-11-05T10:30:00-05:00,122.12000274658203,122.95999908447266,121.95999908447266,122.52999877929688,400126.0
2025-11-05T11:30:00-05:00,122.55000305175781,123.25,122.42009735107422,123.25,323717.0
2025-11-05T12:30:00-05:00,123.2750015258789,123.41000366210938,123.0199966430664,123.24500274658203,194430.0
2025-11-05T13:30:00-05:00,123.22000122070312,123.9000015258789,123.19000244140625,123.81999969482422,211529.0
2025-11-05T14:30:00-05:00,123.80000305175781,124.08999633789062,123.33999633789062,123.36000061035156,333569.0
2025-11-05T15:30:00-05:00,123.36000061035156,123.44000244140625,122.38999938964844,122.5,658557.0
2025-11-06T09:30:00-05:00,122.37000274658203,123.38999938964844,121.58000183105469,121.95999908447266,694963.0
2025-11-06T10:30:00-05:00,121.99500274658203,121.99500274658203,120.4800033569336,120.7750015258789,584835.0
2025-11-06T11:30:00-05:00,120.7300033569336,120.83000183105469,119.97000122070312,120.3499984741211,553343.0
2025-11-06T12:30:00-05:00,120.31500244140625,120.63999938964844,119.81999969482422,120.31999969482422,551485.0
2025-11-06T13:30:00-05:00,120.31999969482422,120.97000122070312,120.23500061035156,120.94750213623047,590331.0
2025-11-06T14:30:00-05:00,120.94000244140625,122.4000015258789,120.76000213623047,121.73999786376953,956927.0
2025-11-06T15:30:00-05:00,121.7300033569336,121.87000274658203,120.12999725341797,120.62000274658203,1402117.0
2025-11-07T09:30:00-05:00,125.0,125.55000305175781,117.81999969482422,118.29000091552734,2288617.0
2025-11-07T10:30:00-05:00,118.29000091552734,119.58000183105469,117.14730072021484,118.08499908447266,913546.0
2025-11-07T11:30:00-05:00,118.0,119.26499938964844,117.46499633789062,118.18000030517578,750607.0
2025-11-07T12:30:00-05:00,118.16999816894531,118.61000061035156,117.83000183105469,118.0999984741211,618521.0
2025-11-07T13:30:00-05:00,118.11000061035156,119.81999969482422,118.0,119.66000366210938,788298.0
2025-11-07T14:30:00-05:00,119.68499755859375,121.16000366210938,119.5,119.98999786376953,959083.0
2025-11-07T15:30:00-05:00,119.97000122070312,121.44999694824219,119.95999908447266,120.87000274658203,1090637.0
2025-11-10T09:30:00-05:00,121.94000244140625,122.83000183105469,120.5,120.96499633789062,906435.0
2025-11-10T10:30:00-05:00,120.95999908447266,121.0999984741211,119.94999694824219,120.44999694824219,624156.0
2025-11-10T11:30:00-05:00,120.46920013427734,121.2300033569336,120.30000305175781,120.8499984741211,423567.0
2025-11-10T12:30:00-05:00,120.83000183105469,121.29000091552734,120.77999877929688,121.05999755859375,351195.0
2025-11-10T13:30:00-05:00,121.04000091552734,121.05500030517578,119.77999877929688,119.98999786376953,595334.0
2025-11-10T14:30:00-05:00,120.01000213623047,120.47000122070312,119.87000274658203,120.19000244140625,607943.0
2025-11-10T15:30:00-05:00,120.19000244140625,120.3499984741211,119.9000015258789,120.12000274658203,2574577.0
2025-11-11T09:30:00-05:00,120.30000305175781,122.93000030517578,120.0199966430664,122.91999816894531,626881.0
2025-11-11T10:30:00-05:00,122.91000366210938,122.98999786376953,122.12000274658203,122.37000274658203,416824.0
2025-11-11T11:30:00-05:00,122.4000015258789,123.0999984741211,122.31999969482422,122.99500274658203,321454.0
2025-11-11T12:30:00-05:00,122.98999786376953,123.45899963378906,122.77999877929688,123.30000305175781,276225.0
2025-11-11T13:30:00-05:00,123.30000305175781,123.41000366210938,122.44999694824219,122.44999694824219,278618.0
2025-11-11T14:30:00-05:00,122.47000122070312,122.81500244140625,122.37000274658203,122.7300033569336,315199.0
2025-11-11T15:30:00-05:00,122.72000122070312,122.80999755859375,122.31999969482422,122.53500366210938,516340.0
2025-11-12T09:30:00-05:00,122.66000366210938,122.8499984741211,121.06999969482422,121.59750366210938,486409.0
2025-11-12T10:30:00-05:00,121.56500244140625,121.59100341796875,120.95999908447266,121.13999938964844,250862.0
2025-11-12T11:30:00-05:00,121.1050033569336,121.5199966430664,120.70500183105469,121.4551010131836,241766.0
2025-11-12T12:30:00-05:00,121.5,121.95999908447266,121.4800033569336,121.80999755859375,248372.0
2025-11-12T13:30:00-05:00,121.77999877929688,122.0199966430664,121.37000274658203,121.43499755859375,287660.0
2025-11-12T14:30:00-05:00,121.44999694824219,121.73999786376953,121.27999877929688,121.72000122070312,256431.0
2025-11-12T15:30:00-05:00,121.69100189208984,122.16999816894531,121.57499694824219,121.68000030517578,445440.0
2025-11-13T09:30:00-05:00,121.50499725341797,123.3949966430664,121.20590209960938,122.80000305175781,373858.0
2025-11-13T10:30:00-05:00,122.7699966430664,123.12000274658203,121.93499755859375,121.98999786376953,342956.0
2025-11-13T11:30:00-05:00,121.94000244140625,122.0447006225586,121.45999908447266,121.68000030517578,273022.0
2025-11-13T12:30:00-05:00,121.62999725341797,121.88999938964844,121.33000183105469,121.43499755859375,280390.0
2025-11-13T13:30:00-05:00,121.41000366210938,121.69000244140625,121.01069641113281,121.5999984741211,211815.0
2025-11-13T14:30:00-05:00,121.58499908447266,121.58999633789062,121.08999633789062,121.51000213623047,318871.0
2025-11-13T15:30:00-05:00,121.55000305175781,121.73999786376953,121.0,121.19000244140625,422602.0
2025-11-14T09:30:00-05:00,120.95999908447266,121.05999755859375,119.60420227050781,120.70999908447266,396512.0
2025-11-14T10:30:00-05:00,120.72000122070312,121.91999816894531,120.52999877929688,121.76000213623047,295361.0
2025-11-14T11:30:00-05:00,121.80000305175781,122.72579956054688,121.44000244140625,122.01499938964844,260998.0
2025-11-14T12:30:00-05:00,121.95999908447266,122.19999694824219,121.1500015258789,121.41000366210938,321420.0
2025-11-14T13:30:00-05:00,121.40499877929688,122.25,120.93499755859375,122.2300033569336,251806.0
2025-11-14T14:30:00-05:00,122.27999877929688,122.75,122.02100372314453,122.07340240478516,291436.0
2025-11-14T15:30:00-05:00,122.08000183105469,122.31500244140625,121.98500061035156,122.04000091552734,1534250.0
2025-11-17T09:30:00-05:00,120.52999877929688,121.33000183105469,119.83000183105469,120.69000244140625,546357.0
2025-11-17T10:30:00-05:00,120.6500015258789,120.6500015258789,119.75700378417969,120.06999969482422,306251.0
2025-11-17T11:30:00-05:00,120.05500030517578,120.75,120.04499816894531,120.2249984741211,209018.0
2025-11-17T12:30:00-05:00,120.26000213623047,120.33000183105469,118.7699966430664,118.80999755859375,595971.0
2025-11-17T13:30:00-05:00,118.81999969482422,118.81999969482422,117.18000030517578,117.54000091552734,573423.0
2025-11-17T14:30:00-05:00,117.50499725341797,117.58999633789062,116.70120239257812,117.16999816894531,401697.0
2025-11-17T15:30:00-05:00,117.19999694824219,117.9000015258789,116.9800033569336,117.5999984741211,671029.0
2025-11-18T09:30:00-05:00,116.58999633789062,118.54000091552734,116.19999694824219,117.5,669986.0
2025-11-18T10:30:00-05:00,117.45999908447266,117.97000122070312,116.84500122070312,117.94499969482422,424230.0
2025-11-18T11:30:00-05:00,117.91500091552734,118.05500030517578,115.93499755859375,115.93499755859375,833629.0
2025-11-18T12:30:00-05:00,115.91000366210938,116.9104995727539,115.58000183105469,116.4000015258789,220895.0
2025-11-18T13:30:00-05:00,116.4000015258789,116.79000091552734,116.19999694824219,116.37999725341797,361618.0
2025-11-18T14:30:00-05:00,116.38999938964844,116.55999755859375,115.81999969482422,115.93000030517578,426977.0
2025-11-18T15:30:00-05:00,115.94999694824219,115.98999786376953,115.38999938964844,115.4000015258789,510556.0
2025-11-19T09:30:00-05:00,115.5,115.91000366210938,114.48500061035156,115.43499755859375,532746.0
2025-11-19T10:30:00-05:00,115.43499755859375,115.51000213623047,114.69000244140625,114.91000366210938,270590.0
2025-11-19T11:30:00-05:00,114.87999725341797,115.08999633789062,114.23999786376953,114.50499725341797,311180.0
2025-11-19T12:30:00-05:00,114.4800033569336,114.95999908447266,114.08000183105469,114.69000244140625,232404.0
2025-11-19T13:30:00-05:00,114.68499755859375,115.26499938964844,114.08999633789062,114.22000122070312,373137.0
2025-11-19T14:30:00-05:00,114.2249984741211,114.7300033569336,114.16000366210938,114.56500244140625,375240.0
2025-11-19T15:30:00-05:00,114.58000183105469,114.81999969482422,114.22000122070312,114.44000244140625,601495.0
2025-11-20T09:30:00-05:00,114.54000091552734,115.13999938964844,113.58000183105469,114.36840057373047,861652.0
2025-11-20T10:30:00-05:00,114.37999725341797,114.5199966430664,113.05999755859375,113.33999633789062,536762.0
2025-11-20T11:30:00-05:00,113.33999633789062,113.58000183105469,111.62999725341797,111.62999725341797,520101.0
2025-11-20T12:30:00-05:00,111.62000274658203,113.05000305175781,111.11000061035156,112.2750015258789,795167.0
2025-11-20T13:30:00-05:00,112.23999786376953,112.33999633789062,110.80999755859375,111.58000183105469,477283.0
2025-11-20T14:30:00-05:00,111.52999877929688,112.33999633789062,110.88999938964844,112.19000244140625,599935.0
2025-11-20T15:30:00-05:00,112.19000244140625,112.27999877929688,111.47000122070312,111.53099822998047,623890.0
2025-11-21T09:30:00-05:00,112.16999816894531,113.43499755859375,112.08999633789062,112.4800033569336,723426.0
2025-11-21T10:30:00-05:00,112.41000366210938,113.20999908447266,111.83999633789062,113.16999816894531,467296.0
2025-11-21T11:30:00-05:00,113.1500015258789,114.9800033569336,113.1500015258789,114.8499984741211,455053.0
2025-11-21T12:30:00-05:00,114.91999816894531,115.69000244140625,114.37999725341797,114.62000274658203,717479.0
2025-11-21T13:30:00-05:00,114.61499786376953,115.33999633789062,114.48999786376953,115.2699966430664,538283.0
2025-11-21T14:30:00-05:00,115.29000091552734,115.37999725341797,114.41999816894531,114.44499969482422,535518.0
2025-11-21T15:30:00-05:00,114.41999816894531,114.76000213623047,114.1500015258789,114.2699966430664,698126.0
2025-11-24T09:30:00-05:00,114.66500091552734,115.0,113.37999725341797,113.7249984741211,530491.0
2025-11-24T10:30:00-05:00,113.66000366210938,114.31999969482422,113.41000366210938,114.29000091552734,372670.0
2025-11-24T11:30:00-05:00,114.2699966430664,114.33000183105469,113.66000366210938,114.08000183105469,319848.0
2025-11-24T12:30:00-05:00,114.05500030517578,114.22000122070312,113.9000015258789,114.06999969482422,249457.0
2025-11-24T13:30:00-05:00,114.05999755859375,114.55500030517578,113.95999908447266,114.2699966430664,309175.0
2025-11-24T14:30:00-05:00,114.27999877929688,115.05000305175781,114.25,114.43000030517578,641143.0
2025-11-24T15:30:00-05:00,114.43000030517578,114.86499786376953,114.29000091552734,114.41000366210938,831992.0
2025-11-25T09:30:00-05:00,114.46499633789062,116.93499755859375,114.46499633789062,116.88500213623047,736909.0
2025-11-25T10:30:00-05:00,116.87999725341797,118.13500213623047,116.87999725341797,117.56999969482422,751710.0
2025-11-25T11:30:00-05:00,117.58999633789062,117.76000213623047,117.02010345458984,117.44999694824219,381241.0
2025-11-25T12:30:00-05:00,117.4800033569336,117.95999908447266,117.4800033569336,117.88700103759766,370905.0
2025-11-25T13:30:00-05:00,117.91000366210938,118.5999984741211,117.62000274658203,118.33000183105469,662191.0
2025-11-25T14:30:00-05:00,118.30500030517578,119.20999908447266,118.26499938964844,119.05999755859375,911584.0
2025-11-25T15:30:00-05:00,119.08000183105469,119.23999786376953,118.48999786376953,118.54000091552734,952928.0
2025-11-26T09:30:00-05:00,117.98999786376953,118.04000091552734,116.63999938964844,116.87000274658203,694567.0
2025-11-26T10:30:00-05:00,116.8499984741211,117.80999755859375,116.84500122070312,117.41000366210938,304115.0
2025-11-26T11:30:00-05:00,117.44000244140625,117.69999694824219,117.12000274658203,117.13999938964844,290798.0
2025-11-26T12:30:00-05:00,117.1449966430664,117.62000274658203,117.1050033569336,117.4000015258789,365597.0
2025-11-26T13:30:00-05:00,117.33999633789062,117.52999877929688,117.06999969482422,117.3550033569336,235627.0
2025-11-26T14:30:00-05:00,117.36499786376953,117.41000366210938,116.9800033569336,117.06500244140625,269437.0
2025-11-26T15:30:00-05:00,117.05999755859375,117.08999633789062,116.44499969482422,116.76000213623047,646694.0
2025-11-28T09:30:00-05:00,116.73999786376953,117.77999877929688,116.4000015258789,117.41000366210938,960804.0
2025-11-28T10:30:00-05:00,117.37999725341797,117.72000122070312,117.30000305175781,117.50029754638672,230982.0
2025-11-28T11:30:00-05:00,117.5250015258789,117.5999984741211,117.05999755859375,117.26000213623047,185834.0
2025-12-01T09:30:00-05:00,116.0,118.25,115.72000122070312,117.56719970703125,598444.0
2025-12-01T10:30:00-05:00,117.5199966430664,119.13999938964844,117.4800033569336,118.88999938964844,407031.0
2025-12-01T11:30:00-05:00,118.9000015258789,119.55999755859375,118.8499984741211,119.44000244140625,318772.0
2025-12-01T12:30:00-05:00,119.44999694824219,119.61959838867188,119.18000030517578,119.18000030517578,214970.0
2025-12-01T13:30:00-05:00,119.20500183105469,119.29000091552734,118.55999755859375,118.58000183105469,254879.0
2025-12-01T14:30:00-05:00,118.58000183105469,118.73999786376953,118.43000030517578,118.58999633789062,309925.0
2025-12-01T15:30:00-05:00,118.58999633789062,118.83999633789062,118.33999633789062,118.83999633789062,469821.0
2025-12-02T09:30:00-05:00,118.6500015258789,118.7300033569336,117.37000274658203,117.61000061035156,449498.0
2025-12-02T10:30:00-05:00,117.61000061035156,119.79779815673828,117.55999755859375,118.95999908447266,388014.0
2025-12-02T11:30:00-05:00,118.90499877929688,119.9749984741211,118.77999877929688,119.94000244140625,321562.0
2025-12-02T12:30:00-05:00,119.94000244140625,120.0906982421875,119.18000030517578,119.31500244140625,439606.0
2025-12-02T13:30:00-05:00,119.31500244140625,119.69999694824219,119.08999633789062,119.2300033569336,503890.0
2025-12-02T14:30:00-05:00,119.20999908447266,119.57499694824219,118.94999694824219,119.31999969482422,748078.0
2025-12-02T15:30:00-05:00,119.30999755859375,119.33000183105469,118.38999938964844,118.48999786376953,1075578.0
2025-12-03T09:30:00-05:00,118.26000213623047,120.69999694824219,117.62999725341797,118.875,656325.0
2025-12-03T10:30:00-05:00,118.8499984741211,119.68000030517578,118.37999725341797,119.45999908447266,466094.0
2025-12-03T11:30:00-05:00,119.47000122070312,120.00499725341797,119.4000015258789,119.84500122070312,374411.0
2025-12-03T12:30:00-05:00,119.84500122070312,119.94999694824219,119.48999786376953,119.77999877929688,267865.0
2025-12-03T13:30:00-05:00,119.80000305175781,119.9000015258789,119.44000244140625,119.57499694824219,228715.0
2025-12-03T14:30:00-05:00,119.57499694824219,119.625,119.2699966430664,119.51000213623047,319237.0
2025-12-03T15:30:00-05:00,119.5,120.2699966430664,119.4800033569336,120.12000274658203,739459.0
2025-12-04T09:30:00-05:00,120.55999755859375,120.91999816894531,119.22000122070312,119.83999633789062,454444.0
2025-12-04T10:30:00-05:00,119.8499984741211,120.0199966430664,119.5199966430664,119.9000015258789,207894.0
2025-12-04T11:30:00-05:00,119.91999816894531,120.29000091552734,119.83000183105469,120.01000213623047,165152.0
2025-12-04T12:30:00-05:00,120.0199966430664,120.4800033569336,120.0,120.44999694824219,172712.0
2025-12-04T13:30:00-05:00,120.43000030517578,120.80000305175781,120.30000305175781,120.3949966430664,182298.0
2025-12-04T14:30:00-05:00,120.33499908447266,120.83499908447266,120.29000091552734,120.51000213623047,209504.0
2025-12-04T15:30:00-05:00,120.5,121.0,120.4800033569336,120.80000305175781,395809.0
2025-12-05T09:30:00-05:00,120.5,123.68499755859375,120.40010070800781,123.63999938964844,457917.0
2025-12-05T10:30:00-05:00,123.6500015258789,123.93000030517578,123.38999938964844,123.61000061035156,429257.0
2025-12-05T11:30:00-05:00,123.5999984741211,123.7249984741211,123.3499984741211,123.4000015258789,222265.0
2025-12-05T12:30:00-05:00,123.41000366210938,123.8550033569336,123.41000366210938,123.77999877929688,204812.0
2025-12-05T13:30:00-05:00,123.79000091552734,123.9800033569336,123.43499755859375,123.7300033569336,199801.0
2025-12-05T14:30:00-05:00,123.7300033569336,124.7699966430664,123.70279693603516,124.7699966430664,288075.0
2025-12-05T15:30:00-05:00,124.75,124.80999755859375,124.2750015258789,124.30000305175781,558617.0
2025-12-08T09:30:00-05:00,123.8550033569336,123.8550033569336,121.9000015258789,122.48999786376953,465939.0
2025-12-08T10:30:00-05:00,122.44000244140625,122.80999755859375,121.9000015258789,121.93499755859375,418368.0
2025-12-08T11:30:00-05:00,121.95999908447266,121.95999908447266,121.16000366210938,121.34500122070312,279459.0
2025-12-08T12:30:00-05:00,121.3499984741211,122.0250015258789,121.34500122070312,121.49500274658203,198052.0
2025-12-08T13:30:00-05:00,121.47000122070312,121.55999755859375,120.91500091552734,121.38500213623047,201302.0
2025-12-08T14:30:00-05:00,121.37999725341797,121.87000274658203,121.37999725341797,121.69999694824219,194555.0
2025-12-08T15:30:00-05:00,121.6989974975586,122.19999694824219,121.5,122.01000213623047,550279.0
2025-12-09T09:30:00-05:00,122.01000213623047,123.30500030517578,121.15380096435547,123.08999633789062,279684.0
2025-12-09T10:30:00-05:00,123.08999633789062,124.87629699707031,123.08999633789062,124.51000213623047,355148.0
2025-12-09T11:30:00-05:00,124.51000213623047,125.5199966430664,124.51000213623047,125.05999755859375,304346.0
2025-12-09T12:30:00-05:00,125.05999755859375,125.29000091552734,124.64749908447266,125.11000061035156,201256.0
2025-12-09T13:30:00-05:00,125.11000061035156,125.69000244140625,124.8949966430664,125.12000274658203,272595.0
2025-12-09T14:30:00-05:00,125.12000274658203,125.30999755859375,124.9800033569336,125.125,215387.0
2025-12-09T15:30:00-05:00,125.125,125.43000030517578,122.01000213623047,125.4000015258789,559812.0
2025-12-10T09:30:00-05:00,125.44999694824219,125.6500015258789,124.45999908447266,124.9800033569336,337163.0
2025-12-10T10:30:00-05:00,124.9800033569336,125.83000183105469,124.91999816894531,125.83000183105469,251352.0
2025-12-10T11:30:00-05:00,125.80999755859375,126.08999633789062,125.32499694824219,125.5199966430664,266778.0
2025-12-10T12:30:00-05:00,125.47000122070312,125.76000213623047,125.44000244140625,125.51000213623047,140494.0
2025-12-10T13:30:00-05:00,125.5,127.1500015258789,125.45500183105469,126.44000244140625,414734.0
2025-12-10T14:30:00-05:00,126.45999908447266,128.8300018310547,126.38999938964844,128.4600067138672,602779.0
2025-12-10T15:30:00-05:00,128.4600067138672,128.72000122070312,127.30500030517578,127.5999984741211,1913324.0
2025-12-11T09:30:00-05:00,127.5999984741211,129.60000610351562,126.97000122070312,128.61500549316406,602338.0
2025-12-11T10:30:00-05:00,128.61570739746094,128.9199981689453,127.88999938964844,127.90499877929688,313620.0
2025-12-11T11:30:00-05:00,127.96499633789062,128.2100067138672,127.15499877929688,127.69999694824219,246202.0
2025-12-11T12:30:00-05:00,127.75499725341797,128.21499633789062,127.30500030517578,127.41999816894531,217240.0
2025-12-11T13:30:00-05:00,127.44000244140625,127.94499969482422,127.04000091552734,127.73999786376953,315682.0
2025-12-11T14:30:00-05:00,127.81999969482422,128.6699981689453,127.58999633789062,128.55499267578125,381625.0
2025-12-11T15:30:00-05:00,128.5399932861328,128.58999633789062,127.73999786376953,128.0,410743.0
2025-12-12T09:30:00-05:00,128.58999633789062,130.55999755859375,128.58999633789062,130.1750030517578,490048.0
2025-12-12T10:30:00-05:00,130.19000244140625,130.27999877929688,128.96499633789062,129.52000427246094,315660.0
2025-12-12T11:30:00-05:00,129.5,129.8300018310547,128.9600067138672,129.0850067138672,288031.0
2025-12-12T12:30:00-05:00,129.10499572753906,129.69500732421875,128.9600067138672,129.1699981689453,178535.0
2025-12-12T13:30:00-05:00,129.16000366210938,129.44000244140625,129.0,129.0800018310547,228117.0
2025-12-12T14:30:00-05:00,129.07000732421875,129.1199951171875,128.37750244140625,128.67999267578125,228467.0
2025-12-12T15:30:00-05:00,128.67999267578125,128.72999572753906,128.19000244140625,128.3699951171875,409033.0
2025-12-15T09:30:00-05:00,129.36000061035156,129.8000030517578,128.3000030517578,128.47000122070312,544715.0
2025-12-15T10:30:00-05:00,128.47999572753906,131.07000732421875,128.44000244140625,130.9499969482422,473811.0
2025-12-15T11:30:00-05:00,130.9600067138672,131.02000427246094,130.24000549316406,130.6300048828125,322216.0
2025-12-15T12:30:00-05:00,130.61500549316406,131.0500030517578,130.5,130.64010620117188,253469.0
2025-12-15T13:30:00-05:00,130.6699981689453,131.4199981689453,130.55999755859375,131.32000732421875,298638.0
2025-12-15T14:30:00-05:00,131.30999755859375,131.89999389648438,131.07000732421875,131.67999267578125,464334.0
2025-12-15T15:30:00-05:00,131.6999969482422,132.14999389648438,131.48500061035156,131.77999877929688,890566.0
2025-12-16T09:30:00-05:00,132.02999877929688,132.9600067138672,131.24429321289062,131.77499389648438,417903.0
2025-12-16T10:30:00-05:00,131.77499389648438,132.65499877929688,131.64999389648438,132.27000427246094,324955.0
2025-12-16T11:30:00-05:00,132.23500061035156,133.04849243164062,132.1999969482422,132.42999267578125,217944.0
2025-12-16T12:30:00-05:00,132.42999267578125,132.5399932861328,131.39999389648438,131.85000610351562,259709.0
2025-12-16T13:30:00-05:00,131.91000366210938,132.09500122070312,131.1699981689453,131.55999755859375,248631.0
2025-12-16T14:30:00-05:00,131.57000732421875,131.9499969482422,131.18499755859375,131.90499877929688,297866.0
2025-12-16T15:30:00-05:00,131.88999938964844,132.32000732421875,131.6699981689453,132.00999450683594,442315.0
2025-12-17T09:30:00-05:00,133.9600067138672,136.82000732421875,133.62109375,135.93519592285156,1039840.0
2025-12-17T10:30:00-05:00,135.94500732421875,136.3874969482422,134.7050018310547,135.00999450683594,496052.0
2025-12-17T11:30:00-05:00,134.98500061035156,135.60000610351562,134.50999450683594,135.22999572753906,428525.0
2025-12-17T12:30:00-05:00,135.19000244140625,135.44000244140625,134.02999877929688,134.4499969482422,222268.0
2025-12-17T13:30:00-05:00,134.42999267578125,134.6300048828125,133.86000061035156,134.38999938964844,386256.0
2025-12-17T14:30:00-05:00,134.41000366210938,134.67999267578125,134.27999877929688,134.4600067138672,344739.0
2025-12-17T15:30:00-05:00,134.47000122070312,134.5500030517578,133.7100067138672,133.77999877929688,532390.0
2025-12-18T09:30:00-05:00,133.3000030517578,135.41000366210938,133.3000030517578,133.6999969482422,388961.0
2025-12-18T10:30:00-05:00,133.82000732421875,134.41000366210938,133.6699981689453,133.7050018310547,194507.0
2025-12-18T11:30:00-05:00,133.7100067138672,134.13999938964844,133.07000732421875,133.15499877929688,248289.0
2025-12-18T12:30:00-05:00,133.1824951171875,134.02000427246094,133.17999267578125,133.85499572753906,241953.0
2025-12-18T13:30:00-05:00,133.89999389648438,134.24000549316406,132.9600067138672,134.2100067138672,288456.0
2025-12-18T14:30:00-05:00,134.2100067138672,134.2324981689453,133.7100067138672,134.1199951171875,288226.0
2025-12-18T15:30:00-05:00,134.1300048828125,134.24000549316406,133.88499450683594,133.97000122070312,468344.0
2025-12-19T09:30:00-05:00,134.10000610351562,135.74000549316406,133.61000061035156,135.71499633789062,1055790.0
2025-12-19T10:30:00-05:00,135.6999969482422,136.36000061035156,135.52999877929688,136.34500122070312,394448.0
2025-12-19T11:30:00-05:00,136.30999755859375,136.85000610351562,136.3000030517578,136.69000244140625,341890.0
2025-12-19T12:30:00-05:00,136.69000244140625,137.03750610351562,136.52000427246094,136.94000244140625,335001.0
2025-12-19T13:30:00-05:00,136.89500427246094,136.89999389648438,135.82000732421875,135.9499969482422,222597.0
2025-12-19T14:30:00-05:00,135.9600067138672,135.97000122070312,135.25999450683594,135.3699951171875,266189.0
2025-12-19T15:30:00-05:00,135.41000366210938,136.07000732421875,135.21009826660156,135.27999877929688,565064.0
2025-12-22T09:30:00-05:00,136.08999633789062,138.52000427246094,136.0050048828125,137.18499755859375,515070.0
2025-12-22T10:30:00-05:00,137.18499755859375,137.52999877929688,136.07000732421875,136.24000549316406,268659.0
2025-12-22T11:30:00-05:00,136.2100067138672,136.6699981689453,135.98500061035156,136.6699981689453,217304.0
2025-12-22T12:30:00-05:00,136.63999938964844,136.9199981689453,136.52999877929688,136.72000122070312,193364.0
2025-12-22T13:30:00-05:00,136.74000549316406,136.77999877929688,136.41000366210938,136.625,433865.0
2025-12-22T14:30:00-05:00,136.63999938964844,137.14999389648438,136.5800018310547,136.81500244140625,206679.0
2025-12-22T15:30:00-05:00,136.8300018310547,137.1300048828125,136.47999572753906,136.9499969482422,1307380.0
2025-12-23T09:30:00-05:00,136.94000244140625,137.2100067138672,135.5800018310547,136.1699981689453,228111.0
2025-12-23T10:30:00-05:00,136.17999267578125,136.75,135.99000549316406,136.0500030517578,138624.0
2025-12-23T11:30:00-05:00,136.05999755859375,136.52999877929688,136.05999755859375,136.4600067138672,125897.0
2025-12-23T12:30:00-05:00,136.50999450683594,136.66000366210938,136.27000427246094,136.3800048828125,157479.0
2025-12-23T13:30:00-05:00,136.36500549316406,136.66000366210938,136.1999969482422,136.5800018310547,385329.0
2025-12-23T14:30:00-05:00,136.5749969482422,136.5800018310547,135.97000122070312,136.1300048828125,185321.0
2025-12-23T15:30:00-05:00,136.13999938964844,136.6199951171875,135.94000244140625,136.49000549316406,411297.0
2025-12-24T09:30:00-05:00,136.00999450683594,137.0850067138672,135.80999755859375,136.9698944091797,133732.0
2025-12-24T10:30:00-05:00,136.92999267578125,137.00999450683594,136.7100067138672,136.99000549316406,115534.0
2025-12-24T11:30:00-05:00,136.9600067138672,137.36000061035156,136.85499572753906,137.36000061035156,129579.0
2025-12-26T09:30:00-05:00,136.69500732421875,137.2113037109375,136.6199951171875,136.7949981689453,208780.0
2025-12-26T10:30:00-05:00,136.81500244140625,137.0,136.19000244140625,136.22999572753906,133902.0
2025-12-26T11:30:00-05:00,136.27000427246094,136.64999389648438,136.22000122070312,136.5050048828125,111248.0
2025-12-26T12:30:00-05:00,136.51080322265625,136.6300048828125,136.22000122070312,136.35000610351562,79760.0
2025-12-26T13:30:00-05:00,136.36000061035156,136.52999877929688,136.14999389648438,136.36000061035156,115112.0
2025-12-26T14:30:00-05:00,136.35000610351562,136.89700317382812,136.35000610351562,136.83999633789062,113309.0
2025-12-26T15:30:00-05:00,136.85499572753906,137.0,136.69679260253906,136.82000732421875,248011.0
2025-12-29T09:30:00-05:00,136.5,137.16000366210938,136.1699981689453,136.63999938964844,286411.0
2025-12-29T10:30:00-05:00,136.6300048828125,136.91000366210938,136.18499755859375,136.5500030517578,229230.0
2025-12-29T11:30:00-05:00,136.5500030517578,136.74000549316406,136.44000244140625,136.47000122070312,183111.0
2025-12-29T12:30:00-05:00,136.47000122070312,136.77000427246094,136.38009643554688,136.7100067138672,187310.0
2025-12-29T13:30:00-05:00,136.72999572753906,136.97000122070312,136.41000366210938,136.8300018310547,154995.0
2025-12-29T14:30:00-05:00,136.80999755859375,137.08999633789062,136.74000549316406,136.92999267578125,159479.0
2025-12-29T15:30:00-05:00,136.9250030517578,136.97500610351562,136.58999633789062,136.61000061035156,417209.0
2025-12-30T09:30:00-05:00,136.0749969482422,137.39830017089844,135.97999572753906,137.08999633789062,238205.0
2025-12-30T10:30:00-05:00,137.08999633789062,137.38999938964844,136.74000549316406,137.3800048828125,153272.0
2025-12-30T11:30:00-05:00,137.3800048828125,137.4149932861328,136.9550018310547,137.11000061035156,142422.0
2025-12-30T12:30:00-05:00,137.14450073242188,137.22999572753906,136.99000549316406,137.1199951171875,168480.0
2025-12-30T13:30:00-05:00,137.125,137.32000732421875,136.97999572753906,137.0399932861328,154643.0
2025-12-30T14:30:00-05:00,137.03990173339844,137.22000122070312,137.01499938964844,137.1699981689453,165600.0
2025-12-30T15:30:00-05:00,137.16000366210938,137.17999267578125,136.83250427246094,136.92999267578125,348477.0
2025-12-31T09:30:00-05:00,136.6199951171875,137.5800018310547,135.75999450683594,135.75999450683594,210244.0
2025-12-31T10:30:00-05:00,135.72500610351562,136.10000610351562,135.56500244140625,136.10000610351562,129418.0
2025-12-31T11:30:00-05:00,136.03500366210938,136.14999389648438,135.82000732421875,135.875,87995.0
2025-12-31T12:30:00-05:00,135.875,135.92999267578125,135.6999969482422,135.82000732421875,81589.0
2025-12-31T13:30:00-05:00,135.82000732421875,136.28309631347656,135.82000732421875,136.07000732421875,109206.0
2025-12-31T14:30:00-05:00,136.07000732421875,136.3350067138672,135.8699951171875,135.97999572753906,192625.0
2025-12-31T15:30:00-05:00,135.98500061035156,136.10000610351562,135.69000244140625,135.72999572753906,331476.0
2026-01-02T09:30:00-05:00,135.9600067138672,136.11000061035156,133.2100067138672,133.36000061035156,522394.0
2026-01-02T10:30:00-05:00,133.3000030517578,133.60499572753906,132.57000732421875,132.88499450683594,296801.0
2026-01-02T11:30:00-05:00,132.88499450683594,133.39999389648438,132.5800018310547,133.02000427246094,258629.0
2026-01-02T12:30:00-05:00,133.0500030517578,133.26499938964844,132.33999633789062,132.47999572753906,206309.0
2026-01-02T13:30:00-05:00,132.47999572753906,133.6300048828125,132.3699951171875,133.55499267578125,230137.0
2026-01-02T14:30:00-05:00,133.52000427246094,133.8350067138672,133.38999938964844,133.4199981689453,244372.0
2026-01-02T15:30:00-05:00,133.39999389648438,133.41000366210938,132.9499969482422,133.0,403544.0
2026-01-05T09:30:00-05:00,133.10000610351562,136.66000366210938,132.63499450683594,136.47999572753906,505418.0
2026-01-05T10:30:00-05:00,136.47999572753906,136.86500549316406,136.1811065673828,136.7100067138672,352956.0
2026-01-05T11:30:00-05:00,136.75,137.9600067138672,136.55999755859375,137.5500030517578,290594.0
2026-01-05T12:30:00-05:00,137.60000610351562,137.77999877929688,136.94000244140625,137.1699981689453,272394.0
2026-01-05T13:30:00-05:00,137.17999267578125,137.5500030517578,137.125,137.1999969482422,262252.0
2026-01-05T14:30:00-05:00,137.22000122070312,137.24000549316406,136.10000610351562,136.2100067138672,228046.0
2026-01-05T15:30:00-05:00,136.22000122070312,136.30999755859375,135.82000732421875,135.8699951171875,364340.0
2026-01-06T09:30:00-05:00,136.11000061035156,137.25,136.0500030517578,137.07000732421875,305809.0
2026-01-06T10:30:00-05:00,137.05999755859375,137.1999969482422,136.46499633789062,136.69000244140625,190373.0
2026-01-06T11:30:00-05:00,136.81500244140625,137.23599243164062,136.64999389648438,137.08999633789062,153910.0
2026-01-06T12:30:00-05:00,137.16000366210938,137.375,136.8800048828125,137.0399932861328,130996.0
2026-01-06T13:30:00-05:00,137.05499267578125,137.22999572753906,136.97000122070312,137.13999938964844,135894.0
2026-01-06T14:30:00-05:00,137.24000549316406,137.91000366210938,137.17999267578125,137.77999877929688,240724.0
2026-01-06T15:30:00-05:00,137.781005859375,138.3800048828125,137.75999450683594,138.16000366210938,330673.0
2026-01-07T09:30:00-05:00,137.77999877929688,139.0449981689453,137.19500732421875,137.6699981689453,373450.0
2026-01-07T10:30:00-05:00,137.77000427246094,138.94000244140625,137.6999969482422,138.8800048828125,230704.0
2026-01-07T11:30:00-05:00,138.8800048828125,139.38999938964844,138.8300018310547,139.28500366210938,244021.0
2026-01-07T12:30:00-05:00,139.27999877929688,139.5500030517578,138.19000244140625,138.42999267578125,266619.0
2026-01-07T13:30:00-05:00,138.4499969482422,138.83999633789062,137.07000732421875,137.60000610351562,293747.0
2026-01-07T14:30:00-05:00,137.5500030517578,137.75999450683594,137.3800048828125,137.72000122070312,198206.0
2026-01-07T15:30:00-05:00,137.72000122070312,137.79989624023438,136.8300018310547,137.00999450683594,460939.0
2026-01-08T09:30:00-05:00,136.17999267578125,137.38499450683594,134.5500030517578,137.22000122070312,328563.0
2026-01-08T10:30:00-05:00,137.21499633789062,137.9250030517578,137.2100067138672,137.3699951171875,148965.0
2026-01-08T11:30:00-05:00,137.40499877929688,137.5500030517578,136.8699951171875,137.33009338378906,211009.0
2026-01-08T12:30:00-05:00,137.36000061035156,137.6750030517578,136.9499969482422,137.375,250735.0
2026-01-08T13:30:00-05:00,137.3800048828125,137.97999572753906,137.08999633789062,137.85000610351562,205673.0
2026-01-08T14:30:00-05:00,137.85499572753906,138.35000610351562,137.72000122070312,138.27999877929688,223249.0
2026-01-08T15:30:00-05:00,138.30999755859375,138.77999877929688,137.94000244140625,138.6699981689453,1316848.0
2026-01-09T09:30:00-05:00,140.0,141.39999389648438,137.91000366210938,139.25999450683594,753073.0
2026-01-09T10:30:00-05:00,139.24000549316406,139.80999755859375,138.69540405273438,139.67999267578125,270998.0
2026-01-09T11:30:00-05:00,139.63999938964844,139.86000061035156,139.10000610351562,139.60499572753906,216713.0
2026-01-09T12:30:00-05:00,139.57000732421875,139.64500427246094,139.10000610351562,139.61000061035156,205954.0
2026-01-09T13:30:00-05:00,139.58999633789062,140.22000122070312,139.58999633789062,140.1699981689453,266088.0
2026-01-09T14:30:00-05:00,140.1999969482422,140.2899932861328,139.16000366210938,139.25,230002.0
2026-01-09T15:30:00-05:00,139.22000122070312,139.39999389648438,138.88999938964844,139.25,469998.0
2026-01-12T09:30:00-05:00,139.27999877929688,139.5500030517578,137.01499938964844,139.3350067138672,580821.0
2026-01-12T10:30:00-05:00,139.50579833984375,140.24000549316406,137.99000549316406,138.9550018310547,379563.0
2026-01-12T11:30:00-05:00,138.9550018310547,139.15499877929688,137.88999938964844,138.33999633789062,210872.0
2026-01-12T12:30:00-05:00,138.2899932861328,138.47999572753906,138.0601043701172,138.2100067138672,158324.0
2026-01-12T13:30:00-05:00,138.14500427246094,138.5399932861328,137.99000549316406,138.38499450683594,150176.0
2026-01-12T14:30:00-05:00,138.375,138.6699981689453,138.27999877929688,138.58999633789062,218991.0
2026-01-12T15:30:00-05:00,138.55999755859375,138.60699462890625,138.25,138.4709930419922,351610.0
2026-01-13T09:30:00-05:00,138.10000610351562,138.58999633789062,136.5,136.97999572753906,316749.0
2026-01-13T10:30:00-05:00,137.07000732421875,138.1999969482422,136.82000732421875,138.17999267578125,325903.0
2026-01-13T11:30:00-05:00,138.25,138.50999450683594,138.0399932861328,138.3000030517578,332880.0
2026-01-13T12:30:00-05:00,138.25999450683594,138.5050048828125,137.80999755859375,138.4199981689453,267303.0
2026-01-13T13:30:00-05:00,138.42999267578125,139.4250030517578,138.3699951171875,139.23500061035156,284953.0
2026-01-13T14:30:00-05:00,139.23500061035156,139.77999877929688,139.0,139.67999267578125,301436.0
2026-01-13T15:30:00-05:00,139.6699981689453,140.19000244140625,139.3249969482422,140.0500030517578,727458.0
2026-01-14T09:30:00-05:00,138.8350067138672,138.8350067138672,134.3800048828125,134.85000610351562,714381.0
2026-01-14T10:30:00-05:00,134.8000030517578,134.81500244140625,133.26499938964844,133.90499877929688,458469.0
2026-01-14T11:30:00-05:00,133.90499877929688,133.94000244140625,131.5,132.02000427246094,552156.0
2026-01-14T12:30:00-05:00,132.16000366210938,132.16000366210938,130.76649475097656,131.27000427246094,662261.0
2026-01-14T13:30:00-05:00,131.2949981689453,131.47999572753906,130.14999389648438,130.7050018310547,518393.0
2026-01-14T14:30:00-05:00,130.7050018310547,132.17999267578125,130.1999969482422,131.6699981689453,784123.0
2026-01-14T15:30:00-05:00,131.6699981689453,133.30999755859375,131.60000610351562,132.77000427246094,927156.0
2026-01-15T09:30:00-05:00,134.5500030517578,135.5,132.85000610351562,134.01499938964844,586375.0
2026-01-15T10:30:00-05:00,134.00999450683594,134.14999389648438,132.14999389648438,132.73500061035156,396765.0
2026-01-15T11:30:00-05:00,132.8175048828125,133.0540008544922,132.3249969482422,132.50999450683594,222683.0
2026-01-15T12:30:00-05:00,132.51499938964844,132.94000244140625,131.94000244140625,132.72500610351562,413953.0
2026-01-15T13:30:00-05:00,132.75,132.91000366210938,132.19000244140625,132.4499969482422,211650.0
2026-01-15T14:30:00-05:00,132.4600067138672,132.6750030517578,132.13999938964844,132.6024932861328,271922.0
2026-01-15T15:30:00-05:00,132.59500122070312,132.86000061035156,132.33999633789062,132.61000061035156,430579.0
2026-01-16T09:30:00-05:00,132.47500610351562,132.75999450683594,129.86000061035156,131.52499389648438,600086.0
2026-01-16T10:30:00-05:00,131.52999877929688,131.6199951171875,130.67999267578125,130.8800048828125,181197.0
2026-01-16T11:30:00-05:00,130.87319946289062,131.27000427246094,130.66000366210938,130.9149932861328,281267.0
2026-01-16T12:30:00-05:00,130.9199981689453,131.13999938964844,130.30999755859375,130.83999633789062,226324.0
2026-01-16T13:30:00-05:00,130.84500122070312,130.92999267578125,130.27999877929688,130.39999389648438,231203.0
2026-01-16T14:30:00-05:00,130.39500427246094,130.97000122070312,130.2100067138672,130.74000549316406,401920.0
2026-01-16T15:30:00-05:00,130.74000549316406,131.17999267578125,130.5850067138672,130.64999389648438,622111.0
2026-01-20T09:30:00-05:00,127.83000183105469,131.27999877929688,127.83000183105469,131.16000366210938,828570.0
2026-01-20T10:30:00-05:00,131.16000366210938,132.03500366210938,130.78070068359375,130.8300018310547,515959.0
2026-01-20T11:30:00-05:00,130.8300018310547,131.08999633789062,130.41000366210938,130.85000610351562,232242.0
2026-01-20T12:30:00-05:00,130.80999755859375,131.07000732421875,130.5,130.86000061035156,196185.0
2026-01-20T13:30:00-05:00,130.88999938964844,130.9600067138672,130.10000610351562,130.6999053955078,264115.0
2026-01-20T14:30:00-05:00,130.6300048828125,130.75990295410156,130.0500030517578,130.61500549316406,369358.0
2026-01-20T15:30:00-05:00,130.64999389648438,130.8800048828125,130.4199981689453,130.75,559430.0
2026-01-21T09:30:00-05:00,130.72999572753906,132.77999877929688,129.7100067138672,132.7100067138672,502082.0
2026-01-21T10:30:00-05:00,132.74000549316406,134.97000122070312,132.74000549316406,133.85499572753906,575000.0
2026-01-21T11:30:00-05:00,133.8551025390625,133.8551025390625,132.94000244140625,133.7550048828125,322890.0
2026-01-21T12:30:00-05:00,133.7449951171875,133.79989624023438,132.8000030517578,133.1649932861328,314801.0
2026-01-21T13:30:00-05:00,133.15499877929688,133.72000122070312,132.31500244140625,133.61000061035156,278805.0
2026-01-21T14:30:00-05:00,133.47000122070312,134.4499969482422,133.3699951171875,133.88999938964844,344387.0
2026-01-21T15:30:00-05:00,133.8699951171875,133.89999389648438,133.25,133.60000610351562,520783.0
2026-01-22T09:30:00-05:00,134.2899932861328,137.125,133.8249969482422,135.82000732421875,495610.0
2026-01-22T10:30:00-05:00,135.8699951171875,136.50999450683594,135.22000122070312,135.35000610351562,214305.0
2026-01-22T11:30:00-05:00,135.30999755859375,135.72999572753906,135.05999755859375,135.22000122070312,173395.0
2026-01-22T12:30:00-05:00,135.22000122070312,135.39500427246094,134.66000366210938,134.72999572753906,182280.0
2026-01-22T13:30:00-05:00,134.71499633789062,134.99000549316406,134.39999389648438,134.49000549316406,212020.0
2026-01-22T14:30:00-05:00,134.49000549316406,134.50999450683594,133.50999450683594,133.88999938964844,253852.0
2026-01-22T15:30:00-05:00,133.9600067138672,133.9949951171875,133.6699981689453,133.83999633789062,530156.0
2026-01-23T09:30:00-05:00,133.2100067138672,134.82000732421875,133.19000244140625,133.9499969482422,360537.0
2026-01-23T10:30:00-05:00,133.92999267578125,134.0800018310547,132.77999877929688,132.8300018310547,350611.0
2026-01-23T11:30:00-05:00,132.8300018310547,133.1649932861328,132.39999389648438,133.05999755859375,200879.0
2026-01-23T12:30:00-05:00,133.07000732421875,133.07000732421875,131.7100067138672,132.47500610351562,240273.0
2026-01-23T13:30:00-05:00,132.50999450683594,133.49000549316406,132.1199951171875,133.00999450683594,264490.0
2026-01-23T14:30:00-05:00,132.99000549316406,133.05999755859375,132.35000610351562,132.42999267578125,196816.0
2026-01-23T15:30:00-05:00,132.42999267578125,132.72999572753906,132.1300048828125,132.14999389648438,361202.0
2026-01-26T09:30:00-05:00,132.47000122070312,134.11000061035156,131.17999267578125,133.9600067138672,461591.0
2026-01-26T10:30:00-05:00,133.93499755859375,134.22500610351562,133.52999877929688,134.11000061035156,367796.0
2026-01-26T11:30:00-05:00,134.1300048828125,134.47999572753906,133.69500732421875,133.75999450683594,163384.0
2026-01-26T12:30:00-05:00,133.75,133.93890380859375,133.0399932861328,133.11000061035156,144460.0
2026-01-26T13:30:00-05:00,133.07000732421875,133.25,132.66000366210938,133.14549255371094,187981.0
2026-01-26T14:30:00-05:00,133.1199951171875,133.53970336914062,133.0800018310547,133.17999267578125,197785.0
2026-01-26T15:30:00-05:00,133.1699981689453,133.4600067138672,133.0800018310547,133.375,338393.0
2026-01-27T09:30:00-05:00,133.22999572753906,133.49000549316406,131.09500122070312,131.58999633789062,252606.0
2026-01-27T10:30:00-05:00,131.50999450683594,131.92999267578125,131.2100067138672,131.5800018310547,252112.0
2026-01-27T11:30:00-05:00,131.52499389648438,131.8800048828125,131.41000366210938,131.72999572753906,195531.0
2026-01-27T12:30:00-05:00,131.77000427246094,132.2949981689453,131.63999938964844,132.19500732421875,191083.0
2026-01-27T13:30:00-05:00,132.2050018310547,132.3000030517578,131.8000030517578,132.19000244140625,140160.0
2026-01-27T14:30:00-05:00,132.1999969482422,132.82000732421875,132.1999969482422,132.51510620117188,165654.0
2026-01-27T15:30:00-05:00,132.5,132.5800018310547,132.22000122070312,132.22999572753906,276795.0
2026-01-28T09:30:00-05:00,132.49000549316406,134.11500549316406,132.4573974609375,133.30499267578125,242273.0
2026-01-28T10:30:00-05:00,133.22999572753906,133.38999938964844,132.57000732421875,132.6999969482422,197279.0
2026-01-28T11:30:00-05:00,132.61500549316406,132.91000366210938,132.30499267578125,132.57000732421875,128420.0
2026-01-28T12:30:00-05:00,132.625,132.77000427246094,132.21499633789062,132.32000732421875,119727.0
2026-01-28T13:30:00-05:00,132.32000732421875,132.6634979248047,132.07000732421875,132.07000732421875,143206.0
2026-01-28T14:30:00-05:00,132.0,133.35000610351562,131.90499877929688,132.1199951171875,268481.0
2026-01-28T15:30:00-05:00,132.11000061035156,132.25999450683594,131.50999450683594,131.54100036621094,297492.0
2026-01-29T09:30:00-05:00,131.75,132.5800018310547,130.5,130.88999938964844,340051.0
2026-01-29T10:30:00-05:00,131.0,131.5,130.25999450683594,131.07000732421875,278599.0
2026-01-29T11:30:00-05:00,131.11500549316406,131.99000549316406,130.86000061035156,131.4600067138672,343716.0
2026-01-29T12:30:00-05:00,131.4949951171875,131.59500122070312,130.27000427246094,130.82000732421875,383211.0
2026-01-29T13:30:00-05:00,130.82000732421875,130.9600067138672,130.10000610351562,130.90499877929688,536375.0
2026-01-29T14:30:00-05:00,130.90499877929688,131.24000549316406,130.59500122070312,130.9949951171875,345475.0
2026-01-29T15:30:00-05:00,130.9949951171875,131.86000061035156,130.97999572753906,131.75,1384145.0
2026-01-30T09:30:00-05:00,131.17999267578125,131.55999755859375,129.89999389648438,130.63499450683594,237830.0
2026-01-30T10:30:00-05:00,130.55999755859375,130.6649932861328,130.42999267578125,130.50999450683594,13085.0
2026-02-02T13:30:00-05:00,132.07000732421875,132.27999877929688,131.78500366210938,131.7949981689453,807994.0
2026-02-02T14:30:00-05:00,131.7899932861328,131.85000610351562,131.1699981689453,131.44000244140625,273635.0
2026-02-02T15:30:00-05:00,131.44500732421875,131.57000732421875,131.27999877929688,131.27999877929688,288244.0
2026-02-03T09:30:00-05:00,130.24000549316406,131.0500030517578,126.5999984741211,126.6500015258789,398243.0
2026-02-03T10:30:00-05:00,126.70500183105469,127.12999725341797,125.5,125.625,480055.0
2026-02-03T11:30:00-05:00,125.63999938964844,125.66999816894531,124.1500015258789,124.23999786376953,426354.0
2026-02-03T12:30:00-05:00,124.18000030517578,124.22000122070312,121.41999816894531,122.08000183105469,741432.0
2026-02-03T13:30:00-05:00,122.08999633789062,122.41000366210938,120.20999908447266,120.20999908447266,560239.0
2026-02-03T14:30:00-05:00,120.29000091552734,122.1050033569336,120.0999984741211,121.37999725341797,766913.0
2026-02-03T15:30:00-05:00,121.41000366210938,122.27999877929688,121.37999725341797,122.0999984741211,914310.0
2026-02-04T09:30:00-05:00,122.90499877929688,124.5199966430664,120.19999694824219,124.18499755859375,861375.0
2026-02-04T10:30:00-05:00,124.1500015258789,125.15499877929688,123.54000091552734,124.875,528291.0
2026-02-04T11:30:00-05:00,124.91000366210938,124.91999816894531,123.33000183105469,123.43499755859375,320878.0
2026-02-04T12:30:00-05:00,123.3949966430664,124.02999877929688,123.11000061035156,124.00499725341797,290157.0
2026-02-04T13:30:00-05:00,124.0167007446289,124.47000122070312,123.47000122070312,124.3499984741211,312342.0
2026-02-04T14:30:00-05:00,124.37000274658203,125.40499877929688,124.37000274658203,125.20999908447266,378531.0
2026-02-04T15:30:00-05:00,125.22000122070312,125.51000213623047,124.30000305175781,124.58999633789062,551302.0
2026-02-05T09:30:00-05:00,124.23999786376953,124.94000244140625,121.69000244140625,121.94999694824219,460517.0
2026-02-05T10:30:00-05:00,121.91000366210938,122.05000305175781,120.79000091552734,121.86000061035156,237846.0
2026-02-05T11:30:00-05:00,121.94999694824219,122.71499633789062,121.86499786376953,122.45999908447266,264862.0
2026-02-05T12:30:00-05:00,122.5199966430664,122.90499877929688,121.29000091552734,121.3499984741211,269087.0
2026-02-05T13:30:00-05:00,121.37999725341797,122.19499969482422,121.20999908447266,121.55999755859375,257138.0
2026-02-05T14:30:00-05:00,121.5,121.94999694824219,120.9000015258789,121.04499816894531,363887.0
2026-02-05T15:30:00-05:00,121.01000213623047,121.4000015258789,120.94999694824219,121.2699966430664,491376.0
2026-02-06T09:30:00-05:00,121.62999725341797,122.83999633789062,119.83999633789062,120.58499908447266,644863.0
2026-02-06T10:30:00-05:00,120.62999725341797,120.93000030517578,120.13999938964844,120.37999725341797,452242.0
2026-02-06T11:30:00-05:00,120.43000030517578,120.76000213623047,119.94000244140625,120.5,319170.0
2026-02-06T12:30:00-05:00,120.5250015258789,120.72000122070312,119.76000213623047,120.36000061035156,335087.0
2026-02-06T13:30:00-05:00,120.36000061035156,120.83999633789062,120.2699966430664,120.81999969482422,297979.0
2026-02-06T14:30:00-05:00,120.83000183105469,121.55000305175781,120.58499908447266,121.23999786376953,339939.0
2026-02-06T15:30:00-05:00,121.19000244140625,122.30000305175781,120.93000030517578,122.16999816894531,569738.0
2026-02-09T09:30:00-05:00,121.81999969482422,122.48999786376953,120.2699966430664,120.7300033569336,533640.0
2026-02-09T10:30:00-05:00,120.7300033569336,121.12000274658203,120.25,120.66999816894531,466012.0
2026-02-09T11:30:00-05:00,120.6500015258789,121.09159851074219,120.27999877929688,120.55500030517578,378305.0
2026-02-09T12:30:00-05:00,120.53500366210938,121.54000091552734,120.49500274658203,121.06999969482422,381788.0
2026-02-09T13:30:00-05:00,121.1500015258789,121.93000030517578,121.08000183105469,121.66999816894531,353405.0
2026-02-09T14:30:00-05:00,121.68000030517578,121.98999786376953,121.37000274658203,121.56999969482422,341983.0
2026-02-09T15:30:00-05:00,121.58000183105469,121.62999725341797,121.12999725341797,121.29000091552734,575396.0
2026-02-10T09:30:00-05:00,120.47000122070312,121.87999725341797,119.3499984741211,121.31999969482422,748614.0
2026-02-10T10:30:00-05:00,121.29000091552734,121.6404037475586,120.86000061035156,121.09500122070312,585888.0
2026-02-10T11:30:00-05:00,121.09500122070312,121.5,120.88999938964844,120.88999938964844,286219.0
2026-02-10T12:30:00-05:00,120.9000015258789,121.29000091552734,120.54000091552734,120.69000244140625,315425.0
2026-02-10T13:30:00-05:00,120.6500015258789,121.32499694824219,120.37999725341797,121.31999969482422,316669.0
2026-02-10T14:30:00-05:00,121.33999633789062,121.38999938964844,120.33999633789062,120.33999633789062,475249.0
2026-02-10T15:30:00-05:00,120.31999969482422,120.5,120.06999969482422,120.30000305175781,750102.0
2026-02-11T09:30:00-05:00,120.95500183105469,122.3499984741211,118.8949966430664,119.45600128173828,712363.0
2026-02-11T10:30:00-05:00,119.36000061035156,119.52999877929688,118.37000274658203,118.41899871826172,539413.0
2026-02-11T11:30:00-05:00,118.41000366210938,119.0999984741211,118.29000091552734,118.88999938964844,410537.0
2026-02-11T12:30:00-05:00,118.87010192871094,118.93000030517578,118.13009643554688,118.51000213623047,332959.0
2026-02-11T13:30:00-05:00,118.5199966430664,119.25299835205078,118.43000030517578,119.216796875,392361.0
2026-02-11T14:30:00-05:00,119.2249984741211,119.58999633789062,119.0199966430664,119.30000305175781,459921.0
2026-02-11T15:30:00-05:00,119.29640197753906,119.73999786376953,119.16000366210938,119.5,808997.0
2026-02-12T09:30:00-05:00,119.69999694824219,121.4800033569336,119.54000091552734,120.56999969482422,661290.0
2026-02-12T10:30:00-05:00,120.63999938964844,120.7699966430664,117.06500244140625,117.125,790837.0
2026-02-12T11:30:00-05:00,117.16999816894531,117.62000274658203,116.2300033569336,116.30000305175781,430065.0
2026-02-12T12:30:00-05:00,116.2699966430664,116.61000061035156,115.58999633789062,116.18499755859375,526532.0
2026-02-12T13:30:00-05:00,116.13999938964844,116.80999755859375,115.8499984741211,116.51000213623047,727331.0
2026-02-12T14:30:00-05:00,116.54499816894531,117.08999633789062,116.12999725341797,116.1449966430664,985490.0
2026-02-12T15:30:00-05:00,116.1500015258789,116.20999908447266,115.53009796142578,115.95999908447266,1216972.0
2026-02-13T09:30:00-05:00,126.46499633789062,127.01000213623047,120.16000366210938,121.38999938964844,2593071.0
2026-02-13T10:30:00-05:00,121.5199966430664,123.06999969482422,119.68499755859375,120.61000061035156,888998.0
2026-02-13T11:30:00-05:00,120.72000122070312,122.0,120.23500061035156,120.59500122070312,682278.0
2026-02-13T12:30:00-05:00,120.62999725341797,121.91999816894531,120.58999633789062,121.7699966430664,499505.0
2026-02-13T13:30:00-05:00,121.68000030517578,122.94000244140625,121.54000091552734,122.26000213623047,627201.0
2026-02-13T14:30:00-05:00,122.21499633789062,122.7699966430664,120.58000183105469,120.83999633789062,655943.0
2026-02-13T15:30:00-05:00,120.87000274658203,121.43000030517578,120.5199966430664,121.37000274658203,866375.0
2026-02-17T09:30:00-05:00,122.20999908447266,127.5999984741211,122.08000183105469,124.08999633789062,1281921.0
2026-02-17T10:30:00-05:00,124.16500091552734,126.70999908447266,123.9000015258789,126.37000274658203,579266.0
2026-02-17T11:30:00-05:00,126.36499786376953,126.8499984741211,125.5999984741211,126.72000122070312,426074.0
2026-02-17T12:30:00-05:00,126.72000122070312,126.72000122070312,125.61000061035156,126.23999786376953,332149.0
2026-02-17T13:30:00-05:00,126.2699966430664,126.5999984741211,125.30000305175781,125.4800033569336,338442.0
2026-02-17T14:30:00-05:00,125.45010375976562,126.09989929199219,124.4000015258789,124.48999786376953,420739.0
2026-02-17T15:30:00-05:00,124.44000244140625,124.5,123.66999816894531,124.22000122070312,2355632.0
2026-02-18T09:30:00-05:00,124.33000183105469,125.4800033569336,122.5000991821289,124.81199645996094,575187.0
2026-02-18T10:30:00-05:00,124.80999755859375,125.19000244140625,124.42500305175781,124.77999877929688,300608.0
2026-02-18T11:30:00-05:00,124.79000091552734,126.0199966430664,124.79000091552734,125.4800033569336,352054.0
2026-02-18T12:30:00-05:00,125.50309753417969,125.62000274658203,124.9999008178711,125.23999786376953,193632.0
2026-02-18T13:30:00-05:00,125.2699966430664,125.27999877929688,124.33499908447266,124.33499908447266,361372.0
2026-02-18T14:30:00-05:00,124.41999816894531,124.41999816894531,123.70500183105469,124.04000091552734,309336.0
2026-02-18T15:30:00-05:00,124.05000305175781,124.6500015258789,124.05000305175781,124.2699966430664,607915.0
2026-02-19T09:30:00-05:00,123.80000305175781,125.12999725341797,122.66999816894531,123.56999969482422,1001685.0
2026-02-19T10:30:00-05:00,123.62000274658203,124.29499816894531,123.15499877929688,123.80000305175781,285353.0
2026-02-19T11:30:00-05:00,123.80999755859375,124.61499786376953,123.69000244140625,124.4000015258789,263568.0
2026-02-19T12:30:00-05:00,124.39939880371094,124.4800033569336,123.84249877929688,124.19999694824219,254554.0
2026-02-19T13:30:00-05:00,124.19999694824219,124.4800033569336,123.66999816894531,124.3499984741211,293753.0
2026-02-19T14:30:00-05:00,124.37999725341797,125.48999786376953,124.28500366210938,125.32499694824219,460574.0
2026-02-19T15:30:00-05:00,125.31500244140625,126.04000091552734,125.18000030517578,125.80000305175781,788020.0
2026-02-20T09:30:00-05:00,124.80349731445312,126.88999938964844,124.0999984741211,125.71499633789062,930047.0
2026-02-20T10:30:00-05:00,125.71499633789062,126.27999877929688,125.27999877929688,125.32499694824219,374205.0
2026-02-20T11:30:00-05:00,125.32499694824219,126.77999877929688,125.29000091552734,126.48999786376953,501698.0
2026-02-20T12:30:00-05:00,126.48999786376953,127.63999938964844,126.41500091552734,127.18000030517578,536191.0
2026-02-20T13:30:00-05:00,127.1449966430664,127.93000030517578,126.87000274658203,127.3949966430664,476938.0
2026-02-20T14:30:00-05:00,127.41000366210938,127.75,127.09500122070312,127.18000030517578,336678.0
2026-02-20T15:30:00-05:00,127.19999694824219,127.93000030517578,126.9800033569336,127.87000274658203,662012.0
2026-02-23T09:30:00-05:00,126.94999694824219,128.14999389648438,120.94999694824219,121.56999969482422,1026648.0
2026-02-23T10:30:00-05:00,121.52999877929688,121.62000274658203,120.0,120.68000030517578,608297.0
2026-02-23T11:30:00-05:00,120.62000274658203,120.72000122070312,119.94000244140625,120.3550033569336,373219.0
2026-02-23T12:30:00-05:00,120.41000366210938,122.37000274658203,120.37999725341797,122.29000091552734,396522.0
2026-02-23T13:30:00-05:00,122.26000213623047,122.41500091552734,121.79000091552734,122.05000305175781,287513.0
2026-02-23T14:30:00-05:00,122.06500244140625,122.3832015991211,121.87000274658203,122.3208999633789,358172.0
2026-02-23T15:30:00-05:00,122.31999969482422,123.0,122.25,122.9800033569336,688689.0
2026-02-24T09:30:00-05:00,124.0,127.69999694824219,123.7699966430664,125.19999694824219,823910.0
2026-02-24T10:30:00-05:00,125.19000244140625,125.87999725341797,124.78009796142578,125.7699966430664,425143.0
2026-02-24T11:30:00-05:00,125.7699966430664,126.5199966430664,125.36000061035156,125.86000061035156,227976.0
2026-02-24T12:30:00-05:00,125.86000061035156,126.31999969482422,125.55999755859375,126.00569915771484,209874.0
2026-02-24T13:30:00-05:00,125.98999786376953,126.56999969482422,125.68000030517578,125.9800033569336,1029430.0
2026-02-24T14:30:00-05:00,125.95999908447266,126.41000366210938,125.48999786376953,125.48999786376953,0.0
2026-02-24T15:30:00-05:00,125.47000122070312,125.9000015258789,125.44999694824219,125.6500015258789,456527.0
2026-02-25T09:30:00-05:00,126.5,129.17999267578125,125.82319641113281,129.00999450683594,656498.0
2026-02-25T10:30:00-05:00,129.03500366210938,130.64999389648438,128.9300994873047,130.64999389648438,711275.0
2026-02-25T11:30:00-05:00,130.7100067138672,131.7899932861328,130.6199951171875,131.35000610351562,591916.0
2026-02-25T12:30:00-05:00,131.3699951171875,131.92999267578125,131.11000061035156,131.625,351270.0
2026-02-25T13:30:00-05:00,131.625,131.9600067138672,131.0500030517578,131.75,492267.0
2026-02-25T14:30:00-05:00,131.76499938964844,132.10499572753906,131.3800048828125,131.82000732421875,854601.0
2026-02-25T15:30:00-05:00,131.76499938964844,132.1199951171875,131.44000244140625,132.02000427246094,778398.0
2026-02-26T09:30:00-05:00,132.6750030517578,136.69000244140625,132.6750030517578,135.97999572753906,898097.0
2026-02-26T10:30:00-05:00,135.97999572753906,137.47999572753906,135.25,136.66000366210938,710388.0
2026-02-26T11:30:00-05:00,136.73500061035156,136.9499969482422,135.80999755859375,136.3800048828125,469068.0
2026-02-26T12:30:00-05:00,136.39999389648438,136.4499969482422,135.0800018310547,135.4600067138672,391879.0
2026-02-26T13:30:00-05:00,135.47000122070312,136.60000610351562,135.4550018310547,136.0,349261.0
2026-02-26T14:30:00-05:00,136.02000427246094,136.8800048828125,135.94000244140625,136.5800018310547,504931.0
2026-02-26T15:30:00-05:00,136.59620666503906,137.1999969482422,136.4600067138672,136.94000244140625,748854.0
2026-02-27T09:30:00-05:00,134.42999267578125,136.97000122070312,133.97669982910156,136.58999633789062,479798.0
2026-02-27T10:30:00-05:00,136.6300048828125,136.94000244140625,135.97999572753906,136.1199951171875,352734.0
2026-02-27T11:30:00-05:00,136.05340576171875,136.38999938964844,134.3699951171875,134.4499969482422,383489.0
2026-02-27T12:30:00-05:00,134.5500030517578,135.05999755859375,134.22999572753906,134.46839904785156,252059.0
2026-02-27T13:30:00-05:00,134.39999389648438,134.7949981689453,133.64999389648438,133.72000122070312,279943.0
2026-02-27T14:30:00-05:00,133.72999572753906,134.77000427246094,133.58999633789062,134.3699951171875,391469.0
2026-02-27T15:30:00-05:00,134.38499450683594,135.30999755859375,133.89230346679688,135.11000061035156,953655.0
2026-03-02T09:30:00-05:00,129.5,132.3300018310547,128.58999633789062,132.02999877929688,819225.0
2026-03-02T10:30:00-05:00,132.05999755859375,132.8800048828125,131.13499450683594,131.47000122070312,351586.0
2026-03-02T11:30:00-05:00,131.47000122070312,133.10000610351562,131.4499969482422,132.6300048828125,316541.0
2026-03-02T12:30:00-05:00,132.5800018310547,133.31500244140625,132.47000122070312,133.07000732421875,232229.0
2026-03-02T13:30:00-05:00,133.10499572753906,134.2449951171875,132.9199981689453,134.1999969482422,409310.0
2026-03-02T14:30:00-05:00,134.19000244140625,134.4499969482422,133.5800018310547,133.69000244140625,1271057.0
2026-03-02T15:30:00-05:00,133.64999389648438,133.80999755859375,133.17999267578125,133.25999450683594,698696.0
2026-03-03T09:30:00-05:00,131.89999389648438,133.6999053955078,129.64999389648438,129.9550018310547,654857.0
2026-03-03T10:30:00-05:00,129.9949951171875,131.4250030517578,129.4600067138672,131.1999969482422,393926.0
2026-03-03T11:30:00-05:00,131.10000610351562,132.07000732421875,130.8800048828125,131.9499969482422,301580.0
2026-03-03T12:30:00-05:00,131.92010498046875,132.4499969482422,131.39999389648438,132.36000061035156,240458.0
2026-03-03T13:30:00-05:00,132.36000061035156,133.77000427246094,132.3300018310547,133.2100067138672,358059.0
2026-03-03T14:30:00-05:00,133.33999633789062,134.3000030517578,132.77999877929688,132.9199981689453,453297.0
2026-03-03T15:30:00-05:00,132.96499633789062,133.1699981689453,132.58999633789062,133.0399932861328,681046.0
2026-03-04T09:30:00-05:00,133.25999450683594,137.0,133.15499877929688,136.91000366210938,751869.0
2026-03-04T10:30:00-05:00,136.8699951171875,137.93499755859375,136.6649932861328,137.6199951171875,809276.0
2026-03-04T11:30:00-05:00,137.6199951171875,137.72000122070312,136.22999572753906,136.32000732421875,325490.0
2026-03-04T12:30:00-05:00,136.35000610351562,136.84750366210938,136.13999938964844,136.35000610351562,240428.0
2026-03-04T13:30:00-05:00,136.42999267578125,136.97000122070312,135.97999572753906,136.02999877929688,342488.0
2026-03-04T14:30:00-05:00,136.0,136.27999877929688,135.80999755859375,135.9499969482422,294325.0
2026-03-04T15:30:00-05:00,135.94500732421875,136.27999877929688,135.47000122070312,135.5399932861328,765522.0
2026-03-05T09:30:00-05:00,135.72999572753906,139.0,135.72999572753906,136.2050018310547,1436935.0
2026-03-05T10:30:00-05:00,136.2100067138672,136.35989379882812,134.52000427246094,135.3022003173828,851641.0
2026-03-05T11:30:00-05:00,135.27999877929688,136.4199981689453,135.17999267578125,136.02000427246094,473257.0
2026-03-05T12:30:00-05:00,135.99400329589844,136.1199951171875,134.92999267578125,135.34500122070312,490547.0
2026-03-05T13:30:00-05:00,135.3800048828125,135.8925018310547,134.92999267578125,135.6300048828125,406828.0
2026-03-05T14:30:00-05:00,135.6300048828125,136.0,135.13999938964844,135.60000610351562,491027.0
2026-03-05T15:30:00-05:00,135.5399932861328,135.90499877929688,135.36000061035156,135.8560028076172,670775.0
2026-03-06T09:30:00-05:00,133.88999938964844,133.89999389648438,130.97500610351562,131.97999572753906,584622.0
2026-03-06T10:30:00-05:00,131.97000122070312,133.75999450683594,131.97000122070312,132.74200439453125,467088.0
2026-03-06T11:30:00-05:00,132.6199951171875,133.5399932861328,132.38009643554688,132.75999450683594,320286.0
2026-03-06T12:30:00-05:00,132.75999450683594,133.4499969482422,132.4199981689453,132.60000610351562,300662.0
2026-03-06T13:30:00-05:00,132.59500122070312,133.49989318847656,132.52000427246094,133.4199981689453,443954.0
2026-03-06T14:30:00-05:00,133.35000610351562,133.8155059814453,133.19000244140625,133.5050048828125,412042.0
2026-03-06T15:30:00-05:00,133.4949951171875,133.82000732421875,133.0399932861328,133.24000549316406,1017855.0
2026-03-09T09:30:00-04:00,131.42999267578125,131.58999633789062,128.36500549316406,128.88999938964844,615377.0
2026-03-09T10:30:00-04:00,128.83999633789062,131.0399932861328,128.83999633789062,130.98500061035156,392232.0
2026-03-09T11:30:00-04:00,130.97999572753906,131.10000610351562,130.44000244140625,130.82000732421875,309569.0
2026-03-09T12:30:00-04:00,130.8350067138672,131.74000549316406,130.74000549316406,130.89999389648438,259560.0
2026-03-09T13:30:00-04:00,130.9199981689453,131.52000427246094,130.69000244140625,131.4600067138672,285862.0
2026-03-09T14:30:00-04:00,131.4600067138672,133.27999877929688,131.22999572753906,133.2550048828125,486806.0
2026-03-09T15:30:00-04:00,133.2550048828125,134.3000030517578,133.11000061035156,134.02000427246094,785766.0
2026-03-10T09:30:00-04:00,133.61000061035156,134.3000030517578,130.0749969482422,131.85000610351562,556480.0
2026-03-10T10:30:00-04:00,131.8000030517578,133.0399932861328,131.8000030517578,132.375,264979.0
2026-03-10T11:30:00-04:00,132.41000366210938,132.86000061035156,131.94000244140625,132.86000061035156,240316.0
2026-03-10T12:30:00-04:00,132.8699951171875,134.5500030517578,132.8699951171875,134.39999389648438,445665.0
2026-03-10T13:30:00-04:00,134.4600067138672,134.5800018310547,132.52499389648438,132.97500610351562,395476.0
2026-03-10T14:30:00-04:00,133.02000427246094,133.30999755859375,132.5500030517578,132.64500427246094,397657.0
2026-03-10T15:30:00-04:00,132.6114959716797,132.75999450683594,132.19000244140625,132.39999389648438,607454.0
2026-03-11T09:30:00-04:00,132.8699951171875,134.39999389648438,132.2899932861328,132.49000549316406,336124.0
2026-03-11T10:30:00-04:00,132.52000427246094,133.64999389648438,132.0,132.29150390625,204588.0
2026-03-11T11:30:00-04:00,132.08999633789062,132.1999053955078,131.52000427246094,131.82000732421875,177544.0
2026-03-11T12:30:00-04:00,131.89999389648438,132.60499572753906,131.7899932861328,132.5,146974.0
2026-03-11T13:30:00-04:00,132.5,132.5,131.62730407714844,132.2899932861328,259582.0
2026-03-11T14:30:00-04:00,132.30999755859375,133.2100067138672,132.2899932861328,133.19000244140625,264622.0
2026-03-11T15:30:00-04:00,133.2100067138672,133.60000610351562,133.16000366210938,133.4199981689453,323581.0
2026-03-12T09:30:00-04:00,132.4499969482422,133.24000549316406,130.65499877929688,130.7449951171875,408773.0
2026-03-12T10:30:00-04:00,130.72000122070312,130.9199981689453,128.52999877929688,128.52999877929688,396460.0
2026-03-12T11:30:00-04:00,128.49000549316406,128.5399932861328,126.11499786376953,126.44999694824219,605051.0
2026-03-12T12:30:00-04:00,126.5199966430664,128.55250549316406,126.17500305175781,127.74500274658203,480285.0
2026-03-12T13:30:00-04:00,127.77999877929688,128.17999267578125,127.08000183105469,127.38999938964844,384605.0
2026-03-12T14:30:00-04:00,127.41500091552734,127.86000061035156,127.06500244140625,127.0999984741211,475879.0
2026-03-12T15:30:00-04:00,127.16999816894531,127.7699966430664,127.01000213623047,127.69999694824219,761662.0
2026-03-13T09:30:00-04:00,127.2300033569336,129.47000122070312,127.2300033569336,127.98500061035156,579796.0
2026-03-13T10:30:00-04:00,128.00999450683594,128.49000549316406,126.56999969482422,126.9000015258789,390164.0
2026-03-13T11:30:00-04:00,126.91380310058594,127.09500122070312,126.08000183105469,126.5199966430664,313956.0
2026-03-13T12:30:00-04:00,126.5,126.83999633789062,125.75,126.54499816894531,203995.0
2026-03-13T13:30:00-04:00,126.54499816894531,126.57659912109375,125.62000274658203,126.17340087890625,191171.0
2026-03-13T14:30:00-04:00,126.2300033569336,126.51000213623047,126.19999694824219,126.23999786376953,201137.0
2026-03-13T15:30:00-04:00,126.28990173339844,126.43560028076172,125.94999694824219,126.30999755859375,400547.0
2026-03-16T09:30:00-04:00,127.19999694824219,129.23500061035156,126.91000366210938,128.35000610351562,430017.0
2026-03-16T10:30:00-04:00,128.22999572753906,128.77000427246094,127.5999984741211,128.30999755859375,406166.0
2026-03-16T11:30:00-04:00,128.3699951171875,128.82000732421875,128.0,128.14999389648438,175693.0
2026-03-16T12:30:00-04:00,128.14999389648438,128.65499877929688,128.05999755859375,128.25999450683594,133932.0
2026-03-16T13:30:00-04:00,128.25,128.33999633789062,127.52010345458984,128.2550048828125,162109.0
2026-03-16T14:30:00-04:00,128.2899932861328,128.72500610351562,128.17999267578125,128.30999755859375,154921.0
2026-03-16T15:30:00-04:00,128.30999755859375,128.5,128.0449981689453,128.30499267578125,967216.0
2026-03-17T09:30:00-04:00,129.60000610351562,133.5399932861328,129.5500030517578,132.0,360410.0
2026-03-17T10:30:00-04:00,132.0500030517578,132.4199981689453,131.77000427246094,132.11000061035156,156194.0
2026-03-17T11:30:00-04:00,132.10000610351562,132.47999572753906,131.8800048828125,132.0749969482422,155493.0
2026-03-17T12:30:00-04:00,132.10499572753906,132.9499969482422,131.84869384765625,132.8800048828125,156078.0
2026-03-17T13:30:00-04:00,132.8699951171875,132.92999267578125,131.77999877929688,131.8800048828125,148522.0
2026-03-17T14:30:00-04:00,131.75999450683594,132.0500030517578,131.5500030517578,131.89999389648438,174026.0
2026-03-17T15:30:00-04:00,131.89999389648438,132.19000244140625,131.77000427246094,131.9499969482422,362018.0
2026-03-18T09:30:00-04:00,131.1999969482422,134.0,131.10000610351562,132.8800048828125,406573.0
2026-03-18T10:30:00-04:00,132.8800048828125,133.74000549316406,132.8300018310547,133.38999938964844,213934.0
2026-03-18T11:30:00-04:00,133.3699951171875,133.5500030517578,133.04010009765625,133.1199951171875,136782.0
2026-03-18T12:30:00-04:00,133.00999450683594,133.2301025390625,132.44000244140625,132.74000549316406,163053.0
2026-03-18T13:30:00-04:00,132.7050018310547,132.99000549316406,131.77000427246094,132.1383056640625,185173.0
2026-03-18T14:30:00-04:00,132.01499938964844,132.47000122070312,131.74000549316406,131.80999755859375,245274.0
2026-03-18T15:30:00-04:00,131.8300018310547,131.97000122070312,130.99000549316406,131.1300048828125,353005.0
2026-03-19T09:30:00-04:00,129.9499969482422,131.3699951171875,129.25,129.49000549316406,416711.0
2026-03-19T10:30:00-04:00,129.5449981689453,130.42999267578125,129.27999877929688,129.50999450683594,179752.0
2026-03-19T11:30:00-04:00,129.52000427246094,129.88999938964844,128.89999389648438,129.47999572753906,163622.0
2026-03-19T12:30:00-04:00,129.47500610351562,129.94500732421875,128.75999450683594,129.33999633789062,184332.0
2026-03-19T13:30:00-04:00,129.3800048828125,129.97000122070312,129.0749969482422,129.42210388183594,313359.0
2026-03-19T14:30:00-04:00,129.3699951171875,131.39999389648438,129.33120727539062,130.6699981689453,305604.0
2026-03-19T15:30:00-04:00,130.72000122070312,131.0500030517578,130.5399932861328,130.7899932861328,413364.0
2026-03-20T09:30:00-04:00,130.16000366210938,130.7100067138672,128.1999969482422,130.32000732421875,805850.0
2026-03-20T10:30:00-04:00,130.38999938964844,130.52999877929688,129.25,129.3699951171875,224932.0
2026-03-20T11:30:00-04:00,129.47000122070312,129.69000244140625,128.8800048828125,128.91000366210938,199055.0
2026-03-20T12:30:00-04:00,128.88999938964844,129.19000244140625,128.63999938964844,129.02000427246094,183007.0
2026-03-20T13:30:00-04:00,129.05999755859375,129.1199951171875,128.25999450683594,128.35000610351562,253734.0
2026-03-20T14:30:00-04:00,128.35000610351562,128.5800018310547,127.91000366210938,128.43499755859375,362373.0
2026-03-20T15:30:00-04:00,128.43499755859375,128.57000732421875,127.69999694824219,128.5399932861328,568567.0
2026-03-23T09:30:00-04:00,130.2899932861328,133.8300018310547,130.0,133.1300048828125,566909.0
2026-03-23T10:30:00-04:00,133.0800018310547,134.02999877929688,132.6199951171875,132.9550018310547,336501.0
2026-03-23T11:30:00-04:00,133.00999450683594,133.2899932861328,131.4199981689453,131.84359741210938,366422.0
2026-03-23T12:30:00-04:00,131.88999938964844,132.35499572753906,131.78500366210938,132.25,212328.0
2026-03-23T13:30:00-04:00,132.2550048828125,133.30999755859375,132.25,132.89500427246094,283937.0
2026-03-23T14:30:00-04:00,132.9600067138672,133.22000122070312,132.625,132.7899932861328,340125.0
2026-03-23T15:30:00-04:00,132.80999755859375,133.15499877929688,132.52499389648438,132.60000610351562,542946.0
2026-03-24T09:30:00-04:00,132.1999969482422,132.1999969482422,129.52000427246094,129.64999389648438,346238.0
2026-03-24T10:30:00-04:00,129.5800018310547,130.77999877929688,128.5,130.47500610351562,414657.0
2026-03-24T11:30:00-04:00,130.52999877929688,130.96499633789062,129.94500732421875,130.86000061035156,179132.0
2026-03-24T12:30:00-04:00,130.89999389648438,131.0,128.4199981689453,129.0749969482422,285705.0
2026-03-24T13:30:00-04:00,129.09500122070312,129.89999389648438,128.99630737304688,129.86000061035156,223558.0
2026-03-24T14:30:00-04:00,129.77999877929688,131.20249938964844,129.72000122070312,130.75999450683594,334655.0
2026-03-24T15:30:00-04:00,130.75999450683594,130.75999450683594,129.82000732421875,129.99000549316406,482143.0
2026-03-25T09:30:00-04:00,130.89999389648438,132.88499450683594,130.88999938964844,132.281005859375,348157.0
2026-03-25T10:30:00-04:00,132.27999877929688,132.93499755859375,129.88999938964844,131.0850067138672,261964.0
2026-03-25T11:30:00-04:00,131.0800018310547,131.60000610351562,130.41000366210938,131.55999755859375,227889.0
2026-03-25T12:30:00-04:00,131.61000061035156,132.1300048828125,131.44000244140625,131.99000549316406,198472.0
2026-03-25T13:30:00-04:00,132.0,132.2947998046875,131.5,131.67999267578125,202065.0
2026-03-25T14:30:00-04:00,131.68190002441406,132.1999969482422,131.68190002441406,131.84500122070312,284741.0
2026-03-25T15:30:00-04:00,131.8699951171875,132.1199951171875,131.6699981689453,131.8300018310547,524031.0
2026-03-26T09:30:00-04:00,131.88999938964844,134.8300018310547,131.125,133.58999633789062,611220.0
2026-03-26T10:30:00-04:00,133.7449951171875,133.85499572753906,133.02999877929688,133.35000610351562,286215.0
2026-03-26T11:30:00-04:00,133.30999755859375,133.5,131.52000427246094,131.75,202547.0
2026-03-26T12:30:00-04:00,131.67999267578125,131.8300018310547,130.8000030517578,130.8699951171875,241923.0
2026-03-26T13:30:00-04:00,130.82000732421875,130.94000244140625,130.3800048828125,130.46499633789062,364825.0
2026-03-26T14:30:00-04:00,130.4600067138672,131.0800018310547,130.44000244140625,131.0800018310547,331918.0
2026-03-26T15:30:00-04:00,131.05999755859375,131.2550048828125,130.7899932861328,131.11000061035156,583092.0
2026-03-27T09:30:00-04:00,129.22000122070312,129.9149932861328,124.83999633789062,125.9800033569336,639640.0
2026-03-27T10:30:00-04:00,126.08000183105469,126.30999755859375,124.55000305175781,125.01000213623047,461430.0
2026-03-27T11:30:00-04:00,124.95999908447266,125.33999633789062,124.02999877929688,124.20999908447266,319558.0
2026-03-27T12:30:00-04:00,124.13999938964844,124.38999938964844,123.41000366210938,123.72000122070312,360047.0
2026-03-27T13:30:00-04:00,123.7699966430664,123.7750015258789,122.45999908447266,122.80000305175781,407034.0
2026-03-27T14:30:00-04:00,122.97000122070312,123.18000030517578,122.51000213623047,122.9800033569336,499790.0
2026-03-27T15:30:00-04:00,122.9800033569336,123.1500015258789,122.56999969482422,122.81999969482422,742248.0
2026-03-30T09:30:00-04:00,123.91000366210938,126.05999755859375,123.75,124.4800033569336,582276.0
2026-03-30T10:30:00-04:00,124.56999969482422,125.33999633789062,124.0199966430664,124.81999969482422,305929.0
2026-03-30T11:30:00-04:00,124.7300033569336,125.5,124.66000366210938,124.93150329589844,185443.0
2026-03-30T12:30:00-04:00,124.94999694824219,125.12000274658203,123.9000015258789,124.08999633789062,204511.0
2026-03-30T13:30:00-04:00,124.0199966430664,124.16999816894531,122.99500274658203,123.00309753417969,271326.0
2026-03-30T14:30:00-04:00,122.95500183105469,123.41500091552734,122.88009643554688,123.06500244140625,249818.0
2026-03-30T15:30:00-04:00,123.06500244140625,123.29499816894531,122.83499908447266,123.08999633789062,532385.0
2026-03-31T09:30:00-04:00,125.06999969482422,125.8949966430664,123.66999816894531,124.23999786376953,378541.0
2026-03-31T10:30:00-04:00,124.23500061035156,124.47000122070312,123.16500091552734,123.98999786376953,310414.0
2026-03-31T11:30:00-04:00,123.91000366210938,124.5999984741211,123.63999938964844,124.08000183105469,191186.0
2026-03-31T12:30:00-04:00,124.04000091552734,127.05500030517578,123.83000183105469,126.3499984741211,493989.0
2026-03-31T13:30:00-04:00,126.3499984741211,126.6500015258789,125.83000183105469,126.33989715576172,253977.0
2026-03-31T14:30:00-04:00,126.25499725341797,126.6449966430664,125.87999725341797,126.37750244140625,345801.0
2026-03-31T15:30:00-04:00,126.36499786376953,126.86000061035156,126.06999969482422,126.22000122070312,637435.0
2026-04-01T09:30:00-04:00,126.38999938964844,127.5,122.87000274658203,126.72000122070312,466640.0
2026-04-01T10:30:00-04:00,126.86000061035156,127.27999877929688,126.37999725341797,126.66999816894531,350497.0
2026-04-01T11:30:00-04:00,126.66999816894531,127.05999755859375,126.5999984741211,126.77999877929688,225632.0
2026-04-01T12:30:00-04:00,126.8499984741211,126.8499984741211,126.33000183105469,126.4800033569336,230057.0
2026-04-01T13:30:00-04:00,126.41000366210938,126.49500274658203,125.33000183105469,125.52999877929688,245876.0
2026-04-01T14:30:00-04:00,125.52999877929688,125.62000274658203,124.5999984741211,125.22000122070312,424262.0
2026-04-01T15:30:00-04:00,125.20059967041016,125.62000274658203,125.05000305175781,125.19000244140625,497955.0
2026-04-02T09:30:00-04:00,122.79000091552734,123.33999633789062,121.51000213623047,122.73999786376953,517074.0
2026-04-02T10:30:00-04:00,122.73999786376953,126.16999816894531,122.73999786376953,125.0999984741211,644159.0
2026-04-02T11:30:00-04:00,125.1449966430664,125.51000213623047,124.56500244140625,124.66500091552734,231776.0
2026-04-02T12:30:00-04:00,124.66500091552734,125.47000122070312,124.41999816894531,124.91999816894531,189715.0
2026-04-02T13:30:00-04:00,124.91000366210938,124.98999786376953,124.22000122070312,124.36499786376953,263898.0
2026-04-02T14:30:00-04:00,124.36499786376953,124.95999908447266,124.31500244140625,124.83000183105469,237923.0
2026-04-02T15:30:00-04:00,124.80000305175781,125.05000305175781,124.69999694824219,124.91999816894531,532113.0
2026-04-06T09:30:00-04:00,124.70999908447266,127.24500274658203,124.27999877929688,126.2750015258789,394628.0
2026-04-06T10:30:00-04:00,126.3499984741211,126.56999969482422,125.16000366210938,125.23500061035156,293884.0
2026-04-06T11:30:00-04:00,125.22000122070312,126.12000274658203,125.11000061035156,125.96499633789062,238448.0
2026-04-06T12:30:00-04:00,125.9749984741211,126.3499984741211,125.36000061035156,126.06999969482422,288520.0
2026-04-06T13:30:00-04:00,126.0199966430664,126.75,125.84100341796875,126.69000244140625,241668.0
2026-04-06T14:30:00-04:00,126.72000122070312,126.86900329589844,126.48999786376953,126.63249969482422,229518.0
2026-04-06T15:30:00-04:00,126.6500015258789,126.94999694824219,126.58999633789062,126.83999633789062,433218.0
2026-04-07T09:30:00-04:00,126.20999908447266,126.80999755859375,124.30000305175781,125.55999755859375,339924.0
2026-04-07T10:30:00-04:00,125.44000244140625,125.6500015258789,123.77999877929688,124.56999969482422,306925.0
2026-04-07T11:30:00-04:00,124.66000366210938,126.19000244140625,124.54000091552734,125.0999984741211,266196.0
2026-04-07T12:30:00-04:00,124.91500091552734,125.19989776611328,124.5,124.55000305175781,218798.0
2026-04-07T13:30:00-04:00,124.62999725341797,125.20999908447266,124.30000305175781,124.32499694824219,227207.0
2026-04-07T14:30:00-04:00,124.33000183105469,124.72000122070312,123.41000366210938,124.4000015258789,402332.0
2026-04-07T15:30:00-04:00,124.4000015258789,125.02999877929688,123.91999816894531,124.95999908447266,431364.0
2026-04-08T09:30:00-04:00,130.99000549316406,134.25999450683594,130.49000549316406,132.9600067138672,675465.0
2026-04-08T10:30:00-04:00,133.02499389648438,133.58999633789062,132.47999572753906,133.3800048828125,448375.0
2026-04-08T11:30:00-04:00,133.5050048828125,133.81500244140625,133.10000610351562,133.39999389648438,328296.0
2026-04-08T12:30:00-04:00,133.40499877929688,133.77999877929688,132.83999633789062,133.0500030517578,249256.0
2026-04-08T13:30:00-04:00,133.1300048828125,133.1999969482422,131.94000244140625,132.3300018310547,311962.0
2026-04-08T14:30:00-04:00,132.33999633789062,132.51010131835938,131.14999389648438,131.3800048828125,384543.0
2026-04-08T15:30:00-04:00,131.375,131.74000549316406,130.82000732421875,131.4600067138672,665827.0
2026-04-09T09:30:00-04:00,130.8800048828125,130.9600067138672,127.2300033569336,127.48500061035156,527566.0
2026-04-09T10:30:00-04:00,127.54000091552734,127.77999877929688,127.0,127.06500244140625,345922.0
2026-04-09T11:30:00-04:00,127.0,130.52999877929688,126.80000305175781,130.16000366210938,748060.0
2026-04-09T12:30:00-04:00,130.16000366210938,130.58999633789062,129.88499450683594,130.4250030517578,288065.0
2026-04-09T13:30:00-04:00,130.4250030517578,130.4250030517578,129.0800018310547,129.19000244140625,262846.0
2026-04-09T14:30:00-04:00,129.24000549316406,129.4250030517578,128.6300048828125,129.30999755859375,330340.0
2026-04-09T15:30:00-04:00,129.33999633789062,129.39999389648438,128.86000061035156,129.14999389648438,563262.0
2026-04-10T09:30:00-04:00,129.36000061035156,130.53500366210938,124.83499908447266,127.76000213623047,543890.0
2026-04-10T10:30:00-04:00,127.81999969482422,128.875,126.80999755859375,127.16999816894531,500360.0
2026-04-10T11:30:00-04:00,127.16500091552734,127.95999908447266,126.96009826660156,127.56999969482422,302295.0
2026-04-10T12:30:00-04:00,127.5999984741211,127.69999694824219,126.97000122070312,127.5999984741211,195496.0
2026-04-10T13:30:00-04:00,127.55500030517578,127.81999969482422,127.24009704589844,127.75,355737.0
2026-04-10T14:30:00-04:00,127.76000213623047,128.3000030517578,127.47350311279297,128.21499633789062,281279.0
2026-04-10T15:30:00-04:00,128.22000122070312,128.97999572753906,128.10000610351562,128.9600067138672,632487.0
2026-04-13T09:30:00-04:00,127.375,129.61000061035156,125.36000061035156,129.4550018310547,571307.0
2026-04-13T10:30:00-04:00,129.47000122070312,129.67999267578125,128.81930541992188,129.10000610351562,253042.0
2026-04-13T11:30:00-04:00,129.0500030517578,130.38999938964844,128.94000244140625,130.3800048828125,248963.0
2026-04-13T12:30:00-04:00,130.33999633789062,130.64999389648438,129.51499938964844,130.43499755859375,318141.0
2026-04-13T13:30:00-04:00,130.43499755859375,130.57749938964844,130.11000061035156,130.27499389648438,245369.0
2026-04-13T14:30:00-04:00,130.25,130.42999267578125,129.83999633789062,130.02000427246094,345220.0
2026-04-13T15:30:00-04:00,130.02000427246094,130.4600067138672,129.94000244140625,130.30999755859375,516212.0
2026-04-14T09:30:00-04:00,130.64999389648438,133.67999267578125,130.47000122070312,133.67999267578125,450037.0
2026-04-14T10:30:00-04:00,133.61000061035156,134.55999755859375,133.61000061035156,134.4199981689453,302817.0
2026-04-14T11:30:00-04:00,134.4250030517578,134.66000366210938,133.99119567871094,134.32000732421875,253586.0
2026-04-14T12:30:00-04:00,134.32000732421875,134.3800048828125,133.69000244140625,133.94000244140625,196002.0
2026-04-14T13:30:00-04:00,133.9250030517578,134.40499877929688,133.57000732421875,133.86500549316406,193056.0
2026-04-14T14:30:00-04:00,133.8699951171875,134.07249450683594,133.7100067138672,133.77999877929688,236273.0
2026-04-14T15:30:00-04:00,133.80499267578125,133.9199981689453,133.64999389648438,133.8300018310547,546210.0
2026-04-15T09:30:00-04:00,134.5399932861328,136.52999877929688,134.10000610351562,136.0399932861328,589090.0
2026-04-15T10:30:00-04:00,136.08999633789062,137.15989685058594,136.0,137.00979614257812,307041.0
2026-04-15T11:30:00-04:00,137.0500030517578,137.35000610351562,136.63999938964844,137.3350067138672,289758.0
2026-04-15T12:30:00-04:00,137.3249969482422,137.94500732421875,136.8300018310547,137.71499633789062,341867.0
2026-04-15T13:30:00-04:00,137.74000549316406,138.00999450683594,137.58999633789062,137.65499877929688,265983.0
2026-04-15T14:30:00-04:00,137.65499877929688,138.0399932861328,137.4199981689453,137.6999969482422,304039.0
2026-04-15T15:30:00-04:00,137.67999267578125,137.85000610351562,137.44000244140625,137.50999450683594,659971.0
2026-04-16T09:30:00-04:00,138.97000122070312,139.9499969482422,137.34500122070312,137.77000427246094,377555.0
2026-04-16T10:30:00-04:00,137.77000427246094,138.35000610351562,137.64500427246094,138.09500122070312,242691.0
2026-04-16T11:30:00-04:00,138.0399932861328,138.5749969482422,138.0399932861328,138.19500732421875,253890.0
2026-04-16T12:30:00-04:00,138.25,138.25,137.0800018310547,137.39999389648438,239473.0
2026-04-16T13:30:00-04:00,137.44500732421875,137.9550018310547,136.94500732421875,136.9499969482422,253637.0
2026-04-16T14:30:00-04:00,136.99000549316406,137.72500610351562,136.98500061035156,137.55999755859375,265991.0
2026-04-16T15:30:00-04:00,137.55999755859375,137.88999938964844,137.49000549316406,137.77999877929688,469631.0
2026-04-17T09:30:00-04:00,139.90499877929688,142.6199951171875,139.1999969482422,142.57000732421875,944567.0
2026-04-17T10:30:00-04:00,142.57000732421875,143.3000030517578,141.51300048828125,141.5800018310547,510128.0
2026-04-17T11:30:00-04:00,141.5500030517578,142.67999267578125,141.5399932861328,142.27999877929688,320232.0
2026-04-17T12:30:00-04:00,142.27000427246094,142.77000427246094,141.52000427246094,141.7100067138672,262425.0
2026-04-17T13:30:00-04:00,141.75,141.9499053955078,141.3800048828125,141.82000732421875,211731.0
2026-04-17T14:30:00-04:00,141.86000061035156,142.1300048828125,141.52999877929688,141.6199951171875,408642.0
2026-04-17T15:30:00-04:00,141.60000610351562,142.11000061035156,141.5,141.5500030517578,546704.0
2026-04-20T09:30:00-04:00,140.5447998046875,143.14999389648438,140.33799743652344,142.3249969482422,464870.0
2026-04-20T10:30:00-04:00,142.41000366210938,142.5,141.60499572753906,142.44000244140625,300982.0
2026-04-20T11:30:00-04:00,142.40499877929688,142.85000610351562,142.1699981689453,142.3699951171875,216673.0
2026-04-20T12:30:00-04:00,142.4499969482422,143.65499877929688,142.4499969482422,143.4499969482422,351147.0
2026-04-20T13:30:00-04:00,143.42010498046875,143.86990356445312,143.2449951171875,143.4600067138672,251780.0
2026-04-20T14:30:00-04:00,143.37899780273438,143.4600067138672,142.72999572753906,143.13999938964844,333145.0
2026-04-20T15:30:00-04:00,143.1649932861328,143.6300048828125,143.08999633789062,143.58999633789062,391724.0
2026-04-21T09:30:00-04:00,143.8800048828125,145.75999450683594,142.5500030517578,145.39500427246094,647997.0
2026-04-21T10:30:00-04:00,145.5,145.69000244140625,143.27999877929688,143.33999633789062,282572.0
2026-04-21T11:30:00-04:00,143.44000244140625,144.5449981689453,143.41000366210938,144.10000610351562,249015.0
2026-04-21T12:30:00-04:00,144.22000122070312,144.4490966796875,143.3300018310547,143.5050048828125,243703.0
2026-04-21T13:30:00-04:00,143.5050048828125,144.1999969482422,143.27000427246094,143.3800048828125,226947.0
2026-04-21T14:30:00-04:00,143.36000061035156,144.13999938964844,143.11000061035156,143.92999267578125,436441.0
2026-04-21T15:30:00-04:00,143.94000244140625,144.02000427246094,142.17999267578125,142.64999389648438,621272.0
2026-04-22T09:30:00-04:00,146.47500610351562,147.1999969482422,144.55999755859375,145.6300048828125,787127.0
2026-04-22T10:30:00-04:00,145.5850067138672,145.5850067138672,143.75999450683594,144.01499938964844,422041.0
2026-04-22T11:30:00-04:00,144.02999877929688,144.1199951171875,142.75,143.35000610351562,423039.0
2026-04-22T12:30:00-04:00,143.32000732421875,144.63999938964844,143.16000366210938,144.27999877929688,273133.0
2026-04-22T13:30:00-04:00,144.3300018310547,145.25,144.27999877929688,144.50999450683594,354272.0
2026-04-22T14:30:00-04:00,144.518798828125,144.55999755859375,144.05499267578125,144.27999877929688,314989.0
2026-04-22T15:30:00-04:00,144.24000549316406,144.41000366210938,143.75,144.13999938964844,707229.0
2026-04-23T09:30:00-04:00,143.75999450683594,143.99000549316406,141.1300048828125,141.9600067138672,478581.0
2026-04-23T10:30:00-04:00,141.86000061035156,142.5800018310547,141.39500427246094,142.41000366210938,297305.0
2026-04-23T11:30:00-04:00,142.4499969482422,142.97999572753906,141.77000427246094,142.78500366210938,222710.0
2026-04-23T12:30:00-04:00,142.8300018310547,143.389892578125,141.25999450683594,141.25999450683594,340997.0
2026-04-23T13:30:00-04:00,141.13499450683594,141.9199981689453,139.82000732421875,141.8249969482422,458263.0
2026-04-23T14:30:00-04:00,141.88999938964844,142.27999877929688,141.4499969482422,141.67999267578125,359901.0
2026-04-23T15:30:00-04:00,141.6699981689453,142.0,141.11000061035156,141.88499450683594,475170.0
2026-04-24T09:30:00-04:00,140.1699981689453,141.0399932861328,138.66000366210938,140.63999938964844,485882.0
2026-04-24T10:30:00-04:00,140.7449951171875,141.24000549316406,140.1199951171875,140.96499633789062,212418.0
2026-04-24T11:30:00-04:00,140.96499633789062,142.13999938964844,140.75999450683594,141.76499938964844,166128.0
2026-04-24T12:30:00-04:00,141.77000427246094,142.1649932861328,141.74009704589844,141.84500122070312,160959.0
2026-04-24T13:30:00-04:00,141.88499450683594,142.50860595703125,141.88499450683594,142.13999938964844,201173.0
2026-04-24T14:30:00-04:00,142.13999938964844,142.55999755859375,141.52999877929688,142.55999755859375,508742.0
2026-04-24T15:30:00-04:00,142.5399932861328,142.99220275878906,142.39999389648438,142.80999755859375,550565.0
2026-04-27T09:30:00-04:00,140.97000122070312,143.6699981689453,140.97000122070312,143.0,321484.0
2026-04-27T10:30:00-04:00,142.92999267578125,143.2899932861328,142.60009765625,142.99249267578125,148965.0
2026-04-27T11:30:00-04:00,143.07000732421875,143.07000732421875,142.27999877929688,142.7899932861328,174812.0
2026-04-27T12:30:00-04:00,142.6699981689453,142.77999877929688,141.83999633789062,141.97000122070312,180162.0
2026-04-27T13:30:00-04:00,142.0,142.1999969482422,141.43499755859375,141.7534942626953,187559.0
2026-04-27T14:30:00-04:00,141.7698974609375,141.7698974609375,141.0,141.5399932861328,334802.0
2026-04-27T15:30:00-04:00,141.5399932861328,141.55499267578125,141.0,141.0,430707.0
2026-04-28T09:30:00-04:00,141.24000549316406,141.6999969482422,138.24000549316406,139.27000427246094,616018.0
2026-04-28T10:30:00-04:00,139.30999755859375,140.24000549316406,138.44000244140625,140.19000244140625,612780.0
2026-04-28T11:30:00-04:00,140.10000610351562,140.4530029296875,139.75,140.3699951171875,241521.0
2026-04-28T12:30:00-04:00,140.3699951171875,140.57000732421875,139.8699951171875,140.33999633789062,211901.0
2026-04-28T13:30:00-04:00,140.38999938964844,140.5399932861328,139.6649932861328,139.85000610351562,244215.0
2026-04-28T14:30:00-04:00,139.8699951171875,139.92999267578125,139.4199981689453,139.52000427246094,272180.0
2026-04-28T15:30:00-04:00,139.4949951171875,139.52000427246094,138.61000061035156,138.97999572753906,543621.0
2026-04-29T09:30:00-04:00,136.0500030517578,139.30999755859375,135.9499969482422,139.13499450683594,713170.0
2026-04-29T10:30:00-04:00,139.0800018310547,139.8300018310547,137.9199981689453,138.74000549316406,374463.0
2026-04-29T11:30:00-04:00,138.77999877929688,139.52999877929688,138.3300018310547,139.39999389648438,353477.0
2026-04-29T12:30:00-04:00,139.36000061035156,139.38999938964844,138.00999450683594,139.00100708007812,408712.0
2026-04-29T13:30:00-04:00,139.00999450683594,139.63999938964844,138.3350067138672,138.8800048828125,263004.0
2026-04-29T14:30:00-04:00,138.9499969482422,140.16000366210938,138.82000732421875,139.60000610351562,393314.0
2026-04-29T15:30:00-04:00,139.52000427246094,140.36000061035156,139.4600067138672,140.2899932861328,493385.0
2026-04-30T09:30:00-04:00,142.0,142.0,138.63999938964844,140.35000610351562,266735.0
2026-04-30T10:30:00-04:00,140.35000610351562,140.86000061035156,139.89999389648438,139.9199981689453,300565.0
2026-04-30T11:30:00-04:00,139.97999572753906,140.8699951171875,139.8428955078125,140.77999877929688,153156.0
2026-04-30T12:30:00-04:00,140.77999877929688,140.94000244140625,140.33999633789062,140.9250030517578,148991.0
2026-04-30T13:30:00-04:00,140.9250030517578,141.19000244140625,140.25999450683594,140.3699951171875,208840.0
2026-04-30T14:30:00-04:00,140.3300018310547,140.97000122070312,140.24000549316406,140.41000366210938,347758.0
2026-04-30T15:30:00-04:00,140.39999389648438,140.8800048828125,140.22999572753906,140.3800048828125,548546.0
2026-05-01T09:30:00-04:00,141.32000732421875,143.1300048828125,140.82000732421875,141.6999969482422,235270.0
2026-05-01T10:30:00-04:00,141.85000610351562,143.1999969482422,141.67999267578125,143.1999969482422,220000.0
2026-05-01T11:30:00-04:00,143.22900390625,143.4799041748047,142.22000122070312,142.50999450683594,215490.0
2026-05-01T12:30:00-04:00,142.5,142.5050048828125,141.99000549316406,142.4199981689453,129810.0
2026-05-01T13:30:00-04:00,142.39999389648438,142.6999969482422,142.03500366210938,142.39999389648438,173046.0
2026-05-01T14:30:00-04:00,142.39500427246094,142.83999633789062,142.13499450683594,142.83999633789062,245462.0
2026-05-01T15:30:00-04:00,142.77999877929688,142.8000030517578,141.5500030517578,141.67999267578125,477197.0
2026-05-04T09:30:00-04:00,142.8249969482422,143.52000427246094,140.3300018310547,141.6649932861328,480367.0
2026-05-04T10:30:00-04:00,141.66000366210938,141.99000549316406,140.44000244140625,140.44000244140625,253556.0
2026-05-04T11:30:00-04:00,140.47000122070312,140.5,139.25999450683594,140.01499938964844,338633.0
2026-05-04T12:30:00-04:00,139.99000549316406,140.49000549316406,139.81500244140625,140.40499877929688,207423.0
2026-05-04T13:30:00-04:00,140.42999267578125,140.42999267578125,139.1374969482422,139.22000122070312,220413.0
2026-05-04T14:30:00-04:00,139.27000427246094,139.5124969482422,138.93499755859375,138.97000122070312,303853.0
2026-05-04T15:30:00-04:00,139.00999450683594,139.19000244140625,138.5,138.85000610351562,489752.0
2026-05-05T09:30:00-04:00,139.1999969482422,140.2100067138672,138.22579956054688,139.33999633789062,274136.0
2026-05-05T10:30:00-04:00,139.38499450683594,140.81500244140625,139.25,140.2449951171875,292567.0
2026-05-05T11:30:00-04:00,140.22000122070312,140.2449951171875,139.25,139.89999389648438,175117.0
2026-05-05T12:30:00-04:00,139.88999938964844,140.02000427246094,138.75999450683594,138.8686065673828,161084.0
2026-05-05T13:30:00-04:00,138.8300018310547,139.30999755859375,138.67999267578125,139.24000549316406,202959.0
2026-05-05T14:30:00-04:00,139.3000030517578,140.10000610351562,139.00999450683594,140.00999450683594,304229.0
2026-05-05T15:30:00-04:00,140.0050048828125,140.02999877929688,139.5500030517578,139.67999267578125,300430.0
2026-05-06T09:30:00-04:00,142.1999969482422,143.89999389648438,140.0399932861328,141.28500366210938,680593.0
2026-05-06T10:30:00-04:00,141.30999755859375,141.3800048828125,139.0500030517578,139.0500030517578,343206.0
2026-05-06T11:30:00-04:00,139.10000610351562,140.3000030517578,139.02000427246094,140.2449951171875,273610.0
2026-05-06T12:30:00-04:00,140.2100067138672,140.2100067138672,139.41000366210938,139.6300048828125,218603.0
2026-05-06T13:30:00-04:00,139.6300048828125,139.83999633789062,138.9499969482422,139.1699981689453,294810.0
2026-05-06T14:30:00-04:00,139.18499755859375,140.39999389648438,139.18499755859375,140.1699981689453,456528.0
2026-05-06T15:30:00-04:00,140.11000061035156,140.3000030517578,139.61000061035156,139.82000732421875,527993.0
2026-05-07T09:30:00-04:00,140.3000946044922,142.19000244140625,140.02000427246094,140.17999267578125,658008.0
2026-05-07T10:30:00-04:00,140.19000244140625,141.82000732421875,139.85000610351562,140.1699981689453,475560.0
2026-05-07T11:30:00-04:00,140.22999572753906,140.9250030517578,139.75,140.77000427246094,514827.0
2026-05-07T12:30:00-04:00,140.77499389648438,140.8800048828125,139.17869567871094,139.4199981689453,416395.0
2026-05-07T13:30:00-04:00,139.30999755859375,139.9149932861328,138.63999938964844,139.80999755859375,496234.0
2026-05-07T14:30:00-04:00,139.8000030517578,141.44000244140625,139.2100067138672,139.625,1257712.0
2026-05-07T15:30:00-04:00,139.65499877929688,140.8000030517578,139.50999450683594,140.30999755859375,1339328.0
2026-05-08T09:30:00-04:00,137.98500061035156,146.19000244140625,137.25,145.96499633789062,2151026.0
2026-05-08T10:30:00-04:00,145.91250610351562,146.9600067138672,144.44000244140625,145.15499877929688,1191055.0
2026-05-08T11:30:00-04:00,145.17999267578125,146.25999450683594,143.0800018310547,144.5850067138672,916917.0
2026-05-08T12:30:00-04:00,144.5449981689453,144.9149932861328,143.14999389648438,144.5399932861328,503184.0
2026-05-08T13:30:00-04:00,144.5399932861328,144.8699951171875,142.2899932861328,142.47000122070312,496508.0
2026-05-08T14:30:00-04:00,142.47500610351562,143.02999877929688,141.19000244140625,142.07000732421875,697563.0
2026-05-08T15:30:00-04:00,142.0749969482422,142.3000030517578,141.18499755859375,141.47000122070312,972096.0
2026-05-11T09:30:00-04:00,142.8300018310547,146.2799072265625,141.85000610351562,142.77000427246094,719819.0
2026-05-11T10:30:00-04:00,142.76499938964844,142.90499877929688,141.0399932861328,142.10000610351562,736658.0
2026-05-11T11:30:00-04:00,142.02999877929688,142.03500366210938,140.47000122070312,140.99000549316406,484687.0
2026-05-11T12:30:00-04:00,140.96499633789062,141.0399932861328,139.0675048828125,139.1199951171875,322266.0
2026-05-11T13:30:00-04:00,139.125,139.49000549316406,138.79469299316406,138.8300018310547,374911.0
2026-05-11T14:30:00-04:00,138.7949981689453,138.8300018310547,138.05499267578125,138.48500061035156,423345.0
2026-05-11T15:30:00-04:00,138.48500061035156,138.48500061035156,136.90499877929688,137.11000061035156,1136611.0
2026-05-12T09:30:00-04:00,137.6199951171875,138.51510620117188,134.3000030517578,136.6649932861328,750546.0
2026-05-12T10:30:00-04:00,136.75,137.02999877929688,135.58999633789062,136.1300048828125,440260.0
2026-05-12T11:30:00-04:00,136.1750030517578,136.1750030517578,134.89999389648438,135.07000732421875,381708.0
2026-05-12T12:30:00-04:00,135.0,135.56500244140625,134.88999938964844,135.22000122070312,273511.0
2026-05-12T13:30:00-04:00,135.19000244140625,136.38999938964844,134.97000122070312,136.22999572753906,349678.0
2026-05-12T14:30:00-04:00,136.19000244140625,136.4600067138672,135.67999267578125,135.89999389648438,360880.0
2026-05-12T15:30:00-04:00,135.94500732421875,136.0399932861328,134.97000122070312,135.4600067138672,795514.0
2026-05-13T09:30:00-04:00,134.0,134.74000549316406,131.9499969482422,134.32000732421875,513362.0
2026-05-13T10:30:00-04:00,134.32000732421875,134.7100067138672,133.5500030517578,133.8249969482422,346609.0
2026-05-13T11:30:00-04:00,133.88999938964844,134.35000610351562,133.47000122070312,134.2100067138672,296871.0
2026-05-13T12:30:00-04:00,134.25,134.92999267578125,134.0399932861328,134.0399932861328,235320.0
2026-05-13T13:30:00-04:00,134.0399932861328,134.05499267578125,133.22999572753906,133.66000366210938,298600.0
2026-05-13T14:30:00-04:00,133.64500427246094,133.8000030517578,132.82000732421875,132.91000366210938,345931.0
2026-05-13T15:30:00-04:00,132.99000549316406,133.22000122070312,132.74000549316406,132.97000122070312,640988.0
2026-05-14T09:30:00-04:00,133.0,134.63360595703125,132.61000061035156,133.2899932861328,348709.0
2026-05-14T10:30:00-04:00,133.44000244140625,134.125,133.11500549316406,134.11000061035156,238159.0
2026-05-14T11:30:00-04:00,134.07000732421875,134.66000366210938,133.8300018310547,133.9499969482422,267080.0
2026-05-14T12:30:00-04:00,133.9499969482422,134.2664031982422,133.7675018310547,134.0,228013.0
2026-05-14T13:30:00-04:00,133.96499633789062,134.25,133.12010192871094,133.2550048828125,180870.0
2026-05-14T14:30:00-04:00,133.17999267578125,133.36000061035156,132.72999572753906,133.13999938964844,250299.0
2026-05-14T15:30:00-04:00,133.1300048828125,133.6999969482422,133.0,133.6699981689453,536033.0
2026-05-15T09:30:00-04:00,132.82000732421875,134.00999450683594,131.22500610351562,132.72000122070312,586284.0
2026-05-15T10:30:00-04:00,132.72999572753906,133.58999633789062,132.47500610351562,132.58999633789062,235892.0
2026-05-15T11:30:00-04:00,132.60000610351562,133.39999389648438,131.92999267578125,133.36000061035156,213769.0
2026-05-15T12:30:00-04:00,133.3000030517578,133.6999969482422,132.8350067138672,133.35000610351562,216211.0
2026-05-15T13:30:00-04:00,133.35000610351562,133.5800018310547,133.10009765625,133.125,127544.0
2026-05-15T14:30:00-04:00,133.1699981689453,133.25999450683594,132.4250030517578,132.91000366210938,281611.0
2026-05-15T15:30:00-04:00,132.91000366210938,133.32249450683594,132.8249969482422,132.8800048828125,490441.0
2026-05-18T09:30:00-04:00,132.91000366210938,137.25999450683594,132.35009765625,136.89999389648438,584860.0
2026-05-18T10:30:00-04:00,136.8300018310547,136.86000061035156,134.57000732421875,134.99000549316406,444271.0
2026-05-18T11:30:00-04:00,134.98500061035156,135.25999450683594,134.36000061035156,134.77999877929688,189928.0
2026-05-18T12:30:00-04:00,134.63999938964844,135.5800018310547,134.36000061035156,135.4949951171875,198968.0
2026-05-18T13:30:00-04:00,135.49000549316406,135.61000061035156,134.27000427246094,134.36000061035156,249396.0
2026-05-18T14:30:00-04:00,134.38999938964844,134.5800018310547,133.39999389648438,133.77999877929688,480618.0
2026-05-18T15:30:00-04:00,133.85000610351562,134.40499877929688,133.77000427246094,134.2899932861328,844852.0
2026-05-19T09:30:00-04:00,133.17999267578125,135.5,131.30999755859375,134.0749969482422,679277.0
2026-05-19T10:30:00-04:00,134.1699981689453,134.35000610351562,131.88999938964844,131.9499969482422,312674.0
2026-05-19T11:30:00-04:00,131.90499877929688,132.30999755859375,130.47500610351562,130.47999572753906,408886.0
2026-05-19T12:30:00-04:00,130.41000366210938,130.8300018310547,130.00999450683594,130.63999938964844,311650.0
2026-05-19T13:30:00-04:00,130.6300048828125,131.22999572753906,130.5399932861328,130.7299041748047,287890.0
2026-05-19T14:30:00-04:00,130.6699981689453,131.16000366210938,130.58999633789062,130.8800048828125,375013.0
2026-05-19T15:30:00-04:00,130.89999389648438,131.24000549316406,130.6999969482422,131.1699981689453,547424.0
2026-05-20T09:30:00-04:00,131.4600067138672,133.94000244140625,128.1999969482422,133.7100067138672,1353752.0
2026-05-20T10:30:00-04:00,133.89999389648438,134.7100067138672,133.57009887695312,134.36000061035156,862338.0
2026-05-20T11:30:00-04:00,134.39999389648438,134.9499969482422,134.0500030517578,134.1199951171875,610158.0
2026-05-20T12:30:00-04:00,134.125,135.8800048828125,133.83999633789062,135.6199951171875,819548.0
2026-05-20T13:30:00-04:00,135.6300048828125,136.4600067138672,135.4499969482422,135.75,751400.0
2026-05-20T14:30:00-04:00,135.77499389648438,136.16000366210938,135.41000366210938,135.47999572753906,730563.0
2026-05-20T15:30:00-04:00,135.47500610351562,135.8699951171875,135.41000366210938,135.5399932861328,718745.0
2026-05-21T09:30:00-04:00,134.52499389648438,134.8000030517578,131.8000030517578,132.84500122070312,415417.0
2026-05-21T10:30:00-04:00,132.86000061035156,132.86000061035156,130.72999572753906,130.7449951171875,311048.0
2026-05-21T11:30:00-04:00,130.8256072998047,131.35000610351562,130.49000549316406,130.6999969482422,458020.0
2026-05-21T12:30:00-04:00,130.70010375976562,132.8699951171875,130.14999389648438,132.3699951171875,564410.0
2026-05-21T13:30:00-04:00,132.4499969482422,134.8000030517578,132.4499969482422,134.69000244140625,431595.0
2026-05-21T14:30:00-04:00,134.7100067138672,135.07000732421875,133.83999633789062,133.97000122070312,579948.0
2026-05-21T15:30:00-04:00,133.9949951171875,134.63999938964844,133.8800048828125,134.27000427246094,561958.0
2026-05-22T09:30:00-04:00,134.8800048828125,136.11000061035156,132.4199981689453,132.67529296875,432189.0
2026-05-22T10:30:00-04:00,132.73500061035156,132.8300018310547,131.7301025390625,132.14999389648438,367650.0
2026-05-22T11:30:00-04:00,132.19000244140625,132.75999450683594,132.13510131835938,132.4550018310547,297674.0
2026-05-22T12:30:00-04:00,132.40499877929688,132.97999572753906,132.1649932861328,132.92999267578125,216642.0
2026-05-22T13:30:00-04:00,132.97999572753906,133.39999389648438,132.34010314941406,132.5,312074.0
2026-05-22T14:30:00-04:00,132.47999572753906,132.86000061035156,131.9199981689453,132.55499267578125,402238.0
2026-05-22T15:30:00-04:00,132.55999755859375,132.61000061035156,131.88999938964844,132.33999633789062,563470.0
2026-05-26T09:30:00-04:00,132.3699951171875,136.0800018310547,132.36000061035156,133.74000549316406,726311.0
2026-05-26T10:30:00-04:00,133.60000610351562,133.63499450683594,132.64999389648438,133.41000366210938,380984.0
2026-05-26T11:30:00-04:00,133.47999572753906,133.82000732421875,133.25,133.50999450683594,223806.0
2026-05-26T12:30:00-04:00,133.5050048828125,133.5050048828125,133.13999938964844,133.35000610351562,194118.0
2026-05-26T13:30:00-04:00,133.33999633789062,133.33999633789062,132.78500366210938,133.05999755859375,263793.0
2026-05-26T14:30:00-04:00,133.0500030517578,133.19000244140625,132.625,132.8000030517578,298536.0
2026-05-26T15:30:00-04:00,132.8000030517578,132.83999633789062,132.26499938964844,132.66000366210938,610267.0
2026-05-27T09:30:00-04:00,132.67999267578125,134.57000732421875,132.14999389648438,134.10000610351562,498399.0
2026-05-27T10:30:00-04:00,134.1199951171875,134.5749969482422,133.66000366210938,134.0,367314.0
2026-05-27T11:30:00-04:00,134.00999450683594,134.4499969482422,133.0301055908203,133.25999450683594,255531.0
2026-05-27T12:30:00-04:00,133.25999450683594,133.57550048828125,132.75,132.99000549316406,228649.0
2026-05-27T13:30:00-04:00,133.02999877929688,133.2899932861328,132.58999633789062,132.97000122070312,328132.0
2026-05-27T14:30:00-04:00,132.9600067138672,133.3300018310547,132.66000366210938,132.66000366210938,316220.0
2026-05-27T15:30:00-04:00,132.65499877929688,132.77000427246094,131.92999267578125,132.11000061035156,548998.0
2026-05-28T09:30:00-04:00,131.36000061035156,132.24000549316406,129.6956024169922,131.1300048828125,483208.0
2026-05-28T10:30:00-04:00,131.0800018310547,131.99000549316406,130.78500366210938,131.40989685058594,338303.0
2026-05-28T11:30:00-04:00,131.36000061035156,132.14999389648438,131.33009338378906,131.5800018310547,230010.0
2026-05-28T12:30:00-04:00,131.54010009765625,133.01499938964844,131.4499969482422,132.6699981689453,270615.0
2026-05-28T13:30:00-04:00,132.7198944091797,133.0800018310547,132.50999450683594,132.56500244140625,300674.0
2026-05-28T14:30:00-04:00,132.52999877929688,134.4199981689453,132.52999877929688,134.35499572753906,533584.0
2026-05-28T15:30:00-04:00,134.36000061035156,134.69000244140625,133.8800048828125,134.5,876503.0
2026-05-29T09:30:00-04:00,134.10000610351562,135.75,132.77000427246094,134.05499267578125,544885.0
2026-05-29T10:30:00-04:00,134.0,135.35000610351562,133.83999633789062,135.1199951171875,349327.0
2026-05-29T11:30:00-04:00,135.0850067138672,135.74000549316406,134.7100067138672,134.7100067138672,291457.0
2026-05-29T12:30:00-04:00,134.71499633789062,135.0,134.35000610351562,134.57000732421875,219158.0
2026-05-29T13:30:00-04:00,134.5601043701172,134.82000732421875,134.0,134.06500244140625,248661.0
2026-05-29T14:30:00-04:00,134.0399932861328,134.07000732421875,133.39999389648438,133.72500610351562,405480.0
2026-05-29T15:30:00-04:00,133.74000549316406,133.74000549316406,133.01499938964844,133.27999877929688,629547.0
2026-06-01T09:30:00-04:00,133.30999755859375,135.10000610351562,132.6999969482422,132.75999450683594,572439.0
2026-06-01T10:30:00-04:00,132.77000427246094,134.46499633789062,132.0749969482422,134.44000244140625,476072.0
2026-06-01T11:30:00-04:00,134.44000244140625,135.55999755859375,134.41000366210938,135.02000427246094,470461.0
2026-06-01T12:30:00-04:00,135.02000427246094,136.13999938964844,134.9499969482422,136.13999938964844,406674.0
2026-06-01T13:30:00-04:00,136.10000610351562,137.6300048828125,135.92999267578125,137.50999450683594,366220.0
2026-06-01T14:30:00-04:00,137.44000244140625,137.86000061035156,136.9600067138672,137.72999572753906,584365.0
2026-06-01T15:30:00-04:00,137.74000549316406,138.0399932861328,137.3800048828125,137.83999633789062,815425.0
2026-06-02T09:30:00-04:00,136.27000427246094,136.60000610351562,131.85000610351562,133.4199981689453,642563.0
2026-06-02T10:30:00-04:00,133.4199981689453,134.8350067138672,132.84500122070312,134.6199951171875,317639.0
2026-06-02T11:30:00-04:00,134.6300048828125,134.86000061035156,134.21499633789062,134.52999877929688,245219.0
2026-06-02T12:30:00-04:00,134.5500030517578,134.6649932861328,133.73500061035156,133.80999755859375,246430.0
2026-06-02T13:30:00-04:00,133.8699951171875,134.1699981689453,133.45010375976562,133.9199981689453,340688.0
2026-06-02T14:30:00-04:00,133.91000366210938,134.39500427246094,133.88999938964844,134.2100067138672,245423.0
2026-06-02T15:30:00-04:00,134.19000244140625,134.9499969482422,133.7899932861328,134.35000610351562,758149.0
2026-06-03T09:30:00-04:00,133.36500549316406,133.83999633789062,131.91009521484375,132.53500366210938,768865.0
2026-06-03T10:30:00-04:00,132.49000549316406,133.86500549316406,132.44000244140625,133.6999969482422,305039.0
2026-06-03T11:30:00-04:00,133.7050018310547,133.8800048828125,132.74000549316406,133.6300048828125,289731.0
2026-06-03T12:30:00-04:00,133.64999389648438,134.72000122070312,133.64999389648438,134.1999969482422,293703.0
2026-06-03T13:30:00-04:00,134.22500610351562,134.8000030517578,134.16000366210938,134.30999755859375,343293.0
2026-06-03T14:30:00-04:00,134.30499267578125,134.63999938964844,133.2899932861328,133.3800048828125,310760.0
2026-06-03T15:30:00-04:00,133.37750244140625,133.69500732421875,133.21499633789062,133.6199951171875,482941.0
2026-06-04T09:30:00-04:00,136.00999450683594,136.8249969482422,134.9600067138672,135.9199981689453,550302.0
2026-06-04T10:30:00-04:00,135.90499877929688,137.23500061035156,135.42999267578125,137.11500549316406,346788.0
2026-06-04T11:30:00-04:00,137.11500549316406,137.1999969482422,136.3699951171875,136.3699951171875,213450.0
2026-06-04T12:30:00-04:00,136.34500122070312,136.47999572753906,135.53500366210938,135.91000366210938,203520.0
2026-06-04T13:30:00-04:00,135.92999267578125,135.9499969482422,135.22500610351562,135.5500030517578,218335.0
2026-06-04T14:30:00-04:00,135.5800018310547,136.05499267578125,133.6300048828125,134.1999969482422,849097.0
2026-06-04T15:30:00-04:00,134.1999969482422,134.25,133.1999969482422,133.72000122070312,722962.0
2026-06-05T09:30:00-04:00,134.02000427246094,135.91000366210938,133.6699981689453,135.0050048828125,424209.0
2026-06-05T10:30:00-04:00,135.0,135.46499633789062,134.4250030517578,134.4250030517578,369909.0
2026-06-05T11:30:00-04:00,134.47000122070312,134.72000122070312,132.89999389648438,133.52000427246094,359491.0
2026-06-05T12:30:00-04:00,133.52000427246094,133.63999938964844,132.98500061035156,133.13999938964844,348992.0
2026-06-05T13:30:00-04:00,133.15499877929688,133.3800048828125,132.82000732421875,132.9499969482422,349503.0
2026-06-05T14:30:00-04:00,132.9600067138672,133.4149932861328,132.63999938964844,132.82000732421875,408156.0
2026-06-05T15:30:00-04:00,132.8350067138672,133.6699981689453,132.77000427246094,133.5800018310547,622150.0
2026-06-08T09:30:00-04:00,133.69000244140625,135.66000366210938,133.3000030517578,135.32000732421875,409430.0
2026-06-08T10:30:00-04:00,135.33999633789062,136.39999389648438,135.16000366210938,135.69000244140625,307449.0
2026-06-08T11:30:00-04:00,135.69000244140625,135.7899932861328,134.74000549316406,134.7899932861328,210511.0
2026-06-08T12:30:00-04:00,134.80999755859375,134.8300018310547,134.25,134.47500610351562,204153.0
2026-06-08T13:30:00-04:00,134.50999450683594,135.19000244140625,134.17999267578125,134.9550018310547,332741.0
2026-06-08T14:30:00-04:00,134.9550018310547,135.1699981689453,134.30999755859375,134.36000061035156,446818.0
2026-06-08T15:30:00-04:00,134.3699951171875,134.80499267578125,134.33999633789062,134.33999633789062,440956.0
2026-06-09T09:30:00-04:00,134.5800018310547,136.41000366210938,133.02999877929688,134.63499450683594,568644.0
2026-06-09T10:30:00-04:00,134.58999633789062,134.99000549316406,132.38999938964844,132.50999450683594,261306.0
2026-06-09T11:30:00-04:00,132.5500030517578,132.74000549316406,131.72000122070312,132.34500122070312,315490.0
2026-06-09T12:30:00-04:00,132.2899932861328,132.4499969482422,131.22000122070312,131.6750030517578,341712.0
2026-06-09T13:30:00-04:00,131.68499755859375,132.3699951171875,131.68499755859375,132.19000244140625,273788.0
2026-06-09T14:30:00-04:00,132.1999969482422,132.39999389648438,131.8000030517578,131.97000122070312,255998.0
2026-06-09T15:30:00-04:00,131.94000244140625,131.94000244140625,130.61500549316406,131.33999633789062,548578.0
2026-06-10T09:30:00-04:00,130.27999877929688,132.25,128.38999938964844,130.10000610351562,511174.0
2026-06-10T10:30:00-04:00,130.0850067138672,130.83999633789062,129.3699951171875,130.05999755859375,325739.0
2026-06-10T11:30:00-04:00,130.10000610351562,130.44000244140625,129.19009399414062,129.38999938964844,293305.0
2026-06-10T12:30:00-04:00,129.3699951171875,129.5800018310547,129.00999450683594,129.11000061035156,220956.0
2026-06-10T13:30:00-04:00,129.0,129.63499450683594,128.64999389648438,129.44000244140625,311741.0
2026-06-10T14:30:00-04:00,129.4199981689453,129.86000061035156,128.92999267578125,129.63999938964844,535707.0
2026-06-10T15:30:00-04:00,129.64999389648438,129.82000732421875,129.10000610351562,129.10000610351562,558788.0
2026-06-11T09:30:00-04:00,128.3695068359375,130.4600067138672,127.33999633789062,128.77999877929688,364436.0
2026-06-11T10:30:00-04:00,128.8300018310547,129.07000732421875,127.6050033569336,128.7100067138672,315070.0
2026-06-11T11:30:00-04:00,128.7100067138672,129.0800018310547,128.27000427246094,128.36500549316406,241989.0
2026-06-11T12:30:00-04:00,128.36000061035156,128.97000122070312,127.30000305175781,128.9600067138672,300163.0
2026-06-11T13:30:00-04:00,129.07000732421875,130.34979248046875,128.9199981689453,129.67999267578125,385424.0
2026-06-11T14:30:00-04:00,129.75999450683594,129.83999633789062,128.64999389648438,129.8300018310547,528718.0
2026-06-11T15:30:00-04:00,129.8249969482422,130.97999572753906,129.82000732421875,130.8300018310547,635349.0
2026-06-12T09:30:00-04:00,131.56410217285156,132.72000122070312,128.8249969482422,130.75,417562.0
2026-06-12T10:30:00-04:00,130.67999267578125,132.13999938964844,130.16009521484375,131.74000549316406,292116.0
2026-06-12T11:30:00-04:00,131.75999450683594,131.7899932861328,130.33999633789062,130.94000244140625,256809.0
2026-06-12T12:30:00-04:00,130.8800048828125,131.85000610351562,130.8300018310547,131.52000427246094,232781.0
2026-06-12T13:30:00-04:00,131.47000122070312,131.6300048828125,131.27999877929688,131.5850067138672,227595.0
2026-06-12T14:30:00-04:00,131.6300048828125,132.19000244140625,131.6300048828125,132.1699981689453,214794.0
2026-06-12T15:30:00-04:00,132.19000244140625,132.60499572753906,132.07000732421875,132.27000427246094,439902.0
2026-06-15T09:30:00-04:00,134.42999267578125,138.72000122070312,134.30389404296875,137.94500732421875,780422.0
2026-06-15T10:30:00-04:00,137.7949981689453,139.08999633789062,137.60000610351562,138.97999572753906,445533.0
2026-06-15T11:30:00-04:00,139.0,140.16000366210938,138.92999267578125,139.14999389648438,594874.0
2026-06-15T12:30:00-04:00,139.14999389648438,139.14999389648438,138.1999969482422,138.8350067138672,420726.0
2026-06-15T13:30:00-04:00,138.8300018310547,139.3300018310547,138.3800048828125,138.58999633789062,319369.0
2026-06-15T14:30:00-04:00,138.57000732421875,138.7100067138672,138.22999572753906,138.25,390251.0
2026-06-15T15:30:00-04:00,138.22999572753906,139.0,138.0050048828125,138.9499969482422,634736.0
2026-06-16T09:30:00-04:00,139.63999938964844,140.77999877929688,138.7449951171875,140.63999938964844,510755.0
2026-06-16T10:30:00-04:00,140.55999755859375,140.72999572753906,139.71499633789062,140.25,347307.0
2026-06-16T11:30:00-04:00,140.28500366210938,140.6699981689453,139.68499755859375,139.8699951171875,270629.0
2026-06-16T12:30:00-04:00,139.88999938964844,141.3300018310547,139.88999938964844,140.85000610351562,314060.0
2026-06-16T13:30:00-04:00,140.85499572753906,141.13499450683594,140.64999389648438,141.11000061035156,248106.0
2026-06-16T14:30:00-04:00,141.10000610351562,141.43499755859375,140.9250030517578,141.17999267578125,473550.0
2026-06-16T15:30:00-04:00,141.19000244140625,141.5399932861328,141.05999755859375,141.22000122070312,770686.0
2026-06-17T09:30:00-04:00,140.69000244140625,143.8000030517578,139.5,143.02000427246094,457351.0
2026-06-17T10:30:00-04:00,143.08999633789062,143.25990295410156,141.3300018310547,141.93499755859375,337374.0
2026-06-17T11:30:00-04:00,141.93499755859375,143.11000061035156,141.93499755859375,143.0399932861328,377673.0
2026-06-17T12:30:00-04:00,142.9949951171875,143.0749969482422,142.38999938964844,142.52000427246094,213674.0
2026-06-17T13:30:00-04:00,142.47999572753906,143.19419860839844,141.47999572753906,142.1199951171875,290051.0
2026-06-17T14:30:00-04:00,142.125,142.60000610351562,140.74000549316406,140.7550048828125,385916.0
2026-06-17T15:30:00-04:00,140.7550048828125,140.8000030517578,140.09500122070312,140.57000732421875,582675.0
2026-06-18T09:30:00-04:00,141.0050048828125,143.5500030517578,140.13999938964844,142.80999755859375,862629.0
2026-06-18T10:30:00-04:00,142.82000732421875,143.3300018310547,142.05999755859375,142.27000427246094,301428.0
2026-06-18T11:30:00-04:00,142.24000549316406,143.1699981689453,142.24000549316406,142.9636993408203,218166.0
2026-06-18T12:30:00-04:00,142.91000366210938,143.61000061035156,142.77999877929688,143.39010620117188,200558.0
2026-06-18T13:30:00-04:00,143.39999389648438,143.6199951171875,142.75999450683594,142.8350067138672,201138.0
2026-06-18T14:30:00-04:00,142.80999755859375,143.27000427246094,142.625,142.63999938964844,561618.0
2026-06-18T15:30:00-04:00,142.64999389648438,142.77000427246094,142.16000366210938,142.35000610351562,594695.0
2026-06-22T09:30:00-04:00,140.90350341796875,142.57000732421875,138.64999389648438,141.0399932861328,457026.0
2026-06-22T10:30:00-04:00,140.89999389648438,140.94000244140625,138.85000610351562,139.2100067138672,316693.0
2026-06-22T11:30:00-04:00,139.22999572753906,139.4600067138672,138.6699981689453,138.74099731445312,278825.0
2026-06-22T12:30:00-04:00,138.74000549316406,139.00999450683594,138.46499633789062,138.8000030517578,158478.0
2026-06-22T13:30:00-04:00,138.74000549316406,139.30999755859375,138.66000366210938,138.9250030517578,153496.0
2026-06-22T14:30:00-04:00,138.89999389648438,138.9199981689453,137.9228057861328,138.02999877929688,408737.0
2026-06-22T15:30:00-04:00,137.97000122070312,139.38999938964844,137.94000244140625,139.25999450683594,599200.0
2026-06-23T09:30:00-04:00,139.33999633789062,141.22500610351562,138.55999755859375,140.42999267578125,528876.0
2026-06-23T10:30:00-04:00,140.3350067138672,140.9499969482422,139.2100067138672,139.22500610351562,310573.0
2026-06-23T11:30:00-04:00,139.22000122070312,139.7050018310547,138.77999877929688,139.41000366210938,256979.0
2026-06-23T12:30:00-04:00,139.36000061035156,140.2899932861328,139.32000732421875,139.8350067138672,218679.0
2026-06-23T13:30:00-04:00,139.8800048828125,139.9499969482422,139.57000732421875,139.60760498046875,188253.0
2026-06-23T14:30:00-04:00,139.60499572753906,139.72999572753906,138.82000732421875,139.35499572753906,328851.0
2026-06-23T15:30:00-04:00,139.33999633789062,139.37899780273438,138.72000122070312,138.83999633789062,548850.0
2026-06-24T09:30:00-04:00,139.05999755859375,144.8800048828125,138.75,144.55999755859375,602880.0
2026-06-24T10:30:00-04:00,144.58999633789062,147.27000427246094,144.4600067138672,146.91000366210938,652558.0
2026-06-24T11:30:00-04:00,146.8300018310547,146.8300018310547,145.27999877929688,145.85499572753906,344143.0
2026-06-24T12:30:00-04:00,145.85499572753906,146.64999389648438,145.10000610351562,145.2100067138672,340169.0
2026-06-24T13:30:00-04:00,145.2050018310547,146.3300018310547,145.10000610351562,146.30999755859375,350469.0
2026-06-24T14:30:00-04:00,146.3300018310547,146.41000366210938,144.85330200195312,145.02000427246094,393570.0
2026-06-24T15:30:00-04:00,145.00999450683594,145.1199951171875,144.2200927734375,144.44500732421875,694842.0
2026-06-25T09:30:00-04:00,144.72999572753906,145.3415985107422,142.3300018310547,145.22999572753906,483952.0
2026-06-25T10:30:00-04:00,145.14999389648438,145.19500732421875,142.75,142.7899932861328,235553.0
2026-06-25T11:30:00-04:00,142.8699951171875,143.52000427246094,142.6300048828125,142.8800048828125,200114.0
2026-06-25T12:30:00-04:00,142.82000732421875,143.2449951171875,142.38999938964844,142.59500122070312,222653.0
2026-06-25T13:30:00-04:00,142.59500122070312,142.89999389648438,142.07000732421875,142.66000366210938,302483.0
2026-06-25T14:30:00-04:00,142.6699981689453,142.6699981689453,141.8928985595703,142.27999877929688,274937.0
2026-06-25T15:30:00-04:00,142.25999450683594,142.35000610351562,141.4499969482422,141.92999267578125,501296.0
2026-06-26T09:30:00-04:00,142.35000610351562,143.6300048828125,141.75,143.0399932861328,334490.0
2026-06-26T10:30:00-04:00,142.9550018310547,145.39599609375,142.9550018310547,145.2550048828125,282434.0
2026-06-26T11:30:00-04:00,145.33999633789062,147.18580627441406,145.1699981689453,146.88499450683594,426081.0
2026-06-26T12:30:00-04:00,146.86000061035156,147.34500122070312,146.75999450683594,147.00999450683594,407786.0
2026-06-26T13:30:00-04:00,147.08999633789062,147.5800018310547,146.63999938964844,146.80999755859375,369648.0
2026-06-26T14:30:00-04:00,146.8699951171875,147.3699951171875,146.67120361328125,147.06500244140625,525710.0
2026-06-26T15:30:00-04:00,147.06500244140625,147.19500732421875,145.27999877929688,145.52999877929688,1080113.0
2026-06-29T09:30:00-04:00,146.8000030517578,149.89999389648438,145.70750427246094,149.30999755859375,865646.0
2026-06-29T10:30:00-04:00,149.33200073242188,150.19000244140625,148.19000244140625,148.9499969482422,849770.0
2026-06-29T11:30:00-04:00,148.83999633789062,149.19000244140625,148.0500946044922,148.5,238895.0
2026-06-29T12:30:00-04:00,148.4949951171875,148.63499450683594,147.8300018310547,147.9199981689453,207614.0
2026-06-29T13:30:00-04:00,147.92750549316406,148.32000732421875,147.8699951171875,147.9499969482422,291837.0
2026-06-29T14:30:00-04:00,148.0,148.11000061035156,147.60000610351562,147.74000549316406,378480.0
2026-06-29T15:30:00-04:00,147.72500610351562,147.74000549316406,146.55499267578125,147.19000244140625,635739.0
2026-06-30T09:30:00-04:00,146.77499389648438,147.77999877929688,145.25999450683594,146.82000732421875,354508.0
2026-06-30T10:30:00-04:00,146.9199981689453,147.08999633789062,145.36000061035156,145.7949981689453,227500.0
2026-06-30T11:30:00-04:00,145.73500061035156,145.8800048828125,144.91000366210938,145.27499389648438,167944.0
2026-06-30T12:30:00-04:00,145.35000610351562,145.8000030517578,144.72500610351562,144.72500610351562,187791.0
2026-06-30T13:30:00-04:00,144.6300048828125,144.69000244140625,143.5,143.5124969482422,173639.0
2026-06-30T14:30:00-04:00,143.5399932861328,143.75999450683594,142.52999877929688,142.6199951171875,373251.0
2026-06-30T15:30:00-04:00,142.6199951171875,143.3699951171875,142.3699951171875,143.05999755859375,615040.0
2026-07-01T09:30:00-04:00,144.66000366210938,147.05999755859375,143.9199981689453,146.84500122070312,365558.0
2026-07-01T10:30:00-04:00,146.83999633789062,148.57000732421875,146.6199951171875,148.52000427246094,311807.0
2026-07-01T11:30:00-04:00,148.57000732421875,148.7100067138672,147.69000244140625,148.5399932861328,355233.0
2026-07-01T12:30:00-04:00,148.52000427246094,148.69000244140625,147.875,148.10499572753906,461228.0
2026-07-01T13:30:00-04:00,148.14999389648438,148.55999755859375,147.52000427246094,147.85000610351562,377430.0
2026-07-01T14:30:00-04:00,147.86000061035156,148.4199981689453,147.22000122070312,147.22000122070312,392735.0
2026-07-01T15:30:00-04:00,147.21499633789062,147.67999267578125,147.01499938964844,147.33999633789062,514536.0
2026-07-02T09:30:00-04:00,146.5,148.75,146.5,147.4123992919922,443672.0
2026-07-02T10:30:00-04:00,147.41000366210938,148.75999450683594,147.27000427246094,148.67999267578125,338773.0
2026-07-02T11:30:00-04:00,148.67999267578125,150.07000732421875,148.67999267578125,149.6999969482422,580407.0
2026-07-02T12:30:00-04:00,149.77999877929688,149.85000610351562,148.50999450683594,148.50999450683594,298912.0
2026-07-02T13:30:00-04:00,148.49000549316406,148.6999969482422,147.80499267578125,148.6074981689453,294290.0
2026-07-02T14:30:00-04:00,148.61000061035156,148.88499450683594,147.92999267578125,148.8350067138672,380140.0
2026-07-02T15:30:00-04:00,148.8699951171875,149.17999267578125,148.36000061035156,148.91000366210938,500693.0
2026-07-06T09:30:00-04:00,149.1199951171875,149.56500244140625,147.4149932861328,148.52000427246094,266384.0
2026-07-06T10:30:00-04:00,148.25999450683594,149.50999450683594,147.86000061035156,149.25,209830.0
2026-07-06T11:30:00-04:00,149.27999877929688,149.375,148.6999969482422,148.6999969482422,156565.0
2026-07-06T12:30:00-04:00,148.73500061035156,148.83999633789062,147.6999969482422,147.9499969482422,156511.0
2026-07-06T13:30:00-04:00,148.0399932861328,148.10000610351562,147.47000122070312,148.08999633789062,197005.0
2026-07-06T14:30:00-04:00,148.11000061035156,148.44500732421875,147.80999755859375,147.91000366210938,277409.0
2026-07-06T15:30:00-04:00,147.86000061035156,148.1199951171875,147.22999572753906,147.63999938964844,446241.0
2026-07-07T09:30:00-04:00,149.4499969482422,150.02000427246094,148.46139526367188,149.11000061035156,315482.0
2026-07-07T10:30:00-04:00,149.00999450683594,149.8000030517578,148.77999877929688,148.8000030517578,271428.0
2026-07-07T11:30:00-04:00,148.83999633789062,148.91000366210938,148.11000061035156,148.25999450683594,145952.0
2026-07-07T12:30:00-04:00,148.22999572753906,148.64999389648438,148.14999389648438,148.4600067138672,94273.0
2026-07-07T13:30:00-04:00,148.49000549316406,149.12989807128906,148.39999389648438,149.11500549316406,120890.0
2026-07-07T14:30:00-04:00,149.16000366210938,149.22000122070312,148.43499755859375,148.64500427246094,273168.0
2026-07-07T15:30:00-04:00,148.6699981689453,149.0749969482422,148.35000610351562,148.8000030517578,450324.0
2026-07-08T09:30:00-04:00,146.84710693359375,147.1750030517578,142.07000732421875,142.55999755859375,624879.0
2026-07-08T10:30:00-04:00,142.6300048828125,142.64990234375,141.27000427246094,141.82000732421875,272355.0
2026-07-08T11:30:00-04:00,141.9600067138672,142.38999938964844,141.36000061035156,142.19000244140625,198712.0
2026-07-08T12:30:00-04:00,142.23500061035156,143.36000061035156,141.97000122070312,143.02999877929688,203247.0
2026-07-08T13:30:00-04:00,143.00999450683594,143.38999938964844,142.6300048828125,142.65499877929688,166149.0
2026-07-08T14:30:00-04:00,142.67999267578125,143.01499938964844,142.5500030517578,142.8699951171875,224115.0
2026-07-08T15:30:00-04:00,142.8800048828125,143.22999572753906,142.73500061035156,142.97000122070312,526000.0
2026-07-09T09:30:00-04:00,141.25999450683594,145.19000244140625,141.25,144.98500061035156,344362.0
2026-07-09T10:30:00-04:00,145.01499938964844,146.97000122070312,144.94000244140625,146.35000610351562,292272.0
2026-07-09T11:30:00-04:00,146.39999389648438,147.13999938964844,146.36000061035156,147.10000610351562,249491.0
2026-07-09T12:30:00-04:00,147.09500122070312,147.27000427246094,146.58999633789062,146.75999450683594,173677.0
2026-07-09T13:30:00-04:00,146.6999969482422,146.6999969482422,146.1999969482422,146.38999938964844,137770.0
2026-07-09T14:30:00-04:00,146.42999267578125,146.84500122070312,146.24000549316406,146.38999938964844,243904.0
2026-07-09T15:30:00-04:00,146.41000366210938,147.22000122070312,146.39999389648438,146.85000610351562,441941.0
2026-07-10T09:30:00-04:00,147.02000427246094,149.16000366210938,147.02000427246094,148.85000610351562,274115.0
2026-07-10T10:30:00-04:00,148.84500122070312,149.3000030517578,147.02000427246094,148.75039672851562,237250.0
2026-07-10T11:30:00-04:00,148.75999450683594,149.02000427246094,148.5050048828125,148.57000732421875,131454.0
2026-07-10T12:30:00-04:00,148.58999633789062,148.93499755859375,148.4199981689453,148.55499267578125,167933.0
2026-07-10T13:30:00-04:00,148.52499389648438,148.9250030517578,148.25439453125,148.8350067138672,187433.0
2026-07-10T14:30:00-04:00,148.85499572753906,149.3000030517578,148.8249969482422,148.86000061035156,372713.0
2026-07-10T15:30:00-04:00,148.80999755859375,149.1750030517578,148.5399932861328,148.60000610351562,482161.0
2026-07-13T09:30:00-04:00,148.99000549316406,149.8699951171875,144.4550018310547,144.4550018310547,602212.0
2026-07-13T10:30:00-04:00,144.5500030517578,146.05999755859375,143.7899932861328,145.36000061035156,369238.0
2026-07-13T11:30:00-04:00,145.38999938964844,145.7050018310547,145.05999755859375,145.27999877929688,266224.0
2026-07-13T12:30:00-04:00,145.22500610351562,145.67250061035156,144.97000122070312,145.25,226269.0
2026-07-13T13:30:00-04:00,145.1999969482422,145.57000732421875,144.85000610351562,144.93499755859375,304753.0
2026-07-13T14:30:00-04:00,144.88999938964844,145.4499969482422,144.88999938964844,145.10000610351562,275087.0
2026-07-13T15:30:00-04:00,145.1199951171875,146.35899353027344,145.0500030517578,146.33999633789062,562455.0
2026-07-14T09:30:00-04:00,145.41000366210938,147.5,144.7100067138672,146.64999389648438,385956.0
2026-07-14T10:30:00-04:00,146.69000244140625,147.38999938964844,146.27000427246094,146.85000610351562,292500.0
2026-07-14T11:30:00-04:00,146.86000061035156,146.9199981689453,146.11000061035156,146.77000427246094,224124.0
2026-07-14T12:30:00-04:00,146.7949981689453,147.50999450683594,144.1699981689453,146.8350067138672,501397.0
2026-07-14T13:30:00-04:00,146.84939575195312,146.9149932861328,146.16000366210938,146.60000610351562,159514.0
2026-07-14T14:30:00-04:00,146.60000610351562,146.9499969482422,146.22999572753906,146.8350067138672,207063.0
2026-07-14T15:30:00-04:00,146.77999877929688,146.92999267578125,146.22999572753906,146.52999877929688,432406.0
2026-07-15T09:30:00-04:00,147.22500610351562,150.1699981689453,147.1999969482422,150.0,445277.0
2026-07-15T10:30:00-04:00,149.90499877929688,150.27999877929688,149.62010192871094,150.0050048828125,337220.0
2026-07-15T11:30:00-04:00,149.97999572753906,150.3800048828125,149.27000427246094,150.21499633789062,688572.0
2026-07-15T12:30:00-04:00,150.21499633789062,150.74000549316406,148.69500732421875,148.92999267578125,531644.0
2026-07-15T13:30:00-04:00,148.92999267578125,149.23500061035156,148.07000732421875,148.6999969482422,230108.0
2026-07-15T14:30:00-04:00,148.67999267578125,149.05999755859375,148.16000366210938,148.5399932861328,291695.0
2026-07-15T15:30:00-04:00,148.50999450683594,148.6199951171875,148.0800018310547,148.3699951171875,515788.0
2026-07-16T09:30:00-04:00,149.80999755859375,150.82000732421875,147.2449951171875,148.76809692382812,417088.0
2026-07-16T10:30:00-04:00,148.72999572753906,149.07000732421875,147.1999969482422,147.59500122070312,207215.0
2026-07-16T11:30:00-04:00,147.67999267578125,148.5,147.5800018310547,147.5800018310547,213458.0
2026-07-16T12:30:00-04:00,147.58999633789062,147.8699951171875,147.17999267578125,147.82000732421875,187474.0
2026-07-16T13:30:00-04:00,147.83999633789062,147.89990234375,147.42999267578125,147.51499938964844,243597.0
2026-07-16T14:30:00-04:00,147.51499938964844,148.08999633789062,147.2675018310547,147.30499267578125,373982.0
2026-07-16T15:30:00-04:00,147.3000030517578,147.9600067138672,147.27999877929688,147.8000030517578,610314.0
2026-07-17T09:30:00-04:00,146.27099609375,147.83999633789062,145.8000946044922,146.5399932861328,590893.0
2026-07-17T10:30:00-04:00,146.55999755859375,146.83999633789062,145.17010498046875,146.08999633789062,534320.0
2026-07-17T11:30:00-04:00,145.9949951171875,146.11000061035156,145.11500549316406,145.8300018310547,294946.0
2026-07-17T12:30:00-04:00,145.8800048828125,146.50999450683594,145.77000427246094,146.41000366210938,269702.0
2026-07-17T13:30:00-04:00,146.38999938964844,146.88999938964844,146.13999938964844,146.27000427246094,367841.0
2026-07-17T14:30:00-04:00,146.2550048828125,146.8000030517578,145.5399932861328,146.47000122070312,350556.0
2026-07-17T15:30:00-04:00,146.4949951171875,146.86000061035156,145.8300018310547,145.99000549316406,688069.0
2026-07-20T09:30:00-04:00,146.8000030517578,146.8000030517578,144.52000427246094,145.0050048828125,354085.0
2026-07-20T10:30:00-04:00,145.02000427246094,146.64999389648438,145.02000427246094,146.02499389648438,238127.0
2026-07-20T11:30:00-04:00,146.02999877929688,146.38999938964844,145.93020629882812,146.14500427246094,263964.0
2026-07-20T12:30:00-04:00,146.1999969482422,146.27000427246094,144.67999267578125,145.2949981689453,276791.0
2026-07-20T13:30:00-04:00,145.3800048828125,145.75999450683594,145.27999877929688,145.3350067138672,230351.0
2026-07-20T14:30:00-04:00,145.3300018310547,145.33999633789062,144.3300018310547,145.05999755859375,379940.0
2026-07-20T15:30:00-04:00,145.07000732421875,145.4600067138672,144.8800048828125,144.92999267578125,576813.0
2026-07-21T09:30:00-04:00,144.77999877929688,145.6199951171875,143.30999755859375,143.6199951171875,218512.0
2026-07-21T10:30:00-04:00,143.55999755859375,144.36000061035156,143.33999633789062,143.99000549316406,184493.0
2026-07-21T11:30:00-04:00,143.97000122070312,144.27999877929688,143.41000366210938,143.8000030517578,184546.0
2026-07-21T12:30:00-04:00,143.8000030517578,143.8800048828125,143.4499969482422,143.69000244140625,135349.0
2026-07-21T13:30:00-04:00,143.69000244140625,143.72000122070312,143.00999450683594,143.2550048828125,171830.0
2026-07-21T14:30:00-04:00,143.25,143.89999389648438,143.0449981689453,143.86000061035156,227627.0
2026-07-21T15:30:00-04:00,143.75999450683594,144.34500122070312,143.65499877929688,144.05999755859375,467840.0
2026-07-22T09:30:00-04:00,144.11000061035156,144.11000061035156,140.66009521484375,140.93499755859375,467239.0
2026-07-22T10:30:00-04:00,140.89999389648438,141.52000427246094,140.6300048828125,141.3300018310547,232653.0
2026-07-22T11:30:00-04:00,141.30499267578125,141.7899932861328,141.05499267578125,141.65499877929688,166797.0
2026-07-22T12:30:00-04:00,141.66000366210938,141.8800048828125,140.8249969482422,141.01699829101562,180178.0
2026-07-22T13:30:00-04:00,141.06410217285156,141.35000610351562,140.72999572753906,141.0,164836.0
2026-07-22T14:30:00-04:00,140.97999572753906,141.0500030517578,140.0500030517578,140.22999572753906,252375.0
2026-07-22T15:30:00-04:00,140.27499389648438,140.40499877929688,139.69000244140625,140.02999877929688,432031.0
2026-07-23T09:30:00-04:00,137.83999633789062,138.24960327148438,136.4010009765625,136.5,463667.0
2026-07-23T10:30:00-04:00,136.5449981689453,136.7550048828125,135.72000122070312,136.25999450683594,331037.0
2026-07-23T11:30:00-04:00,136.33999633789062,137.47000122070312,135.72000122070312,136.99000549316406,251978.0
2026-07-23T12:30:00-04:00,137.0,137.47000122070312,136.7949981689453,137.22999572753906,176518.0
2026-07-23T13:30:00-04:00,137.25,137.39999389648438,136.86000061035156,137.0850067138672,247224.0
2026-07-23T14:30:00-04:00,137.08999633789062,137.6024932861328,136.90499877929688,136.94000244140625,306358.0
2026-07-23T15:30:00-04:00,136.97999572753906,137.85000610351562,136.9600067138672,137.55999755859375,588941.0
2026-07-24T09:30:00-04:00,138.3300018310547,139.97999572753906,138.16000366210938,139.19500732421875,288864.0
2026-07-24T10:30:00-04:00,139.19000244140625,142.6699981689453,139.0800018310547,142.47500610351562,288700.0
2026-07-24T11:30:00-04:00,142.50999450683594,142.58999633789062,141.3000030517578,141.66000366210938,202431.0
2026-07-24T12:30:00-04:00,141.6649932861328,141.6649932861328,140.8800048828125,141.2899932861328,140518.0
2026-07-24T13:30:00-04:00,141.31500244140625,141.77999877929688,141.30999755859375,141.57679748535156,131124.0
2026-07-24T14:30:00-04:00,141.57000732421875,141.86000061035156,141.1999969482422,141.27999877929688,311341.0
2026-07-24T15:30:00-04:00,141.3249969482422,141.77000427246094,141.00999450683594,141.05999755859375,547495.0
2026-07-27T09:30:00-04:00,143.0,145.88999938964844,143.0,145.41000366210938,412798.0
2026-07-27T10:30:00-04:00,145.2949981689453,145.75,144.75999450683594,145.60000610351562,272005.0
2026-07-27T11:30:00-04:00,145.60000610351562,145.9499969482422,145.05999755859375,145.77999877929688,233389.0
2026-07-27T12:30:00-04:00,145.82000732421875,146.3249969482422,145.6300048828125,146.0800018310547,239962.0
2026-07-27T13:30:00-04:00,146.02999877929688,146.1699981689453,145.6300048828125,145.7550048828125,200487.0
2026-07-27T14:30:00-04:00,145.75999450683594,146.65499877929688,145.72000122070312,146.3249969482422,353563.0
2026-07-27T15:30:00-04:00,146.33999633789062,147.02999877929688,146.30999755859375,146.86000061035156,579667.0
2026-07-28T09:30:00-04:00,148.8300018310547,151.10000610351562,148.08999633789062,151.10000610351562,709488.0
2026-07-28T10:30:00-04:00,151.03500366210938,151.24000549316406,149.77999877929688,150.9949951171875,889153.0
2026-07-28T11:30:00-04:00,150.9499969482422,151.8300018310547,150.86000061035156,150.99000549316406,824920.0
2026-07-28T12:30:00-04:00,151.00999450683594,151.89999389648438,151.0,151.69000244140625,669369.0
2026-07-28T13:30:00-04:00,151.64999389648438,152.39999389648438,151.43499755859375,151.85000610351562,975347.0
2026-07-28T14:30:00-04:00,151.86000061035156,152.39500427246094,151.18499755859375,151.6999969482422,799459.0
2026-07-28T15:30:00-04:00,151.66000366210938,153.15499877929688,151.5850067138672,153.0800018310547,976310.0
2026-07-29T09:30:00-04:00,152.0399932861328,156.5,151.5,153.75999450683594,776581.0
2026-07-29T10:30:00-04:00,153.5399932861328,154.5,153.44000244140625,153.6649932861328,279187.0
2026-07-29T11:30:00-04:00,153.74000549316406,154.35000610351562,153.60000610351562,154.1699981689453,350801.0
2026-07-29T12:30:00-04:00,154.24000549316406,154.3699951171875,153.64999389648438,153.8800048828125,252826.0
2026-07-29T13:30:00-04:00,153.82000732421875,155.14999389648438,153.6199951171875,154.8800048828125,406721.0
2026-07-29T14:30:00-04:00,154.85499572753906,155.17999267578125,153.5800018310547,153.5800018310547,376214.0
2026-07-29T15:30:00-04:00,153.55999755859375,154.0050048828125,152.61000061035156,153.0399932861328,679079.0
2026-07-30T09:30:00-04:00,151.5,151.6999969482422,149.85000610351562,150.08999633789062,322389.0
2026-07-30T10:30:00-04:00,150.0,150.6199951171875,149.60000610351562,150.27499389648438,249828.0
2026-07-30T11:30:00-04:00,150.19000244140625,151.2794952392578,150.1300048828125,151.11000061035156,204670.0
2026-07-30T12:30:00-04:00,151.125,151.71499633789062,151.125,151.36000061035156,197974.0
2026-07-30T13:30:00-04:00,151.36000061035156,151.9250030517578,151.02000427246094,151.88999938964844,159821.0
2026-07-30T14:30:00-04:00,151.8800048828125,152.0800018310547,151.5,151.6999969482422,275601.0
2026-07-30T15:30:00-04:00,151.60000610351562,152.2100067138672,151.27000427246094,152.05999755859375,479049.0
2026-07-31T09:30:00-04:00,150.83999633789062,152.625,149.61000061035156,151.4199981689453,364636.0
2026-07-31T10:30:00-04:00,151.49000549316406,152.05999755859375,150.97000122070312,151.3000030517578,185488.0
2026-07-31T11:30:00-04:00,151.2899932861328,151.92999267578125,150.94749450683594,151.0500030517578,144562.0
2026-07-31T12:30:00-04:00,151.0800018310547,151.7899932861328,151.00999450683594,151.72999572753906,127467.0
2026-07-31T13:30:00-04:00,151.70140075683594,152.14999389648438,151.3699951171875,152.0,136051.0
2026-07-31T14:30:00-04:00,151.97999572753906,152.17999267578125,151.5050048828125,151.50999450683594,210429.0
2026-07-31T15:30:00-04:00,151.50100708007812,151.99000549316406,151.375,151.52000427246094,328011.0
2026-08-03T09:30:00-04:00,153.33999633789062,154.55999755859375,150.02000427246094,150.52000427246094,500425.0
2026-08-03T10:30:00-04:00,150.59500122070312,151.71499633789062,150.0240936279297,151.4949951171875,388507.0
2026-08-03T11:30:00-04:00,151.5,151.6999969482422,150.72000122070312,151.44500732421875,278326.0
2026-08-03T12:30:00-04:00,151.4499969482422,151.58999633789062,151.10000610351562,151.27999877929688,166496.0
2026-08-03T13:30:00-04:00,151.25,151.47000122070312,150.89999389648438,151.1199951171875,233673.0
2026-08-03T14:30:00-04:00,151.11500549316406,151.47999572753906,150.32000732421875,151.0050048828125,401779.0
2026-08-03T15:30:00-04:00,151.0050048828125,151.47999572753906,150.5500030517578,150.60000610351562,501746.0
2026-08-04T09:30:00-04:00,149.75,151.19000244140625,148.86050415039062,149.125,499848.0
2026-08-04T10:30:00-04:00,149.17999267578125,149.5500030517578,148.74000549316406,148.8800048828125,458886.0
2026-08-04T11:30:00-04:00,148.89999389648438,149.5749969482422,148.64999389648438,148.88499450683594,327168.0
2026-08-04T12:30:00-04:00,148.86500549316406,149.24000549316406,148.7100067138672,149.14999389648438,188745.0
2026-08-04T13:30:00-04:00,149.2100067138672,149.67999267578125,148.89500427246094,149.53500366210938,284082.0
2026-08-04T14:30:00-04:00,149.52999877929688,150.14500427246094,149.41000366210938,150.02999877929688,312444.0
2026-08-04T15:30:00-04:00,150.0,150.55999755859375,149.8000030517578,149.8800048828125,574201.0
2026-08-05T09:30:00-04:00,153.91299438476562,155.14500427246094,152.32000732421875,152.69500732421875,574290.0
2026-08-05T10:30:00-04:00,152.66000366210938,153.10000610351562,151.2449951171875,151.6300048828125,304523.0
2026-08-05T11:30:00-04:00,151.60000610351562,151.63999938964844,150.86000061035156,151.42999267578125,238806.0
2026-08-05T12:30:00-04:00,151.3800048828125,152.58999633789062,151.3719940185547,152.27000427246094,295863.0
2026-08-05T13:30:00-04:00,152.27999877929688,152.7899932861328,152.1999969482422,152.5500030517578,196859.0
2026-08-05T14:30:00-04:00,152.5500030517578,152.55999755859375,151.8000030517578,151.88999938964844,320304.0
2026-08-05T15:30:00-04:00,151.94000244140625,153.32000732421875,151.89500427246094,152.52999877929688,619019.0
2026-08-06T09:30:00-04:00,152.49000549316406,153.77999877929688,150.5850067138672,150.81500244140625,580397.0
2026-08-06T10:30:00-04:00,150.75999450683594,151.19500732421875,149.6999969482422,150.0,363088.0
2026-08-06T11:30:00-04:00,150.00999450683594,150.27999877929688,149.5,149.9600067138672,677043.0
2026-08-06T12:30:00-04:00,150.0,150.11000061035156,148.75,149.06500244140625,3940.0
2026-08-06T13:30:00-04:00,149.0449981689453,150.5800018310547,148.94000244140625,150.44850158691406,371765.0
2026-08-06T14:30:00-04:00,150.4600067138672,151.1300048828125,150.1405029296875,150.44000244140625,783324.0
2026-08-06T15:30:00-04:00,150.4550018310547,151.7100067138672,149.9499969482422,151.6999969482422,859042.0
2026-08-07T09:30:00-04:00,165.0,176.39999389648438,164.82000732421875,175.63510131835938,5970062.0
2026-08-07T10:30:00-04:00,175.64999389648438,176.3524932861328,174.0612030029297,174.3000030517578,1965241.0
2026-08-07T11:30:00-04:00,174.27999877929688,175.80999755859375,172.74249267578125,173.47000122070312,1936759.0
2026-08-07T12:30:00-04:00,173.34300231933594,174.74000549316406,173.11500549316406,173.4949951171875,988984.0
2026-08-07T13:30:00-04:00,173.44509887695312,175.72000122070312,173.2899932861328,175.07000732421875,926978.0
2026-08-07T14:30:00-04:00,175.07000732421875,175.9199981689453,174.36000061035156,175.71499633789062,928293.0
2026-08-07T15:30:00-04:00,175.71499633789062,178.4499969482422,175.64979553222656,178.08999633789062,1862469.0
2026-08-10T09:30:00-04:00,178.6999969482422,181.8000030517578,177.85000610351562,180.85499572753906,1986835.0
2026-08-10T10:30:00-04:00,180.85499572753906,182.97000122070312,180.30999755859375,181.91000366210938,1017351.0
2026-08-10T11:30:00-04:00,181.7449951171875,182.97000122070312,181.6999969482422,182.85000610351562,585421.0
2026-08-10T12:30:00-04:00,182.8699951171875,183.8699951171875,182.52000427246094,183.64999389648438,636169.0
2026-08-10T13:30:00-04:00,183.64999389648438,184.77999877929688,183.50999450683594,184.75999450683594,818208.0
2026-08-10T14:30:00-04:00,184.75999450683594,185.99000549316406,183.67999267578125,184.38999938964844,1282783.0
2026-08-10T15:30:00-04:00,184.406005859375,184.94000244140625,184.0800018310547,184.6999969482422,1195031.0
2026-08-11T09:30:00-04:00,179.48500061035156,182.22000122070312,178.4499969482422,181.57000732421875,2141409.0
2026-08-11T10:30:00-04:00,181.5749969482422,185.60000610351562,181.3101043701172,184.68499755859375,1111118.0
2026-08-11T11:30:00-04:00,184.67999267578125,185.72999572753906,184.4199981689453,185.3699951171875,800698.0
2026-08-11T12:30:00-04:00,185.39999389648438,186.08999633789062,185.05999755859375,185.39999389648438,744580.0
2026-08-11T13:30:00-04:00,185.5050048828125,186.69500732421875,185.0500030517578,186.4550018310547,699482.0
2026-08-11T14:30:00-04:00,186.42999267578125,187.1199951171875,185.83999633789062,186.10000610351562,684261.0
2026-08-11T15:30:00-04:00,186.10000610351562,186.68499755859375,184.61000061035156,184.97999572753906,913565.0
2026-08-12T09:30:00-04:00,181.3979949951172,184.11000061035156,179.5,180.34010314941406,1293067.0
2026-08-12T10:30:00-04:00,180.47999572753906,181.13999938964844,180.02999877929688,180.67999267578125,609561.0
2026-08-12T11:30:00-04:00,180.67999267578125,180.75999450683594,179.61289978027344,180.13999938964844,427587.0
2026-08-12T12:30:00-04:00,180.25999450683594,180.77000427246094,180.13999938964844,180.60000610351562,398478.0
2026-08-12T13:30:00-04:00,180.4600067138672,181.0,179.5800018310547,179.5800018310547,499731.0
2026-08-12T14:30:00-04:00,179.5850067138672,180.6300048828125,179.25999450683594,180.41000366210938,768821.0
2026-08-12T15:30:00-04:00,180.39999389648438,181.58999633789062,179.9600067138672,180.07000732421875,1020186.0
2026-08-13T09:30:00-04:00,180.84500122070312,184.0800018310547,179.60499572753906,181.39999389648438,812062.0
2026-08-13T10:30:00-04:00,181.3699951171875,182.89999389648438,181.3000030517578,182.15499877929688,575261.0
2026-08-13T11:30:00-04:00,182.27000427246094,183.34500122070312,182.1699981689453,183.1199951171875,492512.0
2026-08-13T12:30:00-04:00,183.1300048828125,183.2899932861328,182.7449951171875,183.1999969482422,364717.0
2026-08-13T13:30:00-04:00,183.1699981689453,183.7698974609375,183.15499877929688,183.52499389648438,358491.0
2026-08-13T14:30:00-04:00,183.57000732421875,184.99000549316406,183.57000732421875,184.77000427246094,601250.0
2026-08-13T15:30:00-04:00,184.8000030517578,185.3300018310547,184.8000030517578,185.1300048828125,968251.0
2026-08-14T09:30:00-04:00,185.0,186.9499969482422,184.16319274902344,186.5800018310547,784418.0
2026-08-14T10:30:00-04:00,186.57000732421875,186.57000732421875,185.3800048828125,185.71499633789062,336816.0
2026-08-14T11:30:00-04:00,185.77000427246094,186.19000244140625,185.39999389648438,186.11500549316406,288862.0
2026-08-14T12:30:00-04:00,186.11500549316406,186.1699981689453,184.86000061035156,184.92999267578125,255370.0
2026-08-14T13:30:00-04:00,184.90499877929688,185.08949279785156,184.3300018310547,184.91000366210938,269685.0
2026-08-14T14:30:00-04:00,184.96499633789062,185.2550048828125,184.47000122070312,184.5399932861328,471584.0
2026-08-14T15:30:00-04:00,184.53500366210938,184.89999389648438,183.66000366210938,184.05999755859375,584491.0
2026-08-17T09:30:00-04:00,184.13999938964844,184.13999938964844,181.0500030517578,181.05999755859375,550544.0
2026-08-17T10:30:00-04:00,181.14500427246094,181.3000030517578,180.63009643554688,181.15499877929688,384591.0
2026-08-17T11:30:00-04:00,181.14739990234375,181.25,180.0800018310547,180.4250030517578,310354.0
2026-08-17T12:30:00-04:00,180.4250030517578,180.5998992919922,180.19000244140625,180.19000244140625,328221.0
2026-08-17T13:30:00-04:00,180.17999267578125,180.47000122070312,179.39999389648438,179.5800018310547,437750.0
2026-08-17T14:30:00-04:00,179.5800018310547,180.3699951171875,179.42999267578125,180.1750030517578,397100.0
2026-08-17T15:30:00-04:00,180.1699981689453,180.44500732421875,178.83999633789062,179.27000427246094,759542.0
2026-08-18T09:30:00-04:00,180.33999633789062,184.8000030517578,180.0800018310547,184.5500030517578,656567.0
2026-08-18T10:30:00-04:00,184.5500030517578,185.98989868164062,184.14999389648438,185.69000244140625,687653.0
2026-08-18T11:30:00-04:00,185.66000366210938,186.10000610351562,185.24200439453125,185.35000610351562,420162.0
2026-08-18T12:30:00-04:00,185.3300018310547,185.3300018310547,184.16000366210938,184.17999267578125,249137.0
2026-08-18T13:30:00-04:00,184.1300048828125,184.3300018310547,183.8000030517578,184.2449951171875,232849.0
2026-08-18T14:30:00-04:00,184.2899932861328,184.94000244140625,184.14999389648438,184.4499969482422,342708.0
2026-08-18T15:30:00-04:00,184.52000427246094,184.63499450683594,183.08999633789062,183.24000549316406,633968.0
2026-08-19T09:30:00-04:00,185.0,188.77000427246094,183.5800018310547,188.0,1084300.0
2026-08-19T10:30:00-04:00,188.00999450683594,189.1999969482422,187.17999267578125,187.6199951171875,562121.0
2026-08-19T11:30:00-04:00,187.6020050048828,188.39999389648438,187.22000122070312,187.3699951171875,333727.0
2026-08-19T12:30:00-04:00,187.4250030517578,187.77499389648438,187.02000427246094,187.31500244140625,286148.0
2026-08-19T13:30:00-04:00,187.3249969482422,187.42750549316406,186.7205047607422,187.0,270485.0
2026-08-19T14:30:00-04:00,187.0,187.47999572753906,186.52000427246094,186.9499969482422,481229.0
2026-08-19T15:30:00-04:00,186.9499969482422,187.14999389648438,186.19000244140625,186.3800048828125,886267.0
2026-08-20T09:30:00-04:00,183.2519989013672,186.8000030517578,183.2519989013672,185.77999877929688,1379027.0
2026-08-20T10:30:00-04:00,185.82000732421875,186.11500549316406,185.25,185.47999572753906,534065.0
2026-08-20T11:30:00-04:00,185.58999633789062,185.63999938964844,185.07000732421875,185.2100067138672,382247.0
2026-08-20T12:30:00-04:00,185.24000549316406,185.55999755859375,185.0,185.10000610351562,412821.0
2026-08-20T13:30:00-04:00,185.0850067138672,185.85499572753906,185.0850067138672,185.7100067138672,398625.0
2026-08-20T14:30:00-04:00,185.72999572753906,185.78500366210938,184.7899932861328,184.88999938964844,395238.0
2026-08-20T15:30:00-04:00,184.91000366210938,185.80999755859375,184.7899932861328,185.0,685079.0
2026-08-21T09:30:00-04:00,186.97000122070312,187.86000061035156,184.30999755859375,187.61000061035156,728370.0
2026-08-21T10:30:00-04:00,187.61000061035156,188.59500122070312,187.04200744628906,187.85000610351562,554411.0
2026-08-21T11:30:00-04:00,187.85000610351562,187.8979034423828,186.8699951171875,187.1300048828125,275495.0
2026-08-21T12:30:00-04:00,187.10009765625,187.60000610351562,186.64999389648438,187.0,398010.0
2026-08-21T13:30:00-04:00,187.01499938964844,187.1999969482422,186.2100067138672,186.33999633789062,306303.0
2026-08-21T14:30:00-04:00,186.33999633789062,186.85000610351562,186.3300018310547,186.3800048828125,310011.0
2026-08-21T15:30:00-04:00,186.375,187.77000427246094,186.375,187.3300018310547,911688.0
2026-08-24T09:30:00-04:00,189.0,193.33999633789062,188.52999877929688,193.16000366210938,1847829.0
2026-08-24T10:30:00-04:00,193.1649932861328,193.35000610351562,191.97500610351562,192.7949981689453,760502.0
2026-08-24T11:30:00-04:00,192.78500366210938,193.45289611816406,191.0500030517578,191.1699981689453,487383.0
2026-08-24T12:30:00-04:00,191.05999755859375,191.33999633789062,190.27000427246094,190.30999755859375,299066.0
2026-08-24T13:30:00-04:00,190.35499572753906,190.69000244140625,190.02000427246094,190.28500366210938,244552.0
2026-08-24T14:30:00-04:00,190.28500366210938,190.7198944091797,190.11000061035156,190.61000061035156,305908.0
2026-08-24T15:30:00-04:00,190.61000061035156,190.7100067138672,189.8800048828125,190.17999267578125,666468.0
2026-08-25T09:30:00-04:00,190.1300048828125,191.3594970703125,189.53500366210938,189.8699951171875,480808.0
2026-08-25T10:30:00-04:00,189.90499877929688,189.97999572753906,189.02999877929688,189.72000122070312,291508.0
2026-08-25T11:30:00-04:00,189.74000549316406,190.30999755859375,189.5449981689453,190.02999877929688,373614.0
2026-08-25T12:30:00-04:00,190.0800018310547,190.6999969482422,190.0500030517578,190.45509338378906,397282.0
2026-08-25T13:30:00-04:00,190.47999572753906,190.5500030517578,189.4199981689453,189.50999450683594,257727.0
2026-08-25T14:30:00-04:00,189.48500061035156,190.64500427246094,189.4219970703125,190.13999938964844,344540.0
2026-08-25T15:30:00-04:00,190.13999938964844,190.69000244140625,189.95399475097656,190.47999572753906,767668.0
2026-08-26T09:30:00-04:00,190.3000030517578,192.42999267578125,188.99000549316406,189.25999450683594,605312.0
2026-08-26T10:30:00-04:00,189.4199981689453,189.4199981689453,188.55999755859375,188.80999755859375,336814.0
2026-08-26T11:30:00-04:00,188.85000610351562,189.0850067138672,188.3800048828125,188.3800048828125,217046.0
2026-08-26T12:30:00-04:00,188.3300018310547,188.69000244140625,187.89999389648438,188.3699951171875,200024.0
2026-08-26T13:30:00-04:00,188.39500427246094,189.1699981689453,188.3699951171875,188.97000122070312,217697.0
2026-08-26T14:30:00-04:00,188.97999572753906,189.02999877929688,188.27999877929688,188.3300018310547,255224.0
2026-08-26T15:30:00-04:00,188.30499267578125,188.71499633789062,187.99000549316406,187.99000549316406,509895.0
2026-08-27T09:30:00-04:00,187.86000061035156,188.7194061279297,186.2100067138672,186.41000366210938,418792.0
2026-08-27T10:30:00-04:00,186.4600067138672,186.9600067138672,186.14999389648438,186.69500732421875,453482.0
2026-08-27T11:30:00-04:00,186.69500732421875,187.22999572753906,186.17999267578125,186.52999877929688,381105.0
2026-08-27T12:30:00-04:00,186.53500366210938,186.7899932861328,185.6999969482422,186.07000732421875,862450.0
2026-08-27T13:30:00-04:00,186.05999755859375,186.4250030517578,185.41000366210938,185.77999877929688,307587.0
2026-08-27T14:30:00-04:00,185.7899932861328,185.82000732421875,184.92999267578125,185.06500244140625,464039.0
2026-08-27T15:30:00-04:00,185.0399932861328,185.3000030517578,184.0500030517578,184.3699951171875,718660.0
2026-08-28T09:30:00-04:00,184.6699981689453,188.97000122070312,184.6699981689453,188.4600067138672,769606.0
2026-08-28T10:30:00-04:00,188.5399932861328,191.3699951171875,188.5050048828125,191.11000061035156,930176.0
2026-08-28T11:30:00-04:00,191.22999572753906,191.49000549316406,190.5399932861328,190.60499572753906,391907.0
2026-08-28T12:30:00-04:00,190.61500549316406,191.10000610351562,189.4499969482422,189.4499969482422,441934.0
2026-08-28T13:30:00-04:00,189.4499969482422,189.94000244140625,189.25,189.64999389648438,271252.0
2026-08-28T14:30:00-04:00,189.72999572753906,189.8699951171875,189.30499267578125,189.34500122070312,505712.0
2026-08-28T15:30:00-04:00,189.32000732421875,189.7198944091797,188.97000122070312,189.3925018310547,826048.0
2026-08-31T09:30:00-04:00,188.22000122070312,189.25999450683594,185.11000061035156,185.81500244140625,1136831.0
2026-08-31T10:30:00-04:00,185.67999267578125,185.97000122070312,184.24000549316406,184.2550048828125,516446.0
2026-08-31T11:30:00-04:00,184.27499389648438,185.07000732421875,183.82000732421875,184.38999938964844,442269.0
2026-08-31T12:30:00-04:00,184.44000244140625,184.52000427246094,182.67999267578125,183.23500061035156,702832.0
2026-08-31T13:30:00-04:00,183.2449951171875,183.9600067138672,182.60000610351562,182.92999267578125,808430.0
2026-08-31T14:30:00-04:00,182.98500061035156,183.0500030517578,182.1199951171875,182.38999938964844,749446.0
2026-08-31T15:30:00-04:00,182.38999938964844,183.58999633789062,181.83999633789062,183.24000549316406,1180201.0
2026-09-01T09:30:00-04:00,182.0500030517578,184.19000244140625,180.75,184.1199951171875,683148.0
2026-09-01T10:30:00-04:00,184.07000732421875,184.21499633789062,181.82000732421875,182.75,403642.0
2026-09-01T11:30:00-04:00,182.7899932861328,183.16000366210938,181.61000061035156,181.6999969482422,303052.0
2026-09-01T12:30:00-04:00,181.6999969482422,183.0850067138672,181.32000732421875,182.94000244140625,373728.0
2026-09-01T13:30:00-04:00,182.93499755859375,183.86000061035156,182.77000427246094,183.6699981689453,374637.0
2026-09-01T14:30:00-04:00,183.6999969482422,183.9425048828125,182.00999450683594,182.3699951171875,619590.0
2026-09-01T15:30:00-04:00,182.36500549316406,182.72999572753906,181.92999267578125,182.55999755859375,551119.0
2026-09-02T09:30:00-04:00,183.27999877929688,183.27999877929688,180.16000366210938,181.32000732421875,547039.0
2026-09-02T10:30:00-04:00,181.3300018310547,181.89999389648438,180.60000610351562,181.89999389648438,329091.0
2026-09-02T11:30:00-04:00,181.89500427246094,182.9199981689453,181.57000732421875,182.63999938964844,269727.0
2026-09-02T12:30:00-04:00,182.7100067138672,183.3000030517578,182.52999877929688,183.27999877929688,238578.0
2026-09-02T13:30:00-04:00,183.2899932861328,183.47000122070312,182.6300048828125,183.42999267578125,412599.0
2026-09-02T14:30:00-04:00,183.47999572753906,183.50999450683594,182.6300048828125,182.8699951171875,400063.0
2026-09-02T15:30:00-04:00,182.89500427246094,183.55999755859375,182.86500549316406,183.27000427246094,526596.0
2026-09-03T09:30:00-04:00,184.70199584960938,187.0,184.14999389648438,185.32000732421875,916137.0
2026-09-03T10:30:00-04:00,185.30499267578125,187.1199951171875,183.67999267578125,187.1199951171875,788156.0
2026-09-03T11:30:00-04:00,187.0399932861328,187.36000061035156,186.58999633789062,187.11000061035156,440147.0
2026-09-03T12:30:00-04:00,187.03500366210938,187.03500366210938,185.3000030517578,186.14999389648438,524396.0
2026-09-03T13:30:00-04:00,186.17999267578125,186.52499389648438,185.10000610351562,185.1999969482422,459077.0
2026-09-03T14:30:00-04:00,185.2259063720703,185.85000610351562,184.89999389648438,184.89999389648438,435928.0
2026-09-03T15:30:00-04:00,184.85000610351562,185.67999267578125,184.60000610351562,185.24000549316406,612007.0
2026-09-04T09:30:00-04:00,183.19000244140625,184.50999450683594,181.58999633789062,181.72999572753906,697912.0
2026-09-04T10:30:00-04:00,181.65499877929688,182.22999572753906,181.16000366210938,181.9149932861328,378754.0
2026-09-04T11:30:00-04:00,181.98959350585938,182.14999389648438,181.5,181.59500122070312,287542.0
2026-09-04T12:30:00-04:00,181.57000732421875,182.5449981689453,181.5,182.47000122070312,247706.0
2026-09-04T13:30:00-04:00,182.5,182.875,182.1300048828125,182.69000244140625,217277.0
2026-09-04T14:30:00-04:00,182.7100067138672,182.9199981689453,182.52000427246094,182.7449951171875,337381.0
2026-09-04T15:30:00-04:00,182.72999572753906,182.82000732421875,181.6699981689453,181.92999267578125,580880.0
2026-09-08T09:30:00-04:00,181.63499450683594,182.7899932861328,177.5800018310547,177.67999267578125,1549632.0
2026-09-08T10:30:00-04:00,177.72000122070312,178.0,175.8101043701172,176.24000549316406,743972.0
2026-09-08T11:30:00-04:00,176.24000549316406,176.89999389648438,175.6300048828125,176.1699981689453,380245.0
2026-09-08T12:30:00-04:00,176.1199951171875,176.50599670410156,174.9499969482422,175.05499267578125,422221.0
2026-09-08T13:30:00-04:00,175.05499267578125,176.0,175.05499267578125,175.30999755859375,374885.0
2026-09-08T14:30:00-04:00,175.3000030517578,175.77999877929688,173.03269958496094,173.2899932861328,707011.0
2026-09-08T15:30:00-04:00,173.3000030517578,174.6699981689453,173.25,174.53399658203125,1031379.0
2026-09-09T09:30:00-04:00,173.0,174.39999389648438,169.25,171.25999450683594,937922.0
2026-09-09T10:30:00-04:00,171.25250244140625,171.25250244140625,168.89999389648438,169.52000427246094,455663.0
2026-09-09T11:30:00-04:00,169.5800018310547,170.1699981689453,169.05999755859375,169.76499938964844,318271.0
2026-09-09T12:30:00-04:00,169.77000427246094,171.41000366210938,169.6300048828125,171.10499572753906,277309.0
2026-09-09T13:30:00-04:00,171.0500030517578,171.2100067138672,169.80999755859375,170.02999877929688,271275.0
2026-09-09T14:30:00-04:00,169.99000549316406,170.6199951171875,169.52090454101562,169.52499389648438,344846.0
2026-09-09T15:30:00-04:00,169.52000427246094,170.10000610351562,168.9600067138672,169.6300048828125,784508.0
2026-09-10T09:30:00-04:00,167.91000366210938,170.05999755859375,165.8300018310547,169.2899932861328,721961.0
2026-09-10T10:30:00-04:00,169.22999572753906,169.9199981689453,168.63999938964844,169.72000122070312,429624.0
2026-09-10T11:30:00-04:00,169.71499633789062,170.1300048828125,169.3699951171875,169.57000732421875,243127.0
2026-09-10T12:30:00-04:00,169.5399932861328,169.89999389648438,169.41000366210938,169.4199981689453,224229.0
2026-09-10T13:30:00-04:00,169.47999572753906,169.5399932861328,167.6699981689453,168.0749969482422,291499.0
2026-09-10T14:30:00-04:00,168.0399932861328,168.16000366210938,167.44000244140625,167.56500244140625,325455.0
2026-09-10T15:30:00-04:00,167.52999877929688,167.75,167.02999877929688,167.6199951171875,581360.0
2026-09-11T09:30:00-04:00,170.02999877929688,170.02999877929688,167.64999389648438,168.14500427246094,261351.0
2026-09-11T10:30:00-04:00,168.13999938964844,169.77000427246094,168.13999938964844,169.08900451660156,210175.0
2026-09-11T11:30:00-04:00,169.0850067138672,169.55999755859375,169.03500366210938,169.25999450683594,162731.0
2026-09-11T12:30:00-04:00,169.24000549316406,169.5500030517578,169.1300048828125,169.39999389648438,151689.0
2026-09-11T13:30:00-04:00,169.3300018310547,169.52000427246094,169.08999633789062,169.47999572753906,217956.0
2026-09-11T14:30:00-04:00,169.47500610351562,170.0800018310547,169.39999389648438,170.07000732421875,316363.0
2026-09-11T15:30:00-04:00,170.08999633789062,170.42999267578125,169.74000549316406,170.19000244140625,647258.0
2026-09-14T09:30:00-04:00,170.47000122070312,173.4250030517578,168.64999389648438,169.30999755859375,675303.0
2026-09-14T10:30:00-04:00,169.30999755859375,170.3249969482422,169.16000366210938,169.43499755859375,313615.0
2026-09-14T11:30:00-04:00,169.43499755859375,170.3699951171875,169.26499938964844,169.9600067138672,163082.0
2026-09-14T12:30:00-04:00,169.95199584960938,170.5,169.77000427246094,170.3300018310547,164274.0
2026-09-14T13:30:00-04:00,170.27999877929688,170.63119506835938,169.86000061035156,170.16000366210938,182110.0
2026-09-14T14:30:00-04:00,170.10000610351562,170.23570251464844,169.77000427246094,170.08999633789062,262580.0
2026-09-14T15:30:00-04:00,170.1649932861328,170.7899932861328,170.14500427246094,170.66000366210938,484578.0
2026-09-15T09:30:00-04:00,168.9499969482422,169.77000427246094,166.8300018310547,166.89500427246094,356412.0
2026-09-15T10:30:00-04:00,166.89500427246094,167.625,166.6300048828125,167.11500549316406,216822.0
2026-09-15T11:30:00-04:00,167.1999969482422,168.07000732421875,167.14999389648438,167.9499969482422,206187.0
2026-09-15T12:30:00-04:00,167.9199981689453,168.44000244140625,167.82569885253906,167.84620666503906,175549.0
2026-09-15T13:30:00-04:00,167.89999389648438,168.35000610351562,167.80999755859375,168.1230010986328,221023.0
2026-09-15T14:30:00-04:00,168.1699981689453,168.59500122070312,167.88499450683594,168.0050048828125,289498.0
2026-09-15T15:30:00-04:00,168.0399932861328,168.3699951171875,167.64999389648438,168.34500122070312,451250.0
2026-09-16T09:30:00-04:00,167.48500061035156,169.58999633789062,166.82000732421875,169.41839599609375,492422.0
2026-09-16T10:30:00-04:00,169.52999877929688,170.1300048828125,168.80999755859375,169.36000061035156,289457.0
2026-09-16T11:30:00-04:00,169.375,170.52999877929688,169.1300048828125,169.875,342676.0
2026-09-16T12:30:00-04:00,169.89999389648438,170.125,168.94000244140625,169.18499755859375,282599.0
2026-09-16T13:30:00-04:00,169.10000610351562,169.10000610351562,168.30999755859375,168.7949981689453,193490.0
2026-09-16T14:30:00-04:00,168.7949981689453,168.85000610351562,166.60000610351562,167.49000549316406,329585.0
2026-09-16T15:30:00-04:00,167.4949951171875,167.7050018310547,166.8000030517578,167.52000427246094,420423.0
2026-09-17T09:30:00-04:00,169.30999755859375,169.30999755859375,165.60000610351562,167.36000061035156,399203.0
2026-09-17T10:30:00-04:00,167.2899932861328,167.58999633789062,165.78500366210938,166.38499450683594,238441.0
2026-09-17T11:30:00-04:00,166.41000366210938,166.72000122070312,165.91000366210938,166.1999969482422,140884.0
2026-09-17T12:30:00-04:00,166.22999572753906,166.27000427246094,165.72999572753906,165.9600067138672,158611.0
2026-09-17T13:30:00-04:00,165.9499969482422,166.24000549316406,165.67999267578125,165.74000549316406,156642.0
2026-09-17T14:30:00-04:00,165.7100067138672,165.97000122070312,165.42999267578125,165.6300048828125,281321.0
2026-09-17T15:30:00-04:00,165.5800018310547,166.1699981689453,165.52000427246094,165.9199981689453,414061.0
2026-09-18T09:30:00-04:00,165.46499633789062,166.4199981689453,164.7949981689453,165.2949981689453,936437.0
2026-09-18T10:30:00-04:00,165.31500244140625,166.69000244140625,165.02999877929688,165.86000061035156,272060.0
2026-09-18T11:30:00-04:00,165.91000366210938,166.18960571289062,165.5850067138672,166.0800018310547,244811.0
2026-09-18T12:30:00-04:00,166.0399932861328,166.36000061035156,165.72999572753906,165.82000732421875,174711.0
2026-09-18T13:30:00-04:00,165.82000732421875,166.27000427246094,165.71780395507812,166.27000427246094,205186.0
2026-09-18T14:30:00-04:00,166.25010681152344,167.27000427246094,166.17999267578125,167.1699981689453,347681.0
2026-09-18T15:30:00-04:00,167.19000244140625,167.33999633789062,165.82000732421875,166.1999969482422,894291.0
2026-09-21T09:30:00-04:00,166.55999755859375,167.3000030517578,164.70010375976562,166.3800048828125,411390.0
2026-09-21T10:30:00-04:00,166.41000366210938,166.47999572753906,165.63999938964844,165.8800048828125,234003.0
2026-09-21T11:30:00-04:00,165.76499938964844,166.72000122070312,165.52999877929688,166.55999755859375,221649.0
2026-09-21T12:30:00-04:00,166.50999450683594,166.83999633789062,166.3350067138672,166.75,169352.0
2026-09-21T13:30:00-04:00,166.81500244140625,167.5800018310547,166.60000610351562,167.44000244140625,238691.0
2026-09-21T14:30:00-04:00,167.4499969482422,167.97000122070312,167.19000244140625,167.85000610351562,356554.0
2026-09-21T15:30:00-04:00,167.8350067138672,167.9499969482422,166.77999877929688,166.86000061035156,545363.0
2026-09-22T09:30:00-04:00,169.60000610351562,169.60000610351562,164.2357940673828,164.5,386141.0
2026-09-22T10:30:00-04:00,164.4600067138672,164.85000610351562,161.80999755859375,163.19000244140625,539889.0
2026-09-22T11:30:00-04:00,163.1999969482422,163.83999633789062,162.58999633789062,163.6199951171875,302563.0
2026-09-22T12:30:00-04:00,163.5399932861328,163.83999633789062,162.80999755859375,163.1699981689453,202961.0
2026-09-22T13:30:00-04:00,163.1649932861328,163.33999633789062,161.31500244140625,162.02000427246094,440005.0
2026-09-22T14:30:00-04:00,162.10000610351562,162.2100067138672,160.76499938964844,160.7899932861328,640047.0
2026-09-22T15:30:00-04:00,160.80999755859375,162.67999267578125,160.7100067138672,161.80999755859375,1171008.0
2026-09-23T09:30:00-04:00,159.52000427246094,160.1999969482422,153.55999755859375,155.53500366210938,1633210.0
2026-09-23T10:30:00-04:00,155.47940063476562,155.55499267578125,152.38999938964844,152.44000244140625,968574.0
2026-09-23T11:30:00-04:00,152.44000244140625,153.22000122070312,151.75,152.6699981689453,1966436.0
2026-09-23T12:30:00-04:00,152.67999267578125,152.72999572753906,151.375,152.30999755859375,1090134.0
2026-09-23T13:30:00-04:00,152.27000427246094,152.55999755859375,151.5612030029297,152.16000366210938,1324869.0
2026-09-23T14:30:00-04:00,152.14999389648438,152.19000244140625,150.24000549316406,150.81500244140625,1630505.0
2026-09-23T15:30:00-04:00,150.86000061035156,150.9199981689453,149.0,149.6699981689453,2672823.0
2026-09-24T09:30:00-04:00,150.6999969482422,153.9698944091797,150.6999969482422,151.9700927734375,1380330.0
2026-09-24T10:30:00-04:00,152.0,152.23500061035156,151.3000030517578,151.47500610351562,594079.0
2026-09-24T11:30:00-04:00,151.48500061035156,152.46499633789062,150.4199981689453,151.05499267578125,774496.0
2026-09-24T12:30:00-04:00,151.1649932861328,151.40220642089844,150.52000427246094,150.64999389648438,685235.0
2026-09-24T13:30:00-04:00,150.66439819335938,150.91000366210938,150.0399932861328,150.4149932861328,905082.0
2026-09-24T14:30:00-04:00,150.39999389648438,150.8249969482422,149.67999267578125,150.8249969482422,814971.0
2026-09-24T15:30:00-04:00,150.77000427246094,151.88499450683594,150.67999267578125,151.36000061035156,1062061.0
2026-09-25T09:30:00-04:00,151.3800048828125,154.74000549316406,151.17999267578125,154.60000610351562,761557.0
2026-09-25T10:30:00-04:00,154.67999267578125,155.33999633789062,154.42010498046875,154.9199981689453,502962.0
2026-09-25T11:30:00-04:00,154.94500732421875,157.6999969482422,154.7301025390625,157.57000732421875,627918.0
2026-09-25T12:30:00-04:00,157.61000061035156,158.63999938964844,156.80999755859375,156.80999755859375,773521.0
2026-09-25T13:30:00-04:00,156.82000732421875,156.94000244140625,156.20249938964844,156.34500122070312,433574.0
2026-09-25T14:30:00-04:00,156.375,157.41000366210938,156.3000030517578,157.05499267578125,503635.0
2026-09-25T15:30:00-04:00,157.07000732421875,158.1649932861328,156.81500244140625,157.47999572753906,1070898.0
2026-09-28T09:30:00-04:00,156.0,158.5399932861328,154.11000061035156,157.5399932861328,819394.0
2026-09-28T10:30:00-04:00,157.5850067138672,157.8300018310547,156.36000061035156,157.25999450683594,516534.0
2026-09-28T11:30:00-04:00,157.30999755859375,157.5399932861328,156.38999938964844,157.4199981689453,327182.0
2026-09-28T12:30:00-04:00,157.35000610351562,158.6999969482422,156.57000732421875,157.6300048828125,288932.0
2026-09-28T13:30:00-04:00,157.66000366210938,157.8699951171875,157.24000549316406,157.36990356445312,229521.0
2026-09-28T14:30:00-04:00,157.34500122070312,157.97999572753906,156.7949981689453,156.88999938964844,376240.0
2026-09-28T15:30:00-04:00,156.91000366210938,156.91000366210938,155.77000427246094,156.10000610351562,657885.0
2026-09-29T09:30:00-04:00,155.9499969482422,156.77000427246094,153.6999969482422,155.1300048828125,482224.0
2026-09-29T10:30:00-04:00,155.15499877929688,155.2100067138672,153.9550018310547,154.4949951171875,360831.0
2026-09-29T11:30:00-04:00,154.5,156.25,154.47999572753906,156.03500366210938,370931.0
2026-09-29T12:30:00-04:00,156.03500366210938,156.3699951171875,155.1649932861328,156.1649932861328,398728.0
2026-09-29T13:30:00-04:00,156.1699981689453,157.9199981689453,155.97000122070312,157.5500030517578,408338.0
2026-09-29T14:30:00-04:00,157.60000610351562,158.39999389648438,157.3000030517578,157.41000366210938,483196.0
2026-09-29T15:30:00-04:00,157.39100646972656,157.39100646972656,156.47500610351562,156.97000122070312,783097.0
