t,o,h,l,c,v
2023-10-31T09:30:00-04:00,337.95001220703125,338.8900146484375,337.5,337.8699951171875,372633.0
2023-10-31T10:30:00-04:00,337.92999267578125,339.1400146484375,337.6499938964844,338.6000061035156,223831.0
2023-10-31T11:30:00-04:00,338.4901123046875,339.1567077636719,338.20001220703125,338.6400146484375,168541.0
2023-10-31T12:30:00-04:00,338.739990234375,340.57000732421875,338.6099853515625,340.45001220703125,198248.0
2023-10-31T13:30:00-04:00,340.4800109863281,341.239990234375,340.1000061035156,340.2749938964844,259135.0
2023-10-31T14:30:00-04:00,340.33990478515625,341.4330139160156,340.20001220703125,341.364990234375,261368.0
2023-10-31T15:30:00-04:00,341.3898010253906,341.489990234375,340.29998779296875,341.2300109863281,550247.0
2023-11-01T09:30:00-04:00,341.2099914550781,344.7799987792969,340.5799865722656,344.25750732421875,346907.0
2023-11-01T10:30:00-04:00,344.260009765625,345.010009765625,343.4129943847656,343.67999267578125,236049.0
2023-11-01T11:30:00-04:00,343.5899963378906,344.5599060058594,342.4200134277344,342.5199890136719,205281.0
2023-11-01T12:30:00-04:00,342.4200134277344,343.010009765625,341.989990234375,342.5799865722656,151515.0
2023-11-01T13:30:00-04:00,342.5,343.9200134277344,342.0700988769531,343.5450134277344,175890.0
2023-11-01T14:30:00-04:00,343.7099914550781,345.3299865722656,342.82000732421875,344.70001220703125,312760.0
2023-11-01T15:30:00-04:00,344.57000732421875,344.8500061035156,343.6099853515625,343.7699890136719,446024.0
2023-11-02T09:30:00-04:00,346.3900146484375,348.05999755859375,344.5,347.7250061035156,543500.0
2023-11-02T10:30:00-04:00,347.7950134277344,348.7699890136719,346.8299865722656,347.6449890136719,298753.0
2023-11-02T11:30:00-04:00,347.75,348.33990478515625,347.3500061035156,347.8023986816406,236972.0
2023-11-02T12:30:00-04:00,347.80999755859375,348.7099914550781,347.69000244140625,348.6000061035156,244942.0
2023-11-02T13:30:00-04:00,348.67999267578125,349.1300048828125,348.34759521484375,348.5849914550781,235380.0
2023-11-02T14:30:00-04:00,348.6300048828125,349.1000061035156,348.3599853515625,348.67498779296875,283438.0
2023-11-02T15:30:00-04:00,348.67498779296875,349.385009765625,348.4800109863281,349.05999755859375,541715.0
2023-11-03T09:30:00-04:00,350.1700134277344,351.94000244140625,349.7900085449219,351.6099853515625,597505.0
2023-11-03T10:30:00-04:00,351.6099853515625,352.67999267578125,351.19830322265625,352.2900085449219,435956.0
2023-11-03T11:30:00-04:00,352.32000732421875,353.3999938964844,352.1099853515625,353.239990234375,290435.0
2023-11-03T12:30:00-04:00,353.260009765625,354.25,353.15008544921875,353.375,373656.0
2023-11-03T13:30:00-04:00,353.489990234375,354.1700134277344,353.2699890136719,353.8699951171875,296425.0
2023-11-03T14:30:00-04:00,353.8299865722656,354.3500061035156,353.1099853515625,353.3999938964844,820113.0
2023-11-03T15:30:00-04:00,353.3699951171875,353.3699951171875,351.54998779296875,351.8900146484375,718882.0
2023-11-06T09:30:00-05:00,354.0299987792969,354.0299987792969,344.2300109863281,346.489990234375,1598673.0
2023-11-06T10:30:00-05:00,346.5199890136719,347.0799865722656,345.3399963378906,346.0400085449219,592497.0
2023-11-06T11:30:00-05:00,346.1199951171875,346.4200134277344,344.6300048828125,345.0199890136719,457722.0
2023-11-06T12:30:00-05:00,345.1000061035156,346.29998779296875,344.3399963378906,346.29998779296875,305007.0
2023-11-06T13:30:00-05:00,346.2200012207031,346.510009765625,344.5,344.8699951171875,337397.0
2023-11-06T14:30:00-05:00,344.7250061035156,345.2161865234375,344.05999755859375,344.7099914550781,459561.0
2023-11-06T15:30:00-05:00,344.75,346.94000244140625,344.7300109863281,346.8299865722656,725250.0
2023-11-07T09:30:00-05:00,346.80999755859375,346.95001220703125,344.2950134277344,345.07501220703125,580007.0
2023-11-07T10:30:00-05:00,345.05999755859375,346.25,344.88079833984375,344.989990234375,311615.0
2023-11-07T11:30:00-05:00,344.9700012207031,345.6265869140625,344.92498779296875,345.3409118652344,224566.0
2023-11-07T12:30:00-05:00,345.2799987792969,345.75,344.9530944824219,345.42999267578125,245239.0
2023-11-07T13:30:00-05:00,345.3500061035156,345.510009765625,345.05010986328125,345.2900085449219,272633.0
2023-11-07T14:30:00-05:00,345.3699951171875,345.8099060058594,345.0,345.69500732421875,273644.0
2023-11-07T15:30:00-05:00,345.739990234375,346.3299865722656,345.4100036621094,346.2099914550781,514782.0
2023-11-08T09:30:00-05:00,346.8500061035156,348.0,346.3699951171875,346.5400085449219,385632.0
2023-11-08T10:30:00-05:00,346.4599914550781,347.5801086425781,346.3299865722656,346.7300109863281,185345.0
2023-11-08T11:30:00-05:00,346.7049865722656,346.7900085449219,344.6871032714844,345.3240051269531,196517.0
2023-11-08T12:30:00-05:00,345.260009765625,345.760009765625,344.8999938964844,345.1199951171875,191166.0
2023-11-08T13:30:00-05:00,345.1700134277344,345.75,345.1700134277344,345.6499938964844,201556.0
2023-11-08T14:30:00-05:00,345.7200012207031,346.1199951171875,345.4566955566406,346.00799560546875,237667.0
2023-11-08T15:30:00-05:00,345.9700012207031,346.5299987792969,345.7049865722656,346.5,442594.0
2023-11-09T09:30:00-05:00,347.6400146484375,349.3580017089844,346.881591796875,347.510009765625,468635.0
2023-11-09T10:30:00-05:00,347.3999938964844,348.95001220703125,347.2099914550781,348.7200012207031,184816.0
2023-11-09T11:30:00-05:00,348.69000244140625,349.5,348.69000244140625,349.3500061035156,199837.0
2023-11-09T12:30:00-05:00,349.4147033691406,350.1099853515625,348.3900146484375,348.7099914550781,213259.0
2023-11-09T13:30:00-05:00,348.54998779296875,348.6300048828125,347.4700012207031,348.0899963378906,186070.0
2023-11-09T14:30:00-05:00,348.2799987792969,348.57000732421875,347.4599914550781,348.1000061035156,295336.0
2023-11-09T15:30:00-05:00,348.20001220703125,348.2699890136719,347.385009765625,348.2099914550781,586462.0
2023-11-10T09:30:00-05:00,349.9800109863281,351.20001220703125,348.7799987792969,349.92010498046875,439378.0
2023-11-10T10:30:00-05:00,349.91009521484375,350.739990234375,349.2349853515625,350.6050109863281,192991.0
2023-11-10T11:30:00-05:00,350.69000244140625,350.79998779296875,349.8299865722656,349.8999938964844,184668.0
2023-11-10T12:30:00-05:00,349.9599914550781,350.7200012207031,348.6000061035156,349.3800048828125,436326.0
2023-11-10T13:30:00-05:00,349.489990234375,350.5398864746094,349.44000244140625,350.1799011230469,290860.0
2023-11-10T14:30:00-05:00,350.17999267578125,350.55999755859375,349.8800048828125,350.5400085449219,297216.0
2023-11-10T15:30:00-05:00,350.55999755859375,350.8299865722656,350.2799987792969,350.57000732421875,668170.0
2023-11-13T09:30:00-05:00,350.0899963378906,350.55999755859375,348.82000732421875,349.125,343295.0
2023-11-13T10:30:00-05:00,349.0849914550781,349.9049987792969,348.80999755859375,349.9049987792969,210530.0
2023-11-13T11:30:00-05:00,349.8800048828125,350.6474914550781,349.3699951171875,350.25799560546875,194280.0
2023-11-13T12:30:00-05:00,350.2699890136719,350.3399963378906,349.2598876953125,349.2699890136719,231394.0
2023-11-13T13:30:00-05:00,349.25,349.7475891113281,348.8399963378906,349.5799865722656,161687.0
2023-11-13T14:30:00-05:00,349.5799865722656,350.0719909667969,349.4100036621094,349.981201171875,195614.0
2023-11-13T15:30:00-05:00,350.0,350.2099914550781,349.6499938964844,349.760009765625,314949.0
2023-11-14T09:30:00-05:00,352.5199890136719,353.7349853515625,351.25,353.7200012207031,599586.0
2023-11-14T10:30:00-05:00,353.6700134277344,354.67999267578125,353.5199890136719,354.533203125,356811.0
2023-11-14T11:30:00-05:00,354.6499938964844,354.8299865722656,353.6499938964844,354.0,342049.0
2023-11-14T12:30:00-05:00,354.04998779296875,354.95001220703125,353.9200134277344,354.3399963378906,266228.0
2023-11-14T13:30:00-05:00,354.44000244140625,354.8699035644531,353.989990234375,354.81500244140625,217979.0
2023-11-14T14:30:00-05:00,354.8699951171875,355.95001220703125,354.8500061035156,355.3299865722656,315977.0
2023-11-14T15:30:00-05:00,355.2900085449219,355.489990234375,353.44500732421875,354.239990234375,487272.0
2023-11-15T09:30:00-05:00,355.0199890136719,356.25,354.4822082519531,355.9700012207031,547242.0
2023-11-15T10:30:00-05:00,355.9700012207031,356.75,355.69000244140625,356.3399963378906,302061.0
2023-11-15T11:30:00-05:00,356.3500061035156,357.30999755859375,355.95001220703125,356.9580078125,284899.0
2023-11-15T12:30:00-05:00,356.99609375,357.1400146484375,356.489990234375,356.6900939941406,222242.0
2023-11-15T13:30:00-05:00,356.7699890136719,357.2799987792969,356.44000244140625,356.82000732421875,240172.0
2023-11-15T14:30:00-05:00,356.79998779296875,357.25,356.5400085449219,357.04998779296875,272887.0
2023-11-15T15:30:00-05:00,357.04998779296875,357.1000061035156,355.61248779296875,356.8299865722656,725104.0
2023-11-16T09:30:00-05:00,357.7900085449219,359.3999938964844,357.2300109863281,358.8500061035156,450134.0
2023-11-16T10:30:00-05:00,358.9150085449219,359.0299987792969,357.70001220703125,358.34320068359375,369731.0
2023-11-16T11:30:00-05:00,358.364990234375,359.54998779296875,358.2699890136719,359.3900146484375,263969.0
2023-11-16T12:30:00-05:00,359.3500061035156,359.79998779296875,358.9599914550781,359.70001220703125,205446.0
2023-11-16T13:30:00-05:00,359.6700134277344,359.94989013671875,358.6600036621094,358.9100036621094,194674.0
2023-11-16T14:30:00-05:00,358.8699951171875,359.739990234375,358.8699951171875,359.6099853515625,240152.0
2023-11-16T15:30:00-05:00,359.6300048828125,360.0,359.3900146484375,359.8999938964844,486918.0
2023-11-17T09:30:00-05:00,360.4700012207031,360.55999755859375,359.260009765625,359.80999755859375,738791.0
2023-11-17T10:30:00-05:00,359.760009765625,360.3500061035156,359.3301086425781,359.9800109863281,208825.0
2023-11-17T11:30:00-05:00,359.92999267578125,360.3900146484375,359.510009765625,359.57000732421875,207482.0
2023-11-17T12:30:00-05:00,359.55999755859375,359.6099853515625,358.3550109863281,358.42498779296875,248120.0
2023-11-17T13:30:00-05:00,358.44000244140625,358.80999755859375,358.0799865722656,358.32000732421875,232305.0
2023-11-17T14:30:00-05:00,358.2850036621094,359.2300109863281,358.07000732421875,359.1650085449219,332645.0
2023-11-17T15:30:00-05:00,359.2200012207031,359.2699890136719,358.4750061035156,358.760009765625,464561.0
2023-11-20T09:30:00-05:00,359.3500061035156,361.1400146484375,358.17999267578125,360.9949951171875,465183.0
2023-11-20T10:30:00-05:00,360.92999267578125,361.55999755859375,360.3999938964844,361.55999755859375,527405.0
2023-11-20T11:30:00-05:00,361.6199951171875,361.79998779296875,361.07000732421875,361.79998779296875,180372.0
2023-11-20T12:30:00-05:00,361.7799987792969,362.1838073730469,361.19500732421875,361.7550048828125,177493.0
2023-11-20T13:30:00-05:00,361.7850036621094,361.95001220703125,361.5899963378906,361.8963928222656,285550.0
2023-11-20T14:30:00-05:00,361.91400146484375,362.5,361.8450012207031,362.4549865722656,232884.0
2023-11-20T15:30:00-05:00,362.3900146484375,362.6099853515625,361.0299987792969,361.4800109863281,539622.0
2023-11-21T09:30:00-05:00,360.5799865722656,362.25,360.4700012207031,362.07000732421875,343613.0
2023-11-21T10:30:00-05:00,362.04998779296875,362.489990234375,361.6000061035156,361.9825134277344,194437.0
2023-11-21T11:30:00-05:00,361.931396484375,362.55999755859375,361.7099914550781,362.32000732421875,153320.0
2023-11-21T12:30:00-05:00,362.3599853515625,362.5784912109375,362.1000061035156,362.19000244140625,160012.0
2023-11-21T13:30:00-05:00,362.1700134277344,363.0299987792969,362.1700134277344,362.7200012207031,229641.0
2023-11-21T14:30:00-05:00,362.7300109863281,362.7300109863281,360.25,361.6000061035156,579272.0
2023-11-21T15:30:00-05:00,361.635986328125,361.8900146484375,360.9100036621094,361.1000061035156,510429.0
2023-11-22T09:30:00-05:00,361.760009765625,361.989990234375,360.04998779296875,361.7900085449219,368422.0
2023-11-22T10:30:00-05:00,361.7699890136719,362.3066101074219,361.5,362.1000061035156,203381.0
2023-11-22T11:30:00-05:00,362.17498779296875,362.3800048828125,361.4800109863281,361.6449890136719,145614.0
2023-11-22T12:30:00-05:00,361.5899963378906,361.6671142578125,360.95001220703125,361.3194885253906,147086.0
2023-11-22T13:30:00-05:00,361.3399963378906,361.9700012207031,361.0,361.9100036621094,164042.0
2023-11-22T14:30:00-05:00,361.95001220703125,362.3399963378906,361.32000732421875,362.3399963378906,218754.0
2023-11-22T15:30:00-05:00,362.32000732421875,362.4599914550781,361.8299865722656,361.8999938964844,303872.0
2023-11-24T09:30:00-05:00,362.510009765625,363.19189453125,361.7200012207031,362.94500732421875,382011.0
2023-11-24T10:30:00-05:00,362.9700012207031,363.1549987792969,361.80999755859375,361.92498779296875,168790.0
2023-11-24T11:30:00-05:00,361.9200134277344,362.0400085449219,361.239990234375,361.55499267578125,187809.0
2023-11-27T09:30:00-05:00,362.25,362.3900146484375,360.5899963378906,360.7900085449219,429330.0
2023-11-27T10:30:00-05:00,360.79998779296875,361.1000061035156,360.1499938964844,360.6650085449219,285614.0
2023-11-27T11:30:00-05:00,360.6650085449219,360.75,359.5799865722656,359.79998779296875,269213.0
2023-11-27T12:30:00-05:00,359.79998779296875,360.4599914550781,359.70001220703125,360.3800048828125,166941.0
2023-11-27T13:30:00-05:00,360.3900146484375,360.8699035644531,360.1400146484375,360.69000244140625,181529.0
2023-11-27T14:30:00-05:00,360.6700134277344,361.260009765625,360.1449890136719,361.25,176423.0
2023-11-27T15:30:00-05:00,361.239990234375,361.7099914550781,360.8900146484375,361.3800048828125,424512.0
2023-11-28T09:30:00-05:00,361.54998779296875,361.92999267578125,360.3830871582031,360.6000061035156,283872.0
2023-11-28T10:30:00-05:00,360.5400085449219,361.69000244140625,360.4800109863281,361.55999755859375,202019.0
2023-11-28T11:30:00-05:00,361.55999755859375,362.1199951171875,361.0393981933594,361.1199951171875,189737.0
2023-11-28T12:30:00-05:00,361.1099853515625,361.1099853515625,360.04998779296875,361.1000061035156,162356.0
2023-11-28T13:30:00-05:00,361.1199951171875,361.489990234375,360.4949951171875,360.8349914550781,168700.0
2023-11-28T14:30:00-05:00,360.7799987792969,361.1734924316406,360.4100036621094,360.6000061035156,235102.0
2023-11-28T15:30:00-05:00,360.6400146484375,361.19000244140625,359.2099914550781,360.04998779296875,897490.0
2023-11-29T09:30:00-05:00,360.95001220703125,361.5199890136719,359.6300048828125,360.2699890136719,577139.0
2023-11-29T10:30:00-05:00,360.2200012207031,361.0899963378906,359.7799987792969,359.8800048828125,335621.0
2023-11-29T11:30:00-05:00,359.8900146484375,360.20001220703125,359.4599914550781,359.989990234375,249084.0
2023-11-29T12:30:00-05:00,360.0450134277344,361.07000732421875,359.989990234375,360.82000732421875,238524.0
2023-11-29T13:30:00-05:00,360.82000732421875,360.82000732421875,359.7300109863281,359.7799987792969,241059.0
2023-11-29T14:30:00-05:00,359.75,359.79998779296875,358.7099914550781,358.7099914550781,327358.0
2023-11-29T15:30:00-05:00,358.7200012207031,358.8900146484375,358.30010986328125,358.87969970703125,504606.0
2023-11-30T09:30:00-05:00,359.45001220703125,360.29998779296875,358.4200134277344,359.1300048828125,461740.0
2023-11-30T10:30:00-05:00,359.19000244140625,360.1400146484375,359.14300537109375,359.94110107421875,356694.0
2023-11-30T11:30:00-05:00,360.0299987792969,360.1885986328125,359.2900085449219,359.489990234375,219830.0
2023-11-30T12:30:00-05:00,359.4599914550781,360.04998779296875,359.32330322265625,359.64990234375,201166.0
2023-11-30T13:30:00-05:00,359.6400146484375,360.0799865722656,359.25,359.8999938964844,208304.0
2023-11-30T14:30:00-05:00,359.8999938964844,360.1099853515625,359.3399963378906,359.3800048828125,327492.0
2023-11-30T15:30:00-05:00,359.3800048828125,360.42999267578125,359.2099914550781,359.9100036621094,1024958.0
2023-12-01T09:30:00-05:00,359.94000244140625,360.239990234375,356.82000732421875,356.82000732421875,691942.0
2023-12-01T10:30:00-05:00,356.8399963378906,356.8699951171875,355.3699951171875,356.70001220703125,541440.0
2023-12-01T11:30:00-05:00,356.635009765625,356.6400146484375,355.29998779296875,355.8599853515625,635146.0
2023-12-01T12:30:00-05:00,355.8999938964844,356.92498779296875,355.4700012207031,355.7200012207031,431406.0
2023-12-01T13:30:00-05:00,355.7200012207031,356.489990234375,355.4700012207031,356.29998779296875,572100.0
2023-12-01T14:30:00-05:00,356.3500061035156,357.07879638671875,356.1000061035156,357.0,459817.0
2023-12-01T15:30:00-05:00,357.02899169921875,357.5299987792969,356.614990234375,357.0400085449219,596528.0
2023-12-04T09:30:00-05:00,357.0400085449219,357.8299865722656,353.8900146484375,354.3900146484375,747618.0
2023-12-04T10:30:00-05:00,354.2799987792969,355.010009765625,353.7900085449219,354.2149963378906,325452.0
2023-12-04T11:30:00-05:00,354.1499938964844,354.7799987792969,353.79998779296875,354.7349853515625,233511.0
2023-12-04T12:30:00-05:00,354.7300109863281,355.2250061035156,354.5,354.7900085449219,154460.0
2023-12-04T13:30:00-05:00,354.7550048828125,356.1499938964844,354.7550048828125,355.9200134277344,218612.0
2023-12-04T14:30:00-05:00,355.9100036621094,356.760009765625,355.739990234375,356.55999755859375,307945.0
2023-12-04T15:30:00-05:00,356.6199951171875,357.1341857910156,356.2749938964844,356.6600036621094,395089.0
2023-12-05T09:30:00-05:00,355.2300109863281,355.2300109863281,352.2900085449219,353.2200012207031,575626.0
2023-12-05T10:30:00-05:00,353.2099914550781,354.5,352.45001220703125,354.4100036621094,290080.0
2023-12-05T11:30:00-05:00,354.44500732421875,355.6600036621094,354.29998779296875,355.6199951171875,247409.0
2023-12-05T12:30:00-05:00,355.5950012207031,356.3599853515625,355.4700012207031,356.1184997558594,242407.0
2023-12-05T13:30:00-05:00,356.125,356.6000061035156,355.5199890136719,355.70001220703125,195173.0
2023-12-05T14:30:00-05:00,355.7300109863281,355.9100036621094,355.3009948730469,355.3699951171875,202895.0
2023-12-05T15:30:00-05:00,355.3931884765625,355.75,354.3800048828125,355.19000244140625,544143.0
2023-12-06T09:30:00-05:00,356.1499938964844,357.45001220703125,355.04010009765625,355.625,402619.0
2023-12-06T10:30:00-05:00,355.6099853515625,355.70001220703125,353.489990234375,353.8699951171875,346725.0
2023-12-06T11:30:00-05:00,353.80999755859375,354.07000732421875,352.7301025390625,352.8800048828125,278508.0
2023-12-06T12:30:00-05:00,352.9049987792969,353.2699890136719,352.2149963378906,353.17999267578125,259107.0
2023-12-06T13:30:00-05:00,353.1700134277344,353.2200012207031,352.4100036621094,352.54998779296875,248686.0
2023-12-06T14:30:00-05:00,352.55999755859375,352.9700012207031,352.2449951171875,352.7200012207031,294329.0
2023-12-06T15:30:00-05:00,352.70001220703125,352.8599853515625,351.8900146484375,352.4800109863281,476964.0
2023-12-07T09:30:00-05:00,352.0,352.70001220703125,350.8500061035156,351.6300048828125,417321.0
2023-12-07T10:30:00-05:00,351.6400146484375,352.760009765625,351.6400146484375,352.20001220703125,259850.0
2023-12-07T11:30:00-05:00,352.1499938964844,352.25,350.92999267578125,351.1400146484375,372723.0
2023-12-07T12:30:00-05:00,351.1449890136719,352.0,351.0899963378906,351.7699890136719,190696.0
2023-12-07T13:30:00-05:00,351.75,352.3299865722656,351.6499938964844,352.29998779296875,196458.0
2023-12-07T14:30:00-05:00,352.3299865722656,353.0199890136719,352.04010009765625,352.8500061035156,201707.0
2023-12-07T15:30:00-05:00,352.8399963378906,352.9800109863281,352.2099914550781,352.5400085449219,420196.0
2023-12-08T09:30:00-05:00,353.0,353.3689880371094,351.04998779296875,352.04998779296875,542801.0
2023-12-08T10:30:00-05:00,352.1499938964844,352.364990234375,351.0700988769531,351.2950134277344,267049.0
2023-12-08T11:30:00-05:00,351.3399963378906,352.17999267578125,351.0199890136719,352.1199951171875,223230.0
2023-12-08T12:30:00-05:00,352.1600036621094,352.3500061035156,351.75,352.07000732421875,137991.0
2023-12-08T13:30:00-05:00,352.0899963378906,352.6700134277344,351.8121032714844,352.57000732421875,216606.0
2023-12-08T14:30:00-05:00,352.5799865722656,353.25,352.510009765625,353.1099853515625,242461.0
2023-12-08T15:30:00-05:00,353.1050109863281,353.6700134277344,352.80999755859375,353.0799865722656,390649.0
2023-12-11T09:30:00-05:00,355.0,356.5400085449219,354.2099914550781,356.3900146484375,532739.0
2023-12-11T10:30:00-05:00,356.4599914550781,357.489990234375,356.2900085449219,356.8522033691406,349440.0
2023-12-11T11:30:00-05:00,356.82000732421875,356.8800048828125,356.29998779296875,356.6108093261719,253499.0
2023-12-11T12:30:00-05:00,356.6542053222656,357.260009765625,356.5400085449219,357.1099853515625,190793.0
2023-12-11T13:30:00-05:00,357.1199951171875,357.29998779296875,356.70001220703125,357.2699890136719,183282.0
2023-12-11T14:30:00-05:00,357.2749938964844,357.3999938964844,356.6000061035156,356.6499938964844,248173.0
2023-12-11T15:30:00-05:00,356.6499938964844,357.1099853515625,356.239990234375,357.0,507068.0
2023-12-12T09:30:00-05:00,357.8999938964844,359.3550109863281,356.760009765625,359.1199951171875,628120.0
2023-12-12T10:30:00-05:00,359.05999755859375,359.6400146484375,358.7373962402344,358.9100036621094,229575.0
2023-12-12T11:30:00-05:00,358.92999267578125,360.3299865722656,358.8999938964844,359.989990234375,222570.0
2023-12-12T12:30:00-05:00,359.95001220703125,360.2900085449219,359.4800109863281,359.9200134277344,156466.0
2023-12-12T13:30:00-05:00,359.9100036621094,360.0799865722656,359.4100036621094,360.010009765625,210050.0
2023-12-12T14:30:00-05:00,360.0249938964844,360.2799987792969,359.8999938964844,360.260009765625,304529.0
2023-12-12T15:30:00-05:00,360.2900085449219,360.4049987792969,359.82000732421875,360.1199951171875,479253.0
2023-12-13T09:30:00-05:00,360.19000244140625,362.0,359.0433044433594,360.989990234375,400968.0
2023-12-13T10:30:00-05:00,361.04998779296875,361.30999755859375,360.3699951171875,360.9949951171875,223495.0
2023-12-13T11:30:00-05:00,361.0400085449219,361.6099853515625,360.6700134277344,360.69000244140625,239696.0
2023-12-13T12:30:00-05:00,360.6650085449219,361.1050109863281,359.94000244140625,360.0199890136719,166696.0
2023-12-13T13:30:00-05:00,359.95001220703125,361.7699890136719,359.67999267578125,361.18499755859375,211658.0
2023-12-13T14:30:00-05:00,361.239990234375,362.1499938964844,360.44000244140625,360.8800048828125,437566.0
2023-12-13T15:30:00-05:00,360.80999755859375,362.0899963378906,360.3299865722656,362.0799865722656,584801.0
2023-12-14T09:30:00-05:00,362.8599853515625,362.8599853515625,358.25,358.56500244140625,1024046.0
2023-12-14T10:30:00-05:00,358.5400085449219,360.2325134277344,358.4800109863281,359.1499938964844,723346.0
2023-12-14T11:30:00-05:00,359.1499938964844,359.7950134277344,358.54998779296875,359.2699890136719,285675.0
2023-12-14T12:30:00-05:00,359.32000732421875,359.57000732421875,358.1300964355469,358.2799987792969,318039.0
2023-12-14T13:30:00-05:00,358.3500061035156,358.57000732421875,357.75,358.20001220703125,412745.0
2023-12-14T14:30:00-05:00,358.1300048828125,358.5199890136719,357.6400146484375,357.739990234375,552385.0
2023-12-14T15:30:00-05:00,357.760009765625,358.30999755859375,356.3800048828125,358.2300109863281,1020490.0
2023-12-15T09:30:00-05:00,355.3999938964844,358.0,354.20001220703125,355.8450012207031,2156800.0
2023-12-15T10:30:00-05:00,355.8999938964844,356.45001220703125,354.8389892578125,355.55499267578125,443083.0
2023-12-15T11:30:00-05:00,355.5,356.45001220703125,355.1300048828125,356.1300048828125,334653.0
2023-12-15T12:30:00-05:00,356.1000061035156,356.1199951171875,355.26239013671875,355.44000244140625,222161.0
2023-12-15T13:30:00-05:00,355.4200134277344,355.80731201171875,354.75,354.75,261169.0
2023-12-15T14:30:00-05:00,354.79998779296875,355.8500061035156,354.7699890136719,355.8299865722656,346026.0
2023-12-15T15:30:00-05:00,355.82000732421875,356.3500061035156,354.44000244140625,356.1199951171875,754709.0
2023-12-18T09:30:00-05:00,357.4200134277344,360.1499938964844,357.0,359.9549865722656,762864.0
2023-12-18T10:30:00-05:00,359.8900146484375,360.8299865722656,359.739990234375,360.6600036621094,389696.0
2023-12-18T11:30:00-05:00,360.6600036621094,361.1400146484375,360.20001220703125,360.57501220703125,296441.0
2023-12-18T12:30:00-05:00,360.58489990234375,360.6300048828125,359.3399963378906,359.7449951171875,245360.0
2023-12-18T13:30:00-05:00,359.739990234375,360.989990234375,359.68499755859375,360.8299865722656,552314.0
2023-12-18T14:30:00-05:00,360.70001220703125,360.76800537109375,359.8493957519531,360.2699890136719,329792.0
2023-12-18T15:30:00-05:00,360.260009765625,360.2900085449219,359.4800109863281,359.6199951171875,568419.0
2023-12-19T09:30:00-05:00,360.1499938964844,361.57000732421875,359.0899963378906,360.6499938964844,619289.0
2023-12-19T10:30:00-05:00,360.7099914550781,362.489990234375,360.6600036621094,362.2799987792969,310711.0
2023-12-19T11:30:00-05:00,362.2900085449219,362.54998779296875,361.3699951171875,361.5299987792969,199783.0
2023-12-19T12:30:00-05:00,361.4800109863281,362.0296936035156,361.3599853515625,361.8299865722656,182360.0
2023-12-19T13:30:00-05:00,361.82501220703125,362.04998779296875,361.3699951171875,361.6907958984375,232998.0
2023-12-19T14:30:00-05:00,361.70001220703125,361.7099914550781,360.57000732421875,360.8599853515625,237796.0
2023-12-19T15:30:00-05:00,360.8915100097656,361.94000244140625,360.6600036621094,361.8500061035156,506586.0
2023-12-20T09:30:00-05:00,361.5199890136719,361.6600036621094,358.67999267578125,359.1199951171875,508404.0
2023-12-20T10:30:00-05:00,359.1000061035156,361.0,358.9700012207031,359.9549865722656,377747.0
2023-12-20T11:30:00-05:00,359.9375915527344,360.2699890136719,359.3999938964844,360.010009765625,301303.0
2023-12-20T12:30:00-05:00,359.9949951171875,360.05999755859375,359.54010009765625,359.79998779296875,267123.0
2023-12-20T13:30:00-05:00,359.8299865722656,360.1449890136719,359.1300048828125,359.2251892089844,227681.0
2023-12-20T14:30:00-05:00,359.20001220703125,359.3699951171875,356.4800109863281,356.80999755859375,540562.0
2023-12-20T15:30:00-05:00,356.8500061035156,357.2130126953125,355.1199951171875,355.2699890136719,611907.0
2023-12-21T09:30:00-05:00,356.0,357.20001220703125,355.45001220703125,356.3599853515625,471240.0
2023-12-21T10:30:00-05:00,356.489990234375,356.7200012207031,355.8999938964844,356.5350036621094,224625.0
2023-12-21T11:30:00-05:00,356.5350036621094,356.55999755859375,354.20001220703125,354.42999267578125,311068.0
2023-12-21T12:30:00-05:00,354.45001220703125,354.79998779296875,353.6300048828125,354.2499084472656,312396.0
2023-12-21T13:30:00-05:00,354.16778564453125,354.9200134277344,353.83099365234375,354.864990234375,273199.0
2023-12-21T14:30:00-05:00,354.864990234375,355.8999938964844,354.3901062011719,355.8999938964844,215198.0
2023-12-21T15:30:00-05:00,355.92999267578125,356.5299987792969,355.5799865722656,356.2099914550781,420079.0
2023-12-22T09:30:00-05:00,356.5,358.260009765625,356.5,357.5400085449219,375299.0
2023-12-22T10:30:00-05:00,357.4750061035156,357.7099914550781,356.3053894042969,356.3053894042969,315748.0
2023-12-22T11:30:00-05:00,356.3550109863281,356.614990234375,355.95001220703125,356.364990234375,269584.0
2023-12-22T12:30:00-05:00,356.3299865722656,356.8505859375,356.20001220703125,356.8111877441406,159847.0
2023-12-22T13:30:00-05:00,356.82000732421875,357.0249938964844,355.4150085449219,355.4830017089844,186662.0
2023-12-22T14:30:00-05:00,355.5267028808594,356.7900085449219,355.40631103515625,356.510009765625,198159.0
2023-12-22T15:30:00-05:00,356.5050048828125,356.57000732421875,355.7900085449219,356.5400085449219,322528.0
2023-12-26T09:30:00-05:00,356.8999938964844,357.5400085449219,356.0799865722656,356.4549865722656,261659.0
2023-12-26T10:30:00-05:00,356.54998779296875,357.04998779296875,356.30999755859375,356.42999267578125,135948.0
2023-12-26T11:30:00-05:00,356.4200134277344,356.8299865722656,356.2701110839844,356.7099914550781,150980.0
2023-12-26T12:30:00-05:00,356.75,356.8880920410156,356.5,356.7850036621094,127159.0
2023-12-26T13:30:00-05:00,356.8399963378906,357.20001220703125,356.6409912109375,357.1000061035156,141938.0
2023-12-26T14:30:00-05:00,357.1000061035156,357.7699890136719,356.8595886230469,357.2099914550781,194857.0
2023-12-26T15:30:00-05:00,357.19500732421875,357.3800048828125,356.5899963378906,356.8399963378906,315370.0
2023-12-27T09:30:00-05:00,355.92999267578125,356.9200134277344,355.6391906738281,356.7467041015625,384503.0
2023-12-27T10:30:00-05:00,356.739990234375,356.8699951171875,355.8999938964844,356.0400085449219,226565.0
2023-12-27T11:30:00-05:00,356.0799865722656,356.32000732421875,355.8800964355469,356.19000244140625,159696.0
2023-12-27T12:30:00-05:00,356.1700134277344,356.510009765625,355.57000732421875,356.3688049316406,208233.0
2023-12-27T13:30:00-05:00,356.32000732421875,356.5899963378906,355.5,356.19000244140625,191288.0
2023-12-27T14:30:00-05:00,356.1400146484375,356.3900146484375,355.7900085449219,356.15899658203125,175768.0
2023-12-27T15:30:00-05:00,356.1499938964844,357.0799865722656,355.8800048828125,357.010009765625,324592.0
2023-12-28T09:30:00-05:00,357.4800109863281,358.1099853515625,356.7250061035156,357.5,323663.0
2023-12-28T10:30:00-05:00,357.4100036621094,357.95001220703125,357.2950134277344,357.5799865722656,369701.0
2023-12-28T11:30:00-05:00,357.55999755859375,357.82000732421875,357.20001220703125,357.739990234375,212469.0
2023-12-28T12:30:00-05:00,357.7250061035156,358.4200134277344,357.6499938964844,358.0,158891.0
2023-12-28T13:30:00-05:00,357.9800109863281,358.6600036621094,357.7200012207031,358.4800109863281,170144.0
2023-12-28T14:30:00-05:00,358.44000244140625,358.67999267578125,358.19000244140625,358.32000732421875,211923.0
2023-12-28T15:30:00-05:00,358.25,358.6499938964844,357.20001220703125,357.5899963378906,606930.0
2023-12-29T09:30:00-05:00,357.55999755859375,357.8399963378906,356.82000732421875,357.80999755859375,298703.0
2023-12-29T10:30:00-05:00,357.8599853515625,357.8599853515625,356.7300109863281,356.7300109863281,237290.0
2023-12-29T11:30:00-05:00,356.70001220703125,356.989990234375,355.510009765625,355.6700134277344,212870.0
2023-12-29T12:30:00-05:00,355.7139892578125,356.0599060058594,355.30999755859375,355.489990234375,261654.0
2023-12-29T13:30:00-05:00,355.4635009765625,356.0799865722656,355.42999267578125,355.82000732421875,299533.0
2023-12-29T14:30:00-05:00,355.8399963378906,357.159912109375,355.7771911621094,357.0950012207031,273227.0
2023-12-29T15:30:00-05:00,357.1000061035156,357.3399963378906,356.5799865722656,356.92999267578125,642974.0
2024-01-02T09:30:00-05:00,356.1099853515625,357.8900146484375,355.989990234375,357.6600036621094,583725.0
2024-01-02T10:30:00-05:00,357.69000244140625,358.7300109863281,357.4800109863281,358.04998779296875,307356.0
2024-01-02T11:30:00-05:00,358.0400085449219,359.9700012207031,357.9800109863281,359.79998779296875,329782.0
2024-01-02T12:30:00-05:00,359.7915954589844,361.70001220703125,359.69000244140625,361.4200134277344,398492.0
2024-01-02T13:30:00-05:00,361.42999267578125,361.80999755859375,361.2250061035156,361.4649963378906,313899.0
2024-01-02T14:30:00-05:00,361.44000244140625,362.3299865722656,361.18719482421875,362.1340026855469,414429.0
2024-01-02T15:30:00-05:00,362.1400146484375,362.57000732421875,361.510009765625,362.5299987792969,895033.0
2024-01-03T09:30:00-05:00,361.7510070800781,365.70001220703125,361.0710144042969,365.3500061035156,806492.0
2024-01-03T10:30:00-05:00,365.30999755859375,366.5899963378906,365.1400146484375,366.4800109863281,481506.0
2024-01-03T11:30:00-05:00,366.4849853515625,367.4150085449219,365.7300109863281,366.0899963378906,387299.0
2024-01-03T12:30:00-05:00,366.1199951171875,367.1003112792969,366.1199951171875,366.9849853515625,244056.0
2024-01-03T13:30:00-05:00,367.010009765625,367.1700134277344,366.4150085449219,366.94000244140625,271247.0
2024-01-03T14:30:00-05:00,366.9800109863281,367.57000732421875,366.44000244140625,367.4599914550781,405222.0
2024-01-03T15:30:00-05:00,367.4267883300781,367.8500061035156,366.260009765625,366.6499938964844,624699.0
2024-01-04T09:30:00-05:00,367.4100036621094,369.3699951171875,367.0400085449219,368.710205078125,603506.0
2024-01-04T10:30:00-05:00,368.69500732421875,368.69500732421875,367.54998779296875,367.54998779296875,290683.0
2024-01-04T11:30:00-05:00,367.6499938964844,367.79998779296875,367.0050048828125,367.3699951171875,220036.0
2024-01-04T12:30:00-05:00,367.385009765625,367.55999755859375,366.9378967285156,367.2099914550781,191591.0
2024-01-04T13:30:00-05:00,367.2200012207031,367.29998779296875,365.6199951171875,365.6700134277344,253921.0
2024-01-04T14:30:00-05:00,365.67999267578125,365.885009765625,363.7900085449219,363.9700012207031,397631.0
2024-01-04T15:30:00-05:00,363.92999267578125,364.3900146484375,363.4100036621094,363.95001220703125,705221.0
2024-01-05T09:30:00-05:00,364.8299865722656,366.3008117675781,364.19000244140625,364.8500061035156,482609.0
2024-01-05T10:30:00-05:00,364.9800109863281,365.4800109863281,364.30999755859375,364.7900085449219,230785.0
2024-01-05T11:30:00-05:00,364.7699890136719,365.54998779296875,364.7200012207031,364.9700012207031,207074.0
2024-01-05T12:30:00-05:00,364.9800109863281,365.1654052734375,364.33489990234375,364.92999267578125,206429.0
2024-01-05T13:30:00-05:00,364.94000244140625,365.8800048828125,364.8999938964844,365.5199890136719,206972.0
2024-01-05T14:30:00-05:00,365.5498962402344,365.6449890136719,364.34490966796875,364.55999755859375,248251.0
2024-01-05T15:30:00-05:00,364.489990234375,365.8900146484375,364.2300109863281,365.55999755859375,446870.0
2024-01-08T09:30:00-05:00,366.010009765625,367.2992858886719,364.90008544921875,365.55499267578125,425112.0
2024-01-08T10:30:00-05:00,365.6400146484375,365.78399658203125,365.0010070800781,365.1199951171875,208449.0
2024-01-08T11:30:00-05:00,365.0799865722656,365.1400146484375,364.29998779296875,364.3900146484375,225957.0
2024-01-08T12:30:00-05:00,364.3299865722656,365.010009765625,364.20001220703125,364.66400146484375,193610.0
2024-01-08T13:30:00-05:00,364.6300048828125,365.989990234375,364.52679443359375,365.8800048828125,223130.0
2024-01-08T14:30:00-05:00,365.9599914550781,367.4100036621094,365.9549865722656,367.1369934082031,281882.0
2024-01-08T15:30:00-05:00,367.1300048828125,368.29998779296875,367.1300048828125,368.1499938964844,519534.0
2024-01-09T09:30:00-05:00,368.0,368.0,364.7699890136719,365.54998779296875,417948.0
2024-01-09T10:30:00-05:00,365.489990234375,365.864990234375,365.2799987792969,365.6199951171875,217933.0
2024-01-09T11:30:00-05:00,365.5799865722656,366.1300048828125,365.3999938964844,365.9800109863281,179916.0
2024-01-09T12:30:00-05:00,366.0150146484375,366.2099914550781,365.3999938964844,365.43499755859375,290077.0
2024-01-09T13:30:00-05:00,365.4100036621094,366.44000244140625,365.1199951171875,366.1000061035156,164346.0
2024-01-09T14:30:00-05:00,366.2200012207031,367.0809020996094,365.6199951171875,366.6875,232416.0
2024-01-09T15:30:00-05:00,366.68499755859375,367.7699890136719,366.5669860839844,366.8299865722656,650573.0
2024-01-10T09:30:00-05:00,366.260009765625,368.8299865722656,366.260009765625,367.42999267578125,373058.0
2024-01-10T10:30:00-05:00,367.42999267578125,367.8949890136719,366.80999755859375,366.8550109863281,188041.0
2024-01-10T11:30:00-05:00,366.83740234375,366.94000244140625,366.2300109863281,366.6199951171875,150018.0
2024-01-10T12:30:00-05:00,366.6549987792969,366.6549987792969,365.75,366.216796875,175079.0
2024-01-10T13:30:00-05:00,366.17999267578125,367.71990966796875,366.1549987792969,367.6499938964844,180416.0
2024-01-10T14:30:00-05:00,367.67999267578125,367.8599853515625,366.69000244140625,367.1050109863281,265239.0
2024-01-10T15:30:00-05:00,367.04998779296875,368.1600036621094,366.760009765625,367.7099914550781,407757.0
2024-01-11T09:30:00-05:00,367.80999755859375,367.8900146484375,364.45001220703125,364.7749938964844,519529.0
2024-01-11T10:30:00-05:00,364.739990234375,364.9750061035156,362.29998779296875,362.8699951171875,420166.0
2024-01-11T11:30:00-05:00,362.8500061035156,363.2200012207031,362.1300048828125,362.6099853515625,292959.0
2024-01-11T12:30:00-05:00,362.6600036621094,363.1700134277344,362.45819091796875,362.635009765625,238519.0
2024-01-11T13:30:00-05:00,362.635009765625,363.7703857421875,362.5,363.7099914550781,202965.0
2024-01-11T14:30:00-05:00,363.7449951171875,364.4800109863281,363.44970703125,363.9100036621094,238865.0
2024-01-11T15:30:00-05:00,363.8900146484375,364.10699462890625,363.19000244140625,363.3500061035156,518017.0
2024-01-12T09:30:00-05:00,366.510009765625,366.8500061035156,363.5,364.4136962890625,427291.0
2024-01-12T10:30:00-05:00,364.5199890136719,364.5199890136719,363.1200866699219,363.45001220703125,201881.0
2024-01-12T11:30:00-05:00,363.45001220703125,363.8800048828125,362.56719970703125,363.1000061035156,243195.0
2024-01-12T12:30:00-05:00,363.2200012207031,363.75,363.1099853515625,363.5,131043.0
2024-01-12T13:30:00-05:00,363.510009765625,364.25,363.510009765625,364.0199890136719,200547.0
2024-01-12T14:30:00-05:00,363.9949951171875,364.1499938964844,363.3599853515625,363.4700012207031,180346.0
2024-01-12T15:30:00-05:00,363.46630859375,363.80999755859375,363.20001220703125,363.4700012207031,285203.0
2024-01-16T09:30:00-05:00,362.94000244140625,363.6000061035156,361.1099853515625,361.68499755859375,576440.0
2024-01-16T10:30:00-05:00,361.68499755859375,362.20001220703125,361.1000061035156,361.80999755859375,272418.0
2024-01-16T11:30:00-05:00,361.80999755859375,362.1700134277344,361.30999755859375,361.5903015136719,161572.0
2024-01-16T12:30:00-05:00,361.5343017578125,362.05999755859375,361.0799865722656,362.0199890136719,154080.0
2024-01-16T13:30:00-05:00,362.0400085449219,362.2554931640625,360.7900085449219,360.864990234375,171871.0
2024-01-16T14:30:00-05:00,360.7900085449219,361.12579345703125,360.29998779296875,360.3800048828125,259785.0
2024-01-16T15:30:00-05:00,360.3550109863281,361.30999755859375,359.8900146484375,361.0899963378906,472796.0
2024-01-17T09:30:00-05:00,360.25,362.5299987792969,359.010009765625,361.59051513671875,516861.0
2024-01-17T10:30:00-05:00,361.5799865722656,362.29998779296875,361.2784118652344,361.864990234375,394704.0
2024-01-17T11:30:00-05:00,361.80999755859375,361.9200134277344,360.3699951171875,360.4649963378906,194602.0
2024-01-17T12:30:00-05:00,360.4750061035156,360.5899963378906,359.4649963378906,359.6700134277344,191200.0
2024-01-17T13:30:00-05:00,359.60101318359375,359.7900085449219,359.05499267578125,359.1300048828125,184903.0
2024-01-17T14:30:00-05:00,359.1549987792969,359.19000244140625,357.9800109863281,358.2699890136719,243182.0
2024-01-17T15:30:00-05:00,358.2699890136719,359.489990234375,358.2099914550781,359.3399963378906,344571.0
2024-01-18T09:30:00-05:00,359.25,360.0,358.29998779296875,359.614990234375,426933.0
2024-01-18T10:30:00-05:00,359.5899963378906,359.7998962402344,358.3800048828125,358.5799865722656,297157.0
2024-01-18T11:30:00-05:00,358.5899963378906,359.5249938964844,358.29998779296875,359.2200012207031,226454.0
2024-01-18T12:30:00-05:00,359.2200012207031,360.67999267578125,359.0400085449219,360.614990234375,247072.0
2024-01-18T13:30:00-05:00,360.6300048828125,361.5400085449219,360.54998779296875,361.3500061035156,213127.0
2024-01-18T14:30:00-05:00,361.4100036621094,362.0199890136719,360.8500061035156,361.8800048828125,310021.0
2024-01-18T15:30:00-05:00,361.8900146484375,362.6400146484375,361.7300109863281,362.2799987792969,433874.0
2024-01-19T09:30:00-05:00,362.25,363.3450012207031,361.0199890136719,363.1600036621094,879467.0
2024-01-19T10:30:00-05:00,363.1449890136719,364.6099853515625,363.0400085449219,364.20001220703125,310066.0
2024-01-19T11:30:00-05:00,364.1050109863281,365.1600036621094,363.6499938964844,365.0990905761719,264966.0
2024-01-19T12:30:00-05:00,365.1600036621094,366.760009765625,365.1600036621094,366.66650390625,301980.0
2024-01-19T13:30:00-05:00,366.70001220703125,368.2699890136719,366.4049072265625,367.7699890136719,418865.0
2024-01-19T14:30:00-05:00,367.75,367.7699890136719,366.8500061035156,366.885009765625,340416.0
2024-01-19T15:30:00-05:00,366.84429931640625,367.3840026855469,366.32000732421875,367.1000061035156,583984.0
2024-01-22T09:30:00-05:00,368.04998779296875,369.1499938964844,367.5,369.010009765625,582084.0
2024-01-22T10:30:00-05:00,369.1099853515625,369.2699890136719,368.29998779296875,368.54541015625,294736.0
2024-01-22T11:30:00-05:00,368.5400085449219,368.5799865722656,367.7699890136719,367.9599914550781,156114.0
2024-01-22T12:30:00-05:00,367.9599914550781,368.21148681640625,367.6700134277344,367.7965087890625,169519.0
2024-01-22T13:30:00-05:00,367.739990234375,368.1499938964844,366.7669982910156,367.1199951171875,337195.0
2024-01-22T14:30:00-05:00,367.0987854003906,367.775390625,366.5299987792969,367.5906982421875,280446.0
2024-01-22T15:30:00-05:00,367.54998779296875,368.0899963378906,367.3601989746094,368.07000732421875,320301.0
2024-01-23T09:30:00-05:00,368.1600036621094,369.4200134277344,367.7049865722656,369.1199951171875,341105.0
2024-01-23T10:30:00-05:00,369.114990234375,371.1400146484375,368.8349914550781,371.1400146484375,309549.0
2024-01-23T11:30:00-05:00,371.1600036621094,371.6099853515625,370.7099914550781,370.80999755859375,224650.0
2024-01-23T12:30:00-05:00,370.7851867675781,371.2300109863281,370.75,370.9849853515625,169069.0
2024-01-23T13:30:00-05:00,370.989990234375,371.5400085449219,370.94000244140625,371.45001220703125,172206.0
2024-01-23T14:30:00-05:00,371.4800109863281,372.29998779296875,371.4800109863281,372.17999267578125,358532.0
2024-01-23T15:30:00-05:00,372.17498779296875,372.4200134277344,371.8800048828125,372.1199951171875,422282.0
2024-01-24T09:30:00-05:00,372.5299987792969,376.7698974609375,372.0299987792969,376.67999267578125,766704.0
2024-01-24T10:30:00-05:00,376.5799865722656,377.5849914550781,375.8399963378906,377.277587890625,354863.0
2024-01-24T11:30:00-05:00,377.3299865722656,377.6499938964844,376.6499938964844,377.6499938964844,385722.0
2024-01-24T12:30:00-05:00,377.6449890136719,377.7900085449219,377.0,377.7464904785156,283232.0
2024-01-24T13:30:00-05:00,377.75,377.75,377.0199890136719,377.25,288403.0
2024-01-24T14:30:00-05:00,377.260009765625,377.5400085449219,376.1199951171875,376.57000732421875,365679.0
2024-01-24T15:30:00-05:00,376.6050109863281,377.0199890136719,376.42999267578125,376.6099853515625,632056.0
2024-01-25T09:30:00-05:00,379.239990234375,380.1300048828125,378.0899963378906,379.510009765625,680788.0
2024-01-25T10:30:00-05:00,379.57000732421875,379.57000732421875,378.25,378.5929870605469,377890.0
2024-01-25T11:30:00-05:00,378.62579345703125,378.8999938964844,377.8900146484375,378.510009765625,285295.0
2024-01-25T12:30:00-05:00,378.5,380.1099853515625,378.5,379.739990234375,477254.0
2024-01-25T13:30:00-05:00,379.7200012207031,379.8800048828125,378.9114074707031,379.7300109863281,417732.0
2024-01-25T14:30:00-05:00,379.739990234375,380.07000732421875,379.3699951171875,379.8810119628906,334196.0
2024-01-25T15:30:00-05:00,379.8900146484375,380.989990234375,379.75,380.8500061035156,645918.0
2024-01-26T09:30:00-05:00,381.04998779296875,384.1499938964844,380.0,383.25,722100.0
2024-01-26T10:30:00-05:00,383.2550048828125,384.5,383.10009765625,383.9200134277344,351147.0
2024-01-26T11:30:00-05:00,383.95001220703125,384.05999755859375,383.07000732421875,383.2699890136719,316773.0
2024-01-26T12:30:00-05:00,383.25,383.9013977050781,382.55999755859375,383.760009765625,275576.0
2024-01-26T13:30:00-05:00,383.7699890136719,384.6300048828125,383.4285888671875,384.6300048828125,222528.0
2024-01-26T14:30:00-05:00,384.6400146484375,385.6499938964844,384.5570983886719,385.1400146484375,354325.0
2024-01-26T15:30:00-05:00,385.1600036621094,385.7300109863281,384.95001220703125,385.42999267578125,589199.0
2024-01-29T09:30:00-05:00,384.510009765625,384.9599914550781,382.2200012207031,382.2900085449219,718926.0
2024-01-29T10:30:00-05:00,382.45001220703125,382.55999755859375,380.4700012207031,380.7799987792969,440458.0
2024-01-29T11:30:00-05:00,380.8399963378906,381.3099060058594,380.0400085449219,380.114990234375,388217.0
2024-01-29T12:30:00-05:00,380.1094970703125,380.260009765625,379.1700134277344,380.010009765625,245619.0
2024-01-29T13:30:00-05:00,380.010009765625,380.75,379.9150085449219,380.6300048828125,178097.0
2024-01-29T14:30:00-05:00,380.70001220703125,383.1686096191406,380.5199890136719,382.55499267578125,311526.0
2024-01-29T15:30:00-05:00,382.5910949707031,383.3599853515625,382.3599853515625,383.2200012207031,470153.0
2024-01-30T09:30:00-05:00,383.239990234375,385.239990234375,380.0799865722656,385.0400085449219,517411.0
2024-01-30T10:30:00-05:00,385.0,385.83990478515625,384.7799987792969,385.739990234375,240787.0
2024-01-30T11:30:00-05:00,385.8299865722656,386.6910095214844,385.8299865722656,386.61590576171875,319724.0
2024-01-30T12:30:00-05:00,386.55999755859375,387.0,386.45001220703125,386.7066955566406,265571.0
2024-01-30T13:30:00-05:00,386.7699890136719,387.6007995605469,386.70001220703125,387.5199890136719,232406.0
2024-01-30T14:30:00-05:00,387.54998779296875,387.6400146484375,386.9046936035156,387.2149963378906,240660.0
2024-01-30T15:30:00-05:00,387.2099914550781,387.4200134277344,386.489990234375,387.17999267578125,445802.0
2024-01-31T09:30:00-05:00,386.5299987792969,387.9200134277344,385.2699890136719,385.9200134277344,571488.0
2024-01-31T10:30:00-05:00,385.82000732421875,386.2300109863281,385.19000244140625,385.7699890136719,295635.0
2024-01-31T11:30:00-05:00,385.7699890136719,386.5849914550781,384.64520263671875,386.56500244140625,231600.0
2024-01-31T12:30:00-05:00,386.5199890136719,386.69000244140625,385.6400146484375,386.0199890136719,198213.0
2024-01-31T13:30:00-05:00,386.0400085449219,386.44500732421875,385.0,385.92999267578125,224275.0
2024-01-31T14:30:00-05:00,385.92999267578125,386.29998779296875,384.13970947265625,384.81500244140625,426484.0
2024-01-31T15:30:00-05:00,384.81500244140625,384.9700012207031,383.54998779296875,383.55999755859375,639378.0
2024-02-01T09:30:00-05:00,384.0,384.2200927734375,382.239990234375,382.5563049316406,464551.0
2024-02-01T10:30:00-05:00,382.5299987792969,383.3599853515625,381.7799987792969,382.2799987792969,374688.0
2024-02-01T11:30:00-05:00,382.2950134277344,383.3800048828125,381.4750061035156,383.14208984375,389284.0
2024-02-01T12:30:00-05:00,383.1300964355469,384.70001220703125,382.989990234375,384.2900085449219,216813.0
2024-02-01T13:30:00-05:00,384.25,384.8800048828125,384.04998779296875,384.6700134277344,176918.0
2024-02-01T14:30:00-05:00,384.75,386.2185974121094,384.55499267578125,385.8940124511719,239010.0
2024-02-01T15:30:00-05:00,385.8949890136719,386.54998779296875,385.2200012207031,386.42999267578125,409099.0
2024-02-02T09:30:00-05:00,386.67999267578125,389.2900085449219,386.44000244140625,388.8699951171875,596612.0
2024-02-02T10:30:00-05:00,389.0199890136719,390.2799987792969,388.4200134277344,390.06500244140625,338789.0
2024-02-02T11:30:00-05:00,390.010009765625,391.2200012207031,390.0,390.48260498046875,298505.0
2024-02-02T12:30:00-05:00,390.44000244140625,391.17999267578125,389.0799865722656,390.19000244140625,281753.0
2024-02-02T13:30:00-05:00,390.3399963378906,391.6099853515625,390.1300048828125,391.489990234375,222828.0
2024-02-02T14:30:00-05:00,391.5,392.07000732421875,391.43499755859375,392.07000732421875,299379.0
2024-02-02T15:30:00-05:00,392.0400085449219,392.0498962402344,390.510009765625,390.6600036621094,508492.0
2024-02-05T09:30:00-05:00,389.95001220703125,393.3411865234375,389.2850036621094,390.2650146484375,685373.0
2024-02-05T10:30:00-05:00,390.2799987792969,391.0950012207031,389.80999755859375,390.7900085449219,369316.0
2024-02-05T11:30:00-05:00,390.80999755859375,391.1099853515625,389.8399963378906,390.31500244140625,237094.0
2024-02-05T12:30:00-05:00,390.4336853027344,391.5199890136719,390.1199951171875,390.95001220703125,165693.0
2024-02-05T13:30:00-05:00,390.8999938964844,391.5570068359375,390.8699951171875,391.3900146484375,179453.0
2024-02-05T14:30:00-05:00,391.45001220703125,391.9399108886719,391.17999267578125,391.7300109863281,218846.0
2024-02-05T15:30:00-05:00,391.7300109863281,392.2200012207031,390.55999755859375,390.55999755859375,347260.0
2024-02-06T09:30:00-05:00,390.2900085449219,392.5,390.0,392.2099914550781,519410.0
2024-02-06T10:30:00-05:00,392.1600036621094,392.82989501953125,391.8500061035156,392.3644104003906,293833.0
2024-02-06T11:30:00-05:00,392.2099914550781,392.8699951171875,392.0199890136719,392.80499267578125,187405.0
2024-02-06T12:30:00-05:00,392.8599853515625,393.7300109863281,392.6700134277344,393.260009765625,273831.0
2024-02-06T13:30:00-05:00,393.3699951171875,393.92999267578125,392.54998779296875,392.6499938964844,241115.0
2024-02-06T14:30:00-05:00,392.6650085449219,393.6099853515625,392.3500061035156,393.5,189693.0
2024-02-06T15:30:00-05:00,393.49200439453125,393.8800048828125,393.2950134277344,393.739990234375,306337.0
2024-02-07T09:30:00-05:00,394.6000061035156,397.67999267578125,394.3599853515625,397.510009765625,728667.0
2024-02-07T10:30:00-05:00,397.510009765625,397.95001220703125,396.3218994140625,397.6300048828125,307044.0
2024-02-07T11:30:00-05:00,397.6600036621094,398.3999938964844,397.6600036621094,398.2200012207031,236494.0
2024-02-07T12:30:00-05:00,398.19500732421875,399.1499938964844,398.0799865722656,398.6159973144531,223293.0
2024-02-07T13:30:00-05:00,398.6600036621094,398.8699951171875,397.17999267578125,397.3800048828125,280332.0
2024-02-07T14:30:00-05:00,397.44000244140625,397.7210998535156,396.70001220703125,396.8399963378906,477265.0
2024-02-07T15:30:00-05:00,396.7950134277344,397.760009765625,396.3999938964844,397.739990234375,397976.0
2024-02-08T09:30:00-05:00,397.2200012207031,398.6499938964844,396.356689453125,396.7850036621094,463888.0
2024-02-08T10:30:00-05:00,396.7950134277344,396.8699951171875,394.8500061035156,395.385009765625,314717.0
2024-02-08T11:30:00-05:00,395.4975891113281,396.5199890136719,395.4975891113281,396.3900146484375,315571.0
2024-02-08T12:30:00-05:00,396.3699951171875,396.6600036621094,396.0799865722656,396.1600036621094,646361.0
2024-02-08T13:30:00-05:00,396.19000244140625,397.5400085449219,396.0199890136719,397.2699890136719,197172.0
2024-02-08T14:30:00-05:00,397.2300109863281,397.760009765625,397.0400085449219,397.7398986816406,232529.0
2024-02-08T15:30:00-05:00,397.760009765625,398.0799865722656,396.79998779296875,397.510009765625,386368.0
2024-02-09T09:30:00-05:00,397.30999755859375,398.06298828125,396.510009765625,396.9700012207031,379231.0
2024-02-09T10:30:00-05:00,397.0,397.07000732421875,395.9200134277344,396.6600036621094,235049.0
2024-02-09T11:30:00-05:00,396.6600036621094,397.0899963378906,395.82000732421875,397.07501220703125,271939.0
2024-02-09T12:30:00-05:00,397.0755920410156,397.29998779296875,396.7900085449219,397.0199890136719,176658.0
2024-02-09T13:30:00-05:00,397.1099853515625,397.9700012207031,397.06500244140625,397.7919921875,246126.0
2024-02-09T14:30:00-05:00,397.7900085449219,398.20001220703125,397.7200012207031,397.94000244140625,244477.0
2024-02-09T15:30:00-05:00,397.93499755859375,398.32000732421875,397.3349914550781,398.260009765625,360657.0
2024-02-12T09:30:00-05:00,398.6499938964844,399.07000732421875,396.19000244140625,397.4049987792969,423170.0
2024-02-12T10:30:00-05:00,397.4800109863281,398.79998779296875,397.05999755859375,398.68218994140625,316183.0
2024-02-12T11:30:00-05:00,398.7799987792969,399.06500244140625,398.43011474609375,398.82989501953125,213222.0
2024-02-12T12:30:00-05:00,398.7908020019531,399.07000732421875,398.4150085449219,398.7950134277344,157680.0
2024-02-12T13:30:00-05:00,398.7900085449219,399.4800109863281,397.4100036621094,397.510009765625,248618.0
2024-02-12T14:30:00-05:00,397.5299987792969,397.760009765625,397.0,397.3299865722656,178752.0
2024-02-12T15:30:00-05:00,397.3299865722656,398.0199890136719,397.1549987792969,397.9800109863281,378867.0
2024-02-13T09:30:00-05:00,398.4800109863281,399.7049865722656,394.20001220703125,394.29998779296875,858849.0
2024-02-13T10:30:00-05:00,394.2200012207031,395.04998779296875,393.1300048828125,394.81500244140625,448440.0
2024-02-13T11:30:00-05:00,394.8900146484375,395.3999938964844,394.40008544921875,394.7200012207031,165019.0
2024-02-13T12:30:00-05:00,394.7149963378906,395.0450134277344,393.7300109863281,393.8699951171875,186502.0
2024-02-13T13:30:00-05:00,393.8699951171875,393.8699951171875,392.4590148925781,392.7770080566406,308686.0
2024-02-13T14:30:00-05:00,392.7309875488281,393.3900146484375,392.1000061035156,392.9100036621094,269389.0
2024-02-13T15:30:00-05:00,392.8900146484375,394.9599914550781,392.6619873046875,394.8399963378906,421671.0
2024-02-14T09:30:00-05:00,395.1499938964844,396.97509765625,393.5476989746094,396.4700012207031,491928.0
2024-02-14T10:30:00-05:00,396.55999755859375,397.4599914550781,395.8599853515625,396.2080078125,259380.0
2024-02-14T11:30:00-05:00,396.25,396.2795104980469,394.7099914550781,395.56500244140625,245684.0
2024-02-14T12:30:00-05:00,395.57861328125,396.5899963378906,395.4599914550781,396.489990234375,141524.0
2024-02-14T13:30:00-05:00,396.5150146484375,397.2300109863281,396.0700988769531,397.1199951171875,196008.0
2024-02-14T14:30:00-05:00,397.125,398.30999755859375,397.07000732421875,398.2200012207031,267984.0
2024-02-14T15:30:00-05:00,398.1700134277344,398.8599853515625,397.7250061035156,398.5,429081.0
2024-02-15T09:30:00-05:00,399.1400146484375,401.94000244140625,398.29998779296875,400.3699951171875,672845.0
2024-02-15T10:30:00-05:00,400.3450012207031,401.8699951171875,399.6600036621094,401.29998779296875,285811.0
2024-02-15T11:30:00-05:00,401.260009765625,402.4800109863281,401.1000061035156,402.17999267578125,242841.0
2024-02-15T12:30:00-05:00,402.2300109863281,402.94000244140625,401.489990234375,402.55999755859375,332539.0
2024-02-15T13:30:00-05:00,402.6600036621094,403.7499084472656,402.3800048828125,403.6449890136719,240517.0
2024-02-15T14:30:00-05:00,403.6300048828125,404.2698974609375,403.4200134277344,403.60919189453125,259222.0
2024-02-15T15:30:00-05:00,403.5899963378906,403.82000732421875,402.57000732421875,403.489990234375,474475.0
2024-02-16T09:30:00-05:00,404.44000244140625,404.489990234375,402.5899963378906,404.32000732421875,698818.0
2024-02-16T10:30:00-05:00,404.2950134277344,404.58599853515625,403.6000061035156,403.739990234375,361945.0
2024-02-16T11:30:00-05:00,403.7705078125,405.30499267578125,403.55999755859375,404.8550109863281,293836.0
2024-02-16T12:30:00-05:00,404.8299865722656,406.2850036621094,404.4800109863281,406.1499938964844,406335.0
2024-02-16T13:30:00-05:00,406.1799011230469,406.739990234375,405.6400146484375,405.8399963378906,374747.0
2024-02-16T14:30:00-05:00,405.8500061035156,406.2200012207031,404.7699890136719,405.5450134277344,291518.0
2024-02-16T15:30:00-05:00,405.6099853515625,406.2300109863281,405.07000732421875,405.92999267578125,483641.0
2024-02-20T09:30:00-05:00,406.67999267578125,410.2099914550781,406.05999755859375,409.760009765625,792481.0
2024-02-20T10:30:00-05:00,409.7286071777344,411.1099853515625,409.1700134277344,410.0082092285156,441891.0
2024-02-20T11:30:00-05:00,410.0899963378906,410.1300048828125,408.5400085449219,408.8500061035156,317360.0
2024-02-20T12:30:00-05:00,408.82000732421875,409.260009765625,407.6050109863281,407.9200134277344,310289.0
2024-02-20T13:30:00-05:00,407.7250061035156,408.2099914550781,407.32000732421875,408.1400146484375,197100.0
2024-02-20T14:30:00-05:00,408.0899963378906,408.8299865722656,407.8800048828125,408.3699951171875,221145.0
2024-02-20T15:30:00-05:00,408.3800048828125,408.3999938964844,406.3299865722656,407.1709899902344,550412.0
2024-02-21T09:30:00-05:00,408.260009765625,409.42999267578125,406.70001220703125,408.5849914550781,512124.0
2024-02-21T10:30:00-05:00,408.5950012207031,408.92999267578125,407.6700134277344,408.26458740234375,372746.0
2024-02-21T11:30:00-05:00,408.30999755859375,408.5400085449219,407.5400085449219,407.7987976074219,182732.0
2024-02-21T12:30:00-05:00,407.8500061035156,407.8500061035156,406.7449951171875,407.5299987792969,179116.0
2024-02-21T13:30:00-05:00,407.4200134277344,408.1199951171875,407.3399963378906,407.70001220703125,180513.0
2024-02-21T14:30:00-05:00,407.75,407.760009765625,406.70001220703125,407.2699890136719,257445.0
2024-02-21T15:30:00-05:00,407.30999755859375,409.4800109863281,407.2799987792969,409.30999755859375,458003.0
2024-02-22T09:30:00-05:00,411.29998779296875,413.5799865722656,411.0,412.9590148925781,786163.0
2024-02-22T10:30:00-05:00,412.8900146484375,413.0498962402344,411.7300109863281,412.1199951171875,342049.0
2024-02-22T11:30:00-05:00,412.1099853515625,414.29998779296875,412.04998779296875,414.1080017089844,358814.0
2024-02-22T12:30:00-05:00,414.1899108886719,415.2099914550781,414.04998779296875,415.18499755859375,287808.0
2024-02-22T13:30:00-05:00,415.19000244140625,416.06988525390625,414.8299865722656,416.06988525390625,376022.0
2024-02-22T14:30:00-05:00,416.07000732421875,416.260009765625,414.7799987792969,415.025390625,422800.0
2024-02-22T15:30:00-05:00,414.9800109863281,416.1549987792969,414.64459228515625,415.05999755859375,536095.0
2024-02-23T09:30:00-05:00,417.67999267578125,420.55999755859375,417.1000061035156,420.3900146484375,813253.0
2024-02-23T10:30:00-05:00,420.3580017089844,420.3580017089844,417.15771484375,418.1246032714844,652767.0
2024-02-23T11:30:00-05:00,418.0899963378906,418.2099914550781,417.5199890136719,418.1099853515625,291299.0
2024-02-23T12:30:00-05:00,418.1400146484375,418.25,417.2300109863281,417.4700012207031,235413.0
2024-02-23T13:30:00-05:00,417.42999267578125,417.8599853515625,416.5199890136719,416.6995849609375,265202.0
2024-02-23T14:30:00-05:00,416.6449890136719,417.82000732421875,416.5646057128906,417.5799865722656,299474.0
2024-02-23T15:30:00-05:00,417.6000061035156,417.9100036621094,417.0199890136719,417.1499938964844,576537.0
2024-02-26T09:30:00-05:00,422.0,430.0,415.25,415.37249755859375,2562270.0
2024-02-26T10:30:00-05:00,415.364990234375,415.7300109863281,410.8999938964844,412.5799865722656,1254534.0
2024-02-26T11:30:00-05:00,412.6000061035156,413.69000244140625,410.6000061035156,413.6700134277344,557538.0
2024-02-26T12:30:00-05:00,413.6300048828125,414.75,411.20001220703125,411.2749938964844,551057.0
2024-02-26T13:30:00-05:00,411.260009765625,411.2850036621094,410.1300048828125,410.7799987792969,487656.0
2024-02-26T14:30:00-05:00,410.8482971191406,410.989990234375,408.8468017578125,409.4700012207031,521643.0
2024-02-26T15:30:00-05:00,409.4902038574219,410.1499938964844,408.95001220703125,409.05999755859375,637828.0
2024-02-27T09:30:00-05:00,409.2099914550781,409.9624938964844,402.5400085449219,403.8800048828125,1300301.0
2024-02-27T10:30:00-05:00,403.7699890136719,403.7699890136719,401.839599609375,403.30499267578125,573119.0
2024-02-27T11:30:00-05:00,403.3299865722656,403.57989501953125,401.7099914550781,402.3299865722656,424514.0
2024-02-27T12:30:00-05:00,402.44000244140625,405.4800109863281,402.44000244140625,405.3900146484375,450898.0
2024-02-27T13:30:00-05:00,405.5,407.5,405.2799987792969,407.4100036621094,346631.0
2024-02-27T14:30:00-05:00,407.4700012207031,408.67999267578125,407.2974853515625,407.614990234375,384388.0
2024-02-27T15:30:00-05:00,407.55999755859375,409.3500061035156,407.4849853515625,408.94000244140625,532767.0
2024-02-28T09:30:00-05:00,408.5,413.5050048828125,407.71258544921875,413.19000244140625,705821.0
2024-02-28T10:30:00-05:00,413.0400085449219,414.6650085449219,412.79998779296875,413.5,562706.0
2024-02-28T11:30:00-05:00,413.5299987792969,413.95001220703125,412.54998779296875,412.7875061035156,290046.0
2024-02-28T12:30:00-05:00,412.67999267578125,414.0,412.6199951171875,413.8349914550781,351609.0
2024-02-28T13:30:00-05:00,413.8999938964844,414.0,411.3800048828125,412.5574951171875,408065.0
2024-02-28T14:30:00-05:00,412.6000061035156,412.6000061035156,411.45001220703125,412.05999755859375,326142.0
2024-02-28T15:30:00-05:00,412.0,412.2699890136719,411.5950012207031,412.2300109863281,596518.0
2024-02-29T09:30:00-05:00,413.1000061035156,413.7900085449219,409.6050109863281,409.7799987792969,602082.0
2024-02-29T10:30:00-05:00,409.7699890136719,410.5799865722656,408.7200012207031,410.5299987792969,359044.0
2024-02-29T11:30:00-05:00,410.4700012207031,410.4700012207031,409.0,409.260009765625,245483.0
2024-02-29T12:30:00-05:00,409.3450012207031,409.659912109375,408.91009521484375,409.1000061035156,197384.0
2024-02-29T13:30:00-05:00,409.0799865722656,409.71990966796875,408.5199890136719,409.1199951171875,232639.0
2024-02-29T14:30:00-05:00,409.1099853515625,409.6300048828125,408.3800048828125,409.6000061035156,393384.0
2024-02-29T15:30:00-05:00,409.6050109863281,410.6400146484375,408.7200012207031,408.7799987792969,705584.0
2024-03-01T09:30:00-05:00,409.4800109863281,410.3900146484375,406.2300109863281,407.9549865722656,613296.0
2024-03-01T10:30:00-05:00,407.8208923339844,408.25,406.6000061035156,406.6099853515625,439678.0
2024-03-01T11:30:00-05:00,406.57000732421875,407.1400146484375,405.45001220703125,406.0,314355.0
2024-03-01T12:30:00-05:00,406.05999755859375,407.44000244140625,405.9700012207031,406.70001220703125,259384.0
2024-03-01T13:30:00-05:00,406.614990234375,407.0,406.25,406.80999755859375,244185.0
2024-03-01T14:30:00-05:00,406.80999755859375,407.1000061035156,406.1199951171875,406.6400146484375,317328.0
2024-03-01T15:30:00-05:00,406.6400146484375,407.3500061035156,406.55999755859375,407.1199951171875,436541.0
2024-03-04T09:30:00-05:00,405.0,405.95001220703125,403.5,405.0010070800781,831916.0
2024-03-04T10:30:00-05:00,405.0155029296875,405.3900146484375,402.0299987792969,402.45001220703125,523595.0
2024-03-04T11:30:00-05:00,402.4100036621094,403.260009765625,402.1499938964844,403.17999267578125,387038.0
2024-03-04T12:30:00-05:00,403.1448974609375,403.57000732421875,402.6700134277344,402.80999755859375,255930.0
2024-03-04T13:30:00-05:00,402.7900085449219,402.9100036621094,401.42999267578125,402.30999755859375,410064.0
2024-03-04T14:30:00-05:00,402.2959899902344,405.0799865722656,402.2900085449219,405.0199890136719,419691.0
2024-03-04T15:30:00-05:00,405.1099853515625,405.1600036621094,403.1600036621094,403.44000244140625,522614.0
2024-03-05T09:30:00-05:00,402.54998779296875,403.3279113769531,401.0450134277344,401.7200012207031,725533.0
2024-03-05T10:30:00-05:00,401.7349853515625,402.8940124511719,401.1700134277344,401.67498779296875,389829.0
2024-03-05T11:30:00-05:00,401.70001220703125,402.0414123535156,399.3699951171875,400.0899963378906,621468.0
2024-03-05T12:30:00-05:00,400.0299987792969,400.0299987792969,399.07000732421875,399.75,398126.0
2024-03-05T13:30:00-05:00,399.7099914550781,400.6000061035156,399.510009765625,400.43499755859375,363867.0
2024-03-05T14:30:00-05:00,400.3900146484375,400.4100036621094,398.7799987792969,399.0799865722656,430748.0
2024-03-05T15:30:00-05:00,399.1099853515625,401.0299987792969,398.8800048828125,400.6700134277344,601830.0
2024-03-06T09:30:00-05:00,402.17999267578125,406.2298889160156,401.69500732421875,405.4599914550781,774665.0
2024-03-06T10:30:00-05:00,405.6700134277344,407.44000244140625,405.1700134277344,407.44000244140625,362115.0
2024-03-06T11:30:00-05:00,407.385009765625,407.385009765625,405.6300964355469,406.3699951171875,245799.0
2024-03-06T12:30:00-05:00,406.3599853515625,407.1499938964844,405.95001220703125,406.7200012207031,358661.0
2024-03-06T13:30:00-05:00,406.6650085449219,406.6700134277344,403.7699890136719,404.6549987792969,258084.0
2024-03-06T14:30:00-05:00,404.6600036621094,404.79998779296875,403.6488037109375,404.260009765625,250137.0
2024-03-06T15:30:00-05:00,404.20001220703125,405.1000061035156,403.5,404.04998779296875,741904.0
2024-03-07T09:30:00-05:00,406.1099853515625,406.3999938964844,401.8299865722656,402.98260498046875,677164.0
2024-03-07T10:30:00-05:00,402.6983947753906,403.2850036621094,401.8046875,402.75,379882.0
2024-03-07T11:30:00-05:00,402.7200012207031,402.7200012207031,400.5978088378906,400.635009765625,451160.0
2024-03-07T12:30:00-05:00,400.54998779296875,400.67498779296875,399.56988525390625,400.510009765625,362111.0
2024-03-07T13:30:00-05:00,400.6099853515625,401.2300109863281,399.9800109863281,400.3245849609375,325063.0
2024-03-07T14:30:00-05:00,400.364990234375,401.8999938964844,400.1199951171875,401.5024108886719,334350.0
2024-03-07T15:30:00-05:00,401.3999938964844,402.9100036621094,401.3800048828125,402.489990234375,507923.0
2024-03-08T09:30:00-05:00,401.0799865722656,403.1781005859375,400.1099853515625,400.3999938964844,596127.0
2024-03-08T10:30:00-05:00,400.3699951171875,402.9599914550781,400.010009765625,402.8800048828125,390716.0
2024-03-08T11:30:00-05:00,402.6199951171875,402.9800109863281,401.43011474609375,402.6000061035156,292698.0
2024-03-08T12:30:00-05:00,402.69000244140625,403.20001220703125,401.69000244140625,402.4200134277344,205747.0
2024-03-08T13:30:00-05:00,402.3269958496094,403.3489074707031,401.625,403.20001220703125,188028.0
2024-03-08T14:30:00-05:00,403.30999755859375,403.3599853515625,401.17498779296875,401.19000244140625,266325.0
2024-03-08T15:30:00-05:00,401.20001220703125,403.260009765625,401.0799865722656,403.17999267578125,652212.0
2024-03-11T09:30:00-04:00,403.29998779296875,405.010009765625,402.7406005859375,404.42999267578125,450719.0
2024-03-11T10:30:00-04:00,404.385009765625,404.67999267578125,403.6158142089844,403.7799987792969,270212.0
2024-03-11T11:30:00-04:00,403.7900085449219,404.2900085449219,403.5899963378906,403.7850036621094,184931.0
2024-03-11T12:30:00-04:00,403.81500244140625,404.4504089355469,403.3699951171875,403.8299865722656,206252.0
2024-03-11T13:30:00-04:00,403.875,404.239990234375,403.2099914550781,403.69000244140625,184951.0
2024-03-11T14:30:00-04:00,403.6449890136719,404.760009765625,403.6199951171875,404.0,190284.0
2024-03-11T15:30:00-04:00,403.9762878417969,404.9599914550781,403.79998779296875,404.82000732421875,441186.0
2024-03-12T09:30:00-04:00,406.7799987792969,407.20001220703125,404.3500061035156,405.6736145019531,411778.0
2024-03-12T10:30:00-04:00,405.5299987792969,406.1700134277344,404.45001220703125,404.510009765625,272196.0
2024-03-12T11:30:00-04:00,404.57000732421875,406.1400146484375,404.45318603515625,405.4700012207031,198187.0
2024-03-12T12:30:00-04:00,405.4700012207031,405.49090576171875,404.1000061035156,404.8599853515625,203061.0
2024-03-12T13:30:00-04:00,404.8999938964844,406.0199890136719,404.7900085449219,405.8999938964844,192417.0
2024-03-12T14:30:00-04:00,405.9800109863281,406.489990234375,405.0400085449219,406.177490234375,227767.0
2024-03-12T15:30:00-04:00,406.1929931640625,406.1982116699219,404.8399963378906,404.8699951171875,312486.0
2024-03-13T09:30:00-04:00,405.29998779296875,406.38580322265625,404.1499938964844,405.489990234375,434916.0
2024-03-13T10:30:00-04:00,405.489990234375,406.20001220703125,404.8399963378906,405.92999267578125,273985.0
2024-03-13T11:30:00-04:00,405.8599853515625,406.79998779296875,405.5899963378906,405.63800048828125,230203.0
2024-03-13T12:30:00-04:00,405.5450134277344,406.54998779296875,405.5318908691406,406.25,163559.0
2024-03-13T13:30:00-04:00,406.20599365234375,406.42999267578125,405.80999755859375,406.0,144966.0
2024-03-13T14:30:00-04:00,406.1199951171875,406.7300109863281,405.57000732421875,405.9800109863281,236340.0
2024-03-13T15:30:00-04:00,406.1700134277344,409.0,406.1700134277344,408.25,752309.0
2024-03-14T09:30:00-04:00,409.0799865722656,409.0799865722656,404.4100036621094,404.44000244140625,498935.0
2024-03-14T10:30:00-04:00,404.447998046875,404.8999938964844,403.3399963378906,403.9200134277344,298646.0
2024-03-14T11:30:00-04:00,403.99688720703125,407.04998779296875,403.70001220703125,406.80010986328125,251596.0
2024-03-14T12:30:00-04:00,406.9049987792969,406.9049987792969,404.8700866699219,404.8700866699219,238544.0
2024-03-14T13:30:00-04:00,404.8699951171875,405.9100036621094,404.3500061035156,405.80499267578125,232156.0
2024-03-14T14:30:00-04:00,405.8160095214844,406.75,404.95001220703125,405.2952880859375,275977.0
2024-03-14T15:30:00-04:00,405.3800048828125,407.0400085449219,405.04998779296875,406.7799987792969,533416.0
2024-03-15T09:30:00-04:00,404.2699890136719,407.0,402.5,404.4800109863281,1823350.0
2024-03-15T10:30:00-04:00,404.3699951171875,405.94000244140625,404.1300048828125,405.3999938964844,604514.0
2024-03-15T11:30:00-04:00,405.32000732421875,406.0950012207031,405.0299987792969,405.2900085449219,299330.0
2024-03-15T12:30:00-04:00,405.2900085449219,406.3900146484375,404.7300109863281,406.2250061035156,209395.0
2024-03-15T13:30:00-04:00,406.29998779296875,406.7799987792969,405.32000732421875,406.2900085449219,267124.0
2024-03-15T14:30:00-04:00,406.2799987792969,407.0299987792969,406.04998779296875,406.69500732421875,255336.0
2024-03-15T15:30:00-04:00,406.75,408.4599914550781,406.6000061035156,408.04998779296875,806850.0
2024-03-18T09:30:00-04:00,408.70001220703125,409.1400146484375,406.0,407.6199951171875,665670.0
2024-03-18T10:30:00-04:00,407.6400146484375,408.29998779296875,407.1000061035156,408.0400085449219,324359.0
2024-03-18T11:30:00-04:00,407.9700012207031,408.9208068847656,407.5899963378906,408.8500061035156,243693.0
2024-03-18T12:30:00-04:00,408.8111877441406,410.59991455078125,408.739990234375,409.1300048828125,288855.0
2024-03-18T13:30:00-04:00,409.1700134277344,409.1700134277344,408.2699890136719,408.4700012207031,226558.0
2024-03-18T14:30:00-04:00,408.4599914550781,408.6600036621094,407.55499267578125,408.2449951171875,665725.0
2024-03-18T15:30:00-04:00,408.25,408.5799865722656,407.69000244140625,408.4100036621094,399346.0
2024-03-19T09:30:00-04:00,409.0799865722656,411.3782043457031,408.0899963378906,411.2900085449219,524953.0
2024-03-19T10:30:00-04:00,411.3900146484375,412.1300048828125,409.7449951171875,411.3900146484375,368562.0
2024-03-19T11:30:00-04:00,411.3901062011719,411.94000244140625,410.9100036621094,411.0950012207031,193651.0
2024-03-19T12:30:00-04:00,411.07049560546875,411.9100036621094,410.9599914550781,411.6050109863281,201511.0
2024-03-19T13:30:00-04:00,411.6698913574219,411.67999267578125,410.0400085449219,410.3599853515625,169891.0
2024-03-19T14:30:00-04:00,410.2945861816406,411.4700012207031,410.17999267578125,411.010009765625,213831.0
2024-03-19T15:30:00-04:00,410.94000244140625,412.19000244140625,410.8414001464844,411.6000061035156,388750.0
2024-03-20T09:30:00-04:00,412.0199890136719,414.0799865722656,411.54998779296875,413.7200012207031,388901.0
2024-03-20T10:30:00-04:00,413.7250061035156,414.82000732421875,413.5299987792969,414.1236877441406,294391.0
2024-03-20T11:30:00-04:00,414.1099853515625,414.1300048828125,413.0899963378906,413.1600036621094,180836.0
2024-03-20T12:30:00-04:00,413.260009765625,413.26300048828125,412.25,412.4599914550781,178562.0
2024-03-20T13:30:00-04:00,412.4100036621094,413.69000244140625,412.260009765625,413.489990234375,240458.0
2024-03-20T14:30:00-04:00,413.5400085449219,415.69000244140625,412.9840087890625,415.05499267578125,375689.0
2024-03-20T15:30:00-04:00,414.989990234375,416.30999755859375,414.4657897949219,416.07000732421875,473463.0
2024-03-21T09:30:00-04:00,416.70001220703125,417.6536865234375,415.55999755859375,417.25,508941.0
2024-03-21T10:30:00-04:00,417.3999938964844,417.82501220703125,416.55999755859375,416.57501220703125,328964.0
2024-03-21T11:30:00-04:00,416.6199951171875,416.8599853515625,415.3999938964844,415.5450134277344,280698.0
2024-03-21T12:30:00-04:00,415.49591064453125,415.59991455078125,414.5799865722656,415.0400085449219,274238.0
2024-03-21T13:30:00-04:00,415.05999755859375,415.82000732421875,414.8299865722656,415.3299865722656,236455.0
2024-03-21T14:30:00-04:00,415.3900146484375,415.739990234375,414.4400939941406,414.5799865722656,321287.0
2024-03-21T15:30:00-04:00,414.56500244140625,414.9599914550781,413.510009765625,413.55999755859375,543036.0
2024-03-22T09:30:00-04:00,413.0,413.8999938964844,411.80499267578125,413.489990234375,405559.0
2024-03-22T10:30:00-04:00,413.489990234375,414.3500061035156,412.79998779296875,413.6600036621094,264351.0
2024-03-22T11:30:00-04:00,413.57000732421875,413.69000244140625,412.20001220703125,412.44500732421875,165502.0
2024-03-22T12:30:00-04:00,412.4649963378906,413.4800109863281,412.4599914550781,413.2900085449219,191867.0
2024-03-22T13:30:00-04:00,413.3028869628906,414.1000061035156,412.8999938964844,414.0249938964844,184555.0
2024-03-22T14:30:00-04:00,414.0397033691406,414.0397033691406,412.1499938964844,412.9200134277344,348898.0
2024-03-22T15:30:00-04:00,412.9700012207031,413.0799865722656,411.3999938964844,411.5299987792969,465488.0
2024-03-25T09:30:00-04:00,410.6700134277344,411.06500244140625,408.9244079589844,409.3999938964844,482704.0
2024-03-25T10:30:00-04:00,409.43499755859375,410.2300109863281,409.1600036621094,410.052490234375,242095.0
2024-03-25T11:30:00-04:00,410.0,410.6000061035156,409.7799987792969,409.81500244140625,183304.0
2024-03-25T12:30:00-04:00,409.75,410.1000061035156,409.489990234375,409.7449951171875,121439.0
2024-03-25T13:30:00-04:00,409.7853088378906,409.94000244140625,409.3500061035156,409.7550048828125,152097.0
2024-03-25T14:30:00-04:00,409.75,410.0,409.2099914550781,409.5450134277344,215741.0
2024-03-25T15:30:00-04:00,409.54998779296875,410.2699890136719,409.3599853515625,410.1099853515625,425819.0
2024-03-26T09:30:00-04:00,410.0,412.5899963378906,408.60009765625,412.5000915527344,347984.0
2024-03-26T10:30:00-04:00,412.54998779296875,412.6199951171875,411.6600036621094,411.92999267578125,248563.0
2024-03-26T11:30:00-04:00,411.9800109863281,412.1499938964844,411.3550109863281,412.05999755859375,154933.0
2024-03-26T12:30:00-04:00,412.07000732421875,412.6600036621094,411.6300048828125,412.0799865722656,159408.0
2024-03-26T13:30:00-04:00,412.07000732421875,412.3599853515625,411.6600036621094,411.8500061035156,139989.0
2024-03-26T14:30:00-04:00,411.8500061035156,412.56610107421875,411.6700134277344,412.1000061035156,201220.0
2024-03-26T15:30:00-04:00,412.1000061035156,412.4399108886719,411.1499938964844,411.8900146484375,701942.0
2024-03-27T09:30:00-04:00,413.6499938964844,416.6600036621094,413.3999938964844,414.989990234375,542702.0
2024-03-27T10:30:00-04:00,414.97918701171875,415.3699951171875,413.8999938964844,414.8399963378906,234392.0
2024-03-27T11:30:00-04:00,414.8299865722656,414.9049987792969,413.7099914550781,414.1499938964844,192852.0
2024-03-27T12:30:00-04:00,414.20001220703125,414.79998779296875,414.05999755859375,414.7699890136719,141344.0
2024-03-27T13:30:00-04:00,414.70001220703125,414.8800048828125,414.04010009765625,414.739990234375,161701.0
2024-03-27T14:30:00-04:00,414.7099914550781,415.135009765625,413.94000244140625,414.9800109863281,262148.0
2024-03-27T15:30:00-04:00,415.0849914550781,417.2099914550781,415.0101013183594,417.1700134277344,647884.0
2024-03-28T09:30:00-04:00,417.79998779296875,418.20001220703125,415.8500061035156,416.8550109863281,486228.0
2024-03-28T10:30:00-04:00,416.8999938964844,417.5,416.1112060546875,417.07501220703125,381198.0
2024-03-28T11:30:00-04:00,417.0,417.760009765625,416.7449951171875,417.70001220703125,204867.0
2024-03-28T12:30:00-04:00,417.6700134277344,418.14990234375,417.5899963378906,418.1000061035156,225812.0
2024-03-28T13:30:00-04:00,418.1300048828125,418.70001220703125,417.5,418.4200134277344,346261.0
2024-03-28T14:30:00-04:00,418.44000244140625,421.1000061035156,418.2900085449219,421.0450134277344,471543.0
2024-03-28T15:30:00-04:00,421.07000732421875,421.44000244140625,420.1199951171875,420.4100036621094,769426.0
2024-04-01T09:30:00-04:00,421.489990234375,421.6600036621094,417.80999755859375,421.0050048828125,540763.0
2024-04-01T10:30:00-04:00,420.9200134277344,420.9200134277344,419.1700134277344,419.3699951171875,233455.0
2024-04-01T11:30:00-04:00,419.29998779296875,419.3500061035156,417.9700012207031,418.4800109863281,245532.0
2024-04-01T12:30:00-04:00,418.489990234375,419.42999267578125,418.4599914550781,418.8299865722656,171952.0
2024-04-01T13:30:00-04:00,418.82000732421875,419.5,418.6199951171875,419.5,158278.0
2024-04-01T14:30:00-04:00,419.5299987792969,421.0199890136719,419.5299987792969,420.1000061035156,317789.0
2024-04-01T15:30:00-04:00,420.1400146484375,420.760009765625,420.0400085449219,420.17999267578125,428147.0
2024-04-02T09:30:00-04:00,419.75,421.010009765625,418.79998779296875,419.2974853515625,512897.0
2024-04-02T10:30:00-04:00,419.3299865722656,419.9200134277344,418.2900085449219,418.3599853515625,231551.0
2024-04-02T11:30:00-04:00,418.42498779296875,419.3699951171875,418.1600036621094,419.2300109863281,174057.0
2024-04-02T12:30:00-04:00,419.2554931640625,419.739990234375,418.5,418.94000244140625,154057.0
2024-04-02T13:30:00-04:00,418.8800048828125,419.6098937988281,418.6400146484375,419.42999267578125,157001.0
2024-04-02T14:30:00-04:00,419.45001220703125,419.6000061035156,418.8999938964844,419.3699951171875,198975.0
2024-04-02T15:30:00-04:00,419.30999755859375,419.3190002441406,418.0849914550781,419.0899963378906,475142.0
2024-04-03T09:30:00-04:00,419.0,421.5799865722656,418.5199890136719,420.0,481198.0
2024-04-03T10:30:00-04:00,420.06500244140625,420.45001220703125,419.0,419.6650085449219,218997.0
2024-04-03T11:30:00-04:00,419.6449890136719,421.909912109375,419.5400085449219,421.5849914550781,236472.0
2024-04-03T12:30:00-04:00,421.5899963378906,421.5899963378906,420.260009765625,421.033203125,166166.0
2024-04-03T13:30:00-04:00,421.1199951171875,421.3900146484375,420.3949890136719,420.5899963378906,201714.0
2024-04-03T14:30:00-04:00,420.610107421875,420.7300109863281,418.9599914550781,419.6300048828125,215649.0
2024-04-03T15:30:00-04:00,419.57501220703125,420.80999755859375,419.5199890136719,420.44000244140625,466963.0
2024-04-04T09:30:00-04:00,423.8399963378906,424.07000732421875,421.2900085449219,423.94830322265625,427448.0
2024-04-04T10:30:00-04:00,423.8999938964844,424.5199890136719,423.04998779296875,424.1346130371094,356526.0
2024-04-04T11:30:00-04:00,424.1199951171875,424.1199951171875,422.0899963378906,422.1449890136719,285853.0
2024-04-04T12:30:00-04:00,422.1166076660156,422.3399963378906,421.29998779296875,421.69000244140625,274628.0
2024-04-04T13:30:00-04:00,421.7200012207031,421.8299865722656,417.0299987792969,417.0899963378906,350862.0
2024-04-04T14:30:00-04:00,417.0,417.80999755859375,415.7900085449219,416.2250061035156,554209.0
2024-04-04T15:30:00-04:00,416.2749938964844,416.5899963378906,414.54998779296875,415.4800109863281,558781.0
2024-04-05T09:30:00-04:00,416.55999755859375,417.989990234375,415.4100036621094,415.7550048828125,467582.0
2024-04-05T10:30:00-04:00,415.70001220703125,417.8900146484375,415.6099853515625,417.6600036621094,252940.0
2024-04-05T11:30:00-04:00,417.6499938964844,418.6986083984375,417.1700134277344,418.44000244140625,238527.0
2024-04-05T12:30:00-04:00,418.4750061035156,418.7900085449219,417.2900085449219,417.5899963378906,174863.0
2024-04-05T13:30:00-04:00,417.5849914550781,418.4804992675781,416.94000244140625,417.8399963378906,240421.0
2024-04-05T14:30:00-04:00,417.989990234375,418.2398986816406,417.3399963378906,417.79998779296875,251775.0
2024-04-05T15:30:00-04:00,417.7799987792969,419.2699890136719,417.6099853515625,418.45001220703125,438187.0
2024-04-08T09:30:00-04:00,418.32000732421875,418.38330078125,416.7550048828125,417.93670654296875,425798.0
2024-04-08T10:30:00-04:00,417.82000732421875,418.57000732421875,417.0950012207031,417.30999755859375,230741.0
2024-04-08T11:30:00-04:00,417.35400390625,417.6300048828125,416.8999938964844,417.58648681640625,216753.0
2024-04-08T12:30:00-04:00,417.5299987792969,418.0,417.3577880859375,417.8800048828125,149273.0
2024-04-08T13:30:00-04:00,417.81500244140625,417.8500061035156,417.1199951171875,417.45001220703125,126825.0
2024-04-08T14:30:00-04:00,417.43499755859375,417.489990234375,416.75,417.1449890136719,173185.0
2024-04-08T15:30:00-04:00,417.0899963378906,417.2799987792969,415.625,416.260009765625,439395.0
2024-04-09T09:30:00-04:00,416.5799865722656,417.32000732421875,415.29998779296875,415.5299987792969,300574.0
2024-04-09T10:30:00-04:00,415.3750915527344,415.4100036621094,412.1199951171875,413.5,332234.0
2024-04-09T11:30:00-04:00,413.5,414.3599853515625,413.29998779296875,414.02178955078125,172274.0
2024-04-09T12:30:00-04:00,414.1099853515625,414.5,413.17999267578125,413.6400146484375,142088.0
2024-04-09T13:30:00-04:00,413.6449890136719,414.0199890136719,413.07000732421875,413.2550048828125,165253.0
2024-04-09T14:30:00-04:00,413.3030090332031,414.6199951171875,412.7950134277344,414.56549072265625,247083.0
2024-04-09T15:30:00-04:00,414.55999755859375,415.0,413.42999267578125,414.8399963378906,436419.0
2024-04-10T09:30:00-04:00,412.739990234375,413.55999755859375,408.29998779296875,410.6700134277344,677367.0
2024-04-10T10:30:00-04:00,410.6549987792969,411.76519775390625,409.6499938964844,410.0299987792969,284797.0
2024-04-10T11:30:00-04:00,410.1099853515625,410.20001220703125,409.06500244140625,409.2463073730469,204505.0
2024-04-10T12:30:00-04:00,409.2502136230469,409.8500061035156,407.6199951171875,409.0,296951.0
2024-04-10T13:30:00-04:00,408.9800109863281,409.8900146484375,407.5299987792969,409.2300109863281,278843.0
2024-04-10T14:30:00-04:00,409.1600036621094,410.3999938964844,408.3999938964844,410.0,262329.0
2024-04-10T15:30:00-04:00,409.9800109863281,410.05999755859375,408.79998779296875,408.90130615234375,474682.0
2024-04-11T09:30:00-04:00,408.3999938964844,408.7300109863281,404.0531005859375,404.7569885253906,604042.0
2024-04-11T10:30:00-04:00,404.7699890136719,406.5299987792969,404.7099914550781,406.4110107421875,242685.0
2024-04-11T11:30:00-04:00,406.30499267578125,408.4800109863281,406.2099914550781,407.6700134277344,217051.0
2024-04-11T12:30:00-04:00,407.7300109863281,409.6300048828125,407.3500061035156,409.1600036621094,240467.0
2024-04-11T13:30:00-04:00,409.2300109863281,410.9779052734375,408.95001220703125,410.5899963378906,242388.0
2024-04-11T14:30:00-04:00,410.55499267578125,411.14990234375,409.8299865722656,409.8299865722656,216836.0
2024-04-11T15:30:00-04:00,409.875,409.95098876953125,407.29998779296875,407.55999755859375,409168.0
2024-04-12T09:30:00-04:00,405.0,407.2099914550781,404.4599914550781,404.9599914550781,520864.0
2024-04-12T10:30:00-04:00,404.82501220703125,404.9800109863281,403.3599853515625,404.4049987792969,441389.0
2024-04-12T11:30:00-04:00,404.43170166015625,405.1099853515625,403.20001220703125,403.7900085449219,278196.0
2024-04-12T12:30:00-04:00,403.6499938964844,403.8550109863281,402.0150146484375,402.1300048828125,294998.0
2024-04-12T13:30:00-04:00,402.0299987792969,403.8500061035156,401.44000244140625,403.14459228515625,353529.0
2024-04-12T14:30:00-04:00,403.1300048828125,403.239990234375,401.4601135253906,402.05999755859375,300811.0
2024-04-12T15:30:00-04:00,402.0249938964844,403.4200134277344,401.6600036621094,403.17999267578125,485002.0
2024-04-15T09:30:00-04:00,406.989990234375,409.0553894042969,405.3337097167969,405.95001220703125,560016.0
2024-04-15T10:30:00-04:00,405.9100036621094,406.29998779296875,404.07000732421875,404.8136901855469,247016.0
2024-04-15T11:30:00-04:00,404.8299865722656,405.8399963378906,404.1715087890625,404.23760986328125,203301.0
2024-04-15T12:30:00-04:00,404.2749938964844,404.4700012207031,402.1099853515625,402.1099853515625,206458.0
2024-04-15T13:30:00-04:00,402.0799865722656,402.82000732421875,401.20001220703125,401.67999267578125,338199.0
2024-04-15T14:30:00-04:00,401.5799865722656,402.8299865722656,400.5299987792969,400.92999267578125,287656.0
2024-04-15T15:30:00-04:00,400.95001220703125,401.79998779296875,399.8599853515625,400.25,554473.0
2024-04-16T09:30:00-04:00,400.9700012207031,401.25,397.2300109863281,398.989990234375,702690.0
2024-04-16T10:30:00-04:00,399.010009765625,399.6700134277344,397.8299865722656,398.2951965332031,340581.0
2024-04-16T11:30:00-04:00,398.3299865722656,400.3900146484375,397.7900085449219,400.1400146484375,211487.0
2024-04-16T12:30:00-04:00,400.25,400.8900146484375,399.6600036621094,399.8699951171875,228830.0
2024-04-16T13:30:00-04:00,399.8999938964844,400.6300048828125,397.8399963378906,398.20001220703125,265356.0
2024-04-16T14:30:00-04:00,398.2799987792969,400.0849914550781,398.1700134277344,399.3599853515625,492238.0
2024-04-16T15:30:00-04:00,399.3299865722656,399.3299865722656,396.5,396.8299865722656,616626.0
2024-04-17T09:30:00-04:00,398.94000244140625,399.2799987792969,396.7900085449219,398.0450134277344,458727.0
2024-04-17T10:30:00-04:00,398.0494079589844,398.3900146484375,397.0,397.0,219084.0
2024-04-17T11:30:00-04:00,396.9849853515625,397.3623962402344,395.6610107421875,396.32000732421875,223223.0
2024-04-17T12:30:00-04:00,396.25,397.4700012207031,396.0299987792969,397.4700012207031,233181.0
2024-04-17T13:30:00-04:00,397.4200134277344,397.6300048828125,396.7900085449219,397.4200134277344,191073.0
2024-04-17T14:30:00-04:00,397.44000244140625,399.1899108886719,397.04998779296875,397.7300109863281,285328.0
2024-04-17T15:30:00-04:00,397.7799987792969,398.3399963378906,397.17999267578125,397.6300048828125,320901.0
2024-04-18T09:30:00-04:00,399.70001220703125,401.3299865722656,399.1099853515625,401.04998779296875,408523.0
2024-04-18T10:30:00-04:00,401.1944885253906,402.989990234375,400.5899963378906,402.3349914550781,287437.0
2024-04-18T11:30:00-04:00,402.3349914550781,402.70458984375,401.30999755859375,401.4200134277344,215673.0
2024-04-18T12:30:00-04:00,401.3949890136719,401.4898986816406,399.5899963378906,400.42498779296875,202058.0
2024-04-18T13:30:00-04:00,400.32000732421875,400.42999267578125,399.2001037597656,399.71099853515625,168098.0
2024-04-18T14:30:00-04:00,399.8299865722656,400.4599914550781,399.1000061035156,400.06500244140625,219184.0
2024-04-18T15:30:00-04:00,400.1400146484375,400.7200012207031,399.3399963378906,399.739990234375,413585.0
2024-04-19T09:30:00-04:00,401.0400085449219,404.2904052734375,400.1700134277344,403.364990234375,819029.0
2024-04-19T10:30:00-04:00,403.55499267578125,403.9175109863281,402.6182861328125,403.3500061035156,249824.0
2024-04-19T11:30:00-04:00,403.389892578125,403.7300109863281,401.87750244140625,402.44000244140625,253018.0
2024-04-19T12:30:00-04:00,402.4800109863281,403.8900146484375,402.09698486328125,403.3699951171875,275258.0
2024-04-19T13:30:00-04:00,403.5,404.739990234375,403.44140625,403.82000732421875,233850.0
2024-04-19T14:30:00-04:00,403.80999755859375,405.07000732421875,403.5799865722656,404.8800048828125,417794.0
2024-04-19T15:30:00-04:00,404.7300109863281,405.57000732421875,404.30999755859375,405.239990234375,646393.0
2024-04-22T09:30:00-04:00,406.8399963378906,408.6099853515625,406.510009765625,407.83990478515625,553215.0
2024-04-22T10:30:00-04:00,407.8500061035156,408.1499938964844,406.25,406.44000244140625,263407.0
2024-04-22T11:30:00-04:00,406.4599914550781,407.32000732421875,406.30279541015625,407.2799987792969,148290.0
2024-04-22T12:30:00-04:00,407.2799987792969,409.2900085449219,407.2349853515625,409.2699890136719,203180.0
2024-04-22T13:30:00-04:00,409.30999755859375,411.3500061035156,409.17999267578125,411.2250061035156,376222.0
2024-04-22T14:30:00-04:00,411.260009765625,411.2749938964844,408.7077941894531,409.0,254805.0
2024-04-22T15:30:00-04:00,408.8800048828125,409.010009765625,407.8800048828125,408.7900085449219,375442.0
2024-04-23T09:30:00-04:00,410.25,410.25,405.6400146484375,409.0799865722656,474750.0
2024-04-23T10:30:00-04:00,409.05999755859375,410.7200012207031,408.7200012207031,408.7200012207031,337335.0
2024-04-23T11:30:00-04:00,408.7200012207031,408.7200012207031,407.54998779296875,408.114990234375,215527.0
2024-04-23T12:30:00-04:00,408.150390625,408.489990234375,407.6000061035156,408.17999267578125,145586.0
2024-04-23T13:30:00-04:00,408.2349853515625,408.3500061035156,407.3500061035156,407.54998779296875,158874.0
2024-04-23T14:30:00-04:00,407.67999267578125,408.1300048828125,407.1400146484375,407.4599914550781,208478.0
2024-04-23T15:30:00-04:00,407.3800048828125,408.8999938964844,407.34100341796875,408.5199890136719,315928.0
2024-04-24T09:30:00-04:00,407.1000061035156,407.6199951171875,405.7799987792969,405.885009765625,467363.0
2024-04-24T10:30:00-04:00,405.9100036621094,405.9200134277344,404.07000732421875,404.68499755859375,310808.0
2024-04-24T11:30:00-04:00,404.67498779296875,405.2091979980469,404.0,404.30999755859375,212751.0
2024-04-24T12:30:00-04:00,404.19000244140625,405.2200012207031,403.8800048828125,405.151611328125,160229.0
2024-04-24T13:30:00-04:00,405.2200012207031,406.6700134277344,405.2099914550781,405.9700012207031,156056.0
2024-04-24T14:30:00-04:00,405.8699951171875,405.8699951171875,404.82000732421875,405.6199951171875,243113.0
2024-04-24T15:30:00-04:00,405.6099853515625,406.75,405.25,405.95001220703125,347447.0
2024-04-25T09:30:00-04:00,404.8500061035156,405.8699951171875,400.3500061035156,402.3299865722656,671011.0
2024-04-25T10:30:00-04:00,402.2699890136719,403.89959716796875,401.67999267578125,403.5249938964844,265991.0
2024-04-25T11:30:00-04:00,403.6000061035156,404.7300109863281,403.4869079589844,404.67999267578125,189188.0
2024-04-25T12:30:00-04:00,404.67999267578125,404.95001220703125,403.5400085449219,404.04998779296875,130058.0
2024-04-25T13:30:00-04:00,404.1499938964844,405.77301025390625,403.9800109863281,404.7900085449219,172554.0
2024-04-25T14:30:00-04:00,404.510009765625,406.1400146484375,404.19000244140625,406.1099853515625,241309.0
2024-04-25T15:30:00-04:00,406.07000732421875,406.0799865722656,404.57000732421875,405.05999755859375,343839.0
2024-04-26T09:30:00-04:00,403.9200134277344,404.75,402.70001220703125,403.0400085449219,413314.0
2024-04-26T10:30:00-04:00,403.05999755859375,403.8599853515625,401.4100036621094,401.8550109863281,395488.0
2024-04-26T11:30:00-04:00,401.96661376953125,402.7200012207031,401.5,402.7200012207031,398186.0
2024-04-26T12:30:00-04:00,402.739990234375,403.0799865722656,402.1300048828125,402.8599853515625,198296.0
2024-04-26T13:30:00-04:00,402.82000732421875,403.6600036621094,402.79998779296875,403.07000732421875,227839.0
2024-04-26T14:30:00-04:00,403.0299987792969,403.70001220703125,402.739990234375,402.8699951171875,253058.0
2024-04-26T15:30:00-04:00,402.8599853515625,402.8599853515625,401.6600036621094,401.67999267578125,529394.0
2024-04-29T09:30:00-04:00,402.6600036621094,404.8699951171875,402.17291259765625,403.1700134277344,393132.0
2024-04-29T10:30:00-04:00,403.19000244140625,403.4294128417969,402.0,402.9200134277344,324563.0
2024-04-29T11:30:00-04:00,402.8599853515625,403.0,401.6000061035156,402.8699951171875,229403.0
2024-04-29T12:30:00-04:00,402.8349914550781,403.0799865722656,401.72210693359375,401.8500061035156,150427.0
2024-04-29T13:30:00-04:00,401.8299865722656,402.0299987792969,401.4800109863281,401.6783142089844,160066.0
2024-04-29T14:30:00-04:00,401.6499938964844,401.7650146484375,400.0799865722656,400.55999755859375,279924.0
2024-04-29T15:30:00-04:00,400.6099853515625,400.989990234375,400.1499938964844,400.8699951171875,342656.0
2024-04-30T09:30:00-04:00,400.5799865722656,400.6000061035156,399.20001220703125,399.5199890136719,385728.0
2024-04-30T10:30:00-04:00,399.4800109863281,399.9898986816406,398.0899963378906,398.4700012207031,268634.0
2024-04-30T11:30:00-04:00,398.6481018066406,399.0635070800781,397.92999267578125,398.74749755859375,231965.0
2024-04-30T12:30:00-04:00,398.8299865722656,398.8299865722656,397.8900146484375,398.2900085449219,182164.0
2024-04-30T13:30:00-04:00,398.3699951171875,399.260009765625,398.07000732421875,398.2300109863281,174872.0
2024-04-30T14:30:00-04:00,398.2449951171875,398.5199890136719,397.57000732421875,397.9153137207031,158934.0
2024-04-30T15:30:00-04:00,397.8800048828125,398.1449890136719,396.3699951171875,396.7200012207031,494911.0
2024-05-01T09:30:00-04:00,396.6099853515625,400.489990234375,396.3500061035156,400.0299987792969,356758.0
2024-05-01T10:30:00-04:00,400.0350036621094,401.0,399.8800048828125,400.6499938964844,217377.0
2024-05-01T11:30:00-04:00,400.68499755859375,400.989990234375,399.79998779296875,400.42999267578125,200012.0
2024-05-01T12:30:00-04:00,400.4200134277344,400.6000061035156,399.739990234375,400.0498962402344,154821.0
2024-05-01T13:30:00-04:00,400.04998779296875,400.6499938964844,398.70001220703125,400.6499938964844,215513.0
2024-05-01T14:30:00-04:00,400.65521240234375,402.32000732421875,399.635009765625,401.5400085449219,369228.0
2024-05-01T15:30:00-04:00,401.55499267578125,401.55999755859375,398.2699890136719,398.57000732421875,475539.0
2024-05-02T09:30:00-04:00,401.0,401.29998779296875,397.8800048828125,399.0299987792969,431029.0
2024-05-02T10:30:00-04:00,398.9200134277344,399.7099914550781,397.8800048828125,398.6791076660156,228188.0
2024-05-02T11:30:00-04:00,398.71051025390625,399.3598937988281,398.2099914550781,398.9150085449219,177949.0
2024-05-02T12:30:00-04:00,398.8399963378906,400.7124938964844,398.3599853515625,400.6549987792969,189140.0
2024-05-02T13:30:00-04:00,400.69000244140625,400.8800048828125,399.9599914550781,400.3550109863281,150487.0
2024-05-02T14:30:00-04:00,400.3999938964844,401.55999755859375,400.3901062011719,400.9148864746094,217802.0
2024-05-02T15:30:00-04:00,400.8399963378906,401.0400085449219,399.4200134277344,400.7799987792969,365781.0
2024-05-03T09:30:00-04:00,404.5,404.5,400.35321044921875,401.3800048828125,749443.0
2024-05-03T10:30:00-04:00,401.3500061035156,401.4100036621094,399.2099914550781,400.2900085449219,444358.0
2024-05-03T11:30:00-04:00,400.3299865722656,402.43499755859375,400.2900085449219,402.43499755859375,312836.0
2024-05-03T12:30:00-04:00,402.3999938964844,402.94000244140625,402.1807861328125,402.8599853515625,239233.0
2024-05-03T13:30:00-04:00,402.8949890136719,403.81988525390625,402.67999267578125,402.95001220703125,335603.0
2024-05-03T14:30:00-04:00,402.9800109863281,403.0400085449219,401.44000244140625,401.8500061035156,380952.0
2024-05-03T15:30:00-04:00,401.7699890136719,402.17999267578125,399.9700012207031,400.760009765625,844819.0
2024-05-06T09:30:00-04:00,403.9599914550781,404.3800048828125,399.260009765625,400.49749755859375,1037963.0
2024-05-06T10:30:00-04:00,400.42999267578125,403.08990478515625,400.3299865722656,401.7900085449219,433008.0
2024-05-06T11:30:00-04:00,401.7799987792969,402.95001220703125,401.2900085449219,402.45001220703125,255983.0
2024-05-06T12:30:00-04:00,402.4649963378906,403.7300109863281,402.4649963378906,403.3299865722656,308401.0
2024-05-06T13:30:00-04:00,403.2699890136719,403.92999267578125,402.2799987792969,403.8399963378906,322350.0
2024-05-06T14:30:00-04:00,403.8999938964844,403.9700012207031,402.3599853515625,402.69000244140625,297881.0
2024-05-06T15:30:00-04:00,402.6499938964844,405.1499938964844,402.6499938964844,405.010009765625,470273.0
2024-05-07T09:30:00-04:00,406.92999267578125,407.260009765625,404.07000732421875,405.635009765625,595232.0
2024-05-07T10:30:00-04:00,405.6400146484375,406.69989013671875,405.2300109863281,405.7900085449219,430989.0
2024-05-07T11:30:00-04:00,405.69000244140625,405.8489074707031,404.3699951171875,404.76800537109375,263414.0
2024-05-07T12:30:00-04:00,404.75,405.08880615234375,403.6105041503906,405.010009765625,208904.0
2024-05-07T13:30:00-04:00,405.0050048828125,405.9800109863281,404.94000244140625,405.1300048828125,214551.0
2024-05-07T14:30:00-04:00,405.1700134277344,405.4700012207031,404.739990234375,405.364990234375,210359.0
2024-05-07T15:30:00-04:00,405.3450012207031,406.1700134277344,405.010009765625,406.010009765625,427642.0
2024-05-08T09:30:00-04:00,406.4700012207031,407.2149963378906,403.75,404.3500061035156,498324.0
2024-05-08T10:30:00-04:00,404.2355041503906,405.9800109863281,403.8999938964844,405.7149963378906,249611.0
2024-05-08T11:30:00-04:00,405.65411376953125,406.5,405.65411376953125,405.889892578125,192051.0
2024-05-08T12:30:00-04:00,405.7699890136719,406.2099914550781,405.4054870605469,405.7900085449219,131744.0
2024-05-08T13:30:00-04:00,405.760009765625,406.44000244140625,405.6600036621094,406.0823974609375,152152.0
2024-05-08T14:30:00-04:00,406.0400085449219,406.54998779296875,405.8599853515625,406.2349853515625,221771.0
2024-05-08T15:30:00-04:00,406.29998779296875,407.22900390625,406.2080078125,406.3900146484375,409698.0
2024-05-09T09:30:00-04:00,406.25,407.79998779296875,405.4599914550781,407.55999755859375,309271.0
2024-05-09T10:30:00-04:00,407.55999755859375,408.5400085449219,406.95001220703125,407.294189453125,225214.0
2024-05-09T11:30:00-04:00,407.2943115234375,407.4190979003906,406.6600036621094,407.07000732421875,146878.0
2024-05-09T12:30:00-04:00,407.1099853515625,407.7699890136719,406.9700012207031,407.7699890136719,143238.0
2024-05-09T13:30:00-04:00,407.7799987792969,407.7900085449219,406.6600036621094,406.92498779296875,171038.0
2024-05-09T14:30:00-04:00,407.0,407.86248779296875,406.81060791015625,407.7799072265625,246286.0
2024-05-09T15:30:00-04:00,407.6549987792969,408.8699951171875,407.489990234375,408.82000732421875,388597.0
2024-05-10T09:30:00-04:00,409.8500061035156,411.8699951171875,409.20001220703125,411.6449890136719,470664.0
2024-05-10T10:30:00-04:00,411.635009765625,412.135009765625,410.3699951171875,410.98590087890625,329477.0
2024-05-10T11:30:00-04:00,411.0,411.80999755859375,410.5400085449219,411.7200012207031,201510.0
2024-05-10T12:30:00-04:00,411.7300109863281,411.8800048828125,410.92999267578125,410.9649963378906,132470.0
2024-05-10T13:30:00-04:00,410.9150085449219,411.79998779296875,410.8900146484375,411.4599914550781,150761.0
2024-05-10T14:30:00-04:00,411.4898986816406,412.2312927246094,411.04998779296875,411.9700012207031,265440.0
2024-05-10T15:30:00-04:00,412.010009765625,412.3800048828125,411.6300048828125,412.0400085449219,419596.0
2024-05-13T09:30:00-04:00,414.05999755859375,414.2995910644531,411.8800048828125,411.96990966796875,452235.0
2024-05-13T10:30:00-04:00,411.8500061035156,412.239990234375,411.010009765625,411.6099853515625,258622.0
2024-05-13T11:30:00-04:00,411.55999755859375,411.8586120605469,410.8999938964844,411.57000732421875,179401.0
2024-05-13T12:30:00-04:00,411.5849914550781,411.5849914550781,410.5,410.79998779296875,148547.0
2024-05-13T13:30:00-04:00,410.81500244140625,411.0400085449219,410.19000244140625,410.9200134277344,162582.0
2024-05-13T14:30:00-04:00,410.95880126953125,411.32989501953125,410.7170104980469,410.7799987792969,172772.0
2024-05-13T15:30:00-04:00,410.7900085449219,411.3800048828125,410.55999755859375,411.2200012207031,323930.0
2024-05-14T09:30:00-04:00,410.45001220703125,411.5592041015625,409.5299987792969,410.739990234375,400076.0
2024-05-14T10:30:00-04:00,410.760009765625,410.760009765625,408.1700134277344,408.2799987792969,340770.0
2024-05-14T11:30:00-04:00,408.3699951171875,409.0899963378906,408.2099914550781,408.8599853515625,197170.0
2024-05-14T12:30:00-04:00,408.82000732421875,408.989990234375,408.2300109863281,408.5299987792969,158087.0
2024-05-14T13:30:00-04:00,408.54998779296875,409.2300109863281,408.2699890136719,409.1600036621094,182887.0
2024-05-14T14:30:00-04:00,409.1700134277344,410.18499755859375,409.0799865722656,410.07000732421875,258575.0
2024-05-14T15:30:00-04:00,409.9100036621094,410.5899963378906,409.55499267578125,410.2300109863281,424888.0
2024-05-15T09:30:00-04:00,410.510009765625,413.07000732421875,410.42999267578125,411.7749938964844,500976.0
2024-05-15T10:30:00-04:00,411.8399963378906,412.04998779296875,410.1000061035156,411.55499267578125,256882.0
2024-05-15T11:30:00-04:00,411.5899963378906,411.75,410.7200012207031,411.2228088378906,201984.0
2024-05-15T12:30:00-04:00,411.1853942871094,412.70001220703125,411.1853942871094,412.4150085449219,196486.0
2024-05-15T13:30:00-04:00,412.3999938964844,412.4599914550781,411.610107421875,412.18499755859375,186178.0
2024-05-15T14:30:00-04:00,412.2099914550781,412.3500061035156,411.6300048828125,412.0849914550781,191266.0
2024-05-15T15:30:00-04:00,412.0199890136719,413.3999938964844,411.8900146484375,412.8399963378906,485914.0
2024-05-16T09:30:00-04:00,413.79998779296875,416.3399963378906,413.5,415.3854064941406,547684.0
2024-05-16T10:30:00-04:00,415.3725891113281,415.989990234375,414.68719482421875,415.760009765625,281860.0
2024-05-16T11:30:00-04:00,415.8299865722656,416.07989501953125,414.82000732421875,414.94000244140625,231429.0
2024-05-16T12:30:00-04:00,414.8999938964844,415.739990234375,414.75,414.989990234375,275803.0
2024-05-16T13:30:00-04:00,415.0617980957031,415.1600036621094,414.20001220703125,414.70001220703125,161309.0
2024-05-16T14:30:00-04:00,414.6600036621094,415.9200134277344,414.6600036621094,415.260009765625,245141.0
2024-05-16T15:30:00-04:00,415.25,415.27801513671875,412.9100036621094,413.2099914550781,664891.0
2024-05-17T09:30:00-04:00,413.9800109863281,415.3999938964844,413.70001220703125,415.3949890136719,485355.0
2024-05-17T10:30:00-04:00,415.4148864746094,415.489990234375,414.55999755859375,414.75,205616.0
2024-05-17T11:30:00-04:00,414.7699890136719,415.1199951171875,414.70001220703125,414.875,121518.0
2024-05-17T12:30:00-04:00,414.8599853515625,415.6700134277344,414.760498046875,415.510009765625,196480.0
2024-05-17T13:30:00-04:00,415.5199890136719,416.3299865722656,415.510009765625,416.0849914550781,242615.0
2024-05-17T14:30:00-04:00,416.1400146484375,416.4599914550781,415.9100036621094,416.3999938964844,192860.0
2024-05-17T15:30:00-04:00,416.375,417.2900085449219,416.1700134277344,417.0299987792969,431894.0
2024-05-20T09:30:00-04:00,416.2900085449219,416.45001220703125,413.7900085449219,415.8399963378906,535472.0
2024-05-20T10:30:00-04:00,415.9036865234375,416.1899108886719,415.1803894042969,415.68951416015625,314503.0
2024-05-20T11:30:00-04:00,415.7300109863281,416.0,414.739990234375,414.8699951171875,157265.0
2024-05-20T12:30:00-04:00,414.8550109863281,414.9599914550781,414.1499938964844,414.30999755859375,202156.0
2024-05-20T13:30:00-04:00,414.25,414.4200134277344,412.8999938964844,413.4599914550781,207630.0
2024-05-20T14:30:00-04:00,413.3999938964844,413.6700134277344,412.9700012207031,413.17999267578125,196268.0
2024-05-20T15:30:00-04:00,413.1700134277344,413.7189025878906,412.614990234375,413.07000732421875,441577.0
2024-05-21T09:30:00-04:00,413.5899963378906,415.6099853515625,412.55999755859375,414.8699951171875,429087.0
2024-05-21T10:30:00-04:00,414.8900146484375,415.70001220703125,414.6700134277344,415.29998779296875,184505.0
2024-05-21T11:30:00-04:00,415.2950134277344,415.2950134277344,413.6499938964844,414.46051025390625,232584.0
2024-05-21T12:30:00-04:00,414.489990234375,414.7699890136719,414.0199890136719,414.2850036621094,162390.0
2024-05-21T13:30:00-04:00,414.32000732421875,414.94989013671875,414.17498779296875,414.739990234375,155008.0
2024-05-21T14:30:00-04:00,414.8699951171875,415.1700134277344,414.1000061035156,414.69000244140625,233910.0
2024-05-21T15:30:00-04:00,414.67999267578125,415.2699890136719,414.1549987792969,414.5899963378906,428560.0
2024-05-22T09:30:00-04:00,414.95001220703125,417.260009765625,414.20001220703125,415.93231201171875,542367.0
2024-05-22T10:30:00-04:00,415.9100036621094,415.94500732421875,413.82000732421875,413.8800048828125,209767.0
2024-05-22T11:30:00-04:00,413.82000732421875,414.4200134277344,413.6400146484375,414.3599853515625,169566.0
2024-05-22T12:30:00-04:00,414.3999938964844,415.60321044921875,414.3999938964844,415.42999267578125,125722.0
2024-05-22T13:30:00-04:00,415.55999755859375,415.6236877441406,413.3900146484375,413.3900146484375,164332.0
2024-05-22T14:30:00-04:00,413.32000732421875,413.875,413.20001220703125,413.3800048828125,171133.0
2024-05-22T15:30:00-04:00,413.44000244140625,414.1600036621094,412.9599914550781,413.9700012207031,315991.0
2024-05-23T09:30:00-04:00,413.25,413.25,408.2900085449219,409.3999938964844,657876.0
2024-05-23T10:30:00-04:00,409.44000244140625,409.8900146484375,408.89739990234375,409.5,228181.0
2024-05-23T11:30:00-04:00,409.5513000488281,410.3999938964844,409.2799987792969,409.30499267578125,232384.0
2024-05-23T12:30:00-04:00,409.3561096191406,409.7699890136719,407.6499938964844,408.0400085449219,229730.0
2024-05-23T13:30:00-04:00,408.1000061035156,408.1000061035156,404.8699951171875,405.17999267578125,426271.0
2024-05-23T14:30:00-04:00,405.0799865722656,407.1199951171875,405.0199890136719,406.7650146484375,305242.0
2024-05-23T15:30:00-04:00,406.7449951171875,407.010009765625,405.32000732421875,406.05999755859375,457020.0
2024-05-24T09:30:00-04:00,406.8999938964844,407.9100036621094,406.2200012207031,407.04010009765625,387814.0
2024-05-24T10:30:00-04:00,407.0400085449219,407.95989990234375,406.1400146484375,407.239990234375,216775.0
2024-05-24T11:30:00-04:00,407.20001220703125,407.6600036621094,406.25,407.3999938964844,188465.0
2024-05-24T12:30:00-04:00,407.44000244140625,407.44000244140625,406.7900085449219,407.19500732421875,115648.0
2024-05-24T13:30:00-04:00,407.1842041015625,407.25,406.79998779296875,406.95001220703125,115913.0
2024-05-24T14:30:00-04:00,406.95001220703125,407.20001220703125,406.35101318359375,406.6099853515625,174989.0
2024-05-24T15:30:00-04:00,406.6000061035156,407.4800109863281,405.5,407.4100036621094,383642.0
2024-05-28T09:30:00-04:00,408.239990234375,408.239990234375,404.07000732421875,404.260009765625,549562.0
2024-05-28T10:30:00-04:00,404.260009765625,404.55999755859375,403.4599914550781,404.1000061035156,330824.0
2024-05-28T11:30:00-04:00,404.1000061035156,404.19000244140625,403.4800109863281,403.635009765625,249159.0
2024-05-28T12:30:00-04:00,403.6899108886719,403.70989990234375,402.55999755859375,402.69610595703125,251981.0
2024-05-28T13:30:00-04:00,402.6199951171875,403.05999755859375,402.2294006347656,402.56988525390625,224487.0
2024-05-28T14:30:00-04:00,402.5150146484375,402.7690124511719,401.8699951171875,402.54998779296875,298043.0
2024-05-28T15:30:00-04:00,402.5256042480469,404.1499938964844,402.5249938964844,404.1499938964844,438143.0
2024-05-29T09:30:00-04:00,403.0,403.84991455078125,401.6400146484375,401.79998779296875,521431.0
2024-05-29T10:30:00-04:00,401.8399963378906,402.614990234375,401.5799865722656,402.3450012207031,266563.0
2024-05-29T11:30:00-04:00,402.3500061035156,404.54998779296875,402.2900085449219,404.4200134277344,266252.0
2024-05-29T12:30:00-04:00,404.5498962402344,405.2200012207031,404.04010009765625,405.1600036621094,262560.0
2024-05-29T13:30:00-04:00,405.11480712890625,405.8699951171875,404.7215881347656,405.489990234375,212954.0
2024-05-29T14:30:00-04:00,405.5,405.5249938964844,404.2699890136719,405.260009765625,256472.0
2024-05-29T15:30:00-04:00,405.24029541015625,405.30999755859375,403.44000244140625,404.17999267578125,405022.0
2024-05-30T09:30:00-04:00,403.7699890136719,405.2049865722656,402.7701110839844,403.7507019042969,507182.0
2024-05-30T10:30:00-04:00,403.7777099609375,407.0498962402344,403.7300109863281,406.5899963378906,255857.0
2024-05-30T11:30:00-04:00,406.5400085449219,407.7398986816406,406.5400085449219,407.0899963378906,273152.0
2024-05-30T12:30:00-04:00,407.04998779296875,407.8081970214844,407.010009765625,407.739990234375,200423.0
2024-05-30T13:30:00-04:00,407.6300048828125,408.69000244140625,407.6300048828125,408.54998779296875,244616.0
2024-05-30T14:30:00-04:00,408.4800109863281,409.0400085449219,408.239990234375,408.5899963378906,221514.0
2024-05-30T15:30:00-04:00,408.6499938964844,408.82000732421875,407.3900146484375,408.57000732421875,392383.0
2024-05-31T09:30:00-04:00,408.0899963378906,409.30999755859375,406.8800048828125,408.239990234375,387822.0
2024-05-31T10:30:00-04:00,407.9700012207031,410.44989013671875,407.95001220703125,410.239990234375,318938.0
2024-05-31T11:30:00-04:00,410.2349853515625,410.46990966796875,409.17999267578125,409.8500061035156,225779.0
2024-05-31T12:30:00-04:00,409.8399963378906,410.1099853515625,408.82000732421875,408.94000244140625,326646.0
2024-05-31T13:30:00-04:00,409.0286865234375,410.760009765625,408.3599853515625,410.55999755859375,207763.0
2024-05-31T14:30:00-04:00,410.5799865722656,411.2778015136719,410.260009765625,410.8299865722656,417689.0
2024-05-31T15:30:00-04:00,410.80999755859375,415.3999938964844,410.4599914550781,414.79998779296875,1002837.0
2024-06-03T09:30:00-04:00,414.8900146484375,414.8900146484375,409.5199890136719,410.872314453125,840936.0
2024-06-03T10:30:00-04:00,410.70001220703125,410.8999938964844,408.7799987792969,409.375,417482.0
2024-06-03T11:30:00-04:00,409.3699951171875,416.7200012207031,408.7900085449219,412.385009765625,1633303.0
2024-06-03T12:30:00-04:00,412.29998779296875,413.260009765625,410.4800109863281,411.69000244140625,299140.0
2024-06-03T13:30:00-04:00,411.7300109863281,413.122802734375,411.6600036621094,412.489990234375,232124.0
2024-06-03T14:30:00-04:00,412.4549865722656,413.6199951171875,411.3399963378906,413.2650146484375,359832.0
2024-06-03T15:30:00-04:00,413.2699890136719,414.9800109863281,411.7401123046875,414.9700012207031,462952.0
2024-06-04T09:30:00-04:00,414.8500061035156,415.8900146484375,411.42999267578125,411.739990234375,739097.0
2024-06-04T10:30:00-04:00,411.9200134277344,411.92999267578125,407.4800109863281,407.6199951171875,590337.0
2024-06-04T11:30:00-04:00,407.55499267578125,407.94000244140625,406.4400939941406,407.6700134277344,397577.0
2024-06-04T12:30:00-04:00,407.6700134277344,407.739990234375,406.5899963378906,407.7300109863281,312081.0
2024-06-04T13:30:00-04:00,407.8399963378906,410.1600036621094,407.05999755859375,409.2850036621094,391197.0
2024-06-04T14:30:00-04:00,409.2300109863281,409.29998779296875,407.5899963378906,408.41290283203125,308206.0
2024-06-04T15:30:00-04:00,408.3900146484375,409.69000244140625,408.2349853515625,409.42999267578125,421394.0
2024-06-05T09:30:00-04:00,410.1000061035156,410.2749938964844,405.7699890136719,406.44000244140625,505717.0
2024-06-05T10:30:00-04:00,406.50689697265625,407.9200134277344,406.42999267578125,407.7699890136719,349009.0
2024-06-05T11:30:00-04:00,407.8900146484375,408.1899108886719,407.0296936035156,407.8038024902344,222323.0
2024-06-05T12:30:00-04:00,407.79998779296875,408.1700134277344,407.4599914550781,407.760009765625,200957.0
2024-06-05T13:30:00-04:00,407.8299865722656,408.4200134277344,407.4419860839844,408.23779296875,210803.0
2024-06-05T14:30:00-04:00,408.1300048828125,409.4599914550781,408.1099853515625,408.82000732421875,311580.0
2024-06-05T15:30:00-04:00,408.6700134277344,409.95001220703125,408.6700134277344,409.8500061035156,331160.0
2024-06-06T09:30:00-04:00,410.4200134277344,410.95989990234375,408.8299865722656,410.0880126953125,389351.0
2024-06-06T10:30:00-04:00,410.0006103515625,410.010009765625,407.5780029296875,409.2200012207031,297547.0
2024-06-06T11:30:00-04:00,409.20001220703125,409.5599060058594,407.4599914550781,407.63360595703125,248429.0
2024-06-06T12:30:00-04:00,407.5400085449219,409.8699951171875,407.3800048828125,409.70001220703125,305846.0
2024-06-06T13:30:00-04:00,409.6017150878906,410.739990234375,409.0743103027344,409.55499267578125,347312.0
2024-06-06T14:30:00-04:00,409.45001220703125,411.19000244140625,409.3900146484375,411.1099853515625,297330.0
2024-06-06T15:30:00-04:00,411.1400146484375,411.239990234375,410.5899963378906,411.239990234375,321739.0
2024-06-07T09:30:00-04:00,411.2799987792969,414.5,409.8450927734375,414.260009765625,491300.0
2024-06-07T10:30:00-04:00,414.260009765625,415.5400085449219,413.5899963378906,413.9200134277344,419468.0
2024-06-07T11:30:00-04:00,414.0,415.239990234375,413.5899963378906,415.04998779296875,253239.0
2024-06-07T12:30:00-04:00,415.2099914550781,415.8800048828125,414.3349914550781,415.4100036621094,273560.0
2024-06-07T13:30:00-04:00,415.29998779296875,415.8399963378906,414.8800048828125,415.4800109863281,207641.0
2024-06-07T14:30:00-04:00,415.4750061035156,415.54998779296875,414.04998779296875,414.17999267578125,239217.0
2024-06-07T15:30:00-04:00,414.1099853515625,414.6700134277344,413.5,413.7799987792969,392319.0
2024-06-10T09:30:00-04:00,413.3399963378906,413.94000244140625,410.4200134277344,412.68499755859375,388655.0
2024-06-10T10:30:00-04:00,412.5199890136719,412.70001220703125,409.9700012207031,410.489990234375,258354.0
2024-06-10T11:30:00-04:00,410.5,410.6600036621094,409.8800048828125,410.19000244140625,226566.0
2024-06-10T12:30:00-04:00,410.2090148925781,410.5299987792969,409.4100036621094,409.65008544921875,189539.0
2024-06-10T13:30:00-04:00,409.7139892578125,410.7799987792969,409.6700134277344,410.17999267578125,235664.0
2024-06-10T14:30:00-04:00,410.1099853515625,410.4205017089844,409.510009765625,409.7300109863281,247785.0
2024-06-10T15:30:00-04:00,409.760009765625,411.17999267578125,409.2699890136719,411.07000732421875,535338.0
2024-06-11T09:30:00-04:00,408.8800048828125,408.9100036621094,406.1700134277344,406.6600036621094,530915.0
2024-06-11T10:30:00-04:00,406.4100036621094,407.760009765625,406.1099853515625,407.0,411652.0
2024-06-11T11:30:00-04:00,407.17999267578125,408.5,406.7699890136719,406.8599853515625,316091.0
2024-06-11T12:30:00-04:00,406.9364013671875,407.2384033203125,406.3299865722656,406.56201171875,211332.0
2024-06-11T13:30:00-04:00,406.55999755859375,408.2900085449219,406.5199890136719,408.260009765625,239926.0
2024-06-11T14:30:00-04:00,408.2799987792969,408.6499938964844,407.8999938964844,408.2650146484375,222867.0
2024-06-11T15:30:00-04:00,408.2650146484375,408.6000061035156,407.55499267578125,408.5,368718.0
2024-06-12T09:30:00-04:00,411.0899963378906,411.4336853027344,407.1600036621094,411.07501220703125,804969.0
2024-06-12T10:30:00-04:00,411.0,411.8909912109375,408.9020080566406,409.6499938964844,364323.0
2024-06-12T11:30:00-04:00,409.6549987792969,409.989990234375,408.8900146484375,409.82000732421875,224884.0
2024-06-12T12:30:00-04:00,409.90948486328125,409.9800109863281,408.8299865722656,409.0,181540.0
2024-06-12T13:30:00-04:00,409.0,409.25,407.25,408.1499938964844,334600.0
2024-06-12T14:30:00-04:00,408.1499938964844,409.4599914550781,407.54998779296875,408.1700134277344,419170.0
2024-06-12T15:30:00-04:00,408.20001220703125,409.8251953125,408.0,408.7099914550781,468162.0
2024-06-13T09:30:00-04:00,407.6300048828125,408.0,404.6499938964844,405.1619873046875,1310830.0
2024-06-13T10:30:00-04:00,405.0299987792969,405.3299865722656,403.57110595703125,404.92999267578125,352066.0
2024-06-13T11:30:00-04:00,404.82830810546875,405.239990234375,404.1499938964844,404.1600036621094,229063.0
2024-06-13T12:30:00-04:00,404.1600036621094,404.69989013671875,404.0899963378906,404.4700012207031,307679.0
2024-06-13T13:30:00-04:00,404.3905944824219,404.6400146484375,403.8599853515625,404.6000061035156,268076.0
2024-06-13T14:30:00-04:00,404.6400146484375,405.6400146484375,404.4100036621094,404.9211120605469,296145.0
2024-06-13T15:30:00-04:00,404.7900085449219,406.3599853515625,404.4800109863281,405.7099914550781,434353.0
2024-06-14T09:30:00-04:00,404.8999938964844,405.67999267578125,403.6700134277344,403.9364929199219,446217.0
2024-06-14T10:30:00-04:00,403.9649963378906,406.30999755859375,403.3299865722656,405.8399963378906,308436.0
2024-06-14T11:30:00-04:00,406.1199951171875,406.3399963378906,404.67999267578125,404.69000244140625,155806.0
2024-06-14T12:30:00-04:00,404.7300109863281,406.010009765625,404.67999267578125,405.0,189281.0
2024-06-14T13:30:00-04:00,405.0,405.260009765625,404.1700134277344,405.0,196155.0
2024-06-14T14:30:00-04:00,405.08990478515625,406.0199890136719,404.95001220703125,405.58099365234375,269532.0
2024-06-14T15:30:00-04:00,405.63299560546875,405.8599853515625,404.7850036621094,405.5799865722656,358571.0
2024-06-17T09:30:00-04:00,405.17999267578125,405.5400085449219,403.55010986328125,405.07861328125,507129.0
2024-06-17T10:30:00-04:00,405.04998779296875,405.75,404.44000244140625,405.2200012207031,298027.0
2024-06-17T11:30:00-04:00,405.239990234375,406.34991455078125,404.9100036621094,406.2921142578125,242847.0
2024-06-17T12:30:00-04:00,406.3500061035156,406.5,405.6700134277344,406.04998779296875,198501.0
2024-06-17T13:30:00-04:00,406.0,407.0,405.6083068847656,406.93499755859375,499542.0
2024-06-17T14:30:00-04:00,406.9999084472656,407.5799865722656,406.5950012207031,407.5799865722656,343686.0
2024-06-17T15:30:00-04:00,407.5199890136719,407.81500244140625,406.8699951171875,407.44000244140625,374400.0
2024-06-18T09:30:00-04:00,406.7449951171875,408.5,405.2799987792969,405.9800109863281,499547.0
2024-06-18T10:30:00-04:00,405.92498779296875,407.57000732421875,405.6600036621094,407.04998779296875,344205.0
2024-06-18T11:30:00-04:00,407.10870361328125,407.8399963378906,406.9200134277344,407.0994873046875,260767.0
2024-06-18T12:30:00-04:00,407.0899963378906,407.79998779296875,406.8500061035156,407.1184997558594,284165.0
2024-06-18T13:30:00-04:00,407.0299987792969,407.6499938964844,406.3500061035156,406.4150085449219,242266.0
2024-06-18T14:30:00-04:00,406.3599853515625,406.8900146484375,406.1050109863281,406.6099853515625,358194.0
2024-06-18T15:30:00-04:00,406.6700134277344,408.0,406.4200134277344,407.9800109863281,421018.0
2024-06-20T09:30:00-04:00,407.25,408.389892578125,404.1000061035156,405.5950012207031,1039035.0
2024-06-20T10:30:00-04:00,405.5799865722656,405.5899963378906,404.04998779296875,404.80938720703125,526568.0
2024-06-20T11:30:00-04:00,404.87200927734375,407.1700134277344,404.69000244140625,406.7528991699219,315483.0
2024-06-20T12:30:00-04:00,406.7799987792969,407.7206115722656,406.5799865722656,407.7206115722656,305394.0
2024-06-20T13:30:00-04:00,407.64959716796875,409.8800048828125,407.5400085449219,409.6199951171875,419053.0
2024-06-20T14:30:00-04:00,409.5899963378906,411.0,408.92999267578125,409.70001220703125,498063.0
2024-06-20T15:30:00-04:00,409.6300048828125,409.8800048828125,408.3599853515625,409.3399963378906,551283.0
2024-06-21T09:30:00-04:00,409.82000732421875,410.3800048828125,407.67999267578125,410.1162109375,2244011.0
2024-06-21T10:30:00-04:00,410.25,410.25,408.57330322265625,408.8999938964844,426877.0
2024-06-21T11:30:00-04:00,408.8999938964844,409.0899963378906,407.75,408.760009765625,421889.0
2024-06-21T12:30:00-04:00,408.6700134277344,409.4150085449219,408.2900085449219,409.30499267578125,201243.0
2024-06-21T13:30:00-04:00,409.239990234375,410.46728515625,409.1400146484375,409.989990234375,299695.0
2024-06-21T14:30:00-04:00,409.9849853515625,409.9849853515625,408.45001220703125,408.510009765625,363060.0
2024-06-21T15:30:00-04:00,408.510009765625,410.20001220703125,408.2099914550781,409.6600036621094,704764.0
2024-06-24T09:30:00-04:00,410.70001220703125,414.44000244140625,410.17999267578125,414.30999755859375,707030.0
2024-06-24T10:30:00-04:00,414.3500061035156,416.7900085449219,414.29998779296875,416.6199951171875,645414.0
2024-06-24T11:30:00-04:00,416.6199951171875,417.0,415.6400146484375,415.7049865722656,440168.0
2024-06-24T12:30:00-04:00,415.7099914550781,415.8900146484375,414.80999755859375,415.2799987792969,337013.0
2024-06-24T13:30:00-04:00,415.2749938964844,415.44000244140625,414.44000244140625,415.260009765625,290831.0
2024-06-24T14:30:00-04:00,415.30499267578125,415.510009765625,413.2799987792969,414.07501220703125,363987.0
2024-06-24T15:30:00-04:00,414.07000732421875,414.8999938964844,413.6099853515625,413.95001220703125,635042.0
2024-06-25T09:30:00-04:00,414.0,414.25,411.5400085449219,411.8800048828125,441475.0
2024-06-25T10:30:00-04:00,412.0,412.79998779296875,410.32000732421875,410.32000732421875,328114.0
2024-06-25T11:30:00-04:00,410.3299865722656,410.95001220703125,410.0899963378906,410.375,220531.0
2024-06-25T12:30:00-04:00,410.3800048828125,411.07000732421875,409.6199951171875,410.68499755859375,274574.0
2024-06-25T13:30:00-04:00,410.82000732421875,410.94989013671875,410.0799865722656,410.8876953125,160680.0
2024-06-25T14:30:00-04:00,410.80999755859375,411.53448486328125,410.5199890136719,411.18890380859375,220169.0
2024-06-25T15:30:00-04:00,411.2300109863281,411.6199951171875,410.4100036621094,411.0400085449219,467436.0
2024-06-26T09:30:00-04:00,410.0199890136719,410.1400146484375,407.3699951171875,407.9200134277344,615995.0
2024-06-26T10:30:00-04:00,407.95001220703125,408.8999938964844,407.25,408.5050048828125,303250.0
2024-06-26T11:30:00-04:00,408.6000061035156,409.7699890136719,408.4549865722656,409.260009765625,182581.0
2024-06-26T12:30:00-04:00,409.1600036621094,409.6805114746094,408.8900146484375,409.2099914550781,178413.0
2024-06-26T13:30:00-04:00,409.20001220703125,409.5899963378906,408.6549987792969,409.4700012207031,176855.0
2024-06-26T14:30:00-04:00,409.50390625,409.7200012207031,409.05999755859375,409.3299865722656,274772.0
2024-06-26T15:30:00-04:00,409.3981018066406,410.67999267578125,408.9200134277344,410.4599914550781,466250.0
2024-06-27T09:30:00-04:00,410.260009765625,410.260009765625,408.17999267578125,409.2449951171875,386607.0
2024-06-27T10:30:00-04:00,409.29998779296875,409.9100036621094,408.6000061035156,409.0616149902344,299053.0
2024-06-27T11:30:00-04:00,409.0,409.2200012207031,408.1000061035156,408.364990234375,263482.0
2024-06-27T12:30:00-04:00,408.3949890136719,408.82550048828125,407.70001220703125,408.5799865722656,258238.0
2024-06-27T13:30:00-04:00,408.56500244140625,408.56500244140625,406.7699890136719,406.8999938964844,312996.0
2024-06-27T14:30:00-04:00,406.80999755859375,407.3349914550781,406.3399963378906,407.3349914550781,494359.0
2024-06-27T15:30:00-04:00,407.3399963378906,408.3599853515625,407.260009765625,408.2300109863281,494089.0
2024-06-28T09:30:00-04:00,408.25,410.04998779296875,406.7099914550781,409.4200134277344,454348.0
2024-06-28T10:30:00-04:00,409.44000244140625,409.80999755859375,407.2500915527344,407.44000244140625,398224.0
2024-06-28T11:30:00-04:00,407.4599914550781,408.20001220703125,407.20001220703125,408.0632019042969,251911.0
2024-06-28T12:30:00-04:00,408.010009765625,409.1199951171875,408.0,408.4700012207031,239720.0
2024-06-28T13:30:00-04:00,408.29998779296875,408.6499938964844,407.260009765625,407.29998779296875,258468.0
2024-06-28T14:30:00-04:00,407.2699890136719,407.3799133300781,406.3999938964844,407.2799987792969,371260.0
2024-06-28T15:30:00-04:00,407.20001220703125,407.3500061035156,405.7900085449219,406.80999755859375,907738.0
2024-07-01T09:30:00-04:00,408.0899963378906,409.6700134277344,405.3500061035156,405.510009765625,588759.0
2024-07-01T10:30:00-04:00,405.6000061035156,405.7349853515625,403.8399963378906,404.4200134277344,538890.0
2024-07-01T11:30:00-04:00,404.3550109863281,405.45001220703125,403.82000732421875,405.4200134277344,297821.0
2024-07-01T12:30:00-04:00,405.3900146484375,405.739990234375,404.92999267578125,405.45001220703125,202557.0
2024-07-01T13:30:00-04:00,405.44000244140625,405.9800109863281,404.95001220703125,404.9750061035156,194243.0
2024-07-01T14:30:00-04:00,404.8999938964844,405.1499938964844,404.44000244140625,404.57000732421875,241762.0
2024-07-01T15:30:00-04:00,404.5199890136719,405.3299865722656,404.5199890136719,405.2300109863281,379214.0
2024-07-02T09:30:00-04:00,404.0199890136719,406.0,403.9200134277344,405.8999938964844,358352.0
2024-07-02T10:30:00-04:00,405.8699951171875,405.9599914550781,404.9599914550781,405.3999938964844,271458.0
2024-07-02T11:30:00-04:00,405.3999938964844,406.07000732421875,405.1300048828125,405.7900085449219,228184.0
2024-07-02T12:30:00-04:00,405.82000732421875,405.8699951171875,405.17999267578125,405.273193359375,171671.0
2024-07-02T13:30:00-04:00,405.2349853515625,406.3299865722656,405.2001037597656,406.25,173814.0
2024-07-02T14:30:00-04:00,406.2099914550781,406.4599914550781,405.7300109863281,406.1600036621094,187036.0
2024-07-02T15:30:00-04:00,406.1600036621094,407.3900146484375,406.1142883300781,407.2300109863281,428107.0
2024-07-03T09:30:00-04:00,407.1600036621094,407.1600036621094,405.17498779296875,405.6099853515625,392788.0
2024-07-03T10:30:00-04:00,405.54998779296875,405.8800048828125,404.7200012207031,404.79998779296875,393076.0
2024-07-03T11:30:00-04:00,404.7699890136719,405.5450134277344,404.2200012207031,404.9800109863281,444813.0
2024-07-05T09:30:00-04:00,406.239990234375,406.82000732421875,405.0299987792969,406.3800048828125,639103.0
2024-07-05T10:30:00-04:00,406.2900085449219,408.489990234375,406.1000061035156,408.2850036621094,321895.0
2024-07-05T11:30:00-04:00,408.1499938964844,408.7200012207031,407.9200134277344,408.510009765625,287975.0
2024-07-05T12:30:00-04:00,408.5299987792969,410.05999755859375,408.4599914550781,409.2900085449219,307228.0
2024-07-05T13:30:00-04:00,409.3500061035156,410.19000244140625,409.30999755859375,410.1400146484375,244391.0
2024-07-05T14:30:00-04:00,410.11700439453125,411.3999938964844,410.110107421875,410.78009033203125,351828.0
2024-07-05T15:30:00-04:00,410.8399963378906,411.1600036621094,409.875,411.1600036621094,648529.0
2024-07-08T09:30:00-04:00,411.2699890136719,413.7854919433594,411.17999267578125,412.5799865722656,521996.0
2024-07-08T10:30:00-04:00,412.42999267578125,412.5,410.8599853515625,411.04998779296875,349131.0
2024-07-08T11:30:00-04:00,411.0,411.0400085449219,409.57000732421875,410.0799865722656,249588.0
2024-07-08T12:30:00-04:00,410.0450134277344,410.2900085449219,408.0,408.3900146484375,384313.0
2024-07-08T13:30:00-04:00,408.489990234375,409.69000244140625,408.3900146484375,409.489990234375,365045.0
2024-07-08T14:30:00-04:00,409.3999938964844,409.489990234375,408.3299865722656,408.95001220703125,332179.0
2024-07-08T15:30:00-04:00,408.88140869140625,409.1000061035156,408.4200134277344,409.07000732421875,429864.0
2024-07-09T09:30:00-04:00,409.4200134277344,410.55999755859375,408.6400146484375,409.2449951171875,495436.0
2024-07-09T10:30:00-04:00,409.3599853515625,411.0,409.3599853515625,410.9599914550781,243739.0
2024-07-09T11:30:00-04:00,410.96881103515625,412.260009765625,410.2200012207031,412.0899963378906,286032.0
2024-07-09T12:30:00-04:00,411.9601135253906,413.7099914550781,411.9599914550781,413.1499938964844,311495.0
2024-07-09T13:30:00-04:00,413.135009765625,413.135009765625,412.1300048828125,412.4700012207031,252587.0
2024-07-09T14:30:00-04:00,412.55999755859375,412.739990234375,411.010009765625,411.739990234375,248832.0
2024-07-09T15:30:00-04:00,411.7300109863281,411.7300109863281,410.3200988769531,410.69000244140625,413538.0
2024-07-10T09:30:00-04:00,410.80999755859375,412.05999755859375,409.3999938964844,412.0199890136719,522102.0
2024-07-10T10:30:00-04:00,411.8900146484375,413.1700134277344,411.7300109863281,412.5,338058.0
2024-07-10T11:30:00-04:00,412.5,412.8999938964844,411.489990234375,412.0450134277344,637586.0
2024-07-10T12:30:00-04:00,411.94000244140625,412.2749938964844,411.3599853515625,411.9800109863281,178975.0
2024-07-10T13:30:00-04:00,411.95001220703125,412.489990234375,411.6000061035156,412.0,212245.0
2024-07-10T14:30:00-04:00,412.05999755859375,412.9100036621094,411.8699951171875,412.7200012207031,283921.0
2024-07-10T15:30:00-04:00,412.7149963378906,413.9599914550781,412.55999755859375,413.6199951171875,453641.0
2024-07-11T09:30:00-04:00,413.989990234375,415.8799133300781,412.0,415.2300109863281,521888.0
2024-07-11T10:30:00-04:00,415.2300109863281,415.6673889160156,414.3699951171875,415.3500061035156,315525.0
2024-07-11T11:30:00-04:00,415.2799987792969,416.0,414.70001220703125,414.7099914550781,297325.0
2024-07-11T12:30:00-04:00,414.71051025390625,415.6499938964844,414.4960021972656,415.6000061035156,332286.0
2024-07-11T13:30:00-04:00,415.4949951171875,417.4100036621094,415.2900085449219,416.7900085449219,348549.0
2024-07-11T14:30:00-04:00,416.7680969238281,417.42999267578125,416.0799865722656,416.9800109863281,340598.0
2024-07-11T15:30:00-04:00,416.9700012207031,419.20001220703125,416.79998779296875,418.54998779296875,724135.0
2024-07-12T09:30:00-04:00,420.2300109863281,424.8599853515625,419.70001220703125,424.68499755859375,875711.0
2024-07-12T10:30:00-04:00,424.6499938964844,424.8500061035156,422.8999938964844,423.67999267578125,485373.0
2024-07-12T11:30:00-04:00,423.760009765625,424.25,422.7799987792969,424.1969909667969,336390.0
2024-07-12T12:30:00-04:00,424.2508850097656,427.3370056152344,423.70001220703125,427.1499938964844,472914.0
2024-07-12T13:30:00-04:00,427.1499938964844,427.45001220703125,426.2799987792969,426.89471435546875,458625.0
2024-07-12T14:30:00-04:00,426.760009765625,427.2200012207031,426.1199951171875,426.8699951171875,365939.0
2024-07-12T15:30:00-04:00,426.8599853515625,426.9822082519531,423.9800109863281,424.4700012207031,728830.0
2024-07-15T09:30:00-04:00,425.5899963378906,428.6299133300781,425.4100036621094,428.25,740279.0
2024-07-15T10:30:00-04:00,428.1000061035156,431.25,427.9200134277344,431.1499938964844,481968.0
2024-07-15T11:30:00-04:00,431.20660400390625,433.57000732421875,431.0,431.5950012207031,588025.0
2024-07-15T12:30:00-04:00,431.6499938964844,432.5,431.0,432.2900085449219,423508.0
2024-07-15T13:30:00-04:00,432.25,433.30499267578125,431.7300109863281,432.84698486328125,426880.0
2024-07-15T14:30:00-04:00,432.885009765625,433.92999267578125,432.75,433.7073974609375,440446.0
2024-07-15T15:30:00-04:00,433.69000244140625,434.7099914550781,432.7699890136719,434.5799865722656,866848.0
2024-07-16T09:30:00-04:00,437.3999938964844,439.0516052246094,434.7001037597656,436.95001220703125,939172.0
2024-07-16T10:30:00-04:00,436.82000732421875,438.4399108886719,435.8240051269531,437.1700134277344,516438.0
2024-07-16T11:30:00-04:00,437.17999267578125,437.409912109375,434.0201110839844,437.05450439453125,506242.0
2024-07-16T12:30:00-04:00,437.05499267578125,437.9100036621094,436.0400085449219,436.1199951171875,344391.0
2024-07-16T13:30:00-04:00,436.1199951171875,437.1099853515625,435.6401062011719,436.5788879394531,345838.0
2024-07-16T14:30:00-04:00,436.418701171875,438.0400085449219,436.2900085449219,437.7622985839844,356213.0
2024-07-16T15:30:00-04:00,437.6400146484375,439.04998779296875,437.3299865722656,438.8900146484375,580005.0
2024-07-17T09:30:00-04:00,437.8500061035156,441.897705078125,437.8399963378906,441.4153137207031,927736.0
2024-07-17T10:30:00-04:00,441.4773864746094,443.54998779296875,440.5400085449219,443.1499938964844,609223.0
2024-07-17T11:30:00-04:00,443.1499938964844,444.3900146484375,442.5,443.95001220703125,605632.0
2024-07-17T12:30:00-04:00,443.9200134277344,445.3299865722656,443.30999755859375,443.510009765625,545436.0
2024-07-17T13:30:00-04:00,443.489990234375,445.3399963378906,442.8900146484375,445.20001220703125,368145.0
2024-07-17T14:30:00-04:00,445.1700134277344,446.1499938964844,444.25,446.0,445840.0
2024-07-17T15:30:00-04:00,446.05999755859375,446.1300048828125,443.8800048828125,445.67999267578125,695747.0
2024-07-18T09:30:00-04:00,445.6199951171875,448.9198913574219,443.4081115722656,448.875,827516.0
2024-07-18T10:30:00-04:00,448.9100036621094,449.25,447.5710144042969,447.989990234375,620308.0
2024-07-18T11:30:00-04:00,448.0899963378906,448.30999755859375,445.3800048828125,445.3800048828125,532032.0
2024-07-18T12:30:00-04:00,445.489990234375,446.1700134277344,445.0899963378906,446.1400146484375,290134.0
2024-07-18T13:30:00-04:00,446.07000732421875,446.3699951171875,442.760009765625,443.0,522422.0
2024-07-18T14:30:00-04:00,442.9200134277344,443.3399963378906,439.57000732421875,440.4200134277344,533898.0
2024-07-18T15:30:00-04:00,440.3599853515625,442.4800109863281,440.2699890136719,441.6199951171875,480005.0
2024-07-19T09:30:00-04:00,442.6700134277344,442.79998779296875,438.1300048828125,438.2799987792969,895464.0
2024-07-19T10:30:00-04:00,438.1199951171875,438.2250061035156,435.2799987792969,436.1099853515625,480316.0
2024-07-19T11:30:00-04:00,436.1199951171875,437.6191101074219,434.5,436.2200012207031,317048.0
2024-07-19T12:30:00-04:00,436.2099914550781,436.4599914550781,433.3500061035156,433.92010498046875,313723.0
2024-07-19T13:30:00-04:00,434.010009765625,435.95001220703125,433.9100036621094,434.7799987792969,285928.0
2024-07-19T14:30:00-04:00,434.67999267578125,435.8800048828125,434.5199890136719,435.44500732421875,316152.0
2024-07-19T15:30:00-04:00,435.44500732421875,435.659912109375,433.739990234375,434.7699890136719,560775.0
2024-07-22T09:30:00-04:00,435.04998779296875,438.1099853515625,432.1199951171875,434.94000244140625,610042.0
2024-07-22T10:30:00-04:00,434.8500061035156,436.4800109863281,434.7099914550781,435.0682067871094,244417.0
2024-07-22T11:30:00-04:00,434.8599853515625,435.07000732421875,433.4700012207031,433.7300109863281,171747.0
2024-07-22T12:30:00-04:00,433.4601135253906,436.1000061035156,433.4601135253906,435.6000061035156,265542.0
2024-07-22T13:30:00-04:00,435.5893859863281,435.8399963378906,434.6600036621094,435.5199890136719,154406.0
2024-07-22T14:30:00-04:00,435.5050048828125,436.6400146484375,435.5050048828125,435.99139404296875,197629.0
2024-07-22T15:30:00-04:00,435.9750061035156,436.3900146484375,435.260009765625,436.1099853515625,349366.0
2024-07-23T09:30:00-04:00,437.3399963378906,437.9200134277344,434.69000244140625,435.05999755859375,327178.0
2024-07-23T10:30:00-04:00,434.9100036621094,436.23370361328125,434.1700134277344,434.80499267578125,221838.0
2024-07-23T11:30:00-04:00,434.80499267578125,435.9100036621094,434.61151123046875,435.4100036621094,214958.0
2024-07-23T12:30:00-04:00,435.44000244140625,435.4800109863281,434.82000732421875,434.860107421875,124290.0
2024-07-23T13:30:00-04:00,434.9200134277344,435.69000244140625,434.57000732421875,435.2231140136719,138560.0
2024-07-23T14:30:00-04:00,435.2699890136719,435.59991455078125,434.92498779296875,435.4649963378906,164247.0
2024-07-23T15:30:00-04:00,435.19000244140625,435.3399963378906,433.4700012207031,433.9800109863281,319563.0
2024-07-24T09:30:00-04:00,433.989990234375,435.4100036621094,430.7300109863281,431.57000732421875,420211.0
2024-07-24T10:30:00-04:00,431.6199951171875,433.3399963378906,430.7799987792969,432.7349853515625,295598.0
2024-07-24T11:30:00-04:00,432.739990234375,433.9898986816406,431.6000061035156,433.8999938964844,236994.0
2024-07-24T12:30:00-04:00,433.7749938964844,434.2799987792969,433.0201110839844,433.1781005859375,119029.0
2024-07-24T13:30:00-04:00,433.010009765625,433.8399963378906,432.7300109863281,433.3800048828125,158536.0
2024-07-24T14:30:00-04:00,433.45001220703125,433.7799987792969,432.6200866699219,433.1112060546875,294935.0
2024-07-24T15:30:00-04:00,433.19000244140625,433.4599914550781,431.9200134277344,432.9599914550781,620075.0
2024-07-25T09:30:00-04:00,431.6000061035156,437.989990234375,431.6000061035156,436.05999755859375,819041.0
2024-07-25T10:30:00-04:00,436.0,437.0199890136719,433.7300109863281,435.30999755859375,328212.0
2024-07-25T11:30:00-04:00,435.4100036621094,439.0,435.0199890136719,438.8399963378906,283935.0
2024-07-25T12:30:00-04:00,438.8349914550781,439.625,437.92999267578125,438.17999267578125,312974.0
2024-07-25T13:30:00-04:00,438.18499755859375,438.2699890136719,435.7300109863281,435.8900146484375,198022.0
2024-07-25T14:30:00-04:00,436.07000732421875,436.33990478515625,434.260009765625,436.0799865722656,285731.0
2024-07-25T15:30:00-04:00,436.1499938964844,436.25,433.0899963378906,433.5899963378906,370299.0
2024-07-26T09:30:00-04:00,435.6600036621094,438.2300109863281,434.1000061035156,437.6099853515625,578285.0
2024-07-26T10:30:00-04:00,437.44000244140625,439.0,436.44219970703125,437.6400146484375,290175.0
2024-07-26T11:30:00-04:00,437.67999267578125,438.67999267578125,436.8800048828125,437.760009765625,182549.0
2024-07-26T12:30:00-04:00,437.82501220703125,438.75,437.2500915527344,438.75,190994.0
2024-07-26T13:30:00-04:00,438.6300048828125,438.8089904785156,436.8399963378906,437.4100036621094,183184.0
2024-07-26T14:30:00-04:00,437.3399963378906,438.8799133300781,436.7449951171875,438.42999267578125,230765.0
2024-07-26T15:30:00-04:00,438.42999267578125,438.42999267578125,436.6099853515625,437.9800109863281,368888.0
2024-07-29T09:30:00-04:00,438.010009765625,438.5050048828125,435.489990234375,436.9100036621094,618891.0
2024-07-29T10:30:00-04:00,436.760009765625,437.17999267578125,435.489990234375,436.7200012207031,326246.0
2024-07-29T11:30:00-04:00,436.8999938964844,439.3999938964844,436.239990234375,437.70001220703125,357596.0
2024-07-29T12:30:00-04:00,437.7799987792969,439.44000244140625,437.70001220703125,438.57000732421875,239656.0
2024-07-29T13:30:00-04:00,438.45001220703125,439.0,438.0199890136719,438.5203857421875,143727.0
2024-07-29T14:30:00-04:00,438.510009765625,439.3772888183594,438.35009765625,438.6499938964844,175025.0
2024-07-29T15:30:00-04:00,438.6300048828125,439.1600036621094,438.0,438.4599914550781,307701.0
2024-07-30T09:30:00-04:00,439.510009765625,442.8999938964844,439.1400146484375,442.45001220703125,536464.0
2024-07-30T10:30:00-04:00,442.4200134277344,443.8905029296875,441.2401123046875,443.44989013671875,435785.0
2024-07-30T11:30:00-04:00,443.2300109863281,443.5400085449219,439.7799987792969,440.9200134277344,414479.0
2024-07-30T12:30:00-04:00,440.9200134277344,442.79998779296875,440.69000244140625,441.1300048828125,301659.0
2024-07-30T13:30:00-04:00,441.1400146484375,442.1600036621094,440.54998779296875,441.0849914550781,318836.0
2024-07-30T14:30:00-04:00,441.04998779296875,441.29998779296875,439.760009765625,440.70001220703125,312600.0
2024-07-30T15:30:00-04:00,440.5199890136719,442.2900085449219,440.0199890136719,441.3999938964844,437125.0
2024-07-31T09:30:00-04:00,439.4200134277344,440.510009765625,437.739990234375,440.32000732421875,640339.0
2024-07-31T10:30:00-04:00,440.32501220703125,440.55999755859375,438.4200134277344,439.1449890136719,330142.0
2024-07-31T11:30:00-04:00,439.1199951171875,439.489990234375,437.9100036621094,438.6000061035156,239516.0
2024-07-31T12:30:00-04:00,438.55999755859375,439.739990234375,438.20001220703125,438.6000061035156,217170.0
2024-07-31T13:30:00-04:00,438.5199890136719,440.20001220703125,438.239990234375,439.17999267578125,218125.0
2024-07-31T14:30:00-04:00,439.1499938964844,440.60321044921875,437.8500061035156,438.1400146484375,343208.0
2024-07-31T15:30:00-04:00,438.04998779296875,440.0,437.739990234375,438.5,481904.0
2024-08-01T09:30:00-04:00,439.6700134277344,440.6099853515625,435.55999755859375,436.6000061035156,494868.0
2024-08-01T10:30:00-04:00,436.7099914550781,436.94000244140625,433.76300048828125,433.92999267578125,387472.0
2024-08-01T11:30:00-04:00,433.92999267578125,436.3800048828125,433.760009765625,435.2749938964844,249262.0
2024-08-01T12:30:00-04:00,435.1700134277344,435.2049865722656,433.0,433.32000732421875,269261.0
2024-08-01T13:30:00-04:00,433.1300048828125,433.69000244140625,432.0199890136719,432.32000732421875,280782.0
2024-08-01T14:30:00-04:00,432.4100036621094,432.95001220703125,431.1199951171875,431.1300048828125,449770.0
2024-08-01T15:30:00-04:00,431.1400146484375,432.8900146484375,430.95001220703125,431.8599853515625,662864.0
2024-08-02T09:30:00-04:00,429.7699890136719,436.25,427.0199890136719,427.5899963378906,847680.0
2024-08-02T10:30:00-04:00,427.6199951171875,427.67999267578125,423.4901123046875,425.94000244140625,713716.0
2024-08-02T11:30:00-04:00,425.94000244140625,428.79998779296875,425.82000732421875,428.25,395683.0
2024-08-02T12:30:00-04:00,428.2749938964844,428.69549560546875,426.6499938964844,426.6499938964844,288968.0
2024-08-02T13:30:00-04:00,426.7598876953125,427.7699890136719,425.8999938964844,427.6700134277344,261626.0
2024-08-02T14:30:00-04:00,427.69500732421875,429.5299987792969,426.6600036621094,429.239990234375,277774.0
2024-08-02T15:30:00-04:00,429.2799987792969,429.5,427.1300048828125,428.5199890136719,644875.0
2024-08-05T09:30:00-04:00,413.42999267578125,417.7200012207031,406.1099853515625,411.2699890136719,2505874.0
2024-08-05T10:30:00-04:00,411.6499938964844,414.7998962402344,410.8599853515625,414.42999267578125,757693.0
2024-08-05T11:30:00-04:00,414.55999755859375,417.67999267578125,413.8705139160156,416.6700134277344,609399.0
2024-08-05T12:30:00-04:00,416.5450134277344,417.1700134277344,414.1199951171875,415.9574890136719,413016.0
2024-08-05T13:30:00-04:00,415.95001220703125,417.82000732421875,414.4100036621094,417.5950012207031,423635.0
2024-08-05T14:30:00-04:00,417.5950012207031,417.62548828125,412.9700012207031,413.0249938964844,521107.0
2024-08-05T15:30:00-04:00,413.2099914550781,414.95001220703125,412.55010986328125,413.94000244140625,995040.0
2024-08-06T09:30:00-04:00,416.4100036621094,423.80999755859375,415.1000061035156,422.0299987792969,1053674.0
2024-08-06T10:30:00-04:00,422.19000244140625,423.4949951171875,419.8500061035156,419.9100036621094,555597.0
2024-08-06T11:30:00-04:00,419.6700134277344,426.04998779296875,419.5199890136719,424.55999755859375,539154.0
2024-08-06T12:30:00-04:00,424.5,426.6400146484375,424.3800048828125,426.30999755859375,326905.0
2024-08-06T13:30:00-04:00,426.2699890136719,426.5199890136719,424.3500061035156,426.3399963378906,335618.0
2024-08-06T14:30:00-04:00,426.20001220703125,427.4599914550781,424.6000061035156,425.54998779296875,470104.0
2024-08-06T15:30:00-04:00,425.5199890136719,425.7200012207031,421.5,421.8399963378906,773185.0
2024-08-07T09:30:00-04:00,426.6300048828125,432.5,425.6000061035156,429.364990234375,829815.0
2024-08-07T10:30:00-04:00,429.5299987792969,433.1700134277344,429.17999267578125,431.4750061035156,537835.0
2024-08-07T11:30:00-04:00,431.70111083984375,432.6099853515625,429.8299865722656,430.3500061035156,377941.0
2024-08-07T12:30:00-04:00,430.3599853515625,430.7799987792969,427.7900085449219,429.57000732421875,383766.0
2024-08-07T13:30:00-04:00,429.56500244140625,430.1600036621094,427.1199951171875,428.260009765625,518714.0
2024-08-07T14:30:00-04:00,428.1199951171875,428.69000244140625,426.8900146484375,427.80499267578125,491312.0
2024-08-07T15:30:00-04:00,427.79998779296875,428.92999267578125,426.29998779296875,427.20001220703125,717333.0
2024-08-08T09:30:00-04:00,429.2900085449219,431.3999938964844,427.6000061035156,430.4200134277344,579648.0
2024-08-08T10:30:00-04:00,430.2200012207031,432.2598876953125,429.20001220703125,430.8999938964844,419747.0
2024-08-08T11:30:00-04:00,430.9049987792969,431.19989013671875,429.6600036621094,429.8901062011719,252193.0
2024-08-08T12:30:00-04:00,430.07000732421875,431.44000244140625,429.1600036621094,431.44000244140625,256979.0
2024-08-08T13:30:00-04:00,431.4949951171875,431.69000244140625,430.510009765625,430.9100036621094,221324.0
2024-08-08T14:30:00-04:00,431.0799865722656,431.5899963378906,430.17999267578125,430.6400146484375,256385.0
2024-08-08T15:30:00-04:00,430.5199890136719,431.6600036621094,429.4100036621094,431.45001220703125,554157.0
2024-08-09T09:30:00-04:00,431.9200134277344,433.14990234375,430.2099914550781,432.82501220703125,389695.0
2024-08-09T10:30:00-04:00,432.8299865722656,433.19000244140625,431.55999755859375,431.75,203164.0
2024-08-09T11:30:00-04:00,431.6099853515625,432.5386047363281,431.30999755859375,432.1600036621094,202718.0
2024-08-09T12:30:00-04:00,432.1600036621094,434.70001220703125,432.1600036621094,434.70001220703125,179856.0
2024-08-09T13:30:00-04:00,434.6960144042969,434.75,432.1300048828125,432.5,238571.0
2024-08-09T14:30:00-04:00,432.510009765625,433.8699951171875,432.2699890136719,433.21099853515625,213876.0
2024-08-09T15:30:00-04:00,433.20001220703125,433.659912109375,430.7699890136719,431.8399963378906,643615.0
2024-08-12T09:30:00-04:00,433.3599853515625,434.1173095703125,429.010009765625,430.25,457749.0
2024-08-12T10:30:00-04:00,430.3800048828125,431.7698974609375,429.4200134277344,430.0899963378906,233027.0
2024-08-12T11:30:00-04:00,430.0,431.760009765625,429.79010009765625,430.385009765625,185159.0
2024-08-12T12:30:00-04:00,430.3999938964844,431.17999267578125,429.739990234375,430.6499938964844,144869.0
2024-08-12T13:30:00-04:00,430.94000244140625,430.94000244140625,429.0899963378906,429.4100036621094,150754.0
2024-08-12T14:30:00-04:00,429.6000061035156,430.0299987792969,429.19000244140625,429.8699951171875,187717.0
2024-08-12T15:30:00-04:00,429.8999938964844,430.739990234375,429.2200012207031,430.67999267578125,360895.0
2024-08-13T09:30:00-04:00,431.8299865722656,432.5,425.8999938964844,428.6575927734375,966948.0
2024-08-13T10:30:00-04:00,428.70001220703125,430.260009765625,428.32501220703125,429.80999755859375,326723.0
2024-08-13T11:30:00-04:00,429.9100036621094,430.5199890136719,429.3299865722656,429.7349853515625,213098.0
2024-08-13T12:30:00-04:00,429.7349853515625,430.5799865722656,429.4010009765625,430.1400146484375,183356.0
2024-08-13T13:30:00-04:00,430.1099853515625,431.0,429.79998779296875,431.0,217050.0
2024-08-13T14:30:00-04:00,430.9200134277344,431.9294128417969,430.7300109863281,430.83160400390625,219110.0
2024-08-13T15:30:00-04:00,430.82000732421875,432.80999755859375,430.4497985839844,432.489990234375,464889.0
2024-08-14T09:30:00-04:00,433.0,437.1499938964844,431.7099914550781,436.3299865722656,557720.0
2024-08-14T10:30:00-04:00,436.1700134277344,436.989990234375,435.1499938964844,436.8648986816406,201823.0
2024-08-14T11:30:00-04:00,436.9100036621094,437.2300109863281,435.7200012207031,436.440185546875,282665.0
2024-08-14T12:30:00-04:00,436.4800109863281,437.76910400390625,436.3999938964844,437.6600036621094,153901.0
2024-08-14T13:30:00-04:00,437.7178955078125,438.38751220703125,437.42999267578125,437.6559143066406,237877.0
2024-08-14T14:30:00-04:00,437.5899963378906,438.9800109863281,437.510009765625,437.70001220703125,298643.0
2024-08-14T15:30:00-04:00,437.6499938964844,438.8999938964844,437.4801025390625,438.4309997558594,479943.0
2024-08-15T09:30:00-04:00,441.9599914550781,442.5,438.7200012207031,440.6700134277344,595454.0
2024-08-15T10:30:00-04:00,440.885009765625,441.67999267578125,440.0,441.20001220703125,253973.0
2024-08-15T11:30:00-04:00,441.2900085449219,442.1300048828125,441.1600036621094,441.9599914550781,236706.0
2024-08-15T12:30:00-04:00,442.0,442.4999084472656,441.25,442.3500061035156,205837.0
2024-08-15T13:30:00-04:00,442.3580017089844,442.5899963378906,440.7200012207031,441.6600036621094,321245.0
2024-08-15T14:30:00-04:00,441.5799865722656,442.2699890136719,441.0299987792969,441.7200012207031,300215.0
2024-08-15T15:30:00-04:00,441.7200012207031,441.8599853515625,439.54998779296875,440.79998779296875,489551.0
2024-08-16T09:30:00-04:00,441.54998779296875,443.010009765625,440.4544982910156,441.5899963378906,706803.0
2024-08-16T10:30:00-04:00,441.3299865722656,442.8800048828125,441.00408935546875,442.8399963378906,363853.0
2024-08-16T11:30:00-04:00,442.8999938964844,444.19989013671875,442.4700012207031,443.4200134277344,239343.0
2024-08-16T12:30:00-04:00,443.4750061035156,444.8900146484375,443.3909912109375,444.385009765625,202764.0
2024-08-16T13:30:00-04:00,444.385009765625,445.2040100097656,444.20001220703125,444.4549865722656,249916.0
2024-08-16T14:30:00-04:00,444.42498779296875,444.9200134277344,444.0101013183594,444.1000061035156,237588.0
2024-08-16T15:30:00-04:00,444.07000732421875,444.9100036621094,443.7200012207031,444.7200012207031,400540.0
2024-08-19T09:30:00-04:00,446.010009765625,448.8800048828125,445.7300109863281,448.7049865722656,546789.0
2024-08-19T10:30:00-04:00,448.5299987792969,450.45001220703125,448.3764953613281,449.1099853515625,653546.0
2024-08-19T11:30:00-04:00,449.1300048828125,449.989990234375,448.75,449.7799987792969,285339.0
2024-08-19T12:30:00-04:00,449.6499938964844,450.3598937988281,449.3299865722656,449.7900085449219,212132.0
2024-08-19T13:30:00-04:00,449.8236999511719,449.8236999511719,448.260009765625,448.57000732421875,182746.0
2024-08-19T14:30:00-04:00,448.6600036621094,449.4100036621094,448.45819091796875,448.94720458984375,215094.0
2024-08-19T15:30:00-04:00,448.70001220703125,448.989990234375,448.1000061035156,448.8999938964844,365191.0
2024-08-20T09:30:00-04:00,449.29998779296875,450.1300048828125,447.05999755859375,449.8800048828125,486134.0
2024-08-20T10:30:00-04:00,449.92449951171875,450.5,447.75,447.79998779296875,350822.0
2024-08-20T11:30:00-04:00,447.7300109863281,447.77520751953125,446.3800048828125,447.3500061035156,312320.0
2024-08-20T12:30:00-04:00,447.239990234375,448.3450012207031,447.0799865722656,447.6700134277344,121184.0
2024-08-20T13:30:00-04:00,447.55499267578125,448.6600036621094,446.95001220703125,448.4599914550781,169598.0
2024-08-20T14:30:00-04:00,448.42999267578125,448.55999755859375,447.5799865722656,447.5899963378906,192765.0
2024-08-20T15:30:00-04:00,447.6600036621094,448.3999938964844,446.385009765625,448.239990234375,432083.0
2024-08-21T09:30:00-04:00,449.8399963378906,451.2799987792969,446.79998779296875,447.8999938964844,428681.0
2024-08-21T10:30:00-04:00,447.8399963378906,448.0776062011719,445.6000061035156,445.8699951171875,300958.0
2024-08-21T11:30:00-04:00,445.8699951171875,446.1000061035156,443.8399963378906,445.20001220703125,359437.0
2024-08-21T12:30:00-04:00,445.20001220703125,446.1153869628906,444.95001220703125,445.75,151248.0
2024-08-21T13:30:00-04:00,445.760009765625,446.3299865722656,445.4649963378906,446.32501220703125,204937.0
2024-08-21T14:30:00-04:00,446.30999755859375,446.5,445.1400146484375,445.385009765625,332682.0
2024-08-21T15:30:00-04:00,445.3550109863281,446.79998779296875,445.19000244140625,446.29998779296875,327757.0
2024-08-22T09:30:00-04:00,446.29998779296875,449.44000244140625,444.6499938964844,448.375,431319.0
2024-08-22T10:30:00-04:00,448.2099914550781,449.57000732421875,447.3599853515625,447.7099914550781,268764.0
2024-08-22T11:30:00-04:00,447.760009765625,449.6000061035156,447.7049865722656,448.9150085449219,463981.0
2024-08-22T12:30:00-04:00,448.94500732421875,449.3599853515625,446.6499938964844,446.6499938964844,324481.0
2024-08-22T13:30:00-04:00,446.55999755859375,448.1000061035156,446.2250061035156,447.5249938964844,206367.0
2024-08-22T14:30:00-04:00,447.5,447.95001220703125,447.0,447.59161376953125,240718.0
2024-08-22T15:30:00-04:00,447.7200012207031,449.45001220703125,447.3500061035156,449.3999938964844,441669.0
2024-08-23T09:30:00-04:00,450.0,452.5199890136719,448.80999755859375,450.6000061035156,677609.0
2024-08-23T10:30:00-04:00,450.5419921875,452.1499938964844,449.67999267578125,452.0,283228.0
2024-08-23T11:30:00-04:00,452.1300048828125,452.3599853515625,450.07000732421875,450.2449951171875,234912.0
2024-08-23T12:30:00-04:00,450.2049865722656,451.9200134277344,449.7799987792969,451.6300048828125,166374.0
2024-08-23T13:30:00-04:00,451.510009765625,451.6202087402344,450.239990234375,451.31500244140625,213607.0
2024-08-23T14:30:00-04:00,451.40899658203125,453.19000244140625,451.1400146484375,452.9364929199219,213243.0
2024-08-23T15:30:00-04:00,452.94500732421875,453.7200012207031,452.1000061035156,453.1600036621094,396691.0
2024-08-26T09:30:00-04:00,455.30499267578125,458.04998779296875,453.8399963378906,457.8599853515625,619619.0
2024-08-26T10:30:00-04:00,457.7981872558594,459.2698974609375,455.20001220703125,455.79998779296875,438013.0
2024-08-26T11:30:00-04:00,455.79998779296875,456.8999938964844,455.25,456.81500244140625,222845.0
2024-08-26T12:30:00-04:00,456.7936096191406,456.989990234375,456.1000061035156,456.1300048828125,162076.0
2024-08-26T13:30:00-04:00,456.17999267578125,456.29998779296875,454.19000244140625,455.4700012207031,191409.0
2024-08-26T14:30:00-04:00,455.4679870605469,455.4679870605469,453.6000061035156,454.0257873535156,217497.0
2024-08-26T15:30:00-04:00,454.0,454.8299865722656,453.3399963378906,454.7699890136719,439956.0
2024-08-27T09:30:00-04:00,455.94000244140625,459.7200012207031,454.6199951171875,459.20001220703125,821102.0
2024-08-27T10:30:00-04:00,459.20001220703125,459.9645080566406,458.8800048828125,459.6650085449219,310908.0
2024-08-27T11:30:00-04:00,459.44000244140625,462.1000061035156,458.8599853515625,461.4999084472656,349747.0
2024-08-27T12:30:00-04:00,461.25,461.95001220703125,460.5199890136719,461.60009765625,232118.0
2024-08-27T13:30:00-04:00,461.8500061035156,461.94989013671875,460.67999267578125,461.489990234375,249357.0
2024-08-27T14:30:00-04:00,461.5350036621094,461.6000061035156,460.5600891113281,460.6300048828125,230141.0
2024-08-27T15:30:00-04:00,460.6099853515625,461.25,459.8500061035156,460.67999267578125,694204.0
2024-08-28T09:30:00-04:00,461.1700134277344,466.5799865722656,460.7799987792969,464.75,866448.0
2024-08-28T10:30:00-04:00,464.75,466.6000061035156,464.510009765625,466.5,492638.0
2024-08-28T11:30:00-04:00,466.42498779296875,466.42498779296875,463.7178039550781,464.1000061035156,364006.0
2024-08-28T12:30:00-04:00,464.1000061035156,464.32989501953125,461.5899963378906,461.9115905761719,323592.0
2024-08-28T13:30:00-04:00,462.0,464.2799987792969,461.8599853515625,462.25518798828125,387181.0
2024-08-28T14:30:00-04:00,462.2300109863281,464.5,462.1499938964844,463.8599853515625,329663.0
2024-08-28T15:30:00-04:00,463.8934020996094,465.42999267578125,463.510986328125,464.6000061035156,554796.0
2024-08-29T09:30:00-04:00,467.1099853515625,467.7799987792969,463.0,467.7699890136719,791252.0
2024-08-29T10:30:00-04:00,467.9200134277344,468.1199951171875,465.8500061035156,467.07000732421875,470900.0
2024-08-29T11:30:00-04:00,467.1700134277344,468.3800048828125,466.5,468.17999267578125,373736.0
2024-08-29T12:30:00-04:00,468.1199951171875,468.74810791015625,467.67999267578125,468.07000732421875,328991.0
2024-08-29T13:30:00-04:00,468.1000061035156,469.8500061035156,467.70001220703125,469.3599853515625,397225.0
2024-08-29T14:30:00-04:00,469.20001220703125,469.3900146484375,466.8807067871094,469.1545104980469,433398.0
2024-08-29T15:30:00-04:00,469.30999755859375,469.5899963378906,467.60009765625,468.489990234375,478052.0
2024-08-30T09:30:00-04:00,470.5199890136719,472.67999267578125,470.0,472.3099060058594,932762.0
2024-08-30T10:30:00-04:00,472.2099914550781,472.9999084472656,471.4670104980469,471.55499267578125,748637.0
2024-08-30T11:30:00-04:00,471.55499267578125,472.5400085449219,470.3599853515625,471.0199890136719,397855.0
2024-08-30T12:30:00-04:00,471.0000915527344,472.010009765625,470.260009765625,471.05999755859375,293856.0
2024-08-30T13:30:00-04:00,471.05999755859375,471.6700134277344,470.5,470.57000732421875,314058.0
2024-08-30T14:30:00-04:00,470.55499267578125,472.69000244140625,470.55499267578125,472.57501220703125,443257.0
2024-08-30T15:30:00-04:00,472.57501220703125,476.95001220703125,472.3599853515625,475.739990234375,1337618.0
2024-09-03T09:30:00-04:00,475.0,482.32000732421875,474.66009521484375,477.625,1846038.0
2024-09-03T10:30:00-04:00,477.625,482.28948974609375,477.03009033203125,482.1700134277344,783968.0
2024-09-03T11:30:00-04:00,482.04998779296875,482.8900146484375,480.3699951171875,481.0,672063.0
2024-09-03T12:30:00-04:00,481.0299987792969,481.6300048828125,479.1401062011719,479.5,435465.0
2024-09-03T13:30:00-04:00,479.510009765625,479.510009765625,474.8699951171875,475.2149963378906,953197.0
2024-09-03T14:30:00-04:00,475.2099914550781,477.0,474.0199890136719,475.55999755859375,577914.0
2024-09-03T15:30:00-04:00,475.70001220703125,477.30999755859375,473.7200012207031,477.2699890136719,885687.0
2024-09-04T09:30:00-04:00,478.67999267578125,484.82000732421875,478.67999267578125,480.4750061035156,1312791.0
2024-09-04T10:30:00-04:00,480.75,481.2481994628906,477.8450012207031,478.3949890136719,575811.0
2024-09-04T11:30:00-04:00,478.29998779296875,478.4599914550781,475.3299865722656,475.68499755859375,475802.0
2024-09-04T12:30:00-04:00,475.6000061035156,477.4100036621094,474.2200012207031,474.4599914550781,479087.0
2024-09-04T13:30:00-04:00,474.4599914550781,478.1199951171875,474.3100891113281,477.8999938964844,407727.0
2024-09-04T14:30:00-04:00,477.7950134277344,478.625,476.8900146484375,478.1549987792969,466657.0
2024-09-04T15:30:00-04:00,478.1549987792969,479.0400085449219,477.55999755859375,478.32000732421875,740592.0
2024-09-05T09:30:00-04:00,479.42999267578125,479.42999267578125,471.33880615234375,473.25,1139338.0
2024-09-05T10:30:00-04:00,473.29998779296875,473.4750061035156,467.989990234375,468.6700134277344,655409.0
2024-09-05T11:30:00-04:00,468.55999755859375,469.3599853515625,466.2300109863281,466.44500732421875,530853.0
2024-09-05T12:30:00-04:00,466.25,466.6499938964844,464.2099914550781,465.1549987792969,623459.0
2024-09-05T13:30:00-04:00,465.20001220703125,467.19000244140625,464.75,465.5799865722656,618765.0
2024-09-05T14:30:00-04:00,465.57000732421875,466.0498962402344,462.8800048828125,463.5899963378906,631580.0
2024-09-05T15:30:00-04:00,463.5899963378906,465.7900085449219,463.5775146484375,464.9100036621094,876931.0
2024-09-06T09:30:00-04:00,464.19000244140625,468.1700134277344,463.6099853515625,463.85321044921875,691236.0
2024-09-06T10:30:00-04:00,464.3399963378906,466.7799987792969,462.75,463.80999755859375,421747.0
2024-09-06T11:30:00-04:00,463.8900146484375,464.989990234375,461.45001220703125,461.8699951171875,299573.0
2024-09-06T12:30:00-04:00,461.7200012207031,462.7300109863281,461.5,461.6099853515625,285868.0
2024-09-06T13:30:00-04:00,461.5199890136719,462.2699890136719,460.7699890136719,461.489990234375,341975.0
2024-09-06T14:30:00-04:00,461.29998779296875,461.79998779296875,460.2799987792969,460.70001220703125,406811.0
2024-09-06T15:30:00-04:00,460.6300048828125,460.7300109863281,458.54998779296875,459.6400146484375,820687.0
2024-09-09T09:30:00-04:00,463.9700012207031,466.0,462.42999267578125,464.3900146484375,949795.0
2024-09-09T10:30:00-04:00,464.3599853515625,465.8800048828125,463.3504943847656,464.1099853515625,517037.0
2024-09-09T11:30:00-04:00,464.010498046875,465.8999938964844,464.010498046875,464.92999267578125,327805.0
2024-09-09T12:30:00-04:00,464.9800109863281,465.32000732421875,463.53009033203125,464.0,275280.0
2024-09-09T13:30:00-04:00,463.9790954589844,464.19989013671875,462.0,462.2099914550781,330884.0
2024-09-09T14:30:00-04:00,462.3800048828125,462.54998779296875,459.81500244140625,460.4599914550781,359948.0
2024-09-09T15:30:00-04:00,460.5140075683594,461.2218017578125,459.260009765625,459.6199951171875,678113.0
2024-09-10T09:30:00-04:00,461.82000732421875,464.32000732421875,459.0,460.1449890136719,752519.0
2024-09-10T10:30:00-04:00,460.1499938964844,460.9200134277344,457.9491882324219,459.20001220703125,384684.0
2024-09-10T11:30:00-04:00,459.0199890136719,459.3517150878906,456.2099914550781,458.19000244140625,368648.0
2024-09-10T12:30:00-04:00,458.19000244140625,458.4150085449219,457.3070983886719,457.7200012207031,233273.0
2024-09-10T13:30:00-04:00,457.7200012207031,459.8598937988281,457.7200012207031,459.6600036621094,250861.0
2024-09-10T14:30:00-04:00,459.5799865722656,461.14019775390625,459.5600891113281,460.19000244140625,300233.0
2024-09-10T15:30:00-04:00,460.1000061035156,460.2900085449219,458.4100036621094,458.8800048828125,524743.0
2024-09-11T09:30:00-04:00,457.1000061035156,457.1099853515625,445.25,446.54998779296875,1156786.0
2024-09-11T10:30:00-04:00,446.7650146484375,447.6549987792969,445.6549987792969,447.07000732421875,656579.0
2024-09-11T11:30:00-04:00,446.9700012207031,449.2095031738281,446.6199951171875,448.1050109863281,684147.0
2024-09-11T12:30:00-04:00,448.1050109863281,451.95001220703125,447.739990234375,450.95001220703125,485832.0
2024-09-11T13:30:00-04:00,451.023193359375,451.9100036621094,449.7838134765625,449.7838134765625,366575.0
2024-09-11T14:30:00-04:00,449.9825134277344,452.94000244140625,449.3800048828125,452.66290283203125,422541.0
2024-09-11T15:30:00-04:00,452.6499938964844,453.8800048828125,451.739990234375,452.6499938964844,624169.0
2024-09-12T09:30:00-04:00,454.2200012207031,455.0,449.510009765625,451.81500244140625,564978.0
2024-09-12T10:30:00-04:00,451.7099914550781,452.95989990234375,451.010009765625,451.0199890136719,313803.0
2024-09-12T11:30:00-04:00,451.19000244140625,451.57000732421875,449.5199890136719,449.5199890136719,320377.0
2024-09-12T12:30:00-04:00,449.5,451.0299072265625,449.3900146484375,450.739990234375,311629.0
2024-09-12T13:30:00-04:00,450.7049865722656,452.3800048828125,449.8179016113281,450.7650146484375,367337.0
2024-09-12T14:30:00-04:00,450.7200012207031,452.2200012207031,449.2699890136719,451.875,397735.0
2024-09-12T15:30:00-04:00,451.875,452.4399108886719,450.0708923339844,450.8699951171875,575925.0
2024-09-13T09:30:00-04:00,451.5799865722656,452.4284973144531,449.4100036621094,450.5,668847.0
2024-09-13T10:30:00-04:00,450.3900146484375,451.2349853515625,449.2550048828125,451.0299987792969,409586.0
2024-09-13T11:30:00-04:00,451.07000732421875,451.8699951171875,448.7099914550781,448.989990234375,431556.0
2024-09-13T12:30:00-04:00,448.9599914550781,449.4224853515625,448.3699951171875,449.07000732421875,324809.0
2024-09-13T13:30:00-04:00,449.20001220703125,449.3900146484375,447.2099914550781,447.8299865722656,502975.0
2024-09-13T14:30:00-04:00,447.82000732421875,448.8800048828125,447.53009033203125,448.07000732421875,378736.0
2024-09-13T15:30:00-04:00,447.97589111328125,448.3800048828125,447.2799987792969,447.70001220703125,541132.0
2024-09-16T09:30:00-04:00,448.79998779296875,452.989990234375,448.79998779296875,450.9599914550781,669464.0
2024-09-16T10:30:00-04:00,450.9440002441406,451.29998779296875,448.3399963378906,448.7131042480469,345708.0
2024-09-16T11:30:00-04:00,448.78460693359375,449.82000732421875,448.5799865722656,449.1000061035156,256767.0
2024-09-16T12:30:00-04:00,449.1000061035156,449.57989501953125,448.70001220703125,449.0950012207031,249239.0
2024-09-16T13:30:00-04:00,449.07501220703125,450.08990478515625,448.92999267578125,449.9599914550781,225492.0
2024-09-16T14:30:00-04:00,449.9599914550781,451.07000732421875,449.6200866699219,451.0000915527344,249658.0
2024-09-16T15:30:00-04:00,451.0150146484375,452.04998779296875,450.92498779296875,451.92999267578125,518894.0
2024-09-17T09:30:00-04:00,453.5,461.1000061035156,453.2900085449219,458.8450012207031,885184.0
2024-09-17T10:30:00-04:00,458.9599914550781,459.8800048828125,457.3999938964844,458.70001220703125,425890.0
2024-09-17T11:30:00-04:00,458.6600036621094,459.4200134277344,457.20001220703125,457.82000732421875,491687.0
2024-09-17T12:30:00-04:00,457.6499938964844,457.8699951171875,454.6099853515625,455.30999755859375,276198.0
2024-09-17T13:30:00-04:00,455.3299865722656,456.8999938964844,454.7543029785156,455.9200134277344,183082.0
2024-09-17T14:30:00-04:00,455.8900146484375,456.1400146484375,454.80999755859375,455.364990234375,252186.0
2024-09-17T15:30:00-04:00,455.2900085449219,457.010009765625,455.1000061035156,456.95001220703125,381879.0
2024-09-18T09:30:00-04:00,457.2749938964844,458.2749938964844,454.8800964355469,457.2200012207031,501478.0
2024-09-18T10:30:00-04:00,456.79998779296875,457.2159118652344,455.7699890136719,456.5899963378906,306766.0
2024-09-18T11:30:00-04:00,456.6199951171875,457.7157897949219,456.32000732421875,457.2500915527344,176167.0
2024-09-18T12:30:00-04:00,457.31500244140625,457.6499938964844,456.3699951171875,457.4049987792969,154925.0
2024-09-18T13:30:00-04:00,457.3599853515625,459.8399963378906,455.2200012207031,456.5,390917.0
2024-09-18T14:30:00-04:00,456.5350036621094,459.29998779296875,455.5199890136719,458.0610046386719,397961.0
2024-09-18T15:30:00-04:00,458.2300109863281,458.4800109863281,456.0799865722656,456.7099914550781,463784.0
2024-09-19T09:30:00-04:00,462.0,462.19000244140625,457.25,460.1000061035156,758206.0
2024-09-19T10:30:00-04:00,460.25,460.8800048828125,457.30999755859375,457.7900085449219,399240.0
2024-09-19T11:30:00-04:00,457.81500244140625,460.3500061035156,457.57000732421875,459.00830078125,355936.0
2024-09-19T12:30:00-04:00,459.05999755859375,459.6499938964844,458.2601013183594,459.4150085449219,235120.0
2024-09-19T13:30:00-04:00,459.4150085449219,460.6199951171875,459.1400146484375,460.1700134277344,323742.0
2024-09-19T14:30:00-04:00,460.1600036621094,461.30999755859375,460.15008544921875,460.2200012207031,321717.0
2024-09-19T15:30:00-04:00,460.1700134277344,460.2699890136719,458.9200134277344,459.7099914550781,547313.0
2024-09-20T09:30:00-04:00,457.760009765625,457.95001220703125,455.0899963378906,456.5950012207031,1706727.0
2024-09-20T10:30:00-04:00,456.3800048828125,457.79998779296875,455.92999267578125,457.06829833984375,245747.0
2024-09-20T11:30:00-04:00,456.989990234375,457.4200134277344,455.75,456.5199890136719,617099.0
2024-09-20T12:30:00-04:00,456.6099853515625,457.7300109863281,456.3699951171875,457.2200012207031,286833.0
2024-09-20T13:30:00-04:00,457.3299865722656,457.5899963378906,455.0849914550781,455.0849914550781,244922.0
2024-09-20T14:30:00-04:00,455.0,455.8699951171875,454.04998779296875,454.92999267578125,457863.0
2024-09-20T15:30:00-04:00,455.0899963378906,456.7099914550781,454.7799987792969,455.6600036621094,755374.0
2024-09-23T09:30:00-04:00,457.30999755859375,459.6545104980469,455.75,456.1499938964844,681678.0
2024-09-23T10:30:00-04:00,456.1499938964844,457.07000732421875,455.17999267578125,456.4599914550781,308038.0
2024-09-23T11:30:00-04:00,456.4800109863281,456.8799133300781,455.6300048828125,455.6300048828125,211056.0
2024-09-23T12:30:00-04:00,455.7300109863281,456.1099853515625,454.75,454.92498779296875,203711.0
2024-09-23T13:30:00-04:00,455.0299987792969,455.1000061035156,453.75,454.4200134277344,280501.0
2024-09-23T14:30:00-04:00,454.3399963378906,454.510009765625,453.4200134277344,453.8800048828125,274522.0
2024-09-23T15:30:00-04:00,453.80999755859375,455.6549987792969,453.80999755859375,454.9800109863281,724796.0
2024-09-24T09:30:00-04:00,454.3299865722656,455.1050109863281,451.7699890136719,454.8500061035156,583625.0
2024-09-24T10:30:00-04:00,454.7900085449219,455.59991455078125,454.1600036621094,454.8349914550781,251088.0
2024-09-24T11:30:00-04:00,454.7300109863281,454.989990234375,452.4100036621094,453.2694091796875,234112.0
2024-09-24T12:30:00-04:00,453.05010986328125,454.69000244140625,452.9599914550781,454.1000061035156,189757.0
2024-09-24T13:30:00-04:00,454.20001220703125,454.2499084472656,453.0799865722656,453.1449890136719,198182.0
2024-09-24T14:30:00-04:00,453.1000061035156,453.989990234375,452.5,453.7099914550781,207275.0
2024-09-24T15:30:00-04:00,453.67999267578125,455.0299987792969,453.0,454.70001220703125,490392.0
2024-09-25T09:30:00-04:00,454.8999938964844,455.80999755859375,451.3900146484375,451.989990234375,466463.0
2024-09-25T10:30:00-04:00,451.7301025390625,452.69000244140625,451.2099914550781,452.5199890136719,330355.0
2024-09-25T11:30:00-04:00,452.4100036621094,453.6899108886719,452.0,453.0199890136719,288112.0
2024-09-25T12:30:00-04:00,452.9800109863281,453.70001220703125,452.260009765625,452.510009765625,304017.0
2024-09-25T13:30:00-04:00,452.5120849609375,453.0299987792969,452.0799865722656,452.70001220703125,139265.0
2024-09-25T14:30:00-04:00,452.7200012207031,452.7200012207031,451.68011474609375,451.95001220703125,216624.0
2024-09-25T15:30:00-04:00,451.92999267578125,452.760009765625,451.8900146484375,452.55999755859375,331440.0
2024-09-26T09:30:00-04:00,452.739990234375,453.6611022949219,451.3399963378906,453.4700012207031,520172.0
2024-09-26T10:30:00-04:00,453.7200012207031,456.2799987792969,453.3999938964844,455.3800048828125,474825.0
2024-09-26T11:30:00-04:00,455.3800048828125,457.0,454.54998779296875,454.6199951171875,387062.0
2024-09-26T12:30:00-04:00,454.7300109863281,455.9700012207031,454.3999938964844,455.44000244140625,172362.0
2024-09-26T13:30:00-04:00,455.70001220703125,455.95989990234375,454.9200134277344,454.9200134277344,188674.0
2024-09-26T14:30:00-04:00,454.9200134277344,454.9599914550781,453.8900146484375,454.3900146484375,241836.0
2024-09-26T15:30:00-04:00,454.4599914550781,455.1499938964844,453.87298583984375,454.29998779296875,451764.0
2024-09-27T09:30:00-04:00,456.0400085449219,458.2699890136719,455.0400085449219,457.4541015625,516727.0
2024-09-27T10:30:00-04:00,457.510009765625,458.20001220703125,456.0950012207031,457.80499267578125,235728.0
2024-09-27T11:30:00-04:00,457.6499938964844,457.8900146484375,456.6600036621094,456.9849853515625,230197.0
2024-09-27T12:30:00-04:00,456.9849853515625,457.2799987792969,455.8299865722656,456.8900146484375,174400.0
2024-09-27T13:30:00-04:00,456.80999755859375,457.30999755859375,456.3399963378906,457.30999755859375,168242.0
2024-09-27T14:30:00-04:00,457.4399108886719,458.20001220703125,456.55999755859375,457.489990234375,241059.0
2024-09-27T15:30:00-04:00,457.489990234375,457.739990234375,456.6400146484375,457.1600036621094,403965.0
2024-09-30T09:30:00-04:00,458.3999938964844,458.3999938964844,454.5506896972656,457.3399963378906,528751.0
2024-09-30T10:30:00-04:00,457.1300964355469,458.3099060058594,457.1000061035156,457.30499267578125,234671.0
2024-09-30T11:30:00-04:00,457.32000732421875,457.44000244140625,456.3599853515625,456.75970458984375,210535.0
2024-09-30T12:30:00-04:00,456.5400085449219,456.7799987792969,456.0101013183594,456.2200012207031,134789.0
2024-09-30T13:30:00-04:00,456.2900085449219,457.3800048828125,455.8800048828125,457.0,196727.0
2024-09-30T14:30:00-04:00,456.8999938964844,457.8800048828125,456.69000244140625,457.7200012207031,200958.0
2024-09-30T15:30:00-04:00,457.69000244140625,460.6300048828125,457.69000244140625,460.260009765625,661363.0
2024-10-01T09:30:00-04:00,459.1099853515625,459.75,454.82000732421875,455.7300109863281,608726.0
2024-10-01T10:30:00-04:00,455.8699951171875,457.3800048828125,454.86029052734375,457.3245849609375,332566.0
2024-10-01T11:30:00-04:00,457.3999938964844,459.4999084472656,457.2900085449219,459.260009765625,212010.0
2024-10-01T12:30:00-04:00,459.44989013671875,459.44989013671875,457.78009033203125,458.0400085449219,230078.0
2024-10-01T13:30:00-04:00,458.0249938964844,459.6109924316406,457.83050537109375,459.32000732421875,224100.0
2024-10-01T14:30:00-04:00,459.4100036621094,459.7900085449219,458.5299987792969,459.3219909667969,236964.0
2024-10-01T15:30:00-04:00,459.1400146484375,459.27099609375,456.70001220703125,457.19000244140625,443119.0
2024-10-02T09:30:00-04:00,458.70001220703125,458.70001220703125,454.3299865722656,455.5950012207031,589256.0
2024-10-02T10:30:00-04:00,455.5400085449219,457.1600036621094,455.1000061035156,456.0874938964844,213667.0
2024-10-02T11:30:00-04:00,456.1199951171875,456.5299987792969,455.1400146484375,455.30999755859375,165795.0
2024-10-02T12:30:00-04:00,455.29998779296875,455.7398986816406,454.2799987792969,454.29998779296875,188393.0
2024-10-02T13:30:00-04:00,454.364990234375,455.3399963378906,454.19000244140625,454.70001220703125,188150.0
2024-10-02T14:30:00-04:00,454.7486877441406,455.94000244140625,454.55499267578125,455.5,204106.0
2024-10-02T15:30:00-04:00,455.3900146484375,456.7300109863281,455.07000732421875,456.67999267578125,0.0
2024-10-03T09:30:00-04:00,455.4700012207031,455.9700012207031,451.45001220703125,453.25,620782.0
2024-10-03T10:30:00-04:00,452.8599853515625,454.0400085449219,451.04010009765625,451.2650146484375,297568.0
2024-10-03T11:30:00-04:00,451.3999938964844,454.0899963378906,451.3299865722656,453.52508544921875,170204.0
2024-10-03T12:30:00-04:00,453.552490234375,453.57501220703125,450.9200134277344,451.6449890136719,181756.0
2024-10-03T13:30:00-04:00,451.5,452.2381896972656,451.1400146484375,451.54998779296875,151961.0
2024-10-03T14:30:00-04:00,451.5799865722656,452.5400085449219,451.32000732421875,452.3699951171875,210574.0
2024-10-03T15:30:00-04:00,452.375,453.4100036621094,452.1600036621094,452.9599914550781,333926.0
2024-10-04T09:30:00-04:00,455.010009765625,458.0799865722656,453.80999755859375,456.4649963378906,567905.0
2024-10-04T10:30:00-04:00,456.2099914550781,457.4800109863281,455.20001220703125,456.470703125,241675.0
2024-10-04T11:30:00-04:00,456.6700134277344,458.5400085449219,456.44000244140625,458.0950012207031,256401.0
2024-10-04T12:30:00-04:00,458.0799865722656,459.9100036621094,457.7200927734375,459.70001220703125,211980.0
2024-10-04T13:30:00-04:00,459.6199951171875,459.760009765625,458.3599853515625,459.29998779296875,193924.0
2024-10-04T14:30:00-04:00,459.1549987792969,460.6700134277344,459.0,460.3550109863281,266151.0
2024-10-04T15:30:00-04:00,460.32000732421875,462.17999267578125,460.1700134277344,461.70001220703125,562130.0
2024-10-07T09:30:00-04:00,462.3399963378906,462.3399963378906,456.2301025390625,456.3900146484375,621643.0
2024-10-07T10:30:00-04:00,456.239990234375,457.20001220703125,455.260009765625,455.4100036621094,366777.0
2024-10-07T11:30:00-04:00,455.3900146484375,456.2900085449219,454.8252868652344,455.94000244140625,263349.0
2024-10-07T12:30:00-04:00,456.0,456.1000061035156,454.8900146484375,455.41009521484375,178669.0
2024-10-07T13:30:00-04:00,455.4200134277344,455.7200012207031,454.1000061035156,454.2200012207031,216038.0
2024-10-07T14:30:00-04:00,454.1600036621094,454.44000244140625,452.41009521484375,453.6650085449219,348771.0
2024-10-07T15:30:00-04:00,453.70001220703125,454.2099914550781,452.79998779296875,453.6400146484375,386818.0
2024-10-08T09:30:00-04:00,455.9599914550781,457.55999755859375,454.5799865722656,455.1899108886719,400434.0
2024-10-08T10:30:00-04:00,454.94000244140625,455.9599914550781,454.1000061035156,454.8399963378906,224986.0
2024-10-08T11:30:00-04:00,454.8599853515625,455.32000732421875,454.2012939453125,454.44000244140625,152452.0
2024-10-08T12:30:00-04:00,454.5400085449219,454.57000732421875,453.3800048828125,453.664794921875,158896.0
2024-10-08T13:30:00-04:00,453.44000244140625,453.659912109375,452.8500061035156,453.3599853515625,158292.0
2024-10-08T14:30:00-04:00,453.25250244140625,454.6000061035156,453.1199951171875,453.9530029296875,231170.0
2024-10-08T15:30:00-04:00,453.9700012207031,454.989990234375,453.5,453.8699951171875,359350.0
2024-10-09T09:30:00-04:00,452.75,455.7900085449219,452.3550109863281,454.6099853515625,409165.0
2024-10-09T10:30:00-04:00,454.5799865722656,456.30999755859375,454.25,456.30999755859375,206697.0
2024-10-09T11:30:00-04:00,456.5093078613281,457.875,456.1210021972656,456.260009765625,194788.0
2024-10-09T12:30:00-04:00,456.44000244140625,456.92999267578125,455.3500061035156,456.2799987792969,162022.0
2024-10-09T13:30:00-04:00,456.389892578125,456.70001220703125,455.1000061035156,455.2550048828125,147713.0
2024-10-09T14:30:00-04:00,455.1000061035156,456.3699951171875,455.0299987792969,456.206787109375,182950.0
2024-10-09T15:30:00-04:00,456.2200012207031,456.8900146484375,455.7300109863281,455.7300109863281,329490.0
2024-10-10T09:30:00-04:00,457.5,457.5050048828125,453.75,454.010009765625,408135.0
2024-10-10T10:30:00-04:00,454.135009765625,455.4664001464844,453.5907897949219,454.1700134277344,204385.0
2024-10-10T11:30:00-04:00,454.2349853515625,454.67999267578125,453.20001220703125,454.67999267578125,204960.0
2024-10-10T12:30:00-04:00,454.5979919433594,454.7663879394531,452.760009765625,453.17999267578125,182927.0
2024-10-10T13:30:00-04:00,453.1700134277344,454.1600036621094,452.72491455078125,453.5780029296875,216828.0
2024-10-10T14:30:00-04:00,453.5299987792969,453.70001220703125,453.0299987792969,453.3450012207031,205066.0
2024-10-10T15:30:00-04:00,453.45001220703125,455.1000061035156,453.3500061035156,454.82000732421875,293237.0
2024-10-11T09:30:00-04:00,455.8999938964844,463.3299865722656,455.8999938964844,463.0350036621094,820743.0
2024-10-11T10:30:00-04:00,463.0299987792969,463.45001220703125,461.2799987792969,461.9100036621094,425119.0
2024-10-11T11:30:00-04:00,461.9700012207031,462.0185852050781,459.55010986328125,460.739990234375,323442.0
2024-10-11T12:30:00-04:00,460.7471008300781,461.20001220703125,460.1499938964844,460.5,201760.0
2024-10-11T13:30:00-04:00,460.6300048828125,461.3599853515625,460.3500061035156,460.7090148925781,215269.0
2024-10-11T14:30:00-04:00,460.6600036621094,460.83990478515625,459.6000061035156,460.0400085449219,385947.0
2024-10-11T15:30:00-04:00,459.9800109863281,461.0,459.80999755859375,460.20001220703125,352948.0
2024-10-14T09:30:00-04:00,461.9200134277344,461.9200134277344,458.1000061035156,459.6600036621094,594406.0
2024-10-14T10:30:00-04:00,459.9200134277344,462.0,459.6000061035156,461.7900085449219,343735.0
2024-10-14T11:30:00-04:00,461.739990234375,462.0,461.3299865722656,461.44000244140625,200477.0
2024-10-14T12:30:00-04:00,461.3599853515625,461.6600036621094,460.5450134277344,460.9100036621094,201094.0
2024-10-14T13:30:00-04:00,460.7900085449219,460.8699951171875,459.7821044921875,460.3399963378906,249390.0
2024-10-14T14:30:00-04:00,460.29998779296875,461.239990234375,460.0,460.7820129394531,227924.0
2024-10-14T15:30:00-04:00,460.760009765625,461.55999755859375,459.8800048828125,460.239990234375,539483.0
2024-10-15T09:30:00-04:00,460.989990234375,463.739990234375,460.510009765625,463.1499938964844,925666.0
2024-10-15T10:30:00-04:00,463.010009765625,466.6600036621094,463.010009765625,464.2099914550781,573374.0
2024-10-15T11:30:00-04:00,464.31658935546875,466.3299865722656,463.3399963378906,465.6650085449219,344759.0
2024-10-15T12:30:00-04:00,465.6400146484375,465.82000732421875,464.6401062011719,465.0,280962.0
2024-10-15T13:30:00-04:00,465.0,465.2200012207031,463.7099914550781,463.7900085449219,175162.0
2024-10-15T14:30:00-04:00,463.7900085449219,463.9700012207031,462.3299865722656,462.4200134277344,299112.0
2024-10-15T15:30:00-04:00,462.3299865722656,463.1499938964844,461.7900085449219,462.6700134277344,538790.0
2024-10-16T09:30:00-04:00,463.25,466.0,462.20001220703125,464.6000061035156,610880.0
2024-10-16T10:30:00-04:00,464.5899963378906,465.67999267578125,463.6199951171875,464.8399963378906,312508.0
2024-10-16T11:30:00-04:00,464.9100036621094,466.0,464.6600036621094,465.59991455078125,268009.0
2024-10-16T12:30:00-04:00,465.45001220703125,465.6099853515625,464.29010009765625,464.7900085449219,182194.0
2024-10-16T13:30:00-04:00,464.82000732421875,465.8800048828125,464.1700134277344,465.44000244140625,196695.0
2024-10-16T14:30:00-04:00,465.5299987792969,465.659912109375,464.7200012207031,465.2300109863281,223432.0
2024-10-16T15:30:00-04:00,465.0799865722656,466.0,464.8399963378906,465.6199951171875,417964.0
2024-10-17T09:30:00-04:00,466.1000061035156,467.83929443359375,464.2699890136719,466.0899963378906,574170.0
2024-10-17T10:30:00-04:00,466.0400085449219,466.9689025878906,465.2825012207031,466.57000732421875,233287.0
2024-10-17T11:30:00-04:00,466.739990234375,466.92999267578125,465.8999938964844,466.44000244140625,177700.0
2024-10-17T12:30:00-04:00,466.3900146484375,467.0,465.70001220703125,465.8758850097656,194984.0
2024-10-17T13:30:00-04:00,465.75,466.0,464.8999938964844,465.3276062011719,196198.0
2024-10-17T14:30:00-04:00,465.2149963378906,465.5,464.6754150390625,465.20001220703125,202185.0
2024-10-17T15:30:00-04:00,465.19500732421875,466.1000061035156,464.94000244140625,465.7200012207031,340930.0
2024-10-18T09:30:00-04:00,467.0,467.0,463.25,463.489990234375,892079.0
2024-10-18T10:30:00-04:00,463.4599914550781,464.3299865722656,463.2900085449219,463.976806640625,265631.0
2024-10-18T11:30:00-04:00,464.07000732421875,465.1299133300781,463.75,464.70001220703125,153216.0
2024-10-18T12:30:00-04:00,464.6000061035156,464.8599853515625,463.9100036621094,464.3500061035156,129376.0
2024-10-18T13:30:00-04:00,464.3500061035156,465.29998779296875,463.95001220703125,465.18829345703125,168287.0
2024-10-18T14:30:00-04:00,465.17999267578125,465.31988525390625,464.1900939941406,464.3799133300781,176760.0
2024-10-18T15:30:00-04:00,464.2926940917969,465.5249938964844,464.2099914550781,464.8699951171875,329457.0
2024-10-21T09:30:00-04:00,464.5299987792969,465.7898864746094,463.7099914550781,464.5899963378906,473573.0
2024-10-21T10:30:00-04:00,464.6199951171875,465.4200134277344,462.3301086425781,462.44000244140625,300031.0
2024-10-21T11:30:00-04:00,462.5,462.8699951171875,461.67999267578125,462.4599914550781,283519.0
2024-10-21T12:30:00-04:00,462.42999267578125,463.8900146484375,462.19000244140625,463.6000061035156,263908.0
2024-10-21T13:30:00-04:00,463.6000061035156,463.8999938964844,462.8399963378906,463.29998779296875,159528.0
2024-10-21T14:30:00-04:00,463.2139892578125,464.19500732421875,462.92999267578125,463.8999938964844,214367.0
2024-10-21T15:30:00-04:00,463.79998779296875,464.5,463.11138916015625,464.3500061035156,412480.0
2024-10-22T09:30:00-04:00,464.1099853515625,465.1452941894531,457.6000061035156,458.8699951171875,727382.0
2024-10-22T10:30:00-04:00,458.8699951171875,461.3999938964844,458.5,460.6099853515625,303362.0
2024-10-22T11:30:00-04:00,460.70001220703125,461.30999755859375,459.6200866699219,460.57000732421875,337296.0
2024-10-22T12:30:00-04:00,460.6300048828125,461.29998779296875,460.3399963378906,460.8399963378906,132773.0
2024-10-22T13:30:00-04:00,460.8380126953125,461.7799987792969,460.7300109863281,461.1199951171875,169861.0
2024-10-22T14:30:00-04:00,461.1570129394531,462.07501220703125,461.0,461.6400146484375,257879.0
2024-10-22T15:30:00-04:00,461.8299865722656,462.5199890136719,461.2900085449219,461.45001220703125,358346.0
2024-10-23T09:30:00-04:00,460.1499938964844,461.760009765625,458.7449951171875,460.04998779296875,454138.0
2024-10-23T10:30:00-04:00,459.95001220703125,460.6199951171875,459.1499938964844,460.6199951171875,325103.0
2024-10-23T11:30:00-04:00,460.7300109863281,462.6199951171875,460.3399963378906,461.70001220703125,283668.0
2024-10-23T12:30:00-04:00,461.7799987792969,462.5,461.67999267578125,461.79998779296875,163471.0
2024-10-23T13:30:00-04:00,461.7539978027344,462.4200134277344,460.4599914550781,460.9390869140625,386603.0
2024-10-23T14:30:00-04:00,460.9200134277344,463.260009765625,460.7699890136719,462.1400146484375,270188.0
2024-10-23T15:30:00-04:00,462.3999938964844,462.6499938964844,460.3299865722656,460.6400146484375,753379.0
2024-10-24T09:30:00-04:00,460.8999938964844,461.04998779296875,457.010009765625,458.1803894042969,520447.0
2024-10-24T10:30:00-04:00,458.1601867675781,458.3500061035156,456.260009765625,456.3500061035156,365845.0
2024-10-24T11:30:00-04:00,456.3450012207031,456.3854064941406,453.9599914550781,454.8900146484375,1002882.0
2024-10-24T12:30:00-04:00,454.8399963378906,457.36151123046875,454.80999755859375,457.36151123046875,314738.0
2024-10-24T13:30:00-04:00,457.2850036621094,457.7200012207031,456.8699951171875,456.989990234375,187309.0
2024-10-24T14:30:00-04:00,457.0199890136719,457.79998779296875,456.2200012207031,457.6449890136719,242866.0
2024-10-24T15:30:00-04:00,457.54998779296875,458.3699951171875,457.489990234375,457.69000244140625,370258.0
2024-10-25T09:30:00-04:00,458.6000061035156,459.45001220703125,455.20001220703125,456.1099853515625,543337.0
2024-10-25T10:30:00-04:00,456.07501220703125,457.3800048828125,454.8800048828125,455.44989013671875,322270.0
2024-10-25T11:30:00-04:00,455.239990234375,455.44989013671875,454.1400146484375,455.1400146484375,256992.0
2024-10-25T12:30:00-04:00,455.114990234375,455.7298889160156,453.5,454.5101013183594,246471.0
2024-10-25T13:30:00-04:00,454.5,454.5799865722656,453.0299987792969,454.33990478515625,274886.0
2024-10-25T14:30:00-04:00,454.15301513671875,455.05999755859375,454.0,454.57000732421875,243921.0
2024-10-25T15:30:00-04:00,454.57000732421875,454.57000732421875,453.42999267578125,454.0199890136719,428005.0
2024-10-28T09:30:00-04:00,455.5899963378906,457.1274108886719,455.1000061035156,456.55999755859375,473907.0
2024-10-28T10:30:00-04:00,456.5799865722656,457.3500061035156,455.3399963378906,457.0,257995.0
2024-10-28T11:30:00-04:00,456.9150085449219,458.1000061035156,456.16009521484375,458.0799865722656,298032.0
2024-10-28T12:30:00-04:00,458.010009765625,458.260009765625,457.19000244140625,458.1700134277344,220652.0
2024-10-28T13:30:00-04:00,458.1700134277344,458.80999755859375,457.70001220703125,458.5249938964844,190116.0
2024-10-28T14:30:00-04:00,458.5172119140625,458.9800109863281,458.19000244140625,458.7900085449219,228109.0
2024-10-28T15:30:00-04:00,458.7900085449219,459.239990234375,458.2300109863281,458.7200012207031,402842.0
2024-10-29T09:30:00-04:00,458.6000061035156,458.9200134277344,455.5299987792969,455.7099914550781,456397.0
2024-10-29T10:30:00-04:00,455.7950134277344,455.9898986816406,454.864990234375,455.0899963378906,304322.0
2024-10-29T11:30:00-04:00,455.2300109863281,455.69891357421875,454.885009765625,455.3800048828125,214248.0
2024-10-29T12:30:00-04:00,455.3500061035156,456.3299865722656,454.9200134277344,455.3949890136719,227028.0
2024-10-29T13:30:00-04:00,455.4599914550781,456.0,455.0,455.364990234375,222909.0
2024-10-29T14:30:00-04:00,455.4200134277344,456.1300048828125,455.1400146484375,455.6600036621094,333455.0
2024-10-29T15:30:00-04:00,455.69000244140625,455.69000244140625,454.3900146484375,454.8999938964844,467717.0
2024-10-30T09:30:00-04:00,454.6700134277344,457.4898986816406,453.82000732421875,456.2799987792969,403081.0
2024-10-30T10:30:00-04:00,456.239990234375,456.9986877441406,455.7799987792969,456.6000061035156,267885.0
2024-10-30T11:30:00-04:00,456.6499938964844,457.6698913574219,456.510009765625,456.6400146484375,199372.0
2024-10-30T12:30:00-04:00,456.6400146484375,456.8699951171875,455.80999755859375,456.1300048828125,159692.0
2024-10-30T13:30:00-04:00,456.1549987792969,456.2755126953125,455.2149963378906,455.375,193966.0
2024-10-30T14:30:00-04:00,455.30999755859375,455.6300048828125,455.0299987792969,455.364990234375,189667.0
2024-10-30T15:30:00-04:00,455.30999755859375,455.8900146484375,454.82000732421875,455.5899963378906,487458.0
2024-10-31T09:30:00-04:00,455.19000244140625,456.8399963378906,453.5,454.4200134277344,518478.0
2024-10-31T10:30:00-04:00,454.5199890136719,455.4700012207031,453.6000061035156,454.0799865722656,321631.0
2024-10-31T11:30:00-04:00,454.0799865722656,454.9599914550781,453.5299987792969,454.94500732421875,267521.0
2024-10-31T12:30:00-04:00,454.8399963378906,455.0,453.760009765625,453.9700012207031,189760.0
2024-10-31T13:30:00-04:00,453.9700012207031,454.2300109863281,452.92999267578125,454.0950012207031,233424.0
2024-10-31T14:30:00-04:00,454.1499938964844,454.2200012207031,453.1499938964844,453.30999755859375,267027.0
2024-10-31T15:30:00-04:00,453.30999755859375,453.3900146484375,450.57000732421875,450.7900085449219,566029.0
2024-11-01T09:30:00-04:00,451.489990234375,454.87200927734375,450.70001220703125,454.8500061035156,503324.0
2024-11-01T10:30:00-04:00,454.9599914550781,455.1199951171875,453.70001220703125,454.75,301748.0
2024-11-01T11:30:00-04:00,454.75,454.760009765625,453.25,453.3699951171875,263832.0
2024-11-01T12:30:00-04:00,453.5849914550781,454.6000061035156,452.95001220703125,453.9800109863281,202481.0
2024-11-01T13:30:00-04:00,453.95220947265625,453.9591979980469,452.3699951171875,453.20001220703125,191765.0
2024-11-01T14:30:00-04:00,453.343994140625,454.2099914550781,453.0799865722656,453.5,248788.0
2024-11-01T15:30:00-04:00,453.5,453.5,451.92999267578125,452.25,468354.0
2024-11-04T09:30:00-05:00,450.3699951171875,450.70001220703125,438.2200012207031,441.864990234375,1673456.0
2024-11-04T10:30:00-05:00,441.864990234375,442.760009765625,440.3599853515625,441.739990234375,680400.0
2024-11-04T11:30:00-05:00,441.7449951171875,441.96990966796875,437.8999938964844,440.239990234375,706133.0
2024-11-04T12:30:00-05:00,440.2200012207031,441.42999267578125,439.44000244140625,441.1499938964844,372978.0
2024-11-04T13:30:00-05:00,441.1400146484375,442.4798889160156,440.6000061035156,441.4798889160156,423161.0
2024-11-04T14:30:00-05:00,441.4049987792969,442.3800048828125,441.026611328125,441.6600036621094,336689.0
2024-11-04T15:30:00-05:00,441.7149963378906,442.54998779296875,440.91009521484375,442.4800109863281,580758.0
2024-11-05T09:30:00-05:00,442.2900085449219,444.6000061035156,441.1000061035156,442.6242980957031,631538.0
2024-11-05T10:30:00-05:00,442.69500732421875,444.29998779296875,442.0502014160156,443.510009765625,376918.0
2024-11-05T11:30:00-05:00,443.625,444.260009765625,443.1700134277344,443.1700134277344,224212.0
2024-11-05T12:30:00-05:00,443.2300109863281,443.9700012207031,442.5,442.760009765625,299667.0
2024-11-05T13:30:00-05:00,442.70001220703125,444.0799865722656,442.260009765625,443.1199951171875,253444.0
2024-11-05T14:30:00-05:00,443.1700134277344,443.69000244140625,442.29998779296875,442.4696044921875,300558.0
2024-11-05T15:30:00-05:00,442.42999267578125,445.2300109863281,442.2936096191406,445.2200012207031,475441.0
2024-11-06T09:30:00-05:00,461.0,464.3800048828125,459.4801025390625,463.3999938964844,1915032.0
2024-11-06T10:30:00-05:00,463.04998779296875,465.1499938964844,461.5400085449219,464.55999755859375,746600.0
2024-11-06T11:30:00-05:00,464.7699890136719,467.2200012207031,464.7699890136719,466.8999938964844,559948.0
2024-11-06T12:30:00-05:00,466.8999938964844,467.6499938964844,465.9100036621094,467.1099853515625,493140.0
2024-11-06T13:30:00-05:00,467.17999267578125,468.4200134277344,466.6499938964844,467.57000732421875,482895.0
2024-11-06T14:30:00-05:00,467.5199890136719,468.7200012207031,465.7200012207031,467.6400146484375,498226.0
2024-11-06T15:30:00-05:00,467.5400085449219,469.260009765625,467.1000061035156,468.7799987792969,807400.0
2024-11-07T09:30:00-05:00,468.2699890136719,468.4599914550781,460.32000732421875,462.91448974609375,1064136.0
2024-11-07T10:30:00-05:00,462.8699951171875,463.75,461.5899963378906,463.0,431611.0
2024-11-07T11:30:00-05:00,463.0299987792969,463.2200012207031,461.8399963378906,462.260009765625,366484.0
2024-11-07T12:30:00-05:00,462.32501220703125,462.3800048828125,460.79998779296875,461.92999267578125,307455.0
2024-11-07T13:30:00-05:00,462.010009765625,462.7099914550781,461.4100036621094,461.5199890136719,267454.0
2024-11-07T14:30:00-05:00,461.5986022949219,462.5299987792969,460.1300964355469,461.885009765625,454376.0
2024-11-07T15:30:00-05:00,461.885009765625,462.010009765625,460.1000061035156,460.1300048828125,490019.0
2024-11-08T09:30:00-05:00,461.9800109863281,462.9399108886719,459.6000061035156,461.7799987792969,582076.0
2024-11-08T10:30:00-05:00,462.0899963378906,463.92999267578125,461.8699951171875,462.42608642578125,370567.0
2024-11-08T11:30:00-05:00,462.340087890625,462.7300109863281,461.3599853515625,462.20001220703125,244413.0
2024-11-08T12:30:00-05:00,462.2699890136719,463.760009765625,462.2699890136719,463.45001220703125,218887.0
2024-11-08T13:30:00-05:00,463.5050048828125,465.79888916015625,463.41009521484375,465.3500061035156,291259.0
2024-11-08T14:30:00-05:00,465.2850036621094,466.3500061035156,464.0101013183594,464.44000244140625,308294.0
2024-11-08T15:30:00-05:00,464.5498962402344,464.54998779296875,463.04998779296875,463.70001220703125,575205.0
2024-11-11T09:30:00-05:00,466.010009765625,469.3800048828125,464.0,468.1199951171875,801196.0
2024-11-11T10:30:00-05:00,468.1199951171875,469.1600036621094,467.6600036621094,468.19183349609375,329129.0
2024-11-11T11:30:00-05:00,468.2099914550781,470.510009765625,467.7300109863281,470.2699890136719,409561.0
2024-11-11T12:30:00-05:00,470.2099914550781,470.45001220703125,468.5,468.625,277858.0
2024-11-11T13:30:00-05:00,468.7099914550781,468.760009765625,467.5697937011719,468.4100036621094,590493.0
2024-11-11T14:30:00-05:00,468.3999938964844,468.8699951171875,467.6099853515625,467.6951904296875,228651.0
2024-11-11T15:30:00-05:00,467.6400146484375,467.7699890136719,466.7200927734375,467.4700012207031,437431.0
2024-11-12T09:30:00-05:00,467.69000244140625,468.2699890136719,465.3700866699219,466.8599853515625,554847.0
2024-11-12T10:30:00-05:00,466.79998779296875,467.7799987792969,466.090087890625,467.3299865722656,259850.0
2024-11-12T11:30:00-05:00,467.32000732421875,467.4599914550781,465.7500915527344,466.55828857421875,230985.0
2024-11-12T12:30:00-05:00,466.3700866699219,467.6600036621094,466.0000915527344,466.5400085449219,196587.0
2024-11-12T13:30:00-05:00,466.54998779296875,468.3699951171875,466.54998779296875,467.94000244140625,206599.0
2024-11-12T14:30:00-05:00,467.8735046386719,468.4200134277344,467.0899963378906,467.22900390625,279445.0
2024-11-12T15:30:00-05:00,467.17999267578125,467.2200012207031,466.1199951171875,466.3399963378906,439498.0
2024-11-13T09:30:00-05:00,466.4100036621094,466.885009765625,464.29998779296875,465.8800048828125,558046.0
2024-11-13T10:30:00-05:00,465.7699890136719,467.2799987792969,465.45001220703125,466.55999755859375,341229.0
2024-11-13T11:30:00-05:00,466.6781921386719,467.6400146484375,465.80999755859375,466.1000061035156,270286.0
2024-11-13T12:30:00-05:00,466.0400085449219,467.2200012207031,465.7817077636719,465.9700012207031,155427.0
2024-11-13T13:30:00-05:00,466.0799865722656,467.5,465.8200988769531,467.2099914550781,157016.0
2024-11-13T14:30:00-05:00,467.135009765625,468.0202941894531,466.7200927734375,467.75,223792.0
2024-11-13T15:30:00-05:00,467.6000061035156,468.3999938964844,467.360107421875,468.17999267578125,365490.0
2024-11-14T09:30:00-05:00,468.80999755859375,469.16461181640625,466.0,467.8599853515625,548733.0
2024-11-14T10:30:00-05:00,467.96881103515625,468.30499267578125,466.67999267578125,468.1099853515625,264179.0
2024-11-14T11:30:00-05:00,467.9700012207031,468.7300109863281,467.0867919921875,467.2900085449219,195252.0
2024-11-14T12:30:00-05:00,467.25,468.4700012207031,466.75,467.7900085449219,200799.0
2024-11-14T13:30:00-05:00,467.70001220703125,468.54998779296875,467.01348876953125,468.4540100097656,155266.0
2024-11-14T14:30:00-05:00,468.6499938964844,469.4493103027344,467.54998779296875,468.9200134277344,259581.0
2024-11-14T15:30:00-05:00,468.9200134277344,469.0199890136719,467.25,467.7200012207031,620805.0
2024-11-15T09:30:00-05:00,466.739990234375,472.2550964355469,465.19000244140625,469.5799865722656,1170819.0
2024-11-15T10:30:00-05:00,469.3399963378906,470.760009765625,468.30999755859375,469.2088928222656,736926.0
2024-11-15T11:30:00-05:00,468.92999267578125,470.3599853515625,467.8399963378906,469.6388854980469,329990.0
2024-11-15T12:30:00-05:00,469.56500244140625,471.6099853515625,468.9966125488281,470.20001220703125,301640.0
2024-11-15T13:30:00-05:00,470.04290771484375,470.04290771484375,468.1000061035156,469.19000244140625,1155736.0
2024-11-15T14:30:00-05:00,469.20001220703125,471.19000244140625,469.07000732421875,470.0299987792969,343405.0
2024-11-15T15:30:00-05:00,470.1000061035156,471.4100036621094,469.8057861328125,470.2300109863281,567102.0
2024-11-18T09:30:00-05:00,470.9800109863281,472.1600036621094,468.3599853515625,469.3699951171875,599840.0
2024-11-18T10:30:00-05:00,469.3949890136719,471.6300048828125,469.260009765625,471.39990234375,305386.0
2024-11-18T11:30:00-05:00,471.2349853515625,472.0,470.739990234375,471.3399963378906,357830.0
2024-11-18T12:30:00-05:00,471.4150085449219,472.6712951660156,471.1700134277344,472.1099853515625,182595.0
2024-11-18T13:30:00-05:00,472.1650085449219,472.4798889160156,471.5000915527344,472.30499267578125,205445.0
2024-11-18T14:30:00-05:00,472.30499267578125,472.4283142089844,471.7532043457031,472.2250061035156,213510.0
2024-11-18T15:30:00-05:00,472.19000244140625,472.3500061035156,471.25,472.2099914550781,383586.0
2024-11-19T09:30:00-05:00,470.7699890136719,470.7699890136719,465.010009765625,466.5899963378906,989855.0
2024-11-19T10:30:00-05:00,466.5,468.760009765625,466.4800109863281,468.5799865722656,333209.0
2024-11-19T11:30:00-05:00,468.5799865722656,468.99688720703125,468.0675048828125,468.739990234375,204090.0
2024-11-19T12:30:00-05:00,468.6300048828125,469.4761962890625,468.6300048828125,468.93499755859375,152607.0
2024-11-19T13:30:00-05:00,468.989990234375,469.95001220703125,468.5799865722656,468.739990234375,162325.0
2024-11-19T14:30:00-05:00,468.7950134277344,468.8699035644531,467.67999267578125,468.6000061035156,242629.0
2024-11-19T15:30:00-05:00,468.510009765625,469.25,468.19000244140625,468.80999755859375,319989.0
2024-11-20T09:30:00-05:00,470.0,470.6148986816406,468.0799865722656,469.18499755859375,459219.0
2024-11-20T10:30:00-05:00,469.239990234375,469.5299987792969,466.7099914550781,466.7538146972656,268065.0
2024-11-20T11:30:00-05:00,466.79998779296875,467.8099060058594,466.1099853515625,466.42999267578125,305317.0
2024-11-20T12:30:00-05:00,466.3699951171875,468.45001220703125,466.3699951171875,468.30999755859375,152803.0
2024-11-20T13:30:00-05:00,468.3800048828125,468.3800048828125,467.29998779296875,468.1499938964844,123392.0
2024-11-20T14:30:00-05:00,468.1400146484375,469.4700012207031,468.010009765625,469.4700012207031,199395.0
2024-11-20T15:30:00-05:00,469.5199890136719,470.45989990234375,468.4200134277344,469.2099914550781,530758.0
2024-11-21T09:30:00-05:00,469.44500732421875,470.0799865722656,467.010009765625,469.739990234375,626046.0
2024-11-21T10:30:00-05:00,469.6409912109375,473.4100036621094,469.010009765625,472.875,609544.0
2024-11-21T11:30:00-05:00,472.94000244140625,474.5,472.05999755859375,473.0899963378906,336504.0
2024-11-21T12:30:00-05:00,473.3138122558594,474.6600036621094,472.739990234375,474.239990234375,251154.0
2024-11-21T13:30:00-05:00,474.29998779296875,474.5398864746094,472.82000732421875,474.3399963378906,283735.0
2024-11-21T14:30:00-05:00,474.3900146484375,474.5299987792969,473.1000061035156,473.25,246138.0
2024-11-21T15:30:00-05:00,473.2149963378906,473.2300109863281,471.4700012207031,472.0299987792969,512825.0
2024-11-22T09:30:00-05:00,472.2699890136719,476.45001220703125,471.6099853515625,475.20001220703125,603022.0
2024-11-22T10:30:00-05:00,475.3800048828125,477.3949890136719,474.8800048828125,477.31500244140625,282542.0
2024-11-22T11:30:00-05:00,477.2699890136719,477.4399108886719,476.4700012207031,476.7900085449219,227502.0
2024-11-22T12:30:00-05:00,476.84271240234375,476.8699951171875,476.01629638671875,476.5,142911.0
2024-11-22T13:30:00-05:00,476.6199035644531,476.7903137207031,475.0799865722656,475.9800109863281,185998.0
2024-11-22T14:30:00-05:00,476.0199890136719,476.239990234375,474.7099914550781,474.7699890136719,176820.0
2024-11-22T15:30:00-05:00,474.989990234375,477.1199951171875,474.8550109863281,476.30999755859375,515361.0
2024-11-25T09:30:00-05:00,479.1300048828125,482.4200134277344,479.0,482.3900146484375,832289.0
2024-11-25T10:30:00-05:00,482.2900085449219,482.5,479.5000915527344,479.7598876953125,370719.0
2024-11-25T11:30:00-05:00,479.7298889160156,480.1070861816406,478.3299865722656,479.5899963378906,289878.0
2024-11-25T12:30:00-05:00,479.43011474609375,480.04559326171875,478.6700134277344,480.0249938964844,198471.0
2024-11-25T13:30:00-05:00,479.94000244140625,480.54998779296875,479.0400085449219,479.1499938964844,222926.0
2024-11-25T14:30:00-05:00,479.1499938964844,479.1600036621094,478.2099914550781,478.5039978027344,338884.0
2024-11-25T15:30:00-05:00,478.29998779296875,478.4700012207031,476.7900085449219,477.44000244140625,775267.0
2024-11-26T09:30:00-05:00,478.20001220703125,478.3999938964844,472.8500061035156,474.6199951171875,752559.0
2024-11-26T10:30:00-05:00,474.4800109863281,476.4800109863281,473.4100036621094,476.2799987792969,381944.0
2024-11-26T11:30:00-05:00,476.239990234375,477.44989013671875,475.7900085449219,476.70721435546875,234314.0
2024-11-26T12:30:00-05:00,476.7149963378906,477.1600036621094,476.5400085449219,476.760009765625,160503.0
2024-11-26T13:30:00-05:00,476.625,477.6600036621094,476.25,477.5,253238.0
2024-11-26T14:30:00-05:00,477.3699951171875,478.25,477.29998779296875,477.68499755859375,200396.0
2024-11-26T15:30:00-05:00,477.7099914550781,479.3999938964844,477.7099914550781,478.4100036621094,373946.0
2024-11-27T09:30:00-05:00,481.0,491.6700134277344,480.8699951171875,489.6400146484375,1488028.0
2024-11-27T10:30:00-05:00,489.7124938964844,490.8999938964844,486.92999267578125,487.0400085449219,736210.0
2024-11-27T11:30:00-05:00,487.239990234375,488.4100036621094,486.239990234375,486.9549865722656,374396.0
2024-11-27T12:30:00-05:00,486.7799987792969,487.0899963378906,485.1400146484375,486.3699951171875,373645.0
2024-11-27T13:30:00-05:00,486.239990234375,486.4599914550781,484.70001220703125,485.260009765625,218280.0
2024-11-27T14:30:00-05:00,485.3500061035156,485.79998779296875,482.3599853515625,483.20001220703125,454749.0
2024-11-27T15:30:00-05:00,483.1600036621094,484.1199951171875,482.6199951171875,483.0899963378906,486957.0
2024-11-29T09:30:00-05:00,485.3699951171875,486.010009765625,482.04998779296875,483.7200012207031,676590.0
2024-11-29T10:30:00-05:00,483.7349853515625,484.6199951171875,482.8999938964844,484.3811950683594,280889.0
2024-11-29T11:30:00-05:00,484.5,485.0400085449219,483.5,484.837890625,403083.0
2024-12-02T09:30:00-05:00,484.79998779296875,485.0899963378906,478.1300048828125,478.82000732421875,839878.0
2024-12-02T10:30:00-05:00,478.8799133300781,479.2099914550781,476.69000244140625,476.69000244140625,461779.0
2024-12-02T11:30:00-05:00,476.75,478.010009765625,474.75,477.1200866699219,601942.0
2024-12-02T12:30:00-05:00,477.2850036621094,478.8800048828125,477.25,478.6199951171875,278868.0
2024-12-02T13:30:00-05:00,478.6199951171875,478.8349914550781,477.3299865722656,477.79998779296875,261504.0
2024-12-02T14:30:00-05:00,477.8500061035156,478.79998779296875,477.8213195800781,478.6199951171875,284749.0
2024-12-02T15:30:00-05:00,478.6650085449219,478.710693359375,476.9949951171875,477.239990234375,582951.0
2024-12-03T09:30:00-05:00,478.1600036621094,478.29998779296875,471.4744873046875,473.30499267578125,649630.0
2024-12-03T10:30:00-05:00,473.2213134765625,474.0885009765625,472.340087890625,472.6300048828125,310363.0
2024-12-03T11:30:00-05:00,472.45001220703125,473.0199890136719,471.2300109863281,472.9690856933594,532036.0
2024-12-03T12:30:00-05:00,473.0400085449219,473.0799865722656,471.29998779296875,472.1700134277344,230186.0
2024-12-03T13:30:00-05:00,472.25909423828125,472.25909423828125,468.80499267578125,470.58990478515625,587361.0
2024-12-03T14:30:00-05:00,470.42010498046875,471.4849853515625,470.42010498046875,471.239990234375,373840.0
2024-12-03T15:30:00-05:00,471.17999267578125,471.6400146484375,470.04998779296875,470.19000244140625,533150.0
2024-12-04T09:30:00-05:00,469.5,471.3399963378906,466.5,467.260009765625,745854.0
2024-12-04T10:30:00-05:00,467.42999267578125,468.389892578125,467.1499938964844,468.1400146484375,293669.0
2024-12-04T11:30:00-05:00,468.2983093261719,468.7099914550781,467.1400146484375,467.40740966796875,248780.0
2024-12-04T12:30:00-05:00,467.4360046386719,468.3699035644531,467.2149963378906,467.4200134277344,195742.0
2024-12-04T13:30:00-05:00,467.4198913574219,467.8999938964844,466.5216064453125,467.2361145019531,262478.0
2024-12-04T14:30:00-05:00,467.1700134277344,468.9200134277344,467.0199890136719,468.19000244140625,309834.0
2024-12-04T15:30:00-05:00,468.1496887207031,469.5400085449219,468.010009765625,468.25,362689.0
2024-12-05T09:30:00-05:00,468.7799987792969,472.739990234375,468.7200012207031,470.69500732421875,673471.0
2024-12-05T10:30:00-05:00,470.69500732421875,471.55999755859375,469.9513854980469,470.4607849121094,260302.0
2024-12-05T11:30:00-05:00,470.4700012207031,470.8349914550781,469.1000061035156,469.8550109863281,218770.0
2024-12-05T12:30:00-05:00,469.75,471.1799011230469,469.6400146484375,471.0799865722656,185668.0
2024-12-05T13:30:00-05:00,471.0199890136719,471.8900146484375,470.04998779296875,470.1400146484375,187832.0
2024-12-05T14:30:00-05:00,470.0299987792969,471.04998779296875,469.92999267578125,470.6700134277344,423520.0
2024-12-05T15:30:00-05:00,470.6700134277344,471.9599914550781,470.1199951171875,470.6700134277344,466182.0
2024-12-06T09:30:00-05:00,470.5799865722656,472.0799865722656,467.82000732421875,469.32501220703125,1150309.0
2024-12-06T10:30:00-05:00,469.2109069824219,470.8900146484375,469.10009765625,469.5,261753.0
2024-12-06T11:30:00-05:00,469.4837951660156,471.1000061035156,469.20001220703125,469.6600036621094,248303.0
2024-12-06T12:30:00-05:00,469.5199890136719,470.80999755859375,469.28009033203125,470.25,163196.0
2024-12-06T13:30:00-05:00,470.05999755859375,470.4349060058594,469.5,469.9049987792969,140749.0
2024-12-06T14:30:00-05:00,469.88800048828125,470.42999267578125,469.6000061035156,469.79998779296875,201473.0
2024-12-06T15:30:00-05:00,469.7650146484375,470.70001220703125,469.6300048828125,470.2900085449219,342766.0
2024-12-09T09:30:00-05:00,470.6000061035156,471.70001220703125,465.2699890136719,466.8561096191406,868104.0
2024-12-09T10:30:00-05:00,466.8299865722656,467.80999755859375,465.510009765625,466.1600036621094,367122.0
2024-12-09T11:30:00-05:00,466.2449951171875,466.95989990234375,465.3500061035156,465.6499938964844,268456.0
2024-12-09T12:30:00-05:00,465.6449890136719,466.0,464.75,464.80999755859375,265907.0
2024-12-09T13:30:00-05:00,464.80999755859375,465.9100036621094,464.80999755859375,465.7799987792969,228283.0
2024-12-09T14:30:00-05:00,465.7799987792969,466.3500061035156,464.6000061035156,464.79998779296875,296489.0
2024-12-09T15:30:00-05:00,464.8999938964844,465.05999755859375,463.4200134277344,463.9599914550781,522700.0
2024-12-10T09:30:00-05:00,464.4200134277344,464.4200134277344,459.5,461.35009765625,734913.0
2024-12-10T10:30:00-05:00,461.35009765625,464.8900146484375,461.35009765625,464.7449951171875,326922.0
2024-12-10T11:30:00-05:00,464.7449951171875,464.989990234375,462.0799865722656,462.9200134277344,234868.0
2024-12-10T12:30:00-05:00,462.92999267578125,462.92999267578125,461.6200866699219,462.3019104003906,194013.0
2024-12-10T13:30:00-05:00,462.20001220703125,463.05999755859375,461.8999938964844,462.8960876464844,177155.0
2024-12-10T14:30:00-05:00,462.864990234375,464.4599914550781,462.75,463.55999755859375,311937.0
2024-12-10T15:30:00-05:00,463.54998779296875,463.8699951171875,462.2900085449219,462.9100036621094,457428.0
2024-12-11T09:30:00-05:00,463.3299865722656,465.4800109863281,459.8299865722656,460.7900085449219,660364.0
2024-12-11T10:30:00-05:00,460.6099853515625,462.239990234375,459.9200134277344,460.95001220703125,352875.0
2024-12-11T11:30:00-05:00,460.93499755859375,461.1700134277344,459.44000244140625,459.5472106933594,446132.0
2024-12-11T12:30:00-05:00,459.44000244140625,460.3900146484375,458.7699890136719,459.79998779296875,331747.0
2024-12-11T13:30:00-05:00,459.7900085449219,460.30999755859375,459.2987060546875,460.1499938964844,189152.0
2024-12-11T14:30:00-05:00,460.1000061035156,461.0,460.0469970703125,460.5,226791.0
2024-12-11T15:30:00-05:00,460.510009765625,462.1400146484375,460.260009765625,461.6400146484375,533338.0
2024-12-12T09:30:00-05:00,462.1600036621094,463.57000732421875,460.70001220703125,461.55499267578125,455747.0
2024-12-12T10:30:00-05:00,461.44000244140625,461.989990234375,460.2200012207031,460.67999267578125,279831.0
2024-12-12T11:30:00-05:00,460.6600036621094,461.0799865722656,458.6499938964844,458.6600036621094,315681.0
2024-12-12T12:30:00-05:00,458.6499938964844,459.7305908203125,458.0799865722656,459.1300048828125,203035.0
2024-12-12T13:30:00-05:00,459.2099914550781,459.44000244140625,458.44000244140625,458.44000244140625,172607.0
2024-12-12T14:30:00-05:00,458.44000244140625,459.989990234375,458.2200012207031,459.989990234375,199389.0
2024-12-12T15:30:00-05:00,459.9200134277344,460.0799865722656,458.3800048828125,458.67999267578125,408299.0
2024-12-13T09:30:00-05:00,460.510009765625,460.510009765625,457.010009765625,458.2001037597656,627529.0
2024-12-13T10:30:00-05:00,458.43499755859375,460.2200012207031,457.7099914550781,459.5350036621094,290375.0
2024-12-13T11:30:00-05:00,459.7200012207031,459.9855041503906,459.2699890136719,459.6300048828125,284139.0
2024-12-13T12:30:00-05:00,459.6076965332031,459.70001220703125,458.7799987792969,459.4183044433594,198043.0
2024-12-13T13:30:00-05:00,459.42498779296875,459.7900085449219,458.8699951171875,459.02301025390625,223103.0
2024-12-13T14:30:00-05:00,458.8999938964844,459.260009765625,458.3999938964844,458.5899963378906,205590.0
2024-12-13T15:30:00-05:00,458.67694091796875,458.8699951171875,457.2900085449219,457.8699951171875,518228.0
2024-12-16T09:30:00-05:00,459.1700134277344,460.4244079589844,457.1000061035156,458.3399963378906,621651.0
2024-12-16T10:30:00-05:00,458.20001220703125,459.6499938964844,458.0,458.1650085449219,316312.0
2024-12-16T11:30:00-05:00,458.20001220703125,458.7200012207031,457.5342102050781,458.1192932128906,223679.0
2024-12-16T12:30:00-05:00,458.1160888671875,458.69000244140625,458.10009765625,458.3599853515625,196324.0
2024-12-16T13:30:00-05:00,458.3599853515625,458.71990966796875,457.110107421875,457.1499938964844,249689.0
2024-12-16T14:30:00-05:00,457.19000244140625,457.3800048828125,456.18011474609375,456.9599914550781,321311.0
2024-12-16T15:30:00-05:00,456.94000244140625,457.2388916015625,454.5799865722656,455.3299865722656,894008.0
2024-12-17T09:30:00-05:00,454.0199890136719,455.30999755859375,452.05999755859375,454.2699890136719,813401.0
2024-12-17T10:30:00-05:00,454.2650146484375,456.1099853515625,453.5,454.5,390094.0
2024-12-17T11:30:00-05:00,454.5,455.9621887207031,454.18011474609375,454.4649963378906,261827.0
2024-12-17T12:30:00-05:00,454.4649963378906,455.5841979980469,454.4200134277344,455.1299133300781,209853.0
2024-12-17T13:30:00-05:00,455.0,455.3999938964844,454.4849853515625,454.6449890136719,203719.0
2024-12-17T14:30:00-05:00,454.7499084472656,454.7499084472656,453.989990234375,454.2099914550781,247694.0
2024-12-17T15:30:00-05:00,454.1278991699219,456.6199951171875,454.1099853515625,455.6700134277344,411090.0
2024-12-18T09:30:00-05:00,457.05999755859375,457.05999755859375,454.0574951171875,455.9200134277344,484720.0
2024-12-18T10:30:00-05:00,455.80999755859375,457.6400146484375,455.760009765625,457.6400146484375,232992.0
2024-12-18T11:30:00-05:00,457.54998779296875,458.7300109863281,456.9574890136719,457.9501037597656,211628.0
2024-12-18T12:30:00-05:00,457.9661865234375,458.4200134277344,457.3699951171875,457.94000244140625,201141.0
2024-12-18T13:30:00-05:00,457.80010986328125,458.6000061035156,453.7699890136719,453.7900085449219,388577.0
2024-12-18T14:30:00-05:00,453.760009765625,454.25,451.6300048828125,452.20001220703125,502661.0
2024-12-18T15:30:00-05:00,452.2099914550781,452.2799987792969,446.0899963378906,446.5,1056703.0
2024-12-19T09:30:00-05:00,451.7300109863281,453.23480224609375,449.04998779296875,450.8599853515625,784359.0
2024-12-19T10:30:00-05:00,450.739990234375,452.8399963378906,450.739990234375,452.51361083984375,343169.0
2024-12-19T11:30:00-05:00,452.4700012207031,453.1499938964844,451.6559143066406,451.989990234375,230897.0
2024-12-19T12:30:00-05:00,452.20001220703125,453.6700134277344,451.20001220703125,452.81500244140625,305809.0
2024-12-19T13:30:00-05:00,452.8752136230469,453.79998779296875,451.81500244140625,452.42999267578125,216065.0
2024-12-19T14:30:00-05:00,452.1968994140625,452.260009765625,450.55999755859375,450.9601135253906,244374.0
2024-12-19T15:30:00-05:00,451.125,451.9200134277344,448.8900146484375,449.3900146484375,542925.0
2024-12-20T09:30:00-05:00,449.1099853515625,451.04998779296875,447.19000244140625,450.67999267578125,2182571.0
2024-12-20T10:30:00-05:00,450.75,454.9599914550781,450.5,454.94000244140625,457004.0
2024-12-20T11:30:00-05:00,454.9205017089844,458.6499938964844,454.8800048828125,458.224609375,453391.0
2024-12-20T12:30:00-05:00,458.0,458.1000061035156,454.6404113769531,454.7300109863281,318418.0
2024-12-20T13:30:00-05:00,454.6495056152344,455.760009765625,454.54998779296875,455.5299987792969,207696.0
2024-12-20T14:30:00-05:00,455.4100036621094,456.0150146484375,454.57000732421875,455.1000061035156,318262.0
2024-12-20T15:30:00-05:00,455.2799987792969,456.20001220703125,452.92999267578125,453.8599853515625,816033.0
2024-12-23T09:30:00-05:00,453.19000244140625,453.489990234375,450.6300048828125,451.5,700674.0
2024-12-23T10:30:00-05:00,451.5400085449219,451.8258972167969,449.82000732421875,451.0,270028.0
2024-12-23T11:30:00-05:00,451.1499938964844,452.7900085449219,450.7300109863281,452.05999755859375,235514.0
2024-12-23T12:30:00-05:00,452.0849914550781,453.20001220703125,451.5,453.0299987792969,223673.0
2024-12-23T13:30:00-05:00,453.0343017578125,453.1099853515625,452.1700134277344,452.32989501953125,174693.0
2024-12-23T14:30:00-05:00,452.32000732421875,452.80999755859375,451.7250061035156,452.6192932128906,249148.0
2024-12-23T15:30:00-05:00,452.43780517578125,454.54998779296875,452.32000732421875,454.2699890136719,392594.0
2024-12-24T09:30:00-05:00,455.4100036621094,456.7099914550781,454.07000732421875,456.3136901855469,400327.0
2024-12-24T10:30:00-05:00,456.3399963378906,457.7300109863281,456.110107421875,457.010009765625,232936.0
2024-12-24T11:30:00-05:00,457.0799865722656,458.5,456.9949951171875,458.20001220703125,262039.0
2024-12-26T09:30:00-05:00,457.2650146484375,458.989990234375,455.7950134277344,457.56439208984375,314425.0
2024-12-26T10:30:00-05:00,457.70001220703125,458.6000061035156,457.0299987792969,458.2799987792969,150679.0
2024-12-26T11:30:00-05:00,458.3999938964844,459.4800109863281,458.2200012207031,459.18121337890625,140731.0
2024-12-26T12:30:00-05:00,459.07000732421875,459.3587951660156,458.3800048828125,458.8450012207031,154249.0
2024-12-26T13:30:00-05:00,458.7601013183594,458.95001220703125,458.1099853515625,458.2900085449219,152753.0
2024-12-26T14:30:00-05:00,458.3299865722656,459.32000732421875,458.2099914550781,458.8999938964844,144524.0
2024-12-26T15:30:00-05:00,459.02020263671875,459.29998779296875,458.54998779296875,459.04998779296875,290584.0
2024-12-27T09:30:00-05:00,457.29998779296875,461.1300048828125,456.5,457.56500244140625,475201.0
2024-12-27T10:30:00-05:00,457.489990234375,458.8399963378906,456.2900085449219,457.5793151855469,246310.0
2024-12-27T11:30:00-05:00,457.4700012207031,457.8500061035156,454.80999755859375,455.1549987792969,224082.0
2024-12-27T12:30:00-05:00,455.1300048828125,455.739990234375,454.4800109863281,455.4281005859375,261563.0
2024-12-27T13:30:00-05:00,455.29998779296875,457.1700134277344,455.2099914550781,456.80999755859375,215651.0
2024-12-27T14:30:00-05:00,456.8900146484375,457.50408935546875,455.8674011230469,456.3743896484375,217277.0
2024-12-27T15:30:00-05:00,456.07000732421875,458.1199951171875,455.3399963378906,456.8999938964844,495717.0
2024-12-30T09:30:00-05:00,454.2449951171875,454.2449951171875,449.176513671875,450.0181884765625,602593.0
2024-12-30T10:30:00-05:00,450.0899963378906,452.7200012207031,449.8800048828125,452.5199890136719,261308.0
2024-12-30T11:30:00-05:00,452.5,453.95001220703125,452.30010986328125,453.7799987792969,250556.0
2024-12-30T12:30:00-05:00,453.7300109863281,454.5398864746094,452.5,454.07000732421875,335722.0
2024-12-30T13:30:00-05:00,454.0,454.69000244140625,453.0299987792969,453.9198913574219,146188.0
2024-12-30T14:30:00-05:00,453.80999755859375,454.5400085449219,453.5,453.5899963378906,182757.0
2024-12-30T15:30:00-05:00,453.57000732421875,454.1379089355469,452.0799865722656,452.1700134277344,310658.0
2024-12-31T09:30:00-05:00,452.2049865722656,454.3299865722656,452.2049865722656,452.8717041015625,342108.0
2024-12-31T10:30:00-05:00,452.90899658203125,453.1781921386719,452.0,452.19500732421875,161907.0
2024-12-31T11:30:00-05:00,452.4147033691406,452.4147033691406,451.1099853515625,451.55999755859375,180643.0
2024-12-31T12:30:00-05:00,451.6766052246094,452.9800109863281,451.2799987792969,451.69000244140625,179715.0
2024-12-31T13:30:00-05:00,451.69000244140625,453.0,451.4100036621094,451.8500061035156,136848.0
2024-12-31T14:30:00-05:00,451.7799987792969,453.0400085449219,451.61309814453125,453.0400085449219,191641.0
2024-12-31T15:30:00-05:00,453.0799865722656,453.95001220703125,452.2900085449219,453.4800109863281,495006.0
2025-01-02T09:30:00-05:00,456.1300048828125,456.889892578125,454.34600830078125,455.0,574539.0
2025-01-02T10:30:00-05:00,454.7900085449219,455.489990234375,453.70001220703125,454.6549987792969,375726.0
2025-01-02T11:30:00-05:00,454.4700012207031,455.8900146484375,453.3800048828125,453.5194091796875,278259.0
2025-01-02T12:30:00-05:00,453.5199890136719,453.69000244140625,450.6099853515625,451.0150146484375,280375.0
2025-01-02T13:30:00-05:00,450.8900146484375,451.8500061035156,450.0299987792969,451.8500061035156,301622.0
2025-01-02T14:30:00-05:00,451.7749938964844,452.3468933105469,450.5,452.0400085449219,260558.0
2025-01-02T15:30:00-05:00,452.1199951171875,452.7300109863281,450.3999938964844,451.1748962402344,483442.0
2025-01-03T09:30:00-05:00,452.5299987792969,453.8800048828125,450.1199951171875,451.25,661818.0
2025-01-03T10:30:00-05:00,451.364990234375,453.0,451.0,452.8399963378906,303566.0
2025-01-03T11:30:00-05:00,452.75,453.9787902832031,452.75,453.3299865722656,211582.0
2025-01-03T12:30:00-05:00,453.3299865722656,453.760009765625,452.7349853515625,453.760009765625,178874.0
2025-01-03T13:30:00-05:00,453.79998779296875,454.310791015625,453.42999267578125,454.310791015625,178977.0
2025-01-03T14:30:00-05:00,454.32000732421875,454.52691650390625,453.4873046875,454.2950134277344,173153.0
2025-01-03T15:30:00-05:00,454.2200012207031,454.2900085449219,453.42999267578125,453.6700134277344,351292.0
2025-01-06T09:30:00-05:00,453.8500061035156,456.0,452.510009765625,454.94110107421875,777458.0
2025-01-06T10:30:00-05:00,454.94000244140625,455.75,453.5,455.5,379563.0
2025-01-06T11:30:00-05:00,455.5787048339844,456.2398986816406,453.8999938964844,454.1449890136719,264909.0
2025-01-06T12:30:00-05:00,454.0,454.0992126464844,452.7200012207031,453.0,294925.0
2025-01-06T13:30:00-05:00,453.06500244140625,453.20489501953125,452.0400085449219,452.3399963378906,264527.0
2025-01-06T14:30:00-05:00,452.32000732421875,452.94500732421875,450.9649963378906,451.2900085449219,385462.0
2025-01-06T15:30:00-05:00,451.3299865722656,451.7799072265625,450.57000732421875,451.6000061035156,464450.0
2025-01-07T09:30:00-05:00,452.79998779296875,454.6300048828125,451.1000061035156,454.55999755859375,604000.0
2025-01-07T10:30:00-05:00,454.6499938964844,456.5150146484375,453.84259033203125,455.7974853515625,464806.0
2025-01-07T11:30:00-05:00,455.989990234375,456.3800048828125,454.3788146972656,454.614990234375,283609.0
2025-01-07T12:30:00-05:00,454.69000244140625,455.2349853515625,452.6700134277344,454.364990234375,302930.0
2025-01-07T13:30:00-05:00,454.4234924316406,454.7250061035156,453.3699951171875,453.7799987792969,231188.0
2025-01-07T14:30:00-05:00,453.7099914550781,453.8757019042969,452.32000732421875,452.45001220703125,318772.0
2025-01-07T15:30:00-05:00,452.4599914550781,453.0,451.79998779296875,452.8900146484375,449758.0
2025-01-08T09:30:00-05:00,453.6300048828125,454.0,450.04998779296875,450.1000061035156,665664.0
2025-01-08T10:30:00-05:00,450.1400146484375,451.8800048828125,449.80999755859375,450.8949890136719,453684.0
2025-01-08T11:30:00-05:00,450.8949890136719,451.739990234375,450.17999267578125,450.2049865722656,283353.0
2025-01-08T12:30:00-05:00,450.2049865722656,451.2900085449219,449.6300048828125,451.0299987792969,203008.0
2025-01-08T13:30:00-05:00,451.0150146484375,452.0,449.8995056152344,451.67999267578125,249737.0
2025-01-08T14:30:00-05:00,451.4599914550781,451.8900146484375,450.78948974609375,451.7300109863281,271085.0
2025-01-08T15:30:00-05:00,451.7799987792969,452.0,450.5,451.79998779296875,535860.0
2025-01-10T09:30:00-05:00,452.6600036621094,453.0,444.0400085449219,445.1650085449219,1093863.0
2025-01-10T10:30:00-05:00,445.06500244140625,445.5299987792969,441.7099914550781,442.3599853515625,642405.0
2025-01-10T11:30:00-05:00,442.2799987792969,442.54998779296875,440.1000061035156,441.68011474609375,636886.0
2025-01-10T12:30:00-05:00,441.739990234375,444.25,441.739990234375,443.8699951171875,379174.0
2025-01-10T13:30:00-05:00,443.9798889160156,444.8800048828125,442.8299865722656,443.7698974609375,317390.0
2025-01-10T14:30:00-05:00,443.6499938964844,444.1400146484375,442.6600036621094,443.1000061035156,369715.0
2025-01-10T15:30:00-05:00,442.9800109863281,443.75,442.0,442.5799865722656,714021.0
2025-01-13T09:30:00-05:00,442.0400085449219,444.5199890136719,441.1499938964844,443.57501220703125,705045.0
2025-01-13T10:30:00-05:00,443.5793151855469,445.0,443.04541015625,443.7550048828125,334205.0
2025-01-13T11:30:00-05:00,443.5299987792969,444.760009765625,442.19000244140625,442.7799987792969,353590.0
2025-01-13T12:30:00-05:00,442.6700134277344,443.9540100097656,442.6400146484375,443.6499938964844,171005.0
2025-01-13T13:30:00-05:00,443.7300109863281,444.3193054199219,443.1600036621094,444.1036071777344,190032.0
2025-01-13T14:30:00-05:00,444.3299865722656,444.8999938964844,443.89019775390625,444.7900085449219,259621.0
2025-01-13T15:30:00-05:00,444.8500061035156,445.0,443.8500061035156,444.04998779296875,354176.0
2025-01-14T09:30:00-05:00,445.5,446.9599914550781,443.9700012207031,445.6400146484375,771161.0
2025-01-14T10:30:00-05:00,445.6499938964844,446.75,444.5299987792969,445.239990234375,420155.0
2025-01-14T11:30:00-05:00,445.3800048828125,445.5498962402344,443.9200134277344,445.1300048828125,220567.0
2025-01-14T12:30:00-05:00,445.1700134277344,446.79998779296875,444.67999267578125,446.7243957519531,196001.0
2025-01-14T13:30:00-05:00,446.6499938964844,448.7699890136719,446.5299987792969,448.4549865722656,271932.0
2025-01-14T14:30:00-05:00,448.4800109863281,449.20001220703125,447.42999267578125,448.5400085449219,455838.0
2025-01-14T15:30:00-05:00,448.42498779296875,450.29998779296875,447.9800109863281,450.0299987792969,446269.0
2025-01-15T09:30:00-05:00,455.54998779296875,456.9599914550781,453.2699890136719,456.7200012207031,764458.0
2025-01-15T10:30:00-05:00,456.7864990234375,458.0299987792969,455.6199951171875,457.364990234375,433563.0
2025-01-15T11:30:00-05:00,457.25,457.739990234375,456.52569580078125,457.29998779296875,380025.0
2025-01-15T12:30:00-05:00,457.3799133300781,457.9198913574219,456.3399963378906,456.6700134277344,234349.0
2025-01-15T13:30:00-05:00,456.6700134277344,457.9898986816406,456.6199951171875,457.82000732421875,245174.0
2025-01-15T14:30:00-05:00,457.92999267578125,458.57000732421875,457.69000244140625,457.7878112792969,338291.0
2025-01-15T15:30:00-05:00,457.7699890136719,459.0899963378906,457.7300109863281,458.30999755859375,843666.0
2025-01-16T09:30:00-05:00,458.92999267578125,461.6000061035156,458.8999938964844,459.0849914550781,586161.0
2025-01-16T10:30:00-05:00,459.05999755859375,459.71990966796875,458.30010986328125,459.0400085449219,255304.0
2025-01-16T11:30:00-05:00,459.0696716308594,460.1199951171875,458.9800109863281,459.29998779296875,209496.0
2025-01-16T12:30:00-05:00,459.239990234375,460.92999267578125,459.1517028808594,459.7200012207031,363035.0
2025-01-16T13:30:00-05:00,459.6499938964844,460.11248779296875,459.1116027832031,459.6600036621094,190937.0
2025-01-16T14:30:00-05:00,459.70989990234375,460.5,459.19000244140625,460.5,231262.0
2025-01-16T15:30:00-05:00,460.5299987792969,462.9599914550781,460.4100036621094,462.7300109863281,702592.0
2025-01-17T09:30:00-05:00,464.7099914550781,467.639892578125,462.4547119140625,467.5299987792969,1996418.0
2025-01-17T10:30:00-05:00,467.5299987792969,468.760009765625,467.4529113769531,468.3830261230469,578144.0
2025-01-17T11:30:00-05:00,468.364990234375,469.69000244140625,468.30999755859375,469.2799987792969,376165.0
2025-01-17T12:30:00-05:00,469.25,470.17999267578125,468.5799865722656,468.7300109863281,296024.0
2025-01-17T13:30:00-05:00,468.69610595703125,469.19000244140625,467.9200134277344,469.010009765625,363064.0
2025-01-17T14:30:00-05:00,468.8609924316406,469.6300048828125,468.3999938964844,469.4106140136719,461681.0
2025-01-17T15:30:00-05:00,469.3500061035156,469.6000061035156,467.95001220703125,468.1400146484375,510607.0
2025-01-21T09:30:00-05:00,471.0,473.1700134277344,468.7300109863281,470.9393005371094,757963.0
2025-01-21T10:30:00-05:00,470.8299865722656,472.197509765625,470.4992980957031,471.7900085449219,319471.0
2025-01-21T11:30:00-05:00,471.8293151855469,471.8293151855469,469.32501220703125,469.6499938964844,253099.0
2025-01-21T12:30:00-05:00,469.5400085449219,470.1050109863281,468.43951416015625,468.644287109375,228428.0
2025-01-21T13:30:00-05:00,468.5799865722656,468.7799987792969,467.7200012207031,468.0,285000.0
2025-01-21T14:30:00-05:00,468.0899963378906,469.0,467.7550048828125,468.3900146484375,343550.0
2025-01-21T15:30:00-05:00,468.3999938964844,469.0880126953125,468.0799865722656,468.57000732421875,538290.0
2025-01-22T09:30:00-05:00,468.5899963378906,468.8900146484375,457.07000732421875,459.5,1404798.0
2025-01-22T10:30:00-05:00,459.5400085449219,459.5987854003906,456.1199951171875,456.9501037597656,712320.0
2025-01-22T11:30:00-05:00,457.239990234375,457.8699035644531,455.2799987792969,457.30859375,719725.0
2025-01-22T12:30:00-05:00,457.239990234375,462.1499938964844,457.2200012207031,462.0,541276.0
2025-01-22T13:30:00-05:00,462.0799865722656,462.42999267578125,459.9700012207031,460.8999938964844,401808.0
2025-01-22T14:30:00-05:00,460.8800048828125,462.29998779296875,460.79998779296875,461.43499755859375,332404.0
2025-01-22T15:30:00-05:00,461.4765930175781,461.5090026855469,460.1400146484375,460.4100036621094,561953.0
2025-01-23T09:30:00-05:00,461.67999267578125,464.760009765625,461.2200012207031,461.2200012207031,591250.0
2025-01-23T10:30:00-05:00,461.4299011230469,462.45001220703125,460.55999755859375,461.4200134277344,467579.0
2025-01-23T11:30:00-05:00,461.4100036621094,461.4100036621094,459.7286071777344,459.9800109863281,297206.0
2025-01-23T12:30:00-05:00,459.9800109863281,460.0815124511719,459.3999938964844,459.5899963378906,260285.0
2025-01-23T13:30:00-05:00,459.6099853515625,460.0799865722656,459.1199951171875,459.80999755859375,218037.0
2025-01-23T14:30:00-05:00,459.66009521484375,460.1600036621094,459.6300048828125,459.8599853515625,353656.0
2025-01-23T15:30:00-05:00,459.8599853515625,460.55999755859375,458.0,459.989990234375,795323.0
2025-01-24T09:30:00-05:00,459.20001220703125,461.6499938964844,457.0799865722656,461.2193908691406,561921.0
2025-01-24T10:30:00-05:00,461.3599853515625,462.1499938964844,460.764404296875,461.54998779296875,270889.0
2025-01-24T11:30:00-05:00,461.5299987792969,463.159912109375,461.5,462.7300109863281,225204.0
2025-01-24T12:30:00-05:00,462.7900085449219,463.80999755859375,462.1099853515625,462.54998779296875,313720.0
2025-01-24T13:30:00-05:00,462.4599914550781,463.75,462.3902893066406,462.9049987792969,256805.0
2025-01-24T14:30:00-05:00,463.0,463.32000732421875,462.44000244140625,462.6300048828125,260900.0
2025-01-24T15:30:00-05:00,462.6300048828125,463.20001220703125,461.69000244140625,463.1700134277344,429517.0
2025-01-27T09:30:00-05:00,464.29998779296875,470.07501220703125,464.29998779296875,467.1000061035156,1028983.0
2025-01-27T10:30:00-05:00,467.0199890136719,470.1000061035156,466.4126892089844,469.6000061035156,396142.0
2025-01-27T11:30:00-05:00,469.9399108886719,470.5299072265625,468.95220947265625,470.19500732421875,389019.0
2025-01-27T12:30:00-05:00,470.0799865722656,471.18780517578125,469.0003967285156,469.9599914550781,321777.0
2025-01-27T13:30:00-05:00,470.2336120605469,472.2200012207031,469.2514953613281,472.0,321997.0
2025-01-27T14:30:00-05:00,471.95001220703125,473.58990478515625,471.4599914550781,472.9599914550781,454633.0
2025-01-27T15:30:00-05:00,473.0350036621094,474.92999267578125,471.9100036621094,474.7900085449219,587097.0
2025-01-28T09:30:00-05:00,473.92999267578125,473.92999267578125,469.29998779296875,470.42999267578125,696311.0
2025-01-28T10:30:00-05:00,470.3500061035156,473.2900085449219,469.91009521484375,470.8500061035156,330588.0
2025-01-28T11:30:00-05:00,470.8699951171875,471.2200012207031,469.510009765625,470.9800109863281,300978.0
2025-01-28T12:30:00-05:00,471.0,471.9800109863281,470.79998779296875,471.2550048828125,197502.0
2025-01-28T13:30:00-05:00,471.239990234375,471.80999755859375,470.44000244140625,470.5299987792969,178204.0
2025-01-28T14:30:00-05:00,470.5343933105469,471.05999755859375,470.0799865722656,470.4100036621094,255816.0
2025-01-28T15:30:00-05:00,470.3345947265625,471.38079833984375,469.7099914550781,469.9800109863281,458453.0
2025-01-29T09:30:00-05:00,469.8800048828125,471.9100036621094,468.0,471.55999755859375,547526.0
2025-01-29T10:30:00-05:00,471.7200012207031,472.5899963378906,470.6700134277344,471.29998779296875,293318.0
2025-01-29T11:30:00-05:00,471.4757995605469,473.9200134277344,471.32000732421875,472.82000732421875,260255.0
2025-01-29T12:30:00-05:00,472.7900085449219,473.0,471.1600036621094,472.6199951171875,152430.0
2025-01-29T13:30:00-05:00,472.55999755859375,472.55999755859375,469.1499938964844,469.20001220703125,310262.0
2025-01-29T14:30:00-05:00,469.39849853515625,470.9700012207031,468.8800048828125,470.5400085449219,254099.0
2025-01-29T15:30:00-05:00,470.5400085449219,470.69000244140625,469.0199890136719,469.0799865722656,288011.0
2025-01-30T09:30:00-05:00,472.20001220703125,472.6799011230469,469.1499938964844,470.0603942871094,491101.0
2025-01-30T10:30:00-05:00,470.04998779296875,471.6700134277344,469.7799987792969,471.6400146484375,234599.0
2025-01-30T11:30:00-05:00,471.614990234375,473.5986633300781,471.1700134277344,472.1400146484375,228603.0
2025-01-30T12:30:00-05:00,472.1099853515625,473.7044982910156,471.70001220703125,473.7044982910156,162325.0
2025-01-30T13:30:00-05:00,473.81500244140625,474.0643005371094,473.5400085449219,473.7699890136719,200322.0
2025-01-30T14:30:00-05:00,473.82000732421875,473.82000732421875,472.95111083984375,473.1099853515625,179303.0
2025-01-30T15:30:00-05:00,473.10931396484375,473.1400146484375,469.40008544921875,472.44000244140625,371021.0
2025-01-31T09:30:00-05:00,471.8399963378906,472.54998779296875,469.7900085449219,470.6499938964844,448406.0
2025-01-31T10:30:00-05:00,470.9299011230469,471.25579833984375,469.8500061035156,470.68499755859375,225647.0
2025-01-31T11:30:00-05:00,470.7799987792969,471.44989013671875,470.1900939941406,471.07000732421875,184116.0
2025-01-31T12:30:00-05:00,471.0,471.1908874511719,469.1000061035156,469.48388671875,168398.0
2025-01-31T13:30:00-05:00,469.2099914550781,469.71990966796875,467.0101013183594,468.2699890136719,254377.0
2025-01-31T14:30:00-05:00,468.1650085449219,469.4100036621094,467.75360107421875,469.06988525390625,244147.0
2025-01-31T15:30:00-05:00,468.9200134277344,469.2099914550781,468.0,468.3999938964844,384481.0
2025-02-03T09:30:00-05:00,461.29998779296875,463.45001220703125,454.6000061035156,460.0,1291475.0
2025-02-03T10:30:00-05:00,459.9100036621094,464.79998779296875,459.4285888671875,463.8599853515625,484603.0
2025-02-03T11:30:00-05:00,463.75,465.5199890136719,462.8800048828125,463.6600036621094,298023.0
2025-02-03T12:30:00-05:00,463.6099853515625,464.92999267578125,462.57000732421875,464.67999267578125,204083.0
2025-02-03T13:30:00-05:00,464.6499938964844,465.0950012207031,463.82000732421875,464.4200134277344,190404.0
2025-02-03T14:30:00-05:00,464.2225036621094,465.3800048828125,464.2225036621094,464.4986877441406,180879.0
2025-02-03T15:30:00-05:00,464.5199890136719,466.739990234375,464.260009765625,464.82000732421875,414836.0
2025-02-04T09:30:00-05:00,464.94000244140625,466.45989990234375,462.70001220703125,465.4750061035156,533176.0
2025-02-04T10:30:00-05:00,465.3900146484375,467.3240051269531,464.7300109863281,467.1449890136719,221073.0
2025-02-04T11:30:00-05:00,467.2799072265625,467.32000732421875,464.8999938964844,465.0199890136719,217904.0
2025-02-04T12:30:00-05:00,465.0249938964844,465.8500061035156,464.69000244140625,465.2749938964844,135344.0
2025-02-04T13:30:00-05:00,465.1600036621094,466.92999267578125,464.3900146484375,466.79998779296875,202455.0
2025-02-04T14:30:00-05:00,466.70001220703125,467.8598937988281,466.5450134277344,467.1809997558594,273761.0
2025-02-04T15:30:00-05:00,467.1050109863281,467.9100036621094,466.8299865722656,467.43499755859375,378582.0
2025-02-05T09:30:00-05:00,469.80999755859375,472.4700012207031,468.8900146484375,471.8900146484375,672552.0
2025-02-05T10:30:00-05:00,471.8500061035156,472.0899963378906,470.03009033203125,470.864990234375,335921.0
2025-02-05T11:30:00-05:00,470.8699951171875,471.3900146484375,469.66009521484375,470.1004943847656,248808.0
2025-02-05T12:30:00-05:00,470.1498107910156,472.3699035644531,470.1498107910156,472.1099853515625,199861.0
2025-02-05T13:30:00-05:00,472.1099853515625,473.07000732421875,472.010009765625,472.7799987792969,338345.0
2025-02-05T14:30:00-05:00,472.70001220703125,474.1600036621094,472.6000061035156,473.7135925292969,329414.0
2025-02-05T15:30:00-05:00,473.739990234375,474.239990234375,473.2349853515625,473.79998779296875,454539.0
2025-02-06T09:30:00-05:00,475.4599914550781,477.1235046386719,473.2799987792969,475.0,550896.0
2025-02-06T10:30:00-05:00,474.8699951171875,476.84991455078125,474.1449890136719,476.1300048828125,318209.0
2025-02-06T11:30:00-05:00,476.1300048828125,477.989990234375,475.6300048828125,477.8599853515625,219833.0
2025-02-06T12:30:00-05:00,477.7349853515625,478.0,470.1000061035156,476.55999755859375,251547.0
2025-02-06T13:30:00-05:00,476.5,476.6199951171875,475.59368896484375,476.05999755859375,160150.0
2025-02-06T14:30:00-05:00,475.9700012207031,476.599609375,474.6300048828125,476.468994140625,218398.0
2025-02-06T15:30:00-05:00,476.3699951171875,477.2799987792969,475.5299987792969,476.94000244140625,439655.0
2025-02-07T09:30:00-05:00,477.4100036621094,478.25,474.8800048828125,476.3800048828125,533165.0
2025-02-07T10:30:00-05:00,476.30999755859375,476.7900085449219,473.75,475.2300109863281,302283.0
2025-02-07T11:30:00-05:00,475.5899963378906,476.0799865722656,474.54998779296875,475.25,247162.0
2025-02-07T12:30:00-05:00,475.20001220703125,475.70001220703125,474.5799865722656,475.3299865722656,132787.0
2025-02-07T13:30:00-05:00,475.3399963378906,475.7699890136719,473.30999755859375,473.6099853515625,232647.0
2025-02-07T14:30:00-05:00,473.5356140136719,474.3500061035156,472.79998779296875,473.0675964355469,248270.0
2025-02-07T15:30:00-05:00,473.1600036621094,473.6000061035156,472.3399963378906,472.7300109863281,396195.0
2025-02-10T09:30:00-05:00,473.9599914550781,474.20001220703125,470.1199951171875,471.7569885253906,430887.0
2025-02-10T10:30:00-05:00,471.5950012207031,471.9845886230469,470.1600036621094,470.9674072265625,214518.0
2025-02-10T11:30:00-05:00,471.05999755859375,471.7799072265625,470.1400146484375,470.8500061035156,172965.0
2025-02-10T12:30:00-05:00,470.9200134277344,471.989990234375,470.7900085449219,471.38250732421875,109897.0
2025-02-10T13:30:00-05:00,471.2699890136719,471.7174987792969,470.7601013183594,470.8999938964844,133001.0
2025-02-10T14:30:00-05:00,470.8200988769531,471.0299987792969,470.0199890136719,470.1700134277344,193849.0
2025-02-10T15:30:00-05:00,470.17999267578125,470.57000732421875,469.3700866699219,470.2099914550781,393319.0
2025-02-11T09:30:00-05:00,470.04998779296875,470.2300109863281,466.7149963378906,468.010009765625,484023.0
2025-02-11T10:30:00-05:00,468.2699890136719,471.20001220703125,467.989990234375,470.4462890625,222540.0
2025-02-11T11:30:00-05:00,470.56500244140625,472.20001220703125,470.3066101074219,471.7850036621094,187929.0
2025-02-11T12:30:00-05:00,471.7850036621094,471.80999755859375,470.7900085449219,470.9800109863281,161461.0
2025-02-11T13:30:00-05:00,470.9800109863281,471.43499755859375,470.55999755859375,471.1900939941406,146524.0
2025-02-11T14:30:00-05:00,471.2449951171875,472.489990234375,471.2449951171875,472.251708984375,185074.0
2025-02-11T15:30:00-05:00,472.2250061035156,473.04998779296875,471.7900085449219,472.7300109863281,404560.0
2025-02-12T09:30:00-05:00,470.44000244140625,470.864990234375,468.14849853515625,468.489990234375,514802.0
2025-02-12T10:30:00-05:00,468.5,470.73638916015625,468.0899963378906,468.2749938964844,287445.0
2025-02-12T11:30:00-05:00,468.5,471.5199890136719,468.1099853515625,471.31500244140625,198384.0
2025-02-12T12:30:00-05:00,471.1700134277344,471.8299865722656,470.6099853515625,470.8599853515625,135182.0
2025-02-12T13:30:00-05:00,470.91650390625,471.6099853515625,470.70001220703125,471.3919982910156,127131.0
2025-02-12T14:30:00-05:00,471.3900146484375,472.1499938964844,470.8999938964844,470.9049987792969,176838.0
2025-02-12T15:30:00-05:00,471.0118103027344,472.0,470.6099853515625,471.739990234375,261606.0
2025-02-13T09:30:00-05:00,471.54998779296875,474.6000061035156,471.20001220703125,474.32000732421875,447313.0
2025-02-13T10:30:00-05:00,474.3500061035156,475.8900146484375,473.8573913574219,475.79681396484375,290591.0
2025-02-13T11:30:00-05:00,475.8800048828125,476.07000732421875,474.8973083496094,475.9075012207031,208605.0
2025-02-13T12:30:00-05:00,476.0400085449219,476.7699890136719,475.614990234375,476.489013671875,227098.0
2025-02-13T13:30:00-05:00,476.56500244140625,477.89990234375,475.625,477.74700927734375,289318.0
2025-02-13T14:30:00-05:00,477.7900085449219,480.4200134277344,477.7900085449219,480.0899963378906,465564.0
2025-02-13T15:30:00-05:00,480.0,481.19000244140625,479.6600036621094,480.5799865722656,468648.0
2025-02-14T09:30:00-05:00,481.4700012207031,484.54998779296875,481.25,482.7900085449219,558478.0
2025-02-14T10:30:00-05:00,482.8399963378906,483.84991455078125,482.2401123046875,482.77490234375,448983.0
2025-02-14T11:30:00-05:00,482.6400146484375,483.1700134277344,482.114990234375,482.5199890136719,146482.0
2025-02-14T12:30:00-05:00,482.5400085449219,482.8125915527344,481.7099914550781,482.3900146484375,164896.0
2025-02-14T13:30:00-05:00,482.48480224609375,482.9898986816406,481.82000732421875,481.82000732421875,124201.0
2025-02-14T14:30:00-05:00,481.80999755859375,481.8598937988281,479.5299987792969,479.6600036621094,210481.0
2025-02-14T15:30:00-05:00,479.6700134277344,480.3999938964844,479.45001220703125,479.5899963378906,372537.0
2025-02-18T09:30:00-05:00,480.3999938964844,482.7099914550781,477.6300048828125,482.4700012207031,633317.0
2025-02-18T10:30:00-05:00,482.4562072753906,484.05999755859375,481.2200927734375,481.375,263778.0
2025-02-18T11:30:00-05:00,481.4991149902344,482.6600036621094,481.2401123046875,482.0249938964844,192762.0
2025-02-18T12:30:00-05:00,481.989990234375,482.3599853515625,481.5799865722656,482.17498779296875,165363.0
2025-02-18T13:30:00-05:00,482.260009765625,483.1400146484375,481.2124938964844,481.37750244140625,255406.0
2025-02-18T14:30:00-05:00,481.4100036621094,481.54998779296875,480.6400146484375,481.45001220703125,237522.0
2025-02-18T15:30:00-05:00,481.3699951171875,482.8900146484375,480.6499938964844,482.80999755859375,508019.0
2025-02-19T09:30:00-05:00,482.3699951171875,483.70001220703125,480.67999267578125,483.3900146484375,434925.0
2025-02-19T10:30:00-05:00,483.2200012207031,484.1400146484375,482.94000244140625,484.1072998046875,246317.0
2025-02-19T11:30:00-05:00,484.1199951171875,484.7200012207031,482.54998779296875,482.6200866699219,245535.0
2025-02-19T12:30:00-05:00,482.54998779296875,482.7598876953125,481.635986328125,482.31500244140625,166629.0
2025-02-19T13:30:00-05:00,482.4599914550781,483.9100036621094,482.0899963378906,483.5799865722656,128028.0
2025-02-19T14:30:00-05:00,483.5799865722656,484.44989013671875,483.05999755859375,484.44989013671875,173979.0
2025-02-19T15:30:00-05:00,484.44000244140625,484.6000061035156,483.3699951171875,483.8900146484375,294905.0
2025-02-20T09:30:00-05:00,484.125,484.20001220703125,481.1099853515625,481.2699890136719,495760.0
2025-02-20T10:30:00-05:00,481.2900085449219,481.5986022949219,478.2900085449219,479.18499755859375,345469.0
2025-02-20T11:30:00-05:00,479.0400085449219,480.0,478.1400146484375,479.4849853515625,209100.0
2025-02-20T12:30:00-05:00,479.4849853515625,479.95001220703125,478.29998779296875,479.1600036621094,272706.0
2025-02-20T13:30:00-05:00,479.1499938964844,481.1199951171875,479.05999755859375,480.7690124511719,136114.0
2025-02-20T14:30:00-05:00,480.8500061035156,482.46990966796875,480.6700134277344,482.07000732421875,207503.0
2025-02-20T15:30:00-05:00,482.1000061035156,482.4800109863281,481.05999755859375,481.8500061035156,399469.0
2025-02-21T09:30:00-05:00,480.95001220703125,482.20001220703125,479.8900146484375,480.9100036621094,646577.0
2025-02-21T10:30:00-05:00,481.0120849609375,482.3299865722656,480.1199951171875,482.2099914550781,286875.0
2025-02-21T11:30:00-05:00,482.1199951171875,483.6400146484375,481.8800048828125,483.1099853515625,313723.0
2025-02-21T12:30:00-05:00,483.0,483.2799987792969,479.6000061035156,479.7489929199219,291938.0
2025-02-21T13:30:00-05:00,479.3500061035156,481.20001220703125,478.8800048828125,479.69000244140625,307007.0
2025-02-21T14:30:00-05:00,479.739990234375,480.8500061035156,479.1402893066406,480.6549987792969,442829.0
2025-02-21T15:30:00-05:00,480.77899169921875,481.125,477.739990234375,478.82000732421875,679038.0
2025-02-24T09:30:00-05:00,483.5,498.8599853515625,483.239990234375,497.7099914550781,2252031.0
2025-02-24T10:30:00-05:00,497.7099914550781,499.8800048828125,495.6499938964844,496.760009765625,1047525.0
2025-02-24T11:30:00-05:00,496.760009765625,498.72210693359375,496.6000061035156,497.010009765625,1022714.0
2025-02-24T12:30:00-05:00,497.010009765625,501.75,496.6499938964844,501.2650146484375,768357.0
2025-02-24T13:30:00-05:00,501.3034973144531,503.95989990234375,500.0101013183594,502.5,760837.0
2025-02-24T14:30:00-05:00,502.5299987792969,503.94000244140625,501.04998779296875,501.125,586319.0
2025-02-24T15:30:00-05:00,501.125,502.3999938964844,498.0899963378906,498.70001220703125,891687.0
2025-02-25T09:30:00-05:00,503.1499938964844,507.0,499.6199951171875,500.239990234375,1590791.0
2025-02-25T10:30:00-05:00,500.2099914550781,502.4831848144531,491.8999938964844,493.8800048828125,990326.0
2025-02-25T11:30:00-05:00,493.6099853515625,497.6400146484375,492.010009765625,497.6400146484375,442041.0
2025-02-25T12:30:00-05:00,497.6700134277344,499.92999267578125,497.2900085449219,497.7950134277344,377114.0
2025-02-25T13:30:00-05:00,497.79998779296875,501.57000732421875,497.7950134277344,499.7099914550781,472936.0
2025-02-25T14:30:00-05:00,499.7650146484375,502.5,499.7449951171875,501.3900146484375,562820.0
2025-02-25T15:30:00-05:00,501.4200134277344,501.48529052734375,499.0899963378906,499.760009765625,676473.0
2025-02-26T09:30:00-05:00,499.114990234375,499.8999938964844,494.2200012207031,498.6400146484375,921303.0
2025-02-26T10:30:00-05:00,498.6300048828125,499.5,496.6300048828125,496.6400146484375,381198.0
2025-02-26T11:30:00-05:00,496.6300048828125,496.9999084472656,495.0400085449219,496.33428955078125,306368.0
2025-02-26T12:30:00-05:00,496.31500244140625,496.81988525390625,493.2550048828125,493.2550048828125,321977.0
2025-02-26T13:30:00-05:00,493.30718994140625,494.5718078613281,493.04998779296875,494.4049987792969,275767.0
2025-02-26T14:30:00-05:00,494.4049987792969,495.2748107910156,493.5899963378906,494.0299987792969,319072.0
2025-02-26T15:30:00-05:00,493.9800109863281,495.2721862792969,493.44000244140625,494.1400146484375,447590.0
2025-02-27T09:30:00-05:00,496.45001220703125,504.95001220703125,495.6099853515625,504.3559875488281,915153.0
2025-02-27T10:30:00-05:00,504.0299987792969,504.3799133300781,501.1039123535156,502.20001220703125,478420.0
2025-02-27T11:30:00-05:00,502.1099853515625,502.69000244140625,499.0,501.6099853515625,314321.0
2025-02-27T12:30:00-05:00,501.7760009765625,503.9100036621094,500.0,503.7349853515625,350138.0
2025-02-27T13:30:00-05:00,503.6000061035156,504.8999938964844,503.1099853515625,504.5950012207031,466265.0
2025-02-27T14:30:00-05:00,504.82000732421875,504.82000732421875,501.3299865722656,501.92999267578125,512740.0
2025-02-27T15:30:00-05:00,502.21990966796875,503.7099914550781,501.82000732421875,502.4150085449219,706671.0
2025-02-28T09:30:00-05:00,507.4599914550781,511.4847106933594,506.25,508.3476867675781,1361484.0
2025-02-28T10:30:00-05:00,508.2149963378906,509.29998779296875,506.0899963378906,506.1300048828125,525419.0
2025-02-28T11:30:00-05:00,506.1300048828125,508.1199951171875,505.8999938964844,506.20721435546875,333573.0
2025-02-28T12:30:00-05:00,506.239990234375,506.29998779296875,504.33331298828125,505.7200012207031,372311.0
2025-02-28T13:30:00-05:00,505.67498779296875,507.6700134277344,504.8299865722656,507.3699951171875,337997.0
2025-02-28T14:30:00-05:00,507.3800048828125,511.3999938964844,507.0932922363281,511.3399963378906,551564.0
2025-02-28T15:30:00-05:00,511.3399963378906,515.3699951171875,510.6099853515625,513.8400268554688,1022610.0
2025-03-03T09:30:00-05:00,516.219970703125,518.77001953125,514.5999755859375,515.7086791992188,1175715.0
2025-03-03T10:30:00-05:00,515.5250244140625,516.75,510.0,510.9800109863281,601526.0
2025-03-03T11:30:00-05:00,510.9800109863281,512.739990234375,509.57000732421875,511.7749938964844,468103.0
2025-03-03T12:30:00-05:00,511.7950134277344,511.84259033203125,509.5,509.68499755859375,322811.0
2025-03-03T13:30:00-05:00,509.5400085449219,511.19989013671875,508.610107421875,509.0249938964844,449718.0
2025-03-03T14:30:00-05:00,509.1499938964844,510.70001220703125,506.4800109863281,506.6700134277344,648716.0
2025-03-03T15:30:00-05:00,506.7149963378906,510.489990234375,506.5,510.4200134277344,618998.0
2025-03-04T09:30:00-05:00,507.2699890136719,508.7300109863281,495.86151123046875,498.6600036621094,1771003.0
2025-03-04T10:30:00-05:00,498.65130615234375,499.6000061035156,496.0199890136719,497.5400085449219,691463.0
2025-03-04T11:30:00-05:00,497.6600036621094,499.25,496.6600036621094,497.8399963378906,543617.0
2025-03-04T12:30:00-05:00,497.8399963378906,498.8463134765625,495.7099914550781,497.3500061035156,456412.0
2025-03-04T13:30:00-05:00,497.17498779296875,500.7099914550781,496.75,498.69500732421875,455427.0
2025-03-04T14:30:00-05:00,498.69500732421875,502.1050109863281,497.8399963378906,500.5799865722656,421894.0
2025-03-04T15:30:00-05:00,500.82000732421875,500.82000732421875,493.6091003417969,495.7099914550781,791715.0
2025-03-05T09:30:00-05:00,496.0,499.1700134277344,493.4378967285156,494.19000244140625,830329.0
2025-03-05T10:30:00-05:00,494.010009765625,495.7373046875,492.32000732421875,493.0,385619.0
2025-03-05T11:30:00-05:00,492.9100036621094,497.0,492.7300109863281,496.8399963378906,282928.0
2025-03-05T12:30:00-05:00,497.0,497.71990966796875,495.3399963378906,495.8299865722656,311893.0
2025-03-05T13:30:00-05:00,496.0198974609375,500.0899963378906,494.7900085449219,498.7300109863281,362103.0
2025-03-05T14:30:00-05:00,498.697998046875,500.92999267578125,498.4252014160156,500.67498779296875,420894.0
2025-03-05T15:30:00-05:00,500.54998779296875,500.5849914550781,497.0,498.1400146484375,559460.0
2025-03-06T09:30:00-05:00,496.8349914550781,497.2900085449219,491.63140869140625,497.04998779296875,781701.0
2025-03-06T10:30:00-05:00,497.05999755859375,499.1000061035156,496.0,497.7149963378906,435346.0
2025-03-06T11:30:00-05:00,497.6700134277344,498.6700134277344,493.8900146484375,494.3999938964844,490289.0
2025-03-06T12:30:00-05:00,494.2139892578125,496.7099914550781,492.9200134277344,494.9599914550781,292748.0
2025-03-06T13:30:00-05:00,494.94000244140625,495.9515075683594,493.8800048828125,495.17999267578125,239566.0
2025-03-06T14:30:00-05:00,495.07000732421875,498.2598876953125,494.5400085449219,498.1000061035156,409044.0
2025-03-06T15:30:00-05:00,498.0450134277344,498.989990234375,496.989990234375,497.95001220703125,572062.0
2025-03-07T09:30:00-05:00,496.5,498.1400146484375,494.0801086425781,496.1000061035156,658728.0
2025-03-07T10:30:00-05:00,495.92999267578125,496.25,490.2101135253906,490.45001220703125,548198.0
2025-03-07T11:30:00-05:00,490.5,492.4999084472656,490.1099853515625,491.7850036621094,449807.0
2025-03-07T12:30:00-05:00,491.7699890136719,495.7799072265625,491.29998779296875,494.8900146484375,324611.0
2025-03-07T13:30:00-05:00,494.8900146484375,498.2699890136719,494.2279968261719,497.4049987792969,345303.0
2025-03-07T14:30:00-05:00,497.30999755859375,497.6700134277344,495.54998779296875,496.2091979980469,297988.0
2025-03-07T15:30:00-05:00,496.29998779296875,497.1000061035156,493.927001953125,495.489990234375,435600.0
2025-03-10T09:30:00-04:00,490.0,494.7799072265625,490.0,493.6300048828125,822097.0
2025-03-10T10:30:00-04:00,493.70001220703125,500.4490051269531,493.3644104003906,497.260009765625,659593.0
2025-03-10T11:30:00-04:00,497.2699890136719,498.489990234375,495.54998779296875,497.9599914550781,524481.0
2025-03-10T12:30:00-04:00,497.7799987792969,498.82501220703125,496.79998779296875,497.3399963378906,658823.0
2025-03-10T13:30:00-04:00,497.32000732421875,497.7099914550781,495.20001220703125,495.6700134277344,563533.0
2025-03-10T14:30:00-04:00,495.6400146484375,496.1600036621094,492.07501220703125,495.04998779296875,624312.0
2025-03-10T15:30:00-04:00,495.04998779296875,498.19000244140625,495.04998779296875,497.4200134277344,741664.0
2025-03-11T09:30:00-04:00,496.0,497.0,492.2250061035156,493.50250244140625,957338.0
2025-03-11T10:30:00-04:00,494.010009765625,495.67999267578125,491.54998779296875,494.69000244140625,533225.0
2025-03-11T11:30:00-04:00,494.70001220703125,497.07000732421875,492.55999755859375,493.25,450814.0
2025-03-11T12:30:00-04:00,493.3900146484375,494.05999755859375,491.3100891113281,492.70001220703125,376324.0
2025-03-11T13:30:00-04:00,492.6000061035156,496.75,492.5,496.0,389651.0
2025-03-11T14:30:00-04:00,495.8999938964844,499.1499938964844,494.8599853515625,496.2200012207031,557081.0
2025-03-11T15:30:00-04:00,496.3800048828125,497.94000244140625,495.7900085449219,496.05999755859375,777452.0
2025-03-12T09:30:00-04:00,497.6000061035156,498.32330322265625,488.75,493.3999938964844,912254.0
2025-03-12T10:30:00-04:00,493.5,495.9700012207031,492.2077941894531,495.9700012207031,435860.0
2025-03-12T11:30:00-04:00,495.9200134277344,497.8900146484375,495.6650085449219,496.2550048828125,393389.0
2025-03-12T12:30:00-04:00,496.2550048828125,497.8900146484375,494.7699890136719,497.41339111328125,232022.0
2025-03-12T13:30:00-04:00,497.5299987792969,497.8900146484375,494.79998779296875,496.1400146484375,237470.0
2025-03-12T14:30:00-04:00,496.4700012207031,497.9800109863281,495.7550964355469,496.1004943847656,329415.0
2025-03-12T15:30:00-04:00,496.3999938964844,497.139892578125,495.0534973144531,495.7300109863281,375458.0
2025-03-13T09:30:00-04:00,496.4599914550781,507.39801025390625,494.75,504.19000244140625,1167950.0
2025-03-13T10:30:00-04:00,504.19500732421875,506.1700134277344,502.5,502.7991027832031,591273.0
2025-03-13T11:30:00-04:00,502.8599853515625,505.510009765625,502.1000061035156,504.1099853515625,619080.0
2025-03-13T12:30:00-04:00,504.0,505.1099853515625,502.78729248046875,503.81500244140625,401172.0
2025-03-13T13:30:00-04:00,503.6300048828125,504.7300109863281,502.2099914550781,503.8500061035156,479725.0
2025-03-13T14:30:00-04:00,503.8999938964844,504.5199890136719,502.75,503.260009765625,468925.0
2025-03-13T15:30:00-04:00,503.1499938964844,504.739990234375,502.3275146484375,504.54998779296875,681338.0
2025-03-14T09:30:00-04:00,506.95001220703125,510.64990234375,502.9200134277344,508.6650085449219,1029092.0
2025-03-14T10:30:00-04:00,508.92999267578125,514.3200073242188,508.3399963378906,512.5700073242188,825160.0
2025-03-14T11:30:00-04:00,512.7999877929688,515.6699829101562,511.510009765625,512.9099731445312,647947.0
2025-03-14T12:30:00-04:00,512.9013061523438,515.260009765625,512.4099731445312,513.8400268554688,406209.0
2025-03-14T13:30:00-04:00,513.9949951171875,514.2899780273438,512.2473754882812,512.989990234375,355494.0
2025-03-14T14:30:00-04:00,512.989990234375,515.1500244140625,512.989990234375,514.260009765625,539535.0
2025-03-14T15:30:00-04:00,514.1400146484375,515.8400268554688,512.9500732421875,514.489990234375,871448.0
2025-03-17T09:30:00-04:00,514.6199951171875,521.7000122070312,513.2100219726562,519.4149780273438,1102912.0
2025-03-17T10:30:00-04:00,519.1799926757812,520.1500244140625,516.75,518.0,652205.0
2025-03-17T11:30:00-04:00,517.8883056640625,520.3099975585938,516.7999877929688,519.401123046875,502610.0
2025-03-17T12:30:00-04:00,519.4000244140625,520.968505859375,518.8350219726562,520.467529296875,359182.0
2025-03-17T13:30:00-04:00,520.3900146484375,522.3300170898438,520.1099853515625,520.1799926757812,415039.0
2025-03-17T14:30:00-04:00,520.3093872070312,523.969970703125,520.1699829101562,523.8200073242188,469075.0
2025-03-17T15:30:00-04:00,523.8800048828125,524.7100219726562,522.6099853515625,523.030029296875,732305.0
2025-03-18T09:30:00-04:00,525.4500122070312,528.3800048828125,523.1201171875,524.1799926757812,1223536.0
2025-03-18T10:30:00-04:00,524.5,526.8529052734375,522.3099975585938,523.0900268554688,582720.0
2025-03-18T11:30:00-04:00,522.9299926757812,524.6799926757812,521.4199829101562,523.9199829101562,418916.0
2025-03-18T12:30:00-04:00,523.9600219726562,524.0599975585938,521.5100708007812,522.8599853515625,360412.0
2025-03-18T13:30:00-04:00,522.8925170898438,523.9982299804688,522.0800170898438,522.155029296875,400394.0
2025-03-18T14:30:00-04:00,522.280029296875,523.5999755859375,522.1799926757812,523.2550048828125,316060.0
2025-03-18T15:30:00-04:00,523.3800048828125,523.469970703125,521.4500122070312,523.3800048828125,431359.0
2025-03-19T09:30:00-04:00,525.6900024414062,526.0999755859375,520.655029296875,523.9550170898438,760043.0
2025-03-19T10:30:00-04:00,523.7435913085938,524.5150146484375,522.510009765625,522.780029296875,407983.0
2025-03-19T11:30:00-04:00,522.8699951171875,524.6500244140625,522.6599731445312,523.5,347134.0
2025-03-19T12:30:00-04:00,523.5,524.1500244140625,521.739990234375,521.9500122070312,231384.0
2025-03-19T13:30:00-04:00,521.8699951171875,523.8099975585938,521.5,523.139892578125,250439.0
2025-03-19T14:30:00-04:00,522.9500122070312,526.0800170898438,522.8200073242188,525.239990234375,492513.0
2025-03-19T15:30:00-04:00,525.0457763671875,526.7100219726562,525.0,525.530029296875,525941.0
2025-03-20T09:30:00-04:00,524.0,529.093505859375,522.6699829101562,529.0700073242188,659851.0
2025-03-20T10:30:00-04:00,529.010009765625,530.6090698242188,528.5966186523438,529.0,580772.0
2025-03-20T11:30:00-04:00,529.0,530.0,528.25,528.7949829101562,377534.0
2025-03-20T12:30:00-04:00,528.9199829101562,529.219970703125,527.2855834960938,527.5150146484375,342473.0
2025-03-20T13:30:00-04:00,527.6099853515625,529.0900268554688,527.22998046875,527.8499755859375,301104.0
2025-03-20T14:30:00-04:00,527.8400268554688,529.4099731445312,527.2473754882812,528.0700073242188,323308.0
2025-03-20T15:30:00-04:00,528.2050170898438,529.5968017578125,527.969970703125,528.6400146484375,517260.0
2025-03-21T09:30:00-04:00,528.3099975585938,528.9600219726562,523.2100219726562,523.6799926757812,2474250.0
2025-03-21T10:30:00-04:00,523.77001953125,523.969970703125,521.610107421875,522.3447875976562,517878.0
2025-03-21T11:30:00-04:00,522.2999877929688,524.6799926757812,521.73291015625,524.0900268554688,539340.0
2025-03-21T12:30:00-04:00,524.02001953125,525.3400268554688,522.6199951171875,523.7138061523438,319243.0
2025-03-21T13:30:00-04:00,523.7000122070312,524.8200073242188,522.989990234375,522.989990234375,297602.0
2025-03-21T14:30:00-04:00,523.0900268554688,524.3800048828125,522.3699951171875,522.7000122070312,340458.0
2025-03-21T15:30:00-04:00,522.719970703125,523.1699829101562,520.72998046875,521.5700073242188,925901.0
2025-03-24T09:30:00-04:00,523.0999755859375,526.3499755859375,521.47998046875,525.2899780273438,940426.0
2025-03-24T10:30:00-04:00,525.5458984375,526.5599975585938,524.52001953125,525.6807250976562,374220.0
2025-03-24T11:30:00-04:00,525.47509765625,527.2999877929688,524.6400146484375,526.02001953125,329743.0
2025-03-24T12:30:00-04:00,526.093017578125,526.530029296875,522.5,523.5399780273438,458123.0
2025-03-24T13:30:00-04:00,523.5800170898438,524.455078125,522.5599975585938,523.1599731445312,349029.0
2025-03-24T14:30:00-04:00,523.1199951171875,525.280029296875,522.5499877929688,524.8200073242188,391347.0
2025-03-24T15:30:00-04:00,524.9755859375,526.8599853515625,524.35009765625,525.7100219726562,546906.0
2025-03-25T09:30:00-04:00,527.1849975585938,533.2899780273438,525.88037109375,531.469970703125,955612.0
2025-03-25T10:30:00-04:00,531.780029296875,532.3900146484375,527.2899780273438,527.9852905273438,495926.0
2025-03-25T11:30:00-04:00,527.75,528.4500122070312,526.9000244140625,527.2349853515625,256039.0
2025-03-25T12:30:00-04:00,527.3200073242188,528.260009765625,526.9099731445312,528.2000122070312,218124.0
2025-03-25T13:30:00-04:00,528.1900024414062,528.280029296875,526.3800048828125,527.0850219726562,204890.0
2025-03-25T14:30:00-04:00,527.2899780273438,528.0444946289062,526.6099853515625,527.8150024414062,457583.0
2025-03-25T15:30:00-04:00,527.8599853515625,529.5999755859375,526.71337890625,528.9600219726562,456631.0
2025-03-26T09:30:00-04:00,531.0,537.6300048828125,530.97998046875,533.7000122070312,1270180.0
2025-03-26T10:30:00-04:00,533.614990234375,534.280029296875,531.2000122070312,531.25,743212.0
2025-03-26T11:30:00-04:00,531.280029296875,533.173095703125,531.2000122070312,532.780029296875,627322.0
2025-03-26T12:30:00-04:00,532.8699951171875,533.010009765625,531.0,531.2750244140625,321394.0
2025-03-26T13:30:00-04:00,531.2550048828125,533.0499877929688,531.0,532.2098999023438,354092.0
2025-03-26T14:30:00-04:00,531.8984985351562,532.9299926757812,531.1199951171875,532.1649780273438,327743.0
2025-03-26T15:30:00-04:00,532.1649780273438,533.9199829101562,532.0700073242188,532.9500122070312,457199.0
2025-03-27T09:30:00-04:00,533.25,535.3400268554688,529.3536987304688,534.6204223632812,1028232.0
2025-03-27T10:30:00-04:00,534.5399780273438,537.22998046875,534.030029296875,535.9000244140625,712763.0
2025-03-27T11:30:00-04:00,535.8499755859375,537.3800048828125,534.6099853515625,536.5399780273438,699511.0
2025-03-27T12:30:00-04:00,536.6599731445312,537.1199951171875,533.3499755859375,534.6348876953125,447553.0
2025-03-27T13:30:00-04:00,534.6900024414062,535.0,532.8099975585938,534.2584228515625,422855.0
2025-03-27T14:30:00-04:00,533.989990234375,535.4500122070312,533.030029296875,535.3837890625,387190.0
2025-03-27T15:30:00-04:00,535.2999877929688,535.5900268554688,534.0,534.4099731445312,529256.0
2025-03-28T09:30:00-04:00,535.3499755859375,536.0,528.1563720703125,528.2899780273438,978439.0
2025-03-28T10:30:00-04:00,528.2999877929688,529.0499877929688,524.8699951171875,528.010009765625,783905.0
2025-03-28T11:30:00-04:00,527.97998046875,528.7999877929688,526.489990234375,526.5700073242188,328274.0
2025-03-28T12:30:00-04:00,526.614990234375,527.7969970703125,524.7116088867188,524.8820190429688,368896.0
2025-03-28T13:30:00-04:00,524.8200073242188,526.5599975585938,524.75,525.4299926757812,346134.0
2025-03-28T14:30:00-04:00,525.3400268554688,526.489990234375,524.6790771484375,525.6799926757812,400859.0
2025-03-28T15:30:00-04:00,525.6900024414062,527.25,524.7100219726562,526.1699829101562,1053827.0
2025-03-31T09:30:00-04:00,521.4000244140625,527.22998046875,519.0,527.22998046875,1296864.0
2025-03-31T10:30:00-04:00,526.760009765625,529.8400268554688,526.3599853515625,529.219970703125,589571.0
2025-03-31T11:30:00-04:00,529.2949829101562,530.8099975585938,528.36572265625,530.8099975585938,497710.0
2025-03-31T12:30:00-04:00,530.655029296875,531.618896484375,529.259521484375,530.5980224609375,383077.0
2025-03-31T13:30:00-04:00,530.5164794921875,533.4500122070312,529.7745971679688,532.77001953125,370783.0
2025-03-31T14:30:00-04:00,532.9400024414062,534.5999755859375,531.27001953125,533.155029296875,519145.0
2025-03-31T15:30:00-04:00,533.14501953125,536.52001953125,532.0399780273438,533.2899780273438,939100.0
2025-04-01T09:30:00-04:00,531.8800048828125,536.4099731445312,527.5001220703125,529.9099731445312,884204.0
2025-04-01T10:30:00-04:00,529.9450073242188,534.4536743164062,529.8233032226562,533.0599975585938,498881.0
2025-04-01T11:30:00-04:00,533.02001953125,535.3485107421875,532.0800170898438,533.5150146484375,443152.0
2025-04-01T12:30:00-04:00,533.27001953125,533.4000244140625,530.8350219726562,531.1456909179688,304929.0
2025-04-01T13:30:00-04:00,531.010009765625,531.8400268554688,530.4199829101562,530.7999877929688,297784.0
2025-04-01T14:30:00-04:00,530.9000244140625,531.9400024414062,530.1300048828125,531.6500244140625,321035.0
2025-04-01T15:30:00-04:00,531.530029296875,533.4099731445312,531.4000244140625,533.0,442674.0
2025-04-02T09:30:00-04:00,532.1300048828125,534.8599853515625,530.8200073242188,534.7899780273438,675491.0
2025-04-02T10:30:00-04:00,534.80126953125,535.6599731445312,533.81201171875,534.2050170898438,405267.0
2025-04-02T11:30:00-04:00,534.2921752929688,535.2000122070312,532.02001953125,534.2604370117188,387128.0
2025-04-02T12:30:00-04:00,534.0673828125,536.25,533.7000122070312,535.1699829101562,380558.0
2025-04-02T13:30:00-04:00,535.1900024414062,535.3399047851562,533.5206298828125,533.72998046875,254254.0
2025-04-02T14:30:00-04:00,533.5700073242188,535.7155151367188,533.52001953125,535.2000122070312,330754.0
2025-04-02T15:30:00-04:00,535.0599975585938,539.0,534.969970703125,537.5399780273438,694214.0
2025-04-03T09:30:00-04:00,527.6199951171875,535.261474609375,525.1400146484375,531.0,1477258.0
2025-04-03T10:30:00-04:00,530.8400268554688,535.7999267578125,530.655517578125,534.193603515625,753803.0
2025-04-03T11:30:00-04:00,533.780029296875,538.7899780273438,532.7899780273438,538.489990234375,574870.0
2025-04-03T12:30:00-04:00,538.77001953125,538.7999877929688,535.2760009765625,535.6199951171875,556413.0
2025-04-03T13:30:00-04:00,535.4349975585938,537.2899780273438,534.760009765625,534.8599853515625,499118.0
2025-04-03T14:30:00-04:00,534.8900146484375,536.1900024414062,532.2999877929688,533.4550170898438,614310.0
2025-04-03T15:30:00-04:00,533.260009765625,533.3599853515625,529.7000122070312,530.3900146484375,850379.0
2025-04-04T09:30:00-04:00,519.0,521.0,508.7900085449219,509.0899963378906,2810971.0
2025-04-04T10:30:00-04:00,508.8900146484375,513.3560180664062,504.0849914550781,504.75,1755991.0
2025-04-04T11:30:00-04:00,504.91400146484375,505.82501220703125,499.3699951171875,501.1199951171875,1495969.0
2025-04-04T12:30:00-04:00,501.0899963378906,503.389892578125,494.4200134277344,498.5745849609375,1372553.0
2025-04-04T13:30:00-04:00,498.260009765625,502.260009765625,496.1300048828125,496.56500244140625,914807.0
2025-04-04T14:30:00-04:00,496.56500244140625,499.3634948730469,492.9800109863281,497.2825012207031,1167403.0
2025-04-04T15:30:00-04:00,497.2650146484375,500.8900146484375,492.9800109863281,493.6099853515625,1462775.0
2025-04-07T09:30:00-04:00,467.4150085449219,505.8450927734375,462.1000061035156,481.9100036621094,4873812.0
2025-04-07T10:30:00-04:00,482.010009765625,492.260009765625,477.6700134277344,479.1700134277344,1638585.0
2025-04-07T11:30:00-04:00,480.0400085449219,489.427490234375,478.79998779296875,484.07000732421875,864773.0
2025-04-07T12:30:00-04:00,483.4599914550781,489.6549987792969,481.42498779296875,489.5350036621094,761450.0
2025-04-07T13:30:00-04:00,489.1300048828125,495.7099914550781,486.2101135253906,491.3900146484375,890959.0
2025-04-07T14:30:00-04:00,491.239990234375,493.0,486.3299865722656,486.3999938964844,885277.0
2025-04-07T15:30:00-04:00,486.7349853515625,493.0,486.7349853515625,490.54998779296875,1085380.0
2025-04-08T09:30:00-04:00,509.0249938964844,516.0,501.5,514.89990234375,2539955.0
2025-04-08T10:30:00-04:00,514.5349731445312,515.238525390625,504.0,504.7200012207031,1245294.0
2025-04-08T11:30:00-04:00,504.6199951171875,508.8830871582031,504.3999938964844,507.00518798828125,699112.0
2025-04-08T12:30:00-04:00,507.3999938964844,507.989990234375,496.0,496.6600036621094,890218.0
2025-04-08T13:30:00-04:00,496.6600036621094,502.1499938964844,495.40008544921875,496.30999755859375,573043.0
2025-04-08T14:30:00-04:00,496.6000061035156,501.07000732421875,491.54998779296875,493.85931396484375,819152.0
2025-04-08T15:30:00-04:00,493.8800048828125,494.14990234375,484.19000244140625,492.8399963378906,1198001.0
2025-04-09T09:30:00-04:00,490.0,498.1799011230469,486.0,490.53131103515625,1402603.0
2025-04-09T10:30:00-04:00,490.1499938964844,493.4002990722656,485.5596008300781,492.4200134277344,728337.0
2025-04-09T11:30:00-04:00,492.239990234375,494.5,488.3699951171875,493.32000732421875,659577.0
2025-04-09T12:30:00-04:00,493.1300048828125,517.9099731445312,489.0,510.2900085449219,1333230.0
2025-04-09T13:30:00-04:00,510.010009765625,520.5,507.5304870605469,515.8699951171875,1882441.0
2025-04-09T14:30:00-04:00,516.2105102539062,519.530029296875,510.9800109863281,518.2999877929688,1162231.0
2025-04-09T15:30:00-04:00,518.75,523.9299926757812,517.7999877929688,520.77001953125,1243898.0
2025-04-10T09:30:00-04:00,518.2999877929688,521.4099731445312,513.4061279296875,516.1500244140625,1774797.0
2025-04-10T10:30:00-04:00,516.4299926757812,518.5499877929688,511.8399963378906,512.382080078125,682074.0
2025-04-10T11:30:00-04:00,512.0850219726562,512.1699829101562,498.6087951660156,500.17999267578125,817852.0
2025-04-10T12:30:00-04:00,500.6300048828125,512.52001953125,500.2359924316406,508.625,720846.0
2025-04-10T13:30:00-04:00,508.625,518.0225219726562,507.33929443359375,517.0599975585938,762884.0
2025-04-10T14:30:00-04:00,517.3049926757812,519.0449829101562,512.4299926757812,512.8200073242188,783881.0
2025-04-10T15:30:00-04:00,512.3200073242188,516.47998046875,507.4100036621094,515.4600219726562,791338.0
2025-04-11T09:30:00-04:00,516.0,520.3134765625,510.7699890136719,513.4949951171875,1130743.0
2025-04-11T10:30:00-04:00,513.6300048828125,519.5,512.5,513.77001953125,618051.0
2025-04-11T11:30:00-04:00,514.010009765625,520.0700073242188,513.5,518.155029296875,451708.0
2025-04-11T12:30:00-04:00,518.1638793945312,523.510009765625,518.1638793945312,520.9500122070312,639369.0
2025-04-11T13:30:00-04:00,520.9500122070312,526.25,520.2899780273438,523.0,626861.0
2025-04-11T14:30:00-04:00,522.8900146484375,524.9500122070312,521.9600219726562,523.9771118164062,655200.0
2025-04-11T15:30:00-04:00,524.010009765625,526.5800170898438,523.1400146484375,523.6199951171875,1000487.0
2025-04-14T09:30:00-04:00,531.0,536.52001953125,527.780029296875,532.530029296875,1597729.0
2025-04-14T10:30:00-04:00,532.75,535.2000122070312,529.4910278320312,529.4910278320312,627256.0
2025-04-14T11:30:00-04:00,529.75,531.5,526.97998046875,528.1749877929688,523814.0
2025-04-14T12:30:00-04:00,528.1300048828125,530.6699829101562,527.5,529.5700073242188,364881.0
2025-04-14T13:30:00-04:00,529.3499755859375,532.47998046875,528.4500122070312,532.02001953125,381923.0
2025-04-14T14:30:00-04:00,532.010009765625,533.010009765625,531.0599975585938,532.8499755859375,451990.0
2025-04-14T15:30:00-04:00,532.7650146484375,533.0700073242188,529.0399780273438,529.5399780273438,537492.0
2025-04-15T09:30:00-04:00,532.8200073242188,535.9199829101562,530.0999755859375,534.0075073242188,755508.0
2025-04-15T10:30:00-04:00,533.510009765625,535.756103515625,532.9099731445312,533.4500122070312,369175.0
2025-04-15T11:30:00-04:00,533.7100219726562,534.6605224609375,531.37109375,531.85498046875,308220.0
2025-04-15T12:30:00-04:00,531.9299926757812,532.3381958007812,530.010009765625,530.280029296875,330998.0
2025-04-15T13:30:00-04:00,530.3099975585938,531.8400268554688,529.8499755859375,530.8499755859375,351387.0
2025-04-15T14:30:00-04:00,530.89501953125,531.75,529.7000122070312,530.2550048828125,394976.0
2025-04-15T15:30:00-04:00,530.1668701171875,530.5800170898438,527.3599853515625,528.3599853515625,906640.0
2025-04-16T09:30:00-04:00,529.2999877929688,530.1300048828125,522.0999755859375,525.27001953125,1063522.0
2025-04-16T10:30:00-04:00,525.3599853515625,526.0700073242188,523.2899780273438,525.97998046875,384043.0
2025-04-16T11:30:00-04:00,525.9149780273438,525.9299926757812,522.4099731445312,522.97998046875,361531.0
2025-04-16T12:30:00-04:00,523.02001953125,523.0800170898438,520.39501953125,521.0499877929688,680454.0
2025-04-16T13:30:00-04:00,520.9625244140625,520.9625244140625,515.0499877929688,517.1950073242188,740796.0
2025-04-16T14:30:00-04:00,517.0800170898438,517.4000244140625,512.8900146484375,513.8200073242188,668107.0
2025-04-16T15:30:00-04:00,514.030029296875,517.1199951171875,513.47998046875,516.4099731445312,664581.0
2025-04-17T09:30:00-04:00,518.89501953125,521.5599975585938,516.5,516.5700073242188,886104.0
2025-04-17T10:30:00-04:00,516.6649780273438,521.5560302734375,514.5701293945312,520.5250244140625,435496.0
2025-04-17T11:30:00-04:00,520.6519775390625,522.5571899414062,520.0999755859375,522.0,438240.0
2025-04-17T12:30:00-04:00,522.0599975585938,523.1746826171875,520.4412841796875,521.219970703125,329753.0
2025-04-17T13:30:00-04:00,521.3049926757812,523.8800048828125,521.0599975585938,521.77001953125,334062.0
2025-04-17T14:30:00-04:00,521.7100219726562,522.8198852539062,520.3300170898438,521.2692260742188,414674.0
2025-04-17T15:30:00-04:00,521.114990234375,521.8695068359375,517.52001953125,517.7999877929688,554494.0
2025-04-21T09:30:00-04:00,517.530029296875,518.6699829101562,510.54998779296875,510.7449951171875,637664.0
2025-04-21T10:30:00-04:00,510.5799865722656,511.20001220703125,506.54998779296875,506.8999938964844,596303.0
2025-04-21T11:30:00-04:00,506.94000244140625,507.052490234375,503.3500061035156,503.8349914550781,444441.0
2025-04-21T12:30:00-04:00,503.79998779296875,505.4762878417969,500.9732971191406,501.4599914550781,515110.0
2025-04-21T13:30:00-04:00,501.4750061035156,502.2998962402344,498.0799865722656,500.70001220703125,582567.0
2025-04-21T14:30:00-04:00,500.5252990722656,502.3999938964844,500.2799987792969,501.364990234375,496554.0
2025-04-21T15:30:00-04:00,501.364990234375,507.29998779296875,501.2900085449219,506.9200134277344,758258.0
2025-04-22T09:30:00-04:00,514.22998046875,516.1569213867188,511.6499938964844,515.7000122070312,969125.0
2025-04-22T10:30:00-04:00,515.6500244140625,517.3099975585938,514.6900024414062,516.614990234375,460208.0
2025-04-22T11:30:00-04:00,516.614990234375,521.5,516.5,518.9500122070312,461897.0
2025-04-22T12:30:00-04:00,518.9500122070312,519.6408081054688,514.9199829101562,515.125,387712.0
2025-04-22T13:30:00-04:00,515.1199951171875,518.7199096679688,514.25,517.969970703125,358070.0
2025-04-22T14:30:00-04:00,517.9650268554688,520.77001953125,517.7540283203125,519.916015625,380509.0
2025-04-22T15:30:00-04:00,519.8099975585938,522.219970703125,519.4199829101562,520.9000244140625,599313.0
2025-04-23T09:30:00-04:00,527.5,532.2000122070312,525.1099853515625,531.5001220703125,1159460.0
2025-04-23T10:30:00-04:00,531.8049926757812,532.27001953125,525.5900268554688,526.5999755859375,476963.0
2025-04-23T11:30:00-04:00,526.8800048828125,528.1199951171875,523.885009765625,525.5599975585938,349999.0
2025-04-23T12:30:00-04:00,525.8400268554688,528.3626098632812,525.3099975585938,526.9400024414062,295031.0
2025-04-23T13:30:00-04:00,526.9299926757812,528.0,525.4500122070312,525.5399780273438,239870.0
2025-04-23T14:30:00-04:00,525.719970703125,526.5800170898438,524.4600830078125,525.0750122070312,589750.0
2025-04-23T15:30:00-04:00,525.1799926757812,528.0,524.6799926757812,526.6699829101562,492644.0
2025-04-24T09:30:00-04:00,525.7999877929688,529.9099731445312,523.1599731445312,529.72998046875,634534.0
2025-04-24T10:30:00-04:00,529.614990234375,531.22998046875,529.0800170898438,529.3099975585938,401771.0
2025-04-24T11:30:00-04:00,529.4299926757812,530.5700073242188,528.1099853515625,529.8099975585938,268077.0
2025-04-24T12:30:00-04:00,530.2000122070312,531.1224975585938,529.530029296875,529.8599853515625,219805.0
2025-04-24T13:30:00-04:00,530.030029296875,531.3800048828125,528.0700073242188,530.5,279502.0
2025-04-24T14:30:00-04:00,530.5999755859375,532.4400024414062,530.1710815429688,532.007080078125,308726.0
2025-04-24T15:30:00-04:00,531.9971923828125,533.1300048828125,531.3300170898438,531.9299926757812,474605.0
2025-04-25T09:30:00-04:00,531.75,532.4398803710938,526.7899780273438,528.530029296875,577692.0
2025-04-25T10:30:00-04:00,528.5,530.530029296875,527.6585083007812,528.9249877929688,242232.0
2025-04-25T11:30:00-04:00,528.926513671875,529.6898803710938,527.6923217773438,529.5999755859375,203693.0
2025-04-25T12:30:00-04:00,529.5281982421875,530.4500122070312,528.3300170898438,530.368896484375,222089.0
2025-04-25T13:30:00-04:00,530.4413452148438,530.760009765625,527.0601196289062,529.8300170898438,315728.0
2025-04-25T14:30:00-04:00,529.6199951171875,530.6599731445312,529.22998046875,529.530029296875,225228.0
2025-04-25T15:30:00-04:00,529.5449829101562,531.4099731445312,529.0700073242188,530.9099731445312,347848.0
2025-04-28T09:30:00-04:00,533.6300048828125,536.8200073242188,532.8499755859375,535.7249755859375,958363.0
2025-04-28T10:30:00-04:00,535.8900146484375,535.9000244140625,532.25,532.4149780273438,442295.0
2025-04-28T11:30:00-04:00,532.4149780273438,532.4299926757812,527.5,528.5800170898438,456391.0
2025-04-28T12:30:00-04:00,528.8699951171875,529.3499755859375,526.8265991210938,527.4633178710938,307196.0
2025-04-28T13:30:00-04:00,527.25,529.1099853515625,526.5800170898438,528.7100219726562,336553.0
2025-04-28T14:30:00-04:00,528.8099975585938,529.6900024414062,527.7064208984375,529.6900024414062,331678.0
2025-04-28T15:30:00-04:00,529.7100219726562,531.97998046875,528.8900146484375,530.72998046875,443507.0
2025-04-29T09:30:00-04:00,531.0,532.4000244140625,528.2899780273438,528.614990234375,564964.0
2025-04-29T10:30:00-04:00,528.6201782226562,532.3751831054688,528.6201782226562,532.094970703125,272081.0
2025-04-29T11:30:00-04:00,531.8499755859375,533.3099975585938,530.6600952148438,533.2424926757812,247389.0
2025-04-29T12:30:00-04:00,533.1649780273438,533.39990234375,531.0499877929688,532.9099731445312,196155.0
2025-04-29T13:30:00-04:00,533.030029296875,535.3400268554688,532.9099731445312,534.1799926757812,418117.0
2025-04-29T14:30:00-04:00,534.3300170898438,534.4299926757812,533.1199951171875,533.7058715820312,321145.0
2025-04-29T15:30:00-04:00,533.75,535.2999877929688,533.6099853515625,534.3800048828125,511930.0
2025-04-30T09:30:00-04:00,531.510009765625,533.2000122070312,524.003173828125,527.4711303710938,936113.0
2025-04-30T10:30:00-04:00,527.5599975585938,531.4500122070312,527.4849853515625,530.3889770507812,410905.0
2025-04-30T11:30:00-04:00,530.5,532.1199951171875,530.3519897460938,531.0599975585938,253200.0
2025-04-30T12:30:00-04:00,530.8900146484375,532.3900146484375,530.2000122070312,532.2949829101562,238088.0
2025-04-30T13:30:00-04:00,532.3099975585938,534.0,530.0999755859375,530.5700073242188,358431.0
2025-04-30T14:30:00-04:00,530.2645874023438,531.2000122070312,529.3699951171875,530.1199951171875,303484.0
2025-04-30T15:30:00-04:00,530.1704711914062,535.719970703125,529.56298828125,532.97998046875,952964.0
2025-05-01T09:30:00-04:00,531.0,531.4356079101562,528.2999877929688,530.6500244140625,848773.0
2025-05-01T10:30:00-04:00,530.719970703125,531.1099853515625,528.75,530.3300170898438,578944.0
2025-05-01T11:30:00-04:00,530.4249877929688,531.8499755859375,529.0885009765625,529.8099975585938,440658.0
2025-05-01T12:30:00-04:00,529.760009765625,531.0599975585938,528.6400146484375,530.3150024414062,325591.0
2025-05-01T13:30:00-04:00,530.3150024414062,531.4099731445312,528.969970703125,530.3800048828125,377039.0
2025-05-01T14:30:00-04:00,530.4000244140625,532.3900146484375,530.344970703125,532.3900146484375,364663.0
2025-05-01T15:30:00-04:00,532.3499755859375,533.2650146484375,529.5449829101562,530.1400146484375,715911.0
2025-05-02T09:30:00-04:00,536.75,539.7399291992188,535.2581176757812,538.7498779296875,1054045.0
2025-05-02T10:30:00-04:00,538.6400146484375,539.22998046875,537.1699829101562,537.25,515361.0
2025-05-02T11:30:00-04:00,537.4500122070312,539.5,537.1953735351562,538.9000244140625,454377.0
2025-05-02T12:30:00-04:00,538.8900146484375,539.12158203125,537.72998046875,538.010009765625,353368.0
2025-05-02T13:30:00-04:00,538.0499877929688,539.030029296875,537.7100219726562,538.780029296875,348478.0
2025-05-02T14:30:00-04:00,538.8099975585938,541.2000122070312,538.756103515625,540.9119873046875,526171.0
2025-05-02T15:30:00-04:00,540.9199829101562,542.0700073242188,539.4299926757812,539.5599975585938,780946.0
2025-05-05T09:30:00-04:00,520.0800170898438,521.1799926757812,502.80010986328125,509.09991455078125,6877975.0
2025-05-05T10:30:00-04:00,508.9700012207031,516.3900146484375,507.9599914550781,516.3900146484375,2763037.0
2025-05-05T11:30:00-04:00,516.3900146484375,520.260009765625,515.5399780273438,516.97998046875,1619903.0
2025-05-05T12:30:00-04:00,516.8499755859375,518.219970703125,514.6799926757812,517.1099853515625,1061592.0
2025-05-05T13:30:00-04:00,517.135009765625,519.2000122070312,515.9199829101562,516.3900146484375,891435.0
2025-05-05T14:30:00-04:00,516.4849853515625,516.6300048828125,511.3327941894531,511.5199890136719,1046624.0
2025-05-05T15:30:00-04:00,511.3500061035156,513.0499877929688,510.4200134277344,512.75,1255026.0
2025-05-06T09:30:00-04:00,509.57000732421875,514.239990234375,507.989990234375,510.6499938964844,1900032.0
2025-05-06T10:30:00-04:00,510.6499938964844,514.8599853515625,510.6300048828125,513.6099853515625,656078.0
2025-05-06T11:30:00-04:00,513.7349853515625,514.7322998046875,512.1099853515625,512.3109741210938,456047.0
2025-05-06T12:30:00-04:00,512.4149780273438,515.4666137695312,511.54998779296875,514.3300170898438,505928.0
2025-05-06T13:30:00-04:00,514.3599853515625,514.5999755859375,512.2999877929688,514.3699951171875,333950.0
2025-05-06T14:30:00-04:00,514.2329711914062,515.75,513.6699829101562,514.4500122070312,485491.0
2025-05-06T15:30:00-04:00,514.3499755859375,514.9299926757812,512.0,512.219970703125,558267.0
2025-05-07T09:30:00-04:00,515.0150146484375,518.1799926757812,513.0,517.6599731445312,930188.0
2025-05-07T10:30:00-04:00,517.6599731445312,520.25,515.5,516.4099731445312,1032113.0
2025-05-07T11:30:00-04:00,516.219970703125,518.4799194335938,515.7999877929688,516.5,812653.0
2025-05-07T12:30:00-04:00,516.4600219726562,519.7999877929688,516.239990234375,519.25,374014.0
2025-05-07T13:30:00-04:00,519.3499755859375,519.5399780273438,516.1799926757812,518.0,410363.0
2025-05-07T14:30:00-04:00,518.0399780273438,520.02001953125,516.219970703125,516.5025024414062,457612.0
2025-05-07T15:30:00-04:00,516.6099853515625,519.1500244140625,516.0999755859375,518.030029296875,595164.0
2025-05-08T09:30:00-04:00,520.97998046875,521.2590942382812,517.3200073242188,518.22998046875,843817.0
2025-05-08T10:30:00-04:00,518.3800048828125,519.5798950195312,516.8800048828125,518.9400024414062,475199.0
2025-05-08T11:30:00-04:00,519.030029296875,521.0900268554688,518.3200073242188,519.4400024414062,582296.0
2025-05-08T12:30:00-04:00,519.5488891601562,520.0960083007812,517.8201293945312,518.1849975585938,337308.0
2025-05-08T13:30:00-04:00,518.0999755859375,518.3300170898438,515.5,516.1599731445312,441466.0
2025-05-08T14:30:00-04:00,516.3099975585938,516.8298950195312,515.5,516.0850219726562,419313.0
2025-05-08T15:30:00-04:00,516.1199951171875,516.1300048828125,513.0401000976562,513.6199951171875,800578.0
2025-05-09T09:30:00-04:00,514.25,514.719970703125,510.2532958984375,511.8999938964844,892107.0
2025-05-09T10:30:00-04:00,511.97760009765625,513.3699951171875,510.67999267578125,513.0800170898438,459630.0
2025-05-09T11:30:00-04:00,513.1500244140625,515.9099731445312,512.7501220703125,513.5549926757812,390444.0
2025-05-09T12:30:00-04:00,513.5050048828125,514.7100219726562,512.9600219726562,514.4299926757812,254874.0
2025-05-09T13:30:00-04:00,514.2600708007812,515.5,514.25,514.6199951171875,235437.0
2025-05-09T14:30:00-04:00,514.5800170898438,515.0999755859375,513.469970703125,513.5999755859375,477190.0
2025-05-09T15:30:00-04:00,513.5349731445312,514.1099853515625,512.8499755859375,513.8099975585938,331530.0
2025-05-12T09:30:00-04:00,520.2999877929688,520.2999877929688,512.0599975585938,512.2493896484375,1703698.0
2025-05-12T10:30:00-04:00,512.1951904296875,513.8499755859375,511.2699890136719,512.0399780273438,782484.0
2025-05-12T11:30:00-04:00,512.1163940429688,512.375,510.5400085449219,510.7200012207031,518009.0
2025-05-12T12:30:00-04:00,510.67999267578125,512.3800048828125,510.25,511.4700012207031,607393.0
2025-05-12T13:30:00-04:00,511.51409912109375,511.8599853515625,510.5799865722656,511.0199890136719,459365.0
2025-05-12T14:30:00-04:00,511.0199890136719,512.47998046875,510.7300109863281,512.219970703125,724491.0
2025-05-12T15:30:00-04:00,512.25,514.780029296875,511.9700012207031,514.2999877929688,785858.0
2025-05-13T09:30:00-04:00,515.6400146484375,515.75,512.1099853515625,513.5,1044298.0
2025-05-13T10:30:00-04:00,513.655029296875,514.7999877929688,512.6099853515625,514.3699951171875,577401.0
2025-05-13T11:30:00-04:00,514.260009765625,515.0,513.2999877929688,513.4500122070312,423570.0
2025-05-13T12:30:00-04:00,513.510009765625,514.6838989257812,513.2999877929688,514.3499755859375,298419.0
2025-05-13T13:30:00-04:00,514.3499755859375,514.9000244140625,513.75,513.905029296875,394174.0
2025-05-13T14:30:00-04:00,513.905029296875,514.3800048828125,513.4099731445312,513.9450073242188,397221.0
2025-05-13T15:30:00-04:00,513.9450073242188,514.3400268554688,511.79998779296875,511.89691162109375,584061.0
2025-05-14T09:30:00-04:00,511.8500061035156,511.8500061035156,504.1099853515625,506.7195129394531,1606186.0
2025-05-14T10:30:00-04:00,506.8299865722656,508.1700134277344,505.3399963378906,507.3999938964844,612603.0
2025-05-14T11:30:00-04:00,507.3299865722656,508.1000061035156,505.5,505.67498779296875,408090.0
2025-05-14T12:30:00-04:00,505.6697998046875,505.6697998046875,503.43011474609375,503.99700927734375,590873.0
2025-05-14T13:30:00-04:00,503.77301025390625,505.1000061035156,503.3999938964844,504.0931091308594,465309.0
2025-05-14T14:30:00-04:00,504.0849914550781,504.9114074707031,503.1700134277344,503.80999755859375,499278.0
2025-05-14T15:30:00-04:00,503.6700134277344,504.30999755859375,502.79998779296875,503.3299865722656,918192.0
2025-05-15T09:30:00-04:00,502.375,508.82000732421875,501.6199951171875,506.79998779296875,1168257.0
2025-05-15T10:30:00-04:00,506.9599914550781,507.9100036621094,506.5400085449219,507.10009765625,541732.0
2025-05-15T11:30:00-04:00,507.239990234375,508.2300109863281,506.526611328125,506.6700134277344,427868.0
2025-05-15T12:30:00-04:00,506.70001220703125,506.7200012207031,505.75,506.125,273237.0
2025-05-15T13:30:00-04:00,506.125,506.92999267578125,505.6000061035156,506.92999267578125,301501.0
2025-05-15T14:30:00-04:00,506.8959045410156,509.3900146484375,506.8599853515625,509.20001220703125,491744.0
2025-05-15T15:30:00-04:00,509.20001220703125,509.7799987792969,506.2900085449219,507.3299865722656,732803.0
2025-05-16T09:30:00-04:00,509.6300048828125,510.5909118652344,506.79998779296875,510.20001220703125,1065043.0
2025-05-16T10:30:00-04:00,510.0101013183594,513.8300170898438,509.94000244140625,513.5546875,585552.0
2025-05-16T11:30:00-04:00,513.6475219726562,514.1400146484375,511.7300109863281,512.6900024414062,419201.0
2025-05-16T12:30:00-04:00,512.7326049804688,513.6950073242188,512.1400146484375,513.6950073242188,316361.0
2025-05-16T13:30:00-04:00,513.7100219726562,513.780029296875,512.7249755859375,513.3699951171875,322329.0
2025-05-16T14:30:00-04:00,513.3200073242188,513.9500122070312,513.0800170898438,513.5170288085938,397677.0
2025-05-16T15:30:00-04:00,513.447509765625,514.3300170898438,512.969970703125,514.1900024414062,737355.0
2025-05-19T09:30:00-04:00,513.614990234375,513.7899780273438,510.1000061035156,510.82000732421875,719025.0
2025-05-19T10:30:00-04:00,510.7300109863281,511.1499938964844,510.1000061035156,510.6499938964844,344840.0
2025-05-19T11:30:00-04:00,510.7200012207031,512.9299926757812,510.67999267578125,512.6699829101562,371626.0
2025-05-19T12:30:00-04:00,512.6699829101562,513.47998046875,512.52001953125,513.1749877929688,214068.0
2025-05-19T13:30:00-04:00,513.3121948242188,513.510009765625,512.010009765625,512.4290161132812,210013.0
2025-05-19T14:30:00-04:00,512.3599853515625,513.22998046875,512.0900268554688,512.2550048828125,279762.0
2025-05-19T15:30:00-04:00,512.2550048828125,512.739990234375,511.8900146484375,512.260009765625,527925.0
2025-05-20T09:30:00-04:00,511.1099853515625,512.0750122070312,510.0400085449219,511.0150146484375,657334.0
2025-05-20T10:30:00-04:00,511.1000061035156,511.1099853515625,509.3999938964844,509.6700134277344,344011.0
2025-05-20T11:30:00-04:00,509.6499938964844,509.9299011230469,508.0199890136719,508.3236999511719,273398.0
2025-05-20T12:30:00-04:00,508.30999755859375,509.12811279296875,508.04998779296875,508.75,280348.0
2025-05-20T13:30:00-04:00,508.7362976074219,508.7900085449219,507.1400146484375,507.25,334104.0
2025-05-20T14:30:00-04:00,507.260009765625,507.6400146484375,506.5513916015625,507.2543029785156,460817.0
2025-05-20T15:30:00-04:00,507.3599853515625,509.139892578125,507.2300109863281,508.6629943847656,501645.0
2025-05-21T09:30:00-04:00,507.4100036621094,509.9999084472656,506.7156982421875,509.0,640706.0
2025-05-21T10:30:00-04:00,509.0,509.1199951171875,507.1400146484375,507.7974853515625,337764.0
2025-05-21T11:30:00-04:00,507.864990234375,508.2578125,506.8900146484375,507.3299865722656,285226.0
2025-05-21T12:30:00-04:00,507.2799987792969,508.5563049316406,505.69000244140625,505.7850036621094,318190.0
2025-05-21T13:30:00-04:00,505.6499938964844,507.75,505.3999938964844,507.30999755859375,355239.0
2025-05-21T14:30:00-04:00,507.29998779296875,507.9200134277344,506.7107849121094,507.1679992675781,377019.0
2025-05-21T15:30:00-04:00,507.3500061035156,508.1300048828125,506.75,506.760009765625,541105.0
2025-05-22T09:30:00-04:00,505.1000061035156,507.3999938964844,503.6387939453125,503.7449951171875,624779.0
2025-05-22T10:30:00-04:00,503.7449951171875,505.8900146484375,502.6400146484375,504.82830810546875,428096.0
2025-05-22T11:30:00-04:00,504.739990234375,506.82501220703125,504.5,505.2799987792969,251405.0
2025-05-22T12:30:00-04:00,505.30499267578125,506.5588073730469,504.090087890625,506.30499267578125,378875.0
2025-05-22T13:30:00-04:00,506.2300109863281,506.70001220703125,505.7099914550781,506.2749938964844,244643.0
2025-05-22T14:30:00-04:00,506.17999267578125,506.489990234375,504.7699890136719,506.2049865722656,257136.0
2025-05-22T15:30:00-04:00,506.2049865722656,506.4200134277344,503.1099853515625,503.739990234375,451876.0
2025-05-23T09:30:00-04:00,501.0249938964844,502.3320007324219,500.25,501.1199951171875,774386.0
2025-05-23T10:30:00-04:00,501.1449890136719,503.2850036621094,500.9200134277344,503.2300109863281,356467.0
2025-05-23T11:30:00-04:00,503.32000732421875,504.0,502.05999755859375,503.1600036621094,232952.0
2025-05-23T12:30:00-04:00,503.1650085449219,503.82000732421875,502.3699951171875,503.82000732421875,240657.0
2025-05-23T13:30:00-04:00,503.75,505.5,503.4100036621094,504.92498779296875,296459.0
2025-05-23T14:30:00-04:00,504.92498779296875,505.42999267578125,503.5610046386719,503.6700134277344,233795.0
2025-05-23T15:30:00-04:00,503.69000244140625,504.8900146484375,502.79010009765625,503.6700134277344,383128.0
2025-05-27T09:30:00-04:00,506.42498779296875,507.6600036621094,505.010009765625,507.3699951171875,807235.0
2025-05-27T10:30:00-04:00,507.3699951171875,508.25,506.6499938964844,507.7049865722656,393136.0
2025-05-27T11:30:00-04:00,507.79998779296875,508.6600036621094,507.6000061035156,507.989990234375,278525.0
2025-05-27T12:30:00-04:00,508.0199890136719,509.0815124511719,507.7300109863281,508.54998779296875,271202.0
2025-05-27T13:30:00-04:00,508.42999267578125,509.75,508.29998779296875,509.3494873046875,260349.0
2025-05-27T14:30:00-04:00,509.42999267578125,509.67999267578125,508.3999938964844,508.45001220703125,924584.0
2025-05-27T15:30:00-04:00,508.3900146484375,509.1499938964844,507.81500244140625,509.1400146484375,458951.0
2025-05-28T09:30:00-04:00,508.3900146484375,509.1000061035156,506.6000061035156,507.1499938964844,545000.0
2025-05-28T10:30:00-04:00,507.0979919433594,507.3211975097656,504.8699951171875,505.0299987792969,325407.0
2025-05-28T11:30:00-04:00,505.0299987792969,505.2200012207031,504.20001220703125,504.75,249704.0
2025-05-28T12:30:00-04:00,504.739990234375,505.32000732421875,504.3699951171875,504.79998779296875,255125.0
2025-05-28T13:30:00-04:00,504.82501220703125,505.16949462890625,504.32000732421875,504.7200012207031,251627.0
2025-05-28T14:30:00-04:00,504.7200012207031,505.05450439453125,503.3323974609375,504.20001220703125,338510.0
2025-05-28T15:30:00-04:00,504.2049865722656,504.468994140625,502.8299865722656,502.989990234375,501624.0
2025-05-29T09:30:00-04:00,504.0,504.0,501.3299865722656,503.4049987792969,844028.0
2025-05-29T10:30:00-04:00,503.3999938964844,503.6799011230469,501.6600036621094,502.92999267578125,394117.0
2025-05-29T11:30:00-04:00,502.94000244140625,503.04998779296875,501.20001220703125,502.2699890136719,331655.0
2025-05-29T12:30:00-04:00,502.2286071777344,504.3999938964844,502.0400085449219,504.1600036621094,252456.0
2025-05-29T13:30:00-04:00,504.1000061035156,504.8848876953125,503.77740478515625,504.54998779296875,238541.0
2025-05-29T14:30:00-04:00,504.75,505.8699951171875,504.5152893066406,505.32000732421875,323850.0
2025-05-29T15:30:00-04:00,505.32501220703125,506.54998779296875,505.0,506.17999267578125,459576.0
2025-05-30T09:30:00-04:00,505.18499755859375,505.7200012207031,503.6499938964844,503.94000244140625,426685.0
2025-05-30T10:30:00-04:00,503.8550109863281,504.17999267578125,502.42999267578125,503.0,349516.0
2025-05-30T11:30:00-04:00,502.8599853515625,503.0899963378906,500.4100036621094,500.75,429950.0
2025-05-30T12:30:00-04:00,500.7799987792969,501.8800048828125,500.18499755859375,500.3900146484375,444910.0
2025-05-30T13:30:00-04:00,500.4700012207031,503.4100036621094,500.32000732421875,503.2149963378906,414018.0
2025-05-30T14:30:00-04:00,503.29998779296875,505.3500061035156,502.70001220703125,504.989990234375,464824.0
2025-05-30T15:30:00-04:00,504.8699951171875,505.2200012207031,503.0899963378906,503.6700134277344,924283.0
2025-06-02T09:30:00-04:00,501.70001220703125,503.2300109863281,499.4700012207031,501.0,1126282.0
2025-06-02T10:30:00-04:00,500.8987121582031,501.6499938964844,499.5,499.8900146484375,551846.0
2025-06-02T11:30:00-04:00,499.8243103027344,500.8299865722656,499.760009765625,500.08990478515625,431723.0
2025-06-02T12:30:00-04:00,500.0899963378906,500.80999755859375,500.0199890136719,500.29998779296875,287245.0
2025-06-02T13:30:00-04:00,500.3299865722656,501.9599914550781,499.9599914550781,501.5299987792969,366822.0
2025-06-02T14:30:00-04:00,501.6600036621094,503.1065979003906,501.5101013183594,502.85101318359375,322799.0
2025-06-02T15:30:00-04:00,502.8599853515625,503.2099914550781,502.3999938964844,503.0799865722656,422465.0
2025-06-03T09:30:00-04:00,501.0,502.7898864746094,493.510009765625,496.42498779296875,1705244.0
2025-06-03T10:30:00-04:00,496.489990234375,497.5,495.05010986328125,496.5,732000.0
2025-06-03T11:30:00-04:00,496.54998779296875,498.45001220703125,496.4209899902344,497.8399963378906,454429.0
2025-06-03T12:30:00-04:00,497.8299865722656,497.9068908691406,496.1471862792969,497.726806640625,455616.0
2025-06-03T13:30:00-04:00,497.7149963378906,499.3161926269531,497.260009765625,498.70989990234375,554421.0
2025-06-03T14:30:00-04:00,498.67999267578125,498.8799133300781,497.5350036621094,497.9200134277344,465209.0
2025-06-03T15:30:00-04:00,497.9800109863281,498.6099853515625,497.3800048828125,497.9599914550781,607998.0
2025-06-04T09:30:00-04:00,496.94000244140625,496.989990234375,492.489990234375,494.6499938964844,1402776.0
2025-06-04T10:30:00-04:00,494.70001220703125,496.114013671875,493.8800048828125,494.2300109863281,545177.0
2025-06-04T11:30:00-04:00,494.1400146484375,494.4999084472656,492.30010986328125,492.5050048828125,546601.0
2025-06-04T12:30:00-04:00,492.5,493.760009765625,492.3699951171875,492.9049987792969,401951.0
2025-06-04T13:30:00-04:00,492.9049987792969,493.3999938964844,492.0801086425781,492.17999267578125,383864.0
2025-06-04T14:30:00-04:00,492.2300109863281,492.3800048828125,491.2900085449219,492.1861877441406,558934.0
2025-06-04T15:30:00-04:00,492.17999267578125,492.44000244140625,490.8800048828125,490.8800048828125,637566.0
2025-06-05T09:30:00-04:00,490.75,491.0,486.2900085449219,486.760009765625,1420156.0
2025-06-05T10:30:00-04:00,486.8699951171875,487.95001220703125,485.6000061035156,487.95001220703125,889482.0
2025-06-05T11:30:00-04:00,487.989990234375,489.3399963378906,487.9700012207031,488.5849914550781,512302.0
2025-06-05T12:30:00-04:00,488.501708984375,489.20001220703125,487.79998779296875,488.89898681640625,377844.0
2025-06-05T13:30:00-04:00,488.97821044921875,489.83990478515625,487.8999938964844,488.8999938964844,357681.0
2025-06-05T14:30:00-04:00,489.0299987792969,489.9800109863281,487.6499938964844,488.3428039550781,418409.0
2025-06-05T15:30:00-04:00,488.4200134277344,489.55999755859375,487.8399963378906,488.7300109863281,523107.0
2025-06-06T09:30:00-04:00,492.2900085449219,496.0978088378906,491.7200012207031,495.0899963378906,905185.0
2025-06-06T10:30:00-04:00,495.1400146484375,495.82000732421875,493.1099853515625,493.6600036621094,567777.0
2025-06-06T11:30:00-04:00,493.7300109863281,493.8800048828125,492.79998779296875,493.2300109863281,260731.0
2025-06-06T12:30:00-04:00,493.2149963378906,493.45001220703125,491.8500061035156,492.32000732421875,228217.0
2025-06-06T13:30:00-04:00,492.4599914550781,493.8299865722656,492.3999938964844,493.45001220703125,231942.0
2025-06-06T14:30:00-04:00,493.5199890136719,494.2699890136719,493.0199890136719,493.31500244140625,358307.0
2025-06-06T15:30:00-04:00,493.3039855957031,494.3800048828125,492.989990234375,493.70001220703125,541049.0
2025-06-09T09:30:00-04:00,493.70001220703125,494.4800109863281,488.8800048828125,491.0078125,936457.0
2025-06-09T10:30:00-04:00,491.1499938964844,492.5692138671875,489.6600036621094,491.8900146484375,477556.0
2025-06-09T11:30:00-04:00,492.0,493.4833984375,491.5299987792969,493.2349853515625,309383.0
2025-06-09T12:30:00-04:00,493.1300048828125,494.1099853515625,492.510009765625,494.04559326171875,265032.0
2025-06-09T13:30:00-04:00,494.0199890136719,494.1000061035156,493.214599609375,493.7449951171875,244511.0
2025-06-09T14:30:00-04:00,493.739990234375,493.9419860839844,492.9100036621094,493.2218017578125,327659.0
2025-06-09T15:30:00-04:00,493.3450012207031,494.5299987792969,492.8500061035156,492.9100036621094,543043.0
2025-06-10T09:30:00-04:00,492.6549987792969,492.8999938964844,489.5,490.5610046386719,728014.0
2025-06-10T10:30:00-04:00,490.6400146484375,492.87298583984375,490.0299987792969,491.5199890136719,381143.0
2025-06-10T11:30:00-04:00,491.6000061035156,492.7300109863281,490.1449890136719,490.5899963378906,440337.0
2025-06-10T12:30:00-04:00,490.6000061035156,491.989990234375,490.54998779296875,491.0199890136719,286156.0
2025-06-10T13:30:00-04:00,491.510009765625,491.9100036621094,489.6600036621094,489.75,343230.0
2025-06-10T14:30:00-04:00,489.75,491.1400146484375,489.6499938964844,490.44000244140625,317601.0
2025-06-10T15:30:00-04:00,490.4150085449219,491.6700134277344,490.04998779296875,491.5400085449219,384435.0
2025-06-11T09:30:00-04:00,491.04998779296875,491.3240051269531,488.2900085449219,491.2099914550781,841317.0
2025-06-11T10:30:00-04:00,491.1000061035156,491.4800109863281,490.30999755859375,491.3598937988281,392728.0
2025-06-11T11:30:00-04:00,491.260009765625,491.260009765625,489.5,490.264404296875,288653.0
2025-06-11T12:30:00-04:00,490.5,492.25,490.1499938964844,491.989990234375,266984.0
2025-06-11T13:30:00-04:00,491.9549865722656,492.1549987792969,487.3999938964844,488.0950012207031,515008.0
2025-06-11T14:30:00-04:00,488.0849914550781,488.57000732421875,487.2300109863281,487.5022888183594,590488.0
2025-06-11T15:30:00-04:00,487.4949951171875,488.80999755859375,486.6700134277344,488.260009765625,612764.0
2025-06-12T09:30:00-04:00,486.2349853515625,487.25,483.7799987792969,487.25,1062417.0
2025-06-12T10:30:00-04:00,487.0199890136719,488.54998779296875,486.489990234375,487.2650146484375,429108.0
2025-06-12T11:30:00-04:00,487.20001220703125,487.6470031738281,486.3399963378906,487.04998779296875,287220.0
2025-06-12T12:30:00-04:00,486.9800109863281,488.239990234375,486.6300048828125,487.658203125,214400.0
2025-06-12T13:30:00-04:00,487.7900085449219,488.7237854003906,487.7900085449219,488.55999755859375,196062.0
2025-06-12T14:30:00-04:00,488.5799865722656,489.5,488.3299865722656,489.25,258915.0
2025-06-12T15:30:00-04:00,489.25,490.44000244140625,489.0799865722656,490.32000732421875,353490.0
2025-06-13T09:30:00-04:00,486.2699890136719,489.1199951171875,485.8500061035156,488.6300048828125,651232.0
2025-06-13T10:30:00-04:00,488.6549987792969,490.4999084472656,487.2200012207031,490.4393005371094,413107.0
2025-06-13T11:30:00-04:00,490.42498779296875,491.08428955078125,489.20001220703125,489.32000732421875,286184.0
2025-06-13T12:30:00-04:00,489.31500244140625,489.8099060058594,488.0899963378906,488.3669128417969,271269.0
2025-06-13T13:30:00-04:00,488.2900085449219,489.0299987792969,486.8299865722656,487.0,278015.0
2025-06-13T14:30:00-04:00,486.9549865722656,488.0,486.1549987792969,487.57501220703125,403568.0
2025-06-13T15:30:00-04:00,487.5400085449219,487.91839599609375,485.8999938964844,487.3599853515625,819620.0
2025-06-16T09:30:00-04:00,489.7300109863281,491.75,488.5404052734375,490.9549865722656,684615.0
2025-06-16T10:30:00-04:00,490.9649963378906,491.35211181640625,489.94000244140625,490.8500061035156,418255.0
2025-06-16T11:30:00-04:00,490.875,491.8500061035156,490.55999755859375,490.7037048339844,371988.0
2025-06-16T12:30:00-04:00,490.7550048828125,490.9541931152344,489.0600891113281,489.8800048828125,239635.0
2025-06-16T13:30:00-04:00,489.95001220703125,490.206298828125,489.0299987792969,489.8349914550781,313009.0
2025-06-16T14:30:00-04:00,489.8349914550781,490.6300048828125,489.0,489.3450012207031,378787.0
2025-06-16T15:30:00-04:00,489.2900085449219,490.6099853515625,489.0400085449219,490.25,405531.0
2025-06-17T09:30:00-04:00,488.1300048828125,488.9794006347656,487.1499938964844,487.6300048828125,581960.0
2025-06-17T10:30:00-04:00,487.4715881347656,487.6300048828125,485.80621337890625,485.80621337890625,398535.0
2025-06-17T11:30:00-04:00,485.8299865722656,486.3580017089844,485.2309875488281,485.69000244140625,382007.0
2025-06-17T12:30:00-04:00,485.6700134277344,486.08740234375,483.8999938964844,484.0,463022.0
2025-06-17T13:30:00-04:00,483.989990234375,485.6600036621094,483.5199890136719,483.8299865722656,352846.0
2025-06-17T14:30:00-04:00,483.8299865722656,484.7770080566406,483.25,484.3299865722656,390083.0
2025-06-17T15:30:00-04:00,484.32000732421875,484.4700012207031,483.34039306640625,483.5199890136719,574631.0
2025-06-18T09:30:00-04:00,484.1000061035156,485.889892578125,482.75,485.18499755859375,793473.0
2025-06-18T10:30:00-04:00,485.1700134277344,485.47900390625,483.3299865722656,483.989990234375,532944.0
2025-06-18T11:30:00-04:00,484.0,484.1300048828125,482.8599853515625,483.32000732421875,317129.0
2025-06-18T12:30:00-04:00,483.489990234375,485.2099914550781,483.010009765625,485.0090026855469,355656.0
2025-06-18T13:30:00-04:00,485.125,486.3500061035156,484.3949890136719,485.70001220703125,324403.0
2025-06-18T14:30:00-04:00,485.70001220703125,486.70001220703125,484.9100036621094,485.3699951171875,365996.0
2025-06-18T15:30:00-04:00,485.2850036621094,486.45001220703125,484.67999267578125,485.0899963378906,524246.0
2025-06-20T09:30:00-04:00,484.95001220703125,486.67999267578125,483.43011474609375,484.6875,2307637.0
2025-06-20T10:30:00-04:00,484.6549987792969,485.75,483.7401123046875,485.0899963378906,437745.0
2025-06-20T11:30:00-04:00,485.17498779296875,485.6099853515625,483.8901062011719,484.69000244140625,514273.0
2025-06-20T12:30:00-04:00,484.67999267578125,485.7974853515625,484.5,485.4800109863281,220735.0
2025-06-20T13:30:00-04:00,485.239990234375,485.55999755859375,484.4914855957031,485.0,263512.0
2025-06-20T14:30:00-04:00,485.04998779296875,485.5,484.75,484.9700012207031,285539.0
2025-06-20T15:30:00-04:00,484.9549865722656,485.7799987792969,484.45001220703125,484.739990234375,577055.0
2025-06-23T09:30:00-04:00,485.4200134277344,488.5,485.1600036621094,487.1842956542969,852929.0
2025-06-23T10:30:00-04:00,487.05499267578125,487.3699951171875,484.4700012207031,484.4700012207031,348395.0
2025-06-23T11:30:00-04:00,484.30999755859375,484.4200134277344,482.54998779296875,483.010009765625,328595.0
2025-06-23T12:30:00-04:00,482.94000244140625,484.1000061035156,481.7200927734375,483.92999267578125,414144.0
2025-06-23T13:30:00-04:00,484.0199890136719,485.8800048828125,483.93011474609375,485.5,329146.0
2025-06-23T14:30:00-04:00,485.4525146484375,486.2300109863281,484.41009521484375,485.9858093261719,404128.0
2025-06-23T15:30:00-04:00,485.989990234375,487.8900146484375,485.9800109863281,487.6300048828125,454467.0
2025-06-24T09:30:00-04:00,489.42999267578125,492.6094970703125,488.8900146484375,490.625,830761.0
2025-06-24T10:30:00-04:00,490.7441101074219,492.7200012207031,490.614990234375,491.9231872558594,415422.0
2025-06-24T11:30:00-04:00,491.9150085449219,496.1805114746094,491.9150085449219,495.68499755859375,551093.0
2025-06-24T12:30:00-04:00,495.6400146484375,496.8800048828125,495.44000244140625,495.57000732421875,417625.0
2025-06-24T13:30:00-04:00,495.6099853515625,497.0,495.30999755859375,496.3999938964844,365839.0
2025-06-24T14:30:00-04:00,496.5,497.2799987792969,496.3100891113281,496.9949951171875,374054.0
2025-06-24T15:30:00-04:00,497.0400085449219,497.7391052246094,493.3399963378906,493.5400085449219,917898.0
2025-06-25T09:30:00-04:00,494.5,496.0,489.610107421875,489.7301025390625,782424.0
2025-06-25T10:30:00-04:00,489.7301940917969,490.57281494140625,488.010009765625,488.485595703125,439632.0
2025-06-25T11:30:00-04:00,488.3399963378906,488.9700012207031,487.8599853515625,488.2200012207031,391494.0
2025-06-25T12:30:00-04:00,488.23309326171875,488.2868957519531,486.75,487.1099853515625,306249.0
2025-06-25T13:30:00-04:00,487.085693359375,487.5199890136719,486.6700134277344,487.4100036621094,321223.0
2025-06-25T14:30:00-04:00,487.4100036621094,488.20001220703125,486.80999755859375,487.6400146484375,440094.0
2025-06-25T15:30:00-04:00,487.5400085449219,487.5400085449219,486.1400146484375,486.239990234375,821609.0
2025-06-26T09:30:00-04:00,486.5400085449219,487.9764099121094,485.3905944824219,485.6199951171875,711841.0
2025-06-26T10:30:00-04:00,485.6199951171875,487.6000061035156,485.5101013183594,487.5,460795.0
2025-06-26T11:30:00-04:00,487.5,487.867431640625,486.29998779296875,486.67999267578125,286337.0
2025-06-26T12:30:00-04:00,486.73309326171875,486.9100036621094,484.610107421875,485.3599853515625,341402.0
2025-06-26T13:30:00-04:00,485.31500244140625,485.6499938964844,484.82000732421875,485.385009765625,350462.0
2025-06-26T14:30:00-04:00,485.3500061035156,485.67999267578125,484.82000732421875,484.82769775390625,400562.0
2025-06-26T15:30:00-04:00,484.79998779296875,486.1000061035156,484.25,485.30999755859375,685029.0
2025-06-27T09:30:00-04:00,485.7699890136719,487.7099914550781,485.0,487.664794921875,664112.0
2025-06-27T10:30:00-04:00,487.5899963378906,489.139892578125,487.340087890625,488.239990234375,434570.0
2025-06-27T11:30:00-04:00,488.2699890136719,489.67999267578125,487.3699951171875,489.3900146484375,475217.0
2025-06-27T12:30:00-04:00,489.3900146484375,489.6099853515625,486.81060791015625,486.8800048828125,324724.0
2025-06-27T13:30:00-04:00,486.9200134277344,487.44989013671875,485.7099914550781,485.80999755859375,314550.0
2025-06-27T14:30:00-04:00,485.7799987792969,485.9700012207031,484.44000244140625,484.8699951171875,407758.0
2025-06-27T15:30:00-04:00,484.8550109863281,485.989990234375,484.3999938964844,485.44000244140625,749086.0
2025-06-30T09:30:00-04:00,485.8999938964844,487.6499938964844,484.79998779296875,487.2565002441406,840088.0
2025-06-30T10:30:00-04:00,487.239990234375,487.239990234375,484.54998779296875,484.94000244140625,479545.0
2025-06-30T11:30:00-04:00,485.0849914550781,485.8299865722656,484.4800109863281,484.5299987792969,334634.0
2025-06-30T12:30:00-04:00,484.5299987792969,484.95001220703125,483.989990234375,484.8550109863281,411677.0
2025-06-30T13:30:00-04:00,484.80999755859375,484.80999755859375,483.44000244140625,484.67498779296875,487869.0
2025-06-30T14:30:00-04:00,484.67999267578125,485.3900146484375,484.2900085449219,484.8900146484375,695874.0
2025-06-30T15:30:00-04:00,484.8500061035156,486.05999755859375,484.54998779296875,485.239990234375,955591.0
2025-07-01T09:30:00-04:00,485.7799987792969,486.8999938964844,483.79998779296875,485.4200134277344,693703.0
2025-07-01T10:30:00-04:00,485.5249938964844,489.968994140625,485.3699951171875,488.8699951171875,882078.0
2025-07-01T11:30:00-04:00,488.8999938964844,489.260009765625,486.8500061035156,487.8699951171875,473479.0
2025-07-01T12:30:00-04:00,487.9049987792969,487.994384765625,486.0899963378906,487.4549865722656,319983.0
2025-07-01T13:30:00-04:00,487.44000244140625,488.3399963378906,486.7699890136719,487.760986328125,345175.0
2025-07-01T14:30:00-04:00,487.6700134277344,489.70001220703125,487.6600036621094,489.6650085449219,536557.0
2025-07-01T15:30:00-04:00,489.698486328125,491.0899963378906,489.42498779296875,489.7799987792969,779740.0
2025-07-02T09:30:00-04:00,489.42999267578125,489.92999267578125,482.1600036621094,484.114990234375,1230837.0
2025-07-02T10:30:00-04:00,484.17449951171875,484.29998779296875,479.3999938964844,480.3399963378906,1273211.0
2025-07-02T11:30:00-04:00,480.42999267578125,481.2242126464844,478.6199951171875,479.3598937988281,830495.0
2025-07-02T12:30:00-04:00,479.226806640625,481.27978515625,479.226806640625,480.87451171875,581919.0
2025-07-02T13:30:00-04:00,480.885009765625,481.760009765625,479.79998779296875,480.1600036621094,506627.0
2025-07-02T14:30:00-04:00,480.19000244140625,480.7200012207031,479.5,479.6499938964844,497490.0
2025-07-02T15:30:00-04:00,479.6650085449219,480.4599914550781,479.1600036621094,480.3900146484375,850623.0
2025-07-03T09:30:00-04:00,480.8900146484375,486.14990234375,480.3599853515625,485.3450012207031,1212869.0
2025-07-03T10:30:00-04:00,485.3550109863281,486.54901123046875,484.04998779296875,484.7300109863281,671868.0
2025-07-03T11:30:00-04:00,484.9075927734375,485.20001220703125,484.20001220703125,484.55999755859375,474661.0
2025-07-07T09:30:00-04:00,484.4200134277344,486.0799865722656,480.8900146484375,481.8599853515625,906535.0
2025-07-07T10:30:00-04:00,481.7699890136719,481.8598937988281,479.57000732421875,480.04998779296875,505805.0
2025-07-07T11:30:00-04:00,479.9599914550781,480.1300048828125,478.7799987792969,479.0660095214844,432379.0
2025-07-07T12:30:00-04:00,479.05999755859375,479.79998779296875,477.8699951171875,479.20001220703125,384608.0
2025-07-07T13:30:00-04:00,479.3131103515625,479.739990234375,477.4100036621094,477.5299987792969,373336.0
2025-07-07T14:30:00-04:00,477.6300048828125,478.4159851074219,477.1099853515625,477.3999938964844,427658.0
2025-07-07T15:30:00-04:00,477.3699951171875,478.19000244140625,476.79998779296875,478.0,793384.0
2025-07-08T09:30:00-04:00,475.6099853515625,477.45001220703125,473.5799865722656,476.3450012207031,1030731.0
2025-07-08T10:30:00-04:00,476.3905944824219,478.30999755859375,476.32000732421875,478.2699890136719,462915.0
2025-07-08T11:30:00-04:00,478.2349853515625,479.9200134277344,477.6499938964844,478.8299865722656,409179.0
2025-07-08T12:30:00-04:00,478.818115234375,480.0,478.10009765625,479.1400146484375,316791.0
2025-07-08T13:30:00-04:00,479.2349853515625,479.3110046386719,477.4100036621094,477.8900146484375,234146.0
2025-07-08T14:30:00-04:00,477.8500061035156,478.57000732421875,477.3599853515625,478.2650146484375,270894.0
2025-07-08T15:30:00-04:00,478.260009765625,478.260009765625,477.2699890136719,477.5299987792969,446692.0
2025-07-09T09:30:00-04:00,477.0,478.4800109863281,476.3699951171875,477.8999938964844,679117.0
2025-07-09T10:30:00-04:00,477.79278564453125,478.6499938964844,476.9700012207031,477.1199951171875,358868.0
2025-07-09T11:30:00-04:00,477.2149963378906,477.489990234375,475.8299865722656,476.1300048828125,294847.0
2025-07-09T12:30:00-04:00,476.0,477.44000244140625,475.9849853515625,477.3799133300781,249195.0
2025-07-09T13:30:00-04:00,477.3699951171875,478.7499084472656,476.8821105957031,477.46759033203125,271858.0
2025-07-09T14:30:00-04:00,477.510009765625,478.30999755859375,477.30010986328125,478.2366943359375,254985.0
2025-07-09T15:30:00-04:00,478.25,479.4902038574219,478.0950012207031,479.20001220703125,495245.0
2025-07-10T09:30:00-04:00,477.55499267578125,478.3500061035156,475.8800048828125,477.80999755859375,710309.0
2025-07-10T10:30:00-04:00,477.9150085449219,478.5498962402344,477.1000061035156,477.1400146484375,369204.0
2025-07-10T11:30:00-04:00,477.17498779296875,477.4700012207031,476.42999267578125,476.5199890136719,407573.0
2025-07-10T12:30:00-04:00,476.4800109863281,476.7049865722656,475.5201110839844,476.1199951171875,436374.0
2025-07-10T13:30:00-04:00,476.114990234375,476.70001220703125,475.70001220703125,476.510009765625,331808.0
2025-07-10T14:30:00-04:00,476.4700012207031,477.125,475.5,476.8599853515625,402213.0
2025-07-10T15:30:00-04:00,476.8900146484375,478.19500732421875,476.7300109863281,477.9100036621094,928618.0
2025-07-11T09:30:00-04:00,476.25,476.8500061035156,471.4949951171875,471.960693359375,1134820.0
2025-07-11T10:30:00-04:00,472.04998779296875,474.6400146484375,472.04998779296875,473.80999755859375,446932.0
2025-07-11T11:30:00-04:00,473.8999938964844,474.95001220703125,473.6200866699219,474.80999755859375,327341.0
2025-07-11T12:30:00-04:00,474.82000732421875,475.60888671875,474.5014953613281,475.20001220703125,254709.0
2025-07-11T13:30:00-04:00,475.260009765625,475.96990966796875,475.1199951171875,475.8900146484375,305593.0
2025-07-11T14:30:00-04:00,475.8999938964844,476.56988525390625,475.6600036621094,476.3299865722656,312396.0
2025-07-11T15:30:00-04:00,476.2799987792969,476.5,475.1300048828125,475.55999755859375,525124.0
2025-07-14T09:30:00-04:00,474.0400085449219,477.260009765625,473.4599914550781,476.42999267578125,809499.0
2025-07-14T10:30:00-04:00,476.3599853515625,477.00250244140625,475.4100036621094,476.9549865722656,640738.0
2025-07-14T11:30:00-04:00,476.9549865722656,478.1300048828125,476.5600891113281,477.11761474609375,550884.0
2025-07-14T12:30:00-04:00,477.1199951171875,477.3500061035156,476.32000732421875,476.67401123046875,296414.0
2025-07-14T13:30:00-04:00,476.6700134277344,477.69000244140625,476.3999938964844,476.68499755859375,308120.0
2025-07-14T14:30:00-04:00,476.68499755859375,477.76409912109375,476.68499755859375,476.95001220703125,353479.0
2025-07-14T15:30:00-04:00,476.9800109863281,477.6300048828125,476.2200012207031,476.4100036621094,500303.0
2025-07-15T09:30:00-04:00,475.29998779296875,475.7200012207031,471.70001220703125,472.22149658203125,957228.0
2025-07-15T10:30:00-04:00,472.3684997558594,473.1700134277344,471.181884765625,472.5400085449219,550150.0
2025-07-15T11:30:00-04:00,472.6199951171875,472.8299865722656,471.489990234375,471.989990234375,335403.0
2025-07-15T12:30:00-04:00,471.9862060546875,472.1099853515625,471.17999267578125,471.8599853515625,304009.0
2025-07-15T13:30:00-04:00,471.8100891113281,471.9324035644531,470.85009765625,470.93121337890625,319659.0
2025-07-15T14:30:00-04:00,471.04998779296875,471.8900146484375,470.0299987792969,471.6499938964844,465804.0
2025-07-15T15:30:00-04:00,471.6300048828125,471.67999267578125,470.0,470.0299987792969,596092.0
2025-07-16T09:30:00-04:00,471.20001220703125,472.9186096191406,470.25,471.6549987792969,813992.0
2025-07-16T10:30:00-04:00,471.6000061035156,472.5400085449219,469.8399963378906,470.6700134277344,490311.0
2025-07-16T11:30:00-04:00,470.5899963378906,470.885009765625,468.8999938964844,470.2936096191406,394420.0
2025-07-16T12:30:00-04:00,470.2799987792969,471.19500732421875,469.510009765625,471.010009765625,290636.0
2025-07-16T13:30:00-04:00,470.9700012207031,471.17999267578125,470.2699890136719,470.3550109863281,235425.0
2025-07-16T14:30:00-04:00,470.32000732421875,472.7300109863281,470.32000732421875,471.9949951171875,358302.0
2025-07-16T15:30:00-04:00,472.0299987792969,472.04449462890625,470.9525146484375,471.3500061035156,364048.0
2025-07-17T09:30:00-04:00,470.06500244140625,472.4200134277344,469.989990234375,470.4750061035156,670711.0
2025-07-17T10:30:00-04:00,470.5199890136719,470.8599853515625,467.6499938964844,469.3500061035156,690382.0
2025-07-17T11:30:00-04:00,469.3999938964844,470.3949890136719,469.1600036621094,469.1600036621094,389738.0
2025-07-17T12:30:00-04:00,469.1700134277344,470.45001220703125,469.14300537109375,470.2699890136719,264008.0
2025-07-17T13:30:00-04:00,470.2349853515625,472.8500061035156,470.1099853515625,472.7589111328125,377093.0
2025-07-17T14:30:00-04:00,472.7200012207031,473.5799865722656,472.4100036621094,472.73699951171875,373930.0
2025-07-17T15:30:00-04:00,472.8800048828125,474.14990234375,472.45001220703125,473.5400085449219,566798.0
2025-07-18T09:30:00-04:00,474.0,478.6404113769531,473.510009765625,478.4599914550781,1283997.0
2025-07-18T10:30:00-04:00,478.55999755859375,478.57000732421875,475.2200927734375,475.7300109863281,423747.0
2025-07-18T11:30:00-04:00,475.79998779296875,476.29998779296875,474.70001220703125,474.7799987792969,347464.0
2025-07-18T12:30:00-04:00,474.7850036621094,475.19000244140625,473.5,473.5880126953125,347934.0
2025-07-18T13:30:00-04:00,473.70001220703125,474.95001220703125,473.6409912109375,474.364990234375,272797.0
2025-07-18T14:30:00-04:00,474.3299865722656,474.70001220703125,473.92999267578125,474.30999755859375,272682.0
2025-07-18T15:30:00-04:00,474.35101318359375,474.57000732421875,473.79998779296875,473.8299865722656,389978.0
2025-07-21T09:30:00-04:00,473.0350036621094,476.9800109863281,472.0,474.9100036621094,731701.0
2025-07-21T10:30:00-04:00,474.9800109863281,475.739990234375,473.8399963378906,475.6000061035156,374242.0
2025-07-21T11:30:00-04:00,475.6400146484375,477.8599853515625,475.5299987792969,477.75,468077.0
2025-07-21T12:30:00-04:00,477.69000244140625,478.3500061035156,477.1099853515625,477.55999755859375,367358.0
2025-07-21T13:30:00-04:00,477.6549987792969,477.8699951171875,476.8699951171875,477.20001220703125,231111.0
2025-07-21T14:30:00-04:00,477.19989013671875,477.2200012207031,475.1099853515625,475.2099914550781,405198.0
2025-07-21T15:30:00-04:00,475.2799987792969,475.3500061035156,474.17999267578125,474.6549987792969,416806.0
2025-07-22T09:30:00-04:00,475.5,483.1400146484375,475.0,481.510009765625,1116268.0
2025-07-22T10:30:00-04:00,481.510009765625,481.510009765625,479.2018127441406,479.6300048828125,443147.0
2025-07-22T11:30:00-04:00,479.5450134277344,479.6000061035156,477.760009765625,479.0199890136719,375154.0
2025-07-22T12:30:00-04:00,479.0199890136719,479.2099914550781,478.1300048828125,478.72369384765625,248441.0
2025-07-22T13:30:00-04:00,478.8299865722656,479.0,477.739013671875,478.8699951171875,322533.0
2025-07-22T14:30:00-04:00,478.8550109863281,478.9964904785156,477.82000732421875,477.9747009277344,501366.0
2025-07-22T15:30:00-04:00,477.94500732421875,478.92999267578125,477.55999755859375,477.6099853515625,768562.0
2025-07-23T09:30:00-04:00,480.0,483.3299865722656,479.20001220703125,482.7099914550781,888433.0
2025-07-23T10:30:00-04:00,482.6199035644531,483.0,481.0199890136719,482.31939697265625,479603.0
2025-07-23T11:30:00-04:00,482.29998779296875,483.92999267578125,481.5299987792969,483.7749938964844,403442.0
2025-07-23T12:30:00-04:00,483.75,484.2312927246094,483.18011474609375,484.1449890136719,427952.0
2025-07-23T13:30:00-04:00,484.1449890136719,484.45001220703125,483.01141357421875,483.60321044921875,510003.0
2025-07-23T14:30:00-04:00,483.6878967285156,483.83990478515625,482.6300048828125,482.68499755859375,373515.0
2025-07-23T15:30:00-04:00,482.70001220703125,483.17999267578125,482.2799987792969,483.17999267578125,686107.0
2025-07-24T09:30:00-04:00,482.6700134277344,484.67999267578125,480.989990234375,484.20001220703125,759218.0
2025-07-24T10:30:00-04:00,484.20001220703125,485.57501220703125,483.75,485.25,523353.0
2025-07-24T11:30:00-04:00,485.30999755859375,486.1700134277344,484.510009765625,484.80499267578125,367198.0
2025-07-24T12:30:00-04:00,484.7099914550781,485.4299011230469,484.0,484.3799133300781,294141.0
2025-07-24T13:30:00-04:00,484.3900146484375,484.3900146484375,481.8699951171875,482.2099914550781,460613.0
2025-07-24T14:30:00-04:00,482.2099914550781,483.6099853515625,482.0799865722656,482.69000244140625,550681.0
2025-07-24T15:30:00-04:00,482.6600036621094,482.8900146484375,480.8299865722656,481.9200134277344,1043028.0
2025-07-25T09:30:00-04:00,481.6700134277344,483.6700134277344,479.66009521484375,480.8705139160156,715757.0
2025-07-25T10:30:00-04:00,480.864990234375,482.95001220703125,480.760009765625,481.8599853515625,419661.0
2025-07-25T11:30:00-04:00,481.8800048828125,481.9898986816406,480.814697265625,481.4549865722656,281194.0
2025-07-25T12:30:00-04:00,481.4599914550781,483.67999267578125,481.2799987792969,483.2900085449219,449295.0
2025-07-25T13:30:00-04:00,483.2976989746094,484.639892578125,483.2550048828125,483.2900085449219,467172.0
2025-07-25T14:30:00-04:00,483.3500061035156,483.9700012207031,483.05999755859375,483.94940185546875,779467.0
2025-07-25T15:30:00-04:00,483.9800109863281,484.92999267578125,483.7099914550781,484.3599853515625,571866.0
2025-07-28T09:30:00-04:00,484.3500061035156,486.89630126953125,483.0386047363281,486.6455993652344,916387.0
2025-07-28T10:30:00-04:00,486.7799987792969,486.8800048828125,483.5,483.864990234375,400230.0
2025-07-28T11:30:00-04:00,483.997314453125,484.6499938964844,483.2699890136719,484.19000244140625,223831.0
2025-07-28T12:30:00-04:00,484.2200012207031,484.2200012207031,482.4800109863281,482.79998779296875,276358.0
2025-07-28T13:30:00-04:00,482.8299865722656,482.8299865722656,481.20001220703125,481.8399963378906,302313.0
2025-07-28T14:30:00-04:00,481.79998779296875,482.0364074707031,481.25,481.42999267578125,280562.0
2025-07-28T15:30:00-04:00,481.35198974609375,482.1400146484375,481.10009765625,481.5400085449219,476953.0
2025-07-29T09:30:00-04:00,482.57000732421875,485.0000915527344,481.92999267578125,483.92999267578125,642076.0
2025-07-29T10:30:00-04:00,483.75,483.8450012207031,481.05010986328125,483.0799865722656,495394.0
2025-07-29T11:30:00-04:00,483.1199951171875,483.260009765625,481.30999755859375,481.8900146484375,281807.0
2025-07-29T12:30:00-04:00,481.8900146484375,482.0740051269531,479.8900146484375,480.0799865722656,281426.0
2025-07-29T13:30:00-04:00,480.0299987792969,480.1600036621094,478.5,478.89080810546875,323234.0
2025-07-29T14:30:00-04:00,478.927001953125,478.927001953125,477.5,478.1000061035156,451940.0
2025-07-29T15:30:00-04:00,478.1000061035156,478.1799011230469,476.2799987792969,476.5,948931.0
2025-07-30T09:30:00-04:00,475.1300048828125,477.6000061035156,473.8800048828125,477.3363952636719,725331.0
2025-07-30T10:30:00-04:00,477.3999938964844,477.92999267578125,476.0899963378906,476.6199951171875,302080.0
2025-07-30T11:30:00-04:00,476.760009765625,476.82000732421875,476.0,476.5199890136719,208394.0
2025-07-30T12:30:00-04:00,476.44000244140625,477.3599853515625,476.3299865722656,476.80999755859375,257003.0
2025-07-30T13:30:00-04:00,476.809814453125,478.239990234375,476.510009765625,478.239990234375,391322.0
2025-07-30T14:30:00-04:00,478.2149963378906,479.4100036621094,475.20001220703125,475.26190185546875,480200.0
2025-07-30T15:30:00-04:00,475.4100036621094,476.4599914550781,474.44000244140625,476.04998779296875,577966.0
2025-07-31T09:30:00-04:00,472.6099853515625,477.70001220703125,472.30999755859375,475.510009765625,960389.0
2025-07-31T10:30:00-04:00,475.6199951171875,476.4718933105469,474.30999755859375,474.6600036621094,499865.0
2025-07-31T11:30:00-04:00,474.6600036621094,476.510009765625,474.57000732421875,476.4649963378906,335609.0
2025-07-31T12:30:00-04:00,476.5299987792969,477.3900146484375,475.2466125488281,475.3949890136719,381864.0
2025-07-31T13:30:00-04:00,475.4200134277344,476.125,474.79998779296875,476.125,306681.0
2025-07-31T14:30:00-04:00,476.2253112792969,476.9100036621094,473.1700134277344,473.3900146484375,599119.0
2025-07-31T15:30:00-04:00,473.3900146484375,474.17999267578125,472.05999755859375,472.4700012207031,1361501.0
2025-08-01T09:30:00-04:00,473.4700012207031,474.1000061035156,470.6199951171875,471.8399963378906,1202952.0
2025-08-01T10:30:00-04:00,471.8699951171875,474.8800048828125,470.9599914550781,472.8673095703125,653681.0
2025-08-01T11:30:00-04:00,472.8699035644531,475.91650390625,472.760009765625,475.6400146484375,561943.0
2025-08-01T12:30:00-04:00,475.6000061035156,475.9599914550781,473.42999267578125,473.79998779296875,497619.0
2025-08-01T13:30:00-04:00,473.70001220703125,474.2799987792969,472.3999938964844,473.2099914550781,377107.0
2025-08-01T14:30:00-04:00,473.2799987792969,473.6000061035156,472.260009765625,473.2699890136719,420970.0
2025-08-01T15:30:00-04:00,473.25,473.8699951171875,472.14910888671875,472.5899963378906,785155.0
2025-08-04T09:30:00-04:00,468.04998779296875,468.8699951171875,456.79998779296875,459.6050109863281,3320008.0
2025-08-04T10:30:00-04:00,459.59161376953125,462.1499938964844,457.3599853515625,460.20001220703125,1435438.0
2025-08-04T11:30:00-04:00,460.2300109863281,461.4659118652344,457.6400146484375,457.6882019042969,968136.0
2025-08-04T12:30:00-04:00,457.65899658203125,459.6180114746094,457.29998779296875,457.9750061035156,724175.0
2025-08-04T13:30:00-04:00,458.07000732421875,458.5849914550781,455.75,456.1499938964844,1014647.0
2025-08-04T14:30:00-04:00,456.1099853515625,457.4599914550781,455.18499755859375,457.3699951171875,844505.0
2025-08-04T15:30:00-04:00,457.408203125,459.7699890136719,457.2701110839844,459.2699890136719,1174308.0
2025-08-05T09:30:00-04:00,460.6000061035156,464.20001220703125,460.3800048828125,463.4808044433594,1324041.0
2025-08-05T10:30:00-04:00,463.44000244140625,465.44000244140625,462.6900939941406,465.135986328125,668309.0
2025-08-05T11:30:00-04:00,465.0849914550781,465.92999267578125,463.79998779296875,465.7257080078125,549850.0
2025-08-05T12:30:00-04:00,465.7799987792969,467.4200134277344,465.7699890136719,467.3399963378906,614239.0
2025-08-05T13:30:00-04:00,467.3399963378906,467.5762023925781,465.55010986328125,466.0450134277344,455992.0
2025-08-05T14:30:00-04:00,466.0400085449219,466.7889099121094,465.67999267578125,466.1300048828125,599886.0
2025-08-05T15:30:00-04:00,466.1000061035156,466.260009765625,463.8699951171875,464.32000732421875,818235.0
2025-08-06T09:30:00-04:00,465.0,467.8999938964844,463.0,465.3999938964844,879719.0
2025-08-06T10:30:00-04:00,465.2200012207031,467.3664855957031,465.08221435546875,467.1000061035156,471331.0
2025-08-06T11:30:00-04:00,467.1000061035156,467.9859924316406,466.1531066894531,467.6300048828125,400013.0
2025-08-06T12:30:00-04:00,467.6050109863281,468.57501220703125,466.6700134277344,467.70001220703125,419306.0
2025-08-06T13:30:00-04:00,467.75,469.1700134277344,467.6000061035156,468.9700012207031,410282.0
2025-08-06T14:30:00-04:00,468.9859924316406,469.54998779296875,468.20001220703125,468.3399963378906,474279.0
2025-08-06T15:30:00-04:00,468.44000244140625,469.4200134277344,468.3299255371094,468.9100036621094,561831.0
2025-08-07T09:30:00-04:00,469.20001220703125,472.70001220703125,466.0000915527344,466.5191955566406,957096.0
2025-08-07T10:30:00-04:00,466.6400146484375,466.69000244140625,462.3800048828125,463.1068115234375,714080.0
2025-08-07T11:30:00-04:00,463.06500244140625,463.8900146484375,461.6600036621094,462.6000061035156,574207.0
2025-08-07T12:30:00-04:00,462.6000061035156,463.8299865722656,462.2099914550781,462.9700012207031,324015.0
2025-08-07T13:30:00-04:00,463.0849914550781,464.4036865234375,463.0849914550781,464.1099853515625,268392.0
2025-08-07T14:30:00-04:00,464.0799865722656,464.44000244140625,462.04998779296875,462.7449951171875,480851.0
2025-08-07T15:30:00-04:00,462.7449951171875,463.3099060058594,461.3699951171875,462.1600036621094,1226507.0
2025-08-08T09:30:00-04:00,462.94000244140625,465.6499938964844,462.5899963378906,464.57000732421875,624669.0
2025-08-08T10:30:00-04:00,464.55999755859375,465.29998779296875,463.3900146484375,463.3999938964844,355303.0
2025-08-08T11:30:00-04:00,463.4700012207031,464.9176025390625,462.54998779296875,464.5400085449219,420059.0
2025-08-08T12:30:00-04:00,464.5199890136719,465.4150085449219,463.8800048828125,465.1925964355469,254873.0
2025-08-08T13:30:00-04:00,465.135009765625,465.8299865722656,464.5101013183594,465.0,253073.0
2025-08-08T14:30:00-04:00,465.0799865722656,465.42138671875,464.3299865722656,465.19000244140625,239964.0
2025-08-08T15:30:00-04:00,465.17999267578125,465.5400085449219,464.29998779296875,465.3999938964844,366779.0
2025-08-11T09:30:00-04:00,466.4599914550781,468.4939880371094,464.1073913574219,464.3500061035156,661445.0
2025-08-11T10:30:00-04:00,464.4049072265625,465.29998779296875,463.75,464.04998779296875,367816.0
2025-08-11T11:30:00-04:00,464.07000732421875,465.70001220703125,463.5039978027344,465.4234924316406,348010.0
2025-08-11T12:30:00-04:00,465.45001220703125,465.69000244140625,463.7200012207031,463.89068603515625,280503.0
2025-08-11T13:30:00-04:00,463.94500732421875,464.9800109863281,463.8901062011719,464.40008544921875,248312.0
2025-08-11T14:30:00-04:00,464.5899963378906,464.8800048828125,463.75,464.83349609375,277851.0
2025-08-11T15:30:00-04:00,464.80499267578125,465.3599853515625,464.2799987792969,465.1400146484375,552051.0
2025-08-12T09:30:00-04:00,465.5299987792969,470.510009765625,465.05999755859375,469.9479064941406,749359.0
2025-08-12T10:30:00-04:00,470.05499267578125,472.1000061035156,469.03350830078125,472.0400085449219,640827.0
2025-08-12T11:30:00-04:00,472.1000061035156,472.47259521484375,471.0,471.17999267578125,313503.0
2025-08-12T12:30:00-04:00,471.010009765625,471.4599914550781,469.90008544921875,470.9750061035156,252106.0
2025-08-12T13:30:00-04:00,470.8999938964844,471.31988525390625,470.54998779296875,470.57000732421875,212259.0
2025-08-12T14:30:00-04:00,470.6275939941406,471.3900146484375,470.16229248046875,470.9100036621094,281392.0
2025-08-12T15:30:00-04:00,470.8999938964844,471.2099914550781,470.05999755859375,470.4200134277344,498075.0
2025-08-13T09:30:00-04:00,471.70001220703125,479.6000061035156,471.5,476.57000732421875,1147458.0
2025-08-13T10:30:00-04:00,476.7300109863281,478.95001220703125,476.0172119140625,477.68011474609375,582009.0
2025-08-13T11:30:00-04:00,477.7699890136719,478.75,477.1199951171875,477.61529541015625,422460.0
2025-08-13T12:30:00-04:00,477.552490234375,478.6499938964844,477.1029968261719,477.3500061035156,298893.0
2025-08-13T13:30:00-04:00,477.3837890625,477.79998779296875,476.6600036621094,477.19000244140625,298903.0
2025-08-13T14:30:00-04:00,477.20001220703125,478.1499938964844,477.09039306640625,477.302001953125,391853.0
2025-08-13T15:30:00-04:00,477.2001037597656,478.1700134277344,476.8800048828125,477.30999755859375,649770.0
2025-08-14T09:30:00-04:00,478.3450012207031,478.5,474.4200134277344,474.95001220703125,686418.0
2025-08-14T10:30:00-04:00,475.0,477.8434143066406,474.5,475.8299865722656,505824.0
2025-08-14T11:30:00-04:00,475.8949890136719,477.5899963378906,475.7080993652344,477.3175048828125,618498.0
2025-08-14T12:30:00-04:00,477.2799987792969,477.3299865722656,476.260009765625,477.2200012207031,263837.0
2025-08-14T13:30:00-04:00,477.2200012207031,477.44000244140625,476.6011962890625,476.9846496582031,400767.0
2025-08-14T14:30:00-04:00,476.9200134277344,478.92999267578125,476.3345031738281,478.7749938964844,330502.0
2025-08-14T15:30:00-04:00,478.7099914550781,479.20001220703125,478.0,479.1600036621094,525921.0
2025-08-15T09:30:00-04:00,482.3500061035156,482.4700012207031,477.55999755859375,478.739990234375,1385262.0
2025-08-15T10:30:00-04:00,478.54998779296875,478.95001220703125,476.82000732421875,477.5249938964844,487771.0
2025-08-15T11:30:00-04:00,477.45001220703125,478.44000244140625,476.8034973144531,477.4049987792969,684333.0
2025-08-15T12:30:00-04:00,477.54998779296875,477.80999755859375,476.29998779296875,476.6700134277344,329751.0
2025-08-15T13:30:00-04:00,476.70361328125,477.7300109863281,476.2900085449219,477.7300109863281,485745.0
2025-08-15T14:30:00-04:00,477.739990234375,478.010009765625,476.67999267578125,477.3699951171875,382873.0
2025-08-15T15:30:00-04:00,477.3500061035156,477.7900085449219,476.8599853515625,477.4100036621094,595865.0
2025-08-18T09:30:00-04:00,477.9700012207031,479.0,474.75,475.0,671515.0
2025-08-18T10:30:00-04:00,475.010009765625,477.34991455078125,474.6600036621094,477.1400146484375,295165.0
2025-08-18T11:30:00-04:00,477.19500732421875,477.9800109863281,476.94500732421875,477.55999755859375,213905.0
2025-08-18T12:30:00-04:00,477.6099853515625,478.29888916015625,476.87109375,478.1600036621094,217342.0
2025-08-18T13:30:00-04:00,478.2099914550781,478.6300048828125,477.0,477.44500732421875,195875.0
2025-08-18T14:30:00-04:00,477.5,478.3299865722656,477.4200134277344,477.7799987792969,223234.0
2025-08-18T15:30:00-04:00,477.7300109863281,478.82000732421875,477.6614990234375,478.6400146484375,417101.0
2025-08-19T09:30:00-04:00,479.7699890136719,485.3500061035156,479.7699890136719,485.3500061035156,922440.0
2025-08-19T10:30:00-04:00,485.3699951171875,485.89990234375,483.1000061035156,483.4700012207031,485002.0
2025-08-19T11:30:00-04:00,483.4700012207031,483.9974060058594,481.7601013183594,482.6449890136719,399402.0
2025-08-19T12:30:00-04:00,482.7799987792969,484.6000061035156,482.4801025390625,484.3550109863281,291334.0
2025-08-19T13:30:00-04:00,484.3800048828125,484.8598937988281,483.6700134277344,484.19000244140625,322551.0
2025-08-19T14:30:00-04:00,484.2049865722656,485.44000244140625,484.110107421875,485.30999755859375,451141.0
2025-08-19T15:30:00-04:00,485.3349914550781,485.7550048828125,484.1499938964844,485.4700012207031,722542.0
2025-08-20T09:30:00-04:00,487.0,492.2178039550781,485.8290100097656,489.69500732421875,1297168.0
2025-08-20T10:30:00-04:00,489.5899963378906,491.784912109375,489.2200012207031,490.2900085449219,669462.0
2025-08-20T11:30:00-04:00,490.2699890136719,490.4100036621094,488.4200134277344,489.45001220703125,486532.0
2025-08-20T12:30:00-04:00,489.3949890136719,490.239990234375,488.8900146484375,489.510009765625,343050.0
2025-08-20T13:30:00-04:00,489.54998779296875,489.8900146484375,488.5,488.7900085449219,286224.0
2025-08-20T14:30:00-04:00,488.8999938964844,489.6600036621094,488.6099853515625,489.25,388783.0
2025-08-20T15:30:00-04:00,489.31500244140625,490.04998779296875,488.5,488.69000244140625,554241.0
2025-08-21T09:30:00-04:00,487.239990234375,487.239990234375,483.67999267578125,486.260009765625,695420.0
2025-08-21T10:30:00-04:00,486.5,488.20001220703125,486.3500061035156,488.05999755859375,374764.0
2025-08-21T11:30:00-04:00,488.0539855957031,488.25,487.260009765625,487.4400939941406,364654.0
2025-08-21T12:30:00-04:00,487.5400085449219,488.0,486.70001220703125,487.1099853515625,213625.0
2025-08-21T13:30:00-04:00,486.9100036621094,488.55999755859375,486.9100036621094,488.04998779296875,216697.0
2025-08-21T14:30:00-04:00,488.0,489.04901123046875,487.8900146484375,488.1499938964844,313114.0
2025-08-21T15:30:00-04:00,488.1600036621094,488.7300109863281,487.75,488.6700134277344,429887.0
2025-08-22T09:30:00-04:00,491.5,493.1400146484375,489.25,490.3299865722656,896769.0
2025-08-22T10:30:00-04:00,490.3999938964844,490.8399963378906,486.57000732421875,487.54998779296875,733436.0
2025-08-22T11:30:00-04:00,487.5299987792969,490.0299987792969,487.2200012207031,489.510009765625,390460.0
2025-08-22T12:30:00-04:00,489.4700012207031,490.2300109863281,488.91009521484375,488.95001220703125,245547.0
2025-08-22T13:30:00-04:00,489.0050048828125,489.1153869628906,487.3999938964844,487.614990234375,324400.0
2025-08-22T14:30:00-04:00,487.6499938964844,488.4800109863281,487.5,487.59381103515625,364164.0
2025-08-22T15:30:00-04:00,487.6081848144531,489.2300109863281,487.5799865722656,488.8450012207031,507136.0
2025-08-25T09:30:00-04:00,489.010009765625,489.0199890136719,482.70001220703125,483.2099914550781,836423.0
2025-08-25T10:30:00-04:00,483.2149963378906,483.6300048828125,482.1199951171875,482.1499938964844,546205.0
2025-08-25T11:30:00-04:00,482.17999267578125,483.6400146484375,481.8299865722656,483.2799987792969,375383.0
2025-08-25T12:30:00-04:00,483.260009765625,484.6299133300781,483.2099914550781,484.3599853515625,295910.0
2025-08-25T13:30:00-04:00,484.3999938964844,485.0,484.0801086425781,484.82000732421875,255469.0
2025-08-25T14:30:00-04:00,484.723388671875,484.92999267578125,484.2799987792969,484.6050109863281,318536.0
2025-08-25T15:30:00-04:00,484.6400146484375,486.3599853515625,484.6351013183594,486.0,559108.0
2025-08-26T09:30:00-04:00,485.0199890136719,486.889892578125,484.5267028808594,485.8500061035156,512613.0
2025-08-26T10:30:00-04:00,485.9269104003906,487.2699890136719,485.6099853515625,487.2149963378906,311709.0
2025-08-26T11:30:00-04:00,487.3059997558594,487.8370056152344,486.7099914550781,487.6000061035156,226150.0
2025-08-26T12:30:00-04:00,487.5799865722656,488.8399963378906,487.2200927734375,488.8399963378906,261481.0
2025-08-26T13:30:00-04:00,488.8800048828125,489.32000732421875,487.3900146484375,487.45001220703125,283931.0
2025-08-26T14:30:00-04:00,487.45001220703125,489.57000732421875,487.28961181640625,489.3599853515625,499623.0
2025-08-26T15:30:00-04:00,489.42999267578125,492.7900085449219,489.1099853515625,492.0199890136719,1376058.0
2025-08-27T09:30:00-04:00,491.0799865722656,495.45001220703125,490.6000061035156,495.30999755859375,708988.0
2025-08-27T10:30:00-04:00,495.2799987792969,495.3247985839844,493.0838928222656,494.56500244140625,386321.0
2025-08-27T11:30:00-04:00,494.56500244140625,495.44000244140625,493.51220703125,495.2049865722656,416906.0
2025-08-27T12:30:00-04:00,495.20001220703125,496.2598876953125,494.5400085449219,495.9849853515625,351045.0
2025-08-27T13:30:00-04:00,496.04998779296875,496.4100036621094,495.340087890625,496.2749938964844,293936.0
2025-08-27T14:30:00-04:00,496.2749938964844,497.2099914550781,496.0987854003906,496.51409912109375,415152.0
2025-08-27T15:30:00-04:00,496.5050048828125,496.7799987792969,495.6099853515625,495.6499938964844,526066.0
2025-08-28T09:30:00-04:00,498.0299987792969,499.57000732421875,496.07000732421875,498.6449890136719,873282.0
2025-08-28T10:30:00-04:00,498.6449890136719,498.8699951171875,497.57501220703125,497.75,433678.0
2025-08-28T11:30:00-04:00,497.82000732421875,499.3599853515625,497.6499938964844,499.20001220703125,324582.0
2025-08-28T12:30:00-04:00,499.1317138671875,499.9100036621094,498.6199951171875,499.7099914550781,310306.0
2025-08-28T13:30:00-04:00,499.7200012207031,500.04998779296875,499.04998779296875,499.2250061035156,403814.0
2025-08-28T14:30:00-04:00,499.2250061035156,499.5,498.6412048339844,499.1499938964844,315104.0
2025-08-28T15:30:00-04:00,499.1499938964844,500.1400146484375,498.5899963378906,499.9100036621094,682139.0
2025-08-29T09:30:00-04:00,501.3900146484375,504.2099914550781,500.95001220703125,503.8299865722656,982321.0
2025-08-29T10:30:00-04:00,503.8135070800781,506.32000732421875,503.8135070800781,505.3299865722656,691589.0
2025-08-29T11:30:00-04:00,505.3800048828125,506.7200012207031,505.1090087890625,505.6763000488281,424294.0
2025-08-29T12:30:00-04:00,505.6589050292969,506.20001220703125,504.7926940917969,505.4100036621094,325548.0
2025-08-29T13:30:00-04:00,505.4100036621094,505.4100036621094,504.0953063964844,504.214111328125,229541.0
2025-08-29T14:30:00-04:00,504.29998779296875,504.5950012207031,502.7699890136719,503.05499267578125,313480.0
2025-08-29T15:30:00-04:00,503.1000061035156,503.29998779296875,501.44000244140625,503.0299987792969,718259.0
2025-09-02T09:30:00-04:00,504.239990234375,505.8999938964844,497.6199951171875,502.02789306640625,1086499.0
2025-09-02T10:30:00-04:00,502.0799865722656,502.7820129394531,500.20001220703125,500.80499267578125,381993.0
2025-09-02T11:30:00-04:00,500.79998779296875,500.9049987792969,499.40008544921875,499.57000732421875,413252.0
2025-09-02T12:30:00-04:00,499.54998779296875,500.1600036621094,499.1050109863281,499.77899169921875,242155.0
2025-09-02T13:30:00-04:00,499.7799987792969,500.5,499.25,499.30999755859375,246925.0
2025-09-02T14:30:00-04:00,499.3999938964844,499.5199890136719,498.2301025390625,499.35430908203125,369405.0
2025-09-02T15:30:00-04:00,499.3999938964844,501.0799865722656,499.1499938964844,500.95001220703125,799300.0
2025-09-03T09:30:00-04:00,499.54998779296875,501.510009765625,496.5899963378906,497.62298583984375,710266.0
2025-09-03T10:30:00-04:00,497.69000244140625,500.2300109863281,497.45001220703125,499.11773681640625,400880.0
2025-09-03T11:30:00-04:00,499.1000061035156,499.510009765625,498.43011474609375,498.864990234375,191281.0
2025-09-03T12:30:00-04:00,498.92999267578125,500.3987121582031,498.79998779296875,500.3450012207031,167928.0
2025-09-03T13:30:00-04:00,500.39990234375,501.1889953613281,500.010009765625,500.82501220703125,226357.0
2025-09-03T14:30:00-04:00,500.6549987792969,501.1899108886719,499.8301086425781,500.3800048828125,191988.0
2025-09-03T15:30:00-04:00,500.3949890136719,502.1099853515625,500.3500061035156,501.42999267578125,493357.0
2025-09-04T09:30:00-04:00,502.8999938964844,504.9800109863281,501.260009765625,503.6300048828125,647697.0
2025-09-04T10:30:00-04:00,503.54998779296875,506.2200012207031,502.20001220703125,505.3800048828125,391665.0
2025-09-04T11:30:00-04:00,505.2200012207031,506.0,505.0,505.52301025390625,249730.0
2025-09-04T12:30:00-04:00,505.6000061035156,506.69989013671875,504.7699890136719,506.2300109863281,262035.0
2025-09-04T13:30:00-04:00,506.1499938964844,506.7099914550781,505.56463623046875,506.5400085449219,212909.0
2025-09-04T14:30:00-04:00,506.5400085449219,507.3800048828125,506.2705078125,507.0747985839844,274377.0
2025-09-04T15:30:00-04:00,507.07000732421875,507.1600036621094,506.3699951171875,506.7300109863281,439523.0
2025-09-05T09:30:00-04:00,506.0,507.6610107421875,502.0000915527344,502.2749938964844,658257.0
2025-09-05T10:30:00-04:00,502.2749938964844,502.30810546875,497.75,499.04998779296875,552759.0
2025-09-05T11:30:00-04:00,499.1300048828125,499.54998779296875,498.30999755859375,498.6499938964844,360902.0
2025-09-05T12:30:00-04:00,498.577392578125,499.7099914550781,498.45001220703125,498.95001220703125,214325.0
2025-09-05T13:30:00-04:00,499.05999755859375,499.1400146484375,498.0000915527344,499.010009765625,240007.0
2025-09-05T14:30:00-04:00,498.95001220703125,500.79998779296875,498.93499755859375,500.4599914550781,333831.0
2025-09-05T15:30:00-04:00,500.44500732421875,500.6000061035156,499.5199890136719,499.82000732421875,426366.0
2025-09-08T09:30:00-04:00,499.0,499.6499938964844,494.8599853515625,496.4700012207031,891202.0
2025-09-08T10:30:00-04:00,496.57000732421875,498.07501220703125,496.4700012207031,497.8399963378906,474536.0
2025-09-08T11:30:00-04:00,497.8450012207031,497.95001220703125,496.4100036621094,496.7200012207031,311936.0
2025-09-08T12:30:00-04:00,496.6400146484375,497.42999267578125,496.239990234375,496.67999267578125,263748.0
2025-09-08T13:30:00-04:00,496.7585144042969,496.7699890136719,494.3023986816406,494.8999938964844,394954.0
2025-09-08T14:30:00-04:00,494.92999267578125,495.364990234375,493.8299865722656,493.95001220703125,517626.0
2025-09-08T15:30:00-04:00,494.0,495.1199951171875,493.4599914550781,493.82000732421875,1185385.0
2025-09-09T09:30:00-04:00,492.010009765625,496.8500061035156,492.010009765625,494.7200012207031,677369.0
2025-09-09T10:30:00-04:00,494.6388854980469,495.1400146484375,493.0799865722656,494.94500732421875,457186.0
2025-09-09T11:30:00-04:00,494.9200134277344,495.177490234375,491.7200927734375,492.25,405110.0
2025-09-09T12:30:00-04:00,492.29998779296875,493.04998779296875,491.82000732421875,492.9200134277344,276402.0
2025-09-09T13:30:00-04:00,492.9800109863281,493.69439697265625,492.8599853515625,493.5610046386719,186848.0
2025-09-09T14:30:00-04:00,493.56500244140625,493.6300048828125,492.6700134277344,493.0299987792969,238329.0
2025-09-09T15:30:00-04:00,493.0299987792969,493.5849914550781,492.6499938964844,492.79998779296875,466901.0
2025-09-10T09:30:00-04:00,490.0,490.9800109863281,486.5799865722656,487.4100036621094,1112732.0
2025-09-10T10:30:00-04:00,487.3999938964844,489.0,486.2701110839844,487.93499755859375,567537.0
2025-09-10T11:30:00-04:00,488.0,489.7850036621094,487.9599914550781,488.2149963378906,386958.0
2025-09-10T12:30:00-04:00,488.1317138671875,489.19000244140625,487.57879638671875,489.0899963378906,247946.0
2025-09-10T13:30:00-04:00,489.0899963378906,490.67340087890625,488.952392578125,490.07000732421875,310238.0
2025-09-10T14:30:00-04:00,489.989990234375,490.2200012207031,488.20001220703125,489.3599853515625,632975.0
2025-09-10T15:30:00-04:00,489.1700134277344,491.70001220703125,488.0400085449219,490.0299987792969,1150665.0
2025-09-11T09:30:00-04:00,489.3299865722656,495.2200012207031,489.0299987792969,495.05999755859375,680766.0
2025-09-11T10:30:00-04:00,495.05999755859375,495.5,493.8699951171875,495.2799987792969,394191.0
2025-09-11T11:30:00-04:00,495.3999938964844,496.0899963378906,494.8700866699219,495.3500061035156,318441.0
2025-09-11T12:30:00-04:00,495.2349853515625,496.239990234375,495.0899963378906,495.3949890136719,299260.0
2025-09-11T13:30:00-04:00,495.510009765625,496.67999267578125,495.3700866699219,496.0799865722656,307516.0
2025-09-11T14:30:00-04:00,496.1000061035156,496.510009765625,495.5201110839844,496.1300048828125,299639.0
2025-09-11T15:30:00-04:00,496.125,497.239990234375,496.0,496.82000732421875,656666.0
2025-09-12T09:30:00-04:00,495.7449951171875,497.6256103515625,493.6268005371094,494.9800109863281,594734.0
2025-09-12T10:30:00-04:00,494.9849853515625,495.4898986816406,494.05999755859375,494.6600036621094,285544.0
2025-09-12T11:30:00-04:00,494.7300109863281,495.159912109375,493.95001220703125,494.0799865722656,212667.0
2025-09-12T12:30:00-04:00,494.1199951171875,495.2699890136719,494.1000061035156,494.8800048828125,183896.0
2025-09-12T13:30:00-04:00,494.92950439453125,495.65521240234375,494.7699890136719,495.4100036621094,213605.0
2025-09-12T14:30:00-04:00,495.5,495.6099853515625,493.75,494.6000061035156,248580.0
2025-09-12T15:30:00-04:00,494.6700134277344,494.7799987792969,493.3399963378906,493.7300109863281,436351.0
2025-09-15T09:30:00-04:00,493.6000061035156,495.2699890136719,490.54998779296875,492.0950012207031,690829.0
2025-09-15T10:30:00-04:00,491.8599853515625,492.9599914550781,490.0299987792969,490.0799865722656,465534.0
2025-09-15T11:30:00-04:00,490.22149658203125,490.9198913574219,489.5,490.6099853515625,403708.0
2025-09-15T12:30:00-04:00,490.6600036621094,490.8299865722656,489.7799987792969,490.125,222413.0
2025-09-15T13:30:00-04:00,490.05010986328125,491.7699890136719,490.0,490.6199951171875,300889.0
2025-09-15T14:30:00-04:00,490.5299987792969,491.3840026855469,490.17999267578125,491.1499938964844,280351.0
2025-09-15T15:30:00-04:00,491.2012023925781,491.7200012207031,490.5400085449219,491.6199951171875,557947.0
2025-09-16T09:30:00-04:00,491.2699890136719,491.7698974609375,488.1400146484375,488.69500732421875,756864.0
2025-09-16T10:30:00-04:00,488.7049865722656,489.260009765625,487.3500061035156,487.75,399990.0
2025-09-16T11:30:00-04:00,487.6600036621094,488.6600036621094,487.20001220703125,488.0400085449219,284141.0
2025-09-16T12:30:00-04:00,487.8135070800781,489.8299865722656,487.70001220703125,489.635009765625,288601.0
2025-09-16T13:30:00-04:00,489.635009765625,490.6000061035156,489.3900146484375,490.29998779296875,304818.0
2025-09-16T14:30:00-04:00,490.2650146484375,491.9200134277344,490.21728515625,490.95001220703125,424774.0
2025-09-16T15:30:00-04:00,490.9800109863281,491.6199951171875,490.32000732421875,490.94000244140625,499650.0
2025-09-17T09:30:00-04:00,490.93499755859375,494.2898864746094,490.30010986328125,493.739990234375,620313.0
2025-09-17T10:30:00-04:00,493.8299865722656,494.54998779296875,492.885009765625,493.3299865722656,339178.0
2025-09-17T11:30:00-04:00,493.3963623046875,495.9100036621094,493.3901062011719,494.2449951171875,356319.0
2025-09-17T12:30:00-04:00,494.2842102050781,494.9798889160156,493.75,493.8299865722656,275841.0
2025-09-17T13:30:00-04:00,493.8450012207031,495.989990234375,493.010009765625,495.4375915527344,393367.0
2025-09-17T14:30:00-04:00,495.4700012207031,495.8699951171875,491.9700012207031,492.5199890136719,493406.0
2025-09-17T15:30:00-04:00,492.4200134277344,493.8399963378906,491.2799987792969,492.489990234375,871020.0
2025-09-18T09:30:00-04:00,489.6400146484375,494.8800048828125,488.0,494.2699890136719,736114.0
2025-09-18T10:30:00-04:00,494.2699890136719,494.3299865722656,491.2900085449219,491.7250061035156,329539.0
2025-09-18T11:30:00-04:00,491.7300109863281,492.409912109375,491.0799865722656,491.739990234375,263929.0
2025-09-18T12:30:00-04:00,491.7449951171875,492.25,490.0,490.230712890625,271073.0
2025-09-18T13:30:00-04:00,490.1449890136719,490.8529968261719,489.1000061035156,490.1440124511719,354398.0
2025-09-18T14:30:00-04:00,490.1300048828125,490.79998779296875,489.5000915527344,490.4800109863281,326554.0
2025-09-18T15:30:00-04:00,490.4049987792969,490.9599914550781,489.6000061035156,490.3999938964844,492594.0
2025-09-19T09:30:00-04:00,491.8699951171875,492.07000732421875,488.8800048828125,489.7250061035156,1598666.0
2025-09-19T10:30:00-04:00,489.7782897949219,490.6803894042969,489.51300048828125,490.21759033203125,344634.0
2025-09-19T11:30:00-04:00,490.2099914550781,491.8800048828125,489.5199890136719,491.7200012207031,274989.0
2025-09-19T12:30:00-04:00,491.7300109863281,491.8330078125,490.90570068359375,491.56500244140625,197450.0
2025-09-19T13:30:00-04:00,491.5899963378906,492.5260009765625,491.0249938964844,491.8800048828125,280251.0
2025-09-19T14:30:00-04:00,491.8800048828125,493.8999938964844,491.4169921875,493.7799987792969,351282.0
2025-09-19T15:30:00-04:00,493.7850036621094,494.5,492.3500061035156,492.95001220703125,623630.0
2025-09-22T09:30:00-04:00,490.57000732421875,494.0,489.2300109863281,493.3900146484375,652046.0
2025-09-22T10:30:00-04:00,493.32000732421875,494.7099914550781,493.1700134277344,493.1842041015625,298704.0
2025-09-22T11:30:00-04:00,493.1000061035156,494.19000244140625,492.2099914550781,493.0,302749.0
2025-09-22T12:30:00-04:00,493.010009765625,493.5,491.6000061035156,493.3362121582031,256944.0
2025-09-22T13:30:00-04:00,493.3500061035156,494.0299987792969,493.1300048828125,493.489990234375,208885.0
2025-09-22T14:30:00-04:00,493.5458984375,493.8999938964844,492.79998779296875,493.82000732421875,241479.0
2025-09-22T15:30:00-04:00,493.760009765625,494.6600036621094,493.54998779296875,493.7099914550781,473322.0
2025-09-23T09:30:00-04:00,494.04998779296875,499.2799987792969,493.5223083496094,496.8080139160156,709323.0
2025-09-23T10:30:00-04:00,496.8949890136719,498.75,496.4137878417969,497.17999267578125,370745.0
2025-09-23T11:30:00-04:00,497.17999267578125,497.510009765625,495.3999938964844,495.6719970703125,266899.0
2025-09-23T12:30:00-04:00,495.6700134277344,496.7799987792969,495.05999755859375,495.1191101074219,202374.0
2025-09-23T13:30:00-04:00,495.1099853515625,496.83599853515625,494.4949951171875,495.1785888671875,352378.0
2025-09-23T14:30:00-04:00,495.125,495.3900146484375,493.7099914550781,494.0899963378906,343984.0
2025-09-23T15:30:00-04:00,494.12799072265625,494.9200134277344,493.7200012207031,494.1099853515625,509000.0
2025-09-24T09:30:00-04:00,493.29998779296875,495.7698974609375,493.1099853515625,494.510009765625,475816.0
2025-09-24T10:30:00-04:00,494.8399963378906,495.7698974609375,493.7349853515625,495.1400146484375,214465.0
2025-09-24T11:30:00-04:00,495.1400146484375,495.6700134277344,494.3999938964844,495.0799865722656,214117.0
2025-09-24T12:30:00-04:00,495.0329895019531,496.0,495.0101013183594,495.55999755859375,144358.0
2025-09-24T13:30:00-04:00,495.614990234375,496.1050109863281,494.8699951171875,495.8099060058594,207636.0
2025-09-24T14:30:00-04:00,495.6650085449219,495.7200012207031,494.3949890136719,495.1700134277344,241296.0
2025-09-24T15:30:00-04:00,495.05999755859375,497.1600036621094,495.0083923339844,497.00628662109375,482257.0
2025-09-25T09:30:00-04:00,496.1499938964844,499.0,495.9700012207031,497.8900146484375,817353.0
2025-09-25T10:30:00-04:00,497.8900146484375,498.1300048828125,495.3999938964844,496.0400085449219,362375.0
2025-09-25T11:30:00-04:00,496.125,496.6377868652344,494.7300109863281,495.0,324582.0
2025-09-25T12:30:00-04:00,495.05999755859375,496.70001220703125,495.0187072753906,495.7850036621094,224891.0
2025-09-25T13:30:00-04:00,495.69000244140625,496.9880065917969,495.010009765625,496.0050048828125,254017.0
2025-09-25T14:30:00-04:00,496.0050048828125,496.8599853515625,495.8900146484375,496.4200134277344,215481.0
2025-09-25T15:30:00-04:00,496.44000244140625,496.8500061035156,495.0,495.0400085449219,765279.0
2025-09-26T09:30:00-04:00,496.94000244140625,501.3500061035156,496.6499938964844,498.6145935058594,832896.0
2025-09-26T10:30:00-04:00,498.4649963378906,498.7477111816406,497.4400939941406,498.739990234375,351830.0
2025-09-26T11:30:00-04:00,498.6000061035156,499.7200012207031,497.69000244140625,499.385009765625,342282.0
2025-09-26T12:30:00-04:00,499.42498779296875,501.17999267578125,499.42498779296875,500.8500061035156,316753.0
2025-09-26T13:30:00-04:00,500.9176025390625,502.1000061035156,500.6300048828125,501.25,290487.0
2025-09-26T14:30:00-04:00,501.2099914550781,501.639892578125,499.95001220703125,500.0,265261.0
2025-09-26T15:30:00-04:00,499.8299865722656,500.6099853515625,499.6099853515625,500.0299987792969,502426.0
2025-09-29T09:30:00-04:00,500.0,500.25,495.0199890136719,497.1600036621094,805103.0
2025-09-29T10:30:00-04:00,497.0733947753906,498.2654113769531,496.3999938964844,497.92999267578125,287362.0
2025-09-29T11:30:00-04:00,497.8299865722656,498.8399963378906,497.5,498.4100036621094,247065.0
2025-09-29T12:30:00-04:00,498.5,498.9078063964844,497.6000061035156,497.6199951171875,595636.0
2025-09-29T13:30:00-04:00,497.7099914550781,499.1000061035156,497.2550048828125,498.82830810546875,253284.0
2025-09-29T14:30:00-04:00,498.7650146484375,498.8500061035156,497.39239501953125,497.885009765625,293873.0
2025-09-29T15:30:00-04:00,497.9599914550781,499.3599853515625,497.95001220703125,499.3599853515625,444032.0
2025-09-30T09:30:00-04:00,497.6400146484375,500.7699890136719,497.0,500.44000244140625,596620.0
2025-09-30T10:30:00-04:00,500.489990234375,500.79998779296875,499.20001220703125,500.6050109863281,324131.0
2025-09-30T11:30:00-04:00,500.6099853515625,502.0650939941406,500.4700927734375,501.66009521484375,337589.0
2025-09-30T12:30:00-04:00,501.75,502.389892578125,500.6000061035156,500.7101135253906,211042.0
2025-09-30T13:30:00-04:00,500.8500061035156,502.8671875,500.79998779296875,502.0899963378906,278966.0
2025-09-30T14:30:00-04:00,502.0199890136719,502.8599853515625,501.79998779296875,502.3999938964844,300293.0
2025-09-30T15:30:00-04:00,502.3999938964844,503.7799987792969,502.0700988769531,502.6300048828125,549831.0
2025-10-01T09:30:00-04:00,502.5,502.8660888671875,497.2958984375,497.3999938964844,720633.0
2025-10-01T10:30:00-04:00,497.2699890136719,497.8999938964844,496.2525939941406,496.82000732421875,544731.0
2025-10-01T11:30:00-04:00,496.9200134277344,497.59991455078125,496.2601013183594,496.55999755859375,335714.0
2025-10-01T12:30:00-04:00,496.5350036621094,497.2300109863281,495.8999938964844,497.20001220703125,394637.0
2025-10-01T13:30:00-04:00,497.25,498.7398986816406,496.9879150390625,498.364990234375,250302.0
2025-10-01T14:30:00-04:00,498.3695983886719,499.19500732421875,498.29998779296875,499.19500732421875,330748.0
2025-10-01T15:30:00-04:00,499.1600036621094,499.82000732421875,498.1400146484375,498.1600036621094,620593.0
2025-10-02T09:30:00-04:00,496.9599914550781,499.6099853515625,496.1400146484375,496.79998779296875,640532.0
2025-10-02T10:30:00-04:00,496.79998779296875,498.30999755859375,496.3999938964844,497.19189453125,353531.0
2025-10-02T11:30:00-04:00,497.314697265625,497.4200134277344,496.0000915527344,496.3450012207031,310092.0
2025-10-02T12:30:00-04:00,496.1199951171875,496.2149963378906,493.2200012207031,493.7799987792969,468579.0
2025-10-02T13:30:00-04:00,493.7485046386719,496.32000732421875,493.30999755859375,495.7409973144531,267903.0
2025-10-02T14:30:00-04:00,495.8999938964844,497.14990234375,495.6700134277344,496.8599853515625,349061.0
2025-10-02T15:30:00-04:00,496.8800048828125,497.1199951171875,495.95001220703125,495.95001220703125,526071.0
2025-10-03T09:30:00-04:00,495.8999938964844,499.9800109863281,495.05010986328125,499.55999755859375,596492.0
2025-10-03T10:30:00-04:00,499.6000061035156,500.6650085449219,498.70001220703125,499.2699890136719,491639.0
2025-10-03T11:30:00-04:00,499.3900146484375,501.2200012207031,498.8800964355469,500.8399963378906,300591.0
2025-10-03T12:30:00-04:00,500.739990234375,501.92999267578125,500.7253112792969,501.1200866699219,296700.0
2025-10-03T13:30:00-04:00,501.239990234375,502.1400146484375,501.1000061035156,502.010009765625,315270.0
2025-10-03T14:30:00-04:00,502.0799865722656,502.5498962402344,500.17999267578125,500.41668701171875,448505.0
2025-10-03T15:30:00-04:00,500.3599853515625,501.6700134277344,498.42999267578125,498.7799987792969,984233.0
2025-10-06T09:30:00-04:00,499.5,502.8299865722656,498.0201110839844,502.6199951171875,795116.0
2025-10-06T10:30:00-04:00,502.57000732421875,504.9700012207031,502.3500061035156,504.1199951171875,602428.0
2025-10-06T11:30:00-04:00,504.1449890136719,504.5199890136719,502.489990234375,503.260009765625,365641.0
2025-10-06T12:30:00-04:00,503.2301940917969,503.635009765625,502.0000915527344,502.5,243822.0
2025-10-06T13:30:00-04:00,502.3877868652344,502.739990234375,501.1600036621094,501.5249938964844,251338.0
2025-10-06T14:30:00-04:00,501.5050964355469,501.5050964355469,499.6000061035156,500.1600036621094,347150.0
2025-10-06T15:30:00-04:00,500.1300048828125,500.7300109863281,499.9200134277344,500.1199951171875,345802.0
2025-10-07T09:30:00-04:00,500.1600036621094,502.659912109375,498.6099853515625,501.8710021972656,705535.0
2025-10-07T10:30:00-04:00,501.625,504.4599914550781,500.9599914550781,502.6449890136719,373222.0
2025-10-07T11:30:00-04:00,502.6449890136719,502.7898864746094,499.9100036621094,500.92999267578125,335016.0
2025-10-07T12:30:00-04:00,500.94000244140625,502.4898986816406,500.5600891113281,501.2850036621094,261041.0
2025-10-07T13:30:00-04:00,501.2690124511719,502.0,500.8500061035156,501.79998779296875,223656.0
2025-10-07T14:30:00-04:00,501.8550109863281,502.19000244140625,500.9700012207031,501.1300048828125,248667.0
2025-10-07T15:30:00-04:00,501.07000732421875,502.46990966796875,501.0249938964844,502.34991455078125,303889.0
2025-10-08T09:30:00-04:00,502.7099914550781,503.5,498.55999755859375,502.42999267578125,614030.0
2025-10-08T10:30:00-04:00,502.42999267578125,503.409912109375,502.090087890625,503.1199951171875,235399.0
2025-10-08T11:30:00-04:00,503.1300048828125,503.2200012207031,501.4100036621094,501.4796142578125,222979.0
2025-10-08T12:30:00-04:00,501.6348876953125,501.70001220703125,500.625,501.07000732421875,169548.0
2025-10-08T13:30:00-04:00,501.0,501.19329833984375,500.0400085449219,501.1099853515625,242561.0
2025-10-08T14:30:00-04:00,501.04998779296875,501.2898864746094,500.20001220703125,500.8500061035156,206412.0
2025-10-08T15:30:00-04:00,500.94000244140625,501.3800048828125,499.8999938964844,500.0199890136719,399017.0
2025-10-09T09:30:00-04:00,499.9800109863281,501.22100830078125,498.090087890625,498.6477966308594,571317.0
2025-10-09T10:30:00-04:00,498.6315002441406,499.0350036621094,497.04998779296875,497.7655029296875,398851.0
2025-10-09T11:30:00-04:00,497.6300048828125,498.125,495.67999267578125,496.4599914550781,285240.0
2025-10-09T12:30:00-04:00,496.4132995605469,496.8999938964844,495.25,495.9490966796875,197656.0
2025-10-09T13:30:00-04:00,496.0400085449219,496.4070129394531,494.510009765625,495.989990234375,302346.0
2025-10-09T14:30:00-04:00,495.989990234375,496.1199951171875,495.20001220703125,495.8999938964844,321729.0
2025-10-09T15:30:00-04:00,495.8999938964844,496.8800048828125,495.7200012207031,496.7300109863281,456977.0
2025-10-10T09:30:00-04:00,497.25,497.989990234375,493.9812927246094,494.5799865722656,625213.0
2025-10-10T10:30:00-04:00,494.67999267578125,495.1899108886719,491.6700134277344,492.6463928222656,751425.0
2025-10-10T11:30:00-04:00,492.4700012207031,493.0,489.66009521484375,491.42999267578125,606443.0
2025-10-10T12:30:00-04:00,491.43011474609375,492.659912109375,491.3554992675781,492.04998779296875,274334.0
2025-10-10T13:30:00-04:00,492.0,492.67999267578125,491.54998779296875,491.635009765625,244970.0
2025-10-10T14:30:00-04:00,491.6099853515625,491.7200012207031,489.5299987792969,489.9649963378906,434762.0
2025-10-10T15:30:00-04:00,490.0799865722656,491.5,489.1700134277344,489.3299865722656,693912.0
2025-10-13T09:30:00-04:00,488.1499938964844,490.96990966796875,488.1499938964844,488.5899963378906,723808.0
2025-10-13T10:30:00-04:00,488.6199951171875,491.6099853515625,487.82000732421875,491.5,398179.0
2025-10-13T11:30:00-04:00,491.5400085449219,493.25,491.20001220703125,492.80999755859375,301488.0
2025-10-13T12:30:00-04:00,492.80499267578125,493.79998779296875,492.1700134277344,492.34991455078125,287785.0
2025-10-13T13:30:00-04:00,492.3500061035156,493.0400085449219,491.49169921875,492.614990234375,175165.0
2025-10-13T14:30:00-04:00,492.614990234375,492.97900390625,490.4100036621094,492.05950927734375,259012.0
2025-10-13T15:30:00-04:00,492.010009765625,492.8699951171875,491.7900085449219,491.8299865722656,446777.0
2025-10-14T09:30:00-04:00,490.0,494.1199951171875,489.9501037597656,493.1099853515625,546606.0
2025-10-14T10:30:00-04:00,492.9549255371094,494.19000244140625,492.51348876953125,493.25,241863.0
2025-10-14T11:30:00-04:00,493.2925109863281,495.1000061035156,493.2377014160156,494.5199890136719,191436.0
2025-10-14T12:30:00-04:00,494.6199951171875,496.25,494.20001220703125,496.0050964355469,250506.0
2025-10-14T13:30:00-04:00,495.99200439453125,497.05999755859375,495.68280029296875,496.0,306191.0
2025-10-14T14:30:00-04:00,496.1000061035156,496.4999084472656,495.3999938964844,496.0299987792969,277950.0
2025-10-14T15:30:00-04:00,495.989990234375,496.2900085449219,494.04998779296875,495.989990234375,461438.0
2025-10-15T09:30:00-04:00,493.8999938964844,496.37548828125,492.20001220703125,496.30499267578125,696291.0
2025-10-15T10:30:00-04:00,496.39990234375,496.72918701171875,494.5101013183594,494.67999267578125,304940.0
2025-10-15T11:30:00-04:00,494.7650146484375,495.25,493.7799987792969,494.1199951171875,220587.0
2025-10-15T12:30:00-04:00,494.0,494.29998779296875,490.3500061035156,491.20001220703125,228608.0
2025-10-15T13:30:00-04:00,491.31988525390625,493.6499938964844,491.0899963378906,493.4800109863281,303882.0
2025-10-15T14:30:00-04:00,493.6000061035156,494.75,493.04010009765625,494.4599914550781,317466.0
2025-10-15T15:30:00-04:00,494.4200134277344,496.67999267578125,494.1000061035156,496.44000244140625,535560.0
2025-10-16T09:30:00-04:00,495.5950012207031,495.9999084472656,489.8800048828125,490.8399963378906,803680.0
2025-10-16T10:30:00-04:00,490.70001220703125,492.0,490.2200927734375,490.239990234375,371100.0
2025-10-16T11:30:00-04:00,490.25,491.5899963378906,489.7101135253906,490.010009765625,375437.0
2025-10-16T12:30:00-04:00,490.0199890136719,490.0299987792969,488.2699890136719,489.57501220703125,407041.0
2025-10-16T13:30:00-04:00,489.6653137207031,489.8330078125,485.79998779296875,487.0299987792969,410469.0
2025-10-16T14:30:00-04:00,487.0172119140625,488.7499084472656,486.1300048828125,488.07000732421875,409527.0
2025-10-16T15:30:00-04:00,488.0299987792969,489.3599853515625,487.44000244140625,488.739990234375,650186.0
2025-10-17T09:30:00-04:00,490.0,492.7300109863281,489.25,491.2770080566406,928413.0
2025-10-17T10:30:00-04:00,491.2699890136719,491.8800048828125,490.0,491.5,315459.0
2025-10-17T11:30:00-04:00,491.6000061035156,492.7900085449219,491.1018981933594,492.6449890136719,489939.0
2025-10-17T12:30:00-04:00,492.6700134277344,492.9200134277344,491.72808837890625,491.92498779296875,198016.0
2025-10-17T13:30:00-04:00,492.010009765625,493.4100036621094,491.68011474609375,493.25,289323.0
2025-10-17T14:30:00-04:00,493.1650085449219,493.45001220703125,492.44000244140625,492.7850036621094,315049.0
2025-10-17T15:30:00-04:00,492.7850036621094,493.32000732421875,492.03009033203125,492.4800109863281,429402.0
2025-10-20T09:30:00-04:00,492.3599853515625,493.85101318359375,490.67999267578125,491.3916015625,552162.0
2025-10-20T10:30:00-04:00,491.4049987792969,493.1499938964844,491.1000061035156,491.5614929199219,318002.0
2025-10-20T11:30:00-04:00,491.6300048828125,491.739990234375,490.3200988769531,491.6499938964844,255971.0
2025-10-20T12:30:00-04:00,491.6499938964844,492.8699951171875,491.1400146484375,492.2300109863281,227942.0
2025-10-20T13:30:00-04:00,492.25,493.3599853515625,492.2001037597656,492.8139953613281,271438.0
2025-10-20T14:30:00-04:00,492.82000732421875,493.8500061035156,492.4700012207031,493.55999755859375,295938.0
2025-10-20T15:30:00-04:00,493.54998779296875,494.4150085449219,493.2799987792969,494.0199890136719,374315.0
2025-10-21T09:30:00-04:00,493.70001220703125,495.20001220703125,493.25,495.0,478082.0
2025-10-21T10:30:00-04:00,495.05999755859375,495.70001220703125,494.135009765625,494.625,260108.0
2025-10-21T11:30:00-04:00,494.625,495.0799865722656,493.54998779296875,494.5000915527344,208730.0
2025-10-21T12:30:00-04:00,494.42498779296875,494.6099853515625,493.7250061035156,494.17999267578125,180644.0
2025-10-21T13:30:00-04:00,494.07000732421875,494.5299072265625,493.7799987792969,493.8500061035156,185629.0
2025-10-21T14:30:00-04:00,493.8900146484375,494.20001220703125,492.60009765625,493.1300048828125,224123.0
2025-10-21T15:30:00-04:00,492.989990234375,493.17999267578125,491.25,491.3299865722656,400969.0
2025-10-22T09:30:00-04:00,491.7300109863281,492.9800109863281,490.739990234375,491.8900146484375,398785.0
2025-10-22T10:30:00-04:00,492.010009765625,492.489990234375,491.2300109863281,492.19000244140625,233889.0
2025-10-22T11:30:00-04:00,492.1499938964844,492.8445129394531,489.57000732421875,489.8500061035156,279163.0
2025-10-22T12:30:00-04:00,489.8500061035156,490.64990234375,488.1900939941406,489.45001220703125,264183.0
2025-10-22T13:30:00-04:00,489.3800048828125,490.5,488.9100036621094,490.0799865722656,223845.0
2025-10-22T14:30:00-04:00,489.9872131347656,490.85540771484375,489.69000244140625,490.739990234375,265435.0
2025-10-22T15:30:00-04:00,490.7850036621094,492.0299987792969,490.7412109375,491.82000732421875,336432.0
2025-10-23T09:30:00-04:00,492.19000244140625,492.45001220703125,488.1131896972656,488.70001220703125,618564.0
2025-10-23T10:30:00-04:00,488.6300048828125,489.70001220703125,488.5,489.2300109863281,280641.0
2025-10-23T11:30:00-04:00,489.29998779296875,490.39990234375,488.7850036621094,490.3164978027344,233992.0
2025-10-23T12:30:00-04:00,490.42999267578125,491.75189208984375,490.010009765625,490.57000732421875,255013.0
2025-10-23T13:30:00-04:00,490.6087951660156,491.3699035644531,490.5158996582031,490.7300109863281,207607.0
2025-10-23T14:30:00-04:00,490.6499938964844,491.0,490.3399963378906,490.69000244140625,265695.0
2025-10-23T15:30:00-04:00,490.7767028808594,490.9200134277344,490.09368896484375,490.20001220703125,405128.0
2025-10-24T09:30:00-04:00,490.9100036621094,491.5299987792969,489.85919189453125,490.18121337890625,515599.0
2025-10-24T10:30:00-04:00,490.1227111816406,491.0050048828125,489.3999938964844,490.19000244140625,359658.0
2025-10-24T11:30:00-04:00,490.3599853515625,491.43548583984375,490.2200012207031,490.8900146484375,198328.0
2025-10-24T12:30:00-04:00,490.8800048828125,491.6527099609375,490.5199890136719,491.5400085449219,217389.0
2025-10-24T13:30:00-04:00,491.510009765625,492.9800109863281,491.510009765625,492.3999938964844,545418.0
2025-10-24T14:30:00-04:00,492.56988525390625,492.8450012207031,491.6300048828125,491.8299865722656,277877.0
2025-10-24T15:30:00-04:00,491.82000732421875,492.5400085449219,491.6499938964844,492.1300048828125,437587.0
2025-10-27T09:30:00-04:00,491.9200134277344,492.29998779296875,487.29010009765625,488.8699951171875,1226002.0
2025-10-27T10:30:00-04:00,488.8699951171875,489.4100036621094,486.5400085449219,487.5166931152344,745577.0
2025-10-27T11:30:00-04:00,487.5350036621094,488.0,486.42999267578125,486.42999267578125,500320.0
2025-10-27T12:30:00-04:00,486.489990234375,486.87530517578125,485.2088928222656,485.3299865722656,567156.0
2025-10-27T13:30:00-04:00,485.45989990234375,485.4931945800781,484.54998779296875,484.7323913574219,557219.0
2025-10-27T14:30:00-04:00,484.82000732421875,487.7099914550781,484.7309875488281,487.31500244140625,921377.0
2025-10-27T15:30:00-04:00,487.31500244140625,488.739990234375,487.1401062011719,488.0400085449219,670268.0
2025-10-28T09:30:00-04:00,484.9599914550781,485.0,481.8999938964844,483.510009765625,958917.0
2025-10-28T10:30:00-04:00,483.40008544921875,484.57000732421875,482.75,483.1650085449219,578266.0
2025-10-28T11:30:00-04:00,483.1600036621094,483.6322021484375,482.1400146484375,483.4700012207031,471298.0
2025-10-28T12:30:00-04:00,483.3900146484375,484.8500061035156,482.8900146484375,484.1199951171875,395444.0
2025-10-28T13:30:00-04:00,484.1734924316406,485.6700134277344,483.4031066894531,484.2864990234375,433654.0
2025-10-28T14:30:00-04:00,484.37200927734375,484.37200927734375,482.2875061035156,482.5950012207031,436510.0
2025-10-28T15:30:00-04:00,482.55999755859375,482.5950012207031,481.1099853515625,481.45001220703125,815544.0
2025-10-29T09:30:00-04:00,477.32000732421875,478.79998779296875,474.29998779296875,475.8399963378906,1570994.0
2025-10-29T10:30:00-04:00,475.8800048828125,477.51708984375,475.3599853515625,475.7900085449219,646986.0
2025-10-29T11:30:00-04:00,475.8349914550781,476.55499267578125,475.2099914550781,476.39080810546875,509854.0
2025-10-29T12:30:00-04:00,476.31500244140625,477.1650085449219,476.0,476.75,472743.0
2025-10-29T13:30:00-04:00,476.69000244140625,476.71820068359375,475.5,476.1512145996094,348004.0
2025-10-29T14:30:00-04:00,476.1700134277344,476.20001220703125,474.0,474.66290283203125,680844.0
2025-10-29T15:30:00-04:00,474.6700134277344,475.8599853515625,473.7200012207031,475.8399963378906,745637.0
2025-10-30T09:30:00-04:00,474.8399963378906,480.20001220703125,474.8399963378906,478.3999938964844,1156242.0
2025-10-30T10:30:00-04:00,478.5299987792969,480.82330322265625,478.1900939941406,480.04998779296875,572522.0
2025-10-30T11:30:00-04:00,480.0,480.7900085449219,479.3500061035156,480.3800048828125,383681.0
2025-10-30T12:30:00-04:00,480.4700012207031,480.6842956542969,479.5,480.1050109863281,245749.0
2025-10-30T13:30:00-04:00,480.1050109863281,480.7698974609375,479.6099853515625,480.4700012207031,305295.0
2025-10-30T14:30:00-04:00,480.45001220703125,480.9088134765625,479.864990234375,480.4784851074219,384319.0
2025-10-30T15:30:00-04:00,480.64990234375,480.8299865722656,478.42999267578125,478.6199951171875,703128.0
2025-10-31T09:30:00-04:00,476.79998779296875,478.4100036621094,475.30999755859375,477.385009765625,711917.0
2025-10-31T10:30:00-04:00,477.29998779296875,478.4599914550781,476.6199951171875,477.79998779296875,506022.0
2025-10-31T11:30:00-04:00,477.8450012207031,478.7099914550781,476.5,478.4100036621094,481316.0
2025-10-31T12:30:00-04:00,478.4200134277344,478.5338134765625,475.6000061035156,476.0400085449219,391802.0
2025-10-31T13:30:00-04:00,476.07000732421875,477.32000732421875,475.30999755859375,476.3500061035156,628752.0
2025-10-31T14:30:00-04:00,476.3999938964844,478.17999267578125,476.1600036621094,477.80010986328125,738661.0
2025-10-31T15:30:00-04:00,477.864990234375,478.6700134277344,477.6099853515625,477.7200012207031,1078054.0
2025-11-03T09:30:00-05:00,479.510009765625,479.989990234375,473.1499938964844,477.0799865722656,1612194.0
2025-11-03T10:30:00-05:00,477.1400146484375,478.8783874511719,474.82000732421875,475.010009765625,713751.0
2025-11-03T11:30:00-05:00,475.0199890136719,477.0,474.70001220703125,476.6050109863281,388114.0
2025-11-03T12:30:00-05:00,476.69000244140625,477.7699890136719,476.6300048828125,477.1099853515625,345844.0
2025-11-03T13:30:00-05:00,477.1650085449219,478.0299987792969,476.20001220703125,477.1000061035156,416320.0
2025-11-03T14:30:00-05:00,477.1377868652344,477.44000244140625,475.510498046875,477.04998779296875,528362.0
2025-11-03T15:30:00-05:00,477.07501220703125,477.4100036621094,475.0899963378906,475.6300048828125,871756.0
2025-11-04T09:30:00-05:00,475.5,482.29998779296875,475.5,481.04998779296875,1231202.0
2025-11-04T10:30:00-05:00,481.0,483.6081848144531,479.7200927734375,483.0881042480469,1139057.0
2025-11-04T11:30:00-05:00,483.1700134277344,483.6000061035156,481.2001037597656,482.4674987792969,547626.0
2025-11-04T12:30:00-05:00,482.639892578125,487.2699890136719,481.92010498046875,486.7008972167969,818402.0
2025-11-04T13:30:00-05:00,486.6520080566406,487.5799865722656,485.510009765625,487.05499267578125,743813.0
2025-11-04T14:30:00-05:00,487.05499267578125,488.7900085449219,486.6697082519531,487.7059020996094,834066.0
2025-11-04T15:30:00-05:00,487.6600036621094,488.42999267578125,487.1300048828125,487.6700134277344,974816.0
2025-11-05T09:30:00-05:00,487.3349914550781,493.3599853515625,487.3349914550781,493.0299987792969,1274444.0
2025-11-05T10:30:00-05:00,492.9949951171875,493.8900146484375,491.6700134277344,492.822509765625,628414.0
2025-11-05T11:30:00-05:00,492.7300109863281,493.4200134277344,490.340087890625,491.75,455012.0
2025-11-05T12:30:00-05:00,491.7799987792969,492.1700134277344,490.716796875,490.8800048828125,341044.0
2025-11-05T13:30:00-05:00,490.82000732421875,491.1400146484375,489.989990234375,490.4549865722656,344116.0
2025-11-05T14:30:00-05:00,490.4100036621094,491.0498962402344,488.75,489.17498779296875,695602.0
2025-11-05T15:30:00-05:00,489.1499938964844,490.8599853515625,488.8399963378906,489.05499267578125,1252924.0
2025-11-06T09:30:00-05:00,490.0,492.9800109863281,486.75,488.9200134277344,894193.0
2025-11-06T10:30:00-05:00,488.80999755859375,491.5199890136719,488.79998779296875,491.0,469607.0
2025-11-06T11:30:00-05:00,490.9750061035156,492.8999938964844,490.3999938964844,492.3500061035156,465780.0
2025-11-06T12:30:00-05:00,492.4100036621094,492.9800109863281,490.9800109863281,492.239990234375,357525.0
2025-11-06T13:30:00-05:00,492.239990234375,493.04559326171875,491.30999755859375,491.4331970214844,355328.0
2025-11-06T14:30:00-05:00,491.3699951171875,492.6099853515625,491.2099914550781,492.0899963378906,350419.0
2025-11-06T15:30:00-05:00,492.07000732421875,494.0299987792969,491.8186950683594,493.1449890136719,754646.0
2025-11-07T09:30:00-05:00,494.92999267578125,498.739990234375,493.3500061035156,497.67498779296875,1167357.0
2025-11-07T10:30:00-05:00,497.75,500.1600036621094,496.42999267578125,498.760009765625,921307.0
2025-11-07T11:30:00-05:00,498.9100036621094,499.79998779296875,497.30010986328125,498.0799865722656,671725.0
2025-11-07T12:30:00-05:00,498.0,498.9599914550781,497.1099853515625,497.7699890136719,611121.0
2025-11-07T13:30:00-05:00,497.6000061035156,498.14990234375,496.20001220703125,497.3403015136719,420832.0
2025-11-07T14:30:00-05:00,497.4599914550781,498.6600036621094,497.2799987792969,497.8500061035156,399427.0
2025-11-07T15:30:00-05:00,497.8999938964844,499.6600036621094,497.5299987792969,499.1499938964844,586790.0
2025-11-10T09:30:00-05:00,497.0799865722656,497.8699951171875,495.1300048828125,497.7550048828125,898566.0
2025-11-10T10:30:00-05:00,497.7550048828125,500.1199951171875,497.42010498046875,499.67999267578125,476820.0
2025-11-10T11:30:00-05:00,499.7294006347656,501.2799987792969,496.7799987792969,497.05999755859375,498786.0
2025-11-10T12:30:00-05:00,496.9800109863281,500.07000732421875,496.5400085449219,499.0849914550781,451866.0
2025-11-10T13:30:00-05:00,499.0849914550781,499.4999084472656,498.11419677734375,498.3599853515625,320821.0
2025-11-10T14:30:00-05:00,498.5,498.6899108886719,496.94000244140625,498.17999267578125,470431.0
2025-11-10T15:30:00-05:00,498.1650085449219,498.2300109863281,496.6700134277344,496.92010498046875,775596.0
2025-11-11T09:30:00-05:00,498.5899963378906,499.69000244140625,494.20001220703125,496.989990234375,642884.0
2025-11-11T10:30:00-05:00,496.9414978027344,497.7900085449219,496.5000915527344,497.0,417202.0
2025-11-11T11:30:00-05:00,496.9612121582031,497.5,496.6300048828125,497.44000244140625,223037.0
2025-11-11T12:30:00-05:00,497.4200134277344,497.44000244140625,496.5000915527344,497.29998779296875,199252.0
2025-11-11T13:30:00-05:00,497.2099914550781,497.3999938964844,496.0685119628906,497.239990234375,222552.0
2025-11-11T14:30:00-05:00,497.260986328125,497.7349853515625,497.110107421875,497.2820129394531,205651.0
2025-11-11T15:30:00-05:00,497.2850036621094,497.6099853515625,496.8500061035156,497.1199951171875,386546.0
2025-11-12T09:30:00-05:00,497.1499938964844,502.7149963378906,496.9879150390625,500.54998779296875,1145066.0
2025-11-12T10:30:00-05:00,500.510009765625,502.7699890136719,499.17999267578125,499.79998779296875,655710.0
2025-11-12T11:30:00-05:00,499.7550048828125,501.8800048828125,499.4100036621094,501.6600036621094,423068.0
2025-11-12T12:30:00-05:00,501.6600036621094,503.0,501.54998779296875,502.6600036621094,350670.0
2025-11-12T13:30:00-05:00,502.7200012207031,503.75,502.7200012207031,503.6199951171875,377367.0
2025-11-12T14:30:00-05:00,503.6400146484375,504.45001220703125,502.3699951171875,502.875,478573.0
2025-11-12T15:30:00-05:00,502.8800048828125,503.6000061035156,502.2699890136719,502.69000244140625,999463.0
2025-11-13T09:30:00-05:00,504.82000732421875,509.5899963378906,504.82000732421875,508.3999938964844,1325060.0
2025-11-13T10:30:00-05:00,508.5050048828125,509.1299133300781,506.5,507.7489929199219,742155.0
2025-11-13T11:30:00-05:00,507.70001220703125,509.3299865722656,507.260009765625,509.04998779296875,515694.0
2025-11-13T12:30:00-05:00,509.1099853515625,511.94000244140625,509.04998779296875,511.8299865722656,684360.0
2025-11-13T13:30:00-05:00,511.8299865722656,514.2598876953125,511.6300048828125,512.8323974609375,812062.0
2025-11-13T14:30:00-05:00,512.9299926757812,513.0800170898438,511.29998779296875,511.7650146484375,688784.0
2025-11-13T15:30:00-05:00,511.75,513.3699951171875,511.1000061035156,513.1900024414062,1068930.0
2025-11-14T09:30:00-05:00,514.7000122070312,516.5499877929688,507.2001037597656,508.6300048828125,1393306.0
2025-11-14T10:30:00-05:00,508.5849914550781,509.7699890136719,506.3500061035156,509.7200012207031,554019.0
2025-11-14T11:30:00-05:00,509.6400146484375,511.0299987792969,509.2200927734375,510.0221862792969,371070.0
2025-11-14T12:30:00-05:00,510.07000732421875,511.625,509.55999755859375,511.5533142089844,435628.0
2025-11-14T13:30:00-05:00,511.4800109863281,513.2000122070312,511.0101013183594,512.52001953125,364485.0
2025-11-14T14:30:00-05:00,512.6099853515625,513.0,510.8999938964844,510.99249267578125,398964.0
2025-11-14T15:30:00-05:00,510.968505859375,510.968505859375,508.1300048828125,509.0,708867.0
2025-11-17T09:30:00-05:00,511.010009765625,511.05999755859375,507.1600036621094,510.54998779296875,970515.0
2025-11-17T10:30:00-05:00,510.4800109863281,511.260009765625,508.0199890136719,509.0199890136719,571234.0
2025-11-17T11:30:00-05:00,509.0199890136719,509.3500061035156,506.79998779296875,508.3699951171875,371061.0
2025-11-17T12:30:00-05:00,508.3699951171875,508.5799865722656,506.25,507.2099914550781,311033.0
2025-11-17T13:30:00-05:00,507.04998779296875,508.0299987792969,506.4700012207031,506.760009765625,355274.0
2025-11-17T14:30:00-05:00,506.760009765625,506.92999267578125,503.79998779296875,505.260009765625,513416.0
2025-11-17T15:30:00-05:00,505.2200012207031,505.2200012207031,502.8399963378906,503.3599853515625,705290.0
2025-11-18T09:30:00-05:00,503.3900146484375,505.0,501.2777099609375,501.364990234375,1022300.0
2025-11-18T10:30:00-05:00,501.489990234375,503.5150146484375,500.6000061035156,503.510009765625,475155.0
2025-11-18T11:30:00-05:00,503.44500732421875,503.54998779296875,501.7001037597656,502.6600036621094,366423.0
2025-11-18T12:30:00-05:00,502.6099853515625,505.6099853515625,502.4599914550781,505.1499938964844,330271.0
2025-11-18T13:30:00-05:00,505.1499938964844,506.1000061035156,504.6199951171875,505.0643005371094,271320.0
2025-11-18T14:30:00-05:00,505.1000061035156,506.6400146484375,504.510009765625,505.5199890136719,502587.0
2025-11-18T15:30:00-05:00,505.45001220703125,506.20001220703125,504.07000732421875,504.3800048828125,872044.0
2025-11-19T09:30:00-05:00,503.68499755859375,504.25,495.54998779296875,497.57000732421875,1014630.0
2025-11-19T10:30:00-05:00,497.4750061035156,499.1499938964844,496.9700012207031,499.0,539798.0
2025-11-19T11:30:00-05:00,498.9599914550781,499.8299865722656,498.2701110839844,499.3299865722656,326467.0
2025-11-19T12:30:00-05:00,499.260009765625,502.20001220703125,499.1000061035156,501.92999267578125,308791.0
2025-11-19T13:30:00-05:00,501.9100036621094,502.5799865722656,498.8699951171875,499.07000732421875,246119.0
2025-11-19T14:30:00-05:00,499.089599609375,501.1199951171875,498.5799865722656,500.75,348709.0
2025-11-19T15:30:00-05:00,500.7300109863281,502.44000244140625,500.489990234375,501.29998779296875,533418.0
2025-11-20T09:30:00-05:00,501.1099853515625,505.5,501.1099853515625,503.17498779296875,674228.0
2025-11-20T10:30:00-05:00,503.2300109863281,506.1499938964844,502.7900085449219,505.9599914550781,448743.0
2025-11-20T11:30:00-05:00,505.9549865722656,506.0199890136719,502.04998779296875,504.489990234375,617869.0
2025-11-20T12:30:00-05:00,504.45001220703125,504.54998779296875,502.2699890136719,502.6549987792969,408114.0
2025-11-20T13:30:00-05:00,502.5899963378906,504.8319091796875,501.739990234375,504.4200134277344,362898.0
2025-11-20T14:30:00-05:00,504.4200134277344,506.45001220703125,503.5799865722656,505.8800048828125,460301.0
2025-11-20T15:30:00-05:00,505.8999938964844,506.25,500.8699951171875,501.6000061035156,1132547.0
2025-11-21T09:30:00-05:00,503.2749938964844,507.8420104980469,502.8500061035156,505.43499755859375,1347900.0
2025-11-21T10:30:00-05:00,505.6549987792969,506.20001220703125,502.489990234375,504.92999267578125,773297.0
2025-11-21T11:30:00-05:00,505.0,507.1899108886719,504.16009521484375,506.14801025390625,620038.0
2025-11-21T12:30:00-05:00,506.2499084472656,506.7799987792969,504.8800048828125,505.6099853515625,456637.0
2025-11-21T13:30:00-05:00,505.67999267578125,506.6000061035156,504.5249938964844,504.7049865722656,366610.0
2025-11-21T14:30:00-05:00,504.6700134277344,505.7900085449219,503.3999938964844,503.42999267578125,377050.0
2025-11-21T15:30:00-05:00,503.4700012207031,504.760009765625,503.2699890136719,504.0799865722656,768184.0
2025-11-24T09:30:00-05:00,501.8949890136719,504.6400146484375,497.1651916503906,499.6409912109375,914524.0
2025-11-24T10:30:00-05:00,499.5,500.17999267578125,498.2701110839844,499.2699890136719,463050.0
2025-11-24T11:30:00-05:00,499.3299865722656,500.20001220703125,498.94000244140625,499.9100036621094,327687.0
2025-11-24T12:30:00-05:00,499.9200134277344,500.739990234375,499.6199951171875,500.3299865722656,386240.0
2025-11-24T13:30:00-05:00,500.32501220703125,502.07000732421875,499.9100036621094,500.8349914550781,286976.0
2025-11-24T14:30:00-05:00,500.8349914550781,502.6700134277344,499.7900085449219,502.125,448288.0
2025-11-24T15:30:00-05:00,502.125,509.20001220703125,502.04998779296875,507.7550048828125,2101083.0
2025-11-25T09:30:00-05:00,508.92999267578125,512.35498046875,507.05859375,507.42999267578125,988057.0
2025-11-25T10:30:00-05:00,507.29998779296875,509.0299987792969,506.94000244140625,506.998291015625,374243.0
2025-11-25T11:30:00-05:00,507.010009765625,509.75,506.95001220703125,509.1199951171875,314643.0
2025-11-25T12:30:00-05:00,509.20001220703125,509.510009765625,506.8599853515625,507.5880126953125,359520.0
2025-11-25T13:30:00-05:00,507.5899963378906,508.3800048828125,507.239990234375,508.16900634765625,365653.0
2025-11-25T14:30:00-05:00,508.1950988769531,509.389892578125,508.1000061035156,509.1365051269531,273404.0
2025-11-25T15:30:00-05:00,509.1424865722656,509.5299987792969,508.5299987792969,508.5299987792969,420640.0
2025-11-26T09:30:00-05:00,509.25,510.760009765625,507.6499938964844,510.340087890625,577112.0
2025-11-26T10:30:00-05:00,510.489990234375,511.4200134277344,510.2099914550781,511.07000732421875,339810.0
2025-11-26T11:30:00-05:00,511.010009765625,512.6199951171875,510.9601135253906,512.0399780273438,450752.0
2025-11-26T12:30:00-05:00,512.0399780273438,512.7000122070312,510.8891906738281,511.3988952636719,351241.0
2025-11-26T13:30:00-05:00,511.4100036621094,512.0,510.5400085449219,511.6600036621094,256723.0
2025-11-26T14:30:00-05:00,511.6499938964844,511.8299865722656,511.02960205078125,511.6600036621094,259748.0
2025-11-26T15:30:00-05:00,511.6600036621094,512.3499755859375,511.1400146484375,511.19000244140625,457295.0
2025-11-28T09:30:00-05:00,511.8900146484375,515.4000244140625,511.55999755859375,514.530029296875,557277.0
2025-11-28T10:30:00-05:00,514.655517578125,515.8499755859375,514.5,515.5399780273438,283138.0
2025-11-28T11:30:00-05:00,515.5700073242188,516.8499755859375,514.8499755859375,515.094970703125,462050.0
2025-12-01T09:30:00-05:00,513.64501953125,514.489990234375,511.94000244140625,512.0549926757812,538107.0
2025-12-01T10:30:00-05:00,512.0,513.3709716796875,511.8299865722656,512.260009765625,380313.0
2025-12-01T11:30:00-05:00,512.2650146484375,512.3200073242188,510.7200012207031,511.7900085449219,328151.0
2025-12-01T12:30:00-05:00,511.7900085449219,512.6400146484375,511.2300109863281,512.39501953125,231807.0
2025-12-01T13:30:00-05:00,512.4500122070312,512.8499755859375,510.42999267578125,510.5,504814.0
2025-12-01T14:30:00-05:00,510.44000244140625,510.7900085449219,509.8800048828125,510.1463928222656,309876.0
2025-12-01T15:30:00-05:00,510.17999267578125,510.260009765625,508.17999267578125,508.7200012207031,668826.0
2025-12-02T09:30:00-05:00,507.5899963378906,507.5899963378906,503.1050109863281,504.3949890136719,731772.0
2025-12-02T10:30:00-05:00,504.489990234375,507.4989013671875,504.3299865722656,507.0899963378906,419705.0
2025-12-02T11:30:00-05:00,506.8597106933594,507.2398986816406,506.09100341796875,506.9172058105469,189253.0
2025-12-02T12:30:00-05:00,506.82000732421875,507.20001220703125,505.3900146484375,505.805908203125,229915.0
2025-12-02T13:30:00-05:00,505.739990234375,506.5,505.6300048828125,506.0895080566406,196372.0
2025-12-02T14:30:00-05:00,506.2099914550781,507.3299865722656,506.07000732421875,507.20001220703125,297807.0
2025-12-02T15:30:00-05:00,507.2049865722656,508.1099853515625,506.6300048828125,506.6600036621094,453039.0
2025-12-03T09:30:00-05:00,507.5199890136719,509.59991455078125,506.6700134277344,507.17999267578125,417725.0
2025-12-03T10:30:00-05:00,507.239990234375,507.510009765625,506.44000244140625,506.6700134277344,291401.0
2025-12-03T11:30:00-05:00,506.6700134277344,506.8500061035156,505.6400146484375,506.2900085449219,237976.0
2025-12-03T12:30:00-05:00,506.2900085449219,507.3299865722656,506.2900085449219,506.92498779296875,176926.0
2025-12-03T13:30:00-05:00,506.9800109863281,507.6000061035156,506.6300048828125,507.281005859375,182464.0
2025-12-03T14:30:00-05:00,507.2349853515625,507.6000061035156,505.347900390625,505.7349853515625,291131.0
2025-12-03T15:30:00-05:00,505.7349853515625,505.8799133300781,504.0799865722656,504.4599914550781,872762.0
2025-12-04T09:30:00-05:00,504.3800048828125,506.49578857421875,503.9599914550781,504.1300048828125,584391.0
2025-12-04T10:30:00-05:00,504.1625061035156,504.2099914550781,500.8999938964844,501.30499267578125,552873.0
2025-12-04T11:30:00-05:00,501.3612060546875,503.3756103515625,500.95550537109375,503.31500244140625,415062.0
2025-12-04T12:30:00-05:00,503.3420104980469,503.42999267578125,502.1199951171875,503.2099914550781,219598.0
2025-12-04T13:30:00-05:00,503.1499938964844,503.44000244140625,501.3550109863281,501.3699951171875,187956.0
2025-12-04T14:30:00-05:00,501.375,502.4049987792969,500.70001220703125,502.0450134277344,274054.0
2025-12-04T15:30:00-05:00,502.0450134277344,503.5,501.8500061035156,503.29998779296875,605169.0
2025-12-05T09:30:00-05:00,502.75,503.92999267578125,500.5400085449219,501.8349914550781,490984.0
2025-12-05T10:30:00-05:00,501.9200134277344,504.04998779296875,501.5101013183594,503.17498779296875,388352.0
2025-12-05T11:30:00-05:00,503.17999267578125,503.9599914550781,502.32000732421875,503.5799865722656,272078.0
2025-12-05T12:30:00-05:00,503.5799865722656,505.239990234375,502.9800109863281,505.05499267578125,226111.0
2025-12-05T13:30:00-05:00,505.05499267578125,505.760009765625,504.7300109863281,504.8299865722656,296988.0
2025-12-05T14:30:00-05:00,504.8900146484375,505.010009765625,504.3999938964844,504.60009765625,194926.0
2025-12-05T15:30:00-05:00,504.635009765625,504.7690124511719,503.2200012207031,504.32000732421875,510012.0
2025-12-08T09:30:00-05:00,502.1000061035156,502.9700012207031,496.7699890136719,496.8200988769531,1291192.0
2025-12-08T10:30:00-05:00,496.82000732421875,496.92999267578125,492.0,493.2049865722656,1274726.0
2025-12-08T11:30:00-05:00,493.20001220703125,493.9544982910156,490.6199951171875,492.93499755859375,842591.0
2025-12-08T12:30:00-05:00,492.9750061035156,496.2149963378906,492.5400085449219,495.9493103027344,491748.0
2025-12-08T13:30:00-05:00,495.9150085449219,496.739990234375,495.3599853515625,495.8399963378906,438316.0
2025-12-08T14:30:00-05:00,495.8399963378906,497.8500061035156,495.7699890136719,496.8999938964844,548909.0
2025-12-08T15:30:00-05:00,496.8599853515625,497.44000244140625,495.9100036621094,497.3500061035156,774787.0
2025-12-09T09:30:00-05:00,497.625,499.2149963378906,495.67999267578125,495.8974914550781,785200.0
2025-12-09T10:30:00-05:00,495.8699951171875,495.9200134277344,492.2170104980469,492.5000915527344,561220.0
2025-12-09T11:30:00-05:00,492.55499267578125,494.5400085449219,492.4200134277344,493.34979248046875,389901.0
2025-12-09T12:30:00-05:00,493.3550109863281,493.5400085449219,492.1000061035156,492.2250061035156,312694.0
2025-12-09T13:30:00-05:00,492.20001220703125,492.489990234375,491.5,491.7099914550781,381485.0
2025-12-09T14:30:00-05:00,491.67999267578125,492.0248107910156,490.9100036621094,491.489013671875,474425.0
2025-12-09T15:30:00-05:00,491.4800109863281,492.1000061035156,490.8299865722656,491.510009765625,791705.0
2025-12-10T09:30:00-05:00,490.8599853515625,495.5498962402344,488.9200134277344,495.0899963378906,923436.0
2025-12-10T10:30:00-05:00,495.05999755859375,495.8800048828125,493.5201110839844,493.760009765625,362917.0
2025-12-10T11:30:00-05:00,493.75,494.19000244140625,493.05999755859375,493.5849914550781,255107.0
2025-12-10T12:30:00-05:00,493.5849914550781,493.7099914550781,492.7699890136719,493.1199951171875,263753.0
2025-12-10T13:30:00-05:00,493.1099853515625,493.5799865722656,491.5,492.2099914550781,319892.0
2025-12-10T14:30:00-05:00,492.2099914550781,493.04998779296875,490.29998779296875,490.92999267578125,668305.0
2025-12-10T15:30:00-05:00,490.92999267578125,492.239990234375,490.19000244140625,490.3800048828125,775652.0
2025-12-11T09:30:00-05:00,491.8299865722656,495.5150146484375,491.8299865722656,493.70001220703125,820602.0
2025-12-11T10:30:00-05:00,493.6300048828125,495.2200012207031,493.4800109863281,494.2550048828125,479297.0
2025-12-11T11:30:00-05:00,494.30999755859375,496.5,494.30999755859375,496.1000061035156,450378.0
2025-12-11T12:30:00-05:00,496.2099914550781,498.1449890136719,495.7699890136719,497.1000061035156,475935.0
2025-12-11T13:30:00-05:00,497.1366882324219,497.330810546875,494.8999938964844,495.1050109863281,298285.0
2025-12-11T14:30:00-05:00,495.0799865722656,495.4800109863281,494.4200134277344,494.4800109863281,393134.0
2025-12-11T15:30:00-05:00,494.4849853515625,495.8599853515625,494.3399963378906,495.82000732421875,576041.0
2025-12-12T09:30:00-05:00,496.7099914550781,497.989990234375,494.6600036621094,495.1199951171875,695078.0
2025-12-12T10:30:00-05:00,495.0799865722656,497.1099853515625,494.5,495.7461853027344,448310.0
2025-12-12T11:30:00-05:00,495.69500732421875,496.6449890136719,494.7200012207031,496.2300109863281,375507.0
2025-12-12T12:30:00-05:00,496.20001220703125,496.8800048828125,495.3800048828125,496.7099914550781,303831.0
2025-12-12T13:30:00-05:00,496.7200012207031,497.7300109863281,496.2900085449219,497.4800109863281,294772.0
2025-12-12T14:30:00-05:00,497.5,498.6499938964844,497.1499938964844,498.5799865722656,305934.0
2025-12-12T15:30:00-05:00,498.55999755859375,500.0,497.7200012207031,499.6099853515625,662321.0
2025-12-15T09:30:00-05:00,500.4200134277344,506.3500061035156,500.2749938964844,505.91778564453125,1110919.0
2025-12-15T10:30:00-05:00,506.010009765625,506.2898864746094,502.20001220703125,502.42498779296875,361982.0
2025-12-15T11:30:00-05:00,502.4447021484375,502.5849914550781,501.4200134277344,501.7550048828125,233149.0
2025-12-15T12:30:00-05:00,501.739990234375,502.54998779296875,501.1297912597656,502.19000244140625,199043.0
2025-12-15T13:30:00-05:00,502.0299987792969,503.668212890625,502.0,503.24359130859375,234926.0
2025-12-15T14:30:00-05:00,503.2900085449219,505.0400085449219,503.21099853515625,505.0350036621094,375182.0
2025-12-15T15:30:00-05:00,505.1000061035156,506.6099853515625,505.0899963378906,506.31500244140625,601558.0
2025-12-16T09:30:00-05:00,507.04998779296875,508.1000061035156,501.4649963378906,503.04998779296875,749900.0
2025-12-16T10:30:00-05:00,502.94000244140625,503.2200012207031,500.82501220703125,501.1000061035156,582273.0
2025-12-16T11:30:00-05:00,501.0616149902344,502.3500061035156,500.15008544921875,501.5600891113281,315138.0
2025-12-16T12:30:00-05:00,501.7300109863281,502.0,500.1099853515625,500.30999755859375,269120.0
2025-12-16T13:30:00-05:00,500.27685546875,501.3562927246094,499.4549865722656,500.1650085449219,340858.0
2025-12-16T14:30:00-05:00,500.1650085449219,502.32000732421875,500.03009033203125,502.1368103027344,287085.0
2025-12-16T15:30:00-05:00,502.1099853515625,502.7560119628906,499.7049865722656,499.7200012207031,627121.0
2025-12-17T09:30:00-05:00,499.8999938964844,501.67498779296875,499.5,501.3233947753906,605140.0
2025-12-17T10:30:00-05:00,501.2799987792969,503.239990234375,500.5799865722656,502.81500244140625,434413.0
2025-12-17T11:30:00-05:00,502.80999755859375,503.45001220703125,502.3218994140625,502.77020263671875,296822.0
2025-12-17T12:30:00-05:00,502.80999755859375,504.07000732421875,502.43011474609375,503.2799987792969,267322.0
2025-12-17T13:30:00-05:00,503.2049865722656,504.8999938964844,502.8299865722656,504.2695007324219,308528.0
2025-12-17T14:30:00-05:00,504.2650146484375,504.9700012207031,503.8550109863281,504.0899963378906,273729.0
2025-12-17T15:30:00-05:00,504.05999755859375,505.19000244140625,503.6099853515625,504.30999755859375,546021.0
2025-12-18T09:30:00-05:00,502.2300109863281,504.70001220703125,501.6099853515625,503.5299987792969,756030.0
2025-12-18T10:30:00-05:00,503.57000732421875,505.42999267578125,503.1300048828125,504.9100036621094,381703.0
2025-12-18T11:30:00-05:00,504.9800109863281,505.3900146484375,501.69000244140625,501.75,280992.0
2025-12-18T12:30:00-05:00,501.69000244140625,503.92999267578125,501.010009765625,503.92999267578125,314138.0
2025-12-18T13:30:00-05:00,503.9201965332031,504.3599853515625,502.3299865722656,502.7651062011719,233208.0
2025-12-18T14:30:00-05:00,502.80999755859375,503.7699890136719,502.5,503.3999938964844,238616.0
2025-12-18T15:30:00-05:00,503.3999938964844,504.2200012207031,503.2300109863281,503.3900146484375,407092.0
2025-12-19T09:30:00-05:00,503.04998779296875,503.82000732421875,501.1300048828125,502.239990234375,2048104.0
2025-12-19T10:30:00-05:00,502.20001220703125,502.3999938964844,501.0,502.30999755859375,475319.0
2025-12-19T11:30:00-05:00,502.32000732421875,502.55999755859375,501.1300048828125,501.2300109863281,315961.0
2025-12-19T12:30:00-05:00,501.2300109863281,501.3399963378906,499.65008544921875,499.989990234375,357028.0
2025-12-19T13:30:00-05:00,500.0199890136719,500.5198974609375,499.1000061035156,499.2300109863281,335782.0
2025-12-19T14:30:00-05:00,499.2349853515625,500.1099853515625,499.1000061035156,499.25,511568.0
2025-12-19T15:30:00-05:00,499.2349853515625,499.8299865722656,495.0,495.6700134277344,1262453.0
2025-12-22T09:30:00-05:00,496.3399963378906,498.6600036621094,495.54998779296875,498.3900146484375,1005654.0
2025-12-22T10:30:00-05:00,498.3999938964844,499.5,497.6300048828125,498.989990234375,366790.0
2025-12-22T11:30:00-05:00,498.989990234375,499.94000244140625,498.3901062011719,498.906005859375,263370.0
2025-12-22T12:30:00-05:00,498.8999938964844,500.1098937988281,498.8301086425781,499.6099853515625,286301.0
2025-12-22T13:30:00-05:00,499.69000244140625,499.9599914550781,498.5899963378906,499.05999755859375,225810.0
2025-12-22T14:30:00-05:00,499.1199951171875,500.0899963378906,498.7699890136719,500.0400085449219,222562.0
2025-12-22T15:30:00-05:00,500.0199890136719,500.30999755859375,499.1199951171875,499.760009765625,469571.0
2025-12-23T09:30:00-05:00,500.4800109863281,502.3299865722656,498.5,500.760009765625,724280.0
2025-12-23T10:30:00-05:00,500.760009765625,501.04998779296875,498.90008544921875,499.5849914550781,646403.0
2025-12-23T11:30:00-05:00,499.5849914550781,499.94000244140625,498.1549987792969,499.0400085449219,282607.0
2025-12-23T12:30:00-05:00,499.1099853515625,499.4905090332031,498.5,499.3949890136719,291874.0
2025-12-23T13:30:00-05:00,499.3760070800781,500.3599853515625,499.1449890136719,500.2799987792969,284896.0
2025-12-23T14:30:00-05:00,500.29998779296875,501.3900146484375,500.15008544921875,500.3999938964844,305838.0
2025-12-23T15:30:00-05:00,500.4700012207031,501.0,500.1199951171875,500.4100036621094,366847.0
2025-12-24T09:30:00-05:00,500.2900085449219,500.8900146484375,499.29998779296875,500.37939453125,375825.0
2025-12-24T10:30:00-05:00,500.32000732421875,500.8500061035156,499.25,500.70001220703125,593966.0
2025-12-24T11:30:00-05:00,500.6099853515625,501.1400146484375,499.9700012207031,501.0950012207031,219242.0
2025-12-26T09:30:00-05:00,500.45001220703125,501.55999755859375,500.07000732421875,500.3299865722656,349727.0
2025-12-26T10:30:00-05:00,500.4200134277344,500.6099853515625,498.94000244140625,499.1099853515625,258684.0
2025-12-26T11:30:00-05:00,499.1099853515625,499.19000244140625,498.1000061035156,498.8299865722656,251029.0
2025-12-26T12:30:00-05:00,498.9100036621094,498.9599914550781,496.8699951171875,497.0400085449219,264430.0
2025-12-26T13:30:00-05:00,497.0455017089844,498.1199951171875,496.8299865722656,497.6700134277344,225111.0
2025-12-26T14:30:00-05:00,497.6199951171875,498.5299987792969,497.4150085449219,498.3500061035156,220310.0
2025-12-26T15:30:00-05:00,498.260009765625,498.8599853515625,498.19000244140625,498.32000732421875,300094.0
2025-12-29T09:30:00-05:00,499.20001220703125,501.0899963378906,497.2099914550781,500.44000244140625,600932.0
2025-12-29T10:30:00-05:00,500.45001220703125,501.5,499.5299987792969,500.5249938964844,401260.0
2025-12-29T11:30:00-05:00,500.5450134277344,500.6400146484375,499.239990234375,499.3800048828125,288764.0
2025-12-29T12:30:00-05:00,499.4100036621094,500.1400146484375,498.68499755859375,500.1199951171875,218100.0
2025-12-29T13:30:00-05:00,500.1700134277344,500.659912109375,499.79998779296875,500.6300048828125,223837.0
2025-12-29T14:30:00-05:00,500.635009765625,501.3999938964844,500.5799865722656,501.0,246914.0
2025-12-29T15:30:00-05:00,500.9800109863281,501.30999755859375,500.6000061035156,501.010009765625,366033.0
2025-12-30T09:30:00-05:00,500.9800109863281,503.9700012207031,500.3299865722656,503.05999755859375,473572.0
2025-12-30T10:30:00-05:00,503.0299987792969,503.6499938964844,502.510009765625,503.61199951171875,264771.0
2025-12-30T11:30:00-05:00,503.6400146484375,503.8999938964844,502.8999938964844,503.8349914550781,206714.0
2025-12-30T12:30:00-05:00,503.8599853515625,505.1099853515625,503.8599853515625,504.4599914550781,361318.0
2025-12-30T13:30:00-05:00,504.5,504.67999267578125,504.0,504.3800048828125,208700.0
2025-12-30T14:30:00-05:00,504.3800048828125,505.0,504.04998779296875,504.30999755859375,279510.0
2025-12-30T15:30:00-05:00,504.2950134277344,504.79998779296875,503.5199890136719,503.82000732421875,523374.0
2025-12-31T09:30:00-05:00,503.9200134277344,505.8800048828125,502.8599853515625,505.1300048828125,429666.0
2025-12-31T10:30:00-05:00,505.19989013671875,505.49530029296875,504.1099853515625,505.30499267578125,243043.0
2025-12-31T11:30:00-05:00,505.2699890136719,505.6499938964844,505.0199890136719,505.2850036621094,187686.0
2025-12-31T12:30:00-05:00,505.2300109863281,505.3595886230469,504.8200988769531,505.0899963378906,167013.0
2025-12-31T13:30:00-05:00,505.0,505.8900146484375,504.9700012207031,505.4750061035156,203506.0
2025-12-31T14:30:00-05:00,505.4100036621094,505.75,503.8500061035156,504.0,234110.0
2025-12-31T15:30:00-05:00,504.0450134277344,504.44000244140625,502.4840087890625,502.75,451554.0
2026-01-02T09:30:00-05:00,500.9599914550781,501.20001220703125,495.7900085449219,500.67999267578125,1182381.0
2026-01-02T10:30:00-05:00,500.6700134277344,501.8800048828125,498.3900146484375,498.5249938964844,592302.0
2026-01-02T11:30:00-05:00,498.5299987792969,498.760009765625,492.9100036621094,496.5799865722656,1004111.0
2026-01-02T12:30:00-05:00,496.57501220703125,496.8299865722656,493.6449890136719,494.29998779296875,451244.0
2026-01-02T13:30:00-05:00,494.260009765625,495.4200134277344,493.9200134277344,494.6050109863281,480942.0
2026-01-02T14:30:00-05:00,494.6050109863281,496.2300109863281,494.3711853027344,495.1099853515625,510788.0
2026-01-02T15:30:00-05:00,495.07000732421875,496.8999938964844,494.92999267578125,496.8599853515625,666855.0
2026-01-05T09:30:00-05:00,494.94000244140625,503.4259033203125,494.5010986328125,501.1199951171875,1096872.0
2026-01-05T10:30:00-05:00,501.010009765625,503.1099853515625,500.25,501.3900146484375,889795.0
2026-01-05T11:30:00-05:00,501.46990966796875,502.70001220703125,500.7900085449219,501.5299987792969,369466.0
2026-01-05T12:30:00-05:00,501.57000732421875,501.8999938964844,500.30999755859375,500.82000732421875,293938.0
2026-01-05T13:30:00-05:00,500.82501220703125,501.30999755859375,500.25799560546875,501.2550048828125,304090.0
2026-01-05T14:30:00-05:00,501.2550048828125,501.4800109863281,499.3100891113281,499.5199890136719,308889.0
2026-01-05T15:30:00-05:00,499.4870910644531,499.67999267578125,497.70001220703125,498.6000061035156,482042.0
2026-01-06T09:30:00-05:00,496.3399963378906,498.70001220703125,496.05999755859375,498.4599914550781,671014.0
2026-01-06T10:30:00-05:00,498.57000732421875,499.79998779296875,497.49920654296875,499.5450134277344,544026.0
2026-01-06T11:30:00-05:00,498.5697937011719,499.29998779296875,497.6300048828125,499.0,368028.0
2026-01-06T12:30:00-05:00,498.94940185546875,499.5899963378906,498.110107421875,499.1199951171875,259014.0
2026-01-06T13:30:00-05:00,498.7701110839844,500.3999938964844,498.7701110839844,500.2900085449219,232908.0
2026-01-06T14:30:00-05:00,500.0000915527344,500.5799865722656,499.8399963378906,500.04998779296875,330373.0
2026-01-06T15:30:00-05:00,500.1300048828125,500.57000732421875,499.010009765625,499.1300048828125,474458.0
2026-01-07T09:30:00-05:00,497.8800048828125,499.1499938964844,494.4700012207031,494.6400146484375,831563.0
2026-01-07T10:30:00-05:00,494.7099914550781,495.42999267578125,493.8373107910156,494.5199890136719,556634.0
2026-01-07T11:30:00-05:00,494.5199890136719,495.2699890136719,493.8399963378906,494.9700012207031,525365.0
2026-01-07T12:30:00-05:00,495.0199890136719,495.17999267578125,493.1000061035156,493.1300048828125,351608.0
2026-01-07T13:30:00-05:00,493.1600036621094,494.34991455078125,493.0899963378906,494.0199890136719,391019.0
2026-01-07T14:30:00-05:00,494.04998779296875,495.42498779296875,493.9100036621094,495.25,352818.0
2026-01-07T15:30:00-05:00,495.2099914550781,496.6199951171875,494.8550109863281,496.1099853515625,548375.0
2026-01-08T09:30:00-05:00,494.9100036621094,501.2149963378906,494.3500061035156,499.3550109863281,851182.0
2026-01-08T10:30:00-05:00,499.3550109863281,503.6700134277344,499.0,503.20001220703125,784018.0
2026-01-08T11:30:00-05:00,503.2099914550781,504.0799865722656,501.9100036621094,503.20001220703125,620473.0
2026-01-08T12:30:00-05:00,503.25,503.6549987792969,501.8999938964844,502.0199890136719,255703.0
2026-01-08T13:30:00-05:00,502.0199890136719,502.0899963378906,501.0299987792969,501.51800537109375,352817.0
2026-01-08T14:30:00-05:00,501.54998779296875,501.8999938964844,500.4800109863281,500.8599853515625,341724.0
2026-01-08T15:30:00-05:00,500.8999938964844,501.19580078125,499.5400085449219,499.7200012207031,517268.0
2026-01-09T09:30:00-05:00,498.94000244140625,500.2799987792969,496.8699951171875,498.010009765625,655383.0
2026-01-09T10:30:00-05:00,498.0,498.1700134277344,496.67999267578125,496.760009765625,420705.0
2026-01-09T11:30:00-05:00,496.66009521484375,498.5199890136719,496.4100036621094,498.2799987792969,399339.0
2026-01-09T12:30:00-05:00,498.2799987792969,498.57989501953125,496.75,497.1300048828125,304279.0
2026-01-09T13:30:00-05:00,497.1300048828125,498.8999938964844,497.1099853515625,498.8999938964844,355362.0
2026-01-09T14:30:00-05:00,498.9100036621094,499.6000061035156,498.55499267578125,499.5400085449219,283970.0
2026-01-09T15:30:00-05:00,499.5400085449219,500.0799865722656,499.1400146484375,499.17999267578125,422033.0
2026-01-12T09:30:00-05:00,497.3999938964844,499.45001220703125,495.1000061035156,498.739990234375,706996.0
2026-01-12T10:30:00-05:00,498.75,499.29998779296875,497.6400146484375,497.7349853515625,378214.0
2026-01-12T11:30:00-05:00,497.7300109863281,499.8900146484375,497.7300109863281,498.3299865722656,328260.0
2026-01-12T12:30:00-05:00,498.2825012207031,498.5,497.80999755859375,498.0450134277344,195966.0
2026-01-12T13:30:00-05:00,498.0199890136719,498.6300048828125,497.6199951171875,497.75,270921.0
2026-01-12T14:30:00-05:00,497.7821044921875,499.0,497.760009765625,498.3598937988281,429056.0
2026-01-12T15:30:00-05:00,498.32000732421875,500.0199890136719,498.2200927734375,498.7200012207031,639760.0
2026-01-13T09:30:00-05:00,497.6199951171875,498.0,494.1499938964844,495.7449951171875,924935.0
2026-01-13T10:30:00-05:00,495.6700134277344,496.1000061035156,493.75,494.010009765625,457561.0
2026-01-13T11:30:00-05:00,494.010009765625,494.7300109863281,493.3399963378906,494.70001220703125,547726.0
2026-01-13T12:30:00-05:00,494.6700134277344,496.1899108886719,494.1400146484375,496.1499938964844,302112.0
2026-01-13T13:30:00-05:00,496.1199951171875,496.7099914550781,495.31500244140625,495.5400085449219,303182.0
2026-01-13T14:30:00-05:00,495.5400085449219,495.7099914550781,494.2799987792969,494.2799987792969,348882.0
2026-01-13T15:30:00-05:00,494.2799987792969,495.4599914550781,493.7001037597656,495.17999267578125,549391.0
2026-01-14T09:30:00-05:00,494.1700134277344,497.6199951171875,494.1700134277344,494.8399963378906,728320.0
2026-01-14T10:30:00-05:00,494.8599853515625,495.04998779296875,494.05010986328125,494.29998779296875,417063.0
2026-01-14T11:30:00-05:00,494.29998779296875,494.3699951171875,493.1300048828125,493.1300048828125,352268.0
2026-01-14T12:30:00-05:00,493.1300048828125,493.4198913574219,492.0,492.5899963378906,364013.0
2026-01-14T13:30:00-05:00,492.6300048828125,494.010009765625,492.6099853515625,494.010009765625,306587.0
2026-01-14T14:30:00-05:00,494.010009765625,495.0899963378906,493.8005065917969,494.0799865722656,390685.0
2026-01-14T15:30:00-05:00,494.1000061035156,495.3900146484375,493.510009765625,494.8599853515625,1099953.0
2026-01-15T09:30:00-05:00,492.95001220703125,495.6300048828125,492.0,493.79998779296875,623388.0
2026-01-15T10:30:00-05:00,493.8500061035156,493.989990234375,491.9501037597656,492.19500732421875,372352.0
2026-01-15T11:30:00-05:00,492.1700134277344,492.389892578125,491.54998779296875,491.5799865722656,342892.0
2026-01-15T12:30:00-05:00,491.5799865722656,492.20001220703125,490.76190185546875,490.82501220703125,339707.0
2026-01-15T13:30:00-05:00,490.82000732421875,492.3599853515625,490.75,492.1099853515625,361661.0
2026-01-15T14:30:00-05:00,492.1099853515625,492.30999755859375,491.0899963378906,492.30999755859375,295053.0
2026-01-15T15:30:00-05:00,492.32000732421875,493.07000732421875,492.1600036621094,492.6300048828125,472753.0
2026-01-16T09:30:00-05:00,491.6700134277344,493.3599853515625,490.8999938964844,492.9549865722656,1378409.0
2026-01-16T10:30:00-05:00,492.9549865722656,494.4989929199219,492.1199951171875,494.3800048828125,442215.0
2026-01-16T11:30:00-05:00,494.4320983886719,494.92999267578125,493.8800048828125,494.8500061035156,260697.0
2026-01-16T12:30:00-05:00,494.8999938964844,495.1000061035156,494.0000915527344,494.4150085449219,340530.0
2026-01-16T13:30:00-05:00,494.45001220703125,494.5,493.5199890136719,494.42999267578125,308679.0
2026-01-16T14:30:00-05:00,494.3699951171875,495.1589050292969,492.7900085449219,493.0350036621094,365329.0
2026-01-16T15:30:00-05:00,493.04998779296875,494.260009765625,492.7300109863281,493.32000732421875,474741.0
2026-01-20T09:30:00-05:00,490.79998779296875,490.9700012207031,485.7401123046875,488.0849914550781,1237710.0
2026-01-20T10:30:00-05:00,488.05999755859375,488.82000732421875,486.57000732421875,487.1199951171875,529763.0
2026-01-20T11:30:00-05:00,487.0899963378906,487.8699951171875,485.5400085449219,485.75,427245.0
2026-01-20T12:30:00-05:00,485.70001220703125,485.94000244140625,484.19000244140625,484.3999938964844,519013.0
2026-01-20T13:30:00-05:00,484.3699951171875,484.489990234375,482.7200012207031,483.31500244140625,472270.0
2026-01-20T14:30:00-05:00,483.30999755859375,485.3399963378906,483.1401062011719,485.2300109863281,549850.0
2026-01-20T15:30:00-05:00,485.2099914550781,486.3399963378906,484.68328857421875,485.4599914550781,765931.0
2026-01-21T09:30:00-05:00,484.0,488.0,483.510009765625,485.5473937988281,973600.0
2026-01-21T10:30:00-05:00,485.54998779296875,486.04998779296875,481.8999938964844,482.7247009277344,670426.0
2026-01-21T11:30:00-05:00,482.67999267578125,484.3699951171875,482.5400085449219,483.6099853515625,449311.0
2026-01-21T12:30:00-05:00,483.57000732421875,484.0199890136719,482.5,482.5450134277344,347071.0
2026-01-21T13:30:00-05:00,482.2875061035156,484.7200012207031,481.57000732421875,484.1499938964844,531736.0
2026-01-21T14:30:00-05:00,484.1000061035156,485.57000732421875,483.835205078125,485.3399963378906,642702.0
2026-01-21T15:30:00-05:00,485.2900085449219,485.8800048828125,483.4800109863281,483.82000732421875,873089.0
2026-01-22T09:30:00-05:00,483.260009765625,485.8800048828125,481.7200012207031,482.6000061035156,939230.0
2026-01-22T10:30:00-05:00,482.6099853515625,483.1700134277344,481.92999267578125,482.6199951171875,504406.0
2026-01-22T11:30:00-05:00,482.6300048828125,483.510009765625,482.1499938964844,483.05499267578125,338147.0
2026-01-22T12:30:00-05:00,483.05499267578125,485.06500244140625,482.8500061035156,483.8450012207031,372124.0
2026-01-22T13:30:00-05:00,483.8399963378906,484.94000244140625,483.8299865722656,484.1499938964844,302911.0
2026-01-22T14:30:00-05:00,484.1369934082031,484.55999755859375,483.4150085449219,484.3555908203125,410144.0
2026-01-22T15:30:00-05:00,484.2900085449219,484.7900085449219,483.5849914550781,484.3699951171875,378958.0
2026-01-23T09:30:00-05:00,482.260009765625,483.4200134277344,479.2699890136719,479.3500061035156,1030871.0
2026-01-23T10:30:00-05:00,479.30999755859375,480.8800048828125,478.44000244140625,480.79998779296875,649633.0
2026-01-23T11:30:00-05:00,480.8500061035156,481.6400146484375,480.1549987792969,480.8900146484375,389425.0
2026-01-23T12:30:00-05:00,480.8900146484375,481.2900085449219,479.05999755859375,479.7300109863281,428300.0
2026-01-23T13:30:00-05:00,479.70001220703125,481.57000732421875,479.70001220703125,481.125,363265.0
2026-01-23T14:30:00-05:00,481.1099853515625,481.58990478515625,480.610107421875,480.6199951171875,344075.0
2026-01-23T15:30:00-05:00,480.6099853515625,480.75,479.0,479.1700134277344,906134.0
2026-01-26T09:30:00-05:00,478.4700012207031,482.1400146484375,477.0758972167969,481.82501220703125,903081.0
2026-01-26T10:30:00-05:00,481.7900085449219,481.95709228515625,479.7699890136719,479.94500732421875,436546.0
2026-01-26T11:30:00-05:00,479.94500732421875,482.0,479.54998779296875,481.2900085449219,526647.0
2026-01-26T12:30:00-05:00,481.2250061035156,483.0660095214844,480.69000244140625,482.9801940917969,447091.0
2026-01-26T13:30:00-05:00,482.9700012207031,484.289306640625,482.7300109863281,484.20001220703125,409078.0
2026-01-26T14:30:00-05:00,484.2149963378906,484.8948059082031,483.67999267578125,484.3800048828125,432693.0
2026-01-26T15:30:00-05:00,484.3999938964844,484.6099853515625,483.6000061035156,483.69000244140625,639901.0
2026-01-27T09:30:00-05:00,482.6000061035156,483.5,477.0799865722656,477.6300964355469,1013099.0
2026-01-27T10:30:00-05:00,477.635009765625,478.0199890136719,476.70001220703125,477.1784973144531,627520.0
2026-01-27T11:30:00-05:00,477.19000244140625,477.19000244140625,475.8399963378906,475.86041259765625,669135.0
2026-01-27T12:30:00-05:00,475.8699951171875,476.55029296875,475.0199890136719,476.4700012207031,612214.0
2026-01-27T13:30:00-05:00,476.54998779296875,476.6300048828125,475.17999267578125,475.5,554163.0
2026-01-27T14:30:00-05:00,475.510009765625,476.1099853515625,475.2799987792969,475.30999755859375,676954.0
2026-01-27T15:30:00-05:00,475.30999755859375,475.6199951171875,474.70001220703125,474.760009765625,960177.0
2026-01-28T09:30:00-05:00,473.010009765625,474.69000244140625,471.9100036621094,474.07501220703125,1065777.0
2026-01-28T10:30:00-05:00,474.0697937011719,475.9800109863281,473.9800109863281,475.54541015625,485722.0
2026-01-28T11:30:00-05:00,475.4849853515625,476.8800048828125,475.2749938964844,476.4175109863281,340475.0
2026-01-28T12:30:00-05:00,476.42498779296875,476.54638671875,475.2300109863281,475.80999755859375,310893.0
2026-01-28T13:30:00-05:00,475.8500061035156,476.1921081542969,473.65008544921875,474.0050964355469,360870.0
2026-01-28T14:30:00-05:00,473.8599853515625,475.4849853515625,472.6700134277344,472.75,496747.0
2026-01-28T15:30:00-05:00,472.70001220703125,474.114990234375,471.9100036621094,473.5747985839844,678075.0
2026-01-29T09:30:00-05:00,473.7300109863281,477.32000732421875,473.0799865722656,475.5,947071.0
2026-01-29T10:30:00-05:00,475.3999938964844,476.281005859375,474.06500244140625,474.5849914550781,586064.0
2026-01-29T11:30:00-05:00,474.5849914550781,476.4800109863281,474.17010498046875,475.8699951171875,387505.0
2026-01-29T12:30:00-05:00,475.82000732421875,476.156005859375,473.7300109863281,474.55999755859375,294284.0
2026-01-29T13:30:00-05:00,474.5450134277344,474.84600830078125,473.6600036621094,474.0400085449219,323339.0
2026-01-29T14:30:00-05:00,474.0946960449219,475.760009765625,473.79998779296875,475.70989990234375,371937.0
2026-01-29T15:30:00-05:00,475.5899963378906,476.6600036621094,474.8299865722656,476.25,768697.0
2026-01-30T09:30:00-05:00,476.29998779296875,478.7200012207031,476.1300048828125,477.1199951171875,578275.0
2026-02-02T13:30:00-05:00,484.68499755859375,486.2749938964844,484.2099914550781,486.1499938964844,1668535.0
2026-02-02T14:30:00-05:00,486.2900085449219,487.8699951171875,486.04998779296875,487.0299987792969,654691.0
2026-02-02T15:30:00-05:00,487.04998779296875,488.07000732421875,486.80999755859375,487.3900146484375,759432.0
2026-02-03T09:30:00-05:00,483.95001220703125,489.95001220703125,482.2001037597656,488.4200134277344,1060545.0
2026-02-03T10:30:00-05:00,488.4150085449219,490.45001220703125,487.3100891113281,490.0472106933594,686323.0
2026-02-03T11:30:00-05:00,490.1499938964844,493.7799987792969,490.07501220703125,493.1499938964844,826898.0
2026-02-03T12:30:00-05:00,493.07000732421875,494.9700012207031,492.7699890136719,494.0199890136719,816843.0
2026-02-03T13:30:00-05:00,494.0150146484375,495.2900085449219,493.5830078125,494.79998779296875,556402.0
2026-02-03T14:30:00-05:00,494.9200134277344,496.0400085449219,494.5014953613281,495.4700012207031,857513.0
2026-02-03T15:30:00-05:00,495.4700012207031,495.8999938964844,493.260009765625,493.6499938964844,718985.0
2026-02-04T09:30:00-05:00,495.79998779296875,503.4599914550781,495.6700134277344,503.3550109863281,1882265.0
2026-02-04T10:30:00-05:00,503.30999755859375,507.7497863769531,502.7950134277344,507.19000244140625,1300605.0
2026-02-04T11:30:00-05:00,507.19000244140625,512.1300048828125,507.19000244140625,508.0299987792969,2094638.0
2026-02-04T12:30:00-05:00,507.8500061035156,509.19000244140625,506.8297119140625,508.625,707160.0
2026-02-04T13:30:00-05:00,508.625,510.79998779296875,506.6099853515625,506.75,583245.0
2026-02-04T14:30:00-05:00,506.75,507.39849853515625,504.4424133300781,504.57000732421875,829009.0
2026-02-04T15:30:00-05:00,504.54998779296875,506.4599914550781,502.5249938964844,503.9800109863281,1313143.0
2026-02-05T09:30:00-05:00,505.9100036621094,506.6286926269531,497.6099853515625,502.49420166015625,1305387.0
2026-02-05T10:30:00-05:00,502.54998779296875,503.6000061035156,499.95001220703125,501.70001220703125,519640.0
2026-02-05T11:30:00-05:00,501.7099914550781,502.9930114746094,500.30999755859375,502.6300048828125,393663.0
2026-02-05T12:30:00-05:00,502.61138916015625,504.489990234375,502.57000732421875,504.010009765625,370091.0
2026-02-05T13:30:00-05:00,504.0098876953125,505.8699951171875,503.3500061035156,505.2466125488281,434461.0
2026-02-05T14:30:00-05:00,505.2349853515625,505.5899963378906,503.45001220703125,505.3999938964844,584915.0
2026-02-05T15:30:00-05:00,505.3500061035156,505.80999755859375,503.5,503.80999755859375,563364.0
2026-02-06T09:30:00-05:00,504.17999267578125,509.6600036621094,504.1199951171875,506.56500244140625,860007.0
2026-02-06T10:30:00-05:00,508.82000732421875,509.32000732421875,505.1351013183594,505.1351013183594,472616.0
2026-02-06T11:30:00-05:00,505.17999267578125,506.1510925292969,504.1199951171875,504.6400146484375,359274.0
2026-02-06T12:30:00-05:00,504.69500732421875,505.760009765625,502.8900146484375,505.2349853515625,467668.0
2026-02-06T13:30:00-05:00,505.1549987792969,506.1600036621094,505.0201110839844,506.03070068359375,341735.0
2026-02-06T14:30:00-05:00,506.06500244140625,506.8399963378906,505.1200866699219,506.3450012207031,391842.0
2026-02-06T15:30:00-05:00,506.4100036621094,508.5,506.32501220703125,507.92999267578125,752288.0
2026-02-09T09:30:00-05:00,507.32000732421875,507.6099853515625,500.2699890136719,503.8429870605469,874828.0
2026-02-09T10:30:00-05:00,504.0199890136719,504.6946105957031,501.2950134277344,501.739990234375,419690.0
2026-02-09T11:30:00-05:00,501.739990234375,502.239990234375,500.8599853515625,501.7300109863281,374307.0
2026-02-09T12:30:00-05:00,501.7300109863281,501.7300109863281,499.7799987792969,500.239990234375,472658.0
2026-02-09T13:30:00-05:00,500.2900085449219,500.6700134277344,499.1400146484375,499.70001220703125,356104.0
2026-02-09T14:30:00-05:00,499.7300109863281,499.7799987792969,497.54998779296875,497.75,533238.0
2026-02-09T15:30:00-05:00,497.7099914550781,498.8299865722656,497.29010009765625,498.0,624950.0
2026-02-10T09:30:00-05:00,497.8999938964844,501.32989501953125,497.29998779296875,500.30999755859375,1160267.0
2026-02-10T10:30:00-05:00,500.29998779296875,500.659912109375,497.3299865722656,498.7749938964844,433455.0
2026-02-10T11:30:00-05:00,498.7749938964844,499.7300109863281,498.29998779296875,498.8399963378906,307722.0
2026-02-10T12:30:00-05:00,498.8299865722656,499.6000061035156,498.4100036621094,499.2699890136719,233432.0
2026-02-10T13:30:00-05:00,499.2699890136719,500.5400085449219,498.760009765625,500.5400085449219,250251.0
2026-02-10T14:30:00-05:00,500.5350036621094,500.9200134277344,500.1499938964844,500.8599853515625,446063.0
2026-02-10T15:30:00-05:00,500.8699951171875,500.9299011230469,499.79998779296875,500.239990234375,409659.0
2026-02-11T09:30:00-05:00,499.3500061035156,503.3099060058594,498.8800048828125,500.2225036621094,648495.0
2026-02-11T10:30:00-05:00,500.2099914550781,500.76361083984375,497.28009033203125,499.81500244140625,401167.0
2026-02-11T11:30:00-05:00,499.82000732421875,502.4599914550781,499.68499755859375,500.44000244140625,313925.0
2026-02-11T12:30:00-05:00,500.32000732421875,501.29998779296875,500.010009765625,500.70001220703125,205591.0
2026-02-11T13:30:00-05:00,500.6600036621094,501.80999755859375,499.8399963378906,501.2650146484375,261246.0
2026-02-11T14:30:00-05:00,501.29998779296875,501.9200134277344,500.75,501.0635986328125,372880.0
2026-02-11T15:30:00-05:00,501.0,501.2298889160156,499.92999267578125,500.0,552121.0
2026-02-12T09:30:00-05:00,501.2049865722656,506.1400146484375,501.2049865722656,504.42498779296875,745602.0
2026-02-12T10:30:00-05:00,504.4800109863281,507.7099914550781,504.04998779296875,506.0,708192.0
2026-02-12T11:30:00-05:00,506.05499267578125,507.5799865722656,502.2799987792969,502.4700012207031,535875.0
2026-02-12T12:30:00-05:00,502.42999267578125,504.0,502.0,503.1700134277344,351145.0
2026-02-12T13:30:00-05:00,503.2200012207031,504.5,502.7699890136719,503.7349853515625,290966.0
2026-02-12T14:30:00-05:00,503.8800048828125,505.04998779296875,503.2500915527344,503.5050048828125,331699.0
2026-02-12T15:30:00-05:00,503.61871337890625,503.61871337890625,499.8800048828125,500.0,582875.0
2026-02-13T09:30:00-05:00,500.1499938964844,502.3800048828125,495.5,496.3900146484375,716048.0
2026-02-13T10:30:00-05:00,496.10009765625,500.8699951171875,496.10009765625,500.82000732421875,350937.0
2026-02-13T11:30:00-05:00,500.8699951171875,501.75,500.5801086425781,500.75,324776.0
2026-02-13T12:30:00-05:00,500.79998779296875,501.8999938964844,500.29998779296875,501.6050109863281,280887.0
2026-02-13T13:30:00-05:00,501.5851135253906,501.739990234375,500.739990234375,501.55999755859375,234980.0
2026-02-13T14:30:00-05:00,501.6499938964844,501.8756103515625,498.54998779296875,498.6199951171875,401267.0
2026-02-13T15:30:00-05:00,498.6199951171875,499.2749938964844,497.04998779296875,497.55999755859375,926203.0
2026-02-17T09:30:00-05:00,500.0150146484375,506.0899963378906,499.2099914550781,501.92181396484375,1051691.0
2026-02-17T10:30:00-05:00,501.82501220703125,504.4150085449219,500.40008544921875,502.82000732421875,510437.0
2026-02-17T11:30:00-05:00,502.8999938964844,504.2099914550781,502.4200134277344,504.2099914550781,315853.0
2026-02-17T12:30:00-05:00,504.1203918457031,504.8299865722656,502.4601135253906,503.760009765625,283053.0
2026-02-17T13:30:00-05:00,503.7200012207031,505.2499084472656,503.66009521484375,504.222412109375,332722.0
2026-02-17T14:30:00-05:00,504.2799987792969,504.59991455078125,502.7099914550781,503.5199890136719,290285.0
2026-02-17T15:30:00-05:00,503.489990234375,503.7099914550781,502.5299987792969,503.5299987792969,566268.0
2026-02-18T09:30:00-05:00,504.739990234375,505.2699890136719,499.6000061035156,501.3900146484375,534675.0
2026-02-18T10:30:00-05:00,501.3999938964844,502.46600341796875,499.8699951171875,500.05999755859375,324437.0
2026-02-18T11:30:00-05:00,500.0199890136719,500.20001220703125,498.45001220703125,499.20001220703125,307074.0
2026-02-18T12:30:00-05:00,499.1600036621094,499.19000244140625,497.8699951171875,498.0249938964844,283534.0
2026-02-18T13:30:00-05:00,498.0476989746094,499.05499267578125,497.67999267578125,498.9100036621094,262418.0
2026-02-18T14:30:00-05:00,498.92999267578125,499.5,498.25,498.9200134277344,310744.0
2026-02-18T15:30:00-05:00,499.0400085449219,499.75,498.635009765625,499.2099914550781,606199.0
2026-02-19T09:30:00-05:00,497.8699951171875,500.5,497.0,499.28399658203125,474372.0
2026-02-19T10:30:00-05:00,499.05010986328125,500.29998779296875,497.6099853515625,497.68499755859375,222674.0
2026-02-19T11:30:00-05:00,497.69000244140625,499.1000061035156,497.3399963378906,497.7799987792969,266599.0
2026-02-19T12:30:00-05:00,497.8450012207031,497.9049987792969,496.0899963378906,496.4200134277344,252175.0
2026-02-19T13:30:00-05:00,496.42999267578125,497.1050109863281,496.1499938964844,496.9599914550781,214768.0
2026-02-19T14:30:00-05:00,497.010009765625,497.010009765625,495.67999267578125,496.55010986328125,223076.0
2026-02-19T15:30:00-05:00,496.6449890136719,497.20001220703125,496.1200866699219,496.9849853515625,384595.0
2026-02-20T09:30:00-05:00,496.6499938964844,496.95001220703125,491.80499267578125,494.3999938964844,1667147.0
2026-02-20T10:30:00-05:00,494.44000244140625,494.739990234375,492.4100036621094,493.5700988769531,384648.0
2026-02-20T11:30:00-05:00,493.6700134277344,495.75,493.54998779296875,495.0,320017.0
2026-02-20T12:30:00-05:00,494.9700012207031,495.67999267578125,494.0199890136719,495.4599914550781,221603.0
2026-02-20T13:30:00-05:00,495.4700012207031,496.6099853515625,495.2441101074219,496.4809875488281,222259.0
2026-02-20T14:30:00-05:00,496.55499267578125,498.2799987792969,496.4501037597656,497.3599853515625,486422.0
2026-02-20T15:30:00-05:00,497.3399963378906,498.3299865722656,497.0400085449219,498.3299865722656,393712.0
2026-02-23T09:30:00-05:00,496.5,503.54998779296875,496.5,497.17999267578125,759456.0
2026-02-23T10:30:00-05:00,497.0150146484375,497.19000244140625,494.9100036621094,495.2200012207031,553214.0
2026-02-23T11:30:00-05:00,495.2149963378906,495.54998779296875,494.4599914550781,494.6300048828125,220214.0
2026-02-23T12:30:00-05:00,494.5299987792969,496.5799865722656,494.5,496.5450134277344,224178.0
2026-02-23T13:30:00-05:00,496.6199951171875,496.79998779296875,495.3500061035156,495.6600036621094,207389.0
2026-02-23T14:30:00-05:00,495.6499938964844,496.4624938964844,495.1900939941406,495.4599914550781,222515.0
2026-02-23T15:30:00-05:00,495.42999267578125,495.9198913574219,493.760009765625,494.1499938964844,488905.0
2026-02-24T09:30:00-05:00,493.489990234375,494.8900146484375,488.260009765625,489.760009765625,726088.0
2026-02-24T10:30:00-05:00,489.6890869140625,492.3099060058594,489.4200134277344,492.0799865722656,371008.0
2026-02-24T11:30:00-05:00,492.06500244140625,493.20001220703125,491.3299865722656,492.97918701171875,224548.0
2026-02-24T12:30:00-05:00,493.010009765625,493.4200134277344,492.260009765625,493.04998779296875,189457.0
2026-02-24T13:30:00-05:00,493.0899963378906,494.3949890136719,493.0,494.125,207859.0
2026-02-24T14:30:00-05:00,494.07000732421875,494.75,493.6700134277344,494.40008544921875,231243.0
2026-02-24T15:30:00-05:00,494.40301513671875,495.2200012207031,494.090087890625,494.5,437766.0
2026-02-25T09:30:00-05:00,495.6199951171875,497.2298889160156,490.8999938964844,492.17999267578125,565303.0
2026-02-25T10:30:00-05:00,492.1199951171875,493.4200134277344,491.3699951171875,492.8200988769531,326372.0
2026-02-25T11:30:00-05:00,492.8949890136719,494.1400146484375,492.4599914550781,494.1300048828125,260906.0
2026-02-25T12:30:00-05:00,494.1600036621094,494.4200134277344,492.6300048828125,492.864990234375,240372.0
2026-02-25T13:30:00-05:00,492.864990234375,493.07501220703125,492.3699951171875,492.739013671875,183282.0
2026-02-25T14:30:00-05:00,492.7674865722656,493.8999938964844,492.30999755859375,492.4200134277344,293432.0
2026-02-25T15:30:00-05:00,492.4700012207031,494.69000244140625,492.25,494.0199890136719,571743.0
2026-02-26T09:30:00-05:00,494.6499938964844,500.29998779296875,494.45001220703125,499.3299865722656,824238.0
2026-02-26T10:30:00-05:00,499.29998779296875,501.19989013671875,497.739990234375,499.2601013183594,499287.0
2026-02-26T11:30:00-05:00,499.30999755859375,500.0,498.44000244140625,499.6000061035156,290280.0
2026-02-26T12:30:00-05:00,499.70001220703125,500.5,498.7699890136719,499.55999755859375,238154.0
2026-02-26T13:30:00-05:00,499.54998779296875,502.3699951171875,499.4599914550781,502.2200012207031,370893.0
2026-02-26T14:30:00-05:00,502.1600036621094,503.7200012207031,502.010009765625,503.4800109863281,472226.0
2026-02-26T15:30:00-05:00,503.4800109863281,503.7200012207031,501.6499938964844,502.6000061035156,727563.0
2026-02-27T09:30:00-05:00,502.94000244140625,504.9800109863281,501.1600036621094,502.2049865722656,794673.0
2026-02-27T10:30:00-05:00,502.2099914550781,504.510009765625,501.9601135253906,504.1099853515625,350128.0
2026-02-27T11:30:00-05:00,504.0,504.8999938964844,503.6499938964844,504.0199890136719,352415.0
2026-02-27T12:30:00-05:00,503.95001220703125,504.3299865722656,502.5299987792969,503.44000244140625,414083.0
2026-02-27T13:30:00-05:00,503.44500732421875,503.9700012207031,502.5799865722656,503.30499267578125,399469.0
2026-02-27T14:30:00-05:00,503.30499267578125,504.67999267578125,502.5799865722656,504.6300048828125,425658.0
2026-02-27T15:30:00-05:00,504.6499938964844,506.5199890136719,504.0,505.2099914550781,989835.0
2026-03-02T09:30:00-05:00,495.2250061035156,495.75,481.70001220703125,482.9949951171875,2298742.0
2026-03-02T10:30:00-05:00,482.9700012207031,484.44000244140625,480.3299865722656,482.82000732421875,1348289.0
2026-03-02T11:30:00-05:00,482.8800048828125,483.2699890136719,478.54998779296875,480.6499938964844,1424484.0
2026-03-02T12:30:00-05:00,480.57000732421875,481.45001220703125,478.989990234375,479.5400085449219,879129.0
2026-03-02T13:30:00-05:00,479.6400146484375,482.17999267578125,477.9100036621094,482.1000061035156,1012253.0
2026-03-02T14:30:00-05:00,482.0899963378906,484.0400085449219,481.19000244140625,481.79998779296875,975192.0
2026-03-02T15:30:00-05:00,481.8599853515625,482.7550048828125,479.9800109863281,480.1099853515625,1403967.0
2026-03-03T09:30:00-05:00,477.07501220703125,477.9399108886719,472.5199890136719,476.8699951171875,1748065.0
2026-03-03T10:30:00-05:00,477.0,479.7598876953125,476.8800048828125,479.6499938964844,734780.0
2026-03-03T11:30:00-05:00,479.55999755859375,480.5400085449219,478.29010009765625,479.92999267578125,502846.0
2026-03-03T12:30:00-05:00,479.8999938964844,482.7300109863281,479.42999267578125,482.2300109863281,453068.0
2026-03-03T13:30:00-05:00,482.2300109863281,483.4798889160156,480.9309997558594,482.42999267578125,482169.0
2026-03-03T14:30:00-05:00,482.510009765625,483.30999755859375,481.5199890136719,481.7799987792969,483483.0
2026-03-03T15:30:00-05:00,481.79998779296875,482.0299987792969,480.5199890136719,481.3599853515625,630110.0
2026-03-04T09:30:00-05:00,481.0,485.92999267578125,479.8800048828125,484.1199951171875,889987.0
2026-03-04T10:30:00-05:00,484.0199890136719,487.739990234375,483.3399963378906,487.589111328125,452645.0
2026-03-04T11:30:00-05:00,487.5249938964844,487.7799987792969,485.2200927734375,485.2300109863281,332968.0
2026-03-04T12:30:00-05:00,485.2349853515625,487.510009765625,484.9700012207031,487.2950134277344,392566.0
2026-03-04T13:30:00-05:00,487.3500061035156,488.4779052734375,486.5,488.0299987792969,318061.0
2026-03-04T14:30:00-05:00,488.1199951171875,488.9700012207031,487.8114013671875,487.94500732421875,288287.0
2026-03-04T15:30:00-05:00,487.9800109863281,489.17999267578125,487.0299987792969,487.5299987792969,637254.0
2026-03-05T09:30:00-05:00,493.75,498.4800109863281,492.510009765625,495.0050048828125,1659505.0
2026-03-05T10:30:00-05:00,494.9150085449219,496.7898864746094,494.1600036621094,496.6000061035156,675713.0
2026-03-05T11:30:00-05:00,496.4200134277344,498.1600036621094,495.6499938964844,496.9825134277344,592011.0
2026-03-05T12:30:00-05:00,496.9049987792969,499.69000244140625,496.7699890136719,498.54998779296875,795599.0
2026-03-05T13:30:00-05:00,498.5199890136719,499.1600036621094,497.1199951171875,497.7200012207031,626191.0
2026-03-05T14:30:00-05:00,497.55999755859375,500.8599853515625,496.7900085449219,500.3699951171875,834015.0
2026-03-05T15:30:00-05:00,500.30999755859375,500.7398986816406,498.3699951171875,500.2900085449219,1277636.0
2026-03-06T09:30:00-05:00,499.2449951171875,500.70098876953125,492.6499938964844,494.9901123046875,1025973.0
2026-03-06T10:30:00-05:00,495.1199951171875,495.58990478515625,491.8800048828125,492.5799865722656,586059.0
2026-03-06T11:30:00-05:00,492.54998779296875,494.875,492.0,494.80999755859375,479858.0
2026-03-06T12:30:00-05:00,494.8349914550781,496.0,492.44000244140625,495.3999938964844,377357.0
2026-03-06T13:30:00-05:00,495.5,498.1000061035156,495.0000915527344,497.95098876953125,519547.0
2026-03-06T14:30:00-05:00,497.8500061035156,499.2900085449219,497.35009765625,499.17999267578125,412106.0
2026-03-06T15:30:00-05:00,499.1400146484375,499.4100036621094,497.3800048828125,498.92999267578125,856864.0
2026-03-09T09:30:00-04:00,494.8999938964844,496.19000244140625,490.2099914550781,490.44000244140625,1039523.0
2026-03-09T10:30:00-04:00,490.45001220703125,493.3900146484375,490.3280029296875,492.5400085449219,657586.0
2026-03-09T11:30:00-04:00,492.42999267578125,493.80999755859375,491.5,493.42498779296875,486245.0
2026-03-09T12:30:00-04:00,493.3500061035156,493.8799133300781,492.10009765625,492.4200134277344,329185.0
2026-03-09T13:30:00-04:00,492.3999938964844,493.4100036621094,491.8699951171875,493.17999267578125,490610.0
2026-03-09T14:30:00-04:00,493.20001220703125,496.6600036621094,493.125,496.5,477737.0
2026-03-09T15:30:00-04:00,496.6400146484375,498.82000732421875,495.4200134277344,497.2699890136719,1069247.0
2026-03-10T09:30:00-04:00,495.1300048828125,496.5664978027344,492.30999755859375,495.0050964355469,662608.0
2026-03-10T10:30:00-04:00,495.1300048828125,496.8800048828125,494.90008544921875,495.6575012207031,282906.0
2026-03-10T11:30:00-04:00,495.7898864746094,496.8999938964844,495.1600036621094,496.3800048828125,279274.0
2026-03-10T12:30:00-04:00,496.2569885253906,498.6700134277344,496.20001220703125,498.4150085449219,295116.0
2026-03-10T13:30:00-04:00,498.4150085449219,498.4200134277344,494.91571044921875,496.2900085449219,366622.0
2026-03-10T14:30:00-04:00,496.2900085449219,496.510009765625,494.04998779296875,494.239990234375,273234.0
2026-03-10T15:30:00-04:00,494.30810546875,494.7298889160156,493.29998779296875,494.0899963378906,525913.0
2026-03-11T09:30:00-04:00,493.0899963378906,493.79998779296875,490.3299865722656,490.44000244140625,636924.0
2026-03-11T10:30:00-04:00,490.3450012207031,492.9198913574219,490.25,492.5150146484375,444267.0
2026-03-11T11:30:00-04:00,492.6700134277344,493.05499267578125,489.2500915527344,490.57000732421875,397475.0
2026-03-11T12:30:00-04:00,490.5,491.3299865722656,490.20001220703125,490.79638671875,187564.0
2026-03-11T13:30:00-04:00,490.80499267578125,491.4100036621094,489.7099914550781,491.2799987792969,228964.0
2026-03-11T14:30:00-04:00,491.3800048828125,491.5899963378906,490.4100036621094,491.4150085449219,261964.0
2026-03-11T15:30:00-04:00,491.4599914550781,493.45001220703125,491.3617858886719,493.4100036621094,492454.0
2026-03-12T09:30:00-04:00,491.8399963378906,492.5,489.0216064453125,490.0,733621.0
2026-03-12T10:30:00-04:00,490.0,492.489990234375,489.5101013183594,490.25,416763.0
2026-03-12T11:30:00-04:00,490.2900085449219,493.3999938964844,489.875,491.2049865722656,446383.0
2026-03-12T12:30:00-04:00,491.1733093261719,492.7200012207031,490.18499755859375,491.32000732421875,399869.0
2026-03-12T13:30:00-04:00,491.3500061035156,492.5299987792969,491.30999755859375,492.4599914550781,318912.0
2026-03-12T14:30:00-04:00,492.42498779296875,493.1300048828125,491.239990234375,492.7200012207031,393902.0
2026-03-12T15:30:00-04:00,492.760009765625,493.30999755859375,491.260009765625,491.7300109863281,476986.0
2026-03-13T09:30:00-04:00,494.0,494.45001220703125,490.5101013183594,492.0950012207031,537302.0
2026-03-13T10:30:00-04:00,492.1000061035156,493.3800048828125,491.9100036621094,492.7149963378906,316028.0
2026-03-13T11:30:00-04:00,492.7699890136719,493.7900085449219,491.68011474609375,492.2650146484375,260903.0
2026-03-13T12:30:00-04:00,492.2650146484375,492.69000244140625,491.010009765625,491.2799987792969,211001.0
2026-03-13T13:30:00-04:00,491.2149963378906,491.2149963378906,490.0199890136719,490.864990234375,253699.0
2026-03-13T14:30:00-04:00,490.864990234375,492.3999938964844,490.3500061035156,490.42999267578125,260753.0
2026-03-13T15:30:00-04:00,490.43499755859375,491.3500061035156,489.7699890136719,490.0899963378906,392892.0
2026-03-16T09:30:00-04:00,492.7699890136719,496.6300048828125,491.2601013183594,495.8450012207031,654671.0
2026-03-16T10:30:00-04:00,495.8500061035156,495.8699951171875,492.3507995605469,493.32000732421875,271989.0
2026-03-16T11:30:00-04:00,493.3399963378906,493.67999267578125,491.3699951171875,491.760009765625,266652.0
2026-03-16T12:30:00-04:00,491.760009765625,492.1199951171875,491.0799865722656,492.03118896484375,271760.0
2026-03-16T13:30:00-04:00,491.9949951171875,493.0799865722656,491.6199951171875,492.25,249020.0
2026-03-16T14:30:00-04:00,492.17999267578125,493.0799865722656,491.8500061035156,493.0199890136719,249665.0
2026-03-16T15:30:00-04:00,492.9800109863281,493.29998779296875,491.70001220703125,492.2699890136719,344687.0
2026-03-17T09:30:00-04:00,494.8399963378906,496.9599914550781,492.29998779296875,492.760009765625,510094.0
2026-03-17T10:30:00-04:00,493.010009765625,493.4200134277344,491.9549865722656,492.3299865722656,366955.0
2026-03-17T11:30:00-04:00,492.3299865722656,493.0,491.7250061035156,492.2699890136719,252992.0
2026-03-17T12:30:00-04:00,492.1600036621094,493.54998779296875,491.9200134277344,493.4800109863281,199452.0
2026-03-17T13:30:00-04:00,493.42999267578125,493.739990234375,491.6200866699219,491.82989501953125,317250.0
2026-03-17T14:30:00-04:00,491.7550048828125,493.0799865722656,491.4100036621094,492.7799987792969,341803.0
2026-03-17T15:30:00-04:00,492.610107421875,493.9200134277344,491.8599853515625,492.6499938964844,406286.0
2026-03-18T09:30:00-04:00,491.1400146484375,491.3800048828125,488.29998779296875,488.6700134277344,453273.0
2026-03-18T10:30:00-04:00,488.6600036621094,489.14990234375,486.7099914550781,486.95001220703125,347905.0
2026-03-18T11:30:00-04:00,486.8699951171875,487.5,485.8999938964844,486.1600036621094,382249.0
2026-03-18T12:30:00-04:00,486.1000061035156,486.7298889160156,485.3699951171875,485.3699951171875,259424.0
2026-03-18T13:30:00-04:00,485.4100036621094,485.95989990234375,485.0,485.3699951171875,292136.0
2026-03-18T14:30:00-04:00,485.3500061035156,485.6700134277344,483.79998779296875,485.2598876953125,455876.0
2026-03-18T15:30:00-04:00,485.2099914550781,485.2200012207031,483.8999938964844,484.5799865722656,620993.0
2026-03-19T09:30:00-04:00,483.8999938964844,484.25,480.3299865722656,480.3299865722656,595421.0
2026-03-19T10:30:00-04:00,480.3299865722656,481.739990234375,479.8999938964844,480.82501220703125,516530.0
2026-03-19T11:30:00-04:00,480.79998779296875,481.7099914550781,479.9599914550781,481.5050048828125,350834.0
2026-03-19T12:30:00-04:00,481.5299987792969,481.9800109863281,480.04998779296875,480.6659851074219,298379.0
2026-03-19T13:30:00-04:00,480.6050109863281,480.69500732421875,479.25,479.25,320065.0
2026-03-19T14:30:00-04:00,479.29998779296875,481.9299011230469,478.80999755859375,481.75,497354.0
2026-03-19T15:30:00-04:00,481.7300109863281,482.5299987792969,480.9800109863281,481.4599914550781,485390.0
2026-03-20T09:30:00-04:00,481.6300048828125,484.0,480.8699951171875,481.5150146484375,1817369.0
2026-03-20T10:30:00-04:00,481.51251220703125,482.1600036621094,480.0,480.2594909667969,399688.0
2026-03-20T11:30:00-04:00,480.05999755859375,482.0899963378906,480.04998779296875,481.635009765625,281453.0
2026-03-20T12:30:00-04:00,481.5400085449219,483.3699951171875,481.29998779296875,483.3299865722656,308538.0
2026-03-20T13:30:00-04:00,483.3999938964844,485.1199951171875,483.1449890136719,483.69891357421875,491295.0
2026-03-20T14:30:00-04:00,483.739990234375,484.0199890136719,482.0899963378906,483.42999267578125,778556.0
2026-03-20T15:30:00-04:00,483.4599914550781,483.6000061035156,479.6600036621094,481.1300048828125,868312.0
2026-03-23T09:30:00-04:00,483.5,485.9800109863281,479.80999755859375,481.30999755859375,928185.0
2026-03-23T10:30:00-04:00,481.3999938964844,483.6000061035156,480.79998779296875,480.9100036621094,693348.0
2026-03-23T11:30:00-04:00,481.0,482.0199890136719,479.1400146484375,479.1650085449219,467275.0
2026-03-23T12:30:00-04:00,479.20001220703125,480.55999755859375,479.0,480.489990234375,354966.0
2026-03-23T13:30:00-04:00,480.5249938964844,481.5,480.1099853515625,480.68499755859375,306975.0
2026-03-23T14:30:00-04:00,480.7699890136719,482.239990234375,480.7300109863281,481.3500061035156,299009.0
2026-03-23T15:30:00-04:00,481.3500061035156,482.7300109863281,480.0,480.0799865722656,640257.0
2026-03-24T09:30:00-04:00,478.0,482.9700012207031,477.5495910644531,482.510009765625,459044.0
2026-03-24T10:30:00-04:00,482.6050109863281,483.5,481.3467102050781,482.8500061035156,293949.0
2026-03-24T11:30:00-04:00,482.8580017089844,483.46990966796875,480.3999938964844,482.3399963378906,321697.0
2026-03-24T12:30:00-04:00,482.2950134277344,482.69000244140625,480.9200134277344,481.6549987792969,221734.0
2026-03-24T13:30:00-04:00,481.6549987792969,481.989990234375,480.5,481.5,270487.0
2026-03-24T14:30:00-04:00,481.5,481.7398986816406,479.70001220703125,480.1400146484375,425950.0
2026-03-24T15:30:00-04:00,480.1499938964844,480.45989990234375,478.1600036621094,479.3500061035156,434479.0
2026-03-25T09:30:00-04:00,482.6300048828125,483.2300109863281,477.07000732421875,477.9049987792969,694503.0
2026-03-25T10:30:00-04:00,477.8999938964844,479.10809326171875,477.0799865722656,477.8599853515625,510778.0
2026-03-25T11:30:00-04:00,477.94000244140625,478.17999267578125,476.9306945800781,477.7749938964844,352854.0
2026-03-25T12:30:00-04:00,477.7449951171875,478.2099914550781,477.19000244140625,478.19000244140625,249909.0
2026-03-25T13:30:00-04:00,478.1400146484375,478.67999267578125,476.8800048828125,478.17999267578125,258786.0
2026-03-25T14:30:00-04:00,478.239990234375,478.9598083496094,477.95001220703125,478.7699890136719,269913.0
2026-03-25T15:30:00-04:00,478.8376159667969,478.92999267578125,475.7300109863281,476.4200134277344,890485.0
2026-03-26T09:30:00-04:00,476.43499755859375,478.3800048828125,475.0799865722656,477.0769958496094,533839.0
2026-03-26T10:30:00-04:00,477.1499938964844,478.0050048828125,476.0,476.04998779296875,338317.0
2026-03-26T11:30:00-04:00,475.9599914550781,476.3890075683594,474.6178894042969,474.9198913574219,392528.0
2026-03-26T12:30:00-04:00,474.7900085449219,476.1000061035156,474.5,475.2099914550781,273868.0
2026-03-26T13:30:00-04:00,475.2200012207031,475.81561279296875,474.54998779296875,475.5899963378906,237762.0
2026-03-26T14:30:00-04:00,475.6600036621094,477.0398864746094,475.1199951171875,475.18218994140625,310864.0
2026-03-26T15:30:00-04:00,475.17999267578125,476.5950012207031,475.0,475.2900085449219,492438.0
2026-03-27T09:30:00-04:00,474.19000244140625,474.70001220703125,470.32000732421875,473.6700134277344,665226.0
2026-03-27T10:30:00-04:00,473.5400085449219,474.79998779296875,473.2699890136719,473.7749938964844,288556.0
2026-03-27T11:30:00-04:00,473.8800048828125,474.260009765625,472.67010498046875,473.29998779296875,336044.0
2026-03-27T12:30:00-04:00,473.32000732421875,473.32000732421875,471.1099853515625,471.6990051269531,716410.0
2026-03-27T13:30:00-04:00,471.6700134277344,473.010009765625,471.0,471.260009765625,368309.0
2026-03-27T14:30:00-04:00,471.19500732421875,472.25,469.32000732421875,469.62298583984375,705130.0
2026-03-27T15:30:00-04:00,469.5450134277344,469.7699890136719,467.2099914550781,468.17999267578125,810780.0
2026-03-30T09:30:00-04:00,470.67999267578125,475.5799865722656,470.6499938964844,474.989990234375,713358.0
2026-03-30T10:30:00-04:00,475.30999755859375,477.69000244140625,475.04998779296875,476.75,410618.0
2026-03-30T11:30:00-04:00,476.7499084472656,477.43450927734375,475.8599853515625,476.92498779296875,330916.0
2026-03-30T12:30:00-04:00,476.989990234375,477.3699035644531,476.1099853515625,476.6600036621094,252727.0
2026-03-30T13:30:00-04:00,476.64239501953125,477.20001220703125,475.6900939941406,475.7099914550781,317360.0
2026-03-30T14:30:00-04:00,475.7099914550781,475.889892578125,473.7300109863281,474.135009765625,334629.0
2026-03-30T15:30:00-04:00,474.18499755859375,475.7898864746094,474.110107421875,474.9100036621094,653715.0
2026-03-31T09:30:00-04:00,477.7799987792969,478.7799987792969,475.9200134277344,477.44000244140625,643818.0
2026-03-31T10:30:00-04:00,477.3500061035156,477.5899963378906,474.7699890136719,475.6700134277344,404241.0
2026-03-31T11:30:00-04:00,475.7850036621094,477.3800048828125,475.5150146484375,477.125,439029.0
2026-03-31T12:30:00-04:00,477.0400085449219,479.79998779296875,476.9100036621094,477.5400085449219,415948.0
2026-03-31T13:30:00-04:00,477.62109375,478.17999267578125,476.8800048828125,477.53009033203125,276302.0
2026-03-31T14:30:00-04:00,477.5299987792969,478.69000244140625,476.8550109863281,478.5199890136719,351754.0
2026-03-31T15:30:00-04:00,478.5400085449219,479.80999755859375,478.5101013183594,479.2300109863281,571771.0
2026-04-01T09:30:00-04:00,478.9800109863281,481.0992126464844,477.2500915527344,479.80999755859375,620813.0
2026-04-01T10:30:00-04:00,479.80999755859375,481.0,479.42999267578125,480.17999267578125,368226.0
2026-04-01T11:30:00-04:00,480.20001220703125,480.3999938964844,478.6099853515625,478.7423095703125,239022.0
2026-04-01T12:30:00-04:00,478.739990234375,480.7099914550781,478.6300048828125,480.6300048828125,211577.0
2026-04-01T13:30:00-04:00,480.6700134277344,481.0,479.05999755859375,479.29998779296875,281123.0
2026-04-01T14:30:00-04:00,479.3800048828125,479.8599853515625,479.0,479.68499755859375,280295.0
2026-04-01T15:30:00-04:00,479.760009765625,480.3299865722656,478.1000061035156,478.54998779296875,498941.0
2026-04-02T09:30:00-04:00,477.82000732421875,479.7699890136719,475.67999267578125,478.2449951171875,616713.0
2026-04-02T10:30:00-04:00,478.29998779296875,479.739990234375,477.6700134277344,478.6600036621094,336747.0
2026-04-02T11:30:00-04:00,478.75,478.7699890136719,476.6300964355469,477.0799865722656,283355.0
2026-04-02T12:30:00-04:00,477.010009765625,478.6429138183594,477.0,478.30999755859375,196741.0
2026-04-02T13:30:00-04:00,478.4200134277344,478.7398986816406,476.8599853515625,477.5899963378906,243427.0
2026-04-02T14:30:00-04:00,477.5849914550781,477.8900146484375,476.7200012207031,477.0400085449219,280243.0
2026-04-02T15:30:00-04:00,476.9800109863281,478.0,476.8500061035156,477.4100036621094,345856.0
2026-04-06T09:30:00-04:00,475.6600036621094,479.1600036621094,475.3500061035156,479.125,385957.0
2026-04-06T10:30:00-04:00,479.1700134277344,479.5,478.25,478.45989990234375,187352.0
2026-04-06T11:30:00-04:00,478.3200988769531,478.7998962402344,477.8399963378906,478.30999755859375,193656.0
2026-04-06T12:30:00-04:00,478.3599853515625,478.7200012207031,477.20001220703125,477.2799987792969,173932.0
2026-04-06T13:30:00-04:00,477.2950134277344,477.3500061035156,476.0,476.75,479964.0
2026-04-06T14:30:00-04:00,476.7300109863281,476.989990234375,476.1400146484375,476.9549865722656,253995.0
2026-04-06T15:30:00-04:00,476.94000244140625,477.7300109863281,476.5400085449219,476.8500061035156,732271.0
2026-04-07T09:30:00-04:00,475.7099914550781,479.4599914550781,474.32000732421875,479.14990234375,592915.0
2026-04-07T10:30:00-04:00,479.0,479.75,477.2200012207031,477.7699890136719,309294.0
2026-04-07T11:30:00-04:00,477.70001220703125,478.57000732421875,476.9200134277344,478.0,232082.0
2026-04-07T12:30:00-04:00,477.9100036621094,477.9100036621094,476.8778076171875,476.9303894042969,158279.0
2026-04-07T13:30:00-04:00,476.9599914550781,478.1499938964844,476.8500061035156,477.7200012207031,183342.0
2026-04-07T14:30:00-04:00,477.6148986816406,478.489990234375,476.62249755859375,478.3699951171875,230011.0
2026-04-07T15:30:00-04:00,478.30999755859375,479.510009765625,477.7799987792969,478.1199951171875,395770.0
2026-04-08T09:30:00-04:00,483.75,483.75,479.5,480.45001220703125,853256.0
2026-04-08T10:30:00-04:00,480.4599914550781,482.739990234375,479.79998779296875,481.2298889160156,396669.0
2026-04-08T11:30:00-04:00,481.135009765625,482.1000061035156,479.6650085449219,479.8299865722656,371177.0
2026-04-08T12:30:00-04:00,479.75,480.0220031738281,477.68011474609375,478.8999938964844,412738.0
2026-04-08T13:30:00-04:00,478.9200134277344,480.3500061035156,478.3380126953125,479.3150939941406,366583.0
2026-04-08T14:30:00-04:00,479.260009765625,479.5849914550781,478.4100036621094,478.9800109863281,374743.0
2026-04-08T15:30:00-04:00,478.95001220703125,480.4599914550781,478.8599853515625,479.760009765625,630371.0
2026-04-09T09:30:00-04:00,478.2099914550781,484.5,477.29010009765625,484.04998779296875,650553.0
2026-04-09T10:30:00-04:00,484.05999755859375,484.54998779296875,482.54998779296875,484.32000732421875,335664.0
2026-04-09T11:30:00-04:00,484.260009765625,487.381591796875,484.260009765625,487.0,452818.0
2026-04-09T12:30:00-04:00,486.9800109863281,487.67999267578125,486.5899963378906,487.6099853515625,324764.0
2026-04-09T13:30:00-04:00,487.5899963378906,487.95001220703125,486.94000244140625,486.9700012207031,284986.0
2026-04-09T14:30:00-04:00,487.0010070800781,487.06298828125,485.92999267578125,485.94500732421875,287803.0
2026-04-09T15:30:00-04:00,485.9700012207031,486.5199890136719,485.1700134277344,485.17999267578125,446085.0
2026-04-10T09:30:00-04:00,484.0199890136719,484.8599853515625,481.3699951171875,483.4100036621094,664765.0
2026-04-10T10:30:00-04:00,483.385009765625,483.4200134277344,480.6400146484375,481.0150146484375,519761.0
2026-04-10T11:30:00-04:00,481.00799560546875,481.989990234375,480.8800048828125,481.26300048828125,250875.0
2026-04-10T12:30:00-04:00,481.25,481.9599914550781,480.75,480.8500061035156,206591.0
2026-04-10T13:30:00-04:00,480.82000732421875,481.0,480.17999267578125,480.5899963378906,241441.0
2026-04-10T14:30:00-04:00,480.5899963378906,480.6300048828125,479.29998779296875,479.3900146484375,328611.0
2026-04-10T15:30:00-04:00,479.3599853515625,480.0199890136719,478.9200134277344,479.94000244140625,516853.0
2026-04-13T09:30:00-04:00,478.8999938964844,480.260009765625,477.3999938964844,480.260009765625,506058.0
2026-04-13T10:30:00-04:00,480.2101135253906,481.1050109863281,478.760009765625,479.010009765625,237590.0
2026-04-13T11:30:00-04:00,479.0299987792969,479.4198913574219,478.5199890136719,479.2900085449219,240918.0
2026-04-13T12:30:00-04:00,479.32501220703125,480.4599914550781,479.1400146484375,479.5299987792969,279956.0
2026-04-13T13:30:00-04:00,479.5299987792969,479.625,478.6700134277344,479.1400146484375,260158.0
2026-04-13T14:30:00-04:00,479.1000061035156,480.4700012207031,478.9949951171875,480.3900146484375,298062.0
2026-04-13T15:30:00-04:00,480.4200134277344,480.92498779296875,479.80999755859375,480.20001220703125,639074.0
2026-04-14T09:30:00-04:00,479.80999755859375,480.489990234375,476.80999755859375,479.2799987792969,760331.0
2026-04-14T10:30:00-04:00,479.32501220703125,479.35980224609375,477.5,478.29998779296875,435511.0
2026-04-14T11:30:00-04:00,478.2799987792969,478.54998779296875,476.5899963378906,476.75,481463.0
2026-04-14T12:30:00-04:00,476.7799987792969,477.1000061035156,476.0,476.94000244140625,435538.0
2026-04-14T13:30:00-04:00,476.9100036621094,477.70001220703125,476.510009765625,477.2850036621094,355993.0
2026-04-14T14:30:00-04:00,477.2998962402344,477.8800048828125,476.989990234375,477.739990234375,433265.0
2026-04-14T15:30:00-04:00,477.80999755859375,478.3900146484375,477.239990234375,477.5899963378906,594138.0
2026-04-15T09:30:00-04:00,478.0,478.7699890136719,474.3599853515625,475.2449951171875,986012.0
2026-04-15T10:30:00-04:00,475.25,475.75,473.82000732421875,475.026611328125,584091.0
2026-04-15T11:30:00-04:00,474.9700012207031,475.3500061035156,474.5199890136719,475.23748779296875,324482.0
2026-04-15T12:30:00-04:00,475.25,477.5,475.2001037597656,477.05999755859375,474702.0
2026-04-15T13:30:00-04:00,477.06500244140625,477.7049865722656,476.3699951171875,476.4750061035156,420039.0
2026-04-15T14:30:00-04:00,476.45001220703125,476.5899963378906,475.260009765625,475.82000732421875,792434.0
2026-04-15T15:30:00-04:00,475.7799987792969,475.7799987792969,473.739990234375,474.0799865722656,1516112.0
2026-04-16T09:30:00-04:00,474.3399963378906,476.2598876953125,473.1050109863281,473.4949951171875,856480.0
2026-04-16T10:30:00-04:00,473.5050048828125,473.80999755859375,464.010009765625,473.510009765625,663629.0
2026-04-16T11:30:00-04:00,473.5,473.6700134277344,472.1099853515625,472.4649963378906,433638.0
2026-04-16T12:30:00-04:00,472.4599914550781,472.9295959472656,471.8399963378906,472.135986328125,396631.0
2026-04-16T13:30:00-04:00,472.1199951171875,473.70001220703125,472.1000061035156,473.57501220703125,401023.0
2026-04-16T14:30:00-04:00,473.57000732421875,475.239990234375,473.43499755859375,474.9049987792969,379969.0
2026-04-16T15:30:00-04:00,474.92999267578125,475.8500061035156,474.8999938964844,474.9700012207031,442210.0
2026-04-17T09:30:00-04:00,475.489990234375,478.6099853515625,475.1199951171875,477.2099914550781,1367422.0
2026-04-17T10:30:00-04:00,477.20001220703125,478.5299987792969,477.0,477.79998779296875,732500.0
2026-04-17T11:30:00-04:00,477.79998779296875,479.2099914550781,477.4599914550781,478.3399963378906,454363.0
2026-04-17T12:30:00-04:00,478.2099914550781,479.69000244140625,477.5108947753906,477.6499938964844,475675.0
2026-04-17T13:30:00-04:00,477.635009765625,477.760009765625,476.1099853515625,476.6261901855469,404937.0
2026-04-17T14:30:00-04:00,476.6050109863281,476.7099914550781,475.7149963378906,475.8800048828125,475779.0
2026-04-17T15:30:00-04:00,475.93499755859375,476.2200012207031,474.1499938964844,474.4200134277344,955760.0
2026-04-20T09:30:00-04:00,474.3800048828125,476.0400085449219,473.95001220703125,474.875,872996.0
2026-04-20T10:30:00-04:00,474.8900146484375,475.1000061035156,472.8999938964844,473.55999755859375,699765.0
2026-04-20T11:30:00-04:00,473.635009765625,473.7398986816406,472.2200012207031,472.75,483924.0
2026-04-20T12:30:00-04:00,472.7550048828125,473.75,472.69000244140625,473.44000244140625,398998.0
2026-04-20T13:30:00-04:00,473.4375,473.6400146484375,472.25,472.93499755859375,437728.0
2026-04-20T14:30:00-04:00,472.94000244140625,472.989990234375,471.82000732421875,472.14990234375,527606.0
2026-04-20T15:30:00-04:00,472.1199951171875,472.2300109863281,471.3700866699219,472.1300048828125,768160.0
2026-04-21T09:30:00-04:00,472.5400085449219,474.19000244140625,472.1000061035156,472.75,1029613.0
2026-04-21T10:30:00-04:00,472.7550048828125,473.0400085449219,470.54998779296875,470.9501037597656,700691.0
2026-04-21T11:30:00-04:00,470.95001220703125,471.95001220703125,470.17999267578125,470.64990234375,386181.0
2026-04-21T12:30:00-04:00,470.625,470.739990234375,469.05999755859375,469.67498779296875,559070.0
2026-04-21T13:30:00-04:00,469.68499755859375,469.9100036621094,468.30999755859375,468.3399963378906,520967.0
2026-04-21T14:30:00-04:00,468.32000732421875,469.739990234375,468.05999755859375,469.739990234375,490888.0
2026-04-21T15:30:00-04:00,469.7200012207031,470.1000061035156,468.3699951171875,468.4700012207031,774695.0
2026-04-22T09:30:00-04:00,468.8599853515625,470.989990234375,468.55999755859375,469.8999938964844,744752.0
2026-04-22T10:30:00-04:00,469.8699951171875,469.94000244140625,467.260009765625,467.4700012207031,602186.0
2026-04-22T11:30:00-04:00,467.5249938964844,467.70001220703125,465.8500061035156,466.34698486328125,681165.0
2026-04-22T12:30:00-04:00,466.32501220703125,467.9800109863281,466.32501220703125,467.3700866699219,432713.0
2026-04-22T13:30:00-04:00,467.45001220703125,468.17999267578125,466.260009765625,466.3550109863281,385174.0
2026-04-22T14:30:00-04:00,466.3550109863281,466.4700012207031,464.6199951171875,465.54998779296875,784928.0
2026-04-22T15:30:00-04:00,465.6400146484375,466.3399963378906,465.2300109863281,465.42498779296875,1044465.0
2026-04-23T09:30:00-04:00,466.7200012207031,471.8800048828125,466.7200012207031,470.739990234375,938803.0
2026-04-23T10:30:00-04:00,470.7650146484375,470.79998779296875,468.4549865722656,469.1000061035156,434249.0
2026-04-23T11:30:00-04:00,469.1099853515625,469.739990234375,468.4800109863281,468.7749938964844,337958.0
2026-04-23T12:30:00-04:00,468.760009765625,469.9700012207031,468.6099853515625,469.0299987792969,257569.0
2026-04-23T13:30:00-04:00,468.95001220703125,472.42999267578125,468.7699890136719,472.3399963378906,508175.0
2026-04-23T14:30:00-04:00,472.32000732421875,473.0,471.92498779296875,472.43499755859375,460306.0
2026-04-23T15:30:00-04:00,472.4200134277344,472.989990234375,470.4700012207031,470.7699890136719,737272.0
2026-04-24T09:30:00-04:00,468.79998779296875,469.92999267578125,466.5799865722656,469.7699890136719,648850.0
2026-04-24T10:30:00-04:00,469.7099914550781,470.2799987792969,468.5,468.8800048828125,321501.0
2026-04-24T11:30:00-04:00,468.8699951171875,469.57000732421875,468.25,468.7300109863281,308992.0
2026-04-24T12:30:00-04:00,468.7349853515625,468.8800048828125,468.010009765625,468.72601318359375,294721.0
2026-04-24T13:30:00-04:00,468.6700134277344,469.70001220703125,468.55999755859375,469.2449951171875,747674.0
2026-04-24T14:30:00-04:00,469.2449951171875,469.989990234375,469.1000061035156,469.4800109863281,325968.0
2026-04-24T15:30:00-04:00,469.4700012207031,470.0,469.1499938964844,469.30999755859375,477955.0
2026-04-27T09:30:00-04:00,469.79998779296875,475.20001220703125,469.3500061035156,474.2300109863281,973205.0
2026-04-27T10:30:00-04:00,474.32000732421875,475.5,474.1300964355469,474.91009521484375,550007.0
2026-04-27T11:30:00-04:00,474.95001220703125,475.5,474.5,475.32000732421875,389575.0
2026-04-27T12:30:00-04:00,475.25,475.3392028808594,473.79998779296875,473.99420166015625,379204.0
2026-04-27T13:30:00-04:00,474.0,474.1499938964844,472.67999267578125,472.8500061035156,384293.0
2026-04-27T14:30:00-04:00,472.9599914550781,473.739990234375,472.5199890136719,473.29998779296875,610242.0
2026-04-27T15:30:00-04:00,473.2799987792969,473.5436096191406,472.44000244140625,472.94000244140625,524536.0
2026-04-28T09:30:00-04:00,476.7900085449219,478.5,475.6650085449219,476.8623962402344,815437.0
2026-04-28T10:30:00-04:00,476.9031066894531,479.7699890136719,476.8299865722656,478.2096862792969,577854.0
2026-04-28T11:30:00-04:00,478.1400146484375,479.17999267578125,478.0799865722656,478.864990234375,361070.0
2026-04-28T12:30:00-04:00,478.864990234375,479.0899963378906,477.4800109863281,477.5350036621094,262217.0
2026-04-28T13:30:00-04:00,477.5350036621094,477.8800048828125,475.8127136230469,476.54998779296875,302450.0
2026-04-28T14:30:00-04:00,476.42999267578125,477.19000244140625,476.19500732421875,476.95001220703125,358622.0
2026-04-28T15:30:00-04:00,476.95001220703125,478.92999267578125,476.739990234375,478.19000244140625,663580.0
2026-04-29T09:30:00-04:00,476.45001220703125,477.9700012207031,475.8999938964844,476.32000732421875,445747.0
2026-04-29T10:30:00-04:00,476.32000732421875,477.3299865722656,475.739990234375,476.4049987792969,366605.0
2026-04-29T11:30:00-04:00,476.375,476.55999755859375,475.3500061035156,476.42498779296875,309103.0
2026-04-29T12:30:00-04:00,476.5249938964844,476.95001220703125,475.25,475.25,256178.0
2026-04-29T13:30:00-04:00,475.260009765625,476.0799865722656,475.1499938964844,475.4200134277344,263505.0
2026-04-29T14:30:00-04:00,475.44500732421875,475.79998779296875,474.510009765625,475.55999755859375,389473.0
2026-04-29T15:30:00-04:00,475.5150146484375,476.4100036621094,475.2699890136719,475.4649963378906,493821.0
2026-04-30T09:30:00-04:00,473.4599914550781,477.30999755859375,470.8900146484375,476.6099853515625,835161.0
2026-04-30T10:30:00-04:00,476.7300109863281,477.54998779296875,474.610107421875,475.32501220703125,386242.0
2026-04-30T11:30:00-04:00,475.3450012207031,475.6099853515625,474.4200134277344,474.6400146484375,354353.0
2026-04-30T12:30:00-04:00,474.6700134277344,474.8999938964844,474.010009765625,474.32501220703125,371665.0
2026-04-30T13:30:00-04:00,474.31500244140625,474.739990234375,473.8500061035156,474.2799987792969,399050.0
2026-04-30T14:30:00-04:00,474.2799987792969,474.69000244140625,473.82000732421875,474.19000244140625,497340.0
2026-04-30T15:30:00-04:00,474.19000244140625,475.8699951171875,473.8900146484375,473.9599914550781,830670.0
2026-05-01T09:30:00-04:00,475.69000244140625,478.25,474.20001220703125,478.0299987792969,829803.0
2026-05-01T10:30:00-04:00,478.0350036621094,479.1000061035156,475.8800048828125,476.80999755859375,529175.0
2026-05-01T11:30:00-04:00,476.8299865722656,477.5,475.29998779296875,475.30999755859375,458135.0
2026-05-01T12:30:00-04:00,475.29998779296875,475.4389953613281,473.989990234375,474.95001220703125,639765.0
2026-05-01T13:30:00-04:00,474.9898986816406,475.7099914550781,474.2500915527344,474.5,409121.0
2026-05-01T14:30:00-04:00,474.5400085449219,475.57000732421875,474.3999938964844,475.2650146484375,399222.0
2026-05-01T15:30:00-04:00,475.2699890136719,475.5,473.0,473.05999755859375,709340.0
2026-05-04T09:30:00-04:00,473.0299987792969,479.8699951171875,470.54998779296875,478.8299865722656,1439246.0
2026-05-04T10:30:00-04:00,478.5249938964844,479.3450012207031,476.1133117675781,476.54998779296875,625190.0
2026-05-04T11:30:00-04:00,476.4800109863281,478.6099853515625,474.7699890136719,475.4150085449219,531663.0
2026-05-04T12:30:00-04:00,475.30999755859375,476.1499938964844,465.7900085449219,468.2149963378906,1466074.0
2026-05-04T13:30:00-04:00,468.239990234375,468.9800109863281,466.7699890136719,467.3900146484375,641286.0
2026-05-04T14:30:00-04:00,467.4100036621094,469.5,466.8800048828125,467.54901123046875,553861.0
2026-05-04T15:30:00-04:00,467.5400085449219,469.0199890136719,467.3599853515625,468.44000244140625,742317.0
2026-05-05T09:30:00-04:00,468.5299987792969,469.6619873046875,466.1700134277344,467.79998779296875,887854.0
2026-05-05T10:30:00-04:00,467.7699890136719,467.7699890136719,465.8999938964844,466.4895935058594,682366.0
2026-05-05T11:30:00-04:00,466.4800109863281,466.5400085449219,465.010009765625,465.17498779296875,578391.0
2026-05-05T12:30:00-04:00,465.1781005859375,465.75,464.3399963378906,464.4949951171875,751691.0
2026-05-05T13:30:00-04:00,464.45001220703125,465.6600036621094,464.45001220703125,465.2900085449219,438057.0
2026-05-05T14:30:00-04:00,465.28009033203125,467.5,464.79998779296875,466.8900146484375,563698.0
2026-05-05T15:30:00-04:00,466.9100036621094,467.0199890136719,465.30999755859375,465.4700012207031,592863.0
2026-05-06T09:30:00-04:00,466.010009765625,470.6300048828125,465.6400146484375,470.1400146484375,1359411.0
2026-05-06T10:30:00-04:00,470.2200012207031,470.3999938964844,469.0700988769531,469.7149963378906,598775.0
2026-05-06T11:30:00-04:00,469.7998962402344,469.9700012207031,468.760009765625,468.760009765625,500781.0
2026-05-06T12:30:00-04:00,468.7699890136719,469.4100036621094,467.6099853515625,467.7950134277344,373024.0
2026-05-06T13:30:00-04:00,467.7900085449219,469.57501220703125,467.2699890136719,469.4800109863281,369616.0
2026-05-06T14:30:00-04:00,469.44000244140625,469.7200012207031,468.2799987792969,468.59991455078125,650232.0
2026-05-06T15:30:00-04:00,468.5,470.30499267578125,468.42999267578125,469.8900146484375,677234.0
2026-05-07T09:30:00-04:00,469.2550048828125,474.4599914550781,468.9700012207031,471.010009765625,1032335.0
2026-05-07T10:30:00-04:00,470.9766845703125,475.760009765625,470.92999267578125,475.17999267578125,673035.0
2026-05-07T11:30:00-04:00,475.19000244140625,477.0498962402344,474.92999267578125,476.635009765625,706682.0
2026-05-07T12:30:00-04:00,476.6351013183594,477.19000244140625,474.2300109863281,474.2799987792969,535584.0
2026-05-07T13:30:00-04:00,474.2900085449219,475.0400085449219,472.80999755859375,474.9800109863281,427918.0
2026-05-07T14:30:00-04:00,474.9100036621094,475.32000732421875,473.6499938964844,475.1400146484375,434741.0
2026-05-07T15:30:00-04:00,475.04998779296875,475.739990234375,474.30999755859375,475.1000061035156,664200.0
2026-05-08T09:30:00-04:00,474.8500061035156,478.8800048828125,474.4800109863281,478.8500061035156,846444.0
2026-05-08T10:30:00-04:00,478.739990234375,478.8800048828125,476.04180908203125,476.5150146484375,428656.0
2026-05-08T11:30:00-04:00,476.5199890136719,477.8384094238281,476.3699951171875,476.489990234375,392759.0
2026-05-08T12:30:00-04:00,476.4800109863281,477.9700012207031,476.4100036621094,477.2799987792969,361134.0
2026-05-08T13:30:00-04:00,477.2799987792969,478.3399963378906,477.0409851074219,477.55499267578125,310665.0
2026-05-08T14:30:00-04:00,477.81500244140625,478.17999267578125,476.3999938964844,476.75,466322.0
2026-05-08T15:30:00-04:00,476.7799987792969,477.1499938964844,475.17999267578125,475.69000244140625,797528.0
2026-05-11T09:30:00-04:00,476.3999938964844,480.3999938964844,475.8999938964844,480.3999938964844,998135.0
2026-05-11T10:30:00-04:00,480.32000732421875,480.3800048828125,478.29998779296875,479.2349853515625,455498.0
2026-05-11T11:30:00-04:00,479.2799987792969,479.42498779296875,476.55999755859375,477.7650146484375,500651.0
2026-05-11T12:30:00-04:00,477.7650146484375,478.82000732421875,477.29998779296875,478.3900146484375,352665.0
2026-05-11T13:30:00-04:00,478.4200134277344,479.4100036621094,477.5799865722656,478.9700012207031,0.0
2026-05-11T14:30:00-04:00,479.04998779296875,479.3999938964844,477.5199890136719,478.427001953125,3048969.0
2026-05-11T15:30:00-04:00,478.3819885253906,479.6099853515625,478.0700988769531,479.5899963378906,522141.0
2026-05-12T09:30:00-04:00,481.67999267578125,482.8299865722656,478.90008544921875,482.7799987792969,972054.0
2026-05-12T10:30:00-04:00,482.7300109863281,485.7200012207031,482.0,485.4599914550781,726434.0
2026-05-12T11:30:00-04:00,485.45001220703125,487.44000244140625,484.32000732421875,487.2236022949219,524713.0
2026-05-12T12:30:00-04:00,487.04998779296875,489.4187927246094,486.91009521484375,488.1099853515625,790047.0
2026-05-12T13:30:00-04:00,488.1099853515625,488.1099853515625,485.8500061035156,486.3800048828125,433229.0
2026-05-12T14:30:00-04:00,486.3885803222656,486.67999267578125,485.6199951171875,486.0899963378906,440518.0
2026-05-12T15:30:00-04:00,486.0350036621094,486.32000732421875,484.9100036621094,485.2300109863281,727498.0
2026-05-13T09:30:00-04:00,482.4700012207031,487.139892578125,480.806396484375,484.4800109863281,809929.0
2026-05-13T10:30:00-04:00,484.30999755859375,484.70001220703125,481.69000244140625,482.06500244140625,430711.0
2026-05-13T11:30:00-04:00,482.29998779296875,484.8599853515625,482.010009765625,484.32501220703125,345815.0
2026-05-13T12:30:00-04:00,484.260009765625,484.489990234375,483.32000732421875,484.0050048828125,288347.0
2026-05-13T13:30:00-04:00,484.0050048828125,485.07000732421875,483.69000244140625,483.8599853515625,265748.0
2026-05-13T14:30:00-04:00,483.8599853515625,485.989990234375,483.7449951171875,485.1449890136719,358624.0
2026-05-13T15:30:00-04:00,485.1400146484375,486.7099914550781,484.989990234375,485.3800048828125,420907.0
2026-05-14T09:30:00-04:00,487.1000061035156,487.1000061035156,482.1499938964844,483.3399963378906,620095.0
2026-05-14T10:30:00-04:00,483.2799987792969,483.70001220703125,481.6000061035156,482.70001220703125,405827.0
2026-05-14T11:30:00-04:00,482.87249755859375,483.2601013183594,481.79998779296875,481.8900146484375,260182.0
2026-05-14T12:30:00-04:00,481.8999938964844,483.75,481.5000915527344,483.17999267578125,268840.0
2026-05-14T13:30:00-04:00,483.17999267578125,484.6263122558594,482.9800109863281,483.9049987792969,226782.0
2026-05-14T14:30:00-04:00,483.9049987792969,484.82000732421875,483.5299987792969,484.2398986816406,318546.0
2026-05-14T15:30:00-04:00,484.1650085449219,484.6300048828125,483.60009765625,484.2699890136719,409740.0
2026-05-15T09:30:00-04:00,487.0,488.29998779296875,484.1000061035156,486.6400146484375,1317203.0
2026-05-15T10:30:00-04:00,486.5899963378906,486.7499084472656,484.1099853515625,484.36968994140625,489810.0
2026-05-15T11:30:00-04:00,484.29998779296875,484.8550109863281,483.4800109863281,484.5,297248.0
2026-05-15T12:30:00-04:00,484.4949951171875,484.50750732421875,483.0199890136719,483.2099914550781,488615.0
2026-05-15T13:30:00-04:00,483.1099853515625,483.30999755859375,482.1000061035156,482.375,290407.0
2026-05-15T14:30:00-04:00,482.4100036621094,482.9700012207031,481.760009765625,482.760009765625,295872.0
2026-05-15T15:30:00-04:00,482.7349853515625,483.20001220703125,482.3299865722656,482.7799987792969,472827.0
2026-05-18T09:30:00-04:00,481.1300048828125,484.66229248046875,481.0,484.4100036621094,964916.0
2026-05-18T10:30:00-04:00,484.3800048828125,485.0372009277344,482.760009765625,483.3219909667969,512965.0
2026-05-18T11:30:00-04:00,483.2799987792969,485.0299072265625,482.7900085449219,484.8699951171875,295257.0
2026-05-18T12:30:00-04:00,484.8299865722656,486.20001220703125,484.1600036621094,485.8699951171875,313839.0
2026-05-18T13:30:00-04:00,485.95001220703125,486.20001220703125,485.1600036621094,486.07000732421875,284814.0
2026-05-18T14:30:00-04:00,486.0899963378906,488.6199951171875,485.7401123046875,488.239990234375,431827.0
2026-05-18T15:30:00-04:00,488.2250061035156,489.3599853515625,486.6000061035156,488.29998779296875,983146.0
2026-05-19T09:30:00-04:00,486.92999267578125,487.75,484.75,487.2799987792969,868419.0
2026-05-19T10:30:00-04:00,487.2099914550781,488.1300048828125,486.1400146484375,486.67498779296875,510021.0
2026-05-19T11:30:00-04:00,486.67498779296875,487.4800109863281,486.07501220703125,486.2349853515625,293182.0
2026-05-19T12:30:00-04:00,486.2449951171875,487.05999755859375,484.9649963378906,485.2099914550781,646048.0
2026-05-19T13:30:00-04:00,485.3399963378906,486.5199890136719,484.510009765625,485.07000732421875,534470.0
2026-05-19T14:30:00-04:00,485.0299987792969,486.1400146484375,483.1199951171875,483.2950134277344,641926.0
2026-05-19T15:30:00-04:00,483.260009765625,483.32501220703125,480.1099853515625,480.6000061035156,948444.0
2026-05-20T09:30:00-04:00,480.989990234375,482.7200012207031,478.19000244140625,478.6300048828125,859629.0
2026-05-20T10:30:00-04:00,478.510009765625,480.89990234375,477.6199951171875,479.7300109863281,515647.0
2026-05-20T11:30:00-04:00,479.7250061035156,480.8399963378906,479.1000061035156,480.0069885253906,474886.0
2026-05-20T12:30:00-04:00,479.80999755859375,480.05999755859375,479.1000061035156,479.9800109863281,287097.0
2026-05-20T13:30:00-04:00,479.9599914550781,480.2200012207031,479.239990234375,479.8299865722656,259467.0
2026-05-20T14:30:00-04:00,479.82000732421875,481.5899963378906,479.32000732421875,481.11669921875,393622.0
2026-05-20T15:30:00-04:00,481.1050109863281,481.30999755859375,480.2099914550781,480.8800048828125,507924.0
2026-05-21T09:30:00-04:00,479.989990234375,480.2231140136719,475.5,480.0899963378906,745884.0
2026-05-21T10:30:00-04:00,480.0899963378906,480.5,478.7272033691406,479.04998779296875,306371.0
2026-05-21T11:30:00-04:00,479.04998779296875,479.75,478.49969482421875,479.2699890136719,216119.0
2026-05-21T12:30:00-04:00,479.30999755859375,479.8900146484375,478.8500061035156,479.4100036621094,229597.0
2026-05-21T13:30:00-04:00,479.42999267578125,480.0,478.4200134277344,478.9601135253906,272727.0
2026-05-21T14:30:00-04:00,479.0,479.95001220703125,477.8500061035156,479.57501220703125,320028.0
2026-05-21T15:30:00-04:00,479.57501220703125,480.2200012207031,479.3550109863281,479.9800109863281,396752.0
2026-05-22T09:30:00-04:00,479.6499938964844,483.42999267578125,479.489990234375,483.18499755859375,650205.0
2026-05-22T10:30:00-04:00,483.1300048828125,484.07000732421875,482.75,484.05499267578125,511673.0
2026-05-22T11:30:00-04:00,484.05499267578125,487.1892395019531,484.0299987792969,486.3179931640625,479199.0
2026-05-22T12:30:00-04:00,486.2300109863281,486.55499267578125,485.3399963378906,485.7300109863281,309645.0
2026-05-22T13:30:00-04:00,485.8299865722656,486.7539978027344,485.1000061035156,485.3349914550781,290048.0
2026-05-22T14:30:00-04:00,485.3349914550781,486.29998779296875,485.17999267578125,486.0849914550781,354453.0
2026-05-22T15:30:00-04:00,486.0448913574219,486.4800109863281,485.0,486.29998779296875,586761.0
2026-05-26T09:30:00-04:00,485.5,487.7799987792969,483.2099914550781,483.3500061035156,858865.0
2026-05-26T10:30:00-04:00,483.4700012207031,486.5,483.239990234375,485.5,389570.0
2026-05-26T11:30:00-04:00,485.489990234375,485.9100036621094,483.44000244140625,484.6300048828125,730520.0
2026-05-26T12:30:00-04:00,484.70001220703125,485.1700134277344,483.3800048828125,483.6650085449219,361526.0
2026-05-26T13:30:00-04:00,483.6199951171875,484.5,483.3500061035156,483.8800048828125,153468.0
2026-05-26T14:30:00-04:00,483.875,484.4800109863281,483.6221923828125,484.1090087890625,355742.0
2026-05-26T15:30:00-04:00,484.1000061035156,484.739990234375,483.5199890136719,483.6499938964844,484828.0
2026-05-27T09:30:00-04:00,482.6650085449219,486.25,481.9200134277344,485.9825134277344,747483.0
2026-05-27T10:30:00-04:00,485.9150085449219,485.9999084472656,481.20001220703125,481.57000732421875,461587.0
2026-05-27T11:30:00-04:00,481.6188049316406,482.32000732421875,481.2799987792969,481.79998779296875,322884.0
2026-05-27T12:30:00-04:00,481.9200134277344,482.0299987792969,479.9800109863281,480.2900085449219,419564.0
2026-05-27T13:30:00-04:00,480.30499267578125,480.94000244140625,479.4750061035156,479.5299987792969,255860.0
2026-05-27T14:30:00-04:00,479.5150146484375,480.0799865722656,479.1600036621094,479.3599853515625,339717.0
2026-05-27T15:30:00-04:00,479.3599853515625,480.510009765625,479.0199890136719,479.989990234375,631552.0
2026-05-28T09:30:00-04:00,479.3599853515625,481.80999755859375,477.75,480.3963928222656,667748.0
2026-05-28T10:30:00-04:00,480.1900939941406,480.389892578125,479.0199890136719,479.1600036621094,387237.0
2026-05-28T11:30:00-04:00,479.1600036621094,479.8175048828125,478.2829895019531,479.2699890136719,322558.0
2026-05-28T12:30:00-04:00,479.3399963378906,479.9700012207031,478.4849853515625,478.4849853515625,298462.0
2026-05-28T13:30:00-04:00,478.5,478.75,477.6600036621094,478.3500061035156,408269.0
2026-05-28T14:30:00-04:00,478.32000732421875,478.3800964355469,477.260009765625,478.25,385431.0
2026-05-28T15:30:00-04:00,478.2597961425781,478.8500061035156,477.0,477.3399963378906,480263.0
2026-05-29T09:30:00-04:00,476.9100036621094,477.2900085449219,472.67999267578125,474.7349853515625,988126.0
2026-05-29T10:30:00-04:00,474.7699890136719,475.3999938964844,472.2699890136719,472.9200134277344,579050.0
2026-05-29T11:30:00-04:00,472.9100036621094,474.3450012207031,472.70001220703125,474.2101135253906,445374.0
2026-05-29T12:30:00-04:00,474.2200012207031,475.8299865722656,474.0199890136719,475.70001220703125,430397.0
2026-05-29T13:30:00-04:00,475.69500732421875,475.8599853515625,474.6700134277344,475.010009765625,285852.0
2026-05-29T14:30:00-04:00,475.010009765625,475.8399963378906,474.2701110839844,475.7799987792969,437071.0
2026-05-29T15:30:00-04:00,475.7799987792969,476.30999755859375,474.0799865722656,474.4599914550781,922673.0
2026-06-01T09:30:00-04:00,473.04998779296875,473.3900146484375,470.80999755859375,472.0299072265625,1051497.0
2026-06-01T10:30:00-04:00,472.0299987792969,472.1400146484375,469.6600036621094,470.1650085449219,685718.0
2026-06-01T11:30:00-04:00,470.1300048828125,470.1449890136719,468.6000061035156,468.67498779296875,590656.0
2026-06-01T12:30:00-04:00,468.7300109863281,469.2200012207031,467.9599914550781,469.1199951171875,543469.0
2026-06-01T13:30:00-04:00,469.05999755859375,469.7099914550781,468.3399963378906,469.1600036621094,574131.0
2026-06-01T14:30:00-04:00,469.20001220703125,469.69000244140625,468.3299865722656,468.82501220703125,897132.0
2026-06-01T15:30:00-04:00,468.80499267578125,470.6099853515625,468.7149963378906,470.30999755859375,946307.0
2026-06-02T09:30:00-04:00,470.0,473.8800048828125,468.20819091796875,469.760009765625,1085739.0
2026-06-02T10:30:00-04:00,469.760009765625,472.0,469.69000244140625,471.5400085449219,525197.0
2026-06-02T11:30:00-04:00,471.6394958496094,472.0766906738281,470.9599914550781,470.9599914550781,378473.0
2026-06-02T12:30:00-04:00,471.114013671875,471.989990234375,470.67999267578125,471.3500061035156,277897.0
2026-06-02T13:30:00-04:00,471.3900146484375,472.89990234375,471.3699951171875,472.80499267578125,280751.0
2026-06-02T14:30:00-04:00,472.7200012207031,473.57989501953125,472.3999938964844,472.9700012207031,375212.0
2026-06-02T15:30:00-04:00,472.94000244140625,473.3500061035156,471.5199890136719,471.6499938964844,559309.0
2026-06-03T09:30:00-04:00,470.885009765625,475.44000244140625,470.4100036621094,473.5799865722656,1232467.0
2026-06-03T10:30:00-04:00,473.5,474.59991455078125,472.17999267578125,473.9800109863281,473955.0
2026-06-03T11:30:00-04:00,473.9800109863281,474.6700134277344,473.5,474.5849914550781,476527.0
2026-06-03T12:30:00-04:00,474.5849914550781,480.5899963378906,474.3699951171875,478.3800048828125,1524394.0
2026-06-03T13:30:00-04:00,478.3599853515625,478.8699951171875,477.1300048828125,477.19000244140625,371059.0
2026-06-03T14:30:00-04:00,477.1499938964844,477.7099914550781,475.55999755859375,476.1549987792969,582687.0
2026-06-03T15:30:00-04:00,476.1000061035156,476.1700134277344,474.4800109863281,475.6499938964844,791039.0
2026-06-04T09:30:00-04:00,481.5950012207031,482.94000244140625,476.6600036621094,477.75,1302346.0
2026-06-04T10:30:00-04:00,477.80999755859375,478.489990234375,474.6499938964844,476.0,491765.0
2026-06-04T11:30:00-04:00,475.989990234375,477.20001220703125,475.57501220703125,476.5934143066406,383819.0
2026-06-04T12:30:00-04:00,476.5799865722656,478.2300109863281,476.30999755859375,476.3900146484375,508163.0
2026-06-04T13:30:00-04:00,476.4599914550781,476.8399963378906,475.70001220703125,476.010009765625,284028.0
2026-06-04T14:30:00-04:00,476.0050048828125,476.8299865722656,475.81280517578125,476.20001220703125,410079.0
2026-06-04T15:30:00-04:00,476.1549987792969,478.9100036621094,476.1300048828125,478.67999267578125,532011.0
2026-06-05T09:30:00-04:00,480.989990234375,488.489990234375,479.3500061035156,487.4800109863281,1687464.0
2026-06-05T10:30:00-04:00,487.3999938964844,489.5400085449219,486.79998779296875,489.2550048828125,974624.0
2026-06-05T11:30:00-04:00,489.3299865722656,490.17999267578125,487.69000244140625,489.3599853515625,1154600.0
2026-06-05T12:30:00-04:00,489.3550109863281,490.3500061035156,488.67999267578125,489.5400085449219,561840.0
2026-06-05T13:30:00-04:00,489.489990234375,490.6449890136719,488.68499755859375,490.30999755859375,674917.0
2026-06-05T14:30:00-04:00,490.389892578125,491.0,487.75,488.29998779296875,840915.0
2026-06-05T15:30:00-04:00,488.3299865722656,489.34991455078125,487.82000732421875,488.1099853515625,915791.0
2026-06-08T09:30:00-04:00,486.1300048828125,490.7598876953125,484.9198913574219,488.9999084472656,1193092.0
2026-06-08T10:30:00-04:00,488.8699951171875,489.15740966796875,487.6300048828125,487.7300109863281,474121.0
2026-06-08T11:30:00-04:00,487.739990234375,488.19000244140625,486.88800048828125,487.0,369787.0
2026-06-08T12:30:00-04:00,486.95001220703125,488.20001220703125,486.4700012207031,487.0899963378906,328718.0
2026-06-08T13:30:00-04:00,487.0799865722656,488.1000061035156,486.7699890136719,487.92999267578125,287475.0
2026-06-08T14:30:00-04:00,487.95001220703125,488.0050048828125,486.3301086425781,486.3800048828125,328363.0
2026-06-08T15:30:00-04:00,486.42999267578125,488.489990234375,486.3800048828125,486.8399963378906,576640.0
2026-06-09T09:30:00-04:00,486.44000244140625,490.4898986816406,486.0899963378906,489.79998779296875,902034.0
2026-06-09T10:30:00-04:00,489.80499267578125,490.6099853515625,487.8900146484375,489.04998779296875,480922.0
2026-06-09T11:30:00-04:00,489.0299987792969,490.5849914550781,487.8900146484375,490.2950134277344,695256.0
2026-06-09T12:30:00-04:00,490.2950134277344,490.7900085449219,485.8500061035156,486.5249938964844,646196.0
2026-06-09T13:30:00-04:00,486.57000732421875,486.8399963378906,484.9059143066406,485.2799987792969,332730.0
2026-06-09T14:30:00-04:00,485.2149963378906,486.81988525390625,484.6000061035156,486.2300109863281,394813.0
2026-06-09T15:30:00-04:00,486.20001220703125,487.8399963378906,485.1199951171875,487.6000061035156,475144.0
2026-06-10T09:30:00-04:00,488.1300048828125,490.20001220703125,483.1099853515625,489.2049865722656,1122692.0
2026-06-10T10:30:00-04:00,489.2049865722656,490.29998779296875,488.1400146484375,488.989990234375,562466.0
2026-06-10T11:30:00-04:00,488.989990234375,489.45001220703125,487.7699890136719,488.489990234375,315998.0
2026-06-10T12:30:00-04:00,488.5,488.6650085449219,487.864990234375,487.9700012207031,247781.0
2026-06-10T13:30:00-04:00,487.9599914550781,488.44000244140625,486.8500061035156,486.92999267578125,339645.0
2026-06-10T14:30:00-04:00,486.9049987792969,486.9599914550781,485.30010986328125,486.010009765625,456049.0
2026-06-10T15:30:00-04:00,486.07501220703125,486.2394104003906,483.92999267578125,483.9800109863281,693118.0
2026-06-11T09:30:00-04:00,482.8800048828125,484.6099853515625,481.05999755859375,482.0,902744.0
2026-06-11T10:30:00-04:00,482.1650085449219,483.8900146484375,481.7300109863281,482.1449890136719,438956.0
2026-06-11T11:30:00-04:00,482.0400085449219,482.70001220703125,481.5,481.9700012207031,310767.0
2026-06-11T12:30:00-04:00,481.95001220703125,482.8699951171875,481.7699890136719,482.6600036621094,312131.0
2026-06-11T13:30:00-04:00,482.80999755859375,485.20001220703125,482.5199890136719,484.93328857421875,581563.0
2026-06-11T14:30:00-04:00,484.9150085449219,486.4700012207031,484.41009521484375,485.55999755859375,369273.0
2026-06-11T15:30:00-04:00,485.57000732421875,485.80999755859375,483.4700012207031,485.0299987792969,1060143.0
2026-06-12T09:30:00-04:00,486.6700134277344,489.989990234375,484.510009765625,485.6050109863281,801142.0
2026-06-12T10:30:00-04:00,485.5953063964844,488.42999267578125,485.29998779296875,488.06500244140625,460790.0
2026-06-12T11:30:00-04:00,488.06500244140625,488.3299865722656,485.95001220703125,486.1000061035156,415981.0
2026-06-12T12:30:00-04:00,486.0950012207031,486.3699951171875,485.4800109863281,485.5050048828125,325025.0
2026-06-12T13:30:00-04:00,485.5050048828125,486.82989501953125,485.4800109863281,486.6400146484375,328118.0
2026-06-12T14:30:00-04:00,486.6449890136719,487.0,485.9200134277344,486.6000061035156,312757.0
2026-06-12T15:30:00-04:00,486.6099853515625,489.1700134277344,486.41009521484375,489.1400146484375,671631.0
2026-06-15T09:30:00-04:00,487.55999755859375,494.3500061035156,487.55999755859375,494.1300048828125,1234870.0
2026-06-15T10:30:00-04:00,494.1300048828125,496.1600036621094,493.32000732421875,493.68499755859375,596984.0
2026-06-15T11:30:00-04:00,493.7799987792969,496.0,492.75,495.92999267578125,461462.0
2026-06-15T12:30:00-04:00,495.9200134277344,497.1099853515625,495.4700012207031,496.82501220703125,418357.0
2026-06-15T13:30:00-04:00,496.7909851074219,496.8599853515625,495.3299865722656,495.9100036621094,313066.0
2026-06-15T14:30:00-04:00,495.9150085449219,496.048095703125,494.6099853515625,494.7300109863281,464570.0
2026-06-15T15:30:00-04:00,494.7349853515625,495.55999755859375,493.489990234375,495.5400085449219,928439.0
2026-06-16T09:30:00-04:00,497.0,499.7900085449219,492.42999267578125,495.8999938964844,699234.0
2026-06-16T10:30:00-04:00,495.885009765625,498.239990234375,495.5899963378906,497.8085021972656,319546.0
2026-06-16T11:30:00-04:00,497.7200012207031,499.3299865722656,497.45001220703125,497.7001037597656,455452.0
2026-06-16T12:30:00-04:00,497.7749938964844,498.0,496.3399963378906,496.6700134277344,304590.0
2026-06-16T13:30:00-04:00,496.6099853515625,496.79998779296875,494.54998779296875,494.7749938964844,299445.0
2026-06-16T14:30:00-04:00,494.7749938964844,495.5,493.3450012207031,493.3450012207031,461572.0
2026-06-16T15:30:00-04:00,493.3900146484375,495.17999267578125,492.94000244140625,495.0799865722656,699400.0
2026-06-17T09:30:00-04:00,493.239990234375,494.7680969238281,490.7699890136719,492.30999755859375,747473.0
2026-06-17T10:30:00-04:00,492.3299865722656,492.7200012207031,489.8900146484375,490.364990234375,566844.0
2026-06-17T11:30:00-04:00,490.32000732421875,490.9100036621094,489.7200927734375,490.05499267578125,458675.0
2026-06-17T12:30:00-04:00,490.0,491.19000244140625,489.55999755859375,490.6199951171875,249133.0
2026-06-17T13:30:00-04:00,490.6199951171875,491.29998779296875,490.20001220703125,490.4049987792969,353720.0
2026-06-17T14:30:00-04:00,490.4100036621094,490.79998779296875,488.20001220703125,488.75,590679.0
2026-06-17T15:30:00-04:00,488.70001220703125,491.3299865722656,487.8999938964844,491.25,841634.0
2026-06-18T09:30:00-04:00,492.75,493.57000732421875,488.0899963378906,489.2699890136719,2669858.0
2026-06-18T10:30:00-04:00,489.2699890136719,490.0,487.9800109863281,488.07501220703125,610959.0
2026-06-18T11:30:00-04:00,488.0578918457031,489.0249938964844,487.54998779296875,487.57501220703125,360851.0
2026-06-18T12:30:00-04:00,487.57501220703125,488.05670166015625,486.8966979980469,487.0,782359.0
2026-06-18T13:30:00-04:00,487.04998779296875,487.3599853515625,486.5,486.8299865722656,350081.0
2026-06-18T14:30:00-04:00,486.79998779296875,487.9700012207031,485.7699890136719,487.55999755859375,473602.0
2026-06-18T15:30:00-04:00,487.6199951171875,489.4800109863281,487.3949890136719,489.010009765625,777731.0
2026-06-22T09:30:00-04:00,488.75,492.4775085449219,488.68499755859375,491.25,730274.0
2026-06-22T10:30:00-04:00,491.2101135253906,491.3599853515625,488.5600891113281,488.67498779296875,440979.0
2026-06-22T11:30:00-04:00,488.6549987792969,489.6000061035156,487.8810119628906,488.6300048828125,748866.0
2026-06-22T12:30:00-04:00,488.57000732421875,488.94000244140625,487.55999755859375,487.5799865722656,951639.0
2026-06-22T13:30:00-04:00,487.5950012207031,488.9599914550781,487.3599853515625,488.5249938964844,396327.0
2026-06-22T14:30:00-04:00,488.5799865722656,489.5299987792969,488.4100036621094,488.5899963378906,345657.0
2026-06-22T15:30:00-04:00,488.6000061035156,489.4700012207031,488.1700134277344,488.8299865722656,583786.0
2026-06-23T09:30:00-04:00,490.9200134277344,493.54998779296875,490.0,493.32000732421875,733172.0
2026-06-23T10:30:00-04:00,493.3599853515625,494.33990478515625,492.7452087402344,493.0450134277344,357998.0
2026-06-23T11:30:00-04:00,493.1600036621094,494.17999267578125,492.510009765625,493.2099914550781,316101.0
2026-06-23T12:30:00-04:00,493.239990234375,493.75,493.0,493.239990234375,259401.0
2026-06-23T13:30:00-04:00,493.2300109863281,493.5899963378906,492.7049865722656,492.9450988769531,233637.0
2026-06-23T14:30:00-04:00,492.8912048339844,493.5299987792969,492.385009765625,493.07000732421875,284253.0
2026-06-23T15:30:00-04:00,492.9263000488281,493.6000061035156,491.69879150390625,492.79998779296875,649549.0
2026-06-24T09:30:00-04:00,492.989990234375,496.3699951171875,491.50360107421875,495.33270263671875,636306.0
2026-06-24T10:30:00-04:00,495.17999267578125,498.30999755859375,494.3800048828125,497.7900085449219,362234.0
2026-06-24T11:30:00-04:00,497.7799987792969,498.5,496.0799865722656,496.8299865722656,434909.0
2026-06-24T12:30:00-04:00,496.92999267578125,497.489990234375,494.8299865722656,494.8299865722656,296554.0
2026-06-24T13:30:00-04:00,494.82501220703125,496.2650146484375,494.5000915527344,496.0899963378906,330627.0
2026-06-24T14:30:00-04:00,496.04998779296875,497.79998779296875,496.04998779296875,496.3800048828125,427504.0
2026-06-24T15:30:00-04:00,496.3299865722656,496.42999267578125,494.1199951171875,494.92999267578125,626627.0
2026-06-25T09:30:00-04:00,493.0799865722656,495.99639892578125,490.5799865722656,494.364990234375,783417.0
2026-06-25T10:30:00-04:00,494.364990234375,494.42999267578125,492.3301086425781,493.6199951171875,449445.0
2026-06-25T11:30:00-04:00,493.5199890136719,493.6300048828125,489.6199951171875,489.8800048828125,368407.0
2026-06-25T12:30:00-04:00,489.9700012207031,490.4100036621094,487.6199951171875,488.3399963378906,559498.0
2026-06-25T13:30:00-04:00,488.3800048828125,489.7799987792969,486.70001220703125,489.6889953613281,929216.0
2026-06-25T14:30:00-04:00,489.6300048828125,489.7799987792969,488.0199890136719,489.3349914550781,614975.0
2026-06-25T15:30:00-04:00,489.239990234375,489.8550109863281,486.5,487.8399963378906,1337293.0
2026-06-26T09:30:00-04:00,490.239990234375,493.9100036621094,489.28009033203125,493.3299865722656,681455.0
2026-06-26T10:30:00-04:00,493.3999938964844,497.0,493.19000244140625,496.9750061035156,420790.0
2026-06-26T11:30:00-04:00,496.989990234375,497.1400146484375,494.385009765625,495.04998779296875,351979.0
2026-06-26T12:30:00-04:00,495.010009765625,496.1300048828125,494.4122009277344,496.0880126953125,229642.0
2026-06-26T13:30:00-04:00,496.1300048828125,497.0,495.4901123046875,496.0299987792969,326469.0
2026-06-26T14:30:00-04:00,496.2200012207031,497.8999938964844,495.6105041503906,497.375,551926.0
2026-06-26T15:30:00-04:00,497.3299865722656,498.6400146484375,495.9700012207031,497.2900085449219,956382.0
2026-06-29T09:30:00-04:00,497.7900085449219,500.0199890136719,495.5799865722656,498.32989501953125,917875.0
2026-06-29T10:30:00-04:00,498.2149963378906,498.6000061035156,496.8599853515625,497.75,371205.0
2026-06-29T11:30:00-04:00,497.67999267578125,497.9150085449219,495.9800109863281,496.2013854980469,322534.0
2026-06-29T12:30:00-04:00,496.2049865722656,496.57501220703125,495.6099853515625,495.7799987792969,292156.0
2026-06-29T13:30:00-04:00,495.7900085449219,496.8900146484375,495.6300048828125,496.3599853515625,224958.0
2026-06-29T14:30:00-04:00,496.3599853515625,496.9200134277344,495.6099853515625,495.82000732421875,309225.0
2026-06-29T15:30:00-04:00,495.80999755859375,496.70001220703125,495.0,495.8800048828125,660078.0
2026-06-30T09:30:00-04:00,496.5,497.8900146484375,494.7900085449219,496.489990234375,615766.0
2026-06-30T10:30:00-04:00,496.55999755859375,497.69000244140625,496.05010986328125,497.2099914550781,327970.0
2026-06-30T11:30:00-04:00,497.1300964355469,497.54998779296875,496.0899963378906,496.81500244140625,316186.0
2026-06-30T12:30:00-04:00,496.875,498.9700012207031,496.57000732421875,497.9750061035156,420064.0
2026-06-30T13:30:00-04:00,497.94000244140625,498.5299987792969,497.6099853515625,498.3500061035156,253562.0
2026-06-30T14:30:00-04:00,498.3500061035156,500.1499938964844,498.260009765625,499.5299987792969,656524.0
2026-06-30T15:30:00-04:00,499.5299987792969,500.5,498.57000732421875,500.17999267578125,1181763.0
2026-07-01T09:30:00-04:00,501.82501220703125,502.8453063964844,499.0799865722656,500.7699890136719,577925.0
2026-07-01T10:30:00-04:00,500.7099914550781,502.989990234375,500.125,501.07000732421875,457461.0
2026-07-01T11:30:00-04:00,501.0,503.6700134277344,500.7300109863281,503.2699890136719,435675.0
2026-07-01T12:30:00-04:00,503.2699890136719,503.8299865722656,502.239990234375,502.6000061035156,267490.0
2026-07-01T13:30:00-04:00,502.635009765625,502.79998779296875,501.8999938964844,501.95001220703125,205701.0
2026-07-01T14:30:00-04:00,501.9700012207031,502.8399963378906,501.489990234375,501.5249938964844,289902.0
2026-07-01T15:30:00-04:00,501.5799865722656,502.3599853515625,499.79998779296875,500.0,651969.0
2026-07-02T09:30:00-04:00,502.20001220703125,504.69000244140625,500.3299865722656,504.2049865722656,505848.0
2026-07-02T10:30:00-04:00,504.2200012207031,507.92999267578125,504.0450134277344,507.3900146484375,509903.0
2026-07-02T11:30:00-04:00,507.30999755859375,507.42999267578125,505.17999267578125,506.0098876953125,251939.0
2026-07-02T12:30:00-04:00,505.989990234375,506.8599853515625,505.2900085449219,505.4949951171875,246550.0
2026-07-02T13:30:00-04:00,505.3900146484375,506.04998779296875,504.42999267578125,505.5950012207031,253135.0
2026-07-02T14:30:00-04:00,505.5950012207031,506.6499938964844,505.3299865722656,505.3999938964844,286954.0
2026-07-02T15:30:00-04:00,505.3800048828125,507.6499938964844,505.20001220703125,507.4100036621094,569582.0
2026-07-06T09:30:00-04:00,506.5,508.0,504.1025085449219,506.66943359375,760900.0
2026-07-06T10:30:00-04:00,506.5799865722656,507.57000732421875,505.5199890136719,506.0,372715.0
2026-07-06T11:30:00-04:00,506.0350036621094,506.4100036621094,504.4100036621094,505.6300048828125,310839.0
2026-07-06T12:30:00-04:00,505.6499938964844,506.9150085449219,505.1600036621094,506.7070007324219,260223.0
2026-07-06T13:30:00-04:00,506.6600036621094,507.29998779296875,505.989990234375,506.2099914550781,229715.0
2026-07-06T14:30:00-04:00,506.19000244140625,506.67999267578125,505.69000244140625,505.9849853515625,365444.0
2026-07-06T15:30:00-04:00,506.0400085449219,507.1099853515625,505.0899963378906,506.6000061035156,540394.0
2026-07-07T09:30:00-04:00,508.9700012207031,512.5800170898438,508.9700012207031,510.2200012207031,843901.0
2026-07-07T10:30:00-04:00,510.3500061035156,511.75,507.9801940917969,508.0799865722656,501525.0
2026-07-07T11:30:00-04:00,508.0950012207031,508.21990966796875,505.010009765625,505.135009765625,253447.0
2026-07-07T12:30:00-04:00,505.19000244140625,505.5,504.5199890136719,505.12579345703125,221776.0
2026-07-07T13:30:00-04:00,505.0994873046875,505.5,504.6199951171875,505.3999938964844,214382.0
2026-07-07T14:30:00-04:00,505.3900146484375,506.0299987792969,504.6499938964844,505.1300048828125,252666.0
2026-07-07T15:30:00-04:00,505.1449890136719,505.6300048828125,503.7500915527344,504.17999267578125,488879.0
2026-07-08T09:30:00-04:00,504.55999755859375,504.9068908691406,500.04998779296875,502.8599853515625,532826.0
2026-07-08T10:30:00-04:00,502.760009765625,502.8299865722656,500.1700134277344,501.8890075683594,562218.0
2026-07-08T11:30:00-04:00,501.79998779296875,502.80999755859375,501.07000732421875,501.20001220703125,184795.0
2026-07-08T12:30:00-04:00,501.2200012207031,501.7847900390625,499.8500061035156,500.04998779296875,199033.0
2026-07-08T13:30:00-04:00,500.010009765625,500.2900085449219,497.6400146484375,497.9100036621094,297040.0
2026-07-08T14:30:00-04:00,497.94000244140625,497.9999084472656,496.4501037597656,497.3550109863281,393990.0
2026-07-08T15:30:00-04:00,497.3550109863281,497.3900146484375,494.3399963378906,495.0199890136719,1104250.0
2026-07-09T09:30:00-04:00,494.6099853515625,497.4125061035156,493.20001220703125,496.4949951171875,572171.0
2026-07-09T10:30:00-04:00,496.44500732421875,497.0199890136719,495.2099914550781,496.30499267578125,294802.0
2026-07-09T11:30:00-04:00,496.30499267578125,497.8500061035156,496.0201110839844,497.5,389179.0
2026-07-09T12:30:00-04:00,497.45001220703125,497.5199890136719,496.6300048828125,497.4700012207031,197730.0
2026-07-09T13:30:00-04:00,497.4599914550781,497.510009765625,495.4800109863281,495.67999267578125,228991.0
2026-07-09T14:30:00-04:00,495.67999267578125,495.739990234375,494.239990234375,494.6199951171875,378178.0
2026-07-09T15:30:00-04:00,494.6199951171875,495.55999755859375,493.6650085449219,495.3900146484375,469595.0
2026-07-10T09:30:00-04:00,496.1499938964844,497.29998779296875,492.3800048828125,492.8299865722656,469383.0
2026-07-10T10:30:00-04:00,492.82818603515625,492.8949890136719,490.70001220703125,491.44500732421875,336452.0
2026-07-10T11:30:00-04:00,491.375,492.3399963378906,490.8817138671875,491.1000061035156,278744.0
2026-07-10T12:30:00-04:00,491.1300048828125,493.489990234375,491.0199890136719,492.6050109863281,203904.0
2026-07-10T13:30:00-04:00,492.510009765625,493.17999267578125,492.44000244140625,492.7900085449219,198232.0
2026-07-10T14:30:00-04:00,492.6910095214844,493.69000244140625,492.4700012207031,493.5,247803.0
2026-07-10T15:30:00-04:00,493.45001220703125,493.9800109863281,493.1000061035156,493.8699951171875,418661.0
2026-07-13T09:30:00-04:00,495.8500061035156,501.5,495.2506103515625,496.57000732421875,695685.0
2026-07-13T10:30:00-04:00,496.5899963378906,496.5899963378906,493.80999755859375,494.5,277605.0
2026-07-13T11:30:00-04:00,494.4800109863281,496.4200134277344,494.20001220703125,495.5799865722656,218800.0
2026-07-13T12:30:00-04:00,495.80999755859375,497.239990234375,495.7099914550781,496.8999938964844,232090.0
2026-07-13T13:30:00-04:00,497.0450134277344,497.5899963378906,496.54998779296875,497.4049987792969,176430.0
2026-07-13T14:30:00-04:00,497.4599914550781,498.1050109863281,497.0799865722656,497.8299865722656,216455.0
2026-07-13T15:30:00-04:00,497.7200012207031,497.989990234375,496.2099914550781,496.95001220703125,382094.0
2026-07-14T09:30:00-04:00,493.9549865722656,497.0799865722656,491.67999267578125,496.5199890136719,545728.0
2026-07-14T10:30:00-04:00,496.5150146484375,496.82000732421875,495.3800048828125,495.6499938964844,204348.0
2026-07-14T11:30:00-04:00,495.7200012207031,496.44000244140625,494.5400085449219,494.5400085449219,711777.0
2026-07-14T12:30:00-04:00,494.5899963378906,495.1400146484375,494.04998779296875,494.1650085449219,268210.0
2026-07-14T13:30:00-04:00,494.1600036621094,494.51580810546875,493.1000061035156,494.0769958496094,248351.0
2026-07-14T14:30:00-04:00,494.20001220703125,494.46990966796875,493.1600036621094,494.0199890136719,223385.0
2026-07-14T15:30:00-04:00,494.0299987792969,494.1499938964844,491.0,491.1700134277344,534089.0
2026-07-15T09:30:00-04:00,490.1000061035156,491.25,487.5799865722656,490.05999755859375,695391.0
2026-07-15T10:30:00-04:00,490.2699890136719,492.75,490.05999755859375,490.8800048828125,445900.0
2026-07-15T11:30:00-04:00,490.7799987792969,490.7799987792969,489.6199951171875,490.42999267578125,473358.0
2026-07-15T12:30:00-04:00,490.2900085449219,491.45989990234375,489.760009765625,489.9800109863281,369910.0
2026-07-15T13:30:00-04:00,489.9700012207031,490.3999938964844,489.7799987792969,489.9700012207031,250010.0
2026-07-15T14:30:00-04:00,489.9200134277344,490.989990234375,489.6700134277344,489.8999938964844,334645.0
2026-07-15T15:30:00-04:00,489.8299865722656,489.8299865722656,487.57000732421875,488.7799987792969,1021595.0
2026-07-16T09:30:00-04:00,489.92498779296875,490.8399963378906,486.1700134277344,487.92999267578125,816291.0
2026-07-16T10:30:00-04:00,488.1099853515625,489.8699951171875,487.1499938964844,488.70001220703125,364892.0
2026-07-16T11:30:00-04:00,488.79998779296875,489.39801025390625,487.5199890136719,488.4841003417969,328788.0
2026-07-16T12:30:00-04:00,488.5150146484375,489.659912109375,488.3500061035156,489.1549987792969,275042.0
2026-07-16T13:30:00-04:00,489.1105041503906,491.0899963378906,488.8599853515625,490.3949890136719,269764.0
2026-07-16T14:30:00-04:00,490.3949890136719,490.97900390625,489.5600891113281,490.31500244140625,307529.0
2026-07-16T15:30:00-04:00,490.3800048828125,493.1400146484375,490.0,493.1400146484375,620630.0
2026-07-17T09:30:00-04:00,495.510009765625,502.989990234375,495.510009765625,500.9350891113281,2056201.0
2026-07-17T10:30:00-04:00,500.8999938964844,501.1300048828125,495.489990234375,496.82000732421875,425350.0
2026-07-17T11:30:00-04:00,496.82501220703125,497.9599914550781,493.1600036621094,493.6600036621094,405269.0
2026-07-17T12:30:00-04:00,493.6700134277344,494.3599853515625,490.82000732421875,491.1499938964844,328700.0
2026-07-17T13:30:00-04:00,491.0400085449219,491.8500061035156,490.4800109863281,490.6300048828125,514020.0
2026-07-17T14:30:00-04:00,490.57000732421875,491.8500061035156,490.5,491.1650085449219,315810.0
2026-07-17T15:30:00-04:00,491.1000061035156,492.0,490.7200012207031,490.8699951171875,545510.0
2026-07-20T09:30:00-04:00,490.489990234375,491.8299865722656,488.9100036621094,490.2879943847656,543156.0
2026-07-20T10:30:00-04:00,490.239990234375,491.29998779296875,489.07000732421875,490.8799133300781,300706.0
2026-07-20T11:30:00-04:00,490.8699951171875,491.2300109863281,490.3599853515625,490.7300109863281,293781.0
2026-07-20T12:30:00-04:00,490.60009765625,491.8800048828125,490.2200012207031,490.9130859375,276191.0
2026-07-20T13:30:00-04:00,490.8900146484375,492.25,490.6099853515625,491.9679870605469,398712.0
2026-07-20T14:30:00-04:00,491.9750061035156,491.9800109863281,490.2699890136719,491.010009765625,292280.0
2026-07-20T15:30:00-04:00,491.04998779296875,491.95001220703125,490.70001220703125,491.4100036621094,428609.0
2026-07-21T09:30:00-04:00,489.0,490.489990234375,487.3800048828125,489.95001220703125,532668.0
2026-07-21T10:30:00-04:00,489.9700012207031,490.17999267578125,488.30999755859375,489.68011474609375,257070.0
2026-07-21T11:30:00-04:00,489.7799987792969,490.94000244140625,488.6105041503906,490.80999755859375,248573.0
2026-07-21T12:30:00-04:00,490.81500244140625,491.0498962402344,489.6099853515625,489.9100036621094,203783.0
2026-07-21T13:30:00-04:00,489.8299865722656,490.4700012207031,489.04998779296875,489.82501220703125,234501.0
2026-07-21T14:30:00-04:00,489.7900085449219,490.7850036621094,489.3599853515625,490.75,236516.0
2026-07-21T15:30:00-04:00,490.75,491.20001220703125,489.1600036621094,489.6600036621094,583849.0
2026-07-22T09:30:00-04:00,490.5,492.31500244140625,489.8999938964844,491.0,406753.0
2026-07-22T10:30:00-04:00,491.0299987792969,491.1499938964844,488.6199951171875,489.3880310058594,225680.0
2026-07-22T11:30:00-04:00,489.3210144042969,489.8999938964844,488.8299865722656,489.25,230165.0
2026-07-22T12:30:00-04:00,489.4800109863281,490.19000244140625,488.4599914550781,488.4700927734375,197150.0
2026-07-22T13:30:00-04:00,488.4800109863281,489.8080139160156,488.25,489.1723937988281,174974.0
2026-07-22T14:30:00-04:00,489.2200012207031,489.29998779296875,487.8901062011719,487.9649963378906,204191.0
2026-07-22T15:30:00-04:00,488.0299072265625,489.55499267578125,487.80999755859375,489.4200134277344,416611.0
2026-07-23T09:30:00-04:00,488.3999938964844,490.0199890136719,486.05999755859375,487.8349914550781,531511.0
2026-07-23T10:30:00-04:00,487.8349914550781,490.55999755859375,487.70001220703125,489.6199951171875,340034.0
2026-07-23T11:30:00-04:00,489.69000244140625,490.2900085449219,489.0000915527344,489.19000244140625,223311.0
2026-07-23T12:30:00-04:00,489.19000244140625,489.6700134277344,488.7601013183594,489.010009765625,157268.0
2026-07-23T13:30:00-04:00,489.010009765625,489.2340087890625,488.3699951171875,488.9024963378906,182206.0
2026-07-23T14:30:00-04:00,488.8999938964844,490.04998779296875,488.5199890136719,489.5799865722656,280961.0
2026-07-23T15:30:00-04:00,489.6600036621094,490.9700012207031,489.2200012207031,490.80999755859375,381938.0
2026-07-24T09:30:00-04:00,491.42999267578125,494.7200012207031,490.25,494.1600036621094,491468.0
2026-07-24T10:30:00-04:00,494.19000244140625,497.2898864746094,494.1700134277344,496.92999267578125,435957.0
2026-07-24T11:30:00-04:00,496.8900146484375,496.989990234375,495.07000732421875,495.30999755859375,243828.0
2026-07-24T12:30:00-04:00,495.32000732421875,495.44000244140625,493.54998779296875,493.6650085449219,208756.0
2026-07-24T13:30:00-04:00,493.6650085449219,493.7200012207031,491.7900085449219,492.2650146484375,255817.0
2026-07-24T14:30:00-04:00,492.2349853515625,494.3900146484375,492.1499938964844,493.4150085449219,370456.0
2026-07-24T15:30:00-04:00,493.4599914550781,495.25,493.3599853515625,494.8900146484375,875463.0
2026-07-27T09:30:00-04:00,497.25,498.6600036621094,494.82000732421875,496.0899963378906,458994.0
2026-07-27T10:30:00-04:00,496.2300109863281,498.7699890136719,495.8200988769531,496.2149963378906,310135.0
2026-07-27T11:30:00-04:00,496.2449951171875,496.8500061035156,494.5,494.5,247293.0
2026-07-27T12:30:00-04:00,494.6199951171875,495.0,493.9700012207031,494.92498779296875,182674.0
2026-07-27T13:30:00-04:00,494.92498779296875,495.7900085449219,494.05999755859375,495.7250061035156,184591.0
2026-07-27T14:30:00-04:00,495.7149963378906,496.44000244140625,494.8399963378906,494.94000244140625,256817.0
2026-07-27T15:30:00-04:00,494.94000244140625,497.2300109863281,494.5899963378906,497.20001220703125,540871.0
2026-07-28T09:30:00-04:00,500.3299865722656,513.4400024414062,499.5,510.8699951171875,1779205.0
2026-07-28T10:30:00-04:00,510.8599853515625,511.0899963378906,507.69000244140625,508.69000244140625,461352.0
2026-07-28T11:30:00-04:00,508.7099914550781,509.1700134277344,507.45001220703125,508.04998779296875,347280.0
2026-07-28T12:30:00-04:00,508.1700134277344,508.9100036621094,507.95001220703125,508.1099853515625,258199.0
2026-07-28T13:30:00-04:00,508.07501220703125,512.1699829101562,507.8800048828125,512.0150146484375,427739.0
2026-07-28T14:30:00-04:00,512.0499877929688,513.0499877929688,510.2799987792969,510.4800109863281,583659.0
2026-07-28T15:30:00-04:00,510.3900146484375,512.75,509.9800109863281,512.4199829101562,945316.0
2026-07-29T09:30:00-04:00,511.44000244140625,513.3569946289062,508.6600036621094,509.8500061035156,761373.0
2026-07-29T10:30:00-04:00,509.70001220703125,510.9200134277344,508.3999938964844,510.9100036621094,288505.0
2026-07-29T11:30:00-04:00,510.9700012207031,511.17999267578125,509.6600036621094,509.989990234375,279638.0
2026-07-29T12:30:00-04:00,510.1098937988281,510.29998779296875,508.6759948730469,509.6099853515625,324249.0
2026-07-29T13:30:00-04:00,509.5899963378906,510.74090576171875,507.4100036621094,510.5199890136719,324763.0
2026-07-29T14:30:00-04:00,510.510009765625,511.5,507.5799865722656,507.79998779296875,368631.0
2026-07-29T15:30:00-04:00,507.8800048828125,509.9800109863281,507.20001220703125,509.4700012207031,581682.0
2026-07-30T09:30:00-04:00,505.9800109863281,506.9700012207031,502.2099914550781,502.885009765625,960439.0
2026-07-30T10:30:00-04:00,502.92999267578125,503.8599853515625,501.2699890136719,502.6650085449219,522745.0
2026-07-30T11:30:00-04:00,502.5700988769531,505.8599853515625,502.3699951171875,505.42010498046875,233045.0
2026-07-30T12:30:00-04:00,505.6000061035156,507.7900085449219,505.54998779296875,507.3399963378906,220643.0
2026-07-30T13:30:00-04:00,507.3800048828125,508.95001220703125,506.95001220703125,508.55999755859375,218964.0
2026-07-30T14:30:00-04:00,508.6199951171875,509.489990234375,508.1099853515625,508.8500061035156,286296.0
2026-07-30T15:30:00-04:00,508.8500061035156,509.9100036621094,508.6199951171875,509.760009765625,540371.0
2026-07-31T09:30:00-04:00,508.989990234375,510.75,506.70001220703125,509.2250061035156,551551.0
2026-07-31T10:30:00-04:00,509.2250061035156,511.93121337890625,508.760009765625,511.4800109863281,343105.0
2026-07-31T11:30:00-04:00,511.44500732421875,512.510009765625,511.1650085449219,511.2650146484375,298933.0
2026-07-31T12:30:00-04:00,511.2449951171875,512.7039184570312,511.1300048828125,512.0,227340.0
2026-07-31T13:30:00-04:00,511.989990234375,512.5999755859375,511.4849853515625,512.25,227084.0
2026-07-31T14:30:00-04:00,512.25,513.030029296875,511.3599853515625,512.77001953125,310194.0
2026-07-31T15:30:00-04:00,512.7899780273438,512.9099731445312,511.05999755859375,511.42999267578125,564248.0
2026-08-03T09:30:00-04:00,514.9299926757812,520.6649780273438,514.219970703125,515.25,918147.0
2026-08-03T10:30:00-04:00,515.219970703125,515.4699096679688,512.6900024414062,514.530029296875,435288.0
2026-08-03T11:30:00-04:00,514.4000244140625,514.4650268554688,511.70001220703125,512.25,289432.0
2026-08-03T12:30:00-04:00,512.1699829101562,512.7000122070312,511.29998779296875,511.4700012207031,264580.0
2026-08-03T13:30:00-04:00,511.4649963378906,512.5900268554688,511.260009765625,512.2645874023438,264175.0
2026-08-03T14:30:00-04:00,512.2550048828125,512.844970703125,511.510009765625,511.739990234375,272849.0
2026-08-03T15:30:00-04:00,511.739990234375,513.4199829101562,510.82501220703125,513.0900268554688,500283.0
2026-08-04T09:30:00-04:00,512.0700073242188,514.2100219726562,508.80999755859375,512.3699951171875,663945.0
2026-08-04T10:30:00-04:00,512.3300170898438,514.97998046875,512.1300048828125,514.3099975585938,345020.0
2026-08-04T11:30:00-04:00,514.35498046875,514.9199829101562,513.8900146484375,514.8150024414062,306960.0
2026-08-04T12:30:00-04:00,514.8150024414062,516.1699829101562,514.5800170898438,515.2899780273438,382576.0
2026-08-04T13:30:00-04:00,515.239990234375,516.2999877929688,515.0700073242188,515.760009765625,345194.0
2026-08-04T14:30:00-04:00,515.7949829101562,516.75,515.6113891601562,516.239990234375,405648.0
2026-08-04T15:30:00-04:00,516.2000122070312,517.77001953125,516.0999755859375,516.9500122070312,1026484.0
2026-08-05T09:30:00-04:00,519.0,519.7677001953125,514.8800048828125,516.4301147460938,585936.0
2026-08-05T10:30:00-04:00,516.5499877929688,517.1900024414062,512.760009765625,512.8900146484375,347056.0
2026-08-05T11:30:00-04:00,512.8875122070312,515.6500244140625,512.2000122070312,515.0800170898438,404974.0
2026-08-05T12:30:00-04:00,515.0900268554688,515.7000122070312,514.8400268554688,515.5150146484375,138746.0
2026-08-05T13:30:00-04:00,515.5150146484375,516.7000122070312,515.5150146484375,516.3499755859375,214726.0
2026-08-05T14:30:00-04:00,516.3499755859375,517.4450073242188,516.2999877929688,516.6640014648438,239262.0
2026-08-05T15:30:00-04:00,516.739990234375,518.9400024414062,516.6799926757812,518.7000122070312,462675.0
2026-08-06T09:30:00-04:00,524.10498046875,524.5,517.2135009765625,518.489990234375,726143.0
2026-08-06T10:30:00-04:00,518.510009765625,519.25,517.2329711914062,517.6400146484375,256255.0
2026-08-06T11:30:00-04:00,517.6500244140625,522.0499877929688,517.6400756835938,521.97998046875,273215.0
2026-08-06T12:30:00-04:00,522.0,523.0894775390625,521.7000122070312,522.1900024414062,343949.0
2026-08-06T13:30:00-04:00,522.1849975585938,523.9299926757812,522.1849975585938,523.9000244140625,287114.0
2026-08-06T14:30:00-04:00,523.8825073242188,524.489990234375,523.253173828125,523.4450073242188,426209.0
2026-08-06T15:30:00-04:00,523.4349975585938,525.4400024414062,521.8400268554688,524.969970703125,846311.0
2026-08-07T09:30:00-04:00,520.260009765625,521.989990234375,517.4299926757812,521.22998046875,583530.0
2026-08-07T10:30:00-04:00,521.3200073242188,521.3200073242188,519.3099975585938,519.39208984375,322067.0
2026-08-07T11:30:00-04:00,519.3099975585938,519.8900146484375,518.3900756835938,519.8389892578125,307494.0
2026-08-07T12:30:00-04:00,519.8200073242188,520.3499755859375,519.2849731445312,519.7947998046875,247589.0
2026-08-07T13:30:00-04:00,519.8200073242188,520.6199951171875,519.5159912109375,520.4600219726562,203097.0
2026-08-07T14:30:00-04:00,520.5045166015625,520.7000122070312,520.1799926757812,520.5700073242188,325459.0
2026-08-07T15:30:00-04:00,520.5700073242188,521.1799926757812,519.0,520.75,736179.0
2026-08-10T09:30:00-04:00,524.5999755859375,537.739990234375,523.0,534.4301147460938,1789827.0
2026-08-10T10:30:00-04:00,534.4600219726562,535.094970703125,532.7000122070312,532.905029296875,600007.0
2026-08-10T11:30:00-04:00,532.905029296875,534.5999755859375,531.469970703125,532.594970703125,452319.0
2026-08-10T12:30:00-04:00,532.594970703125,533.4500122070312,530.5501098632812,530.8499755859375,368768.0
2026-08-10T13:30:00-04:00,530.77001953125,530.8347778320312,528.5800170898438,529.39501953125,390846.0
2026-08-10T14:30:00-04:00,529.39501953125,530.2999267578125,527.5,527.530029296875,465324.0
2026-08-10T15:30:00-04:00,527.5999755859375,529.7999877929688,526.4199829101562,529.469970703125,852092.0
2026-08-11T09:30:00-04:00,528.760009765625,530.2999877929688,522.2000122070312,524.0,814760.0
2026-08-11T10:30:00-04:00,524.0,524.5,521.6400146484375,521.7999877929688,413404.0
2026-08-11T11:30:00-04:00,521.7650146484375,522.030029296875,520.114990234375,520.9149780273438,471894.0
2026-08-11T12:30:00-04:00,520.9149780273438,521.0,517.8701171875,519.52001953125,465581.0
2026-08-11T13:30:00-04:00,519.52001953125,520.4840087890625,519.4000244140625,519.9000244140625,253707.0
2026-08-11T14:30:00-04:00,520.2249755859375,520.5700073242188,518.489990234375,518.75,364506.0
2026-08-11T15:30:00-04:00,518.8200073242188,518.9400024414062,515.6500244140625,516.1500244140625,835587.0
2026-08-12T09:30:00-04:00,512.0999755859375,514.3800048828125,509.3699951171875,509.70001220703125,992943.0
2026-08-12T10:30:00-04:00,509.6400146484375,510.2998962402344,508.7200012207031,509.94000244140625,535013.0
2026-08-12T11:30:00-04:00,509.9800109863281,510.79998779296875,508.75,509.17498779296875,325640.0
2026-08-12T12:30:00-04:00,509.17999267578125,509.4599914550781,508.5400085449219,508.54998779296875,312196.0
2026-08-12T13:30:00-04:00,508.5849914550781,510.57000732421875,507.9599914550781,509.6499938964844,452954.0
2026-08-12T14:30:00-04:00,509.6199951171875,510.0199890136719,508.9800109863281,509.7950134277344,352170.0
2026-08-12T15:30:00-04:00,509.760009765625,511.04998779296875,508.8800964355469,509.9150085449219,739353.0
2026-08-13T09:30:00-04:00,511.2900085449219,512.010009765625,507.1600036621094,508.0450134277344,762936.0
2026-08-13T10:30:00-04:00,508.1600036621094,508.3500061035156,506.5801086425781,506.7200012207031,437755.0
2026-08-13T11:30:00-04:00,506.66009521484375,507.8800048828125,506.5299987792969,506.875,325847.0
2026-08-13T12:30:00-04:00,506.7799987792969,507.4599914550781,506.6499938964844,507.1600036621094,241721.0
2026-08-13T13:30:00-04:00,507.1199951171875,508.6499938964844,506.80999755859375,508.6400146484375,291166.0
2026-08-13T14:30:00-04:00,508.5849914550781,508.67498779296875,505.55999755859375,506.9150085449219,486238.0
2026-08-13T15:30:00-04:00,506.9150085449219,508.7699890136719,506.4200134277344,507.0400085449219,766614.0
2026-08-14T09:30:00-04:00,507.2349853515625,509.1700134277344,504.2799987792969,506.1354064941406,823661.0
2026-08-14T10:30:00-04:00,506.135009765625,506.1899108886719,504.30999755859375,504.80999755859375,403475.0
2026-08-14T11:30:00-04:00,504.80999755859375,506.8500061035156,504.67010498046875,506.5050048828125,338202.0
2026-08-14T12:30:00-04:00,506.48431396484375,507.0,506.2300109863281,506.29998779296875,185400.0
2026-08-14T13:30:00-04:00,506.29998779296875,506.70001220703125,505.8999938964844,506.05999755859375,233716.0
2026-08-14T14:30:00-04:00,506.0450134277344,506.6700134277344,505.2799987792969,505.3800048828125,282695.0
2026-08-14T15:30:00-04:00,505.2950134277344,506.0,503.7699890136719,503.9949951171875,602145.0
2026-08-17T09:30:00-04:00,504.45001220703125,505.30999755859375,501.0,502.2699890136719,813256.0
2026-08-17T10:30:00-04:00,502.3999938964844,502.9798889160156,500.67999267578125,500.8399963378906,479607.0
2026-08-17T11:30:00-04:00,500.7900085449219,501.42999267578125,500.20001220703125,500.7250061035156,331499.0
2026-08-17T12:30:00-04:00,500.7799987792969,501.1802062988281,499.75,500.1485900878906,415066.0
2026-08-17T13:30:00-04:00,500.20001220703125,500.8900146484375,499.4599914550781,500.489990234375,323870.0
2026-08-17T14:30:00-04:00,500.3800964355469,500.4700012207031,499.1000061035156,499.32000732421875,458307.0
2026-08-17T15:30:00-04:00,499.30999755859375,499.42999267578125,498.07000732421875,498.2900085449219,793786.0
2026-08-18T09:30:00-04:00,501.0400085449219,503.42999267578125,499.60321044921875,501.510009765625,785326.0
2026-08-18T10:30:00-04:00,501.5,504.5,501.44500732421875,502.7099914550781,439589.0
2026-08-18T11:30:00-04:00,502.7149963378906,502.98199462890625,502.1099853515625,502.7200012207031,264451.0
2026-08-18T12:30:00-04:00,502.7200012207031,503.3599853515625,502.54998779296875,503.1000061035156,172995.0
2026-08-18T13:30:00-04:00,503.05999755859375,503.8299865722656,502.7301025390625,503.30999755859375,194207.0
2026-08-18T14:30:00-04:00,503.2900085449219,504.0,502.7699890136719,503.1199951171875,278870.0
2026-08-18T15:30:00-04:00,503.1499938964844,503.4599914550781,502.60101318359375,503.2699890136719,483303.0
2026-08-19T09:30:00-04:00,503.4100036621094,507.07000732421875,501.1600036621094,504.6499938964844,651559.0
2026-08-19T10:30:00-04:00,504.6300048828125,505.58990478515625,502.6499938964844,502.9700012207031,499661.0
2026-08-19T11:30:00-04:00,502.80999755859375,502.8900146484375,501.5,501.9200134277344,289890.0
2026-08-19T12:30:00-04:00,501.8399963378906,502.4200134277344,501.6499938964844,502.05999755859375,174496.0
2026-08-19T13:30:00-04:00,502.0,502.8258056640625,501.9100036621094,502.1600036621094,206699.0
2026-08-19T14:30:00-04:00,502.20001220703125,502.29998779296875,499.8399963378906,499.94000244140625,374446.0
2026-08-19T15:30:00-04:00,499.94000244140625,500.7699890136719,499.4100036621094,499.79998779296875,548439.0
2026-08-20T09:30:00-04:00,499.6449890136719,500.2200012207031,497.4200134277344,499.11749267578125,640216.0
2026-08-20T10:30:00-04:00,499.1050109863281,500.44000244140625,498.54010009765625,499.68499755859375,282132.0
2026-08-20T11:30:00-04:00,499.67999267578125,500.1000061035156,498.59320068359375,498.59320068359375,187463.0
2026-08-20T12:30:00-04:00,498.6099853515625,499.19000244140625,498.5899963378906,499.0799865722656,202508.0
2026-08-20T13:30:00-04:00,499.0869140625,499.3900146484375,498.6000061035156,499.0,209875.0
2026-08-20T14:30:00-04:00,498.9599914550781,499.1499938964844,496.80999755859375,496.8599853515625,309906.0
2026-08-20T15:30:00-04:00,496.8800048828125,497.69000244140625,496.4800109863281,497.0799865722656,517400.0
2026-08-21T09:30:00-04:00,498.5,501.0,497.19500732421875,498.6300048828125,1362954.0
2026-08-21T10:30:00-04:00,498.5799865722656,499.8775939941406,497.625,498.260009765625,398773.0
2026-08-21T11:30:00-04:00,498.2699890136719,498.8245849609375,497.70001220703125,498.114990234375,409273.0
2026-08-21T12:30:00-04:00,498.0199890136719,498.0199890136719,496.3399963378906,497.18499755859375,346204.0
2026-08-21T13:30:00-04:00,497.1300048828125,498.0,496.4200134277344,497.9200134277344,441116.0
2026-08-21T14:30:00-04:00,497.8847961425781,498.2099914550781,496.82000732421875,496.9800109863281,391600.0
2026-08-21T15:30:00-04:00,496.94000244140625,497.0899963378906,495.67999267578125,495.7699890136719,561408.0
2026-08-24T09:30:00-04:00,498.1300048828125,503.6499938964844,498.1099853515625,502.5050048828125,861701.0
2026-08-24T10:30:00-04:00,502.5050048828125,503.2799987792969,501.8999938964844,502.4100036621094,302323.0
2026-08-24T11:30:00-04:00,502.5050048828125,502.7300109863281,501.2099914550781,501.6700134277344,289584.0
2026-08-24T12:30:00-04:00,501.6650085449219,502.4100036621094,501.1000061035156,501.42498779296875,168391.0
2026-08-24T13:30:00-04:00,501.42498779296875,502.67999267578125,501.32000732421875,502.2409973144531,190247.0
2026-08-24T14:30:00-04:00,502.1099853515625,502.8500061035156,501.5899963378906,502.45001220703125,309835.0
2026-08-24T15:30:00-04:00,502.510009765625,504.4200134277344,502.2876892089844,504.2699890136719,400317.0
2026-08-25T09:30:00-04:00,503.95001220703125,503.95001220703125,501.1600036621094,503.1700134277344,482597.0
2026-08-25T10:30:00-04:00,503.17498779296875,503.7699890136719,501.42999267578125,503.32000732421875,296452.0
2026-08-25T11:30:00-04:00,503.3900146484375,503.7398986816406,503.0199890136719,503.7398986816406,167191.0
2026-08-25T12:30:00-04:00,503.53009033203125,504.7499084472656,503.5,504.1300048828125,203956.0
2026-08-25T13:30:00-04:00,504.1199951171875,504.6600036621094,504.1199951171875,504.2749938964844,156247.0
2026-08-25T14:30:00-04:00,504.29998779296875,504.4700012207031,503.25,503.5,240950.0
2026-08-25T15:30:00-04:00,503.57000732421875,504.3699951171875,503.239990234375,504.239990234375,386046.0
2026-08-26T09:30:00-04:00,505.92999267578125,506.57501220703125,503.6499938964844,506.1600036621094,558469.0
2026-08-26T10:30:00-04:00,506.1600036621094,506.17950439453125,504.20001220703125,504.7200012207031,241772.0
2026-08-26T11:30:00-04:00,504.7699890136719,506.70001220703125,504.7049865722656,505.1449890136719,373662.0
2026-08-26T12:30:00-04:00,505.0201110839844,505.32000732421875,504.69000244140625,505.0799865722656,209143.0
2026-08-26T13:30:00-04:00,505.0799865722656,505.1300048828125,504.2349853515625,504.3900146484375,163750.0
2026-08-26T14:30:00-04:00,504.3699951171875,505.2900085449219,504.29998779296875,505.1600036621094,243164.0
2026-08-26T15:30:00-04:00,505.19000244140625,505.3999938964844,504.6300048828125,504.9200134277344,402779.0
2026-08-27T09:30:00-04:00,500.5,502.75,499.2200012207031,501.1499938964844,794645.0
2026-08-27T10:30:00-04:00,501.0199890136719,504.3299865722656,500.739990234375,504.010009765625,313784.0
2026-08-27T11:30:00-04:00,504.0386047363281,505.3999938964844,502.8500061035156,503.1449890136719,290374.0
2026-08-27T12:30:00-04:00,503.1700134277344,504.1400146484375,503.03009033203125,504.1400146484375,191365.0
2026-08-27T13:30:00-04:00,504.05999755859375,504.55999755859375,503.6400146484375,503.8999938964844,249184.0
2026-08-27T14:30:00-04:00,503.9800109863281,504.3699951171875,502.9504089355469,503.0350036621094,277250.0
2026-08-27T15:30:00-04:00,503.0799865722656,504.2099914550781,502.489990234375,503.8699951171875,663508.0
2026-08-28T09:30:00-04:00,504.8999938964844,506.44000244140625,502.94000244140625,504.44000244140625,681269.0
2026-08-28T10:30:00-04:00,504.3999938964844,506.3900146484375,504.3999938964844,505.6000061035156,306530.0
2026-08-28T11:30:00-04:00,505.7799072265625,506.1600036621094,504.7699890136719,504.92999267578125,274741.0
2026-08-28T12:30:00-04:00,504.989990234375,505.8399963378906,504.9800109863281,505.2699890136719,691486.0
2026-08-28T13:30:00-04:00,505.30340576171875,505.8399963378906,504.8299865722656,505.5450134277344,269692.0
2026-08-28T14:30:00-04:00,505.5400085449219,505.82000732421875,504.8877868652344,505.53009033203125,359196.0
2026-08-28T15:30:00-04:00,505.5400085449219,506.5799865722656,504.8999938964844,505.010009765625,568624.0
2026-08-31T09:30:00-04:00,504.05999755859375,505.29998779296875,502.54998779296875,503.6571044921875,420571.0
2026-08-31T10:30:00-04:00,503.6099853515625,504.2699890136719,502.8900146484375,502.92498779296875,254659.0
2026-08-31T11:30:00-04:00,502.92498779296875,503.32000732421875,502.4100036621094,503.0840148925781,266654.0
2026-08-31T12:30:00-04:00,503.0,503.4800109863281,502.20001220703125,502.8916931152344,271518.0
2026-08-31T13:30:00-04:00,502.9100036621094,504.8800048828125,502.7539978027344,504.8328857421875,237164.0
2026-08-31T14:30:00-04:00,504.8550109863281,505.1099853515625,503.4599914550781,503.9700012207031,265311.0
2026-08-31T15:30:00-04:00,503.9200134277344,504.9200134277344,502.8999938964844,504.0899963378906,537941.0
2026-09-01T09:30:00-04:00,506.0,506.75,504.4259948730469,505.3999938964844,683789.0
2026-09-01T10:30:00-04:00,505.4100036621094,505.8599853515625,503.8999938964844,504.0050048828125,358422.0
2026-09-01T11:30:00-04:00,504.0050048828125,504.81500244140625,503.17999267578125,504.4800109863281,261474.0
2026-09-01T12:30:00-04:00,504.4700012207031,504.8699951171875,503.2699890136719,504.4599914550781,269707.0
2026-09-01T13:30:00-04:00,504.3999938964844,504.4100036621094,501.70001220703125,501.8052062988281,253751.0
2026-09-01T14:30:00-04:00,501.7749938964844,504.7300109863281,501.2699890136719,502.79998779296875,469287.0
2026-09-01T15:30:00-04:00,502.7699890136719,502.8800048828125,501.7200012207031,502.45001220703125,457922.0
2026-09-02T09:30:00-04:00,503.4599914550781,507.25,502.6000061035156,506.45001220703125,625164.0
2026-09-02T10:30:00-04:00,506.5299987792969,508.8800048828125,506.1940002441406,507.55499267578125,370462.0
2026-09-02T11:30:00-04:00,507.55499267578125,508.92498779296875,506.8500061035156,507.885009765625,277964.0
2026-09-02T12:30:00-04:00,507.75,508.489990234375,507.2300109863281,507.4800109863281,189590.0
2026-09-02T13:30:00-04:00,507.4849853515625,508.2300109863281,506.8800964355469,507.3299865722656,240112.0
2026-09-02T14:30:00-04:00,507.3349914550781,507.3699951171875,504.9176940917969,505.54998779296875,459345.0
2026-09-02T15:30:00-04:00,505.54998779296875,505.8599853515625,504.3900146484375,505.0400085449219,415365.0
2026-09-03T09:30:00-04:00,506.6000061035156,508.95001220703125,505.239990234375,505.78448486328125,680164.0
2026-09-03T10:30:00-04:00,505.67999267578125,508.3450012207031,505.2099914550781,508.25,407093.0
2026-09-03T11:30:00-04:00,508.3500061035156,508.6499938964844,507.1300048828125,507.56500244140625,256483.0
2026-09-03T12:30:00-04:00,507.50390625,508.8800048828125,507.4750061035156,507.8299865722656,315213.0
2026-09-03T13:30:00-04:00,507.7950134277344,507.9200134277344,506.6099853515625,506.8699951171875,276782.0
2026-09-03T14:30:00-04:00,506.8599853515625,507.8594055175781,506.739990234375,507.3699951171875,596883.0
2026-09-03T15:30:00-04:00,507.3916015625,508.32000732421875,507.20001220703125,508.0,531716.0
2026-09-04T09:30:00-04:00,506.20001220703125,507.5,505.5299987792969,506.6099853515625,695153.0
2026-09-04T10:30:00-04:00,506.6099853515625,507.29400634765625,505.80999755859375,506.4700012207031,251760.0
2026-09-04T11:30:00-04:00,506.4700012207031,506.7699890136719,505.5101013183594,506.17498779296875,313172.0
2026-09-04T12:30:00-04:00,506.1300048828125,506.25,505.2200012207031,505.9150085449219,300656.0
2026-09-04T13:30:00-04:00,505.9200134277344,506.95001220703125,505.7449951171875,506.90460205078125,234543.0
2026-09-04T14:30:00-04:00,506.9200134277344,507.1440124511719,505.5899963378906,505.92999267578125,285946.0
2026-09-04T15:30:00-04:00,505.8999938964844,506.1300048828125,504.2950134277344,505.92999267578125,595458.0
2026-09-08T09:30:00-04:00,503.0,505.4599914550781,500.70001220703125,505.2300109863281,1145792.0
2026-09-08T10:30:00-04:00,505.239990234375,505.3999938964844,503.7099914550781,504.1099853515625,342056.0
2026-09-08T11:30:00-04:00,504.0199890136719,505.0400085449219,503.8800048828125,504.4599914550781,776414.0
2026-09-08T12:30:00-04:00,504.3900146484375,505.0,504.135009765625,504.4949951171875,171817.0
2026-09-08T13:30:00-04:00,504.5293884277344,505.7200012207031,504.3700866699219,505.3900146484375,235969.0
2026-09-08T14:30:00-04:00,505.42999267578125,507.0,505.2550964355469,506.9624938964844,278303.0
2026-09-08T15:30:00-04:00,506.9339904785156,507.29998779296875,505.2200012207031,505.8500061035156,505484.0
2026-09-09T09:30:00-04:00,504.1000061035156,505.489990234375,501.20599365234375,504.489990234375,647320.0
2026-09-09T10:30:00-04:00,504.5899963378906,507.1499938964844,504.5899963378906,507.081298828125,311511.0
2026-09-09T11:30:00-04:00,506.9901123046875,507.6000061035156,506.30999755859375,507.25,230004.0
2026-09-09T12:30:00-04:00,507.25,508.97021484375,506.9200134277344,508.9599914550781,277426.0
2026-09-09T13:30:00-04:00,508.92999267578125,509.510009765625,507.8500061035156,507.8559875488281,347568.0
2026-09-09T14:30:00-04:00,507.840087890625,507.8800048828125,506.3500061035156,507.2200012207031,324394.0
2026-09-09T15:30:00-04:00,507.2099914550781,507.55999755859375,506.5199890136719,506.760009765625,462679.0
2026-09-10T09:30:00-04:00,508.739990234375,510.5799865722656,505.8299865722656,506.2699890136719,754573.0
2026-09-10T10:30:00-04:00,506.1700134277344,506.9184875488281,505.7250061035156,505.739990234375,288929.0
2026-09-10T11:30:00-04:00,505.739990234375,506.34100341796875,505.239990234375,505.5400085449219,245462.0
2026-09-10T12:30:00-04:00,505.5299987792969,506.57000732421875,504.739990234375,504.8500061035156,298413.0
2026-09-10T13:30:00-04:00,504.82501220703125,506.20001220703125,504.7900085449219,505.9200134277344,270249.0
2026-09-10T14:30:00-04:00,505.8900146484375,506.1025085449219,505.04998779296875,505.4150085449219,260519.0
2026-09-10T15:30:00-04:00,505.45001220703125,507.635009765625,505.2601013183594,507.1400146484375,457708.0
2026-09-11T09:30:00-04:00,509.6499938964844,510.3800048828125,506.6700134277344,506.79998779296875,535683.0
2026-09-11T10:30:00-04:00,506.8949890136719,506.989990234375,506.0,506.760009765625,323595.0
2026-09-11T11:30:00-04:00,506.6850891113281,507.7298889160156,506.61151123046875,507.2279968261719,315090.0
2026-09-11T12:30:00-04:00,507.2799987792969,507.8399963378906,507.1499938964844,507.75,248579.0
2026-09-11T13:30:00-04:00,507.70001220703125,509.6000061035156,507.2300109863281,509.4150085449219,363837.0
2026-09-11T14:30:00-04:00,509.42999267578125,510.0,508.9200134277344,509.56500244140625,315991.0
2026-09-11T15:30:00-04:00,509.61468505859375,510.6300048828125,509.125,510.1700134277344,564481.0
2026-09-14T09:30:00-04:00,512.7999877929688,516.4500122070312,510.5,514.4000244140625,1003282.0
2026-09-14T10:30:00-04:00,514.2999877929688,515.260009765625,513.5599975585938,513.6950073242188,466340.0
2026-09-14T11:30:00-04:00,513.6950073242188,514.9000244140625,513.2100219726562,514.6900024414062,334690.0
2026-09-14T12:30:00-04:00,514.6300048828125,514.9500122070312,512.780029296875,513.3699951171875,246693.0
2026-09-14T13:30:00-04:00,513.3300170898438,515.0999755859375,513.185302734375,514.7304077148438,254209.0
2026-09-14T14:30:00-04:00,514.780029296875,515.4199829101562,514.625,514.9500122070312,298394.0
2026-09-14T15:30:00-04:00,514.9299926757812,515.6599731445312,514.6699829101562,514.9099731445312,553719.0
2026-09-15T09:30:00-04:00,515.0,515.9000244140625,512.4099731445312,514.9400024414062,479993.0
2026-09-15T10:30:00-04:00,514.760009765625,515.9799194335938,514.6099853515625,515.5999755859375,303260.0
2026-09-15T11:30:00-04:00,515.6099853515625,516.3400268554688,514.239990234375,515.2150268554688,225323.0
2026-09-15T12:30:00-04:00,515.1699829101562,515.47998046875,514.1799926757812,514.6599731445312,212853.0
2026-09-15T13:30:00-04:00,514.655029296875,514.9290161132812,514.1300048828125,514.7899780273438,190088.0
2026-09-15T14:30:00-04:00,514.7899780273438,515.4099731445312,514.2999877929688,515.2849731445312,264693.0
2026-09-15T15:30:00-04:00,515.2750244140625,516.869873046875,515.0,516.5900268554688,646925.0
2026-09-16T09:30:00-04:00,516.3599853515625,520.2000122070312,515.2999877929688,519.47998046875,698025.0
2026-09-16T10:30:00-04:00,519.5700073242188,520.8800048828125,519.030029296875,520.5499877929688,417007.0
2026-09-16T11:30:00-04:00,520.5499877929688,520.75,519.3200073242188,519.4249877929688,270059.0
2026-09-16T12:30:00-04:00,519.4249877929688,520.6199951171875,518.8699951171875,520.6099853515625,299825.0
2026-09-16T13:30:00-04:00,520.5900268554688,523.739990234375,520.2000122070312,523.3499755859375,623071.0
2026-09-16T14:30:00-04:00,523.3499755859375,523.3499755859375,518.6500244140625,519.5,677241.0
2026-09-16T15:30:00-04:00,519.5999755859375,520.7100219726562,518.5599975585938,520.6799926757812,881279.0
2026-09-17T09:30:00-04:00,518.9500122070312,520.0,511.2749938964844,511.45001220703125,1064386.0
2026-09-17T10:30:00-04:00,511.4150085449219,511.42999267578125,509.16009521484375,510.2226867675781,587322.0
2026-09-17T11:30:00-04:00,510.1499938964844,512.02001953125,509.010009765625,509.80499267578125,437794.0
2026-09-17T12:30:00-04:00,509.80499267578125,510.0849914550781,508.9200134277344,509.2749938964844,391574.0
2026-09-17T13:30:00-04:00,509.2749938964844,511.5379943847656,508.9100036621094,511.3599853515625,438162.0
2026-09-17T14:30:00-04:00,511.29998779296875,511.45001220703125,509.29998779296875,510.260009765625,491039.0
2026-09-17T15:30:00-04:00,510.2550048828125,510.4100036621094,508.7799987792969,509.05999755859375,1019388.0
2026-09-18T09:30:00-04:00,507.1600036621094,509.6499938964844,506.1300048828125,506.94000244140625,1673958.0
2026-09-18T10:30:00-04:00,507.0,508.55999755859375,506.3900146484375,507.7380065917969,509225.0
2026-09-18T11:30:00-04:00,507.7793884277344,508.739990234375,507.30999755859375,508.19000244140625,323696.0
2026-09-18T12:30:00-04:00,508.2998046875,509.7398986816406,508.1600036621094,508.7101135253906,274624.0
2026-09-18T13:30:00-04:00,508.8389892578125,511.7799987792969,508.7099914550781,511.4700012207031,360125.0
2026-09-18T14:30:00-04:00,511.4700012207031,512.0650024414062,509.0,509.1000061035156,674420.0
2026-09-18T15:30:00-04:00,509.135009765625,510.9100036621094,508.6700134277344,509.7049865722656,1146045.0
2026-09-21T09:30:00-04:00,507.92999267578125,510.5,504.9599914550781,507.80499267578125,885533.0
2026-09-21T10:30:00-04:00,507.80499267578125,508.94000244140625,506.54010009765625,506.9700012207031,318853.0
2026-09-21T11:30:00-04:00,506.8800964355469,507.94000244140625,506.010009765625,506.639892578125,343675.0
2026-09-21T12:30:00-04:00,506.57000732421875,508.0,505.9100036621094,507.635009765625,319527.0
2026-09-21T13:30:00-04:00,507.6700134277344,507.9599914550781,504.6600036621094,505.0,455658.0
2026-09-21T14:30:00-04:00,505.1300048828125,505.5,504.3599853515625,504.8399963378906,435565.0
2026-09-21T15:30:00-04:00,504.8699951171875,505.05499267578125,502.0,502.04998779296875,934814.0
2026-09-22T09:30:00-04:00,503.32501220703125,504.70001220703125,501.4100036621094,502.6499938964844,970508.0
2026-09-22T10:30:00-04:00,502.6000061035156,504.5,502.3768005371094,503.8349914550781,428793.0
2026-09-22T11:30:00-04:00,503.7764892578125,505.04998779296875,503.3900146484375,505.0,351796.0
2026-09-22T12:30:00-04:00,505.0,505.5799865722656,503.4599914550781,503.7139892578125,347074.0
2026-09-22T13:30:00-04:00,503.69500732421875,504.6199951171875,503.3299865722656,504.32000732421875,265838.0
2026-09-22T14:30:00-04:00,504.2799987792969,504.82000732421875,503.82000732421875,504.7300109863281,305779.0
2026-09-22T15:30:00-04:00,504.70001220703125,504.7900085449219,502.8900146484375,503.6099853515625,522690.0
2026-09-23T09:30:00-04:00,503.8599853515625,508.6499938964844,502.80999755859375,507.7099914550781,894489.0
2026-09-23T10:30:00-04:00,507.75,509.6600036621094,507.75,508.8599853515625,583313.0
2026-09-23T11:30:00-04:00,508.67498779296875,509.8500061035156,507.9700012207031,509.54998779296875,357353.0
2026-09-23T12:30:00-04:00,509.4700012207031,511.2349853515625,509.2099914550781,510.73870849609375,320526.0
2026-09-23T13:30:00-04:00,510.69000244140625,511.2799987792969,509.30999755859375,509.6449890136719,274455.0
2026-09-23T14:30:00-04:00,509.5950012207031,509.614990234375,507.1050109863281,508.2799987792969,408790.0
2026-09-23T15:30:00-04:00,508.1700134277344,508.82000732421875,507.0,507.3599853515625,900387.0
2026-09-24T09:30:00-04:00,509.5799865722656,510.0,506.9800109863281,507.5799865722656,443526.0
2026-09-24T10:30:00-04:00,507.7174987792969,508.4800109863281,506.7099914550781,507.5799865722656,289431.0
2026-09-24T11:30:00-04:00,507.6300048828125,508.8999938964844,506.9700012207031,507.75,232940.0
2026-09-24T12:30:00-04:00,507.8900146484375,508.1300048828125,506.7300109863281,507.0799865722656,173357.0
2026-09-24T13:30:00-04:00,507.0350036621094,507.3467102050781,506.6499938964844,507.3161926269531,177107.0
2026-09-24T14:30:00-04:00,507.30499267578125,507.3800048828125,506.3900146484375,506.93499755859375,249299.0
2026-09-24T15:30:00-04:00,506.94000244140625,507.1499938964844,504.9809875488281,505.4599914550781,423870.0
2026-09-25T09:30:00-04:00,505.25,505.8699951171875,502.239990234375,504.0450134277344,596900.0
2026-09-25T10:30:00-04:00,504.010009765625,504.6099853515625,503.4700012207031,504.3399963378906,311507.0
2026-09-25T11:30:00-04:00,504.3699951171875,505.32000732421875,504.2300109863281,504.7900085449219,248124.0
2026-09-25T12:30:00-04:00,504.79998779296875,505.82000732421875,504.5799865722656,505.2403869628906,198182.0
2026-09-25T13:30:00-04:00,505.2300109863281,505.29998779296875,504.5400085449219,504.67999267578125,150701.0
2026-09-25T14:30:00-04:00,504.7200012207031,504.9100036621094,504.3500061035156,504.55999755859375,222179.0
2026-09-25T15:30:00-04:00,504.55999755859375,505.70001220703125,504.43328857421875,505.4599914550781,378601.0
2026-09-28T09:30:00-04:00,505.0,507.239990234375,503.42999267578125,505.4599914550781,564370.0
2026-09-28T10:30:00-04:00,505.5320129394531,505.8599853515625,504.6600036621094,505.43359375,304642.0
2026-09-28T11:30:00-04:00,505.5400085449219,505.639892578125,504.0299987792969,504.239990234375,328898.0
2026-09-28T12:30:00-04:00,504.2799987792969,504.8699951171875,503.5299987792969,503.7698974609375,300865.0
2026-09-28T13:30:00-04:00,503.7699890136719,504.30999755859375,503.29998779296875,503.6449890136719,290867.0
2026-09-28T14:30:00-04:00,503.6449890136719,503.6919860839844,502.7699890136719,502.94000244140625,378974.0
2026-09-28T15:30:00-04:00,502.95001220703125,503.42498779296875,502.57000732421875,503.1600036621094,540017.0
2026-09-29T09:30:00-04:00,501.5299987792969,503.8599853515625,501.1499938964844,501.8299865722656,519569.0
2026-09-29T10:30:00-04:00,501.989990234375,502.2799987792969,500.5450134277344,501.7049865722656,419664.0
2026-09-29T11:30:00-04:00,501.7349853515625,502.0899963378906,500.2300109863281,500.2900085449219,385799.0
2026-09-29T12:30:00-04:00,500.2799987792969,501.55999755859375,500.2749938964844,501.5150146484375,252138.0
2026-09-29T13:30:00-04:00,501.54998779296875,502.3999938964844,501.4700012207031,502.17498779296875,197743.0
2026-09-29T14:30:00-04:00,502.1000061035156,502.70001220703125,501.8299865722656,502.5,283949.0
2026-09-29T15:30:00-04:00,502.5400085449219,502.8699951171875,502.17999267578125,502.4100036621094,351517.0
