t,o,h,l,c,v
2023-10-31T09:30:00-04:00,79.19000244140625,80.79000091552734,78.19000244140625,79.48999786376953,1221007.0
2023-10-31T10:30:00-04:00,79.41999816894531,80.70999908447266,79.41000366210938,80.01000213623047,666410.0
2023-10-31T11:30:00-04:00,80.01000213623047,80.26000213623047,78.87999725341797,79.01000213623047,508493.0
2023-10-31T12:30:00-04:00,79.01000213623047,79.19999694824219,78.45999908447266,78.75,697082.0
2023-10-31T13:30:00-04:00,78.7699966430664,79.12000274658203,78.37000274658203,78.41000366210938,542922.0
2023-10-31T14:30:00-04:00,78.43990325927734,79.47000122070312,78.37000274658203,79.3949966430664,790203.0
2023-10-31T15:30:00-04:00,79.4000015258789,79.61000061035156,78.88999938964844,79.58000183105469,863735.0
2023-11-01T09:30:00-04:00,79.20999908447266,79.58999633789062,74.7300033569336,75.44499969482422,2311226.0
2023-11-01T10:30:00-04:00,75.44000244140625,76.91999816894531,75.1500015258789,75.393798828125,841656.0
2023-11-01T11:30:00-04:00,75.44999694824219,76.62999725341797,75.4000015258789,76.08000183105469,596743.0
2023-11-01T12:30:00-04:00,76.0999984741211,76.19000244140625,75.19000244140625,76.05000305175781,522786.0
2023-11-01T13:30:00-04:00,76.01000213623047,76.01000213623047,74.69999694824219,75.19000244140625,696632.0
2023-11-01T14:30:00-04:00,75.18000030517578,76.91000366210938,74.80999755859375,76.51499938964844,1071419.0
2023-11-01T15:30:00-04:00,76.51499938964844,76.9800033569336,76.30999755859375,76.69999694824219,1003084.0
2023-11-02T09:30:00-04:00,76.88999938964844,82.44000244140625,76.16999816894531,78.16999816894531,3180751.0
2023-11-02T10:30:00-04:00,78.12000274658203,79.4000015258789,77.2300033569336,78.9000015258789,1306952.0
2023-11-02T11:30:00-04:00,78.88999938964844,79.24500274658203,78.19999694824219,78.61000061035156,692565.0
2023-11-02T12:30:00-04:00,78.5999984741211,78.80000305175781,77.88999938964844,78.34750366210938,511672.0
2023-11-02T13:30:00-04:00,78.31999969482422,78.76239776611328,77.4000015258789,78.54499816894531,680291.0
2023-11-02T14:30:00-04:00,78.56999969482422,79.62000274658203,78.55999755859375,79.51000213623047,650266.0
2023-11-02T15:30:00-04:00,79.50499725341797,79.66500091552734,78.81999969482422,78.91000366210938,935163.0
2023-11-03T09:30:00-04:00,81.61000061035156,83.54000091552734,79.0,82.69999694824219,2055585.0
2023-11-03T10:30:00-04:00,82.75,83.31999969482422,81.20999908447266,81.69499969482422,1017132.0
2023-11-03T11:30:00-04:00,81.66000366210938,82.58999633789062,80.7300033569336,80.88999938964844,556728.0
2023-11-03T12:30:00-04:00,80.9000015258789,81.44999694824219,80.81999969482422,81.12000274658203,476020.0
2023-11-03T13:30:00-04:00,81.18000030517578,81.80999755859375,80.79000091552734,81.50499725341797,432288.0
2023-11-03T14:30:00-04:00,81.50499725341797,82.0199966430664,80.87000274658203,80.93000030517578,510009.0
2023-11-03T15:30:00-04:00,80.93000030517578,81.19999694824219,80.6500015258789,80.80999755859375,674948.0
2023-11-06T09:30:00-05:00,81.44999694824219,82.22000122070312,76.25090026855469,76.76499938964844,1376070.0
2023-11-06T10:30:00-05:00,76.76499938964844,78.07990264892578,76.30000305175781,77.9800033569336,707635.0
2023-11-06T11:30:00-05:00,77.98500061035156,78.52999877929688,77.30000305175781,78.18000030517578,535323.0
2023-11-06T12:30:00-05:00,78.19999694824219,78.55000305175781,77.13999938964844,77.30000305175781,442885.0
2023-11-06T13:30:00-05:00,77.30999755859375,77.75,77.0999984741211,77.70999908447266,353366.0
2023-11-06T14:30:00-05:00,77.72000122070312,78.40910339355469,77.72000122070312,78.0999984741211,426508.0
2023-11-06T15:30:00-05:00,78.11499786376953,78.25,77.87000274658203,78.19999694824219,650666.0
2023-11-07T09:30:00-05:00,78.08000183105469,78.8499984741211,76.5199966430664,78.62000274658203,848250.0
2023-11-07T10:30:00-05:00,78.5999984741211,78.83000183105469,77.55999755859375,78.44499969482422,532417.0
2023-11-07T11:30:00-05:00,78.4000015258789,79.1698989868164,78.4000015258789,78.58000183105469,433570.0
2023-11-07T12:30:00-05:00,78.52999877929688,78.9000015258789,78.19999694824219,78.6500015258789,264679.0
2023-11-07T13:30:00-05:00,78.63999938964844,79.29000091552734,78.55999755859375,79.0199966430664,326903.0
2023-11-07T14:30:00-05:00,79.0199966430664,79.23999786376953,78.5999984741211,79.04000091552734,374618.0
2023-11-07T15:30:00-05:00,79.04000091552734,79.14990234375,78.69000244140625,78.79000091552734,515287.0
2023-11-08T09:30:00-05:00,78.83000183105469,79.2300033569336,77.08000183105469,77.55000305175781,959544.0
2023-11-08T10:30:00-05:00,77.48999786376953,77.9800033569336,77.36009979248047,77.5199966430664,456557.0
2023-11-08T11:30:00-05:00,77.5199966430664,78.443603515625,77.22219848632812,77.50180053710938,445928.0
2023-11-08T12:30:00-05:00,77.55000305175781,78.12999725341797,77.22010040283203,77.48999786376953,276598.0
2023-11-08T13:30:00-05:00,77.45939636230469,77.48999786376953,76.95999908447266,77.16999816894531,308495.0
2023-11-08T14:30:00-05:00,77.1500015258789,77.37000274658203,76.80000305175781,76.9000015258789,341301.0
2023-11-08T15:30:00-05:00,76.8949966430664,77.23999786376953,76.8499984741211,76.9000015258789,439572.0
2023-11-09T09:30:00-05:00,77.47000122070312,78.20999908447266,76.27559661865234,77.41999816894531,665948.0
2023-11-09T10:30:00-05:00,77.51000213623047,77.96990203857422,76.52999877929688,77.62999725341797,395345.0
2023-11-09T11:30:00-05:00,77.68000030517578,78.68080139160156,77.5199966430664,78.38999938964844,398861.0
2023-11-09T12:30:00-05:00,78.34010314941406,78.8499984741211,77.33000183105469,77.58499908447266,492576.0
2023-11-09T13:30:00-05:00,77.4800033569336,77.80999755859375,76.29000091552734,76.33999633789062,427136.0
2023-11-09T14:30:00-05:00,76.31999969482422,76.54000091552734,75.52999877929688,75.55000305175781,485099.0
2023-11-09T15:30:00-05:00,75.56999969482422,75.7699966430664,75.35749816894531,75.58000183105469,774650.0
2023-11-10T09:30:00-05:00,75.0199966430664,76.68000030517578,73.48999786376953,75.86000061035156,965482.0
2023-11-10T10:30:00-05:00,75.83000183105469,76.70999908447266,75.46499633789062,76.61000061035156,411750.0
2023-11-10T11:30:00-05:00,76.61000061035156,76.77999877929688,75.76000213623047,76.54000091552734,384598.0
2023-11-10T12:30:00-05:00,76.58999633789062,77.5,76.52999877929688,77.30000305175781,339990.0
2023-11-10T13:30:00-05:00,77.33999633789062,77.7699966430664,77.1937026977539,77.67980194091797,395561.0
2023-11-10T14:30:00-05:00,77.6449966430664,78.0199966430664,77.36000061035156,77.93000030517578,421648.0
2023-11-10T15:30:00-05:00,77.95999908447266,78.01000213623047,77.63999938964844,78.01000213623047,516815.0
2023-11-13T09:30:00-05:00,77.19000244140625,78.33999633789062,75.98999786376953,77.69989776611328,688623.0
2023-11-13T10:30:00-05:00,77.69999694824219,77.9791030883789,77.08999633789062,77.84500122070312,353900.0
2023-11-13T11:30:00-05:00,77.83999633789062,78.5,77.56999969482422,77.93000030517578,313039.0
2023-11-13T12:30:00-05:00,77.88999938964844,78.05000305175781,77.48999786376953,77.95999908447266,219007.0
2023-11-13T13:30:00-05:00,77.93000030517578,78.38999938964844,77.7699966430664,78.33000183105469,248658.0
2023-11-13T14:30:00-05:00,78.3499984741211,78.75,78.19999694824219,78.47000122070312,308548.0
2023-11-13T15:30:00-05:00,78.45999908447266,79.13999938964844,78.38999938964844,78.55999755859375,499823.0
2023-11-14T09:30:00-05:00,84.08999633789062,87.4800033569336,83.26000213623047,86.0,2672706.0
2023-11-14T10:30:00-05:00,86.0,89.33999633789062,85.9000015258789,89.27999877929688,1251709.0
2023-11-14T11:30:00-05:00,89.2750015258789,89.94000244140625,88.60099792480469,89.5999984741211,1011403.0
2023-11-14T12:30:00-05:00,89.6050033569336,91.5999984741211,89.23999786376953,91.55000305175781,994827.0
2023-11-14T13:30:00-05:00,91.58499908447266,91.58499908447266,89.6874008178711,90.04010009765625,886614.0
2023-11-14T14:30:00-05:00,90.05999755859375,91.44000244140625,89.67310333251953,91.3375015258789,695976.0
2023-11-14T15:30:00-05:00,91.33000183105469,91.66999816894531,90.97000122070312,91.41999816894531,1364517.0
2023-11-15T09:30:00-05:00,92.9000015258789,97.2699966430664,91.9800033569336,96.36000061035156,2732776.0
2023-11-15T10:30:00-05:00,96.46499633789062,98.41999816894531,95.9000015258789,96.31500244140625,1617845.0
2023-11-15T11:30:00-05:00,96.30999755859375,96.56999969482422,93.36000061035156,94.31919860839844,1057003.0
2023-11-15T12:30:00-05:00,94.24009704589844,94.58499908447266,92.76000213623047,93.9000015258789,667412.0
2023-11-15T13:30:00-05:00,93.9000015258789,93.9000015258789,92.44999694824219,93.36000061035156,523561.0
2023-11-15T14:30:00-05:00,93.41000366210938,93.63999938964844,92.91010284423828,93.08000183105469,516757.0
2023-11-15T15:30:00-05:00,93.06999969482422,93.36000061035156,92.54000091552734,92.80999755859375,736469.0
2023-11-16T09:30:00-05:00,92.23999786376953,93.97000122070312,89.33999633789062,90.46199798583984,1122300.0
2023-11-16T10:30:00-05:00,90.48999786376953,90.97000122070312,88.80000305175781,89.3499984741211,579239.0
2023-11-16T11:30:00-05:00,89.3499984741211,89.88999938964844,88.80000305175781,89.62000274658203,503961.0
2023-11-16T12:30:00-05:00,89.62000274658203,90.33999633789062,89.23999786376953,89.48999786376953,329313.0
2023-11-16T13:30:00-05:00,89.5,90.29000091552734,89.12079620361328,89.97000122070312,378024.0
2023-11-16T14:30:00-05:00,90.00499725341797,90.80999755859375,89.98999786376953,90.42500305175781,477597.0
2023-11-16T15:30:00-05:00,90.37100219726562,90.7699966430664,90.08000183105469,90.63999938964844,570881.0
2023-11-17T09:30:00-05:00,91.80000305175781,91.87000274658203,88.5479965209961,89.55500030517578,796743.0
2023-11-17T10:30:00-05:00,89.55999755859375,90.66999816894531,89.2300033569336,90.125,402326.0
2023-11-17T11:30:00-05:00,90.1500015258789,91.19000244140625,89.55000305175781,90.53500366210938,421269.0
2023-11-17T12:30:00-05:00,90.54000091552734,92.16999816894531,90.5,92.06999969482422,366443.0
2023-11-17T13:30:00-05:00,92.08999633789062,92.52999877929688,91.91999816894531,92.23999786376953,396169.0
2023-11-17T14:30:00-05:00,92.19000244140625,92.95999908447266,92.18000030517578,92.72000122070312,434756.0
2023-11-17T15:30:00-05:00,92.7249984741211,92.87999725341797,92.45999908447266,92.87999725341797,503244.0
2023-11-20T09:30:00-05:00,93.55000305175781,95.5199966430664,91.63999938964844,95.19000244140625,1052946.0
2023-11-20T10:30:00-05:00,95.16000366210938,97.55999755859375,94.94000244140625,97.38999938964844,933740.0
2023-11-20T11:30:00-05:00,97.4000015258789,98.47000122070312,97.02999877929688,97.94999694824219,720768.0
2023-11-20T12:30:00-05:00,97.9800033569336,98.73999786376953,97.83999633789062,98.2699966430664,662258.0
2023-11-20T13:30:00-05:00,98.27999877929688,98.62999725341797,97.88999938964844,98.0,485223.0
2023-11-20T14:30:00-05:00,98.03500366210938,98.47000122070312,97.95999908447266,98.3499984741211,687300.0
2023-11-20T15:30:00-05:00,98.3499984741211,98.77999877929688,98.20999908447266,98.4800033569336,901162.0
2023-11-21T09:30:00-05:00,98.12000274658203,98.83000183105469,96.68000030517578,97.70500183105469,1447129.0
2023-11-21T10:30:00-05:00,97.68499755859375,98.27999877929688,97.2699966430664,97.91999816894531,474636.0
2023-11-21T11:30:00-05:00,97.98500061035156,98.0199966430664,97.3499984741211,97.9000015258789,442691.0
2023-11-21T12:30:00-05:00,97.88999938964844,98.62000274658203,97.76000213623047,97.9635009765625,425427.0
2023-11-21T13:30:00-05:00,97.97000122070312,98.05000305175781,97.07009887695312,98.04889678955078,343655.0
2023-11-21T14:30:00-05:00,98.05000305175781,98.5250015258789,97.9000015258789,98.19999694824219,319314.0
2023-11-21T15:30:00-05:00,98.22000122070312,98.56999969482422,98.06999969482422,98.27999877929688,620914.0
2023-11-22T09:30:00-05:00,99.31999969482422,101.36990356445312,98.41000366210938,100.89849853515625,1342794.0
2023-11-22T10:30:00-05:00,100.80000305175781,101.18000030517578,99.91010284423828,100.08999633789062,500223.0
2023-11-22T11:30:00-05:00,100.19999694824219,101.6500015258789,100.1500015258789,101.34500122070312,418897.0
2023-11-22T12:30:00-05:00,101.34500122070312,101.52999877929688,100.75,101.45500183105469,281793.0
2023-11-22T13:30:00-05:00,101.4800033569336,101.86409759521484,100.83000183105469,100.9447021484375,254216.0
2023-11-22T14:30:00-05:00,100.9749984741211,101.0,100.16999816894531,100.31999969482422,378278.0
2023-11-22T15:30:00-05:00,100.30000305175781,100.43000030517578,99.70999908447266,100.26000213623047,640539.0
2023-11-24T09:30:00-05:00,99.8499984741211,100.78939819335938,97.56999969482422,100.29399871826172,661729.0
2023-11-24T10:30:00-05:00,100.30500030517578,101.0,99.62999725341797,99.84500122070312,304867.0
2023-11-24T11:30:00-05:00,99.91999816894531,100.12999725341797,99.35009765625,99.94000244140625,294065.0
2023-11-27T09:30:00-05:00,99.0,99.44159698486328,96.7300033569336,98.26000213623047,982746.0
2023-11-27T10:30:00-05:00,98.33000183105469,99.90750122070312,98.33000183105469,99.24500274658203,464092.0
2023-11-27T11:30:00-05:00,99.24500274658203,99.4000015258789,97.94000244140625,97.97000122070312,396993.0
2023-11-27T12:30:00-05:00,98.05000305175781,98.9000015258789,97.70999908447266,98.2699966430664,332057.0
2023-11-27T13:30:00-05:00,98.23999786376953,98.92250061035156,98.12000274658203,98.66000366210938,241125.0
2023-11-27T14:30:00-05:00,98.62999725341797,98.87999725341797,98.18000030517578,98.29000091552734,373852.0
2023-11-27T15:30:00-05:00,98.28500366210938,98.5,97.7699966430664,97.80000305175781,535364.0
2023-11-28T09:30:00-05:00,97.11000061035156,97.72000122070312,95.6500015258789,97.31999969482422,787565.0
2023-11-28T10:30:00-05:00,97.20999908447266,100.33999633789062,96.76000213623047,99.69999694824219,528803.0
2023-11-28T11:30:00-05:00,99.69999694824219,100.98999786376953,99.62999725341797,99.86930084228516,406302.0
2023-11-28T12:30:00-05:00,99.87000274658203,100.18000030517578,97.5999984741211,98.26499938964844,615751.0
2023-11-28T13:30:00-05:00,98.26499938964844,99.33000183105469,98.12000274658203,98.80000305175781,292427.0
2023-11-28T14:30:00-05:00,98.79000091552734,99.2699966430664,98.63999938964844,99.0,228850.0
2023-11-28T15:30:00-05:00,99.01000213623047,99.56199645996094,98.97000122070312,99.08000183105469,408933.0
2023-11-29T09:30:00-05:00,101.47000122070312,103.06999969482422,99.69000244140625,100.63999938964844,928008.0
2023-11-29T10:30:00-05:00,100.69000244140625,101.5199966430664,99.5999984741211,99.73999786376953,487472.0
2023-11-29T11:30:00-05:00,99.83000183105469,100.55999755859375,99.62999725341797,100.21749877929688,260697.0
2023-11-29T12:30:00-05:00,100.20999908447266,101.37999725341797,100.19000244140625,101.26000213623047,264301.0
2023-11-29T13:30:00-05:00,101.19999694824219,102.18000030517578,100.9000015258789,101.98999786376953,216711.0
2023-11-29T14:30:00-05:00,101.98999786376953,102.02999877929688,100.75,100.95999908447266,232616.0
2023-11-29T15:30:00-05:00,100.98999786376953,101.20899963378906,100.7699966430664,100.98500061035156,428474.0
2023-11-30T09:30:00-05:00,102.08000183105469,102.08000183105469,98.5999984741211,101.22850036621094,782173.0
2023-11-30T10:30:00-05:00,101.33999633789062,101.55000305175781,99.66000366210938,100.41999816894531,408393.0
2023-11-30T11:30:00-05:00,100.36000061035156,101.0199966430664,100.0999984741211,100.92500305175781,347789.0
2023-11-30T12:30:00-05:00,100.90730285644531,101.61000061035156,100.6500015258789,100.7300033569336,235728.0
2023-11-30T13:30:00-05:00,100.74500274658203,100.97000122070312,100.4800033569336,100.75,152188.0
2023-11-30T14:30:00-05:00,100.70999908447266,101.52259826660156,100.61000061035156,100.91000366210938,436719.0
2023-11-30T15:30:00-05:00,100.91500091552734,101.5199966430664,100.67500305175781,101.0,768872.0
2023-12-01T09:30:00-05:00,100.16999816894531,104.06999969482422,98.87999725341797,103.0,826044.0
2023-12-01T10:30:00-05:00,102.91999816894531,103.69000244140625,101.69999694824219,103.5,401924.0
2023-12-01T11:30:00-05:00,103.55999755859375,106.44000244140625,102.9800033569336,105.38999938964844,975791.0
2023-12-01T12:30:00-05:00,105.36000061035156,105.72000122070312,104.63999938964844,105.01000213623047,406173.0
2023-12-01T13:30:00-05:00,105.0,105.56999969482422,104.41999816894531,104.66999816894531,293715.0
2023-12-01T14:30:00-05:00,104.67500305175781,105.98999786376953,104.67500305175781,105.87000274658203,369717.0
2023-12-01T15:30:00-05:00,105.90989685058594,106.73999786376953,105.72000122070312,106.55000305175781,747918.0
2023-12-04T09:30:00-05:00,106.5,110.32499694824219,106.5,109.34989929199219,1365791.0
2023-12-04T10:30:00-05:00,109.36000061035156,109.75990295410156,107.37000274658203,108.31999969482422,632125.0
2023-12-04T11:30:00-05:00,108.18000030517578,108.87999725341797,107.86000061035156,108.2300033569336,386142.0
2023-12-04T12:30:00-05:00,108.24500274658203,109.44999694824219,108.16100311279297,108.66300201416016,435551.0
2023-12-04T13:30:00-05:00,108.6500015258789,109.52999877929688,108.55000305175781,108.69110107421875,460039.0
2023-12-04T14:30:00-05:00,108.72000122070312,109.4000015258789,108.41000366210938,108.95999908447266,566326.0
2023-12-04T15:30:00-05:00,108.95999908447266,109.27999877929688,108.75,108.87000274658203,583890.0
2023-12-05T09:30:00-05:00,107.86000061035156,110.55999755859375,106.97000122070312,110.50669860839844,1007585.0
2023-12-05T10:30:00-05:00,110.5199966430664,111.2300033569336,109.16999816894531,111.16000366210938,763740.0
2023-12-05T11:30:00-05:00,111.17990112304688,111.75,110.05000305175781,110.37999725341797,669474.0
2023-12-05T12:30:00-05:00,110.44000244140625,110.48999786376953,109.18000030517578,110.0199966430664,395627.0
2023-12-05T13:30:00-05:00,110.05000305175781,110.20999908447266,109.55500030517578,109.81500244140625,259976.0
2023-12-05T14:30:00-05:00,109.86000061035156,110.19000244140625,109.5999984741211,109.87999725341797,343600.0
2023-12-05T15:30:00-05:00,109.83999633789062,110.19999694824219,109.7699966430664,109.98999786376953,463608.0
2023-12-06T09:30:00-05:00,111.0,111.19000244140625,107.57009887695312,109.76000213623047,1019025.0
2023-12-06T10:30:00-05:00,109.83000183105469,110.86000061035156,108.83000183105469,108.97000122070312,467768.0
2023-12-06T11:30:00-05:00,108.95999908447266,109.7249984741211,108.44000244140625,109.03500366210938,381255.0
2023-12-06T12:30:00-05:00,109.07499694824219,109.28500366210938,107.91999816894531,108.30729675292969,390564.0
2023-12-06T13:30:00-05:00,108.23999786376953,108.48999786376953,106.91000366210938,106.91000366210938,282200.0
2023-12-06T14:30:00-05:00,106.9999008178711,107.87000274658203,106.7699966430664,106.95999908447266,403568.0
2023-12-06T15:30:00-05:00,106.98999786376953,107.58000183105469,106.5,106.69999694824219,650932.0
2023-12-07T09:30:00-05:00,107.9800033569336,108.87999725341797,106.3499984741211,106.69999694824219,617418.0
2023-12-07T10:30:00-05:00,106.7300033569336,108.08000183105469,106.30000305175781,106.99500274658203,363765.0
2023-12-07T11:30:00-05:00,106.97010040283203,107.33999633789062,106.33000183105469,106.69000244140625,219764.0
2023-12-07T12:30:00-05:00,106.70999908447266,107.74250030517578,106.63999938964844,107.16000366210938,191098.0
2023-12-07T13:30:00-05:00,107.19000244140625,107.41999816894531,106.94999694824219,107.21499633789062,161073.0
2023-12-07T14:30:00-05:00,107.25,107.47940063476562,106.62000274658203,107.30999755859375,269431.0
2023-12-07T15:30:00-05:00,107.31999969482422,107.5,107.06999969482422,107.16999816894531,408010.0
2023-12-08T09:30:00-05:00,107.37999725341797,108.45999908447266,104.26499938964844,107.31999969482422,973870.0
2023-12-08T10:30:00-05:00,107.38999938964844,108.12999725341797,104.7300033569336,105.05000305175781,454182.0
2023-12-08T11:30:00-05:00,105.12000274658203,105.37000274658203,103.06500244140625,103.47000122070312,688091.0
2023-12-08T12:30:00-05:00,103.52999877929688,103.58000183105469,101.63999938964844,102.56999969482422,572110.0
2023-12-08T13:30:00-05:00,102.47000122070312,103.3499984741211,102.125,103.02999877929688,359530.0
2023-12-08T14:30:00-05:00,103.06999969482422,103.44000244140625,102.79000091552734,103.16000366210938,458881.0
2023-12-08T15:30:00-05:00,103.1500015258789,103.5459976196289,102.87999725341797,102.9800033569336,565566.0
2023-12-11T09:30:00-05:00,102.75,105.23999786376953,102.05000305175781,103.36000061035156,1059958.0
2023-12-11T10:30:00-05:00,103.33499908447266,103.8499984741211,101.87000274658203,102.5999984741211,492450.0
2023-12-11T11:30:00-05:00,102.58000183105469,104.33000183105469,102.19000244140625,104.26000213623047,358472.0
2023-12-11T12:30:00-05:00,104.20500183105469,105.02999877929688,103.31500244140625,103.40499877929688,325315.0
2023-12-11T13:30:00-05:00,103.43000030517578,104.02999877929688,103.30110168457031,103.69999694824219,282637.0
2023-12-11T14:30:00-05:00,103.63999938964844,103.68000030517578,102.79000091552734,103.1050033569336,428450.0
2023-12-11T15:30:00-05:00,103.08999633789062,103.5999984741211,102.9000015258789,103.56999969482422,552649.0
2023-12-12T09:30:00-05:00,102.61000061035156,102.63760375976562,97.04000091552734,97.38500213623047,1789660.0
2023-12-12T10:30:00-05:00,97.4000015258789,98.30000305175781,96.81999969482422,97.44000244140625,848795.0
2023-12-12T11:30:00-05:00,97.43000030517578,97.62999725341797,96.69000244140625,97.38999938964844,589551.0
2023-12-12T12:30:00-05:00,97.37000274658203,98.7699966430664,97.30159759521484,97.5199966430664,425351.0
2023-12-12T13:30:00-05:00,97.5199966430664,99.0199966430664,97.43499755859375,98.78500366210938,374794.0
2023-12-12T14:30:00-05:00,98.76850128173828,99.98999786376953,98.49500274658203,99.7249984741211,545074.0
2023-12-12T15:30:00-05:00,99.73999786376953,99.97000122070312,99.2699966430664,99.79000091552734,648156.0
2023-12-13T09:30:00-05:00,95.80000305175781,98.55000305175781,95.19999694824219,96.41999816894531,1608955.0
2023-12-13T10:30:00-05:00,96.41000366210938,97.63999938964844,95.70500183105469,97.31999969482422,578980.0
2023-12-13T11:30:00-05:00,97.31999969482422,98.30000305175781,97.31999969482422,97.68720245361328,331199.0
2023-12-13T12:30:00-05:00,97.58999633789062,98.93000030517578,97.5199966430664,97.83000183105469,251868.0
2023-12-13T13:30:00-05:00,97.83000183105469,101.93499755859375,97.37000274658203,101.78990173339844,849553.0
2023-12-13T14:30:00-05:00,101.75990295410156,106.86000061035156,101.1500015258789,106.12989807128906,1875446.0
2023-12-13T15:30:00-05:00,106.04000091552734,108.05999755859375,105.94000244140625,107.61910247802734,1451846.0
2023-12-14T09:30:00-05:00,117.5,123.83999633789062,116.5,118.08999633789062,5097769.0
2023-12-14T10:30:00-05:00,118.09500122070312,121.66999816894531,117.79000091552734,119.7300033569336,1573663.0
2023-12-14T11:30:00-05:00,119.77999877929688,123.55999755859375,119.77999877929688,123.07499694824219,1806815.0
2023-12-14T12:30:00-05:00,123.07330322265625,123.75,120.37999725341797,121.32499694824219,1807274.0
2023-12-14T13:30:00-05:00,121.33499908447266,122.08000183105469,119.5,121.29000091552734,1184062.0
2023-12-14T14:30:00-05:00,121.2750015258789,122.47000122070312,120.56999969482422,120.59500122070312,1073326.0
2023-12-14T15:30:00-05:00,120.54000091552734,121.87999725341797,120.0999984741211,120.25,1259582.0
2023-12-15T09:30:00-05:00,124.76000213623047,126.05000305175781,120.72010040283203,122.40499877929688,2434936.0
2023-12-15T10:30:00-05:00,122.385498046875,126.19989776611328,121.91000366210938,124.83999633789062,1609529.0
2023-12-15T11:30:00-05:00,124.7699966430664,125.69999694824219,123.80010223388672,124.22000122070312,796550.0
2023-12-15T12:30:00-05:00,124.2249984741211,125.23999786376953,123.71499633789062,125.04000091552734,714814.0
2023-12-15T13:30:00-05:00,125.05000305175781,125.1500015258789,123.9000015258789,124.58999633789062,670176.0
2023-12-15T14:30:00-05:00,124.59500122070312,125.66000366210938,124.52999877929688,124.63500213623047,682101.0
2023-12-15T15:30:00-05:00,124.63999938964844,125.33000183105469,123.9000015258789,123.97000122070312,1477779.0
2023-12-18T09:30:00-05:00,121.31999969482422,126.0,120.77999877929688,122.7249984741211,1571984.0
2023-12-18T10:30:00-05:00,122.77999877929688,123.61000061035156,121.44000244140625,122.83999633789062,866695.0
2023-12-18T11:30:00-05:00,122.85399627685547,124.82659912109375,122.56999969482422,124.4302978515625,706304.0
2023-12-18T12:30:00-05:00,124.36000061035156,125.72000122070312,123.83999633789062,123.95999908447266,485377.0
2023-12-18T13:30:00-05:00,123.88999938964844,124.2699966430664,122.69499969482422,123.26000213623047,467900.0
2023-12-18T14:30:00-05:00,123.20040130615234,124.32250213623047,122.9000015258789,123.05999755859375,501040.0
2023-12-18T15:30:00-05:00,123.06739807128906,124.27999877929688,122.95999908447266,123.9800033569336,766673.0
2023-12-19T09:30:00-05:00,126.55999755859375,135.36000061035156,125.5,134.05999755859375,3492155.0
2023-12-19T10:30:00-05:00,133.98500061035156,134.63999938964844,131.52000427246094,131.72999572753906,1366874.0
2023-12-19T11:30:00-05:00,131.6699981689453,131.91000366210938,129.84219360351562,131.5500030517578,897589.0
2023-12-19T12:30:00-05:00,131.60000610351562,133.3000030517578,131.5,132.6699981689453,988143.0
2023-12-19T13:30:00-05:00,132.74000549316406,134.2095947265625,132.6846923828125,133.9600067138672,812516.0
2023-12-19T14:30:00-05:00,133.97000122070312,135.1699981689453,133.42999267578125,135.10940551757812,995056.0
2023-12-19T15:30:00-05:00,135.09500122070312,136.1999053955078,135.02999877929688,135.33450317382812,1547240.0
2023-12-20T09:30:00-05:00,134.0,136.0500030517578,132.44000244140625,132.89990234375,1835453.0
2023-12-20T10:30:00-05:00,132.8300018310547,134.5,132.7899932861328,133.1999969482422,832477.0
2023-12-20T11:30:00-05:00,133.2100067138672,134.63999938964844,132.72000122070312,134.1999969482422,648603.0
2023-12-20T12:30:00-05:00,134.17250061035156,135.33999633789062,133.55999755859375,135.0399932861328,427227.0
2023-12-20T13:30:00-05:00,135.05999755859375,135.57000732421875,133.22000122070312,133.25,478088.0
2023-12-20T14:30:00-05:00,133.1999969482422,133.32000732421875,128.27499389648438,128.8000030517578,1484432.0
2023-12-20T15:30:00-05:00,128.77999877929688,129.2899932861328,127.87000274658203,127.9800033569336,1031680.0
2023-12-21T09:30:00-05:00,130.8699951171875,134.1999969482422,129.3865966796875,132.6999969482422,1479559.0
2023-12-21T10:30:00-05:00,132.69000244140625,134.14999389648438,132.04010009765625,133.16000366210938,599085.0
2023-12-21T11:30:00-05:00,133.11070251464844,134.60000610351562,131.32000732421875,131.52999877929688,702771.0
2023-12-21T12:30:00-05:00,131.4499969482422,133.5800018310547,131.38999938964844,133.54710388183594,542356.0
2023-12-21T13:30:00-05:00,133.5500030517578,133.76210021972656,132.77999877929688,133.25,434438.0
2023-12-21T14:30:00-05:00,133.17999267578125,133.75,132.94000244140625,133.2899932861328,454262.0
2023-12-21T15:30:00-05:00,133.25,134.139892578125,133.02000427246094,133.8800048828125,503977.0
2023-12-22T09:30:00-05:00,135.8699951171875,137.0800018310547,133.24000549316406,133.92489624023438,1251569.0
2023-12-22T10:30:00-05:00,133.9250030517578,135.2144012451172,133.63999938964844,135.08999633789062,517963.0
2023-12-22T11:30:00-05:00,135.08999633789062,136.16000366210938,134.62010192871094,135.22999572753906,410272.0
2023-12-22T12:30:00-05:00,135.21499633789062,135.49000549316406,134.91000366210938,134.97500610351562,249673.0
2023-12-22T13:30:00-05:00,135.02999877929688,135.25,132.5500030517578,132.6497039794922,478124.0
2023-12-22T14:30:00-05:00,132.57479858398438,133.9600067138672,132.0399932861328,133.80999755859375,417248.0
2023-12-22T15:30:00-05:00,133.80999755859375,134.27999877929688,133.3000030517578,134.0399932861328,423827.0
2023-12-26T09:30:00-05:00,134.55999755859375,139.64999389648438,133.95680236816406,136.91000366210938,1191275.0
2023-12-26T10:30:00-05:00,136.88999938964844,137.36000061035156,136.0399932861328,136.73240661621094,440481.0
2023-12-26T11:30:00-05:00,136.72000122070312,137.4680938720703,136.54739379882812,136.80999755859375,381610.0
2023-12-26T12:30:00-05:00,136.85000610351562,137.0399932861328,135.83999633789062,135.97999572753906,296646.0
2023-12-26T13:30:00-05:00,135.9633026123047,136.94000244140625,135.9633026123047,136.49000549316406,227692.0
2023-12-26T14:30:00-05:00,136.4550018310547,137.89999389648438,136.42999267578125,137.52499389648438,422162.0
2023-12-26T15:30:00-05:00,137.55999755859375,138.07000732421875,137.2100067138672,137.35000610351562,504421.0
2023-12-27T09:30:00-05:00,138.02999877929688,138.3498992919922,136.13099670410156,137.5800018310547,701265.0
2023-12-27T10:30:00-05:00,137.5500030517578,138.16000366210938,136.42999267578125,137.30999755859375,452960.0
2023-12-27T11:30:00-05:00,137.25,137.64999389648438,136.1999969482422,136.24000549316406,481313.0
2023-12-27T12:30:00-05:00,136.2899932861328,136.6999969482422,135.47000122070312,135.60000610351562,383612.0
2023-12-27T13:30:00-05:00,135.6199951171875,135.82000732421875,134.83999633789062,135.7449951171875,308612.0
2023-12-27T14:30:00-05:00,135.75,136.08999633789062,135.07009887695312,136.02000427246094,393346.0
2023-12-27T15:30:00-05:00,136.02000427246094,136.38499450683594,135.3000030517578,135.6699981689453,508827.0
2023-12-28T09:30:00-05:00,134.9600067138672,137.1898956298828,133.4499969482422,135.7790069580078,886611.0
2023-12-28T10:30:00-05:00,135.90069580078125,136.2299041748047,134.89999389648438,134.99000549316406,297373.0
2023-12-28T11:30:00-05:00,135.0489044189453,136.07000732421875,134.77000427246094,134.9499969482422,249140.0
2023-12-28T12:30:00-05:00,134.9499969482422,135.22000122070312,134.0500030517578,134.66110229492188,238443.0
2023-12-28T13:30:00-05:00,134.66000366210938,135.3300018310547,134.30999755859375,135.07000732421875,225794.0
2023-12-28T14:30:00-05:00,135.07000732421875,135.13999938964844,134.41000366210938,134.7899932861328,202156.0
2023-12-28T15:30:00-05:00,134.84500122070312,135.35000610351562,134.6699981689453,134.7899932861328,320049.0
2023-12-29T09:30:00-05:00,134.22000122070312,135.9499053955078,132.75,134.34109497070312,602926.0
2023-12-29T10:30:00-05:00,134.3699951171875,134.69000244140625,132.50999450683594,133.17999267578125,491083.0
2023-12-29T11:30:00-05:00,133.05999755859375,133.33999633789062,132.55999755859375,132.6999969482422,276298.0
2023-12-29T12:30:00-05:00,132.63499450683594,133.60899353027344,132.6300048828125,133.2899932861328,255637.0
2023-12-29T13:30:00-05:00,133.27789306640625,133.92990112304688,133.08030700683594,133.08030700683594,238669.0
2023-12-29T14:30:00-05:00,133.13499450683594,133.36000061035156,132.4499969482422,132.97000122070312,309870.0
2023-12-29T15:30:00-05:00,132.97659301757812,132.97659301757812,131.88999938964844,132.1699981689453,422949.0
2024-01-02T09:30:00-05:00,130.61000061035156,135.60960388183594,128.6699981689453,134.6999969482422,1034777.0
2024-01-02T10:30:00-05:00,134.71499633789062,135.64999389648438,133.42999267578125,134.13499450683594,417387.0
2024-01-02T11:30:00-05:00,134.0,134.64999389648438,133.61000061035156,134.0800018310547,205333.0
2024-01-02T12:30:00-05:00,134.0791015625,134.64999389648438,133.3300018310547,134.16000366210938,217683.0
2024-01-02T13:30:00-05:00,134.10000610351562,134.1999969482422,132.0399932861328,132.53759765625,238315.0
2024-01-02T14:30:00-05:00,132.4499969482422,132.5500030517578,130.5800018310547,131.0500030517578,341069.0
2024-01-02T15:30:00-05:00,131.01370239257812,131.2899932861328,130.24000549316406,131.27000427246094,345970.0
2024-01-03T09:30:00-05:00,125.29499816894531,126.79000091552734,121.37999725341797,121.58989715576172,1667089.0
2024-01-03T10:30:00-05:00,121.5999984741211,122.87999725341797,119.5199966430664,122.33499908447266,1113701.0
2024-01-03T11:30:00-05:00,122.37999725341797,122.88899993896484,121.33999633789062,121.91500091552734,571337.0
2024-01-03T12:30:00-05:00,121.91500091552734,123.48500061035156,121.66000366210938,122.83999633789062,537655.0
2024-01-03T13:30:00-05:00,122.8499984741211,123.48650360107422,121.7699966430664,123.25,527229.0
2024-01-03T14:30:00-05:00,123.41999816894531,123.75,121.83000183105469,122.03500366210938,519248.0
2024-01-03T15:30:00-05:00,122.11000061035156,122.79000091552734,121.87999725341797,122.5999984741211,710366.0
2024-01-04T09:30:00-05:00,120.22000122070312,121.5199966430664,117.68000030517578,118.7300033569336,1082495.0
2024-01-04T10:30:00-05:00,118.79000091552734,120.54000091552734,118.76000213623047,120.11000061035156,530201.0
2024-01-04T11:30:00-05:00,120.08000183105469,120.1500015258789,118.48999786376953,118.56999969482422,370213.0
2024-01-04T12:30:00-05:00,118.5,119.20899963378906,118.19000244140625,118.98999786376953,224159.0
2024-01-04T13:30:00-05:00,119.02999877929688,119.38999938964844,118.26000213623047,118.29000091552734,364204.0
2024-01-04T14:30:00-05:00,118.25,118.73999786376953,117.83999633789062,118.54000091552734,381458.0
2024-01-04T15:30:00-05:00,118.5,118.84010314941406,117.59500122070312,118.06999969482422,558771.0
2024-01-05T09:30:00-05:00,115.18000030517578,119.54000091552734,114.5199966430664,118.22000122070312,1349940.0
2024-01-05T10:30:00-05:00,118.31999969482422,119.87000274658203,117.41999816894531,117.51000213623047,537563.0
2024-01-05T11:30:00-05:00,117.48999786376953,117.8949966430664,116.55000305175781,116.72750091552734,405311.0
2024-01-05T12:30:00-05:00,116.6500015258789,116.89119720458984,116.08000183105469,116.73999786376953,303601.0
2024-01-05T13:30:00-05:00,116.79000091552734,117.05000305175781,116.26000213623047,116.5155029296875,210785.0
2024-01-05T14:30:00-05:00,116.46499633789062,116.46499633789062,115.37999725341797,115.63999938964844,357196.0
2024-01-05T15:30:00-05:00,115.61000061035156,115.86499786376953,115.27999877929688,115.37999725341797,496922.0
2024-01-08T09:30:00-05:00,119.44000244140625,119.64990234375,115.4000015258789,116.53500366210938,1227061.0
2024-01-08T10:30:00-05:00,116.55500030517578,117.56999969482422,116.37000274658203,116.70999908447266,525224.0
2024-01-08T11:30:00-05:00,116.80000305175781,117.05999755859375,115.58000183105469,116.01499938964844,312812.0
2024-01-08T12:30:00-05:00,116.0199966430664,117.19999694824219,115.68000030517578,116.95999908447266,314682.0
2024-01-08T13:30:00-05:00,116.96009826660156,117.5,116.62000274658203,117.30500030517578,314041.0
2024-01-08T14:30:00-05:00,117.3499984741211,117.50830078125,116.25,116.38249969482422,380121.0
2024-01-08T15:30:00-05:00,116.4000015258789,116.69999694824219,115.88999938964844,115.97000122070312,468070.0
2024-01-09T09:30:00-05:00,114.22000122070312,116.80000305175781,113.125,115.95999908447266,834875.0
2024-01-09T10:30:00-05:00,115.93000030517578,116.19999694824219,114.6500015258789,115.83999633789062,277782.0
2024-01-09T11:30:00-05:00,115.9000015258789,117.31999969482422,115.83999633789062,117.19499969482422,256359.0
2024-01-09T12:30:00-05:00,117.2699966430664,118.20980072021484,117.0999984741211,117.44999694824219,290419.0
2024-01-09T13:30:00-05:00,117.37999725341797,117.82499694824219,116.66000366210938,116.87999725341797,212058.0
2024-01-09T14:30:00-05:00,116.8550033569336,117.90989685058594,116.27999877929688,116.84500122070312,384117.0
2024-01-09T15:30:00-05:00,116.8051986694336,117.1500015258789,116.45999908447266,117.08000183105469,379747.0
2024-01-10T09:30:00-05:00,117.01000213623047,117.37000274658203,114.01000213623047,115.3563003540039,620147.0
2024-01-10T10:30:00-05:00,115.3550033569336,117.25499725341797,114.5999984741211,116.25,486465.0
2024-01-10T11:30:00-05:00,116.2750015258789,117.18060302734375,115.73999786376953,116.49250030517578,271650.0
2024-01-10T12:30:00-05:00,116.47000122070312,116.62989807128906,115.55000305175781,115.99500274658203,227919.0
2024-01-10T13:30:00-05:00,115.98999786376953,116.87000274658203,115.94999694824219,116.55000305175781,184403.0
2024-01-10T14:30:00-05:00,116.50900268554688,117.19999694824219,116.3499984741211,116.53500366210938,335267.0
2024-01-10T15:30:00-05:00,116.52999877929688,117.63999938964844,116.38999938964844,117.54000091552734,463606.0
2024-01-11T09:30:00-05:00,116.18000030517578,116.48699951171875,110.81999969482422,112.30000305175781,1445048.0
2024-01-11T10:30:00-05:00,112.36820220947266,113.30999755859375,111.22000122070312,113.30999755859375,446506.0
2024-01-11T11:30:00-05:00,113.26499938964844,114.9000015258789,112.72000122070312,114.19999694824219,613592.0
2024-01-11T12:30:00-05:00,114.19499969482422,115.91000366210938,114.19499969482422,114.92009735107422,436749.0
2024-01-11T13:30:00-05:00,115.01000213623047,116.0199966430664,114.72000122070312,115.0,278900.0
2024-01-11T14:30:00-05:00,114.94000244140625,115.02559661865234,113.80000305175781,114.12000274658203,256027.0
2024-01-11T15:30:00-05:00,114.16999816894531,114.76000213623047,114.15809631347656,114.26000213623047,315630.0
2024-01-12T09:30:00-05:00,115.0,117.2300033569336,111.88999938964844,112.18000030517578,944008.0
2024-01-12T10:30:00-05:00,112.16500091552734,112.58000183105469,110.45999908447266,112.25499725341797,661892.0
2024-01-12T11:30:00-05:00,112.19999694824219,112.23999786376953,111.0,111.64610290527344,351071.0
2024-01-12T12:30:00-05:00,111.61000061035156,111.83999633789062,111.02999877929688,111.28170013427734,224914.0
2024-01-12T13:30:00-05:00,111.31500244140625,111.41999816894531,110.30999755859375,110.33999633789062,321302.0
2024-01-12T14:30:00-05:00,110.31999969482422,110.32499694824219,109.68000030517578,110.07550048828125,471910.0
2024-01-12T15:30:00-05:00,110.06999969482422,110.44000244140625,109.94999694824219,110.16999816894531,501856.0
2024-01-16T09:30:00-05:00,109.0,109.73999786376953,107.6500015258789,109.37999725341797,905299.0
2024-01-16T10:30:00-05:00,109.37999725341797,109.91999816894531,108.37999725341797,108.4822998046875,580691.0
2024-01-16T11:30:00-05:00,108.5,108.7699966430664,107.81500244140625,107.91000366210938,398788.0
2024-01-16T12:30:00-05:00,107.95999908447266,108.16000366210938,107.31999969482422,107.94000244140625,421879.0
2024-01-16T13:30:00-05:00,107.98999786376953,108.35759735107422,107.30000305175781,108.05999755859375,363465.0
2024-01-16T14:30:00-05:00,108.04499816894531,108.63999938964844,107.79000091552734,108.26000213623047,363184.0
2024-01-16T15:30:00-05:00,108.26499938964844,108.79000091552734,108.01000213623047,108.75,475325.0
2024-01-17T09:30:00-05:00,105.51000213623047,107.0999984741211,103.87000274658203,105.38999938964844,1043596.0
2024-01-17T10:30:00-05:00,105.33000183105469,106.43000030517578,104.83000183105469,106.0999984741211,480565.0
2024-01-17T11:30:00-05:00,106.02999877929688,106.47000122070312,105.63999938964844,106.13899993896484,253830.0
2024-01-17T12:30:00-05:00,106.09500122070312,106.56500244140625,105.94000244140625,106.08999633789062,283998.0
2024-01-17T13:30:00-05:00,106.06999969482422,106.13999938964844,104.93170166015625,105.02999877929688,318585.0
2024-01-17T14:30:00-05:00,105.06009674072266,105.29000091552734,104.45999908447266,104.94000244140625,348785.0
2024-01-17T15:30:00-05:00,104.92500305175781,105.68000030517578,104.87000274658203,105.66000366210938,588252.0
2024-01-18T09:30:00-05:00,107.22000122070312,107.44000244140625,103.69000244140625,105.87000274658203,806643.0
2024-01-18T10:30:00-05:00,105.80999755859375,106.47799682617188,105.46009826660156,106.47799682617188,285843.0
2024-01-18T11:30:00-05:00,106.5,106.72000122070312,105.73999786376953,106.05000305175781,249291.0
2024-01-18T12:30:00-05:00,106.05999755859375,106.66000366210938,105.88999938964844,106.0199966430664,211490.0
2024-01-18T13:30:00-05:00,106.01000213623047,106.83000183105469,106.01000213623047,106.63999938964844,197154.0
2024-01-18T14:30:00-05:00,106.63999938964844,107.38500213623047,106.12999725341797,107.0199966430664,301033.0
2024-01-18T15:30:00-05:00,107.0,107.0374984741211,106.41999816894531,106.68000030517578,409522.0
2024-01-19T09:30:00-05:00,106.25,106.75,102.83999633789062,103.0250015258789,968800.0
2024-01-19T10:30:00-05:00,102.9800033569336,103.68000030517578,102.0199966430664,102.19999694824219,682322.0
2024-01-19T11:30:00-05:00,102.23999786376953,102.33000183105469,101.56999969482422,102.06999969482422,558711.0
2024-01-19T12:30:00-05:00,102.08999633789062,103.04000091552734,101.78009796142578,102.9800033569336,447908.0
2024-01-19T13:30:00-05:00,102.9800033569336,104.20999908447266,102.55000305175781,104.18499755859375,472326.0
2024-01-19T14:30:00-05:00,104.20999908447266,104.47000122070312,103.43000030517578,104.19999694824219,485790.0
2024-01-19T15:30:00-05:00,104.18000030517578,104.25,103.43000030517578,103.56999969482422,585357.0
2024-01-22T09:30:00-05:00,106.19000244140625,115.08000183105469,106.19000244140625,110.28250122070312,2305657.0
2024-01-22T10:30:00-05:00,110.30000305175781,110.81999969482422,106.7699966430664,107.0999984741211,873918.0
2024-01-22T11:30:00-05:00,107.08999633789062,108.20999908447266,106.38999938964844,107.76000213623047,599138.0
2024-01-22T12:30:00-05:00,107.79000091552734,107.95999908447266,105.87999725341797,105.98999786376953,282175.0
2024-01-22T13:30:00-05:00,105.91999816894531,106.65989685058594,105.73999786376953,106.11499786376953,240360.0
2024-01-22T14:30:00-05:00,106.12000274658203,107.87000274658203,106.0,107.72000122070312,420883.0
2024-01-22T15:30:00-05:00,107.75,108.27999877929688,106.63999938964844,107.1500015258789,549405.0
2024-01-23T09:30:00-05:00,113.25,115.16000366210938,109.88500213623047,110.22000122070312,1759227.0
2024-01-23T10:30:00-05:00,110.29000091552734,110.35890197753906,108.5199966430664,109.80999755859375,611013.0
2024-01-23T11:30:00-05:00,109.80999755859375,110.87000274658203,109.04000091552734,109.87999725341797,460139.0
2024-01-23T12:30:00-05:00,109.88999938964844,110.5999984741211,109.43000030517578,110.44000244140625,353085.0
2024-01-23T13:30:00-05:00,110.44000244140625,110.79000091552734,110.20999908447266,110.31999969482422,323190.0
2024-01-23T14:30:00-05:00,110.19999694824219,112.16999816894531,110.12999725341797,111.97250366210938,547203.0
2024-01-23T15:30:00-05:00,111.94999694824219,112.00800323486328,110.74099731445312,111.31999969482422,637493.0
2024-01-24T09:30:00-05:00,114.37999725341797,114.63999938964844,109.5199966430664,110.63999938964844,1114839.0
2024-01-24T10:30:00-05:00,110.79000091552734,111.22000122070312,110.05999755859375,110.33000183105469,482926.0
2024-01-24T11:30:00-05:00,110.32599639892578,110.58999633789062,109.80999755859375,110.51000213623047,360439.0
2024-01-24T12:30:00-05:00,110.5199966430664,110.98999786376953,109.3009033203125,109.63500213623047,442583.0
2024-01-24T13:30:00-05:00,109.6500015258789,109.94999694824219,108.9000015258789,109.29429626464844,312864.0
2024-01-24T14:30:00-05:00,109.38999938964844,109.94309997558594,108.25,108.26519775390625,377842.0
2024-01-24T15:30:00-05:00,108.27999877929688,108.6500015258789,108.05000305175781,108.08000183105469,517471.0
2024-01-25T09:30:00-05:00,109.18000030517578,110.0999984741211,106.5999984741211,106.90499877929688,867476.0
2024-01-25T10:30:00-05:00,106.91999816894531,107.0,103.72010040283203,105.4000015258789,774798.0
2024-01-25T11:30:00-05:00,105.37000274658203,106.77999877929688,105.26000213623047,106.2699966430664,521056.0
2024-01-25T12:30:00-05:00,106.27999877929688,107.30999755859375,105.72090148925781,106.4749984741211,472874.0
2024-01-25T13:30:00-05:00,106.52989959716797,107.19999694824219,106.13369750976562,106.61430358886719,277058.0
2024-01-25T14:30:00-05:00,106.6050033569336,106.69000244140625,105.65010070800781,106.21849822998047,301688.0
2024-01-25T15:30:00-05:00,106.19000244140625,106.91000366210938,106.01000213623047,106.83999633789062,464655.0
2024-01-26T09:30:00-05:00,107.69999694824219,109.44999694824219,106.4000015258789,107.70999908447266,635904.0
2024-01-26T10:30:00-05:00,107.7699966430664,108.19999694824219,106.12000274658203,106.27999877929688,368558.0
2024-01-26T11:30:00-05:00,106.20500183105469,107.0199966430664,106.04000091552734,106.8499984741211,260851.0
2024-01-26T12:30:00-05:00,106.8499984741211,106.95999908447266,105.69999694824219,106.22000122070312,243070.0
2024-01-26T13:30:00-05:00,106.19499969482422,106.2249984741211,105.41999816894531,105.48500061035156,224272.0
2024-01-26T14:30:00-05:00,105.49500274658203,106.04989624023438,105.01000213623047,105.11239624023438,265641.0
2024-01-26T15:30:00-05:00,105.12000274658203,105.4800033569336,104.97000122070312,105.37000274658203,381049.0
2024-01-29T09:30:00-05:00,105.2300033569336,105.83999633789062,103.43499755859375,105.45999908447266,559214.0
2024-01-29T10:30:00-05:00,105.4749984741211,107.13999938964844,105.08000183105469,106.4800033569336,419530.0
2024-01-29T11:30:00-05:00,106.49500274658203,107.20999908447266,106.0999984741211,106.86000061035156,382072.0
2024-01-29T12:30:00-05:00,106.875,107.4198989868164,106.75,107.30000305175781,409974.0
2024-01-29T13:30:00-05:00,107.31999969482422,107.87000274658203,107.23999786376953,107.7699966430664,256308.0
2024-01-29T14:30:00-05:00,107.83999633789062,109.42500305175781,107.33499908447266,109.27249908447266,363288.0
2024-01-29T15:30:00-05:00,109.30819702148438,109.44000244140625,108.69999694824219,109.19000244140625,538749.0
2024-01-30T09:30:00-05:00,107.73999786376953,110.95999908447266,106.97000122070312,108.875,1129370.0
2024-01-30T10:30:00-05:00,108.95249938964844,109.1500015258789,107.29199981689453,107.8499984741211,403286.0
2024-01-30T11:30:00-05:00,107.83999633789062,108.87999725341797,107.41000366210938,107.50499725341797,253490.0
2024-01-30T12:30:00-05:00,107.37000274658203,107.37000274658203,106.26000213623047,106.77999877929688,247292.0
2024-01-30T13:30:00-05:00,106.8499984741211,107.36000061035156,106.5,107.1500015258789,280484.0
2024-01-30T14:30:00-05:00,107.15499877929688,107.33999633789062,106.27999877929688,106.66999816894531,274739.0
2024-01-30T15:30:00-05:00,106.67500305175781,106.80000305175781,106.26000213623047,106.37000274658203,288409.0
2024-01-31T09:30:00-05:00,105.45999908447266,110.73500061035156,104.44000244140625,110.04000091552734,995471.0
2024-01-31T10:30:00-05:00,109.92500305175781,110.44000244140625,108.81999969482422,109.47000122070312,568699.0
2024-01-31T11:30:00-05:00,109.4000015258789,109.5521011352539,107.95999908447266,109.19999694824219,402657.0
2024-01-31T12:30:00-05:00,109.0999984741211,109.72000122070312,108.80000305175781,109.4000015258789,268497.0
2024-01-31T13:30:00-05:00,109.44999694824219,110.0790023803711,107.30000305175781,107.61499786376953,429349.0
2024-01-31T14:30:00-05:00,107.47000122070312,111.93000030517578,104.57499694824219,105.01000213623047,1264630.0
2024-01-31T15:30:00-05:00,104.908203125,105.0198974609375,104.05000305175781,104.12999725341797,724037.0
2024-02-01T09:30:00-05:00,106.58999633789062,109.91000366210938,104.76000213623047,105.6050033569336,1355285.0
2024-02-01T10:30:00-05:00,105.62999725341797,105.69000244140625,102.76000213623047,103.81999969482422,699759.0
2024-02-01T11:30:00-05:00,103.9000015258789,105.83000183105469,103.81050109863281,105.37000274658203,501865.0
2024-02-01T12:30:00-05:00,105.26010131835938,106.69000244140625,105.0199966430664,105.4000015258789,326462.0
2024-02-01T13:30:00-05:00,105.41999816894531,106.44999694824219,105.4000015258789,105.4801025390625,246977.0
2024-02-01T14:30:00-05:00,105.5999984741211,106.41999816894531,105.38500213623047,105.68000030517578,207745.0
2024-02-01T15:30:00-05:00,105.69000244140625,106.02999877929688,105.19000244140625,105.43000030517578,400292.0
2024-02-02T09:30:00-05:00,100.25,101.5999984741211,98.87999725341797,100.69000244140625,1312768.0
2024-02-02T10:30:00-05:00,100.81999969482422,101.34729766845703,100.09500122070312,100.72000122070312,600720.0
2024-02-02T11:30:00-05:00,100.73999786376953,100.83999633789062,99.69999694824219,100.2699966430664,541120.0
2024-02-02T12:30:00-05:00,100.2699966430664,101.1500015258789,99.7300033569336,100.91000366210938,393171.0
2024-02-02T13:30:00-05:00,100.93000030517578,102.55999755859375,100.7699966430664,102.2300033569336,357224.0
2024-02-02T14:30:00-05:00,102.206298828125,102.62999725341797,101.7699966430664,102.5479965209961,344314.0
2024-02-02T15:30:00-05:00,102.54000091552734,102.66999816894531,101.70999908447266,101.70999908447266,517061.0
2024-02-05T09:30:00-05:00,97.83999633789062,98.26000213623047,93.83499908447266,94.48999786376953,2416168.0
2024-02-05T10:30:00-05:00,94.54499816894531,97.1500015258789,93.5199966430664,96.1875,1237787.0
2024-02-05T11:30:00-05:00,96.22000122070312,97.37999725341797,96.16999816894531,96.99500274658203,647693.0
2024-02-05T12:30:00-05:00,97.0,97.7300033569336,96.98999786376953,97.08000183105469,371259.0
2024-02-05T13:30:00-05:00,97.08499908447266,97.87999725341797,97.04499816894531,97.80999755859375,419148.0
2024-02-05T14:30:00-05:00,97.83000183105469,98.19000244140625,97.16999816894531,97.79499816894531,513305.0
2024-02-05T15:30:00-05:00,97.80000305175781,98.25,97.37999725341797,97.80000305175781,783094.0
2024-02-06T09:30:00-05:00,97.1500015258789,99.38999938964844,95.5999984741211,98.04000091552734,1443593.0
2024-02-06T10:30:00-05:00,98.0,99.60260009765625,97.41999816894531,99.32990264892578,681593.0
2024-02-06T11:30:00-05:00,99.28500366210938,100.44000244140625,98.70999908447266,100.30000305175781,573640.0
2024-02-06T12:30:00-05:00,100.29000091552734,100.6500015258789,99.70500183105469,100.25,536789.0
2024-02-06T13:30:00-05:00,100.2750015258789,100.91999816894531,99.91000366210938,100.44499969482422,629691.0
2024-02-06T14:30:00-05:00,100.4749984741211,101.0999984741211,100.10009765625,100.4000015258789,604817.0
2024-02-06T15:30:00-05:00,100.40499877929688,100.87999725341797,100.20999908447266,100.5199966430664,882032.0
2024-02-07T09:30:00-05:00,119.54000091552734,124.0999984741211,114.69999694824219,120.84549713134766,7628861.0
2024-02-07T10:30:00-05:00,120.91000366210938,121.66000366210938,116.7699966430664,118.07499694824219,2111164.0
2024-02-07T11:30:00-05:00,118.05000305175781,118.29769897460938,115.80850219726562,117.13500213623047,1577139.0
2024-02-07T12:30:00-05:00,117.06009674072266,120.93499755859375,116.55999755859375,120.43000030517578,1397575.0
2024-02-07T13:30:00-05:00,120.5,120.7499008178711,117.83999633789062,118.66000366210938,955089.0
2024-02-07T14:30:00-05:00,118.72000122070312,119.56999969482422,116.79499816894531,117.12999725341797,1112308.0
2024-02-07T15:30:00-05:00,117.13999938964844,117.72000122070312,116.5199966430664,117.52999877929688,1483500.0
2024-02-08T09:30:00-05:00,117.8499984741211,120.9800033569336,117.30999755859375,118.55999755859375,1594786.0
2024-02-08T10:30:00-05:00,118.56120300292969,119.15499877929688,115.62200164794922,115.96499633789062,1003680.0
2024-02-08T11:30:00-05:00,115.77999877929688,116.62999725341797,114.81999969482422,115.05999755859375,868986.0
2024-02-08T12:30:00-05:00,115.05000305175781,117.16999816894531,114.33999633789062,117.01000213623047,923955.0
2024-02-08T13:30:00-05:00,117.06500244140625,118.5,117.01419830322266,118.07869720458984,575110.0
2024-02-08T14:30:00-05:00,118.13999938964844,118.74500274658203,117.77999877929688,118.0250015258789,577973.0
2024-02-08T15:30:00-05:00,118.0250015258789,118.0250015258789,116.33499908447266,116.87000274658203,840606.0
2024-02-09T09:30:00-05:00,117.8499984741211,122.2677001953125,117.30000305175781,120.27999877929688,1363200.0
2024-02-09T10:30:00-05:00,120.23999786376953,121.30000305175781,119.09190368652344,119.4800033569336,623329.0
2024-02-09T11:30:00-05:00,119.4800033569336,122.79000091552734,119.25,122.79000091552734,718404.0
2024-02-09T12:30:00-05:00,122.77999877929688,124.55000305175781,122.5,124.27989959716797,799579.0
2024-02-09T13:30:00-05:00,124.20500183105469,124.20500183105469,123.17009735107422,123.75499725341797,434515.0
2024-02-09T14:30:00-05:00,123.79000091552734,124.0,122.69999694824219,122.86309814453125,488142.0
2024-02-09T15:30:00-05:00,122.86499786376953,122.9000015258789,122.19999694824219,122.44999694824219,642034.0
2024-02-12T09:30:00-05:00,123.5,129.97999572753906,122.80000305175781,129.73500061035156,1705455.0
2024-02-12T10:30:00-05:00,129.71620178222656,132.8800048828125,129.610107421875,131.7100067138672,1627668.0
2024-02-12T11:30:00-05:00,131.7050018310547,132.0299072265625,130.02999877929688,131.21139526367188,765916.0
2024-02-12T12:30:00-05:00,131.16000366210938,132.39500427246094,130.9199981689453,131.389892578125,494432.0
2024-02-12T13:30:00-05:00,131.1999969482422,131.2698974609375,128.8000030517578,129.7899932861328,534943.0
2024-02-12T14:30:00-05:00,129.6999969482422,129.8699951171875,128.6199951171875,129.6649932861328,528332.0
2024-02-12T15:30:00-05:00,129.6699981689453,130.38999938964844,128.8249969482422,128.94000244140625,674441.0
2024-02-13T09:30:00-05:00,119.93000030517578,125.45059967041016,119.19999694824219,122.50499725341797,2157796.0
2024-02-13T10:30:00-05:00,122.51000213623047,124.33999633789062,121.41000366210938,124.05000305175781,907807.0
2024-02-13T11:30:00-05:00,124.05000305175781,124.16999816894531,122.62999725341797,122.98500061035156,495627.0
2024-02-13T12:30:00-05:00,123.0199966430664,124.61000061035156,122.98500061035156,124.44999694824219,486528.0
2024-02-13T13:30:00-05:00,124.43479919433594,124.50499725341797,122.98999786376953,123.1500015258789,406283.0
2024-02-13T14:30:00-05:00,123.13500213623047,124.12000274658203,122.16999816894531,122.55000305175781,525200.0
2024-02-13T15:30:00-05:00,122.51000213623047,123.69999694824219,122.45010375976562,123.58000183105469,658765.0
2024-02-14T09:30:00-05:00,126.61000061035156,128.2917022705078,124.4000015258789,127.45500183105469,996209.0
2024-02-14T10:30:00-05:00,127.37000274658203,129.5279998779297,126.27999877929688,129.36000061035156,518129.0
2024-02-14T11:30:00-05:00,129.35000610351562,130.27999877929688,128.14010620117188,129.85000610351562,414900.0
2024-02-14T12:30:00-05:00,129.83999633789062,130.3300018310547,129.44000244140625,129.57000732421875,403171.0
2024-02-14T13:30:00-05:00,129.66000366210938,131.05999755859375,129.60000610351562,130.91000366210938,340965.0
2024-02-14T14:30:00-05:00,130.89999389648438,131.59979248046875,130.67999267578125,131.31149291992188,347904.0
2024-02-14T15:30:00-05:00,131.3800048828125,131.7899932861328,130.81500244140625,131.6199951171875,624937.0
2024-02-15T09:30:00-05:00,135.38999938964844,138.2100067138672,133.6999969482422,134.49000549316406,1708417.0
2024-02-15T10:30:00-05:00,134.52999877929688,136.1300048828125,133.27999877929688,135.8300018310547,604452.0
2024-02-15T11:30:00-05:00,135.82940673828125,136.4373016357422,135.02999877929688,135.36000061035156,382100.0
2024-02-15T12:30:00-05:00,135.42999267578125,136.0500030517578,134.53250122070312,135.9949951171875,337757.0
2024-02-15T13:30:00-05:00,136.02999877929688,136.8350067138672,135.52499389648438,136.67990112304688,324064.0
2024-02-15T14:30:00-05:00,136.6699981689453,137.32000732421875,136.47999572753906,137.0800018310547,351737.0
2024-02-15T15:30:00-05:00,137.0399932861328,137.0800018310547,136.0,136.41000366210938,728557.0
2024-02-16T09:30:00-05:00,134.49000549316406,137.5,133.4499969482422,136.0,1026195.0
2024-02-16T10:30:00-05:00,136.0050048828125,136.6699981689453,135.38600158691406,135.8800048828125,298262.0
2024-02-16T11:30:00-05:00,135.89999389648438,136.6649932861328,135.35000610351562,135.89999389648438,263131.0
2024-02-16T12:30:00-05:00,135.8800048828125,135.8800048828125,133.92999267578125,134.57000732421875,267039.0
2024-02-16T13:30:00-05:00,134.6300048828125,134.64999389648438,133.5500946044922,133.8000030517578,260991.0
2024-02-16T14:30:00-05:00,133.8000030517578,133.8000030517578,132.5,132.63499450683594,370526.0
2024-02-16T15:30:00-05:00,132.63999938964844,132.8000030517578,131.7899932861328,131.84500122070312,477386.0
2024-02-20T09:30:00-05:00,129.60000610351562,131.80250549316406,127.5,127.94000244140625,1017985.0
2024-02-20T10:30:00-05:00,127.97000122070312,129.0,127.20099639892578,127.38999938964844,465788.0
2024-02-20T11:30:00-05:00,127.4561996459961,127.60800170898438,125.70999908447266,126.20999908447266,342024.0
2024-02-20T12:30:00-05:00,126.2249984741211,126.75,125.80999755859375,126.58999633789062,300504.0
2024-02-20T13:30:00-05:00,126.58000183105469,127.08999633789062,125.80000305175781,127.04499816894531,252565.0
2024-02-20T14:30:00-05:00,127.0199966430664,128.58999633789062,126.5999984741211,128.32000732421875,427473.0
2024-02-20T15:30:00-05:00,128.3699951171875,128.4600067138672,127.38999938964844,127.55999755859375,523790.0
2024-02-21T09:30:00-05:00,122.43000030517578,125.5999984741211,120.54000091552734,122.83309936523438,1298170.0
2024-02-21T10:30:00-05:00,123.0,124.38999938964844,122.41999816894531,123.96499633789062,455416.0
2024-02-21T11:30:00-05:00,123.94999694824219,124.2699966430664,123.02999877929688,123.0999984741211,395141.0
2024-02-21T12:30:00-05:00,123.1500015258789,125.37989807128906,123.1050033569336,125.13179779052734,388024.0
2024-02-21T13:30:00-05:00,125.14019775390625,125.80999755859375,124.27999877929688,124.87000274658203,423103.0
2024-02-21T14:30:00-05:00,124.87000274658203,125.70999908447266,124.79000091552734,125.63999938964844,432457.0
2024-02-21T15:30:00-05:00,125.72000122070312,126.61000061035156,125.56500244140625,126.25,476662.0
2024-02-22T09:30:00-05:00,126.83999633789062,126.91999816894531,123.62010192871094,124.94989776611328,725931.0
2024-02-22T10:30:00-05:00,124.87999725341797,125.38999938964844,123.69999694824219,124.25749969482422,369469.0
2024-02-22T11:30:00-05:00,124.33000183105469,125.98999786376953,124.32499694824219,125.8499984741211,295973.0
2024-02-22T12:30:00-05:00,125.87000274658203,125.87000274658203,124.61000061035156,125.79000091552734,286371.0
2024-02-22T13:30:00-05:00,125.81999969482422,126.63999938964844,125.69999694824219,125.88999938964844,434060.0
2024-02-22T14:30:00-05:00,125.88159942626953,125.98999786376953,123.95999908447266,123.98999786376953,547625.0
2024-02-22T15:30:00-05:00,124.02999877929688,124.16999816894531,122.7300033569336,123.43000030517578,861186.0
2024-02-23T09:30:00-05:00,123.36000061035156,124.20500183105469,120.61000061035156,120.66999816894531,870852.0
2024-02-23T10:30:00-05:00,120.69999694824219,121.58499908447266,119.5,120.15499877929688,581536.0
2024-02-23T11:30:00-05:00,120.16999816894531,121.02999877929688,120.01000213623047,120.30999755859375,271458.0
2024-02-23T12:30:00-05:00,120.23999786376953,120.52999877929688,119.9000015258789,120.5199966430664,229462.0
2024-02-23T13:30:00-05:00,120.48999786376953,120.59989929199219,118.9800033569336,119.19000244140625,389020.0
2024-02-23T14:30:00-05:00,119.13999938964844,119.37000274658203,117.7699966430664,117.87000274658203,415242.0
2024-02-23T15:30:00-05:00,117.8499984741211,118.68990325927734,117.80000305175781,118.2300033569336,686152.0
2024-02-26T09:30:00-05:00,118.75,122.4365005493164,117.81999969482422,122.1050033569336,761401.0
2024-02-26T10:30:00-05:00,122.21499633789062,122.2208023071289,119.94999694824219,120.67500305175781,341917.0
2024-02-26T11:30:00-05:00,120.67500305175781,120.80000305175781,119.18000030517578,119.18000030517578,237726.0
2024-02-26T12:30:00-05:00,119.18000030517578,119.36990356445312,118.08999633789062,118.16000366210938,192601.0
2024-02-26T13:30:00-05:00,118.18000030517578,118.63999938964844,117.87000274658203,118.4800033569336,192981.0
2024-02-26T14:30:00-05:00,118.5199966430664,119.5,118.19999694824219,119.2249984741211,267270.0
2024-02-26T15:30:00-05:00,119.19000244140625,120.25,118.83000183105469,119.83999633789062,412766.0
2024-02-27T09:30:00-05:00,120.68000030517578,122.04000091552734,119.02999877929688,120.73500061035156,781603.0
2024-02-27T10:30:00-05:00,120.80999755859375,121.40730285644531,119.45999908447266,120.05000305175781,268028.0
2024-02-27T11:30:00-05:00,120.0,121.20999908447266,119.81999969482422,120.41889953613281,288279.0
2024-02-27T12:30:00-05:00,120.30960083007812,122.43000030517578,119.88999938964844,121.36000061035156,392230.0
2024-02-27T13:30:00-05:00,121.4000015258789,121.73999786376953,120.93000030517578,121.41999816894531,142032.0
2024-02-27T14:30:00-05:00,121.4000015258789,121.9000015258789,121.33999633789062,121.76000213623047,212709.0
2024-02-27T15:30:00-05:00,121.77269744873047,121.91999816894531,121.0199966430664,121.12999725341797,302610.0
2024-02-28T09:30:00-05:00,121.0,122.09929656982422,119.51000213623047,119.9800033569336,511372.0
2024-02-28T10:30:00-05:00,119.91999816894531,121.83999633789062,118.62999725341797,120.8550033569336,548377.0
2024-02-28T11:30:00-05:00,120.94000244140625,121.0,119.30000305175781,119.37000274658203,298037.0
2024-02-28T12:30:00-05:00,119.4000015258789,120.83999633789062,119.30000305175781,120.81999969482422,241746.0
2024-02-28T13:30:00-05:00,120.83999633789062,120.8740005493164,119.58000183105469,119.7300033569336,207558.0
2024-02-28T14:30:00-05:00,119.68000030517578,119.68000030517578,118.08000183105469,118.47000122070312,269284.0
2024-02-28T15:30:00-05:00,118.41000366210938,119.31999969482422,118.2249984741211,119.12999725341797,447971.0
2024-02-29T09:30:00-05:00,123.5,129.66000366210938,123.4000015258789,126.6449966430664,1857038.0
2024-02-29T10:30:00-05:00,126.6500015258789,127.13500213623047,124.12999725341797,124.12999725341797,501142.0
2024-02-29T11:30:00-05:00,124.08999633789062,125.43000030517578,123.08000183105469,125.43000030517578,363674.0
2024-02-29T12:30:00-05:00,125.3949966430664,127.52999877929688,125.24009704589844,127.30000305175781,369850.0
2024-02-29T13:30:00-05:00,127.26000213623047,128.5500030517578,127.1500015258789,127.43499755859375,374033.0
2024-02-29T14:30:00-05:00,127.44499969482422,127.79000091552734,126.18009948730469,127.13999938964844,406075.0
2024-02-29T15:30:00-05:00,127.18000030517578,127.69999694824219,126.59190368652344,126.9800033569336,570973.0
2024-03-01T09:30:00-05:00,127.82980346679688,128.41000366210938,123.44999694824219,128.3800048828125,467141.0
2024-03-01T10:30:00-05:00,128.25,129.69000244140625,127.30999755859375,129.23500061035156,740042.0
2024-03-01T11:30:00-05:00,129.22999572753906,129.75,128.74000549316406,129.4499969482422,290608.0
2024-03-01T12:30:00-05:00,129.4499969482422,130.25999450683594,129.10789489746094,130.02000427246094,241576.0
2024-03-01T13:30:00-05:00,130.05999755859375,130.9199981689453,129.2050018310547,129.9947967529297,280613.0
2024-03-01T14:30:00-05:00,129.98590087890625,130.0749969482422,129.3000030517578,129.6300048828125,189768.0
2024-03-01T15:30:00-05:00,129.63999938964844,129.77000427246094,128.8300018310547,129.6300048828125,296784.0
2024-03-04T09:30:00-05:00,129.9199981689453,131.08990478515625,124.11000061035156,124.63999938964844,754711.0
2024-03-04T10:30:00-05:00,124.63999938964844,125.99500274658203,124.02999877929688,124.37999725341797,13486.0
2024-03-04T11:30:00-05:00,124.27999877929688,124.71499633789062,123.07859802246094,123.4000015258789,231964.0
2024-03-04T12:30:00-05:00,123.43000030517578,124.12000274658203,123.16000366210938,123.29000091552734,129430.0
2024-03-04T13:30:00-05:00,123.33499908447266,124.19499969482422,123.27999877929688,123.94020080566406,117049.0
2024-03-04T14:30:00-05:00,123.92500305175781,125.30000305175781,123.8499984741211,124.98999786376953,174346.0
2024-03-04T15:30:00-05:00,124.95999908447266,124.9800033569336,123.91999816894531,123.97149658203125,1164175.0
2024-03-05T09:30:00-05:00,121.0,123.52999877929688,120.35600280761719,122.92500305175781,745258.0
2024-03-05T10:30:00-05:00,122.79350280761719,124.41000366210938,122.75,124.27999877929688,387347.0
2024-03-05T11:30:00-05:00,125.9229965209961,126.22000122070312,124.41999816894531,125.91649627685547,43272.0
2024-03-05T12:30:00-05:00,125.91000366210938,126.41999816894531,125.33999633789062,126.07499694824219,171152.0
2024-03-05T13:30:00-05:00,125.93000030517578,126.12999725341797,125.0,125.54000091552734,137477.0
2024-03-05T14:30:00-05:00,125.52999877929688,125.52999877929688,124.44000244140625,124.69000244140625,247004.0
2024-03-05T15:30:00-05:00,124.68499755859375,125.16000366210938,124.30000305175781,125.12000274658203,1087217.0
2024-03-06T09:30:00-05:00,128.9199981689453,129.75999450683594,121.19999694824219,122.9000015258789,882840.0
2024-03-06T10:30:00-05:00,122.91000366210938,126.29000091552734,122.73999786376953,126.27999877929688,0.0
2024-03-06T11:30:00-05:00,126.29000091552734,126.70999908447266,124.91000366210938,125.12000274658203,245059.0
2024-03-06T12:30:00-05:00,125.12519836425781,126.63999938964844,124.94000244140625,126.63849639892578,131796.0
2024-03-06T13:30:00-05:00,126.6498031616211,126.6498031616211,124.26100158691406,125.4000015258789,152979.0
2024-03-06T14:30:00-05:00,125.41000366210938,126.5199966430664,124.97039794921875,125.30999755859375,131961.0
2024-03-06T15:30:00-05:00,125.3499984741211,125.61000061035156,124.1500015258789,125.37999725341797,984141.0
2024-03-07T09:30:00-05:00,127.06999969482422,128.89990234375,126.0199966430664,126.91999816894531,585062.0
2024-03-07T10:30:00-05:00,127.0199966430664,128.7100067138672,126.66000366210938,128.64450073242188,222576.0
2024-03-07T11:30:00-05:00,128.6300048828125,129.11000061035156,127.58999633789062,129.10000610351562,283645.0
2024-03-07T12:30:00-05:00,129.02999877929688,130.44000244140625,128.91000366210938,130.28500366210938,282001.0
2024-03-07T13:30:00-05:00,130.33999633789062,131.00999450683594,129.94000244140625,130.6199951171875,200089.0
2024-03-07T14:30:00-05:00,130.6699981689453,131.1999969482422,130.3800048828125,130.47059631347656,246074.0
2024-03-07T15:30:00-05:00,130.51499938964844,130.9149932861328,129.05999755859375,129.7100067138672,659299.0
2024-03-08T09:30:00-05:00,132.0,135.39999389648438,131.35000610351562,134.91000366210938,1009153.0
2024-03-08T10:30:00-05:00,134.9199981689453,135.1999969482422,130.61000061035156,130.7100067138672,563525.0
2024-03-08T11:30:00-05:00,130.5399932861328,133.35670471191406,130.27999877929688,132.19000244140625,374680.0
2024-03-08T12:30:00-05:00,132.18499755859375,132.44000244140625,130.9499969482422,131.33999633789062,256602.0
2024-03-08T13:30:00-05:00,131.27999877929688,131.27999877929688,129.3800048828125,130.80999755859375,340801.0
2024-03-08T14:30:00-05:00,130.82000732421875,131.64999389648438,130.2100067138672,130.43499755859375,276268.0
2024-03-08T15:30:00-05:00,130.43499755859375,131.0,130.02999877929688,130.27000427246094,306692.0
2024-03-11T09:30:00-04:00,131.0,133.6580047607422,128.6999969482422,130.13999938964844,639355.0
2024-03-11T10:30:00-04:00,130.0800018310547,130.5399932861328,128.35000610351562,128.85000610351562,327678.0
2024-03-11T11:30:00-04:00,128.95989990234375,130.40499877929688,128.2100067138672,130.0500946044922,242701.0
2024-03-11T12:30:00-04:00,130.1999969482422,130.82000732421875,129.76370239257812,130.13499450683594,220569.0
2024-03-11T13:30:00-04:00,130.13999938964844,130.35000610351562,129.10000610351562,130.28500366210938,258688.0
2024-03-11T14:30:00-04:00,130.27499389648438,130.3249969482422,128.39999389648438,128.4499969482422,248650.0
2024-03-11T15:30:00-04:00,128.35000610351562,129.2899932861328,128.27999877929688,128.72999572753906,398765.0
2024-03-12T09:30:00-04:00,127.45999908447266,127.92990112304688,122.02999877929688,123.74400329589844,1028833.0
2024-03-12T10:30:00-04:00,123.79000091552734,124.25,123.30999755859375,123.66999816894531,440838.0
2024-03-12T11:30:00-04:00,123.65499877929688,123.69000244140625,120.9800033569336,121.54010009765625,637756.0
2024-03-12T12:30:00-04:00,121.48500061035156,121.5999984741211,119.05000305175781,119.67990112304688,635014.0
2024-03-12T13:30:00-04:00,119.66999816894531,120.83999633789062,119.41500091552734,120.37999725341797,420796.0
2024-03-12T14:30:00-04:00,120.41999816894531,120.8550033569336,119.86000061035156,120.76300048828125,374692.0
2024-03-12T15:30:00-04:00,120.74500274658203,121.27999877929688,120.05999755859375,120.95999908447266,611363.0
2024-03-13T09:30:00-04:00,119.0999984741211,121.62999725341797,118.18499755859375,119.58999633789062,649905.0
2024-03-13T10:30:00-04:00,119.5199966430664,120.27999877929688,118.8292007446289,119.89689636230469,475167.0
2024-03-13T11:30:00-04:00,119.8550033569336,120.16280364990234,118.87000274658203,119.26000213623047,363430.0
2024-03-13T12:30:00-04:00,119.23999786376953,119.30000305175781,118.12999725341797,119.04499816894531,350809.0
2024-03-13T13:30:00-04:00,119.04499816894531,119.16999816894531,117.31999969482422,117.33999633789062,377523.0
2024-03-13T14:30:00-04:00,117.33999633789062,117.34390258789062,116.34500122070312,116.5,587303.0
2024-03-13T15:30:00-04:00,116.48999786376953,118.41500091552734,116.47000122070312,118.18000030517578,861647.0
2024-03-14T09:30:00-04:00,116.58999633789062,117.69999694824219,112.57499694824219,112.8499984741211,1068126.0
2024-03-14T10:30:00-04:00,112.91999816894531,113.79000091552734,111.63999938964844,112.0999984741211,661608.0
2024-03-14T11:30:00-04:00,112.0625991821289,112.83999633789062,111.22160339355469,111.8499984741211,437494.0
2024-03-14T12:30:00-04:00,111.80000305175781,112.87000274658203,110.96499633789062,111.01180267333984,439972.0
2024-03-14T13:30:00-04:00,110.95999908447266,111.68000030517578,110.83999633789062,111.04090118408203,274723.0
2024-03-14T14:30:00-04:00,111.0999984741211,111.0999984741211,109.3301010131836,109.41999816894531,514765.0
2024-03-14T15:30:00-04:00,109.41999816894531,110.44999694824219,109.30999755859375,110.37000274658203,516401.0
2024-03-15T09:30:00-04:00,109.08000183105469,110.36000061035156,107.30000305175781,109.5999984741211,702973.0
2024-03-15T10:30:00-04:00,109.51000213623047,110.87989807128906,108.31999969482422,109.0999984741211,349886.0
2024-03-15T11:30:00-04:00,109.08000183105469,109.08999633789062,108.1500015258789,108.96859741210938,187718.0
2024-03-15T12:30:00-04:00,108.94000244140625,109.12999725341797,107.27999877929688,107.87999725341797,268663.0
2024-03-15T13:30:00-04:00,107.8572998046875,107.9000015258789,106.52999877929688,106.68000030517578,271889.0
2024-03-15T14:30:00-04:00,106.66999816894531,108.18000030517578,106.6449966430664,108.00509643554688,208166.0
2024-03-15T15:30:00-04:00,108.0,108.02239990234375,107.26000213623047,107.73999786376953,1521535.0
2024-03-18T09:30:00-04:00,108.55000305175781,108.56999969482422,106.5,108.2667007446289,548807.0
2024-03-18T10:30:00-04:00,108.08999633789062,111.68000030517578,107.99500274658203,111.51000213623047,464234.0
2024-03-18T11:30:00-04:00,111.4800033569336,112.75,110.07679748535156,112.47000122070312,523639.0
2024-03-18T12:30:00-04:00,112.4749984741211,112.81999969482422,110.97000122070312,111.33999633789062,415474.0
2024-03-18T13:30:00-04:00,111.33999633789062,112.69999694824219,111.05750274658203,112.30000305175781,205615.0
2024-03-18T14:30:00-04:00,112.37000274658203,112.8499984741211,112.01000213623047,112.12000274658203,270141.0
2024-03-18T15:30:00-04:00,112.11000061035156,112.37999725341797,111.05999755859375,111.16999816894531,510004.0
2024-03-19T09:30:00-04:00,109.12999725341797,111.05999755859375,108.33999633789062,109.13500213623047,409991.0
2024-03-19T10:30:00-04:00,109.06999969482422,110.26000213623047,108.94999694824219,109.87000274658203,262377.0
2024-03-19T11:30:00-04:00,109.88999938964844,109.95999908447266,108.80000305175781,109.33999633789062,291430.0
2024-03-19T12:30:00-04:00,109.48500061035156,110.33999633789062,109.05000305175781,109.25,244127.0
2024-03-19T13:30:00-04:00,109.26000213623047,109.62000274658203,108.69499969482422,109.09500122070312,191313.0
2024-03-19T14:30:00-04:00,109.06999969482422,109.30999755859375,108.41000366210938,108.6050033569336,260285.0
2024-03-19T15:30:00-04:00,108.56999969482422,109.43499755859375,108.44999694824219,109.12999725341797,343660.0
2024-03-20T09:30:00-04:00,108.55999755859375,111.7699966430664,108.22000122070312,111.48989868164062,436410.0
2024-03-20T10:30:00-04:00,111.3550033569336,112.5999984741211,111.11000061035156,111.37999725341797,371179.0
2024-03-20T11:30:00-04:00,111.36000061035156,111.45999908447266,109.9574966430664,110.06500244140625,196099.0
2024-03-20T12:30:00-04:00,110.05500030517578,110.62470245361328,109.77999877929688,110.35900115966797,212953.0
2024-03-20T13:30:00-04:00,110.33999633789062,114.0,110.26000213623047,111.80999755859375,594393.0
2024-03-20T14:30:00-04:00,111.91999816894531,114.96990203857422,110.4135971069336,114.91000366210938,668149.0
2024-03-20T15:30:00-04:00,114.91000366210938,115.32029724121094,113.4800033569336,113.69999694824219,661443.0
2024-03-21T09:30:00-04:00,114.66000366210938,117.97000122070312,114.26000213623047,116.80999755859375,838665.0
2024-03-21T10:30:00-04:00,116.7761001586914,118.56400299072266,116.26000213623047,116.66000366210938,589492.0
2024-03-21T11:30:00-04:00,116.70999908447266,116.91000366210938,114.06999969482422,114.83999633789062,353738.0
2024-03-21T12:30:00-04:00,114.80000305175781,115.92500305175781,114.4000015258789,115.61000061035156,255733.0
2024-03-21T13:30:00-04:00,115.61000061035156,115.779296875,114.52999877929688,115.44000244140625,212956.0
2024-03-21T14:30:00-04:00,115.54499816894531,116.95999908447266,115.13999938964844,116.80000305175781,404681.0
2024-03-21T15:30:00-04:00,116.73999786376953,116.79499816894531,115.33999633789062,115.3499984741211,377624.0
2024-03-22T09:30:00-04:00,114.6500015258789,114.95999908447266,112.78209686279297,113.58999633789062,375259.0
2024-03-22T10:30:00-04:00,113.58999633789062,114.48999786376953,112.70059967041016,114.46499633789062,254352.0
2024-03-22T11:30:00-04:00,114.48999786376953,114.54000091552734,112.62999725341797,112.7699966430664,224245.0
2024-03-22T12:30:00-04:00,112.76000213623047,113.87999725341797,112.4000015258789,113.8499984741211,261739.0
2024-03-22T13:30:00-04:00,113.87999725341797,114.52629852294922,113.61000061035156,114.2300033569336,235684.0
2024-03-22T14:30:00-04:00,114.20999908447266,114.73999786376953,114.0,114.45500183105469,223779.0
2024-03-22T15:30:00-04:00,114.45320129394531,115.2300033569336,114.38999938964844,114.58000183105469,447276.0
2024-03-25T09:30:00-04:00,114.08000183105469,116.30999755859375,112.72010040283203,112.87000274658203,454663.0
2024-03-25T10:30:00-04:00,112.80000305175781,112.83000183105469,111.69999694824219,112.13999938964844,345332.0
2024-03-25T11:30:00-04:00,112.17500305175781,112.86000061035156,111.88999938964844,111.93499755859375,269050.0
2024-03-25T12:30:00-04:00,111.93499755859375,112.0,111.23999786376953,111.83999633789062,354065.0
2024-03-25T13:30:00-04:00,111.83000183105469,111.90989685058594,111.13999938964844,111.66999816894531,275732.0
2024-03-25T14:30:00-04:00,111.63999938964844,111.70500183105469,110.94999694824219,110.95999908447266,205618.0
2024-03-25T15:30:00-04:00,110.9749984741211,111.37999725341797,110.94499969482422,111.06999969482422,466196.0
2024-03-26T09:30:00-04:00,112.7300033569336,113.37999725341797,111.30000305175781,111.58999633789062,442191.0
2024-03-26T10:30:00-04:00,111.43000030517578,111.47000122070312,110.55999755859375,110.79329681396484,422157.0
2024-03-26T11:30:00-04:00,110.80999755859375,111.37329864501953,110.33999633789062,110.98999786376953,333152.0
2024-03-26T12:30:00-04:00,110.9000015258789,111.04000091552734,109.91020202636719,110.45999908447266,319558.0
2024-03-26T13:30:00-04:00,110.5,110.91000366210938,110.11000061035156,110.9000015258789,201916.0
2024-03-26T14:30:00-04:00,110.91000366210938,111.0199966430664,110.09300231933594,110.16500091552734,224658.0
2024-03-26T15:30:00-04:00,110.19000244140625,110.33000183105469,109.25,109.3499984741211,384921.0
2024-03-27T09:30:00-04:00,110.69999694824219,116.0199966430664,110.69999694824219,115.91999816894531,967549.0
2024-03-27T10:30:00-04:00,115.91999816894531,119.4800033569336,115.9000015258789,118.7750015258789,1184518.0
2024-03-27T11:30:00-04:00,118.79000091552734,119.11499786376953,117.76499938964844,118.51000213623047,737794.0
2024-03-27T12:30:00-04:00,118.56999969482422,119.0,117.875,118.53500366210938,342994.0
2024-03-27T13:30:00-04:00,118.48999786376953,118.94000244140625,117.75499725341797,118.88999938964844,270563.0
2024-03-27T14:30:00-04:00,118.875,119.55999755859375,118.36000061035156,119.55000305175781,386539.0
2024-03-27T15:30:00-04:00,119.55999755859375,120.06999969482422,119.05000305175781,119.80999755859375,708560.0
2024-03-28T09:30:00-04:00,119.69999694824219,124.39990234375,119.3949966430664,120.8499984741211,963634.0
2024-03-28T10:30:00-04:00,120.85600280761719,121.93000030517578,119.72000122070312,120.55000305175781,325869.0
2024-03-28T11:30:00-04:00,120.58999633789062,120.69999694824219,119.5,119.91999816894531,390793.0
2024-03-28T12:30:00-04:00,119.91999816894531,120.72000122070312,119.5199966430664,119.8499984741211,218091.0
2024-03-28T13:30:00-04:00,119.91000366210938,120.76000213623047,119.76000213623047,120.5999984741211,135415.0
2024-03-28T14:30:00-04:00,120.58000183105469,120.6500015258789,119.73999786376953,120.48999786376953,195025.0
2024-03-28T15:30:00-04:00,120.52999877929688,121.29000091552734,120.1500015258789,120.97000122070312,361619.0
2024-04-01T09:30:00-04:00,121.33000183105469,123.13999938964844,118.37000274658203,118.47989654541016,625870.0
2024-04-01T10:30:00-04:00,118.38999938964844,118.70999908447266,117.54000091552734,118.4926986694336,292446.0
2024-04-01T11:30:00-04:00,118.51679992675781,118.83000183105469,118.0,118.56999969482422,181498.0
2024-04-01T12:30:00-04:00,118.66500091552734,119.06999969482422,117.6500015258789,117.94000244140625,183996.0
2024-04-01T13:30:00-04:00,117.98429870605469,118.93000030517578,117.7699966430664,118.29000091552734,181644.0
2024-04-01T14:30:00-04:00,118.21600341796875,119.0199966430664,117.70999908447266,118.96399688720703,200007.0
2024-04-01T15:30:00-04:00,118.95999908447266,118.95999908447266,117.99259948730469,118.29000091552734,270787.0
2024-04-02T09:30:00-04:00,115.33000183105469,115.80000305175781,112.37999725341797,114.69999694824219,868978.0
2024-04-02T10:30:00-04:00,114.66940307617188,115.0199966430664,113.41000366210938,114.46499633789062,317924.0
2024-04-02T11:30:00-04:00,114.47000122070312,114.70989990234375,113.81999969482422,114.11000061035156,191538.0
2024-04-02T12:30:00-04:00,114.02999877929688,114.94999694824219,114.0250015258789,114.54000091552734,163460.0
2024-04-02T13:30:00-04:00,114.55000305175781,115.17030334472656,114.55000305175781,114.6500015258789,152397.0
2024-04-02T14:30:00-04:00,114.6500015258789,114.6500015258789,113.19999694824219,113.47000122070312,214826.0
2024-04-02T15:30:00-04:00,113.48500061035156,113.9000015258789,112.94999694824219,113.51000213623047,313492.0
2024-04-03T09:30:00-04:00,112.05999755859375,113.97989654541016,111.16999816894531,113.58879852294922,500549.0
2024-04-03T10:30:00-04:00,113.58999633789062,116.70999908447266,113.5199966430664,116.19499969482422,426920.0
2024-04-03T11:30:00-04:00,116.23999786376953,116.23999786376953,115.21009826660156,115.45999908447266,234186.0
2024-04-03T12:30:00-04:00,115.42500305175781,116.25,114.73500061035156,116.23999786376953,172062.0
2024-04-03T13:30:00-04:00,116.2300033569336,116.62999725341797,115.9000015258789,116.18000030517578,174882.0
2024-04-03T14:30:00-04:00,116.16000366210938,118.44000244140625,116.1500015258789,118.22000122070312,556679.0
2024-04-03T15:30:00-04:00,118.19999694824219,118.66000366210938,117.29000091552734,118.63999938964844,552060.0
2024-04-04T09:30:00-04:00,120.58999633789062,127.66999816894531,120.01000213623047,126.30000305175781,1537052.0
2024-04-04T10:30:00-04:00,126.30000305175781,126.30999755859375,123.80000305175781,124.88999938964844,483207.0
2024-04-04T11:30:00-04:00,124.95999908447266,127.44000244140625,124.94660186767578,127.04000091552734,433565.0
2024-04-04T12:30:00-04:00,127.16999816894531,127.34130096435547,126.30999755859375,126.5,438216.0
2024-04-04T13:30:00-04:00,126.53500366210938,127.30000305175781,124.12999725341797,124.12999725341797,481635.0
2024-04-04T14:30:00-04:00,124.12999725341797,124.22000122070312,120.2300033569336,120.28399658203125,766771.0
2024-04-04T15:30:00-04:00,120.21119689941406,121.37000274658203,120.0,120.77999877929688,613330.0
2024-04-05T09:30:00-04:00,113.5199966430664,117.56999969482422,112.37999725341797,113.47750091552734,2279167.0
2024-04-05T10:30:00-04:00,113.42500305175781,115.13999938964844,112.55000305175781,112.95999908447266,867227.0
2024-04-05T11:30:00-04:00,112.95999908447266,114.7300033569336,112.77999877929688,114.19989776611328,616980.0
2024-04-05T12:30:00-04:00,114.13999938964844,115.49749755859375,113.64009857177734,115.12000274658203,474918.0
2024-04-05T13:30:00-04:00,115.12000274658203,115.55000305175781,113.93000030517578,113.98999786376953,449950.0
2024-04-05T14:30:00-04:00,114.08000183105469,114.41000366210938,112.87000274658203,112.9000015258789,523285.0
2024-04-05T15:30:00-04:00,112.88999938964844,113.06500244140625,112.25,112.2699966430664,780231.0
2024-04-08T09:30:00-04:00,112.79000091552734,116.12000274658203,112.36000061035156,113.94000244140625,853653.0
2024-04-08T10:30:00-04:00,114.0,116.44999694824219,113.96150207519531,115.3219985961914,429041.0
2024-04-08T11:30:00-04:00,115.30999755859375,115.45999908447266,114.54000091552734,114.88999938964844,194489.0
2024-04-08T12:30:00-04:00,114.83499908447266,115.37999725341797,114.30999755859375,114.58000183105469,187507.0
2024-04-08T13:30:00-04:00,114.5896987915039,115.38999938964844,114.58000183105469,115.26000213623047,145412.0
2024-04-08T14:30:00-04:00,115.26000213623047,115.35260009765625,114.62000274658203,115.08999633789062,201087.0
2024-04-08T15:30:00-04:00,115.08999633789062,115.38999938964844,114.73999786376953,115.29010009765625,376735.0
2024-04-09T09:30:00-04:00,115.33000183105469,119.48829650878906,115.33000183105469,118.11000061035156,788477.0
2024-04-09T10:30:00-04:00,118.12000274658203,118.16999816894531,116.97000122070312,117.30999755859375,409322.0
2024-04-09T11:30:00-04:00,117.2699966430664,119.7488021850586,116.83000183105469,119.48280334472656,405758.0
2024-04-09T12:30:00-04:00,119.54000091552734,121.25,119.33499908447266,121.0999984741211,476339.0
2024-04-09T13:30:00-04:00,121.0999984741211,121.23999786376953,119.97000122070312,120.4800033569336,239186.0
2024-04-09T14:30:00-04:00,120.51000213623047,121.97000122070312,120.13999938964844,121.87000274658203,291314.0
2024-04-09T15:30:00-04:00,121.81999969482422,122.02999877929688,121.41000366210938,122.0,597415.0
2024-04-10T09:30:00-04:00,116.0000991821289,118.73989868164062,113.0,116.80000305175781,1773618.0
2024-04-10T10:30:00-04:00,116.70999908447266,118.3499984741211,116.30999755859375,117.13500213623047,687741.0
2024-04-10T11:30:00-04:00,117.13999938964844,118.22000122070312,116.58000183105469,118.1500015258789,406886.0
2024-04-10T12:30:00-04:00,118.18000030517578,119.2300033569336,117.29000091552734,118.69999694824219,466597.0
2024-04-10T13:30:00-04:00,118.66960144042969,119.33000183105469,117.62000274658203,118.41000366210938,335788.0
2024-04-10T14:30:00-04:00,118.36000061035156,121.9800033569336,118.12999725341797,119.19499969482422,391430.0
2024-04-10T15:30:00-04:00,119.23999786376953,120.01000213623047,118.60749816894531,119.62000274658203,638267.0
2024-04-11T09:30:00-04:00,122.19999694824219,124.80000305175781,117.68679809570312,117.81999969482422,834583.0
2024-04-11T10:30:00-04:00,117.94999694824219,119.80999755859375,117.93000030517578,118.58999633789062,532262.0
2024-04-11T11:30:00-04:00,118.66000366210938,119.2699966430664,117.80000305175781,119.04000091552734,346449.0
2024-04-11T12:30:00-04:00,118.90010070800781,120.9800033569336,118.73999786376953,120.66000366210938,270057.0
2024-04-11T13:30:00-04:00,120.66000366210938,121.33999633789062,120.05999755859375,120.9000015258789,257269.0
2024-04-11T14:30:00-04:00,120.94999694824219,121.1500015258789,119.76000213623047,120.5999984741211,297896.0
2024-04-11T15:30:00-04:00,120.59500122070312,121.94000244140625,120.54000091552734,121.72000122070312,490019.0
2024-04-12T09:30:00-04:00,121.36000061035156,123.42500305175781,119.12000274658203,119.29989624023438,595536.0
2024-04-12T10:30:00-04:00,119.11000061035156,119.26000213623047,117.29000091552734,119.1500015258789,456767.0
2024-04-12T11:30:00-04:00,119.27999877929688,119.4000015258789,117.83999633789062,117.8499984741211,283323.0
2024-04-12T12:30:00-04:00,117.79000091552734,117.9999008178711,116.53009796142578,116.58000183105469,294389.0
2024-04-12T13:30:00-04:00,116.61599731445312,117.9800033569336,116.37000274658203,117.43000030517578,294721.0
2024-04-12T14:30:00-04:00,117.32499694824219,117.70999908447266,116.51000213623047,116.54499816894531,255188.0
2024-04-12T15:30:00-04:00,116.58000183105469,117.30999755859375,116.38999938964844,117.05999755859375,453529.0
2024-04-15T09:30:00-04:00,116.5199966430664,117.50499725341797,114.34500122070312,115.41000366210938,598593.0
2024-04-15T10:30:00-04:00,115.41960144042969,116.30500030517578,114.11959838867188,114.91999816894531,296305.0
2024-04-15T11:30:00-04:00,114.8949966430664,115.7300033569336,114.05000305175781,114.12999725341797,228358.0
2024-04-15T12:30:00-04:00,114.09500122070312,114.2699966430664,112.58999633789062,112.63500213623047,235004.0
2024-04-15T13:30:00-04:00,112.68499755859375,112.94000244140625,111.88999938964844,112.13770294189453,311292.0
2024-04-15T14:30:00-04:00,112.13500213623047,112.72899627685547,111.83000183105469,111.94999694824219,318712.0
2024-04-15T15:30:00-04:00,111.98999786376953,112.87000274658203,111.80000305175781,112.44000244140625,457828.0
2024-04-16T09:30:00-04:00,111.81999969482422,112.25,108.7051010131836,110.79000091552734,875342.0
2024-04-16T10:30:00-04:00,110.87000274658203,110.98999786376953,109.6500015258789,110.58000183105469,344958.0
2024-04-16T11:30:00-04:00,110.51000213623047,111.12999725341797,109.91999816894531,110.30000305175781,347947.0
2024-04-16T12:30:00-04:00,110.31500244140625,111.26000213623047,110.19999694824219,110.83999633789062,212005.0
2024-04-16T13:30:00-04:00,110.69000244140625,112.15589904785156,109.44000244140625,110.12999725341797,283889.0
2024-04-16T14:30:00-04:00,110.22000122070312,111.20999908447266,110.1500015258789,110.86000061035156,291364.0
2024-04-16T15:30:00-04:00,110.80000305175781,110.80000305175781,110.08999633789062,110.45999908447266,342261.0
2024-04-17T09:30:00-04:00,111.13999938964844,112.4800033569336,108.55999755859375,112.15010070800781,712806.0
2024-04-17T10:30:00-04:00,112.19139862060547,112.44989776611328,110.41000366210938,111.95999908447266,426188.0
2024-04-17T11:30:00-04:00,111.91999816894531,112.88999938964844,111.25,111.71749877929688,660043.0
2024-04-17T12:30:00-04:00,111.66000366210938,112.11499786376953,110.8499984741211,112.0916976928711,328622.0
2024-04-17T13:30:00-04:00,112.17009735107422,114.37989807128906,112.0999984741211,112.98999786376953,627507.0
2024-04-17T14:30:00-04:00,112.93000030517578,114.22579956054688,111.9000015258789,112.2699966430664,336061.0
2024-04-17T15:30:00-04:00,112.19000244140625,112.81999969482422,112.01000213623047,112.05000305175781,376438.0
2024-04-18T09:30:00-04:00,111.0,111.77999877929688,106.81999969482422,111.38400268554688,873736.0
2024-04-18T10:30:00-04:00,111.5199966430664,113.25,111.17140197753906,112.23410034179688,459016.0
2024-04-18T11:30:00-04:00,112.24500274658203,112.55000305175781,111.73999786376953,112.16000366210938,249530.0
2024-04-18T12:30:00-04:00,112.11000061035156,112.2300033569336,109.98999786376953,110.93000030517578,317724.0
2024-04-18T13:30:00-04:00,110.8499984741211,110.94000244140625,109.41010284423828,109.9437026977539,230290.0
2024-04-18T14:30:00-04:00,109.98500061035156,110.22000122070312,109.22000122070312,109.41999816894531,345390.0
2024-04-18T15:30:00-04:00,109.43000030517578,109.67720031738281,109.08000183105469,109.1500015258789,519951.0
2024-04-19T09:30:00-04:00,109.36000061035156,109.8499984741211,108.13999938964844,109.02999877929688,581001.0
2024-04-19T10:30:00-04:00,109.01499938964844,109.2759017944336,107.88500213623047,108.55000305175781,441087.0
2024-04-19T11:30:00-04:00,108.46920013427734,108.6500015258789,106.9749984741211,107.1698989868164,335340.0
2024-04-19T12:30:00-04:00,107.12339782714844,108.30000305175781,107.09140014648438,107.24500274658203,259759.0
2024-04-19T13:30:00-04:00,107.24500274658203,107.87999725341797,106.83999633789062,106.95989990234375,230936.0
2024-04-19T14:30:00-04:00,106.86499786376953,107.05940246582031,105.95999908447266,106.5,313989.0
2024-04-19T15:30:00-04:00,106.58000183105469,107.02999877929688,106.26000213623047,106.4800033569336,612245.0
2024-04-22T09:30:00-04:00,107.22000122070312,109.35060119628906,105.61270141601562,107.66000366210938,1069312.0
2024-04-22T10:30:00-04:00,107.66500091552734,108.8550033569336,106.4800033569336,107.9000015258789,607797.0
2024-04-22T11:30:00-04:00,107.95999908447266,108.80999755859375,107.58090209960938,107.58999633789062,353653.0
2024-04-22T12:30:00-04:00,107.59500122070312,109.30000305175781,107.4000015258789,109.27999877929688,267690.0
2024-04-22T13:30:00-04:00,109.27999877929688,110.80000305175781,109.23999786376953,110.19000244140625,288133.0
2024-04-22T14:30:00-04:00,110.21499633789062,110.89129638671875,109.6500015258789,110.28500366210938,284684.0
2024-04-22T15:30:00-04:00,110.2300033569336,110.58000183105469,109.6675033569336,110.52999877929688,452574.0
2024-04-23T09:30:00-04:00,109.76000213623047,116.0999984741211,109.6500015258789,114.47000122070312,1163002.0
2024-04-23T10:30:00-04:00,114.47000122070312,115.49939727783203,113.69999694824219,114.41000366210938,662583.0
2024-04-23T11:30:00-04:00,114.36499786376953,114.36499786376953,113.20999908447266,113.57260131835938,543230.0
2024-04-23T12:30:00-04:00,113.56500244140625,114.37999725341797,113.5199966430664,114.31500244140625,466552.0
2024-04-23T13:30:00-04:00,114.32499694824219,114.98999786376953,114.12000274658203,114.91999816894531,447507.0
2024-04-23T14:30:00-04:00,114.91999816894531,115.22000122070312,113.81999969482422,113.94000244140625,677088.0
2024-04-23T15:30:00-04:00,113.9000015258789,114.22000122070312,113.37000274658203,113.7300033569336,893477.0
2024-04-24T09:30:00-04:00,112.08999633789062,118.23999786376953,108.13569641113281,113.12999725341797,5040769.0
2024-04-24T10:30:00-04:00,113.2249984741211,113.58999633789062,107.5199966430664,107.8949966430664,1761634.0
2024-04-24T11:30:00-04:00,108.0,109.91000366210938,106.62999725341797,107.3949966430664,1044025.0
2024-04-24T12:30:00-04:00,107.3499984741211,108.54000091552734,106.73999786376953,108.1500015258789,613187.0
2024-04-24T13:30:00-04:00,108.125,108.75,106.73249816894531,106.87750244140625,572648.0
2024-04-24T14:30:00-04:00,106.83000183105469,107.22000122070312,105.93000030517578,106.79000091552734,778825.0
2024-04-24T15:30:00-04:00,106.80000305175781,107.5,106.58999633789062,107.16999816894531,771509.0
2024-04-25T09:30:00-04:00,105.56999969482422,105.56999969482422,98.4000015258789,102.7699966430664,2394085.0
2024-04-25T10:30:00-04:00,102.78500366210938,103.4801025390625,100.26000213623047,102.6769027709961,1082137.0
2024-04-25T11:30:00-04:00,102.72000122070312,103.5,101.69999694824219,102.87999725341797,616070.0
2024-04-25T12:30:00-04:00,102.87999725341797,105.37210083007812,102.77410125732422,105.0,631639.0
2024-04-25T13:30:00-04:00,104.87000274658203,107.4800033569336,104.77999877929688,107.05000305175781,774984.0
2024-04-25T14:30:00-04:00,106.94999694824219,107.95999908447266,106.30500030517578,107.80999755859375,633497.0
2024-04-25T15:30:00-04:00,107.70010375976562,108.55000305175781,107.55000305175781,107.87999725341797,837722.0
2024-04-26T09:30:00-04:00,111.29000091552734,115.47010040283203,109.55500030517578,113.26000213623047,1987470.0
2024-04-26T10:30:00-04:00,113.2699966430664,114.1500015258789,111.08999633789062,111.33000183105469,772600.0
2024-04-26T11:30:00-04:00,111.31999969482422,112.52999877929688,110.80999755859375,112.25499725341797,561630.0
2024-04-26T12:30:00-04:00,112.25499725341797,113.95989990234375,112.22000122070312,113.43499755859375,603002.0
2024-04-26T13:30:00-04:00,113.4000015258789,113.56999969482422,111.91000366210938,112.12000274658203,456991.0
2024-04-26T14:30:00-04:00,112.1144027709961,112.49909973144531,111.62999725341797,112.05000305175781,422566.0
2024-04-26T15:30:00-04:00,112.01000213623047,112.26000213623047,111.5,111.91000366210938,593316.0
2024-04-29T09:30:00-04:00,113.69999694824219,115.75,111.12999725341797,111.9574966430664,910659.0
2024-04-29T10:30:00-04:00,111.82060241699219,113.94999694824219,111.53939819335938,113.83999633789062,340701.0
2024-04-29T11:30:00-04:00,113.7699966430664,114.375,113.0999984741211,114.30000305175781,388911.0
2024-04-29T12:30:00-04:00,114.33000183105469,114.93000030517578,113.75,114.25,358053.0
2024-04-29T13:30:00-04:00,114.13999938964844,114.16999816894531,113.1500015258789,113.26000213623047,196709.0
2024-04-29T14:30:00-04:00,113.26499938964844,113.75499725341797,112.48999786376953,113.11000061035156,307099.0
2024-04-29T15:30:00-04:00,113.09500122070312,113.91999816894531,113.04000091552734,113.83999633789062,400710.0
2024-04-30T09:30:00-04:00,111.25,111.94499969482422,109.63999938964844,110.73249816894531,745504.0
2024-04-30T10:30:00-04:00,110.61000061035156,111.06999969482422,109.45999908447266,110.0,339496.0
2024-04-30T11:30:00-04:00,110.0199966430664,110.25,109.4010009765625,110.08000183105469,281507.0
2024-04-30T12:30:00-04:00,110.01000213623047,110.23500061035156,109.12999725341797,109.87000274658203,179532.0
2024-04-30T13:30:00-04:00,109.83999633789062,110.46499633789062,109.7300033569336,109.76000213623047,172712.0
2024-04-30T14:30:00-04:00,109.7699966430664,110.12000274658203,108.87000274658203,109.04000091552734,239758.0
2024-04-30T15:30:00-04:00,109.04000091552734,109.66000366210938,108.69000244140625,108.7300033569336,385228.0
2024-05-01T09:30:00-04:00,109.05000305175781,110.8407974243164,107.37000274658203,107.70600128173828,528511.0
2024-05-01T10:30:00-04:00,107.75399780273438,107.81999969482422,106.63999938964844,106.87000274658203,364881.0
2024-05-01T11:30:00-04:00,106.9000015258789,107.6886978149414,106.55000305175781,107.41000366210938,324860.0
2024-05-01T12:30:00-04:00,107.43000030517578,107.43000030517578,106.44999694824219,107.10009765625,285321.0
2024-05-01T13:30:00-04:00,107.22000122070312,108.2083969116211,106.62999725341797,107.98999786376953,354898.0
2024-05-01T14:30:00-04:00,108.0,110.84989929199219,106.58000183105469,107.88999938964844,1206375.0
2024-05-01T15:30:00-04:00,107.8499984741211,107.8499984741211,105.05999755859375,105.1500015258789,1029627.0
2024-05-02T09:30:00-04:00,107.37000274658203,107.80999755859375,102.73390197753906,103.97000122070312,1023707.0
2024-05-02T10:30:00-04:00,104.06500244140625,104.16999816894531,102.33999633789062,103.33499908447266,579048.0
2024-05-02T11:30:00-04:00,103.62000274658203,104.29000091552734,103.08000183105469,103.99500274658203,470237.0
2024-05-02T12:30:00-04:00,104.0,105.33000183105469,103.33999633789062,105.33000183105469,334588.0
2024-05-02T13:30:00-04:00,105.4000015258789,105.5,103.99500274658203,104.44999694824219,394340.0
2024-05-02T14:30:00-04:00,104.44499969482422,106.06999969482422,104.30000305175781,105.80000305175781,402218.0
2024-05-02T15:30:00-04:00,105.76000213623047,106.19999694824219,105.3499984741211,106.13999938964844,678676.0
2024-05-03T09:30:00-04:00,110.5999984741211,117.26000213623047,110.5199966430664,114.16999816894531,2185510.0
2024-05-03T10:30:00-04:00,114.25,114.6803970336914,112.83000183105469,113.36000061035156,727353.0
2024-05-03T11:30:00-04:00,113.30999755859375,113.4800033569336,111.88999938964844,111.97350311279297,524230.0
2024-05-03T12:30:00-04:00,112.05000305175781,112.44950103759766,110.91999816894531,110.91999816894531,375408.0
2024-05-03T13:30:00-04:00,110.91999816894531,112.30000305175781,110.79000091552734,112.05999755859375,405585.0
2024-05-03T14:30:00-04:00,112.11000061035156,113.25,111.94999694824219,113.08000183105469,515311.0
2024-05-03T15:30:00-04:00,112.9800033569336,114.94000244140625,112.94000244140625,114.23999786376953,898106.0
2024-05-06T09:30:00-04:00,114.27999877929688,117.5,114.01000213623047,116.04199981689453,741426.0
2024-05-06T10:30:00-04:00,115.63999938964844,116.35169982910156,114.19999694824219,115.47000122070312,365523.0
2024-05-06T11:30:00-04:00,115.48999786376953,117.2300033569336,115.44999694824219,115.7520980834961,398325.0
2024-05-06T12:30:00-04:00,115.79000091552734,116.16000366210938,115.30000305175781,115.6500015258789,197453.0
2024-05-06T13:30:00-04:00,115.5999984741211,116.0885009765625,115.25,115.77999877929688,208329.0
2024-05-06T14:30:00-04:00,115.7300033569336,115.76000213623047,114.68000030517578,114.80500030517578,234028.0
2024-05-06T15:30:00-04:00,114.7300033569336,115.37000274658203,114.5,115.0999984741211,438379.0
2024-05-07T09:30:00-04:00,115.86000061035156,118.80000305175781,113.4000015258789,116.83000183105469,738297.0
2024-05-07T10:30:00-04:00,116.76290130615234,118.16380310058594,116.48999786376953,117.28500366210938,316939.0
2024-05-07T11:30:00-04:00,117.20999908447266,117.20999908447266,116.19999694824219,116.30999755859375,265677.0
2024-05-07T12:30:00-04:00,116.2300033569336,116.26000213623047,115.55000305175781,116.12000274658203,210486.0
2024-05-07T13:30:00-04:00,116.11000061035156,116.23500061035156,114.94999694824219,115.0999984741211,206408.0
2024-05-07T14:30:00-04:00,115.06500244140625,115.55000305175781,114.68000030517578,115.43000030517578,242725.0
2024-05-07T15:30:00-04:00,115.47000122070312,115.7490005493164,114.88500213623047,114.9000015258789,374047.0
2024-05-08T09:30:00-04:00,112.04000091552734,114.75,111.51000213623047,114.05999755859375,763013.0
2024-05-08T10:30:00-04:00,114.06999969482422,115.44999694824219,112.69000244140625,113.05000305175781,430738.0
2024-05-08T11:30:00-04:00,113.0,113.27999877929688,112.4800033569336,112.9800033569336,263289.0
2024-05-08T12:30:00-04:00,112.95500183105469,113.5,112.30999755859375,113.08999633789062,236598.0
2024-05-08T13:30:00-04:00,113.11499786376953,113.5999984741211,112.87000274658203,113.13999938964844,255633.0
2024-05-08T14:30:00-04:00,113.08000183105469,113.27999877929688,112.3550033569336,112.77999877929688,236485.0
2024-05-08T15:30:00-04:00,112.79000091552734,112.94000244140625,112.2300033569336,112.36000061035156,437651.0
2024-05-09T09:30:00-04:00,110.5,112.10359954833984,108.5199966430664,109.68000030517578,1089731.0
2024-05-09T10:30:00-04:00,109.72000122070312,110.9198989868164,109.63999938964844,110.18499755859375,473580.0
2024-05-09T11:30:00-04:00,110.2699966430664,110.50499725341797,109.63899993896484,109.87000274658203,327843.0
2024-05-09T12:30:00-04:00,109.8499984741211,110.4749984741211,109.52330017089844,110.08999633789062,300368.0
2024-05-09T13:30:00-04:00,110.02999877929688,111.55000305175781,109.8550033569336,111.5199966430664,312747.0
2024-05-09T14:30:00-04:00,111.4800033569336,112.02999877929688,111.12000274658203,111.72000122070312,331939.0
2024-05-09T15:30:00-04:00,111.69999694824219,111.69999694824219,110.91000366210938,111.19000244140625,459331.0
2024-05-10T09:30:00-04:00,112.4000015258789,113.69000244140625,110.5,110.8499984741211,566843.0
2024-05-10T10:30:00-04:00,110.86000061035156,111.0999984741211,108.77999877929688,108.93000030517578,479144.0
2024-05-10T11:30:00-04:00,108.87000274658203,108.98999786376953,108.12000274658203,108.63999938964844,416710.0
2024-05-10T12:30:00-04:00,108.6500015258789,108.81999969482422,107.5999984741211,107.76419830322266,311463.0
2024-05-10T13:30:00-04:00,107.80999755859375,108.16999816894531,107.44000244140625,107.95999908447266,291518.0
2024-05-10T14:30:00-04:00,107.87000274658203,108.65899658203125,107.69999694824219,108.55000305175781,319598.0
2024-05-10T15:30:00-04:00,108.61000061035156,108.86650085449219,108.03140258789062,108.33999633789062,531279.0
2024-05-13T09:30:00-04:00,108.69000244140625,111.37000274658203,108.69000244140625,111.36499786376953,564411.0
2024-05-13T10:30:00-04:00,111.36000061035156,113.4885025024414,110.93000030517578,112.30000305175781,552747.0
2024-05-13T11:30:00-04:00,112.23500061035156,112.42990112304688,111.5199966430664,111.92500305175781,215616.0
2024-05-13T12:30:00-04:00,111.97000122070312,112.19989776611328,111.05500030517578,111.19000244140625,167259.0
2024-05-13T13:30:00-04:00,111.20999908447266,111.33000183105469,110.72000122070312,111.08000183105469,171349.0
2024-05-13T14:30:00-04:00,111.11499786376953,111.30999755859375,110.51000213623047,110.58999633789062,228263.0
2024-05-13T15:30:00-04:00,110.58000183105469,111.33000183105469,110.52999877929688,110.78099822998047,506554.0
2024-05-14T09:30:00-04:00,114.69999694824219,121.38999938964844,114.54000091552734,114.69499969482422,1745543.0
2024-05-14T10:30:00-04:00,114.68000030517578,117.12979888916016,113.19000244140625,117.04499816894531,594600.0
2024-05-14T11:30:00-04:00,117.08999633789062,117.48899841308594,114.9800033569336,115.44000244140625,412957.0
2024-05-14T12:30:00-04:00,115.38999938964844,115.51499938964844,113.81999969482422,114.05999755859375,261070.0
2024-05-14T13:30:00-04:00,114.19999694824219,114.97000122070312,113.95999908447266,114.66000366210938,265984.0
2024-05-14T14:30:00-04:00,114.66500091552734,116.41999816894531,114.6500015258789,116.3949966430664,336222.0
2024-05-14T15:30:00-04:00,116.33000183105469,117.26899719238281,116.0999984741211,117.12000274658203,583606.0
2024-05-15T09:30:00-04:00,120.45999908447266,121.62000274658203,114.05999755859375,114.2300033569336,1105851.0
2024-05-15T10:30:00-04:00,114.29000091552734,117.4800033569336,114.0801010131836,117.05000305175781,530665.0
2024-05-15T11:30:00-04:00,117.01000213623047,118.0,116.8031005859375,117.29000091552734,370855.0
2024-05-15T12:30:00-04:00,117.23999786376953,118.48999786376953,116.93000030517578,117.0999984741211,306730.0
2024-05-15T13:30:00-04:00,117.19950103759766,117.47000122070312,116.55999755859375,116.83999633789062,249329.0
2024-05-15T14:30:00-04:00,116.80999755859375,116.80999755859375,115.75990295410156,115.91899871826172,440405.0
2024-05-15T15:30:00-04:00,115.87000274658203,115.91999816894531,115.02999877929688,115.5,574440.0
2024-05-16T09:30:00-04:00,117.44499969482422,117.87000274658203,114.02999877929688,114.7750015258789,546720.0
2024-05-16T10:30:00-04:00,114.66899871826172,115.30999755859375,114.08999633789062,114.875,315113.0
2024-05-16T11:30:00-04:00,114.87999725341797,116.80000305175781,114.7300033569336,116.48999786376953,278855.0
2024-05-16T12:30:00-04:00,116.52999877929688,117.4999008178711,116.30000305175781,116.91999816894531,307867.0
2024-05-16T13:30:00-04:00,116.93499755859375,117.08000183105469,115.6500015258789,115.75499725341797,247551.0
2024-05-16T14:30:00-04:00,115.72000122070312,117.45999908447266,115.66000366210938,116.79000091552734,322308.0
2024-05-16T15:30:00-04:00,116.82499694824219,117.2699966430664,116.58999633789062,116.87999725341797,453187.0
2024-05-17T09:30:00-04:00,116.68000030517578,116.96080017089844,114.83999633789062,116.4000015258789,383819.0
2024-05-17T10:30:00-04:00,116.46499633789062,117.13999938964844,116.09559631347656,117.08999633789062,253475.0
2024-05-17T11:30:00-04:00,117.05500030517578,118.1072006225586,116.63999938964844,116.6500015258789,303088.0
2024-05-17T12:30:00-04:00,116.7300033569336,117.01000213623047,115.6500015258789,116.0698013305664,179718.0
2024-05-17T13:30:00-04:00,115.88500213623047,116.0199966430664,114.28890228271484,114.5,276397.0
2024-05-17T14:30:00-04:00,114.4000015258789,114.68250274658203,114.0250015258789,114.12999725341797,271442.0
2024-05-17T15:30:00-04:00,114.16999816894531,114.48999786376953,113.66000366210938,114.36000061035156,377948.0
2024-05-20T09:30:00-04:00,114.5,114.69000244140625,110.66840362548828,112.09500122070312,790725.0
2024-05-20T10:30:00-04:00,112.16999816894531,112.7699966430664,111.62999725341797,112.59010314941406,271308.0
2024-05-20T11:30:00-04:00,112.62000274658203,113.48999786376953,112.27010345458984,113.33779907226562,265955.0
2024-05-20T12:30:00-04:00,113.27400207519531,113.48999786376953,112.41999816894531,112.6500015258789,202200.0
2024-05-20T13:30:00-04:00,112.6449966430664,112.96990203857422,112.0199966430664,112.6500015258789,153389.0
2024-05-20T14:30:00-04:00,112.68000030517578,113.13999938964844,112.55999755859375,112.69499969482422,235047.0
2024-05-20T15:30:00-04:00,112.70500183105469,113.4800033569336,112.55000305175781,113.47000122070312,367498.0
2024-05-21T09:30:00-04:00,112.37999725341797,113.27999877929688,111.5,111.86260223388672,453045.0
2024-05-21T10:30:00-04:00,111.94770050048828,112.80000305175781,111.18000030517578,111.3550033569336,321231.0
2024-05-21T11:30:00-04:00,111.3499984741211,111.73989868164062,111.17500305175781,111.5999984741211,243251.0
2024-05-21T12:30:00-04:00,111.564697265625,111.6050033569336,110.91999816894531,111.18440246582031,202117.0
2024-05-21T13:30:00-04:00,111.33000183105469,111.69999694824219,111.1500015258789,111.49009704589844,189240.0
2024-05-21T14:30:00-04:00,111.57990264892578,111.9800033569336,111.5,111.69999694824219,307349.0
2024-05-21T15:30:00-04:00,111.73999786376953,111.76000213623047,111.30000305175781,111.5,402926.0
2024-05-22T09:30:00-04:00,111.41999816894531,120.01719665527344,111.22000122070312,119.4000015258789,2543997.0
2024-05-22T10:30:00-04:00,119.55999755859375,121.86990356445312,118.94999694824219,121.21700286865234,1472364.0
2024-05-22T11:30:00-04:00,121.28500366210938,124.5,120.87999725341797,124.37999725341797,1141450.0
2024-05-22T12:30:00-04:00,124.5,124.79000091552734,122.0999984741211,122.55000305175781,890916.0
2024-05-22T13:30:00-04:00,122.54000091552734,123.28990173339844,119.80999755859375,120.02999877929688,804988.0
2024-05-22T14:30:00-04:00,119.97000122070312,121.20999908447266,119.68000030517578,120.91000366210938,524157.0
2024-05-22T15:30:00-04:00,120.9800033569336,121.6946029663086,120.88999938964844,121.23999786376953,636613.0
2024-05-23T09:30:00-04:00,121.75,122.1500015258789,117.05000305175781,118.59500122070312,1597937.0
2024-05-23T10:30:00-04:00,118.73999786376953,118.80999755859375,116.2300033569336,117.80829620361328,721863.0
2024-05-23T11:30:00-04:00,117.83000183105469,119.19000244140625,117.83000183105469,118.7300033569336,480900.0
2024-05-23T12:30:00-04:00,118.7300033569336,118.91999816894531,117.35679626464844,118.12249755859375,292925.0
2024-05-23T13:30:00-04:00,118.01000213623047,118.30999755859375,116.1500015258789,116.58499908447266,480429.0
2024-05-23T14:30:00-04:00,116.57499694824219,117.23999786376953,116.11000061035156,117.0,485660.0
2024-05-23T15:30:00-04:00,117.00759887695312,117.95999908447266,117.00759887695312,117.44999694824219,440280.0
2024-05-24T09:30:00-04:00,118.30000305175781,123.78150177001953,118.13999938964844,123.27999877929688,1219777.0
2024-05-24T10:30:00-04:00,123.3550033569336,126.08000183105469,122.8499984741211,126.04499816894531,946539.0
2024-05-24T11:30:00-04:00,126.0,127.5199966430664,125.19000244140625,125.42520141601562,1075356.0
2024-05-24T12:30:00-04:00,125.49500274658203,125.69999694824219,124.2605972290039,124.7699966430664,557685.0
2024-05-24T13:30:00-04:00,124.7300033569336,125.05999755859375,123.8499984741211,124.11000061035156,391530.0
2024-05-24T14:30:00-04:00,124.12999725341797,124.71990203857422,123.57009887695312,124.4833984375,425765.0
2024-05-24T15:30:00-04:00,124.45999908447266,125.23500061035156,124.31999969482422,125.16000366210938,538744.0
2024-05-28T09:30:00-04:00,129.1999969482422,131.1300048828125,127.26000213623047,128.9499969482422,1665433.0
2024-05-28T10:30:00-04:00,128.85000610351562,130.13609313964844,128.35000610351562,129.5,582231.0
2024-05-28T11:30:00-04:00,129.5,129.94000244140625,128.9199981689453,129.3699951171875,353223.0
2024-05-28T12:30:00-04:00,129.36000061035156,129.6699981689453,128.10000610351562,128.5800018310547,309621.0
2024-05-28T13:30:00-04:00,128.63999938964844,129.42990112304688,127.9800033569336,128.00999450683594,338366.0
2024-05-28T14:30:00-04:00,128.02499389648438,129.31900024414062,127.27999877929688,129.19500732421875,460405.0
2024-05-28T15:30:00-04:00,129.24000549316406,129.64500427246094,128.82000732421875,129.47999572753906,550025.0
2024-05-29T09:30:00-04:00,125.23660278320312,128.843505859375,124.80000305175781,128.13999938964844,1270671.0
2024-05-29T10:30:00-04:00,128.15359497070312,128.4324951171875,126.68000030517578,126.82499694824219,397025.0
2024-05-29T11:30:00-04:00,126.80999755859375,127.25990295410156,126.0,126.44000244140625,408397.0
2024-05-29T12:30:00-04:00,126.45999908447266,128.22999572753906,126.43499755859375,128.1649932861328,344327.0
2024-05-29T13:30:00-04:00,128.1750030517578,128.24000549316406,126.72750091552734,127.01000213623047,289448.0
2024-05-29T14:30:00-04:00,127.01000213623047,127.32990264892578,126.68049621582031,126.93499755859375,389550.0
2024-05-29T15:30:00-04:00,126.91999816894531,127.0999984741211,125.55000305175781,125.63999938964844,612113.0
2024-05-30T09:30:00-04:00,126.94000244140625,133.33999633789062,126.36710357666016,129.8699951171875,1413179.0
2024-05-30T10:30:00-04:00,129.8000030517578,130.48800659179688,128.9300994873047,130.36000061035156,477532.0
2024-05-30T11:30:00-04:00,130.3800048828125,131.1999969482422,130.0500946044922,130.94500732421875,363114.0
2024-05-30T12:30:00-04:00,131.02000427246094,131.72999572753906,130.18519592285156,131.52000427246094,261480.0
2024-05-30T13:30:00-04:00,131.6199951171875,131.85000610351562,130.0399932861328,130.38999938964844,272031.0
2024-05-30T14:30:00-04:00,130.38949584960938,130.7899932861328,129.77999877929688,130.70989990234375,304901.0
2024-05-30T15:30:00-04:00,130.6750030517578,130.90499877929688,129.110107421875,130.58999633789062,614030.0
2024-05-31T09:30:00-04:00,131.91000366210938,134.0,127.19000244140625,127.38999938964844,980605.0
2024-05-31T10:30:00-04:00,127.58000183105469,127.7699966430664,125.2300033569336,127.16500091552734,643695.0
2024-05-31T11:30:00-04:00,127.05999755859375,127.33000183105469,125.94660186767578,126.02999877929688,281062.0
2024-05-31T12:30:00-04:00,126.04000091552734,127.43000030517578,125.66000366210938,127.19999694824219,284631.0
2024-05-31T13:30:00-04:00,127.20500183105469,127.95989990234375,126.91000366210938,127.04000091552734,266514.0
2024-05-31T14:30:00-04:00,127.12000274658203,127.29000091552734,126.16000366210938,126.58999633789062,308741.0
2024-05-31T15:30:00-04:00,126.52999877929688,128.18499755859375,126.2865982055664,127.93000030517578,654440.0
2024-06-03T09:30:00-04:00,131.10000610351562,131.61000061035156,128.41000366210938,128.8699951171875,645380.0
2024-06-03T10:30:00-04:00,128.84100341796875,130.75,128.00999450683594,129.10000610351562,398619.0
2024-06-03T11:30:00-04:00,129.10020446777344,129.85000610351562,127.41999816894531,127.45999908447266,195932.0
2024-06-03T12:30:00-04:00,127.56999969482422,128.13999938964844,126.74009704589844,127.79000091552734,188400.0
2024-06-03T13:30:00-04:00,127.88999938964844,129.0399932861328,127.87000274658203,128.62620544433594,179609.0
2024-06-03T14:30:00-04:00,128.6300048828125,129.10499572753906,128.24000549316406,128.5800018310547,179152.0
2024-06-03T15:30:00-04:00,128.52999877929688,128.6300048828125,127.32009887695312,127.63999938964844,271447.0
2024-06-04T09:30:00-04:00,128.0399932861328,128.86000061035156,126.1500015258789,126.69999694824219,482735.0
2024-06-04T10:30:00-04:00,126.68000030517578,127.45999908447266,125.95999908447266,126.63999938964844,249206.0
2024-06-04T11:30:00-04:00,126.69999694824219,127.44999694824219,125.91999816894531,127.44999694824219,203286.0
2024-06-04T12:30:00-04:00,127.43000030517578,128.64100646972656,127.20999908447266,128.55499267578125,327956.0
2024-06-04T13:30:00-04:00,128.61000061035156,132.1999969482422,128.08999633789062,132.10299682617188,562597.0
2024-06-04T14:30:00-04:00,132.1199951171875,132.1699981689453,129.0,129.16000366210938,448490.0
2024-06-04T15:30:00-04:00,129.1300048828125,129.94500732421875,128.55999755859375,129.7899932861328,413013.0
2024-06-05T09:30:00-04:00,131.5800018310547,134.33999633789062,129.3300018310547,133.27000427246094,786649.0
2024-06-05T10:30:00-04:00,133.36000061035156,134.97999572753906,131.67999267578125,132.39999389648438,451036.0
2024-06-05T11:30:00-04:00,132.49000549316406,133.6300048828125,132.32000732421875,133.14500427246094,229551.0
2024-06-05T12:30:00-04:00,133.00999450683594,133.7100067138672,132.4510040283203,133.17779541015625,174697.0
2024-06-05T13:30:00-04:00,133.25,133.2899932861328,132.2700958251953,132.49530029296875,151750.0
2024-06-05T14:30:00-04:00,132.52499389648438,133.05999755859375,132.0399932861328,132.67010498046875,234432.0
2024-06-05T15:30:00-04:00,132.63999938964844,133.5800018310547,132.63999938964844,133.24000549316406,341986.0
2024-06-06T09:30:00-04:00,133.0,133.0,129.97000122070312,130.60000610351562,444712.0
2024-06-06T10:30:00-04:00,130.6999969482422,131.4499969482422,130.38999938964844,131.1300048828125,305234.0
2024-06-06T11:30:00-04:00,131.1699981689453,131.9199981689453,130.9149932861328,131.27000427246094,171185.0
2024-06-06T12:30:00-04:00,131.1699981689453,132.0,130.74000549316406,131.76229858398438,122972.0
2024-06-06T13:30:00-04:00,131.86000061035156,132.5850067138672,131.4429931640625,131.80999755859375,156143.0
2024-06-06T14:30:00-04:00,131.77000427246094,132.27999877929688,131.72000122070312,132.22000122070312,98810.0
2024-06-06T15:30:00-04:00,132.2100067138672,132.47999572753906,132.0,132.36000061035156,260411.0
2024-06-07T09:30:00-04:00,129.21499633789062,130.3800048828125,126.88999938964844,128.1699981689453,929798.0
2024-06-07T10:30:00-04:00,128.22999572753906,128.3699951171875,126.0999984741211,127.08000183105469,490349.0
2024-06-07T11:30:00-04:00,127.08000183105469,127.75,126.77999877929688,127.2300033569336,259465.0
2024-06-07T12:30:00-04:00,127.2249984741211,127.30000305175781,125.29000091552734,125.45600128173828,283462.0
2024-06-07T13:30:00-04:00,125.4000015258789,125.4000015258789,122.05999755859375,122.99019622802734,570155.0
2024-06-07T14:30:00-04:00,122.9800033569336,123.68000030517578,122.48069763183594,122.82890319824219,378298.0
2024-06-07T15:30:00-04:00,122.80000305175781,123.08000183105469,122.54000091552734,122.7300033569336,509785.0
2024-06-10T09:30:00-04:00,123.29000091552734,127.0425033569336,122.05000305175781,126.13999938964844,815631.0
2024-06-10T10:30:00-04:00,126.19000244140625,127.80999755859375,126.08000183105469,126.78500366210938,398170.0
2024-06-10T11:30:00-04:00,126.76000213623047,127.8499984741211,125.8499984741211,127.8499984741211,241593.0
2024-06-10T12:30:00-04:00,127.8550033569336,128.72999572753906,127.38999938964844,128.55999755859375,331755.0
2024-06-10T13:30:00-04:00,128.50999450683594,131.0500030517578,128.4600067138672,130.42999267578125,528266.0
2024-06-10T14:30:00-04:00,130.41000366210938,131.16000366210938,129.9499969482422,131.0,355679.0
2024-06-10T15:30:00-04:00,130.9949951171875,131.23989868164062,130.5301055908203,130.69000244140625,487688.0
2024-06-11T09:30:00-04:00,129.3000030517578,130.88999938964844,126.37000274658203,127.81500244140625,557861.0
2024-06-11T10:30:00-04:00,127.94000244140625,129.47999572753906,127.73999786376953,129.36000061035156,236738.0
2024-06-11T11:30:00-04:00,129.33999633789062,129.86000061035156,128.53709411621094,129.74000549316406,233454.0
2024-06-11T12:30:00-04:00,129.65499877929688,130.5500030517578,129.24000549316406,130.30499267578125,189480.0
2024-06-11T13:30:00-04:00,130.24000549316406,132.80999755859375,130.1999969482422,132.8000030517578,409922.0
2024-06-11T14:30:00-04:00,132.75,132.85000610351562,131.3404998779297,131.6999969482422,337507.0
2024-06-11T15:30:00-04:00,131.74000549316406,132.72000122070312,131.72000122070312,132.4499969482422,486596.0
2024-06-12T09:30:00-04:00,139.60000610351562,141.58999633789062,136.033203125,136.85000610351562,1960931.0
2024-06-12T10:30:00-04:00,136.85000610351562,137.4799041748047,134.74000549316406,135.6300048828125,670269.0
2024-06-12T11:30:00-04:00,135.7198944091797,136.77000427246094,134.82000732421875,136.6300048828125,432851.0
2024-06-12T12:30:00-04:00,136.69000244140625,137.95880126953125,136.38999938964844,137.7299041748047,321258.0
2024-06-12T13:30:00-04:00,137.6300048828125,137.63999938964844,135.1999969482422,136.5850067138672,404138.0
2024-06-12T14:30:00-04:00,136.63470458984375,136.9199981689453,133.08999633789062,133.4799041748047,480674.0
2024-06-12T15:30:00-04:00,133.41000366210938,134.94000244140625,133.1199951171875,134.57000732421875,518989.0
2024-06-13T09:30:00-04:00,134.0,134.98989868164062,131.33999633789062,131.7949981689453,622462.0
2024-06-13T10:30:00-04:00,131.7949981689453,132.0,130.05999755859375,130.35000610351562,342180.0
2024-06-13T11:30:00-04:00,130.2449951171875,130.5399932861328,128.74000549316406,128.88999938964844,268232.0
2024-06-13T12:30:00-04:00,128.81500244140625,129.63999938964844,128.7899932861328,128.8800048828125,176696.0
2024-06-13T13:30:00-04:00,128.8800048828125,130.22999572753906,128.83999633789062,129.51499938964844,222873.0
2024-06-13T14:30:00-04:00,129.63499450683594,130.73500061035156,129.24000549316406,130.3800048828125,253179.0
2024-06-13T15:30:00-04:00,130.3800048828125,130.38499450683594,129.57009887695312,129.69000244140625,257170.0
2024-06-14T09:30:00-04:00,129.38999938964844,131.73500061035156,127.19499969482422,127.51000213623047,807130.0
2024-06-14T10:30:00-04:00,127.55000305175781,128.07000732421875,127.00569915771484,127.69999694824219,286565.0
2024-06-14T11:30:00-04:00,127.76499938964844,127.91000366210938,126.2300033569336,126.26000213623047,245523.0
2024-06-14T12:30:00-04:00,126.26000213623047,126.76000213623047,125.94999694824219,126.02999877929688,202955.0
2024-06-14T13:30:00-04:00,126.01000213623047,126.44000244140625,124.68009948730469,125.13999938964844,329514.0
2024-06-14T14:30:00-04:00,125.18000030517578,125.3499984741211,124.45999908447266,125.07080078125,394156.0
2024-06-14T15:30:00-04:00,125.11000061035156,125.20999908447266,124.30999755859375,124.52999877929688,459200.0
2024-06-17T09:30:00-04:00,123.45999908447266,124.20249938964844,121.91000366210938,122.19999694824219,540175.0
2024-06-17T10:30:00-04:00,122.26000213623047,122.44000244140625,118.62999725341797,118.82499694824219,648961.0
2024-06-17T11:30:00-04:00,118.73999786376953,119.80989837646484,118.55999755859375,119.5999984741211,431330.0
2024-06-17T12:30:00-04:00,119.55000305175781,119.58999633789062,118.31999969482422,119.13999938964844,427260.0
2024-06-17T13:30:00-04:00,119.07499694824219,121.2699966430664,118.41010284423828,121.22000122070312,516229.0
2024-06-17T14:30:00-04:00,121.20500183105469,121.21990203857422,120.36000061035156,120.6500015258789,343085.0
2024-06-17T15:30:00-04:00,120.6500015258789,120.9800033569336,120.37010192871094,120.83000183105469,405535.0
2024-06-18T09:30:00-04:00,119.5,121.14990234375,118.56999969482422,119.48999786376953,480930.0
2024-06-18T10:30:00-04:00,119.55699920654297,121.0,119.55699920654297,120.55999755859375,440086.0
2024-06-18T11:30:00-04:00,120.58000183105469,121.19000244140625,120.20999908447266,120.86000061035156,229942.0
2024-06-18T12:30:00-04:00,120.73999786376953,120.73999786376953,119.0,119.00499725341797,228786.0
2024-06-18T13:30:00-04:00,119.00499725341797,119.23999786376953,118.25,118.9800033569336,280563.0
2024-06-18T14:30:00-04:00,118.80000305175781,119.0,118.44719696044922,118.76010131835938,269468.0
2024-06-18T15:30:00-04:00,118.80000305175781,119.21949768066406,118.69999694824219,118.95999908447266,444617.0
2024-06-20T09:30:00-04:00,110.31999969482422,112.87999725341797,107.6449966430664,111.25,2871995.0
2024-06-20T10:30:00-04:00,111.21499633789062,112.37000274658203,110.38249969482422,111.25,986489.0
2024-06-20T11:30:00-04:00,111.19000244140625,111.2300033569336,109.2699966430664,109.29000091552734,549434.0
2024-06-20T12:30:00-04:00,109.20999908447266,109.26000213623047,108.30000305175781,108.62000274658203,637636.0
2024-06-20T13:30:00-04:00,108.59500122070312,109.66999816894531,108.37999725341797,109.62000274658203,478753.0
2024-06-20T14:30:00-04:00,109.66000366210938,109.69660186767578,108.11530303955078,108.72000122070312,563235.0
2024-06-20T15:30:00-04:00,108.7300033569336,108.9000015258789,108.11000061035156,108.5999984741211,931001.0
2024-06-21T09:30:00-04:00,107.80000305175781,108.80000305175781,105.7300033569336,107.875,1450221.0
2024-06-21T10:30:00-04:00,107.77999877929688,108.29000091552734,106.93000030517578,107.089599609375,558447.0
2024-06-21T11:30:00-04:00,107.0999984741211,108.33000183105469,106.7300033569336,107.16000366210938,532885.0
2024-06-21T12:30:00-04:00,107.22000122070312,107.44999694824219,106.16000366210938,106.46080017089844,286692.0
2024-06-21T13:30:00-04:00,106.41000366210938,106.66000366210938,105.64219665527344,106.05000305175781,313435.0
2024-06-21T14:30:00-04:00,105.9800033569336,106.2300033569336,105.41999816894531,105.93000030517578,341636.0
2024-06-21T15:30:00-04:00,106.05000305175781,107.1864013671875,105.91000366210938,106.6500015258789,534410.0
2024-06-24T09:30:00-04:00,107.0,108.73999786376953,106.02999877929688,106.36499786376953,1143401.0
2024-06-24T10:30:00-04:00,106.44999694824219,107.13999938964844,105.83999633789062,106.44999694824219,510970.0
2024-06-24T11:30:00-04:00,106.37000274658203,106.51000213623047,105.5,105.69000244140625,362459.0
2024-06-24T12:30:00-04:00,105.69499969482422,105.7499008178711,104.55010223388672,104.96499633789062,391045.0
2024-06-24T13:30:00-04:00,104.93000030517578,106.36000061035156,104.80000305175781,106.36000061035156,242721.0
2024-06-24T14:30:00-04:00,106.32009887695312,109.11000061035156,106.30999755859375,108.99189758300781,664480.0
2024-06-24T15:30:00-04:00,109.06999969482422,109.06999969482422,107.54499816894531,107.95999908447266,747935.0
2024-06-25T09:30:00-04:00,106.94000244140625,107.9800033569336,104.10009765625,105.98999786376953,1341852.0
2024-06-25T10:30:00-04:00,105.98999786376953,106.06999969482422,102.70999908447266,103.94999694824219,1018564.0
2024-06-25T11:30:00-04:00,104.0,104.0,102.61000061035156,103.2699966430664,537379.0
2024-06-25T12:30:00-04:00,103.2511978149414,103.51000213623047,102.30000305175781,102.875,467105.0
2024-06-25T13:30:00-04:00,102.83999633789062,103.2300033569336,102.51010131835938,103.16000366210938,330060.0
2024-06-25T14:30:00-04:00,103.13999938964844,103.19000244140625,101.5199966430664,102.1989974975586,634770.0
2024-06-25T15:30:00-04:00,102.16999816894531,102.41000366210938,101.69999694824219,101.83000183105469,743110.0
2024-06-26T09:30:00-04:00,101.37000274658203,103.0,100.75,101.3499984741211,1331149.0
2024-06-26T10:30:00-04:00,101.37999725341797,102.09989929199219,100.41000366210938,101.31999969482422,720403.0
2024-06-26T11:30:00-04:00,101.33000183105469,101.8499984741211,100.83000183105469,101.05999755859375,373685.0
2024-06-26T12:30:00-04:00,101.09500122070312,102.36499786376953,100.86650085449219,102.36499786376953,356798.0
2024-06-26T13:30:00-04:00,102.37999725341797,102.45939636230469,101.5199966430664,101.54000091552734,308822.0
2024-06-26T14:30:00-04:00,101.5999984741211,102.54000091552734,101.44000244140625,102.37000274658203,398143.0
2024-06-26T15:30:00-04:00,102.38999938964844,103.1500015258789,102.26000213623047,102.98999786376953,661069.0
2024-06-27T09:30:00-04:00,102.94999694824219,103.9800033569336,101.58000183105469,103.43920135498047,707093.0
2024-06-27T10:30:00-04:00,103.4000015258789,104.1500015258789,102.82270050048828,103.94000244140625,403598.0
2024-06-27T11:30:00-04:00,103.94000244140625,105.36000061035156,103.41000366210938,104.80000305175781,417665.0
2024-06-27T12:30:00-04:00,104.74500274658203,105.54989624023438,104.32879638671875,105.44000244140625,294654.0
2024-06-27T13:30:00-04:00,105.38999938964844,106.48999786376953,104.37000274658203,104.52079772949219,348441.0
2024-06-27T14:30:00-04:00,104.44000244140625,105.08999633789062,104.02999877929688,105.01010131835938,228429.0
2024-06-27T15:30:00-04:00,105.01000213623047,105.27999877929688,104.59500122070312,105.2300033569336,488199.0
2024-06-28T09:30:00-04:00,105.55000305175781,105.55000305175781,102.55999755859375,103.94000244140625,1009074.0
2024-06-28T10:30:00-04:00,103.94999694824219,104.25,102.32009887695312,102.69000244140625,601042.0
2024-06-28T11:30:00-04:00,102.66999816894531,103.15989685058594,101.32009887695312,101.4800033569336,392821.0
2024-06-28T12:30:00-04:00,101.48999786376953,101.48999786376953,99.44000244140625,99.58499908447266,740432.0
2024-06-28T13:30:00-04:00,99.61000061035156,100.0999984741211,99.19000244140625,99.58000183105469,469931.0
2024-06-28T14:30:00-04:00,99.55999755859375,99.91000366210938,98.66000366210938,98.75499725341797,523981.0
2024-06-28T15:30:00-04:00,98.7699966430664,99.75,98.38829803466797,99.70999908447266,870556.0
2024-07-01T09:30:00-04:00,99.70999908447266,99.70999908447266,98.0199966430664,98.38999938964844,744402.0
2024-07-01T10:30:00-04:00,98.45999908447266,99.12999725341797,97.69000244140625,98.36000061035156,444335.0
2024-07-01T11:30:00-04:00,98.36000061035156,98.91999816894531,98.12999725341797,98.31999969482422,260624.0
2024-07-01T12:30:00-04:00,98.29000091552734,98.33000183105469,97.72000122070312,98.16999816894531,267599.0
2024-07-01T13:30:00-04:00,98.08999633789062,98.53500366210938,97.83000183105469,97.90499877929688,279366.0
2024-07-01T14:30:00-04:00,97.91500091552734,98.44999694824219,96.87999725341797,97.12999725341797,410657.0
2024-07-01T15:30:00-04:00,97.12999725341797,97.375,96.94999694824219,97.23999786376953,490082.0
2024-07-02T09:30:00-04:00,96.44999694824219,99.58000183105469,96.0510025024414,98.0,1050951.0
2024-07-02T10:30:00-04:00,97.97000122070312,98.13999938964844,96.80750274658203,96.81990051269531,376904.0
2024-07-02T11:30:00-04:00,96.83999633789062,96.93000030517578,96.06999969482422,96.41500091552734,404267.0
2024-07-02T12:30:00-04:00,96.4000015258789,97.05000305175781,96.19999694824219,96.33999633789062,238278.0
2024-07-02T13:30:00-04:00,96.3499984741211,96.5,95.77790069580078,95.99500274658203,358529.0
2024-07-02T14:30:00-04:00,95.91999816894531,95.91999816894531,95.20999908447266,95.5,609751.0
2024-07-02T15:30:00-04:00,95.5,95.91000366210938,95.36000061035156,95.7699966430664,497853.0
2024-07-03T09:30:00-04:00,97.06999969482422,97.4800033569336,95.25,96.88999938964844,1160796.0
2024-07-03T10:30:00-04:00,96.88999938964844,99.0999984741211,96.44999694824219,96.62300109863281,1005859.0
2024-07-03T11:30:00-04:00,96.58000183105469,98.5199966430664,95.87999725341797,98.4000015258789,834893.0
2024-07-05T09:30:00-04:00,100.5999984741211,101.31999969482422,97.58999633789062,98.0,946008.0
2024-07-05T10:30:00-04:00,98.0199966430664,99.27999877929688,97.7301025390625,99.0999984741211,397640.0
2024-07-05T11:30:00-04:00,99.08000183105469,99.27999877929688,98.21800231933594,98.37000274658203,200346.0
2024-07-05T12:30:00-04:00,98.1500015258789,98.21900177001953,97.73999786376953,97.75530242919922,177249.0
2024-07-05T13:30:00-04:00,97.7699966430664,98.02100372314453,97.30000305175781,97.543701171875,194109.0
2024-07-05T14:30:00-04:00,97.45559692382812,97.76000213623047,97.29000091552734,97.3499984741211,199402.0
2024-07-05T15:30:00-04:00,97.3499984741211,97.62249755859375,97.08999633789062,97.13999938964844,457787.0
2024-07-08T09:30:00-04:00,98.5999984741211,101.66000366210938,97.8550033569336,99.63690185546875,887750.0
2024-07-08T10:30:00-04:00,99.56500244140625,102.1500015258789,99.41999816894531,101.62000274658203,452019.0
2024-07-08T11:30:00-04:00,101.61000061035156,101.87999725341797,100.25499725341797,101.52010345458984,416070.0
2024-07-08T12:30:00-04:00,101.66999816894531,102.83000183105469,101.34500122070312,101.43000030517578,359867.0
2024-07-08T13:30:00-04:00,101.44039916992188,102.03610229492188,100.9000015258789,101.2925033569336,191445.0
2024-07-08T14:30:00-04:00,101.19999694824219,102.08999633789062,100.98999786376953,101.7699966430664,293645.0
2024-07-08T15:30:00-04:00,101.73500061035156,102.94999694824219,101.72000122070312,102.81999969482422,653457.0
2024-07-09T09:30:00-04:00,102.08999633789062,102.20999908447266,100.04000091552734,101.06999969482422,776573.0
2024-07-09T10:30:00-04:00,100.91999816894531,101.0999984741211,100.22090148925781,100.47010040283203,284588.0
2024-07-09T11:30:00-04:00,100.55000305175781,103.86000061035156,100.44999694824219,103.62000274658203,308895.0
2024-07-09T12:30:00-04:00,103.69000244140625,104.75499725341797,103.26000213623047,103.76000213623047,482983.0
2024-07-09T13:30:00-04:00,103.75,104.69999694824219,103.63500213623047,104.4800033569336,267326.0
2024-07-09T14:30:00-04:00,104.44999694824219,104.60919952392578,103.23999786376953,103.31999969482422,293101.0
2024-07-09T15:30:00-04:00,103.31500244140625,104.13999938964844,103.05000305175781,103.55999755859375,415283.0
2024-07-10T09:30:00-04:00,104.36000061035156,106.58999633789062,102.79000091552734,103.47000122070312,765065.0
2024-07-10T10:30:00-04:00,103.47000122070312,104.05999755859375,102.55000305175781,103.55000305175781,312799.0
2024-07-10T11:30:00-04:00,103.6500015258789,105.31999969482422,103.48500061035156,105.0999984741211,287118.0
2024-07-10T12:30:00-04:00,105.06999969482422,105.36000061035156,104.44999694824219,104.83000183105469,270592.0
2024-07-10T13:30:00-04:00,104.80999755859375,105.55000305175781,104.77999877929688,104.98500061035156,201785.0
2024-07-10T14:30:00-04:00,105.01000213623047,106.31999969482422,104.88999938964844,106.15010070800781,291619.0
2024-07-10T15:30:00-04:00,106.2300033569336,107.27999877929688,106.2300033569336,106.76000213623047,624410.0
2024-07-11T09:30:00-04:00,111.81999969482422,115.29000091552734,110.19999694824219,113.45999908447266,2614678.0
2024-07-11T10:30:00-04:00,113.47000122070312,115.08000183105469,112.41000366210938,112.65630340576172,739677.0
2024-07-11T11:30:00-04:00,112.41000366210938,112.54000091552734,108.7500991821289,109.78250122070312,788160.0
2024-07-11T12:30:00-04:00,109.73999786376953,111.44999694824219,109.5199966430664,111.43000030517578,409341.0
2024-07-11T13:30:00-04:00,111.43000030517578,111.70999908447266,110.06999969482422,110.54000091552734,348366.0
2024-07-11T14:30:00-04:00,110.56500244140625,111.41899871826172,110.52999877929688,110.97000122070312,336503.0
2024-07-11T15:30:00-04:00,110.98999786376953,112.04000091552734,110.98999786376953,111.68000030517578,562980.0
2024-07-12T09:30:00-04:00,113.9000015258789,117.51219940185547,113.30000305175781,116.13500213623047,1489735.0
2024-07-12T10:30:00-04:00,116.06999969482422,117.29000091552734,114.51000213623047,117.28990173339844,621495.0
2024-07-12T11:30:00-04:00,117.2300033569336,118.33989715576172,116.95999908447266,117.95999908447266,797531.0
2024-07-12T12:30:00-04:00,117.83999633789062,119.26000213623047,117.76499938964844,119.26000213623047,526041.0
2024-07-12T13:30:00-04:00,119.24500274658203,119.6500015258789,118.37000274658203,119.20999908447266,503460.0
2024-07-12T14:30:00-04:00,119.22989654541016,119.69999694824219,118.8499984741211,118.875,416895.0
2024-07-12T15:30:00-04:00,118.86000061035156,119.70999908447266,118.39399719238281,119.36000061035156,889327.0
2024-07-15T09:30:00-04:00,114.66000366210938,115.86990356445312,110.3499984741211,112.88500213623047,2254059.0
2024-07-15T10:30:00-04:00,112.97000122070312,113.94499969482422,112.39569854736328,113.47000122070312,745043.0
2024-07-15T11:30:00-04:00,113.61000061035156,114.74839782714844,112.73249816894531,114.34500122070312,470133.0
2024-07-15T12:30:00-04:00,114.2699966430664,114.72200012207031,113.20999908447266,113.65499877929688,324398.0
2024-07-15T13:30:00-04:00,113.6500015258789,113.8499984741211,112.30000305175781,113.614501953125,349477.0
2024-07-15T14:30:00-04:00,113.51000213623047,114.63999938964844,113.17500305175781,114.16000366210938,392161.0
2024-07-15T15:30:00-04:00,114.23999786376953,114.30000305175781,112.7699966430664,113.0999984741211,539191.0
2024-07-16T09:30:00-04:00,114.61000061035156,114.88999938964844,111.7300033569336,112.31999969482422,873619.0
2024-07-16T10:30:00-04:00,112.20999908447266,113.43000030517578,111.12000274658203,113.26000213623047,601728.0
2024-07-16T11:30:00-04:00,113.20999908447266,114.79000091552734,112.76000213623047,114.0999984741211,359699.0
2024-07-16T12:30:00-04:00,114.30000305175781,115.3499984741211,113.93000030517578,114.94000244140625,247674.0
2024-07-16T13:30:00-04:00,114.9800033569336,116.35310363769531,114.88249969482422,115.47000122070312,361141.0
2024-07-16T14:30:00-04:00,115.49250030517578,116.16000366210938,115.4800033569336,115.9800033569336,346879.0
2024-07-16T15:30:00-04:00,115.95999908447266,116.4000015258789,115.63999938964844,116.13999938964844,469823.0
2024-07-17T09:30:00-04:00,112.94999694824219,115.19000244140625,112.44000244140625,112.5,629714.0
2024-07-17T10:30:00-04:00,112.44000244140625,113.2040023803711,111.80999755859375,112.1791000366211,530300.0
2024-07-17T11:30:00-04:00,112.0999984741211,112.29000091552734,109.30000305175781,109.33000183105469,537199.0
2024-07-17T12:30:00-04:00,109.30000305175781,109.96990203857422,108.62000274658203,109.94000244140625,443901.0
2024-07-17T13:30:00-04:00,109.91500091552734,111.81999969482422,109.69499969482422,111.76249694824219,327527.0
2024-07-17T14:30:00-04:00,111.76499938964844,111.76499938964844,110.96099853515625,111.55000305175781,302484.0
2024-07-17T15:30:00-04:00,111.53500366210938,112.05000305175781,111.05000305175781,111.05999755859375,581634.0
2024-07-18T09:30:00-04:00,113.66000366210938,115.22750091552734,105.63999938964844,108.4749984741211,1485183.0
2024-07-18T10:30:00-04:00,108.4800033569336,111.08999633789062,107.69000244140625,109.3499984741211,886590.0
2024-07-18T11:30:00-04:00,109.26000213623047,109.54000091552734,108.3499984741211,108.62999725341797,477009.0
2024-07-18T12:30:00-04:00,108.55000305175781,110.08999633789062,108.52999877929688,109.36000061035156,304412.0
2024-07-18T13:30:00-04:00,109.4000015258789,109.61000061035156,107.44499969482422,107.52999877929688,340926.0
2024-07-18T14:30:00-04:00,107.52999877929688,107.9000015258789,106.61000061035156,107.0199966430664,418485.0
2024-07-18T15:30:00-04:00,107.00499725341797,108.16999816894531,106.91000366210938,107.94999694824219,586097.0
2024-07-19T09:30:00-04:00,107.73999786376953,108.30000305175781,106.00250244140625,107.05000305175781,659114.0
2024-07-19T10:30:00-04:00,107.19000244140625,107.63999938964844,105.80599975585938,105.91500091552734,270765.0
2024-07-19T11:30:00-04:00,105.94999694824219,108.69120025634766,105.91500091552734,107.51000213623047,314307.0
2024-07-19T12:30:00-04:00,107.59010314941406,107.94999694824219,106.18000030517578,106.25,255620.0
2024-07-19T13:30:00-04:00,106.18000030517578,106.57009887695312,105.9000015258789,106.2300033569336,201363.0
2024-07-19T14:30:00-04:00,106.20999908447266,107.43000030517578,105.98999786376953,107.04499816894531,305876.0
2024-07-19T15:30:00-04:00,107.0,107.0,105.31999969482422,105.51000213623047,660983.0
2024-07-22T09:30:00-04:00,109.29000091552734,109.29000091552734,102.31999969482422,104.98999786376953,1384273.0
2024-07-22T10:30:00-04:00,105.03500366210938,105.34989929199219,103.25,103.31999969482422,467801.0
2024-07-22T11:30:00-04:00,103.31990051269531,103.61990356445312,102.81999969482422,103.2699966430664,458869.0
2024-07-22T12:30:00-04:00,103.2699966430664,104.41000366210938,102.5199966430664,103.75,445277.0
2024-07-22T13:30:00-04:00,103.74250030517578,104.77999877929688,103.44999694824219,103.77999877929688,299415.0
2024-07-22T14:30:00-04:00,103.76529693603516,104.52999877929688,103.58999633789062,104.41500091552734,343182.0
2024-07-22T15:30:00-04:00,104.44000244140625,104.93000030517578,104.18000030517578,104.7300033569336,510927.0
2024-07-23T09:30:00-04:00,102.87999725341797,104.81500244140625,102.87999725341797,103.43000030517578,618501.0
2024-07-23T10:30:00-04:00,103.44499969482422,104.8499984741211,103.41999816894531,104.45999908447266,447596.0
2024-07-23T11:30:00-04:00,104.52999877929688,105.45999908447266,104.08999633789062,104.86000061035156,396719.0
2024-07-23T12:30:00-04:00,104.76000213623047,104.86000061035156,104.12999725341797,104.54000091552734,251837.0
2024-07-23T13:30:00-04:00,104.54000091552734,105.20330047607422,104.36000061035156,104.56999969482422,444317.0
2024-07-23T14:30:00-04:00,104.6449966430664,105.65499877929688,104.5,105.30000305175781,430106.0
2024-07-23T15:30:00-04:00,105.27999877929688,105.27999877929688,103.55999755859375,103.58999633789062,769631.0
2024-07-24T09:30:00-04:00,109.5,114.4800033569336,107.55999755859375,113.79000091552734,3358920.0
2024-07-24T10:30:00-04:00,113.61000061035156,117.31999969482422,113.0,117.05000305175781,2098823.0
2024-07-24T11:30:00-04:00,117.0999984741211,120.18000030517578,116.7699966430664,116.77179718017578,2898323.0
2024-07-24T12:30:00-04:00,116.78790283203125,117.82990264892578,114.11000061035156,115.0999984741211,1811584.0
2024-07-24T13:30:00-04:00,115.05999755859375,118.30999755859375,115.0,116.86499786376953,1170009.0
2024-07-24T14:30:00-04:00,116.86000061035156,117.80000305175781,116.25,117.33999633789062,1168381.0
2024-07-24T15:30:00-04:00,117.2699966430664,118.75,116.77999877929688,116.88999938964844,1756855.0
2024-07-25T09:30:00-04:00,116.0,119.44000244140625,115.4800033569336,119.38500213623047,1232184.0
2024-07-25T10:30:00-04:00,119.26000213623047,119.94000244140625,116.61000061035156,117.06500244140625,588233.0
2024-07-25T11:30:00-04:00,117.06999969482422,119.61000061035156,116.61000061035156,119.33999633789062,484046.0
2024-07-25T12:30:00-04:00,119.2699966430664,119.94999694824219,118.72000122070312,118.98999786376953,481135.0
2024-07-25T13:30:00-04:00,119.0,121.0,118.76000213623047,120.45999908447266,511595.0
2024-07-25T14:30:00-04:00,120.45999908447266,120.69000244140625,118.4000015258789,119.30000305175781,658269.0
2024-07-25T15:30:00-04:00,119.3550033569336,119.63999938964844,117.5,117.56999969482422,877626.0
2024-07-26T09:30:00-04:00,120.30999755859375,121.4000015258789,117.23999786376953,118.5199966430664,756219.0
2024-07-26T10:30:00-04:00,118.63999938964844,120.4800033569336,117.75,120.19000244140625,422673.0
2024-07-26T11:30:00-04:00,120.09500122070312,122.94999694824219,119.98300170898438,122.1500015258789,605272.0
2024-07-26T12:30:00-04:00,122.1500015258789,122.30000305175781,120.23999786376953,121.02999877929688,317334.0
2024-07-26T13:30:00-04:00,121.05000305175781,121.20999908447266,118.88999938964844,119.18000030517578,358287.0
2024-07-26T14:30:00-04:00,119.2699966430664,119.5,118.08000183105469,119.33000183105469,375703.0
2024-07-26T15:30:00-04:00,119.33999633789062,119.43000030517578,118.4800033569336,119.38999938964844,532033.0
2024-07-29T09:30:00-04:00,119.1500015258789,120.98989868164062,117.16000366210938,118.19000244140625,757051.0
2024-07-29T10:30:00-04:00,118.19000244140625,118.19000244140625,116.62000274658203,116.66000366210938,464583.0
2024-07-29T11:30:00-04:00,116.86000061035156,117.27989959716797,115.11000061035156,115.57499694824219,998524.0
2024-07-29T12:30:00-04:00,115.62000274658203,115.62000274658203,114.2300033569336,114.4800033569336,455059.0
2024-07-29T13:30:00-04:00,114.40499877929688,114.76000213623047,112.93000030517578,113.5999984741211,532542.0
2024-07-29T14:30:00-04:00,113.5999984741211,114.23999786376953,112.9000015258789,113.027099609375,494297.0
2024-07-29T15:30:00-04:00,113.04000091552734,114.69999694824219,113.04000091552734,113.66000366210938,595815.0
2024-07-30T09:30:00-04:00,114.01000213623047,114.22000122070312,111.12000274658203,111.80999755859375,782907.0
2024-07-30T10:30:00-04:00,111.72000122070312,112.69999694824219,109.9000015258789,111.29000091552734,552221.0
2024-07-30T11:30:00-04:00,111.22000122070312,111.5999984741211,109.79000091552734,110.33999633789062,399147.0
2024-07-30T12:30:00-04:00,110.29499816894531,111.19999694824219,109.41000366210938,110.91999816894531,369657.0
2024-07-30T13:30:00-04:00,110.91999816894531,111.29000091552734,110.19999694824219,110.48999786376953,259151.0
2024-07-30T14:30:00-04:00,110.49510192871094,110.83999633789062,109.9000015258789,109.94999694824219,322641.0
2024-07-30T15:30:00-04:00,109.94999694824219,110.37999725341797,109.2300033569336,109.33999633789062,654228.0
2024-07-31T09:30:00-04:00,111.37000274658203,114.01000213623047,110.06999969482422,112.93499755859375,607046.0
2024-07-31T10:30:00-04:00,113.00499725341797,114.7300033569336,112.86489868164062,113.91500091552734,420570.0
2024-07-31T11:30:00-04:00,113.91500091552734,114.69000244140625,113.64179992675781,114.385498046875,237720.0
2024-07-31T12:30:00-04:00,114.17839813232422,116.07499694824219,114.17839813232422,114.60009765625,422273.0
2024-07-31T13:30:00-04:00,114.5999984741211,114.98999786376953,113.83000183105469,114.23320007324219,263393.0
2024-07-31T14:30:00-04:00,114.25,118.58999633789062,114.19000244140625,115.43499755859375,701283.0
2024-07-31T15:30:00-04:00,115.4000015258789,116.37000274658203,114.7750015258789,115.11000061035156,592481.0
2024-08-01T09:30:00-04:00,115.7699966430664,118.27999877929688,113.08999633789062,113.40799713134766,780815.0
2024-08-01T10:30:00-04:00,113.47219848632812,113.62999725341797,112.41999816894531,112.98999786376953,342840.0
2024-08-01T11:30:00-04:00,112.93000030517578,113.62000274658203,111.45999908447266,112.77050018310547,338612.0
2024-08-01T12:30:00-04:00,112.75,112.91000366210938,109.80500030517578,110.16999816894531,338602.0
2024-08-01T13:30:00-04:00,110.16999816894531,111.2957992553711,109.8499984741211,109.8499984741211,238269.0
2024-08-01T14:30:00-04:00,109.80599975585938,110.37969970703125,109.04000091552734,110.29000091552734,406568.0
2024-08-01T15:30:00-04:00,110.3499984741211,110.47000122070312,109.44499969482422,109.66999816894531,566518.0
2024-08-02T09:30:00-04:00,105.01000213623047,108.47000122070312,104.4000015258789,106.0199966430664,653232.0
2024-08-02T10:30:00-04:00,106.0,106.82499694824219,105.54000091552734,106.09500122070312,322119.0
2024-08-02T11:30:00-04:00,106.18000030517578,107.77999877929688,105.8499984741211,106.05000305175781,212113.0
2024-08-02T12:30:00-04:00,105.94999694824219,106.09989929199219,103.93000030517578,104.08000183105469,290096.0
2024-08-02T13:30:00-04:00,104.11000061035156,104.26000213623047,103.30999755859375,104.22720336914062,226571.0
2024-08-02T14:30:00-04:00,104.19000244140625,104.66829681396484,103.69049835205078,104.47270202636719,267665.0
2024-08-02T15:30:00-04:00,104.51000213623047,105.25,104.33000183105469,105.19000244140625,652401.0
2024-08-05T09:30:00-04:00,98.5,104.16000366210938,96.77999877929688,102.04000091552734,1286170.0
2024-08-05T10:30:00-04:00,102.27999877929688,106.37000274658203,101.98999786376953,105.94499969482422,421691.0
2024-08-05T11:30:00-04:00,105.82499694824219,108.45999908447266,105.55999755859375,108.30999755859375,504093.0
2024-08-05T12:30:00-04:00,108.36000061035156,108.43000030517578,104.73100280761719,105.27999877929688,418979.0
2024-08-05T13:30:00-04:00,105.37000274658203,106.1365966796875,104.08999633789062,104.44999694824219,236950.0
2024-08-05T14:30:00-04:00,104.44999694824219,104.6500015258789,102.93000030517578,103.51000213623047,293993.0
2024-08-05T15:30:00-04:00,103.56999969482422,103.73500061035156,102.5999984741211,103.36000061035156,489333.0
2024-08-06T09:30:00-04:00,102.63999938964844,104.18000030517578,101.19000244140625,103.35399627685547,532959.0
2024-08-06T10:30:00-04:00,103.43000030517578,104.85820007324219,102.0,102.16999816894531,246963.0
2024-08-06T11:30:00-04:00,102.04000091552734,102.81089782714844,101.67500305175781,101.81999969482422,334655.0
2024-08-06T12:30:00-04:00,101.83000183105469,102.5,101.44999694824219,102.31999969482422,291697.0
2024-08-06T13:30:00-04:00,102.4000015258789,103.20999908447266,101.91000366210938,103.18000030517578,200886.0
2024-08-06T14:30:00-04:00,103.18000030517578,103.23999786376953,100.80000305175781,102.01499938964844,343135.0
2024-08-06T15:30:00-04:00,101.98999786376953,102.20999908447266,101.44000244140625,101.52999877929688,494609.0
2024-08-07T09:30:00-04:00,107.0,108.4000015258789,106.19000244140625,107.44499969482422,822147.0
2024-08-07T10:30:00-04:00,107.44499969482422,108.83999633789062,106.95999908447266,108.0199966430664,412934.0
2024-08-07T11:30:00-04:00,108.05999755859375,108.2699966430664,106.08000183105469,107.12999725341797,329379.0
2024-08-07T12:30:00-04:00,107.06999969482422,107.37999725341797,105.31999969482422,106.30000305175781,320443.0
2024-08-07T13:30:00-04:00,106.30999755859375,106.75,104.43000030517578,104.93009948730469,358463.0
2024-08-07T14:30:00-04:00,104.95999908447266,105.87000274658203,104.2300033569336,104.93499755859375,242055.0
2024-08-07T15:30:00-04:00,104.93499755859375,105.2699966430664,103.21089935302734,103.41999816894531,515141.0
2024-08-08T09:30:00-04:00,102.94000244140625,107.33000183105469,102.66999816894531,107.25,608888.0
2024-08-08T10:30:00-04:00,107.33999633789062,108.4000015258789,106.75,107.80999755859375,424923.0
2024-08-08T11:30:00-04:00,107.75,108.72000122070312,107.69999694824219,108.01000213623047,285542.0
2024-08-08T12:30:00-04:00,108.05000305175781,109.12999725341797,107.46009826660156,109.08999633789062,292098.0
2024-08-08T13:30:00-04:00,109.04000091552734,109.25,108.66999816894531,109.12000274658203,232183.0
2024-08-08T14:30:00-04:00,109.02999877929688,109.30000305175781,108.19000244140625,108.2699966430664,303597.0
2024-08-08T15:30:00-04:00,108.2699966430664,108.9800033569336,108.0999984741211,108.87000274658203,643877.0
2024-08-09T09:30:00-04:00,108.5,108.5,105.56999969482422,106.0,623404.0
2024-08-09T10:30:00-04:00,105.99500274658203,106.61000061035156,105.12000274658203,105.45999908447266,356715.0
2024-08-09T11:30:00-04:00,105.48999786376953,106.41999816894531,105.30000305175781,106.4000015258789,164566.0
2024-08-09T12:30:00-04:00,106.38999938964844,107.58999633789062,105.7699966430664,107.57499694824219,227803.0
2024-08-09T13:30:00-04:00,107.6500015258789,107.90989685058594,106.94499969482422,107.19000244140625,148119.0
2024-08-09T14:30:00-04:00,107.24500274658203,108.80000305175781,107.13999938964844,108.69000244140625,265663.0
2024-08-09T15:30:00-04:00,108.66000366210938,108.7699966430664,107.31999969482422,107.80999755859375,388625.0
2024-08-12T09:30:00-04:00,107.86000061035156,109.80989837646484,107.09010314941406,108.83000183105469,401483.0
2024-08-12T10:30:00-04:00,108.70500183105469,109.34249877929688,107.91000366210938,108.62000274658203,177080.0
2024-08-12T11:30:00-04:00,108.48999786376953,109.79000091552734,108.19999694824219,109.20999908447266,195013.0
2024-08-12T12:30:00-04:00,109.21499633789062,109.5,108.05999755859375,108.55999755859375,194101.0
2024-08-12T13:30:00-04:00,108.58999633789062,109.17990112304688,108.41999816894531,108.98999786376953,189326.0
2024-08-12T14:30:00-04:00,108.94999694824219,108.97000122070312,108.50499725341797,108.83000183105469,129228.0
2024-08-12T15:30:00-04:00,108.81999969482422,109.18000030517578,108.5199966430664,109.16999816894531,271304.0
2024-08-13T09:30:00-04:00,110.0,111.75,109.4000015258789,110.7300033569336,449816.0
2024-08-13T10:30:00-04:00,110.79000091552734,110.81999969482422,109.69999694824219,110.27999877929688,161137.0
2024-08-13T11:30:00-04:00,110.25,111.98999786376953,110.25,111.60070037841797,196730.0
2024-08-13T12:30:00-04:00,111.52999877929688,112.68000030517578,111.5,112.2750015258789,149884.0
2024-08-13T13:30:00-04:00,112.27999877929688,112.56999969482422,111.62999725341797,112.05500030517578,150304.0
2024-08-13T14:30:00-04:00,112.05500030517578,112.37000274658203,111.62000274658203,112.12999725341797,132909.0
2024-08-13T15:30:00-04:00,112.18000030517578,112.70999908447266,111.79000091552734,112.55000305175781,308961.0
2024-08-14T09:30:00-04:00,113.01000213623047,113.1500015258789,109.2699966430664,110.3499984741211,426764.0
2024-08-14T10:30:00-04:00,110.44000244140625,111.46099853515625,109.87770080566406,111.29000091552734,182587.0
2024-08-14T11:30:00-04:00,111.36000061035156,111.70999908447266,110.37999725341797,110.7750015258789,190316.0
2024-08-14T12:30:00-04:00,110.81500244140625,111.0,110.23500061035156,110.69000244140625,89819.0
2024-08-14T13:30:00-04:00,110.69000244140625,110.95500183105469,110.41000366210938,110.83999633789062,111103.0
2024-08-14T14:30:00-04:00,110.75499725341797,111.69000244140625,110.69000244140625,110.92500305175781,145559.0
2024-08-14T15:30:00-04:00,110.95500183105469,111.73999786376953,110.87000274658203,111.22000122070312,224718.0
2024-08-15T09:30:00-04:00,113.51000213623047,114.72000122070312,112.41000366210938,114.41000366210938,427038.0
2024-08-15T10:30:00-04:00,114.38999938964844,115.66999816894531,113.78500366210938,115.46499633789062,205873.0
2024-08-15T11:30:00-04:00,115.44000244140625,118.31999969482422,115.30149841308594,118.12000274658203,387937.0
2024-08-15T12:30:00-04:00,118.16000366210938,119.12989807128906,117.2239990234375,118.93000030517578,300288.0
2024-08-15T13:30:00-04:00,118.83000183105469,119.69999694824219,118.56999969482422,118.75,287267.0
2024-08-15T14:30:00-04:00,118.69000244140625,118.97000122070312,118.33999633789062,118.62999725341797,260855.0
2024-08-15T15:30:00-04:00,118.61000061035156,118.61000061035156,116.80000305175781,117.13999938964844,616941.0
2024-08-16T09:30:00-04:00,116.0999984741211,117.77989959716797,115.5199966430664,116.35209655761719,356350.0
2024-08-16T10:30:00-04:00,116.26000213623047,116.58999633789062,115.33699798583984,115.43000030517578,166981.0
2024-08-16T11:30:00-04:00,115.47000122070312,116.19000244140625,115.2750015258789,115.97000122070312,117257.0
2024-08-16T12:30:00-04:00,115.83999633789062,116.41000366210938,115.4000015258789,116.41000366210938,145473.0
2024-08-16T13:30:00-04:00,116.45999908447266,116.5,115.33999633789062,115.66999816894531,131220.0
2024-08-16T14:30:00-04:00,115.69999694824219,116.29000091552734,115.4000015258789,116.23500061035156,112214.0
2024-08-16T15:30:00-04:00,116.19999694824219,116.58999633789062,116.01499938964844,116.4000015258789,203003.0
2024-08-19T09:30:00-04:00,116.13500213623047,119.0,115.93000030517578,119.0,353817.0
2024-08-19T10:30:00-04:00,119.12999725341797,120.80000305175781,118.69999694824219,120.57499694824219,298924.0
2024-08-19T11:30:00-04:00,120.58499908447266,120.66000366210938,119.16000366210938,119.41999816894531,206394.0
2024-08-19T12:30:00-04:00,119.31999969482422,119.88999938964844,119.27999877929688,119.66999816894531,97960.0
2024-08-19T13:30:00-04:00,119.69999694824219,120.30999755859375,119.62999725341797,120.25499725341797,114121.0
2024-08-19T14:30:00-04:00,120.19999694824219,120.79000091552734,120.0000991821289,120.12000274658203,227463.0
2024-08-19T15:30:00-04:00,120.08000183105469,120.18000030517578,119.04000091552734,119.7300033569336,333474.0
2024-08-20T09:30:00-04:00,118.72000122070312,119.94999694824219,116.8499984741211,116.97000122070312,222219.0
2024-08-20T10:30:00-04:00,117.02999877929688,117.22989654541016,116.18000030517578,116.94999694824219,171078.0
2024-08-20T11:30:00-04:00,117.0199966430664,118.05999755859375,116.94000244140625,117.48500061035156,124118.0
2024-08-20T12:30:00-04:00,117.48999786376953,117.91000366210938,117.05999755859375,117.125,68603.0
2024-08-20T13:30:00-04:00,117.08999633789062,117.88990020751953,117.05000305175781,117.62999725341797,77000.0
2024-08-20T14:30:00-04:00,117.58999633789062,117.94000244140625,117.3499984741211,117.52999877929688,70018.0
2024-08-20T15:30:00-04:00,117.5999984741211,117.65499877929688,116.93000030517578,116.97930145263672,150950.0
2024-08-21T09:30:00-04:00,118.5,119.39990234375,117.26000213623047,118.13999938964844,304730.0
2024-08-21T10:30:00-04:00,118.01000213623047,119.84030151367188,118.01000213623047,119.13999938964844,258463.0
2024-08-21T11:30:00-04:00,119.08499908447266,119.08499908447266,118.31999969482422,118.60079956054688,154834.0
2024-08-21T12:30:00-04:00,118.54000091552734,118.72000122070312,118.01000213623047,118.36990356445312,88196.0
2024-08-21T13:30:00-04:00,118.25,119.0,118.2300033569336,118.95999908447266,136911.0
2024-08-21T14:30:00-04:00,119.02999877929688,119.26799774169922,118.05010223388672,118.59500122070312,115677.0
2024-08-21T15:30:00-04:00,118.58999633789062,119.44000244140625,118.54000091552734,119.3499984741211,303773.0
2024-08-22T09:30:00-04:00,118.37999725341797,119.7699966430664,116.73999786376953,117.19000244140625,243939.0
2024-08-22T10:30:00-04:00,117.24250030517578,117.31999969482422,115.7699966430664,116.11499786376953,173831.0
2024-08-22T11:30:00-04:00,116.08999633789062,116.63999938964844,115.4198989868164,116.55999755859375,101998.0
2024-08-22T12:30:00-04:00,116.52999877929688,116.55999755859375,115.6177978515625,115.72000122070312,77653.0
2024-08-22T13:30:00-04:00,115.70500183105469,116.27999877929688,115.30000305175781,116.27999877929688,100472.0
2024-08-22T14:30:00-04:00,116.23999786376953,116.95860290527344,116.23999786376953,116.4000015258789,122969.0
2024-08-22T15:30:00-04:00,116.37999725341797,116.43499755859375,115.19999694824219,115.54000091552734,289805.0
2024-08-23T09:30:00-04:00,117.0999984741211,121.7061996459961,116.63999938964844,121.69999694824219,498311.0
2024-08-23T10:30:00-04:00,121.6500015258789,122.54170227050781,119.75499725341797,121.71499633789062,508159.0
2024-08-23T11:30:00-04:00,121.7699966430664,122.14990234375,120.66999816894531,121.38500213623047,210944.0
2024-08-23T12:30:00-04:00,121.38999938964844,124.05000305175781,120.72000122070312,123.8499984741211,356532.0
2024-08-23T13:30:00-04:00,123.9000015258789,124.20999908447266,123.51000213623047,123.70999908447266,256277.0
2024-08-23T14:30:00-04:00,123.55500030517578,123.83100128173828,122.69999694824219,123.80000305175781,202554.0
2024-08-23T15:30:00-04:00,123.76000213623047,123.87000274658203,122.25,123.05999755859375,455735.0
2024-08-26T09:30:00-04:00,125.16000366210938,130.0800018310547,125.12999725341797,127.83999633789062,1251169.0
2024-08-26T10:30:00-04:00,127.94000244140625,128.58999633789062,126.9000015258789,127.80000305175781,345879.0
2024-08-26T11:30:00-04:00,127.63999938964844,127.71399688720703,125.1500015258789,126.04000091552734,329200.0
2024-08-26T12:30:00-04:00,126.11000061035156,126.23100280761719,124.16999816894531,124.54000091552734,269725.0
2024-08-26T13:30:00-04:00,124.62999725341797,125.0,123.56999969482422,124.29000091552734,160891.0
2024-08-26T14:30:00-04:00,124.30999755859375,124.65989685058594,123.75,123.75,173956.0
2024-08-26T15:30:00-04:00,123.69999694824219,123.77999877929688,122.45999908447266,122.58999633789062,364957.0
2024-08-27T09:30:00-04:00,121.94999694824219,122.9999008178711,118.4749984741211,120.2750015258789,478539.0
2024-08-27T10:30:00-04:00,120.30400085449219,121.27999877929688,118.7300033569336,119.12000274658203,340403.0
2024-08-27T11:30:00-04:00,119.05000305175781,120.58999633789062,118.6050033569336,120.5071029663086,324033.0
2024-08-27T12:30:00-04:00,120.51000213623047,121.92729949951172,120.2343978881836,121.52999877929688,148884.0
2024-08-27T13:30:00-04:00,121.54119873046875,121.78990173339844,121.05000305175781,121.43000030517578,131834.0
2024-08-27T14:30:00-04:00,121.36000061035156,122.35600280761719,121.12000274658203,122.35600280761719,154428.0
2024-08-27T15:30:00-04:00,122.27999877929688,122.77999877929688,122.13999938964844,122.52999877929688,262609.0
2024-08-28T09:30:00-04:00,122.20999908447266,125.73999786376953,122.19999694824219,123.83999633789062,471962.0
2024-08-28T10:30:00-04:00,123.83499908447266,124.13999938964844,121.6686019897461,122.69000244140625,285838.0
2024-08-28T11:30:00-04:00,122.69000244140625,124.08930206298828,122.38999938964844,122.79499816894531,211661.0
2024-08-28T12:30:00-04:00,122.83000183105469,124.34600067138672,122.74340057373047,123.05000305175781,217780.0
2024-08-28T13:30:00-04:00,123.0,123.76000213623047,122.12000274658203,122.73999786376953,215021.0
2024-08-28T14:30:00-04:00,122.87999725341797,124.55500030517578,122.87999725341797,124.38999938964844,245181.0
2024-08-28T15:30:00-04:00,124.30999755859375,124.40499877929688,123.58000183105469,123.6500015258789,341754.0
2024-08-29T09:30:00-04:00,123.18000030517578,123.5999984741211,121.02999877929688,123.58000183105469,329402.0
2024-08-29T10:30:00-04:00,123.15499877929688,124.48999786376953,122.19400024414062,122.56500244140625,157142.0
2024-08-29T11:30:00-04:00,122.5291976928711,123.43000030517578,122.5291976928711,123.4000015258789,106232.0
2024-08-29T12:30:00-04:00,123.36000061035156,123.54000091552734,122.53089904785156,123.5250015258789,122789.0
2024-08-29T13:30:00-04:00,123.44999694824219,124.5,122.93470001220703,123.16000366210938,115132.0
2024-08-29T14:30:00-04:00,123.13500213623047,123.23999786376953,121.5,122.37079620361328,338389.0
2024-08-29T15:30:00-04:00,122.44000244140625,122.67990112304688,121.01000213623047,121.30000305175781,281522.0
2024-08-30T09:30:00-04:00,121.30999755859375,121.99800109863281,120.40249633789062,120.62000274658203,162105.0
2024-08-30T10:30:00-04:00,120.77999877929688,121.25,119.13999938964844,119.31999969482422,128526.0
2024-08-30T11:30:00-04:00,119.27999877929688,120.72000122070312,118.9000015258789,119.94000244140625,155627.0
2024-08-30T12:30:00-04:00,119.73999786376953,120.41999816894531,119.61009979248047,119.87999725341797,70390.0
2024-08-30T13:30:00-04:00,119.88999938964844,120.38999938964844,119.56999969482422,119.7300033569336,98727.0
2024-08-30T14:30:00-04:00,119.69999694824219,121.05989837646484,119.69000244140625,120.9800033569336,133649.0
2024-08-30T15:30:00-04:00,121.04000091552734,121.45899963378906,120.3499984741211,121.04000091552734,305563.0
2024-09-03T09:30:00-04:00,118.57240295410156,119.27999877929688,113.98999786376953,114.50499725341797,570063.0
2024-09-03T10:30:00-04:00,114.5,115.37000274658203,114.1500015258789,114.62000274658203,295762.0
2024-09-03T11:30:00-04:00,114.57499694824219,114.62999725341797,113.38500213623047,113.9000015258789,209723.0
2024-09-03T12:30:00-04:00,113.86000061035156,114.33000183105469,113.5199966430664,114.14700317382812,152465.0
2024-09-03T13:30:00-04:00,114.16500091552734,114.16500091552734,112.62000274658203,112.76499938964844,167575.0
2024-09-03T14:30:00-04:00,112.80999755859375,113.12000274658203,112.63999938964844,112.94999694824219,235852.0
2024-09-03T15:30:00-04:00,113.0199966430664,113.18900299072266,112.3499984741211,112.87999725341797,410231.0
2024-09-04T09:30:00-04:00,112.51439666748047,115.05500030517578,111.7750015258789,113.6500015258789,282908.0
2024-09-04T10:30:00-04:00,113.68000030517578,114.83999633789062,113.16999816894531,113.16999816894531,166374.0
2024-09-04T11:30:00-04:00,113.0,113.44000244140625,112.5999984741211,113.3499984741211,94953.0
2024-09-04T12:30:00-04:00,113.3499984741211,113.69000244140625,112.88999938964844,113.16000366210938,57496.0
2024-09-04T13:30:00-04:00,113.13999938964844,113.47000122070312,112.76000213623047,113.47000122070312,104324.0
2024-09-04T14:30:00-04:00,113.44999694824219,113.44999694824219,112.20809936523438,112.56999969482422,145999.0
2024-09-04T15:30:00-04:00,112.61499786376953,113.37999725341797,112.20999908447266,113.08000183105469,286770.0
2024-09-05T09:30:00-04:00,113.73999786376953,114.66089630126953,112.80999755859375,113.13999938964844,181670.0
2024-09-05T10:30:00-04:00,113.13999938964844,113.75,112.57550048828125,112.57550048828125,118718.0
2024-09-05T11:30:00-04:00,112.58499908447266,113.8499984741211,112.30000305175781,113.8499984741211,97828.0
2024-09-05T12:30:00-04:00,113.83999633789062,114.01499938964844,112.81500244140625,112.97989654541016,83990.0
2024-09-05T13:30:00-04:00,112.87999725341797,113.62000274658203,112.76000213623047,113.16999816894531,83488.0
2024-09-05T14:30:00-04:00,113.13500213623047,113.41999816894531,111.91999816894531,112.47000122070312,175135.0
2024-09-05T15:30:00-04:00,112.3499984741211,112.44999694824219,111.63999938964844,112.0999984741211,260898.0
2024-09-06T09:30:00-04:00,113.02999877929688,113.64990234375,109.47010040283203,109.7699966430664,263168.0
2024-09-06T10:30:00-04:00,109.68499755859375,111.61499786376953,109.56999969482422,109.7750015258789,172274.0
2024-09-06T11:30:00-04:00,110.0,110.0,108.58000183105469,108.58000183105469,173308.0
2024-09-06T12:30:00-04:00,108.62999725341797,109.61000061035156,108.16899871826172,109.1500015258789,172935.0
2024-09-06T13:30:00-04:00,109.0,109.02999877929688,108.05000305175781,108.2300033569336,123543.0
2024-09-06T14:30:00-04:00,108.23999786376953,109.19000244140625,107.94999694824219,109.06999969482422,176202.0
2024-09-06T15:30:00-04:00,109.05999755859375,109.16100311279297,108.2699966430664,108.62000274658203,317752.0
2024-09-09T09:30:00-04:00,109.08000183105469,109.86990356445312,108.20999908447266,109.47000122070312,457162.0
2024-09-09T10:30:00-04:00,109.47000122070312,109.47000122070312,105.79000091552734,105.9000015258789,273705.0
2024-09-09T11:30:00-04:00,105.86000061035156,106.26899719238281,105.38999938964844,106.12999725341797,203177.0
2024-09-09T12:30:00-04:00,106.25599670410156,106.67520141601562,105.9010009765625,106.44000244140625,134308.0
2024-09-09T13:30:00-04:00,106.44000244140625,106.5198974609375,104.83000183105469,104.94499969482422,254655.0
2024-09-09T14:30:00-04:00,104.8499984741211,104.91999816894531,102.92960357666016,103.44000244140625,375270.0
2024-09-09T15:30:00-04:00,103.37000274658203,103.4000015258789,102.11000061035156,103.08999633789062,592495.0
2024-09-10T09:30:00-04:00,103.37999725341797,104.81999969482422,102.27999877929688,103.20500183105469,397274.0
2024-09-10T10:30:00-04:00,103.31999969482422,103.58989715576172,102.08999633789062,102.12000274658203,180938.0
2024-09-10T11:30:00-04:00,102.22250366210938,102.22250366210938,100.4800033569336,100.74500274658203,333396.0
2024-09-10T12:30:00-04:00,100.75499725341797,102.54000091552734,100.54029846191406,102.21549987792969,216805.0
2024-09-10T13:30:00-04:00,102.18000030517578,103.2300033569336,102.1500015258789,103.16000366210938,139812.0
2024-09-10T14:30:00-04:00,103.16000366210938,103.54000091552734,102.75499725341797,103.36000061035156,212884.0
2024-09-10T15:30:00-04:00,103.38999938964844,104.69000244140625,103.22000122070312,104.63999938964844,494194.0
2024-09-11T09:30:00-04:00,108.20999908447266,109.7699966430664,107.0199966430664,107.8550033569336,1284004.0
2024-09-11T10:30:00-04:00,107.8550033569336,108.7300033569336,106.9000015258789,108.61499786376953,573961.0
2024-09-11T11:30:00-04:00,108.68000030517578,110.66000366210938,108.41000366210938,109.4000015258789,521327.0
2024-09-11T12:30:00-04:00,109.41010284423828,109.70999908447266,107.3270034790039,108.69000244140625,270257.0
2024-09-11T13:30:00-04:00,108.7300033569336,109.36000061035156,108.12999725341797,109.30000305175781,227344.0
2024-09-11T14:30:00-04:00,109.25,111.26000213623047,109.25,110.41000366210938,457540.0
2024-09-11T15:30:00-04:00,110.45500183105469,110.76000213623047,109.1531982421875,110.5999984741211,547188.0
2024-09-12T09:30:00-04:00,110.41999816894531,110.41999816894531,107.75,109.0250015258789,379676.0
2024-09-12T10:30:00-04:00,109.1050033569336,109.41999816894531,107.69000244140625,108.13999938964844,342222.0
2024-09-12T11:30:00-04:00,108.0199966430664,108.51000213623047,106.75,107.82720184326172,257416.0
2024-09-12T12:30:00-04:00,107.80999755859375,107.80999755859375,106.9520034790039,107.11990356445312,175871.0
2024-09-12T13:30:00-04:00,107.0999984741211,107.77400207519531,106.63999938964844,107.63999938964844,248062.0
2024-09-12T14:30:00-04:00,107.66000366210938,107.87090301513672,106.58000183105469,106.84500122070312,206259.0
2024-09-12T15:30:00-04:00,106.7699966430664,106.81999969482422,105.55000305175781,105.83000183105469,476300.0
2024-09-13T09:30:00-04:00,107.5,109.9800033569336,107.38500213623047,108.24009704589844,689420.0
2024-09-13T10:30:00-04:00,108.44000244140625,109.3499984741211,107.38079833984375,108.69000244140625,359539.0
2024-09-13T11:30:00-04:00,108.75,110.44000244140625,108.71499633789062,109.59500122070312,246936.0
2024-09-13T12:30:00-04:00,109.56999969482422,109.875,109.0999984741211,109.27999877929688,153210.0
2024-09-13T13:30:00-04:00,109.25499725341797,109.8499984741211,108.69000244140625,108.69999694824219,168722.0
2024-09-13T14:30:00-04:00,108.6500015258789,108.8550033569336,108.05000305175781,108.31500244140625,177208.0
2024-09-13T15:30:00-04:00,108.30000305175781,109.94000244140625,108.2699966430664,109.94000244140625,343159.0
2024-09-16T09:30:00-04:00,109.36000061035156,111.66999816894531,108.19000244140625,108.31109619140625,347028.0
2024-09-16T10:30:00-04:00,108.51000213623047,110.68000030517578,107.72000122070312,110.13999938964844,265157.0
2024-09-16T11:30:00-04:00,110.05999755859375,111.47989654541016,109.83999633789062,111.3949966430664,127045.0
2024-09-16T12:30:00-04:00,111.4800033569336,111.72000122070312,110.02999877929688,110.5250015258789,125798.0
2024-09-16T13:30:00-04:00,110.49839782714844,111.68669891357422,110.4800033569336,111.625,170728.0
2024-09-16T14:30:00-04:00,111.69000244140625,112.76499938964844,111.55999755859375,112.18499755859375,246269.0
2024-09-16T15:30:00-04:00,112.01899719238281,112.08000183105469,111.12010192871094,111.52999877929688,304032.0
2024-09-17T09:30:00-04:00,112.04000091552734,116.90859985351562,111.09519958496094,115.94000244140625,657466.0
2024-09-17T10:30:00-04:00,115.86000061035156,118.08999633789062,115.69999694824219,117.18499755859375,508745.0
2024-09-17T11:30:00-04:00,117.12999725341797,118.69499969482422,116.80000305175781,117.4800033569336,447892.0
2024-09-17T12:30:00-04:00,117.45999908447266,117.87000274658203,115.52999877929688,116.63999938964844,491122.0
2024-09-17T13:30:00-04:00,116.62999725341797,116.80500030517578,115.28600311279297,116.07559967041016,285480.0
2024-09-17T14:30:00-04:00,116.01000213623047,117.4000015258789,115.8427963256836,117.00499725341797,276619.0
2024-09-17T15:30:00-04:00,116.94999694824219,118.58999633789062,116.69999694824219,118.55999755859375,514961.0
2024-09-18T09:30:00-04:00,118.6500015258789,121.66999816894531,118.58999633789062,120.7249984741211,717085.0
2024-09-18T10:30:00-04:00,120.73999786376953,120.9800033569336,119.17009735107422,119.73999786376953,432130.0
2024-09-18T11:30:00-04:00,119.7300033569336,120.77999877929688,119.26000213623047,120.70500183105469,205697.0
2024-09-18T12:30:00-04:00,120.70500183105469,120.70500183105469,119.52999877929688,120.44000244140625,188447.0
2024-09-18T13:30:00-04:00,120.6500015258789,124.88999938964844,120.375,124.18009948730469,727714.0
2024-09-18T14:30:00-04:00,124.30999755859375,126.19000244140625,120.30000305175781,122.22000122070312,1002821.0
2024-09-18T15:30:00-04:00,122.23999786376953,122.5199966430664,119.66000366210938,119.72000122070312,596213.0
2024-09-19T09:30:00-04:00,124.0,124.22000122070312,120.13790130615234,120.69999694824219,801293.0
2024-09-19T10:30:00-04:00,120.9800033569336,121.85990142822266,120.69999694824219,121.625,228420.0
2024-09-19T11:30:00-04:00,121.69999694824219,122.61000061035156,120.93000030517578,122.3373031616211,197024.0
2024-09-19T12:30:00-04:00,122.26000213623047,122.37000274658203,120.7240982055664,120.97000122070312,140901.0
2024-09-19T13:30:00-04:00,121.01000213623047,121.01000213623047,118.61000061035156,119.27999877929688,244738.0
2024-09-19T14:30:00-04:00,119.13999938964844,119.35749816894531,117.02999877929688,117.36000061035156,326373.0
2024-09-19T15:30:00-04:00,117.33999633789062,117.5999984741211,116.92500305175781,117.4000015258789,355491.0
2024-09-20T09:30:00-04:00,117.30000305175781,117.94400024414062,113.76000213623047,114.63999938964844,813208.0
2024-09-20T10:30:00-04:00,114.66200256347656,115.08000183105469,113.04000091552734,113.38500213623047,321794.0
2024-09-20T11:30:00-04:00,113.31999969482422,114.94940185546875,113.26499938964844,114.30010223388672,332963.0
2024-09-20T12:30:00-04:00,114.375,115.11499786376953,113.72000122070312,114.08100128173828,247340.0
2024-09-20T13:30:00-04:00,114.11000061035156,114.54000091552734,113.81999969482422,114.38999938964844,241088.0
2024-09-20T14:30:00-04:00,114.38999938964844,115.20999908447266,114.29499816894531,115.05999755859375,185559.0
2024-09-20T15:30:00-04:00,115.01000213623047,115.62989807128906,114.6449966430664,114.9000015258789,412996.0
2024-09-23T09:30:00-04:00,115.38999938964844,115.55999755859375,112.87999725341797,114.6449966430664,337284.0
2024-09-23T10:30:00-04:00,114.66999816894531,114.91000366210938,113.80000305175781,114.4000015258789,187568.0
2024-09-23T11:30:00-04:00,114.43000030517578,115.38990020751953,113.84500122070312,114.125,131961.0
2024-09-23T12:30:00-04:00,113.9800033569336,116.42500305175781,113.70999908447266,116.27999877929688,196465.0
2024-09-23T13:30:00-04:00,116.30999755859375,116.5,115.01000213623047,116.2699966430664,267185.0
2024-09-23T14:30:00-04:00,116.18000030517578,116.76000213623047,115.78009796142578,116.6449966430664,185843.0
2024-09-23T15:30:00-04:00,116.58999633789062,117.18000030517578,116.15499877929688,117.02999877929688,321130.0
2024-09-24T09:30:00-04:00,117.19000244140625,118.125,114.80000305175781,115.04499816894531,391443.0
2024-09-24T10:30:00-04:00,114.91999816894531,116.41999816894531,114.68000030517578,115.95999908447266,231124.0
2024-09-24T11:30:00-04:00,116.09989929199219,116.0999984741211,114.87010192871094,115.44999694824219,192797.0
2024-09-24T12:30:00-04:00,115.62999725341797,116.5,115.3499984741211,116.06500244140625,151112.0
2024-09-24T13:30:00-04:00,116.07949829101562,116.86000061035156,116.0,116.0,134449.0
2024-09-24T14:30:00-04:00,116.05999755859375,116.5,115.88999938964844,116.22000122070312,102607.0
2024-09-24T15:30:00-04:00,116.18000030517578,116.80000305175781,115.93000030517578,116.69000244140625,221824.0
2024-09-25T09:30:00-04:00,116.75,117.37999725341797,115.40059661865234,115.80999755859375,274189.0
2024-09-25T10:30:00-04:00,115.80599975585938,116.12000274658203,114.31999969482422,114.63999938964844,253148.0
2024-09-25T11:30:00-04:00,114.625,115.37000274658203,114.5000991821289,114.73999786376953,153646.0
2024-09-25T12:30:00-04:00,114.72000122070312,114.94000244140625,113.69999694824219,113.93000030517578,162809.0
2024-09-25T13:30:00-04:00,113.91999816894531,114.0999984741211,113.33000183105469,114.08000183105469,197741.0
2024-09-25T14:30:00-04:00,114.07990264892578,114.62999725341797,113.66500091552734,113.96749877929688,224561.0
2024-09-25T15:30:00-04:00,113.93000030517578,113.95680236816406,112.69000244140625,113.25,375245.0
2024-09-26T09:30:00-04:00,116.4000015258789,116.9000015258789,113.0,113.16999816894531,816988.0
2024-09-26T10:30:00-04:00,113.19999694824219,113.68000030517578,111.5,111.98999786376953,386900.0
2024-09-26T11:30:00-04:00,111.9000015258789,113.06990051269531,111.77999877929688,112.50499725341797,206699.0
2024-09-26T12:30:00-04:00,112.41000366210938,112.7699966430664,111.30000305175781,111.7300033569336,195666.0
2024-09-26T13:30:00-04:00,111.7699966430664,112.12999725341797,111.15010070800781,111.98999786376953,251332.0
2024-09-26T14:30:00-04:00,112.08000183105469,114.19999694824219,111.98999786376953,113.96499633789062,305318.0
2024-09-26T15:30:00-04:00,113.95010375976562,113.99500274658203,113.38999938964844,113.5999984741211,445187.0
2024-09-27T09:30:00-04:00,115.52999877929688,116.3550033569336,114.69999694824219,115.71499633789062,512540.0
2024-09-27T10:30:00-04:00,115.56999969482422,116.18000030517578,115.02999877929688,115.83000183105469,201014.0
2024-09-27T11:30:00-04:00,115.91000366210938,116.76000213623047,115.62999725341797,115.9198989868164,335441.0
2024-09-27T12:30:00-04:00,115.73999786376953,115.80000305175781,114.3499984741211,114.81999969482422,155968.0
2024-09-27T13:30:00-04:00,114.87000274658203,116.05000305175781,114.80999755859375,115.02999877929688,183673.0
2024-09-27T14:30:00-04:00,115.05680084228516,115.79000091552734,114.55000305175781,115.73999786376953,157288.0
2024-09-27T15:30:00-04:00,115.73999786376953,115.80000305175781,114.73500061035156,114.95999908447266,240186.0
2024-09-30T09:30:00-04:00,114.55999755859375,116.41000366210938,113.55999755859375,113.8499984741211,285754.0
2024-09-30T10:30:00-04:00,113.86000061035156,114.77999877929688,113.70999908447266,114.02909851074219,220278.0
2024-09-30T11:30:00-04:00,114.05000305175781,114.11499786376953,112.91519927978516,113.11000061035156,208189.0
2024-09-30T12:30:00-04:00,113.0,113.76000213623047,112.61000061035156,113.6050033569336,161820.0
2024-09-30T13:30:00-04:00,113.6500015258789,114.69999694824219,112.33000183105469,112.69000244140625,222547.0
2024-09-30T14:30:00-04:00,112.55999755859375,113.0425033569336,111.72000122070312,111.87999725341797,249691.0
2024-09-30T15:30:00-04:00,111.94000244140625,113.12999725341797,111.55999755859375,113.02999877929688,380562.0
2024-10-01T09:30:00-04:00,113.05000305175781,113.82990264892578,111.34500122070312,111.83499908447266,369707.0
2024-10-01T10:30:00-04:00,111.83499908447266,112.4000015258789,110.79000091552734,111.875,255978.0
2024-10-01T11:30:00-04:00,111.80000305175781,112.875,111.5,111.58999633789062,130637.0
2024-10-01T12:30:00-04:00,111.52999877929688,111.79499816894531,109.51000213623047,110.0,248407.0
2024-10-01T13:30:00-04:00,109.91999816894531,112.55000305175781,109.83999633789062,112.55000305175781,239632.0
2024-10-01T14:30:00-04:00,112.55999755859375,112.77999877929688,111.51000213623047,112.01000213623047,221862.0
2024-10-01T15:30:00-04:00,111.93000030517578,111.93000030517578,111.0,111.18000030517578,349729.0
2024-10-02T09:30:00-04:00,109.55500030517578,110.87000274658203,104.72000122070312,107.40499877929688,954212.0
2024-10-02T10:30:00-04:00,107.26000213623047,108.87999725341797,106.94999694824219,108.80999755859375,205751.0
2024-10-02T11:30:00-04:00,108.81999969482422,109.52799987792969,108.31999969482422,108.48999786376953,255408.0
2024-10-02T12:30:00-04:00,108.43000030517578,108.69550323486328,106.76000213623047,107.50499725341797,165321.0
2024-10-02T13:30:00-04:00,107.41999816894531,108.23989868164062,107.13670349121094,107.59850311279297,106460.0
2024-10-02T14:30:00-04:00,107.44999694824219,108.2300033569336,107.44999694824219,108.02999877929688,153278.0
2024-10-02T15:30:00-04:00,108.05000305175781,108.37000274658203,107.94000244140625,108.26000213623047,267084.0
2024-10-03T09:30:00-04:00,107.5999984741211,108.54499816894531,106.30000305175781,107.08499908447266,365970.0
2024-10-03T10:30:00-04:00,107.0,107.37999725341797,106.05000305175781,106.41000366210938,173719.0
2024-10-03T11:30:00-04:00,106.41000366210938,106.8499984741211,106.04000091552734,106.13999938964844,174692.0
2024-10-03T12:30:00-04:00,106.05999755859375,106.31120300292969,105.3134994506836,106.06500244140625,160144.0
2024-10-03T13:30:00-04:00,105.95999908447266,106.26000213623047,105.6552963256836,105.93000030517578,140217.0
2024-10-03T14:30:00-04:00,105.79000091552734,106.41999816894531,105.79000091552734,106.0199966430664,171470.0
2024-10-03T15:30:00-04:00,105.9800033569336,106.8499984741211,105.87000274658203,106.80000305175781,335714.0
2024-10-04T09:30:00-04:00,108.94999694824219,109.48999786376953,104.87460327148438,105.30999755859375,712565.0
2024-10-04T10:30:00-04:00,105.29000091552734,106.69000244140625,104.97000122070312,105.25,336979.0
2024-10-04T11:30:00-04:00,105.19999694824219,106.34989929199219,105.15499877929688,105.87999725341797,205602.0
2024-10-04T12:30:00-04:00,105.88999938964844,106.4000015258789,105.05999755859375,105.13999938964844,214504.0
2024-10-04T13:30:00-04:00,105.08499908447266,105.12000274658203,103.83999633789062,104.41000366210938,374512.0
2024-10-04T14:30:00-04:00,104.3499984741211,105.23880004882812,104.12000274658203,105.0999984741211,273980.0
2024-10-04T15:30:00-04:00,105.08000183105469,106.19000244140625,105.0,105.94999694824219,415725.0
2024-10-07T09:30:00-04:00,105.5,107.12999725341797,104.12000274658203,106.08000183105469,552050.0
2024-10-07T10:30:00-04:00,106.0250015258789,106.52999877929688,104.9000015258789,105.83180236816406,268275.0
2024-10-07T11:30:00-04:00,105.84500122070312,106.69999694824219,105.18499755859375,105.57499694824219,180119.0
2024-10-07T12:30:00-04:00,105.56999969482422,106.7499008178711,105.44999694824219,106.1500015258789,108860.0
2024-10-07T13:30:00-04:00,106.02999877929688,106.54000091552734,105.54000091552734,106.38999938964844,137180.0
2024-10-07T14:30:00-04:00,106.31999969482422,106.36000061035156,105.06999969482422,105.69999694824219,206433.0
2024-10-07T15:30:00-04:00,105.62999725341797,106.5,105.51000213623047,106.36000061035156,235437.0
2024-10-08T09:30:00-04:00,104.48999786376953,105.0199966430664,103.3499984741211,104.5,456658.0
2024-10-08T10:30:00-04:00,104.54499816894531,105.33000183105469,104.10009765625,104.76000213623047,188108.0
2024-10-08T11:30:00-04:00,104.80750274658203,105.5999984741211,104.80000305175781,105.31999969482422,123370.0
2024-10-08T12:30:00-04:00,105.30999755859375,105.30999755859375,103.6875,103.73500061035156,209422.0
2024-10-08T13:30:00-04:00,103.73999786376953,104.63999938964844,103.68000030517578,104.20999908447266,122406.0
2024-10-08T14:30:00-04:00,104.2699966430664,104.93000030517578,104.20010375976562,104.572998046875,155022.0
2024-10-08T15:30:00-04:00,104.51000213623047,104.56340026855469,104.0999984741211,104.16000366210938,314877.0
2024-10-09T09:30:00-04:00,104.27999877929688,105.56680297851562,103.11009979248047,104.30999755859375,410110.0
2024-10-09T10:30:00-04:00,104.375,104.7699966430664,103.62999725341797,104.7699966430664,255933.0
2024-10-09T11:30:00-04:00,104.71119689941406,105.83999633789062,104.35009765625,104.89530181884766,224412.0
2024-10-09T12:30:00-04:00,104.97000122070312,105.34989929199219,104.427001953125,105.03630065917969,144885.0
2024-10-09T13:30:00-04:00,105.0199966430664,105.57820129394531,104.80000305175781,105.57820129394531,180588.0
2024-10-09T14:30:00-04:00,105.54499816894531,105.69999694824219,105.08999633789062,105.26000213623047,167295.0
2024-10-09T15:30:00-04:00,105.23999786376953,105.83999633789062,105.23999786376953,105.33679962158203,315137.0
2024-10-10T09:30:00-04:00,103.98500061035156,103.98500061035156,100.41000366210938,101.01000213623047,992679.0
2024-10-10T10:30:00-04:00,101.0,101.06500244140625,99.3550033569336,100.19499969482422,829338.0
2024-10-10T11:30:00-04:00,100.23989868164062,101.29810333251953,99.94499969482422,101.1500015258789,469734.0
2024-10-10T12:30:00-04:00,101.1449966430664,101.23999786376953,99.5,99.81199645996094,374782.0
2024-10-10T13:30:00-04:00,99.79000091552734,100.03990173339844,98.73999786376953,99.0999984741211,570024.0
2024-10-10T14:30:00-04:00,99.05000305175781,99.69499969482422,98.9000015258789,99.55500030517578,390580.0
2024-10-10T15:30:00-04:00,99.54000091552734,99.79989624023438,99.13999938964844,99.19000244140625,480402.0
2024-10-11T09:30:00-04:00,98.52999877929688,101.09989929199219,98.37999725341797,100.30000305175781,671112.0
2024-10-11T10:30:00-04:00,100.30020141601562,101.88500213623047,100.1500015258789,101.80470275878906,437419.0
2024-10-11T11:30:00-04:00,101.86000061035156,102.7249984741211,101.19999694824219,101.5999984741211,376936.0
2024-10-11T12:30:00-04:00,101.5999984741211,101.77839660644531,101.06999969482422,101.2615966796875,166918.0
2024-10-11T13:30:00-04:00,101.24500274658203,101.71379852294922,101.0739974975586,101.51499938964844,146635.0
2024-10-11T14:30:00-04:00,101.54000091552734,101.73999786376953,100.92009735107422,101.37999725341797,246882.0
2024-10-11T15:30:00-04:00,101.30999755859375,101.51499938964844,100.83999633789062,100.98999786376953,397664.0
2024-10-14T09:30:00-04:00,100.97000122070312,102.0,99.86930084228516,100.5999984741211,525956.0
2024-10-14T10:30:00-04:00,100.55999755859375,101.63999938964844,100.45999908447266,100.7300033569336,319826.0
2024-10-14T11:30:00-04:00,100.7300033569336,101.4999008178711,100.54000091552734,101.0,206097.0
2024-10-14T12:30:00-04:00,101.04000091552734,101.30500030517578,100.78500366210938,100.83000183105469,119768.0
2024-10-14T13:30:00-04:00,100.82499694824219,101.44000244140625,100.5199966430664,101.44000244140625,176599.0
2024-10-14T14:30:00-04:00,101.5,101.86000061035156,101.20999908447266,101.2300033569336,214770.0
2024-10-14T15:30:00-04:00,101.23999786376953,101.54000091552734,101.01000213623047,101.4800033569336,344350.0
2024-10-15T09:30:00-04:00,98.06500244140625,99.5,96.6500015258789,96.8499984741211,1568902.0
2024-10-15T10:30:00-04:00,96.80999755859375,96.80999755859375,95.28309631347656,95.28309631347656,934880.0
2024-10-15T11:30:00-04:00,95.28900146484375,95.79989624023438,94.25650024414062,94.43000030517578,716778.0
2024-10-15T12:30:00-04:00,94.42749786376953,94.45999908447266,91.90010070800781,92.32640075683594,1034168.0
2024-10-15T13:30:00-04:00,92.21869659423828,92.79000091552734,91.12000274658203,91.13999938964844,833748.0
2024-10-15T14:30:00-04:00,91.18000030517578,92.36000061035156,90.94000244140625,91.79010009765625,1016607.0
2024-10-15T15:30:00-04:00,91.81999969482422,92.36000061035156,91.38999938964844,92.04000091552734,1060377.0
2024-10-16T09:30:00-04:00,91.61000061035156,92.68000030517578,90.7699966430664,91.73999786376953,1019531.0
2024-10-16T10:30:00-04:00,91.7699966430664,92.66500091552734,91.70010375976562,92.04000091552734,366362.0
2024-10-16T11:30:00-04:00,92.04499816894531,92.97000122070312,91.94999694824219,92.0521011352539,326342.0
2024-10-16T12:30:00-04:00,92.08000183105469,92.76000213623047,91.92310333251953,92.6500015258789,404887.0
2024-10-16T13:30:00-04:00,92.6449966430664,93.41000366210938,92.36000061035156,92.9000015258789,261808.0
2024-10-16T14:30:00-04:00,92.86000061035156,92.87999725341797,92.29000091552734,92.79000091552734,275322.0
2024-10-16T15:30:00-04:00,92.75,93.30999755859375,92.63999938964844,93.13999938964844,441839.0
2024-10-17T09:30:00-04:00,93.19999694824219,93.19999694824219,90.95500183105469,92.58999633789062,694094.0
2024-10-17T10:30:00-04:00,92.61000061035156,93.33000183105469,91.9000015258789,93.0250015258789,334064.0
2024-10-17T11:30:00-04:00,92.9800033569336,92.9800033569336,92.41999816894531,92.9000015258789,172403.0
2024-10-17T12:30:00-04:00,92.86499786376953,93.5199966430664,92.75,93.19999694824219,192864.0
2024-10-17T13:30:00-04:00,93.19999694824219,93.27999877929688,91.9000015258789,92.0,199957.0
2024-10-17T14:30:00-04:00,91.94000244140625,92.13999938964844,91.69999694824219,91.94999694824219,274981.0
2024-10-17T15:30:00-04:00,91.94999694824219,92.0999984741211,91.55000305175781,91.55000305175781,386875.0
2024-10-18T09:30:00-04:00,92.25,92.52999877929688,91.41000366210938,91.47000122070312,420761.0
2024-10-18T10:30:00-04:00,91.54499816894531,91.98999786376953,91.12000274658203,91.20999908447266,292831.0
2024-10-18T11:30:00-04:00,91.21499633789062,91.37129974365234,90.93499755859375,91.2300033569336,273682.0
2024-10-18T12:30:00-04:00,91.18000030517578,91.45999908447266,90.91000366210938,91.26000213623047,195892.0
2024-10-18T13:30:00-04:00,91.25,91.83999633789062,90.83000183105469,91.45500183105469,242629.0
2024-10-18T14:30:00-04:00,91.44000244140625,91.81999969482422,91.3499984741211,91.81999969482422,198123.0
2024-10-18T15:30:00-04:00,91.80500030517578,91.98999786376953,91.52999877929688,91.63999938964844,314429.0
2024-10-21T09:30:00-04:00,91.0999984741211,91.9000015258789,89.76000213623047,91.12999725341797,829768.0
2024-10-21T10:30:00-04:00,91.05999755859375,91.12999725341797,89.26429748535156,89.26429748535156,414051.0
2024-10-21T11:30:00-04:00,89.30500030517578,89.94000244140625,88.91000366210938,89.33499908447266,332042.0
2024-10-21T12:30:00-04:00,89.33390045166016,90.23999786376953,89.12000274658203,89.86000061035156,456228.0
2024-10-21T13:30:00-04:00,89.73999786376953,90.0999984741211,89.59510040283203,89.84500122070312,313315.0
2024-10-21T14:30:00-04:00,89.80000305175781,90.4000015258789,89.5999984741211,90.2249984741211,272827.0
2024-10-21T15:30:00-04:00,90.25,90.69000244140625,90.20999908447266,90.41999816894531,433211.0
2024-10-22T09:30:00-04:00,91.37999725341797,91.53500366210938,89.78299713134766,90.04000091552734,689131.0
2024-10-22T10:30:00-04:00,90.12999725341797,91.55000305175781,90.11000061035156,91.08000183105469,489846.0
2024-10-22T11:30:00-04:00,91.02999877929688,91.10870361328125,90.20999908447266,90.72000122070312,391059.0
2024-10-22T12:30:00-04:00,90.7249984741211,91.25,90.45999908447266,91.0459976196289,445054.0
2024-10-22T13:30:00-04:00,91.04679870605469,92.30999755859375,91.01000213623047,92.01000213623047,988406.0
2024-10-22T14:30:00-04:00,92.0,92.36000061035156,91.5801010131836,92.36000061035156,783403.0
2024-10-22T15:30:00-04:00,92.36499786376953,92.62000274658203,92.19000244140625,92.2699966430664,954289.0
2024-10-23T09:30:00-04:00,76.77999877929688,81.26000213623047,76.68000030517578,79.11319732666016,9509242.0
2024-10-23T10:30:00-04:00,79.18000030517578,80.87999725341797,79.18000030517578,79.44999694824219,2593558.0
2024-10-23T11:30:00-04:00,79.42510223388672,80.98999786376953,79.01000213623047,80.55000305175781,1643394.0
2024-10-23T12:30:00-04:00,80.5999984741211,80.77999877929688,78.11000061035156,78.48999786376953,1538216.0
2024-10-23T13:30:00-04:00,78.47000122070312,78.47000122070312,77.3499984741211,77.54399871826172,1474894.0
2024-10-23T14:30:00-04:00,77.55999755859375,78.2499008178711,77.5,78.12000274658203,1160584.0
2024-10-23T15:30:00-04:00,78.12000274658203,78.83000183105469,78.05999755859375,78.41000366210938,1291731.0
2024-10-24T09:30:00-04:00,79.5999984741211,81.10050201416016,79.04000091552734,80.87000274658203,1639314.0
2024-10-24T10:30:00-04:00,80.8821029663086,81.95960235595703,80.41000366210938,81.95960235595703,832437.0
2024-10-24T11:30:00-04:00,81.93000030517578,82.41999816894531,81.5250015258789,82.17489624023438,840399.0
2024-10-24T12:30:00-04:00,82.18000030517578,83.05999755859375,82.0416030883789,82.34500122070312,695006.0
2024-10-24T13:30:00-04:00,82.33499908447266,82.55000305175781,81.13999938964844,81.18009948730469,592760.0
2024-10-24T14:30:00-04:00,81.19000244140625,81.5999984741211,80.56500244140625,81.33000183105469,733492.0
2024-10-24T15:30:00-04:00,81.29000091552734,81.51000213623047,80.80999755859375,81.05999755859375,835555.0
2024-10-25T09:30:00-04:00,81.25,82.66000366210938,79.55000305175781,82.54000091552734,1014752.0
2024-10-25T10:30:00-04:00,82.45999908447266,83.0999984741211,81.36199951171875,82.85399627685547,490139.0
2024-10-25T11:30:00-04:00,82.80999755859375,84.30000305175781,82.80999755859375,83.68499755859375,767709.0
2024-10-25T12:30:00-04:00,83.6875,83.71690368652344,82.62999725341797,83.36060333251953,487412.0
2024-10-25T13:30:00-04:00,83.36000061035156,83.6500015258789,82.81009674072266,83.51000213623047,341167.0
2024-10-25T14:30:00-04:00,83.5198974609375,83.93000030517578,83.43000030517578,83.7750015258789,420214.0
2024-10-25T15:30:00-04:00,83.7750015258789,84.18000030517578,83.51000213623047,83.83000183105469,597563.0
2024-10-28T09:30:00-04:00,84.25,85.66000366210938,83.55000305175781,85.38999938964844,1066955.0
2024-10-28T10:30:00-04:00,85.38999938964844,86.62000274658203,84.83999633789062,86.11499786376953,545039.0
2024-10-28T11:30:00-04:00,86.10659790039062,86.62000274658203,84.94999694824219,85.08999633789062,576241.0
2024-10-28T12:30:00-04:00,85.08999633789062,85.28990173339844,84.63999938964844,85.16000366210938,609283.0
2024-10-28T13:30:00-04:00,85.23999786376953,85.80000305175781,83.72000122070312,84.02999877929688,413260.0
2024-10-28T14:30:00-04:00,83.97000122070312,84.51000213623047,83.90010070800781,84.1500015258789,316569.0
2024-10-28T15:30:00-04:00,84.13999938964844,84.8489990234375,84.02999877929688,84.6697006225586,523069.0
2024-10-29T09:30:00-04:00,84.0,84.70999908447266,82.8499984741211,84.0999984741211,634438.0
2024-10-29T10:30:00-04:00,84.08999633789062,84.29000091552734,82.43000030517578,82.68499755859375,648283.0
2024-10-29T11:30:00-04:00,82.71990203857422,83.44999694824219,82.41200256347656,82.5250015258789,462930.0
2024-10-29T12:30:00-04:00,82.5999984741211,83.33499908447266,82.04019927978516,82.9749984741211,448731.0
2024-10-29T13:30:00-04:00,82.97000122070312,83.52999877929688,82.65010070800781,83.52999877929688,272849.0
2024-10-29T14:30:00-04:00,83.55000305175781,83.875,82.83999633789062,83.30999755859375,402259.0
2024-10-29T15:30:00-04:00,83.31999969482422,83.66000366210938,82.83999633789062,83.08999633789062,416079.0
2024-10-30T09:30:00-04:00,81.69000244140625,83.75,80.91999816894531,83.73999786376953,715123.0
2024-10-30T10:30:00-04:00,83.71499633789062,83.88600158691406,83.1500015258789,83.55500030517578,245111.0
2024-10-30T11:30:00-04:00,83.56500244140625,84.08000183105469,83.01000213623047,83.1050033569336,281164.0
2024-10-30T12:30:00-04:00,83.12999725341797,83.72000122070312,82.95999908447266,83.05000305175781,195415.0
2024-10-30T13:30:00-04:00,83.04499816894531,84.11000061035156,82.51000213623047,84.0199966430664,242315.0
2024-10-30T14:30:00-04:00,83.98999786376953,84.29499816894531,82.83000183105469,82.98999786376953,261900.0
2024-10-30T15:30:00-04:00,82.99500274658203,83.18000030517578,82.43000030517578,82.47000122070312,479102.0
2024-10-31T09:30:00-04:00,82.73999786376953,83.58000183105469,81.80999755859375,82.2300033569336,438267.0
2024-10-31T10:30:00-04:00,82.20999908447266,82.60099792480469,81.54000091552734,82.16950225830078,236543.0
2024-10-31T11:30:00-04:00,82.04000091552734,83.26000213623047,81.81999969482422,83.26000213623047,213263.0
2024-10-31T12:30:00-04:00,83.2300033569336,84.0,82.95999908447266,83.75,227904.0
2024-10-31T13:30:00-04:00,83.66000366210938,83.79000091552734,82.65010070800781,83.0,454035.0
2024-10-31T14:30:00-04:00,83.02999877929688,83.48999786376953,82.73999786376953,82.9749984741211,321357.0
2024-10-31T15:30:00-04:00,83.01000213623047,83.55999755859375,82.95999908447266,83.02999877929688,471092.0
2024-11-01T09:30:00-04:00,83.28500366210938,86.73529815673828,83.14550018310547,86.2249984741211,824475.0
2024-11-01T10:30:00-04:00,86.2249984741211,86.35990142822266,84.15499877929688,84.23500061035156,526795.0
2024-11-01T11:30:00-04:00,84.20999908447266,84.4000015258789,82.73999786376953,82.78250122070312,440914.0
2024-11-01T12:30:00-04:00,82.66000366210938,83.80999755859375,82.30079650878906,83.7218017578125,630791.0
2024-11-01T13:30:00-04:00,83.69000244140625,83.81999969482422,82.93000030517578,83.68000030517578,465296.0
2024-11-01T14:30:00-04:00,83.68000030517578,84.27999877929688,83.55500030517578,84.06500244140625,497625.0
2024-11-01T15:30:00-04:00,84.06500244140625,84.11000061035156,83.35009765625,83.58000183105469,432992.0
2024-11-04T09:30:00-05:00,85.58999633789062,87.8499984741211,85.05999755859375,87.33499908447266,1711925.0
2024-11-04T10:30:00-05:00,87.41000366210938,88.26000213623047,86.83000183105469,87.19000244140625,824843.0
2024-11-04T11:30:00-05:00,87.13999938964844,87.24099731445312,85.5,86.16000366210938,553560.0
2024-11-04T12:30:00-05:00,86.19499969482422,86.61000061035156,85.62000274658203,86.08999633789062,394222.0
2024-11-04T13:30:00-05:00,86.02999877929688,87.55000305175781,86.01000213623047,87.43000030517578,529639.0
2024-11-04T14:30:00-05:00,87.45989990234375,88.0,87.01000213623047,87.29000091552734,485532.0
2024-11-04T15:30:00-05:00,87.28710174560547,87.60980224609375,86.88999938964844,87.44999694824219,611111.0
2024-11-05T09:30:00-05:00,85.2300033569336,86.82990264892578,84.98999786376953,85.5250015258789,824896.0
2024-11-05T10:30:00-05:00,85.56999969482422,86.5,85.29000091552734,86.05000305175781,467991.0
2024-11-05T11:30:00-05:00,86.08000183105469,86.36000061035156,85.5199966430664,86.1500015258789,344221.0
2024-11-05T12:30:00-05:00,86.12000274658203,86.9800033569336,85.88009643554688,86.97000122070312,340794.0
2024-11-05T13:30:00-05:00,87.0,88.2593994140625,86.79010009765625,88.18000030517578,268982.0
2024-11-05T14:30:00-05:00,88.1500015258789,88.7750015258789,88.00679779052734,88.55000305175781,425567.0
2024-11-05T15:30:00-05:00,88.55999755859375,89.94999694824219,88.51499938964844,89.94999694824219,870114.0
2024-11-06T09:30:00-05:00,77.18000030517578,77.75,71.37999725341797,75.44000244140625,7010436.0
2024-11-06T10:30:00-05:00,75.37000274658203,75.45500183105469,72.59010314941406,73.05999755859375,2324996.0
2024-11-06T11:30:00-05:00,73.0999984741211,75.4000015258789,72.79000091552734,74.11000061035156,1379832.0
2024-11-06T12:30:00-05:00,74.14099884033203,75.0,74.05010223388672,74.66500091552734,868756.0
2024-11-06T13:30:00-05:00,74.65499877929688,76.2300033569336,74.5801010131836,76.22000122070312,1013929.0
2024-11-06T14:30:00-05:00,76.20500183105469,76.8499984741211,74.75,75.0,1319399.0
2024-11-06T15:30:00-05:00,75.04000091552734,75.54000091552734,73.86000061035156,74.7699966430664,1463622.0
2024-11-07T09:30:00-05:00,73.91000366210938,75.88999938964844,72.80010223388672,73.58000183105469,2312730.0
2024-11-07T10:30:00-05:00,73.51000213623047,74.5999984741211,72.94499969482422,73.2697982788086,1265786.0
2024-11-07T11:30:00-05:00,73.20999908447266,74.27999877929688,72.36499786376953,73.91000366210938,1022392.0
2024-11-07T12:30:00-05:00,73.91999816894531,73.97000122070312,72.43910217285156,72.43910217285156,567134.0
2024-11-07T13:30:00-05:00,72.42829895019531,73.19999694824219,72.05999755859375,72.189697265625,935536.0
2024-11-07T14:30:00-05:00,72.18000030517578,72.79000091552734,71.80000305175781,72.44499969482422,1338147.0
2024-11-07T15:30:00-05:00,72.44999694824219,72.94000244140625,71.51000213623047,71.55999755859375,1390537.0
2024-11-08T09:30:00-05:00,70.0,70.48999786376953,66.91000366210938,67.5999984741211,3599425.0
2024-11-08T10:30:00-05:00,67.56710052490234,68.19999694824219,66.43000030517578,66.69000244140625,1969370.0
2024-11-08T11:30:00-05:00,66.69000244140625,67.63999938964844,66.22000122070312,66.6001968383789,1108975.0
2024-11-08T12:30:00-05:00,66.61499786376953,66.83000183105469,65.66000366210938,66.30500030517578,1272046.0
2024-11-08T13:30:00-05:00,66.29010009765625,67.98999786376953,66.23999786376953,67.59010314941406,1002832.0
2024-11-08T14:30:00-05:00,67.58000183105469,67.58000183105469,66.66999816894531,67.13500213623047,988005.0
2024-11-08T15:30:00-05:00,67.1500015258789,67.47000122070312,66.72000122070312,66.8949966430664,1406649.0
2024-11-11T09:30:00-05:00,65.9000015258789,66.34989929199219,62.504398345947266,64.05000305175781,3243145.0
2024-11-11T10:30:00-05:00,64.04499816894531,65.18000030517578,63.70000076293945,64.83000183105469,1066809.0
2024-11-11T11:30:00-05:00,64.81999969482422,64.81999969482422,63.400001525878906,63.5099983215332,1010770.0
2024-11-11T12:30:00-05:00,63.5,64.49500274658203,63.470001220703125,63.91999816894531,662827.0
2024-11-11T13:30:00-05:00,63.91999816894531,64.2300033569336,63.599998474121094,64.08999633789062,645589.0
2024-11-11T14:30:00-05:00,64.05999755859375,64.58000183105469,63.9900016784668,64.25749969482422,752126.0
2024-11-11T15:30:00-05:00,64.25499725341797,64.30999755859375,63.43000030517578,63.650001525878906,1383110.0
2024-11-12T09:30:00-05:00,62.79999923706055,63.189998626708984,60.86000061035156,61.98680114746094,2029323.0
2024-11-12T10:30:00-05:00,61.98500061035156,62.04999923706055,60.52009963989258,60.86009979248047,840500.0
2024-11-12T11:30:00-05:00,60.880001068115234,61.029998779296875,59.75,59.84000015258789,1259185.0
2024-11-12T12:30:00-05:00,59.84000015258789,60.0,59.375,59.709999084472656,873113.0
2024-11-12T13:30:00-05:00,59.68000030517578,60.2598991394043,59.65999984741211,60.13999938964844,644170.0
2024-11-12T14:30:00-05:00,60.1349983215332,60.15999984741211,59.43000030517578,59.51499938964844,876552.0
2024-11-12T15:30:00-05:00,59.5099983215332,60.2400016784668,59.369998931884766,60.0,1358684.0
2024-11-13T09:30:00-05:00,60.0,60.679901123046875,59.26169967651367,60.09600067138672,1429918.0
2024-11-13T10:30:00-05:00,60.095001220703125,61.060001373291016,60.03499984741211,60.4275016784668,936439.0
2024-11-13T11:30:00-05:00,60.459999084472656,60.650001525878906,59.875,60.525001525878906,496985.0
2024-11-13T12:30:00-05:00,60.5,60.5099983215332,59.869998931884766,59.95000076293945,464761.0
2024-11-13T13:30:00-05:00,60.0,60.04999923706055,59.424800872802734,59.454898834228516,467805.0
2024-11-13T14:30:00-05:00,59.459999084472656,59.88999938964844,59.11539840698242,59.86000061035156,775726.0
2024-11-13T15:30:00-05:00,59.849998474121094,60.41999816894531,59.7599983215332,60.38999938964844,945836.0
2024-11-14T09:30:00-05:00,60.775001525878906,60.900001525878906,59.77000045776367,60.119998931884766,662877.0
2024-11-14T10:30:00-05:00,60.119998931884766,60.72999954223633,59.810001373291016,60.4900016784668,344501.0
2024-11-14T11:30:00-05:00,60.560001373291016,61.75,60.11000061035156,61.36000061035156,669666.0
2024-11-14T12:30:00-05:00,61.400001525878906,63.20500183105469,61.31999969482422,63.13999938964844,1265612.0
2024-11-14T13:30:00-05:00,63.150001525878906,65.39859771728516,63.01499938964844,65.36499786376953,2446630.0
2024-11-14T14:30:00-05:00,65.33999633789062,66.05000305175781,64.33999633789062,64.61000061035156,1742144.0
2024-11-14T15:30:00-05:00,64.61000061035156,64.69000244140625,63.459999084472656,63.569000244140625,1118916.0
2024-11-15T09:30:00-05:00,64.98200225830078,65.9000015258789,62.75,62.869998931884766,1523413.0
2024-11-15T10:30:00-05:00,62.900001525878906,62.9900016784668,61.709999084472656,62.619998931884766,1041510.0
2024-11-15T11:30:00-05:00,62.65999984741211,63.079898834228516,62.189998626708984,62.349998474121094,496008.0
2024-11-15T12:30:00-05:00,62.33000183105469,62.68000030517578,61.48500061035156,61.52880096435547,478193.0
2024-11-15T13:30:00-05:00,61.529998779296875,61.97999954223633,60.86000061035156,60.97999954223633,640987.0
2024-11-15T14:30:00-05:00,60.959999084472656,61.04999923706055,60.349998474121094,60.56999969482422,740843.0
2024-11-15T15:30:00-05:00,60.57500076293945,60.599998474121094,59.459999084472656,59.5099983215332,1075266.0
2024-11-18T09:30:00-05:00,59.220001220703125,60.72999954223633,58.33000183105469,60.5,1287350.0
2024-11-18T10:30:00-05:00,60.45859909057617,61.75,60.439998626708984,61.52000045776367,744847.0
2024-11-18T11:30:00-05:00,61.619998931884766,62.25,61.40999984741211,62.14500045776367,540169.0
2024-11-18T12:30:00-05:00,62.11000061035156,62.72999954223633,62.074798583984375,62.66999816894531,536943.0
2024-11-18T13:30:00-05:00,62.70000076293945,62.70000076293945,61.41999816894531,61.630001068115234,475713.0
2024-11-18T14:30:00-05:00,61.63690185546875,62.04750061035156,61.36000061035156,61.880001068115234,373012.0
2024-11-18T15:30:00-05:00,61.86000061035156,62.474998474121094,61.77000045776367,62.400001525878906,576246.0
2024-11-19T09:30:00-05:00,61.599998474121094,61.880001068115234,60.380001068115234,61.857200622558594,968469.0
2024-11-19T10:30:00-05:00,61.849998474121094,62.22999954223633,61.17559814453125,61.36000061035156,421793.0
2024-11-19T11:30:00-05:00,61.31999969482422,61.31999969482422,60.83000183105469,60.9900016784668,435284.0
2024-11-19T12:30:00-05:00,60.95000076293945,61.275001525878906,60.59000015258789,61.275001525878906,468476.0
2024-11-19T13:30:00-05:00,61.27000045776367,61.80500030517578,61.150001525878906,61.27000045776367,337452.0
2024-11-19T14:30:00-05:00,61.310001373291016,61.55500030517578,61.0166015625,61.31999969482422,439227.0
2024-11-19T15:30:00-05:00,61.31999969482422,61.54999923706055,61.060001373291016,61.349998474121094,559314.0
2024-11-20T09:30:00-05:00,59.880001068115234,62.779998779296875,59.75,62.380001068115234,873441.0
2024-11-20T10:30:00-05:00,62.380001068115234,62.720001220703125,61.029998779296875,61.27000045776367,402619.0
2024-11-20T11:30:00-05:00,61.25,61.919898986816406,60.96670150756836,61.919898986816406,266394.0
2024-11-20T12:30:00-05:00,61.8849983215332,62.54970169067383,61.86029815673828,62.130001068115234,333307.0
2024-11-20T13:30:00-05:00,62.099998474121094,62.33000183105469,61.730098724365234,62.150001525878906,291876.0
2024-11-20T14:30:00-05:00,62.150001525878906,63.02000045776367,62.13999938964844,62.939998626708984,424057.0
2024-11-20T15:30:00-05:00,62.95000076293945,63.470001220703125,62.86429977416992,63.38999938964844,576759.0
2024-11-21T09:30:00-05:00,63.22999954223633,65.53500366210938,62.720001220703125,64.48500061035156,988725.0
2024-11-21T10:30:00-05:00,64.48999786376953,65.29000091552734,63.95000076293945,64.2300033569336,444747.0
2024-11-21T11:30:00-05:00,64.2699966430664,64.27999877929688,63.2400016784668,63.619998931884766,437662.0
2024-11-21T12:30:00-05:00,63.584999084472656,64.2300033569336,63.5,63.939998626708984,249537.0
2024-11-21T13:30:00-05:00,63.897701263427734,64.33000183105469,63.33549880981445,63.494998931884766,305215.0
2024-11-21T14:30:00-05:00,63.43000030517578,63.47999954223633,62.7400016784668,63.310001373291016,443496.0
2024-11-21T15:30:00-05:00,63.33000183105469,63.65999984741211,63.2400016784668,63.560001373291016,649281.0
2024-11-22T09:30:00-05:00,63.20000076293945,64.73999786376953,62.36000061035156,64.47000122070312,595837.0
2024-11-22T10:30:00-05:00,64.42780303955078,66.11000061035156,64.2699966430664,65.15390014648438,809808.0
2024-11-22T11:30:00-05:00,65.1500015258789,66.52999877929688,64.84960174560547,66.44499969482422,624714.0
2024-11-22T12:30:00-05:00,66.44499969482422,66.50499725341797,65.62860107421875,66.07009887695312,434316.0
2024-11-22T13:30:00-05:00,66.16999816894531,66.72000122070312,66.12999725341797,66.62000274658203,444629.0
2024-11-22T14:30:00-05:00,66.5999984741211,66.93000030517578,65.97000122070312,65.9749984741211,492862.0
2024-11-22T15:30:00-05:00,65.98999786376953,66.45999908447266,65.91999816894531,66.27999877929688,571394.0
2024-11-25T09:30:00-05:00,68.51000213623047,70.69999694824219,67.61000061035156,70.44499969482422,2115659.0
2024-11-25T10:30:00-05:00,70.38999938964844,72.55999755859375,70.26000213623047,71.91500091552734,1221618.0
2024-11-25T11:30:00-05:00,71.91999816894531,72.29989624023438,70.30999755859375,70.31999969482422,738351.0
2024-11-25T12:30:00-05:00,70.3499984741211,70.87999725341797,70.08999633789062,70.40180206298828,378078.0
2024-11-25T13:30:00-05:00,70.4000015258789,71.26499938964844,70.31999969482422,70.75569915771484,375273.0
2024-11-25T14:30:00-05:00,70.7750015258789,71.12999725341797,70.43000030517578,71.05500030517578,390084.0
2024-11-25T15:30:00-05:00,71.05999755859375,71.9800033569336,70.72000122070312,71.91999816894531,1068132.0
2024-11-26T09:30:00-05:00,70.87999725341797,71.45999908447266,68.70999908447266,70.23999786376953,1012589.0
2024-11-26T10:30:00-05:00,70.19999694824219,70.94000244140625,69.69499969482422,70.55000305175781,683480.0
2024-11-26T11:30:00-05:00,70.55000305175781,71.27999877929688,70.13999938964844,71.13999938964844,502193.0
2024-11-26T12:30:00-05:00,71.11000061035156,71.38999938964844,70.5,70.7699966430664,379740.0
2024-11-26T13:30:00-05:00,70.69999694824219,71.1500015258789,70.51010131835938,70.62999725341797,368757.0
2024-11-26T14:30:00-05:00,70.58999633789062,71.11000061035156,70.37000274658203,70.6500015258789,491164.0
2024-11-26T15:30:00-05:00,70.68000030517578,70.82499694824219,70.4800033569336,70.5,647430.0
2024-11-27T09:30:00-05:00,71.72000122070312,72.93000030517578,71.05999755859375,72.02999877929688,774787.0
2024-11-27T10:30:00-05:00,72.01000213623047,72.01000213623047,71.05000305175781,71.06500244140625,471878.0
2024-11-27T11:30:00-05:00,71.05999755859375,71.94989776611328,71.0,71.79000091552734,454286.0
2024-11-27T12:30:00-05:00,71.75,72.30999755859375,71.69999694824219,72.01000213623047,367789.0
2024-11-27T13:30:00-05:00,71.98999786376953,72.29000091552734,71.37000274658203,71.63999938964844,417138.0
2024-11-27T14:30:00-05:00,71.62999725341797,72.48999786376953,71.53009796142578,72.43000030517578,510718.0
2024-11-27T15:30:00-05:00,72.43000030517578,72.68000030517578,72.26000213623047,72.41000366210938,531972.0
2024-11-29T09:30:00-05:00,72.36000061035156,73.91919708251953,72.3499984741211,73.71499633789062,505102.0
2024-11-29T10:30:00-05:00,73.76000213623047,74.44999694824219,73.76000213623047,74.11000061035156,478295.0
2024-11-29T11:30:00-05:00,74.09110260009766,74.16000366210938,72.66000366210938,72.72000122070312,505252.0
2024-12-02T09:30:00-05:00,72.26000213623047,73.40499877929688,71.58999633789062,73.40499877929688,632620.0
2024-12-02T10:30:00-05:00,73.3949966430664,74.1178970336914,73.2228012084961,73.23999786376953,451915.0
2024-12-02T11:30:00-05:00,73.26000213623047,74.0,73.16000366210938,73.80500030517578,300592.0
2024-12-02T12:30:00-05:00,73.80500030517578,74.69000244140625,73.70999908447266,74.45500183105469,335237.0
2024-12-02T13:30:00-05:00,74.4800033569336,74.58999633789062,73.97000122070312,74.26499938964844,321331.0
2024-12-02T14:30:00-05:00,74.32849884033203,75.1989974975586,74.2300033569336,74.95600128173828,395390.0
2024-12-02T15:30:00-05:00,74.94999694824219,75.56999969482422,74.87000274658203,75.12999725341797,718829.0
2024-12-03T09:30:00-05:00,74.48999786376953,74.80000305175781,73.47109985351562,73.91000366210938,641297.0
2024-12-03T10:30:00-05:00,73.91999816894531,74.45099639892578,73.26000213623047,74.25,303972.0
2024-12-03T11:30:00-05:00,74.25,74.4114990234375,73.81009674072266,73.8499984741211,175435.0
2024-12-03T12:30:00-05:00,73.79000091552734,74.38999938964844,73.5801010131836,73.79499816894531,258045.0
2024-12-03T13:30:00-05:00,73.75,73.79499816894531,72.9000015258789,73.30000305175781,386351.0
2024-12-03T14:30:00-05:00,73.34500122070312,73.70500183105469,73.22000122070312,73.37000274658203,251571.0
2024-12-03T15:30:00-05:00,73.37000274658203,73.69999694824219,73.22000122070312,73.22000122070312,417805.0
2024-12-04T09:30:00-05:00,72.94000244140625,73.51000213623047,72.2300033569336,72.31999969482422,382915.0
2024-12-04T10:30:00-05:00,72.27999877929688,73.1500015258789,71.8499984741211,72.98999786376953,324954.0
2024-12-04T11:30:00-05:00,73.05000305175781,73.56999969482422,72.91000366210938,73.18000030517578,237378.0
2024-12-04T12:30:00-05:00,73.1500015258789,73.3949966430664,72.87039947509766,73.08000183105469,164360.0
2024-12-04T13:30:00-05:00,73.04499816894531,73.12000274658203,72.6500015258789,72.8499984741211,193313.0
2024-12-04T14:30:00-05:00,72.80000305175781,73.11000061035156,72.34159851074219,72.38459777832031,263603.0
2024-12-04T15:30:00-05:00,72.4000015258789,73.41999816894531,72.4000015258789,73.1500015258789,366178.0
2024-12-05T09:30:00-05:00,73.37999725341797,74.69200134277344,71.16000366210938,71.31749725341797,873024.0
2024-12-05T10:30:00-05:00,71.27999877929688,71.35669708251953,70.19999694824219,71.05999755859375,579403.0
2024-12-05T11:30:00-05:00,71.05999755859375,71.88069915771484,71.01000213623047,71.69000244140625,341181.0
2024-12-05T12:30:00-05:00,71.62999725341797,71.69999694824219,70.2699966430664,70.33999633789062,420850.0
2024-12-05T13:30:00-05:00,70.33999633789062,70.56999969482422,70.125,70.4749984741211,290855.0
2024-12-05T14:30:00-05:00,70.45580291748047,70.56999969482422,70.25,70.30999755859375,295868.0
2024-12-05T15:30:00-05:00,70.260498046875,70.5,70.0199966430664,70.30999755859375,403556.0
2024-12-06T09:30:00-05:00,71.76599884033203,72.63500213623047,70.80000305175781,72.43499755859375,621979.0
2024-12-06T10:30:00-05:00,72.42500305175781,72.77249908447266,71.625,71.625,335539.0
2024-12-06T11:30:00-05:00,71.55999755859375,71.71829986572266,70.75,70.82129669189453,244512.0
2024-12-06T12:30:00-05:00,70.81999969482422,71.79000091552734,70.62999725341797,71.5199966430664,239966.0
2024-12-06T13:30:00-05:00,71.45999908447266,71.7699966430664,71.29329681396484,71.45999908447266,149666.0
2024-12-06T14:30:00-05:00,71.41999816894531,71.5199966430664,71.16000366210938,71.4800033569336,161978.0
2024-12-06T15:30:00-05:00,71.4800033569336,71.6500015258789,71.37000274658203,71.55999755859375,317682.0
2024-12-09T09:30:00-05:00,72.31999969482422,76.45999908447266,72.2750015258789,75.47000122070312,948898.0
2024-12-09T10:30:00-05:00,75.5250015258789,78.26000213623047,75.5250015258789,76.75,888871.0
2024-12-09T11:30:00-05:00,76.56999969482422,77.3499984741211,76.0,77.12999725341797,393576.0
2024-12-09T12:30:00-05:00,77.12000274658203,77.7396011352539,76.53009796142578,76.59239959716797,357693.0
2024-12-09T13:30:00-05:00,76.69000244140625,77.375,76.5801010131836,77.16999816894531,255207.0
2024-12-09T14:30:00-05:00,77.20500183105469,77.36000061035156,76.785400390625,76.94999694824219,296744.0
2024-12-09T15:30:00-05:00,76.9800033569336,76.9800033569336,76.18000030517578,76.40899658203125,511654.0
2024-12-10T09:30:00-05:00,75.31999969482422,76.0615005493164,74.16000366210938,74.80999755859375,451543.0
2024-12-10T10:30:00-05:00,74.73999786376953,75.7699966430664,74.3499984741211,75.69499969482422,261876.0
2024-12-10T11:30:00-05:00,75.69039916992188,75.72000122070312,74.25,74.62000274658203,270840.0
2024-12-10T12:30:00-05:00,74.5999984741211,75.66000366210938,74.5999984741211,75.37000274658203,274703.0
2024-12-10T13:30:00-05:00,75.32499694824219,75.55999755859375,74.86499786376953,74.86499786376953,230870.0
2024-12-10T14:30:00-05:00,74.87000274658203,75.51000213623047,74.52999877929688,74.58000183105469,279575.0
2024-12-10T15:30:00-05:00,74.57589721679688,74.63500213623047,74.18000030517578,74.41999816894531,373362.0
2024-12-11T09:30:00-05:00,75.2699966430664,75.6321029663086,73.7300033569336,74.09770202636719,385269.0
2024-12-11T10:30:00-05:00,74.01000213623047,74.18000030517578,73.09839630126953,73.75,313946.0
2024-12-11T11:30:00-05:00,73.83999633789062,74.33989715576172,73.73999786376953,74.07499694824219,203852.0
2024-12-11T12:30:00-05:00,74.08799743652344,74.29000091552734,73.68119812011719,74.26000213623047,129901.0
2024-12-11T13:30:00-05:00,74.29499816894531,74.47000122070312,73.76750183105469,74.43000030517578,152358.0
2024-12-11T14:30:00-05:00,74.37999725341797,74.58000183105469,74.0,74.12000274658203,218036.0
2024-12-11T15:30:00-05:00,74.0999984741211,74.58999633789062,74.0,74.2300033569336,289624.0
2024-12-12T09:30:00-05:00,73.47000122070312,74.41999816894531,72.75,73.54499816894531,371642.0
2024-12-12T10:30:00-05:00,73.54499816894531,73.80999755859375,72.76499938964844,72.9000015258789,315778.0
2024-12-12T11:30:00-05:00,72.9000015258789,73.75,72.8499984741211,73.6449966430664,191311.0
2024-12-12T12:30:00-05:00,73.66999816894531,73.86000061035156,73.19999694824219,73.23999786376953,169345.0
2024-12-12T13:30:00-05:00,73.23999786376953,73.61000061035156,73.05999755859375,73.37999725341797,165478.0
2024-12-12T14:30:00-05:00,73.40499877929688,73.73989868164062,72.9000015258789,72.94100189208984,147367.0
2024-12-12T15:30:00-05:00,72.94000244140625,73.27999877929688,72.82099914550781,73.0,337798.0
2024-12-13T09:30:00-05:00,72.91999816894531,73.86000061035156,72.36000061035156,72.44999694824219,442867.0
2024-12-13T10:30:00-05:00,72.44999694824219,73.83999633789062,72.37999725341797,73.64620208740234,204643.0
2024-12-13T11:30:00-05:00,73.5927963256836,74.44000244140625,73.5927963256836,73.63500213623047,197555.0
2024-12-13T12:30:00-05:00,73.59500122070312,73.8207015991211,73.26000213623047,73.8207015991211,141065.0
2024-12-13T13:30:00-05:00,73.8499984741211,74.01499938964844,73.31390380859375,73.41999816894531,111962.0
2024-12-13T14:30:00-05:00,73.4000015258789,73.60140228271484,73.13999938964844,73.47000122070312,204166.0
2024-12-13T15:30:00-05:00,73.50450134277344,74.12999725341797,73.37999725341797,73.86000061035156,289437.0
2024-12-16T09:30:00-05:00,72.94999694824219,74.76000213623047,72.0999984741211,73.22000122070312,646614.0
2024-12-16T10:30:00-05:00,73.19999694824219,73.5199966430664,72.76000213623047,72.8499984741211,296510.0
2024-12-16T11:30:00-05:00,72.83999633789062,73.5999984741211,72.58660125732422,73.28990173339844,236880.0
2024-12-16T12:30:00-05:00,73.25150299072266,73.37000274658203,71.77999877929688,71.83499908447266,262277.0
2024-12-16T13:30:00-05:00,71.77999877929688,72.39559936523438,71.43000030517578,72.05999755859375,262327.0
2024-12-16T14:30:00-05:00,72.01000213623047,72.13990020751953,71.08000183105469,71.19960021972656,264946.0
2024-12-16T15:30:00-05:00,71.18000030517578,71.81999969482422,71.13999938964844,71.63999938964844,471270.0
2024-12-17T09:30:00-05:00,72.11000061035156,74.89910125732422,71.4800033569336,72.18499755859375,910809.0
2024-12-17T10:30:00-05:00,72.16000366210938,73.01000213623047,71.55000305175781,72.6500015258789,490829.0
2024-12-17T11:30:00-05:00,72.7489013671875,74.13999938964844,72.61000061035156,74.13999938964844,364486.0
2024-12-17T12:30:00-05:00,74.08280181884766,75.05000305175781,73.76000213623047,74.55339813232422,400098.0
2024-12-17T13:30:00-05:00,74.59970092773438,74.68990325927734,73.75,73.8499984741211,259531.0
2024-12-17T14:30:00-05:00,73.91000366210938,74.08999633789062,73.31500244140625,73.83000183105469,401659.0
2024-12-17T15:30:00-05:00,73.83000183105469,73.83000183105469,73.19999694824219,73.41000366210938,450720.0
2024-12-18T09:30:00-05:00,72.95999908447266,76.01000213623047,72.77220153808594,74.11499786376953,615182.0
2024-12-18T10:30:00-05:00,74.07499694824219,75.08000183105469,74.0,75.08000183105469,247185.0
2024-12-18T11:30:00-05:00,75.12000274658203,75.61499786376953,74.77999877929688,75.0,261979.0
2024-12-18T12:30:00-05:00,75.0,75.33000183105469,74.52559661865234,74.9000015258789,190279.0
2024-12-18T13:30:00-05:00,74.83190155029297,74.94000244140625,72.56999969482422,72.56999969482422,267862.0
2024-12-18T14:30:00-05:00,72.55000305175781,72.87999725341797,69.5,69.5719985961914,883441.0
2024-12-18T15:30:00-05:00,69.63999938964844,69.74500274658203,68.36180114746094,68.77999877929688,961346.0
2024-12-19T09:30:00-05:00,68.19000244140625,68.9999008178711,66.69999694824219,66.69999694824219,699437.0
2024-12-19T10:30:00-05:00,66.75499725341797,67.58000183105469,66.2699966430664,67.17500305175781,551028.0
2024-12-19T11:30:00-05:00,67.12999725341797,67.375,66.02999877929688,66.02999877929688,310809.0
2024-12-19T12:30:00-05:00,66.02999877929688,66.08999633789062,65.0999984741211,65.88999938964844,491723.0
2024-12-19T13:30:00-05:00,65.86000061035156,66.69999694824219,65.61000061035156,66.55000305175781,378626.0
2024-12-19T14:30:00-05:00,66.5999984741211,66.69000244140625,65.70999908447266,66.4489974975586,408208.0
2024-12-19T15:30:00-05:00,66.42500305175781,66.4800033569336,65.5261001586914,65.62000274658203,830110.0
2024-12-20T09:30:00-05:00,66.43000030517578,68.79000091552734,65.83000183105469,68.31500244140625,667481.0
2024-12-20T10:30:00-05:00,68.33000183105469,70.69999694824219,68.31999969482422,70.18000030517578,546289.0
2024-12-20T11:30:00-05:00,70.10900115966797,71.12999725341797,69.97000122070312,71.09950256347656,350056.0
2024-12-20T12:30:00-05:00,71.05999755859375,71.87999725341797,70.77999877929688,70.91999816894531,496287.0
2024-12-20T13:30:00-05:00,70.92500305175781,71.44999694824219,70.62419891357422,71.3949966430664,315071.0
2024-12-20T14:30:00-05:00,71.3949966430664,71.66999816894531,70.70500183105469,70.81999969482422,290999.0
2024-12-20T15:30:00-05:00,70.84500122070312,71.75,70.69000244140625,71.4800033569336,716233.0
2024-12-23T09:30:00-05:00,71.5199966430664,72.68000030517578,70.56999969482422,71.17500305175781,636926.0
2024-12-23T10:30:00-05:00,71.25,72.07499694824219,70.9000015258789,71.74949645996094,255993.0
2024-12-23T11:30:00-05:00,71.69000244140625,72.38999938964844,71.4552001953125,71.9800033569336,180018.0
2024-12-23T12:30:00-05:00,71.9800033569336,72.19999694824219,71.69999694824219,71.83999633789062,134192.0
2024-12-23T13:30:00-05:00,71.8499984741211,72.33000183105469,71.62999725341797,72.1050033569336,164753.0
2024-12-23T14:30:00-05:00,72.1050033569336,72.33000183105469,71.80000305175781,72.27999877929688,200396.0
2024-12-23T15:30:00-05:00,72.2750015258789,73.13999938964844,72.2300033569336,73.01000213623047,425680.0
2024-12-24T09:30:00-05:00,73.0,73.65650177001953,71.69999694824219,72.98500061035156,291697.0
2024-12-24T10:30:00-05:00,72.94999694824219,74.20999908447266,72.83000183105469,73.7300033569336,308309.0
2024-12-24T11:30:00-05:00,73.75,74.05999755859375,73.55000305175781,73.61000061035156,204319.0
2024-12-26T09:30:00-05:00,72.43000030517578,73.47000122070312,71.80000305175781,73.19000244140625,261385.0
2024-12-26T10:30:00-05:00,73.25,74.23909759521484,73.25,73.77999877929688,229726.0
2024-12-26T11:30:00-05:00,73.76000213623047,73.9800033569336,73.48999786376953,73.52999877929688,121363.0
2024-12-26T12:30:00-05:00,73.52999877929688,73.62999725341797,73.16999816894531,73.55799865722656,120941.0
2024-12-26T13:30:00-05:00,73.52999877929688,73.66000366210938,73.16500091552734,73.4000015258789,176672.0
2024-12-26T14:30:00-05:00,73.37999725341797,73.44999694824219,72.8499984741211,73.13999938964844,131044.0
2024-12-26T15:30:00-05:00,73.13999938964844,73.3550033569336,73.0,73.0,362266.0
2024-12-27T09:30:00-05:00,72.30000305175781,73.5,70.60549926757812,71.0199966430664,366686.0
2024-12-27T10:30:00-05:00,70.97599792480469,71.9000015258789,70.97599792480469,71.87999725341797,130212.0
2024-12-27T11:30:00-05:00,71.88999938964844,71.97000122070312,71.4000015258789,71.79000091552734,88646.0
2024-12-27T12:30:00-05:00,71.81999969482422,72.05500030517578,71.52999877929688,72.05500030517578,134468.0
2024-12-27T13:30:00-05:00,72.02999877929688,72.44989776611328,71.95500183105469,72.16000366210938,127729.0
2024-12-27T14:30:00-05:00,72.04429626464844,72.5,71.7300033569336,71.91000366210938,168018.0
2024-12-27T15:30:00-05:00,71.87000274658203,72.2699966430664,71.69999694824219,72.12999725341797,333781.0
2024-12-30T09:30:00-05:00,70.9000015258789,71.01000213623047,68.05010223388672,68.12000274658203,619021.0
2024-12-30T10:30:00-05:00,68.1050033569336,69.5,67.70880126953125,69.01409912109375,593628.0
2024-12-30T11:30:00-05:00,69.05999755859375,70.4198989868164,69.05999755859375,69.91000366210938,418383.0
2024-12-30T12:30:00-05:00,69.90499877929688,70.11499786376953,69.54000091552734,69.91500091552734,240700.0
2024-12-30T13:30:00-05:00,69.91500091552734,70.41999816894531,69.37000274658203,69.69999694824219,282656.0
2024-12-30T14:30:00-05:00,69.69999694824219,69.9260025024414,69.08000183105469,69.43000030517578,300072.0
2024-12-30T15:30:00-05:00,69.47000122070312,70.51000213623047,69.25,70.16000366210938,540281.0
2024-12-31T09:30:00-05:00,70.8499984741211,71.16000366210938,69.33000183105469,70.41999816894531,342566.0
2024-12-31T10:30:00-05:00,70.30879974365234,70.5999984741211,69.36000061035156,69.41999816894531,208738.0
2024-12-31T11:30:00-05:00,69.36000061035156,69.75,68.7699966430664,68.8499984741211,291629.0
2024-12-31T12:30:00-05:00,68.8499984741211,69.86000061035156,68.76010131835938,69.2300033569336,256765.0
2024-12-31T13:30:00-05:00,69.20040130615234,69.41000366210938,68.8499984741211,68.8499984741211,178713.0
2024-12-31T14:30:00-05:00,68.8499984741211,69.62000274658203,68.76000213623047,69.5199966430664,221872.0
2024-12-31T15:30:00-05:00,69.51000213623047,69.53900146484375,68.45500183105469,68.68000030517578,721429.0
2025-01-02T09:30:00-05:00,70.01000213623047,73.01000213623047,69.92500305175781,71.68000030517578,749785.0
2025-01-02T10:30:00-05:00,71.68000030517578,72.2300033569336,71.13500213623047,71.81999969482422,341988.0
2025-01-02T11:30:00-05:00,71.81999969482422,72.76000213623047,71.51000213623047,71.69999694824219,320390.0
2025-01-02T12:30:00-05:00,71.62000274658203,71.75,70.65499877929688,70.69000244140625,200106.0
2025-01-02T13:30:00-05:00,70.65499877929688,71.13999938964844,70.16500091552734,71.13999938964844,236438.0
2025-01-02T14:30:00-05:00,71.11000061035156,71.41999816894531,70.6500015258789,71.29000091552734,199463.0
2025-01-02T15:30:00-05:00,71.31999969482422,71.5999984741211,71.04000091552734,71.37899780273438,435265.0
2025-01-03T09:30:00-05:00,71.8499984741211,72.44000244140625,70.86499786376953,71.79010009765625,286013.0
2025-01-03T10:30:00-05:00,71.79000091552734,72.37999725341797,71.45999908447266,71.70230102539062,176552.0
2025-01-03T11:30:00-05:00,71.7300033569336,72.37999725341797,71.43499755859375,72.05500030517578,237126.0
2025-01-03T12:30:00-05:00,72.02999877929688,72.2699966430664,71.2500991821289,72.23750305175781,177034.0
2025-01-03T13:30:00-05:00,72.2699966430664,72.85540008544922,71.9800033569336,72.41500091552734,219879.0
2025-01-03T14:30:00-05:00,72.4000015258789,72.76000213623047,72.26000213623047,72.5199966430664,189507.0
2025-01-03T15:30:00-05:00,72.47000122070312,72.55999755859375,71.94000244140625,72.19999694824219,365981.0
2025-01-06T09:30:00-05:00,74.63500213623047,76.1500015258789,73.94000244140625,74.36399841308594,741908.0
2025-01-06T10:30:00-05:00,74.29499816894531,75.06999969482422,74.01010131835938,74.48999786376953,363055.0
2025-01-06T11:30:00-05:00,74.51000213623047,75.27999877929688,74.36000061035156,74.48500061035156,258989.0
2025-01-06T12:30:00-05:00,74.43000030517578,74.69280242919922,73.93009948730469,74.04000091552734,196144.0
2025-01-06T13:30:00-05:00,74.0604019165039,74.0604019165039,72.12999725341797,72.28600311279297,338597.0
2025-01-06T14:30:00-05:00,72.25,72.36499786376953,71.13999938964844,71.75,540288.0
2025-01-06T15:30:00-05:00,71.83499908447266,72.1449966430664,71.25,71.38999938964844,434495.0
2025-01-07T09:30:00-05:00,72.88999938964844,76.5,72.48999786376953,76.02999877929688,1108549.0
2025-01-07T10:30:00-05:00,75.72000122070312,76.87999725341797,74.63520050048828,75.56999969482422,665655.0
2025-01-07T11:30:00-05:00,75.51000213623047,75.63999938964844,71.37999725341797,75.33999633789062,291658.0
2025-01-07T12:30:00-05:00,75.31500244140625,76.9000015258789,75.29499816894531,76.8499984741211,479061.0
2025-01-07T13:30:00-05:00,76.69999694824219,76.88999938964844,75.04000091552734,75.22000122070312,273349.0
2025-01-07T14:30:00-05:00,75.16999816894531,75.27999877929688,73.01000213623047,73.16000366210938,417641.0
2025-01-07T15:30:00-05:00,73.20500183105469,73.79000091552734,72.66999816894531,73.52999877929688,594950.0
2025-01-08T09:30:00-05:00,70.97000122070312,71.61000061035156,69.5,70.26499938964844,875538.0
2025-01-08T10:30:00-05:00,70.36000061035156,71.0199966430664,69.77999877929688,70.47000122070312,391514.0
2025-01-08T11:30:00-05:00,70.52999877929688,71.19999694824219,69.94999694824219,69.98999786376953,245104.0
2025-01-08T12:30:00-05:00,70.0199966430664,70.52999877929688,69.6500015258789,70.44000244140625,233759.0
2025-01-08T13:30:00-05:00,70.43499755859375,70.44999694824219,69.75,70.33999633789062,168781.0
2025-01-08T14:30:00-05:00,70.33999633789062,70.33999633789062,69.91000366210938,70.02999877929688,138451.0
2025-01-08T15:30:00-05:00,70.06999969482422,70.06999969482422,69.30000305175781,69.66000366210938,470556.0
2025-01-10T09:30:00-05:00,68.75,68.875,66.6500015258789,68.0199966430664,848423.0
2025-01-10T10:30:00-05:00,68.04000091552734,68.30999755859375,67.16999816894531,67.3949966430664,237182.0
2025-01-10T11:30:00-05:00,67.33999633789062,67.79000091552734,67.01000213623047,67.3499984741211,237933.0
2025-01-10T12:30:00-05:00,67.33000183105469,68.38999938964844,67.2125015258789,68.32510375976562,177359.0
2025-01-10T13:30:00-05:00,68.26000213623047,68.38999938964844,67.62999725341797,67.98999786376953,171767.0
2025-01-10T14:30:00-05:00,68.03279876708984,68.07209777832031,67.12000274658203,67.19000244140625,217440.0
2025-01-10T15:30:00-05:00,67.18000030517578,67.4800033569336,66.69000244140625,66.70999908447266,569601.0
2025-01-13T09:30:00-05:00,65.80000305175781,66.0999984741211,64.08000183105469,64.62999725341797,762564.0
2025-01-13T10:30:00-05:00,64.62999725341797,65.58999633789062,64.58999633789062,64.80000305175781,342270.0
2025-01-13T11:30:00-05:00,64.83000183105469,65.1500015258789,64.16169738769531,64.79000091552734,294290.0
2025-01-13T12:30:00-05:00,64.76000213623047,65.5,64.69999694824219,65.45999908447266,230387.0
2025-01-13T13:30:00-05:00,65.47000122070312,66.37999725341797,65.38999938964844,66.01499938964844,301791.0
2025-01-13T14:30:00-05:00,66.0199966430664,66.37000274658203,65.91000366210938,66.0999984741211,313893.0
2025-01-13T15:30:00-05:00,66.22000122070312,67.06999969482422,66.18000030517578,66.87000274658203,520220.0
2025-01-14T09:30:00-05:00,67.9000015258789,68.48989868164062,65.99639892578125,66.12999725341797,448174.0
2025-01-14T10:30:00-05:00,66.08999633789062,66.55500030517578,65.75,66.27999877929688,348112.0
2025-01-14T11:30:00-05:00,66.27999877929688,66.41000366210938,65.91999816894531,66.02999877929688,151073.0
2025-01-14T12:30:00-05:00,66.02999877929688,66.51000213623047,65.81999969482422,66.51000213623047,161208.0
2025-01-14T13:30:00-05:00,66.5,66.54340362548828,65.80000305175781,65.9800033569336,230155.0
2025-01-14T14:30:00-05:00,65.98500061035156,66.29000091552734,65.13999938964844,65.43000030517578,264005.0
2025-01-14T15:30:00-05:00,65.45999908447266,65.55999755859375,65.1500015258789,65.44000244140625,470638.0
2025-01-15T09:30:00-05:00,68.51000213623047,68.62999725341797,66.5199966430664,67.12000274658203,629918.0
2025-01-15T10:30:00-05:00,67.13999938964844,67.33499908447266,66.51000213623047,66.95999908447266,357711.0
2025-01-15T11:30:00-05:00,66.93000030517578,67.05000305175781,66.54000091552734,66.66000366210938,222744.0
2025-01-15T12:30:00-05:00,66.73500061035156,66.80000305175781,66.05000305175781,66.22000122070312,194181.0
2025-01-15T13:30:00-05:00,66.22799682617188,66.74500274658203,66.12999725341797,66.74150085449219,220094.0
2025-01-15T14:30:00-05:00,66.7665023803711,67.13999938964844,66.20999908447266,66.21499633789062,264775.0
2025-01-15T15:30:00-05:00,66.2300033569336,66.30729675292969,65.77999877929688,65.79000091552734,460233.0
2025-01-16T09:30:00-05:00,63.111000061035156,64.66000366210938,62.79999923706055,64.49500274658203,980011.0
2025-01-16T10:30:00-05:00,64.5,64.83999633789062,63.77000045776367,64.01490020751953,681145.0
2025-01-16T11:30:00-05:00,63.9900016784668,64.16000366210938,63.29999923706055,63.650001525878906,490861.0
2025-01-16T12:30:00-05:00,63.68000030517578,63.810001373291016,63.130001068115234,63.64500045776367,389685.0
2025-01-16T13:30:00-05:00,63.64500045776367,63.970001220703125,63.43000030517578,63.540000915527344,307239.0
2025-01-16T14:30:00-05:00,63.54499816894531,63.81999969482422,63.34000015258789,63.6150016784668,387672.0
2025-01-16T15:30:00-05:00,63.619998931884766,63.93000030517578,63.40999984741211,63.459999084472656,650535.0
2025-01-17T09:30:00-05:00,63.900001525878906,64.5199966430664,63.40999984741211,63.470001220703125,594192.0
2025-01-17T10:30:00-05:00,63.540000915527344,64.66000366210938,63.2400016784668,64.5199966430664,431558.0
2025-01-17T11:30:00-05:00,64.55000305175781,64.93000030517578,63.939998626708984,64.12999725341797,429964.0
2025-01-17T12:30:00-05:00,64.1500015258789,64.30970001220703,63.65999984741211,63.72999954223633,186670.0
2025-01-17T13:30:00-05:00,63.709999084472656,64.37000274658203,63.63999938964844,64.22000122070312,224006.0
2025-01-17T14:30:00-05:00,64.22000122070312,64.3302001953125,63.7599983215332,63.90999984741211,288177.0
2025-01-17T15:30:00-05:00,63.880001068115234,64.08000183105469,63.63999938964844,63.65999984741211,426041.0
2025-01-21T09:30:00-05:00,63.08000183105469,63.78499984741211,62.11000061035156,62.564998626708984,875186.0
2025-01-21T10:30:00-05:00,62.52000045776367,62.779998779296875,61.730499267578125,61.95000076293945,771152.0
2025-01-21T11:30:00-05:00,61.90999984741211,62.66999816894531,61.720001220703125,62.308998107910156,483843.0
2025-01-21T12:30:00-05:00,62.30500030517578,62.619998931884766,61.970001220703125,62.15999984741211,421247.0
2025-01-21T13:30:00-05:00,62.15999984741211,62.66999816894531,62.0099983215332,62.58000183105469,454915.0
2025-01-21T14:30:00-05:00,62.58000183105469,63.05500030517578,62.209999084472656,62.91999816894531,440897.0
2025-01-21T15:30:00-05:00,62.92499923706055,63.13999938964844,62.709999084472656,62.84000015258789,828542.0
2025-01-22T09:30:00-05:00,62.209999084472656,63.38999938964844,61.62779998779297,61.68000030517578,844626.0
2025-01-22T10:30:00-05:00,61.689998626708984,61.974998474121094,61.209999084472656,61.43009948730469,599652.0
2025-01-22T11:30:00-05:00,61.47050094604492,61.790000915527344,61.119998931884766,61.53010177612305,512117.0
2025-01-22T12:30:00-05:00,61.57500076293945,61.93000030517578,61.540000915527344,61.70000076293945,325448.0
2025-01-22T13:30:00-05:00,61.68000030517578,62.119998931884766,61.41999816894531,61.8838996887207,371254.0
2025-01-22T14:30:00-05:00,61.869998931884766,62.45000076293945,61.08000183105469,61.349998474121094,598637.0
2025-01-22T15:30:00-05:00,61.33000183105469,61.3650016784668,60.939998626708984,60.97999954223633,901021.0
2025-01-23T09:30:00-05:00,60.70000076293945,61.060001373291016,58.849998474121094,59.689998626708984,1328561.0
2025-01-23T10:30:00-05:00,59.65999984741211,62.36989974975586,59.56909942626953,62.099998474121094,969672.0
2025-01-23T11:30:00-05:00,62.11000061035156,62.29999923706055,61.38999938964844,61.95000076293945,367900.0
2025-01-23T12:30:00-05:00,61.97999954223633,63.04999923706055,61.79100036621094,62.732398986816406,907874.0
2025-01-23T13:30:00-05:00,62.780799865722656,63.63999938964844,62.650001525878906,63.564998626708984,566768.0
2025-01-23T14:30:00-05:00,63.59000015258789,64.08999633789062,63.16999816894531,64.08999633789062,605535.0
2025-01-23T15:30:00-05:00,64.08000183105469,64.6500015258789,63.88999938964844,64.26000213623047,888348.0
2025-01-24T09:30:00-05:00,64.30999755859375,65.18379974365234,63.220001220703125,64.33999633789062,481491.0
2025-01-24T10:30:00-05:00,64.33000183105469,64.63999938964844,64.13999938964844,64.55000305175781,275048.0
2025-01-24T11:30:00-05:00,64.55000305175781,64.75,63.875,63.939998626708984,242510.0
2025-01-24T12:30:00-05:00,63.939998626708984,64.3499984741211,63.625,63.970001220703125,272363.0
2025-01-24T13:30:00-05:00,63.939998626708984,64.08000183105469,63.56999969482422,63.81999969482422,265540.0
2025-01-24T14:30:00-05:00,63.82500076293945,64.29869842529297,63.56999969482422,63.56999969482422,398764.0
2025-01-24T15:30:00-05:00,63.56999969482422,63.720001220703125,63.290000915527344,63.31999969482422,514051.0
2025-01-27T09:30:00-05:00,63.31999969482422,65.0999984741211,63.26499938964844,64.88999938964844,924672.0
2025-01-27T10:30:00-05:00,64.80000305175781,64.80000305175781,63.240501403808594,63.529998779296875,348777.0
2025-01-27T11:30:00-05:00,63.59000015258789,63.9900016784668,63.40119934082031,63.83000183105469,252702.0
2025-01-27T12:30:00-05:00,63.842498779296875,64.01000213623047,62.91999816894531,63.189998626708984,248835.0
2025-01-27T13:30:00-05:00,63.21969985961914,63.630001068115234,63.08000183105469,63.20500183105469,235742.0
2025-01-27T14:30:00-05:00,63.15999984741211,63.56999969482422,62.880001068115234,63.494998931884766,296708.0
2025-01-27T15:30:00-05:00,63.529998779296875,64.02999877929688,63.529998779296875,63.95000076293945,463753.0
2025-01-28T09:30:00-05:00,64.45999908447266,64.45999908447266,62.0,63.185001373291016,374817.0
2025-01-28T10:30:00-05:00,63.18000030517578,63.345001220703125,61.36000061035156,61.630001068115234,322082.0
2025-01-28T11:30:00-05:00,61.63999938964844,62.310001373291016,61.589500427246094,62.17499923706055,269999.0
2025-01-28T12:30:00-05:00,62.16999816894531,62.23500061035156,61.750099182128906,61.902000427246094,288375.0
2025-01-28T13:30:00-05:00,61.880001068115234,62.150001525878906,61.6349983215332,62.150001525878906,225826.0
2025-01-28T14:30:00-05:00,62.04999923706055,62.93000030517578,62.0,62.84880065917969,394532.0
2025-01-28T15:30:00-05:00,62.849998474121094,62.959999084472656,62.189998626708984,62.220001220703125,484037.0
2025-01-29T09:30:00-05:00,63.5,64.02999877929688,62.310001373291016,62.564998626708984,652792.0
2025-01-29T10:30:00-05:00,62.470001220703125,62.54909896850586,61.130001068115234,61.165000915527344,417738.0
2025-01-29T11:30:00-05:00,61.165000915527344,61.43000030517578,60.72999954223633,60.88999938964844,377411.0
2025-01-29T12:30:00-05:00,60.875,61.70000076293945,60.875,61.27000045776367,415653.0
2025-01-29T13:30:00-05:00,61.26850128173828,61.31999969482422,60.66999816894531,60.87910079956055,255001.0
2025-01-29T14:30:00-05:00,60.810001373291016,61.7599983215332,60.7244987487793,61.470001220703125,338326.0
2025-01-29T15:30:00-05:00,61.47999954223633,61.564998626708984,60.72999954223633,60.8650016784668,587897.0
2025-01-30T09:30:00-05:00,62.36000061035156,62.470001220703125,60.90999984741211,61.34000015258789,498791.0
2025-01-30T10:30:00-05:00,61.54990005493164,62.29999923706055,61.41999816894531,62.040000915527344,256993.0
2025-01-30T11:30:00-05:00,62.00170135498047,62.20500183105469,61.06999969482422,61.359901428222656,249693.0
2025-01-30T12:30:00-05:00,61.29999923706055,61.779998779296875,61.119998931884766,61.53499984741211,102429.0
2025-01-30T13:30:00-05:00,61.540000915527344,62.18000030517578,61.4901008605957,62.15999984741211,138068.0
2025-01-30T14:30:00-05:00,62.13999938964844,62.39950180053711,62.04999923706055,62.04999923706055,188569.0
2025-01-30T15:30:00-05:00,62.0099983215332,62.119998931884766,61.150001525878906,62.04999923706055,503382.0
2025-01-31T09:30:00-05:00,63.0,63.79999923706055,62.130001068115234,63.77000045776367,566790.0
2025-01-31T10:30:00-05:00,63.779998779296875,65.05999755859375,63.68389892578125,63.91999816894531,646942.0
2025-01-31T11:30:00-05:00,63.91999816894531,64.05039978027344,63.279998779296875,63.61000061035156,329735.0
2025-01-31T12:30:00-05:00,63.59000015258789,63.79999923706055,62.93000030517578,63.02989959716797,244092.0
2025-01-31T13:30:00-05:00,62.95199966430664,62.97999954223633,62.070499420166016,62.209999084472656,299326.0
2025-01-31T14:30:00-05:00,62.255001068115234,62.38999938964844,61.75,62.220001220703125,325549.0
2025-01-31T15:30:00-05:00,62.22999954223633,62.77000045776367,62.189998626708984,62.290000915527344,558563.0
2025-02-03T09:30:00-05:00,60.05009841918945,63.53499984741211,59.70009994506836,63.470001220703125,1276087.0
2025-02-03T10:30:00-05:00,63.47999954223633,65.12000274658203,62.90999984741211,64.98799896240234,696823.0
2025-02-03T11:30:00-05:00,64.91000366210938,65.92990112304688,64.62999725341797,64.6322021484375,600160.0
2025-02-03T12:30:00-05:00,64.62999725341797,64.90499877929688,64.0,64.58570098876953,383875.0
2025-02-03T13:30:00-05:00,64.55999755859375,65.29989624023438,64.55999755859375,65.13999938964844,311020.0
2025-02-03T14:30:00-05:00,65.18000030517578,65.7699966430664,64.7699966430664,64.77999877929688,484502.0
2025-02-03T15:30:00-05:00,64.75749969482422,64.95999908447266,63.79999923706055,63.91999816894531,830819.0
2025-02-04T09:30:00-05:00,65.33000183105469,67.48999786376953,64.80000305175781,66.55500030517578,1354070.0
2025-02-04T10:30:00-05:00,66.57499694824219,67.31500244140625,66.38999938964844,66.84500122070312,750104.0
2025-02-04T11:30:00-05:00,66.86000061035156,67.02999877929688,65.5999984741211,65.66999816894531,633764.0
2025-02-04T12:30:00-05:00,65.62999725341797,65.88999938964844,65.30999755859375,65.69000244140625,504068.0
2025-02-04T13:30:00-05:00,65.70999908447266,66.5999984741211,65.62999725341797,66.3499984741211,445125.0
2025-02-04T14:30:00-05:00,66.35690307617188,66.4000015258789,65.87000274658203,66.2300033569336,783614.0
2025-02-04T15:30:00-05:00,66.23999786376953,66.58000183105469,65.97000122070312,66.2300033569336,896293.0
2025-02-05T09:30:00-05:00,68.5,69.4000015258789,64.0199966430664,67.41999816894531,3445473.0
2025-02-05T10:30:00-05:00,67.5999984741211,68.79000091552734,67.01200103759766,67.11000061035156,942717.0
2025-02-05T11:30:00-05:00,67.12000274658203,67.77999877929688,65.16000366210938,65.61869812011719,873509.0
2025-02-05T12:30:00-05:00,65.5999984741211,65.93000030517578,65.01000213623047,65.31999969482422,518847.0
2025-02-05T13:30:00-05:00,65.2750015258789,66.05999755859375,65.1415023803711,65.560302734375,473636.0
2025-02-05T14:30:00-05:00,65.58499908447266,65.91999816894531,65.06999969482422,65.75869750976562,431695.0
2025-02-05T15:30:00-05:00,65.80000305175781,66.43000030517578,64.94259643554688,65.25,1051334.0
2025-02-06T09:30:00-05:00,66.08000183105469,68.36000061035156,65.77999877929688,67.59500122070312,1181947.0
2025-02-06T10:30:00-05:00,67.62000274658203,68.7698974609375,66.21499633789062,66.70999908447266,628437.0
2025-02-06T11:30:00-05:00,66.61000061035156,66.93000030517578,65.61000061035156,65.75990295410156,494368.0
2025-02-06T12:30:00-05:00,65.71499633789062,66.1500015258789,65.62999725341797,65.75,266018.0
2025-02-06T13:30:00-05:00,65.73999786376953,66.01000213623047,65.0999984741211,65.16999816894531,347674.0
2025-02-06T14:30:00-05:00,65.17369842529297,65.58869934082031,64.73999786376953,65.1500015258789,493816.0
2025-02-06T15:30:00-05:00,65.12999725341797,66.5999984741211,65.12999725341797,66.54000091552734,615509.0
2025-02-07T09:30:00-05:00,66.19999694824219,66.41000366210938,64.7699966430664,64.79090118408203,794034.0
2025-02-07T10:30:00-05:00,64.76000213623047,64.9800033569336,63.125,63.18000030517578,829228.0
2025-02-07T11:30:00-05:00,63.185001373291016,63.47999954223633,62.84000015258789,63.08000183105469,483125.0
2025-02-07T12:30:00-05:00,63.040000915527344,63.4900016784668,62.7400016784668,63.24919891357422,285969.0
2025-02-07T13:30:00-05:00,63.16999816894531,63.309898376464844,62.31999969482422,62.61000061035156,405777.0
2025-02-07T14:30:00-05:00,62.649200439453125,63.060001373291016,62.470001220703125,62.95000076293945,419993.0
2025-02-07T15:30:00-05:00,62.9900016784668,63.7599983215332,62.9900016784668,63.5099983215332,625688.0
2025-02-10T09:30:00-05:00,64.0,64.25,62.61000061035156,62.720001220703125,694218.0
2025-02-10T10:30:00-05:00,62.689998626708984,62.75,61.97999954223633,62.14500045776367,593814.0
2025-02-10T11:30:00-05:00,62.14500045776367,62.290000915527344,61.850101470947266,61.93000030517578,480741.0
2025-02-10T12:30:00-05:00,61.90999984741211,62.40999984741211,61.70000076293945,62.224998474121094,405914.0
2025-02-10T13:30:00-05:00,62.19879913330078,62.97999954223633,62.15999984741211,62.755001068115234,317408.0
2025-02-10T14:30:00-05:00,62.72999954223633,62.849998474121094,62.20000076293945,62.79999923706055,434182.0
2025-02-10T15:30:00-05:00,62.79999923706055,63.369998931884766,62.775001525878906,63.040000915527344,514360.0
2025-02-11T09:30:00-05:00,62.775001525878906,65.0,62.31999969482422,64.84200286865234,793778.0
2025-02-11T10:30:00-05:00,64.83999633789062,65.41999816894531,64.7301025390625,65.12590026855469,368990.0
2025-02-11T11:30:00-05:00,65.12000274658203,65.1500015258789,64.05999755859375,64.11000061035156,307782.0
2025-02-11T12:30:00-05:00,64.11000061035156,64.15750122070312,63.36000061035156,63.459999084472656,259820.0
2025-02-11T13:30:00-05:00,63.459999084472656,63.7599983215332,63.220001220703125,63.22999954223633,251667.0
2025-02-11T14:30:00-05:00,63.25,63.47999954223633,62.779998779296875,62.9900016784668,458486.0
2025-02-11T15:30:00-05:00,62.98500061035156,63.068599700927734,62.505001068115234,62.560001373291016,554539.0
2025-02-12T09:30:00-05:00,61.0,61.470001220703125,60.2599983215332,61.22140121459961,1015652.0
2025-02-12T10:30:00-05:00,61.27280044555664,61.70000076293945,60.79999923706055,61.2400016784668,691995.0
2025-02-12T11:30:00-05:00,61.255001068115234,61.52000045776367,60.90999984741211,61.400001525878906,495724.0
2025-02-12T12:30:00-05:00,61.349998474121094,62.290000915527344,61.310001373291016,61.8380012512207,473294.0
2025-02-12T13:30:00-05:00,61.790000915527344,61.790000915527344,61.130001068115234,61.18000030517578,480912.0
2025-02-12T14:30:00-05:00,61.18000030517578,61.6088981628418,61.119998931884766,61.59870147705078,446298.0
2025-02-12T15:30:00-05:00,61.56999969482422,61.689998626708984,61.029998779296875,61.119998931884766,603072.0
2025-02-13T09:30:00-05:00,61.380001068115234,61.900001525878906,60.86249923706055,61.29999923706055,496787.0
2025-02-13T10:30:00-05:00,61.279998779296875,62.839900970458984,61.279998779296875,62.36399841308594,539595.0
2025-02-13T11:30:00-05:00,62.310001373291016,62.599998474121094,61.720001220703125,62.31999969482422,248092.0
2025-02-13T12:30:00-05:00,62.349998474121094,62.4900016784668,61.900001525878906,62.005001068115234,161360.0
2025-02-13T13:30:00-05:00,62.029998779296875,63.279998779296875,61.790000915527344,63.099998474121094,310924.0
2025-02-13T14:30:00-05:00,63.09000015258789,63.33000183105469,62.68000030517578,62.70000076293945,292164.0
2025-02-13T15:30:00-05:00,62.70000076293945,62.79999923706055,62.279998779296875,62.58000183105469,560809.0
2025-02-14T09:30:00-05:00,63.34000015258789,64.19999694824219,62.72999954223633,62.810001373291016,477186.0
2025-02-14T10:30:00-05:00,62.79999923706055,63.11000061035156,62.400001525878906,62.56999969482422,354428.0
2025-02-14T11:30:00-05:00,62.52000045776367,63.70000076293945,62.5,63.2599983215332,212267.0
2025-02-14T12:30:00-05:00,63.2599983215332,63.38999938964844,62.9900016784668,63.099998474121094,195599.0
2025-02-14T13:30:00-05:00,63.09000015258789,63.23550033569336,62.86000061035156,63.119998931884766,151050.0
2025-02-14T14:30:00-05:00,63.11000061035156,63.65999984741211,62.939998626708984,63.52000045776367,202429.0
2025-02-14T15:30:00-05:00,63.540000915527344,64.0999984741211,63.45000076293945,63.91999816894531,527561.0
2025-02-18T09:30:00-05:00,64.12999725341797,64.33989715576172,62.0,63.66999816894531,1218470.0
2025-02-18T10:30:00-05:00,63.709999084472656,65.81999969482422,63.709999084472656,65.75499725341797,640764.0
2025-02-18T11:30:00-05:00,65.74500274658203,66.02999877929688,65.16500091552734,65.23999786376953,439436.0
2025-02-18T12:30:00-05:00,65.23999786376953,65.62999725341797,65.16999816894531,65.53500366210938,261979.0
2025-02-18T13:30:00-05:00,65.51000213623047,65.8499984741211,65.37000274658203,65.8499984741211,294633.0
2025-02-18T14:30:00-05:00,65.8550033569336,66.44000244140625,65.61000061035156,66.41000366210938,457584.0
2025-02-18T15:30:00-05:00,66.4000015258789,66.58000183105469,65.625,65.68000030517578,723230.0
2025-02-19T09:30:00-05:00,68.1449966430664,70.77999877929688,67.5199966430664,68.25,1899125.0
2025-02-19T10:30:00-05:00,68.18000030517578,68.76000213623047,67.76000213623047,68.4301986694336,506119.0
2025-02-19T11:30:00-05:00,68.37000274658203,68.79000091552734,67.9800033569336,68.44000244140625,405555.0
2025-02-19T12:30:00-05:00,68.5,68.93000030517578,68.13999938964844,68.69000244140625,371191.0
2025-02-19T13:30:00-05:00,68.6500015258789,68.7699966430664,66.9529037475586,67.6041030883789,381230.0
2025-02-19T14:30:00-05:00,67.60859680175781,67.7699966430664,66.27999877929688,66.33999633789062,382697.0
2025-02-19T15:30:00-05:00,66.41999816894531,66.80000305175781,66.29000091552734,66.36000061035156,657126.0
2025-02-20T09:30:00-05:00,66.51000213623047,66.85990142822266,64.97090148925781,65.4000015258789,555059.0
2025-02-20T10:30:00-05:00,65.41999816894531,65.62000274658203,64.44000244140625,65.25,398306.0
2025-02-20T11:30:00-05:00,65.27999877929688,65.33999633789062,64.56999969482422,65.20500183105469,265491.0
2025-02-20T12:30:00-05:00,65.20500183105469,65.58999633789062,64.83999633789062,65.18000030517578,205151.0
2025-02-20T13:30:00-05:00,65.20999908447266,66.19999694824219,65.12999725341797,65.9800033569336,243913.0
2025-02-20T14:30:00-05:00,66.01499938964844,66.01499938964844,65.33999633789062,65.43000030517578,264834.0
2025-02-20T15:30:00-05:00,65.43000030517578,66.33999633789062,65.38999938964844,66.13999938964844,481480.0
2025-02-21T09:30:00-05:00,66.58000183105469,66.58499908447266,64.43000030517578,64.5250015258789,448194.0
2025-02-21T10:30:00-05:00,64.51000213623047,64.62560272216797,63.4359016418457,63.595001220703125,414272.0
2025-02-21T11:30:00-05:00,63.595001220703125,64.02999877929688,63.400001525878906,63.75,307863.0
2025-02-21T12:30:00-05:00,63.68000030517578,63.93000030517578,63.02000045776367,63.040000915527344,327270.0
2025-02-21T13:30:00-05:00,63.029998779296875,64.18000030517578,62.95000076293945,63.599998474121094,414733.0
2025-02-21T14:30:00-05:00,63.60499954223633,64.25,63.599998474121094,64.13999938964844,345291.0
2025-02-21T15:30:00-05:00,64.16000366210938,64.91999816894531,64.16000366210938,64.8499984741211,559699.0
2025-02-24T09:30:00-05:00,65.33999633789062,65.95999908447266,64.0,65.26000213623047,608430.0
2025-02-24T10:30:00-05:00,65.16999816894531,65.6500015258789,64.97000122070312,65.4800033569336,410489.0
2025-02-24T11:30:00-05:00,65.47000122070312,66.7229995727539,65.35600280761719,66.5199966430664,344041.0
2025-02-24T12:30:00-05:00,66.5624008178711,66.63999938964844,66.2300033569336,66.50499725341797,254660.0
2025-02-24T13:30:00-05:00,66.45999908447266,66.56999969482422,65.69999694824219,66.24500274658203,304653.0
2025-02-24T14:30:00-05:00,66.20999908447266,66.5873031616211,66.03500366210938,66.25,301412.0
2025-02-24T15:30:00-05:00,66.22000122070312,66.73999786376953,65.9000015258789,66.05999755859375,689870.0
2025-02-25T09:30:00-05:00,65.95999908447266,67.19989776611328,65.16999816894531,65.55999755859375,760869.0
2025-02-25T10:30:00-05:00,65.62000274658203,66.08000183105469,64.91999816894531,65.08000183105469,599755.0
2025-02-25T11:30:00-05:00,65.0999984741211,66.0,65.0999984741211,65.96499633789062,448806.0
2025-02-25T12:30:00-05:00,65.91999816894531,66.9000015258789,65.87000274658203,66.37999725341797,444746.0
2025-02-25T13:30:00-05:00,66.41000366210938,66.72000122070312,65.80000305175781,65.80000305175781,290223.0
2025-02-25T14:30:00-05:00,65.82499694824219,66.66000366210938,65.7699966430664,66.52149963378906,354749.0
2025-02-25T15:30:00-05:00,66.5250015258789,66.69999694824219,64.70999908447266,64.80000305175781,782173.0
2025-02-26T09:30:00-05:00,66.0199966430664,67.02999877929688,65.4000015258789,66.54000091552734,721655.0
2025-02-26T10:30:00-05:00,66.5199966430664,67.02310180664062,66.33000183105469,66.47000122070312,297702.0
2025-02-26T11:30:00-05:00,66.48999786376953,66.8499984741211,65.65499877929688,66.68000030517578,492719.0
2025-02-26T12:30:00-05:00,66.75499725341797,66.75499725341797,65.3218994140625,65.32620239257812,367393.0
2025-02-26T13:30:00-05:00,65.31999969482422,65.7300033569336,64.87999725341797,65.52999877929688,600587.0
2025-02-26T14:30:00-05:00,65.54000091552734,65.66000366210938,64.32710266113281,64.33000183105469,324481.0
2025-02-26T15:30:00-05:00,64.33000183105469,64.63999938964844,63.619998931884766,63.70000076293945,700147.0
2025-02-27T09:30:00-05:00,63.209999084472656,63.2400016784668,60.84400177001953,62.41999816894531,965975.0
2025-02-27T10:30:00-05:00,62.4900016784668,62.52000045776367,61.630001068115234,61.84000015258789,398202.0
2025-02-27T11:30:00-05:00,61.81999969482422,62.439998626708984,61.720001220703125,62.04999923706055,448841.0
2025-02-27T12:30:00-05:00,62.040000915527344,62.540000915527344,61.86000061035156,62.44240188598633,312056.0
2025-02-27T13:30:00-05:00,62.41999816894531,62.650001525878906,62.25,62.25,296465.0
2025-02-27T14:30:00-05:00,62.2400016784668,62.43000030517578,61.220001220703125,61.69499969482422,613821.0
2025-02-27T15:30:00-05:00,61.69499969482422,61.869998931884766,61.116600036621094,61.22999954223633,859011.0
2025-02-28T09:30:00-05:00,60.5,60.56999969482422,58.69430160522461,59.16999816894531,1112783.0
2025-02-28T10:30:00-05:00,59.06999969482422,59.459999084472656,58.10060119628906,58.150001525878906,708739.0
2025-02-28T11:30:00-05:00,58.150001525878906,58.61000061035156,58.029998779296875,58.5,528735.0
2025-02-28T12:30:00-05:00,58.459999084472656,58.619998931884766,57.6150016784668,57.904998779296875,494436.0
2025-02-28T13:30:00-05:00,57.93000030517578,58.150001525878906,57.06999969482422,57.150001525878906,636561.0
2025-02-28T14:30:00-05:00,57.150001525878906,58.5099983215332,57.119998931884766,58.47999954223633,758022.0
2025-02-28T15:30:00-05:00,58.47999954223633,58.47999954223633,56.83000183105469,57.349998474121094,2223804.0
2025-03-03T09:30:00-05:00,56.19499969482422,56.20000076293945,54.17499923706055,56.1150016784668,1840236.0
2025-03-03T10:30:00-05:00,56.130001068115234,56.560001373291016,55.11199951171875,55.13999938964844,910598.0
2025-03-03T11:30:00-05:00,55.15999984741211,55.689998626708984,54.95000076293945,54.962398529052734,561645.0
2025-03-03T12:30:00-05:00,54.93000030517578,55.400001525878906,54.150001525878906,54.150001525878906,571603.0
2025-03-03T13:30:00-05:00,54.18000030517578,54.44990158081055,53.779998779296875,53.834999084472656,500052.0
2025-03-03T14:30:00-05:00,53.83000183105469,54.11000061035156,53.130001068115234,53.244998931884766,862482.0
2025-03-03T15:30:00-05:00,53.2400016784668,53.40449905395508,52.65999984741211,52.86000061035156,1139254.0
2025-03-04T09:30:00-05:00,52.22999954223633,54.900001525878906,51.630001068115234,54.56999969482422,1551842.0
2025-03-04T10:30:00-05:00,54.55500030517578,55.68000030517578,54.5,55.400001525878906,858799.0
2025-03-04T11:30:00-05:00,55.43000030517578,57.8849983215332,55.380001068115234,57.73500061035156,1149750.0
2025-03-04T12:30:00-05:00,57.72999954223633,57.97999954223633,57.04999923706055,57.33000183105469,955946.0
2025-03-04T13:30:00-05:00,57.27000045776367,57.83000183105469,56.959999084472656,57.65999984741211,565910.0
2025-03-04T14:30:00-05:00,57.66999816894531,59.11000061035156,57.52000045776367,59.0,674380.0
2025-03-04T15:30:00-05:00,59.005001068115234,59.029998779296875,57.810001373291016,57.849998474121094,1101484.0
2025-03-05T09:30:00-05:00,58.2599983215332,58.334999084472656,56.810001373291016,58.0,641267.0
2025-03-05T10:30:00-05:00,58.0,58.150001525878906,56.25239944458008,56.47999954223633,453726.0
2025-03-05T11:30:00-05:00,56.43000030517578,57.29999923706055,56.25,57.28499984741211,321078.0
2025-03-05T12:30:00-05:00,57.31639862060547,57.4900016784668,56.93000030517578,57.165000915527344,275352.0
2025-03-05T13:30:00-05:00,57.165000915527344,58.33000183105469,57.150001525878906,58.029998779296875,325542.0
2025-03-05T14:30:00-05:00,58.099998474121094,58.41999816894531,57.7599983215332,58.310001373291016,302218.0
2025-03-05T15:30:00-05:00,58.310001373291016,59.09000015258789,58.15019989013672,58.65999984741211,784322.0
2025-03-06T09:30:00-05:00,57.209999084472656,58.314998626708984,56.939998626708984,57.83000183105469,561523.0
2025-03-06T10:30:00-05:00,57.880001068115234,58.25,57.5099983215332,57.810001373291016,249687.0
2025-03-06T11:30:00-05:00,57.849998474121094,58.22999954223633,57.45000076293945,57.744998931884766,292651.0
2025-03-06T12:30:00-05:00,57.83000183105469,58.34000015258789,57.45000076293945,58.279998779296875,202417.0
2025-03-06T13:30:00-05:00,58.310001373291016,58.505001068115234,57.579898834228516,58.189998626708984,240369.0
2025-03-06T14:30:00-05:00,58.20090103149414,59.689998626708984,58.20090103149414,58.97999954223633,394041.0
2025-03-06T15:30:00-05:00,59.02000045776367,59.150001525878906,58.567501068115234,58.70000076293945,421222.0
2025-03-07T09:30:00-05:00,58.720001220703125,62.86000061035156,58.52000045776367,62.6349983215332,1859549.0
2025-03-07T10:30:00-05:00,62.689998626708984,63.65999984741211,61.9900016784668,62.244998931884766,1232575.0
2025-03-07T11:30:00-05:00,62.244998931884766,62.36869812011719,60.66999816894531,61.095001220703125,757773.0
2025-03-07T12:30:00-05:00,61.04999923706055,62.040000915527344,61.0099983215332,61.56999969482422,547177.0
2025-03-07T13:30:00-05:00,61.584999084472656,61.91999816894531,61.41999816894531,61.709999084472656,390162.0
2025-03-07T14:30:00-05:00,61.709999084472656,61.900001525878906,61.08000183105469,61.34000015258789,510024.0
2025-03-07T15:30:00-05:00,61.34000015258789,61.900001525878906,61.34000015258789,61.619998931884766,721617.0
2025-03-10T09:30:00-04:00,61.52000045776367,65.31500244140625,61.22999954223633,64.80000305175781,1018146.0
2025-03-10T10:30:00-04:00,64.69000244140625,64.94000244140625,63.77000045776367,64.79000091552734,741294.0
2025-03-10T11:30:00-04:00,64.65010070800781,66.33999633789062,64.65010070800781,66.28500366210938,1182838.0
2025-03-10T12:30:00-04:00,66.30500030517578,66.69999694824219,65.0199966430664,65.47000122070312,938350.0
2025-03-10T13:30:00-04:00,65.44499969482422,65.69999694824219,64.22000122070312,64.32499694824219,625299.0
2025-03-10T14:30:00-04:00,64.41999816894531,64.45999908447266,63.34000015258789,63.83000183105469,596850.0
2025-03-10T15:30:00-04:00,63.880001068115234,64.13999938964844,63.275001525878906,63.32699966430664,734410.0
2025-03-11T09:30:00-04:00,63.36000061035156,64.2698974609375,61.79999923706055,62.1349983215332,662745.0
2025-03-11T10:30:00-04:00,62.099998474121094,62.18000030517578,61.0005989074707,61.189998626708984,351997.0
2025-03-11T11:30:00-04:00,61.2400016784668,61.36000061035156,60.310001373291016,60.665000915527344,332593.0
2025-03-11T12:30:00-04:00,60.70000076293945,60.75,59.8380012512207,59.92499923706055,293305.0
2025-03-11T13:30:00-04:00,59.900001525878906,60.339900970458984,59.709999084472656,60.064998626708984,336239.0
2025-03-11T14:30:00-04:00,60.064998626708984,61.18989944458008,60.040000915527344,60.70000076293945,414304.0
2025-03-11T15:30:00-04:00,60.70000076293945,61.060001373291016,60.439998626708984,60.86000061035156,695047.0
2025-03-12T09:30:00-04:00,61.779998779296875,61.779998779296875,59.685001373291016,59.86000061035156,505925.0
2025-03-12T10:30:00-04:00,59.790000915527344,59.81999969482422,58.91999816894531,59.165000915527344,419491.0
2025-03-12T11:30:00-04:00,59.15999984741211,59.4900016784668,58.83000183105469,59.09000015258789,361288.0
2025-03-12T12:30:00-04:00,59.209999084472656,59.349998474121094,58.529998779296875,59.18000030517578,414075.0
2025-03-12T13:30:00-04:00,59.15999984741211,59.20000076293945,58.400001525878906,59.03499984741211,306194.0
2025-03-12T14:30:00-04:00,59.03499984741211,59.13999938964844,58.70000076293945,58.76499938964844,331183.0
2025-03-12T15:30:00-04:00,58.77000045776367,58.84000015258789,57.86000061035156,58.47999954223633,862568.0
2025-03-13T09:30:00-04:00,58.20000076293945,59.880001068115234,57.79999923706055,58.130001068115234,485679.0
2025-03-13T10:30:00-04:00,58.13999938964844,58.9900016784668,58.0,58.30500030517578,288439.0
2025-03-13T11:30:00-04:00,58.279998779296875,58.94779968261719,58.130001068115234,58.75,177496.0
2025-03-13T12:30:00-04:00,58.68000030517578,59.20000076293945,58.199100494384766,58.27000045776367,209209.0
2025-03-13T13:30:00-04:00,58.27000045776367,58.29840087890625,57.630001068115234,57.86000061035156,231722.0
2025-03-13T14:30:00-04:00,57.779998779296875,58.45000076293945,57.72909927368164,58.08000183105469,288212.0
2025-03-13T15:30:00-04:00,58.07500076293945,58.400001525878906,57.90999984741211,58.0099983215332,571218.0
2025-03-14T09:30:00-04:00,58.939998626708984,59.83000183105469,58.380001068115234,58.94499969482422,497949.0
2025-03-14T10:30:00-04:00,58.94499969482422,59.08000183105469,58.47999954223633,58.89500045776367,200721.0
2025-03-14T11:30:00-04:00,58.95000076293945,59.059898376464844,58.43000030517578,58.43000030517578,165315.0
2025-03-14T12:30:00-04:00,58.45000076293945,58.97999954223633,58.44499969482422,58.810001373291016,152401.0
2025-03-14T13:30:00-04:00,58.810001373291016,58.90999984741211,58.290000915527344,58.470001220703125,143813.0
2025-03-14T14:30:00-04:00,58.470001220703125,58.72999954223633,58.36000061035156,58.36000061035156,137130.0
2025-03-14T15:30:00-04:00,58.380001068115234,58.38999938964844,57.68000030517578,58.130001068115234,481700.0
2025-03-17T09:30:00-04:00,58.89500045776367,61.29909896850586,58.89500045776367,60.720001220703125,646250.0
2025-03-17T10:30:00-04:00,60.689998626708984,61.81999969482422,60.560001373291016,61.744998931884766,528767.0
2025-03-17T11:30:00-04:00,61.744998931884766,62.149898529052734,61.459999084472656,61.869998931884766,358590.0
2025-03-17T12:30:00-04:00,61.86000061035156,62.650001525878906,61.61000061035156,62.029998779296875,518896.0
2025-03-17T13:30:00-04:00,61.95000076293945,63.407798767089844,61.93000030517578,63.11000061035156,476890.0
2025-03-17T14:30:00-04:00,63.09000015258789,64.46499633789062,63.07500076293945,64.33000183105469,674413.0
2025-03-17T15:30:00-04:00,64.3125,64.44000244140625,63.7599983215332,63.779998779296875,865137.0
2025-03-18T09:30:00-04:00,63.02000045776367,63.244998931884766,61.04999923706055,61.494998931884766,742766.0
2025-03-18T10:30:00-04:00,61.5099983215332,62.400001525878906,61.5099983215332,61.80500030517578,417072.0
2025-03-18T11:30:00-04:00,61.709999084472656,61.88999938964844,61.435001373291016,61.720001220703125,194731.0
2025-03-18T12:30:00-04:00,61.779998779296875,62.459999084472656,61.540000915527344,62.0,209676.0
2025-03-18T13:30:00-04:00,62.060001373291016,62.19499969482422,61.255001068115234,61.459999084472656,220985.0
2025-03-18T14:30:00-04:00,61.523799896240234,61.56650161743164,61.13999938964844,61.27000045776367,184883.0
2025-03-18T15:30:00-04:00,61.27000045776367,61.84000015258789,61.25,61.369998931884766,565668.0
2025-03-19T09:30:00-04:00,60.619998931884766,63.58000183105469,60.5,62.849998474121094,482747.0
2025-03-19T10:30:00-04:00,62.790000915527344,63.22999954223633,62.470001220703125,62.689998626708984,264032.0
2025-03-19T11:30:00-04:00,62.68000030517578,63.150001525878906,62.65399932861328,62.96419906616211,203217.0
2025-03-19T12:30:00-04:00,62.940101623535156,62.97999954223633,62.29999923706055,62.29999923706055,187287.0
2025-03-19T13:30:00-04:00,62.29499816894531,62.560001373291016,61.73080062866211,61.96009826660156,241705.0
2025-03-19T14:30:00-04:00,62.04499816894531,63.18000030517578,62.04499816894531,62.5099983215332,321097.0
2025-03-19T15:30:00-04:00,62.47999954223633,62.869998931884766,62.25,62.34000015258789,473402.0
2025-03-20T09:30:00-04:00,61.400001525878906,62.83000183105469,60.849998474121094,62.38639831542969,462558.0
2025-03-20T10:30:00-04:00,62.31999969482422,62.970001220703125,62.08000183105469,62.70500183105469,188130.0
2025-03-20T11:30:00-04:00,62.66999816894531,62.69499969482422,61.800201416015625,61.800498962402344,193209.0
2025-03-20T12:30:00-04:00,61.900001525878906,62.29999923706055,61.869998931884766,61.97999954223633,119912.0
2025-03-20T13:30:00-04:00,61.9900016784668,62.130001068115234,61.599998474121094,61.619998931884766,130143.0
2025-03-20T14:30:00-04:00,61.599998474121094,61.650001525878906,61.20000076293945,61.24020004272461,166638.0
2025-03-20T15:30:00-04:00,61.25,61.959999084472656,61.25,61.68000030517578,360252.0
2025-03-21T09:30:00-04:00,60.939998626708984,61.986698150634766,60.58000183105469,61.58000183105469,414333.0
2025-03-21T10:30:00-04:00,61.4900016784668,61.650001525878906,61.16999816894531,61.268798828125,167806.0
2025-03-21T11:30:00-04:00,61.290000915527344,62.880001068115234,61.150001525878906,62.79999923706055,257825.0
2025-03-21T12:30:00-04:00,62.7599983215332,62.7599983215332,61.560001373291016,61.560001373291016,206062.0
2025-03-21T13:30:00-04:00,61.560001373291016,62.125,61.5,61.93000030517578,150049.0
2025-03-21T14:30:00-04:00,61.91999816894531,62.494998931884766,61.56999969482422,61.61000061035156,265226.0
2025-03-21T15:30:00-04:00,61.61000061035156,61.86000061035156,61.13999938964844,61.56999969482422,535481.0
2025-03-24T09:30:00-04:00,62.59000015258789,63.84120178222656,62.2599983215332,62.93000030517578,266154.0
2025-03-24T10:30:00-04:00,62.88999938964844,62.994998931884766,62.130001068115234,62.209999084472656,210154.0
2025-03-24T11:30:00-04:00,62.2067985534668,62.439998626708984,62.0099983215332,62.15999984741211,112316.0
2025-03-24T12:30:00-04:00,62.130001068115234,62.33000183105469,61.970001220703125,62.28990173339844,168268.0
2025-03-24T13:30:00-04:00,62.29999923706055,62.91999816894531,62.275001525878906,62.560001373291016,292333.0
2025-03-24T14:30:00-04:00,62.584999084472656,62.7400016784668,62.36800003051758,62.599998474121094,265637.0
2025-03-24T15:30:00-04:00,62.62779998779297,62.79990005493164,62.03499984741211,62.119998931884766,359708.0
2025-03-25T09:30:00-04:00,62.0,63.310001373291016,60.93000030517578,62.71500015258789,446504.0
2025-03-25T10:30:00-04:00,62.619998931884766,63.630001068115234,62.56999969482422,63.55500030517578,259519.0
2025-03-25T11:30:00-04:00,63.55500030517578,64.07859802246094,63.16999816894531,63.22999954223633,310923.0
2025-03-25T12:30:00-04:00,63.18000030517578,64.4000015258789,62.15999984741211,63.369998931884766,297984.0
2025-03-25T13:30:00-04:00,63.375,63.599998474121094,62.93000030517578,63.02000045776367,160545.0
2025-03-25T14:30:00-04:00,62.994998931884766,63.27000045776367,62.900001525878906,62.900001525878906,154437.0
2025-03-25T15:30:00-04:00,62.95000076293945,63.125,62.500999450683594,62.790000915527344,320439.0
2025-03-26T09:30:00-04:00,61.9567985534668,62.849998474121094,61.709999084472656,61.810001373291016,285863.0
2025-03-26T10:30:00-04:00,61.70000076293945,61.70000076293945,60.369998931884766,60.474998474121094,358188.0
2025-03-26T11:30:00-04:00,60.48500061035156,60.869998931884766,59.841400146484375,60.20000076293945,267577.0
2025-03-26T12:30:00-04:00,60.20500183105469,60.56999969482422,59.58000183105469,59.68000030517578,318124.0
2025-03-26T13:30:00-04:00,59.599998474121094,60.11000061035156,59.52000045776367,59.9900016784668,204618.0
2025-03-26T14:30:00-04:00,60.029998779296875,60.4900016784668,59.70000076293945,59.757999420166016,242061.0
2025-03-26T15:30:00-04:00,59.790000915527344,60.209999084472656,59.6609992980957,60.150001525878906,448747.0
2025-03-27T09:30:00-04:00,60.025001525878906,62.235801696777344,59.93899917602539,62.209999084472656,417683.0
2025-03-27T10:30:00-04:00,62.244998931884766,62.63999938964844,61.970001220703125,61.97999954223633,241638.0
2025-03-27T11:30:00-04:00,61.994998931884766,62.02000045776367,61.0,61.0,243974.0
2025-03-27T12:30:00-04:00,61.030399322509766,61.11000061035156,60.48160171508789,60.54999923706055,138273.0
2025-03-27T13:30:00-04:00,60.54999923706055,60.86000061035156,60.349998474121094,60.810001373291016,131954.0
2025-03-27T14:30:00-04:00,60.810001373291016,61.2599983215332,60.7599983215332,61.22999954223633,140303.0
2025-03-27T15:30:00-04:00,61.20000076293945,61.21500015258789,60.51499938964844,60.7400016784668,303271.0
2025-03-28T09:30:00-04:00,60.7400016784668,62.0,60.14500045776367,61.65999984741211,493141.0
2025-03-28T10:30:00-04:00,61.66999816894531,61.9900016784668,61.060001373291016,61.709999084472656,271790.0
2025-03-28T11:30:00-04:00,61.709999084472656,62.720001220703125,61.68000030517578,62.400001525878906,422967.0
2025-03-28T12:30:00-04:00,62.400001525878906,62.810001373291016,62.1775016784668,62.369998931884766,406654.0
2025-03-28T13:30:00-04:00,62.369998931884766,63.0,62.13999938964844,62.75,358759.0
2025-03-28T14:30:00-04:00,62.75,62.90999984741211,61.70000076293945,62.189998626708984,404346.0
2025-03-28T15:30:00-04:00,62.220001220703125,62.279998779296875,61.54999923706055,61.630001068115234,652065.0
2025-03-31T09:30:00-04:00,61.099998474121094,61.099998474121094,59.05500030517578,60.09000015258789,588964.0
2025-03-31T10:30:00-04:00,60.06999969482422,61.229400634765625,60.040000915527344,60.689998626708984,359545.0
2025-03-31T11:30:00-04:00,60.68000030517578,61.01499938964844,60.48500061035156,61.01499938964844,239638.0
2025-03-31T12:30:00-04:00,61.060001373291016,61.064998626708984,60.224998474121094,60.47999954223633,171494.0
2025-03-31T13:30:00-04:00,60.5099983215332,61.400001525878906,60.474700927734375,61.19499969482422,171781.0
2025-03-31T14:30:00-04:00,61.16999816894531,61.52899932861328,60.9900016784668,61.400001525878906,290731.0
2025-03-31T15:30:00-04:00,61.349998474121094,62.13999938964844,61.2400016784668,62.08000183105469,752683.0
2025-04-01T09:30:00-04:00,62.22999954223633,62.349998474121094,58.91270065307617,59.10409927368164,652051.0
2025-04-01T10:30:00-04:00,59.18000030517578,62.0880012512207,59.18000030517578,61.91999816894531,482079.0
2025-04-01T11:30:00-04:00,61.880001068115234,62.630001068115234,61.54999923706055,62.13999938964844,371872.0
2025-04-01T12:30:00-04:00,62.09000015258789,62.36000061035156,61.73500061035156,62.04499816894531,204435.0
2025-04-01T13:30:00-04:00,62.0099983215332,62.25,61.70000076293945,61.71500015258789,249077.0
2025-04-01T14:30:00-04:00,61.72999954223633,62.08000183105469,61.560001373291016,61.970001220703125,273298.0
2025-04-01T15:30:00-04:00,61.959999084472656,62.43000030517578,61.88999938964844,62.400001525878906,414851.0
2025-04-02T09:30:00-04:00,61.599998474121094,62.69729995727539,61.459999084472656,62.40999984741211,264007.0
2025-04-02T10:30:00-04:00,62.400001525878906,62.984500885009766,61.939998626708984,62.900001525878906,228382.0
2025-04-02T11:30:00-04:00,62.91999816894531,63.470001220703125,62.7400016784668,63.060001373291016,245221.0
2025-04-02T12:30:00-04:00,63.064998626708984,63.6963996887207,62.38999938964844,62.38999938964844,173456.0
2025-04-02T13:30:00-04:00,63.33000183105469,63.43000030517578,62.07360076904297,62.099998474121094,245343.0
2025-04-02T14:30:00-04:00,62.095001220703125,62.744998931884766,62.095001220703125,62.54999923706055,191875.0
2025-04-02T15:30:00-04:00,62.529998779296875,62.7599983215332,62.27000045776367,62.47200012207031,479534.0
2025-04-03T09:30:00-04:00,59.2400016784668,60.65999984741211,59.0,59.560001373291016,1030168.0
2025-04-03T10:30:00-04:00,59.52000045776367,59.779998779296875,57.27000045776367,57.54999923706055,621550.0
2025-04-03T11:30:00-04:00,57.599998474121094,58.07630157470703,57.02000045776367,57.91999816894531,393041.0
2025-04-03T12:30:00-04:00,57.959999084472656,58.0,57.205101013183594,57.400001525878906,322162.0
2025-04-03T13:30:00-04:00,57.400001525878906,58.79999923706055,57.400001525878906,58.564998626708984,372675.0
2025-04-03T14:30:00-04:00,58.63999938964844,59.11000061035156,58.33000183105469,58.849998474121094,401774.0
2025-04-03T15:30:00-04:00,58.880001068115234,58.95500183105469,58.400001525878906,58.77000045776367,805826.0
2025-04-04T09:30:00-04:00,56.5,56.7599983215332,53.52000045776367,55.8849983215332,1170063.0
2025-04-04T10:30:00-04:00,55.900001525878906,57.790000915527344,54.31010055541992,57.0099983215332,927674.0
2025-04-04T11:30:00-04:00,56.98500061035156,57.279998779296875,55.91999816894531,56.279998779296875,424848.0
2025-04-04T12:30:00-04:00,56.36000061035156,56.90999984741211,56.165000915527344,56.779998779296875,355004.0
2025-04-04T13:30:00-04:00,56.7599983215332,57.119998931884766,55.970001220703125,56.154998779296875,370187.0
2025-04-04T14:30:00-04:00,56.15999984741211,57.12900161743164,56.099998474121094,56.849998474121094,353081.0
2025-04-04T15:30:00-04:00,56.900001525878906,57.75,56.900001525878906,57.2400016784668,518356.0
2025-04-07T09:30:00-04:00,55.599998474121094,59.36000061035156,53.209999084472656,56.35499954223633,1213727.0
2025-04-07T10:30:00-04:00,56.560001373291016,57.68000030517578,55.45000076293945,55.459999084472656,445165.0
2025-04-07T11:30:00-04:00,55.5,56.58000183105469,55.380001068115234,56.09000015258789,449432.0
2025-04-07T12:30:00-04:00,56.02000045776367,56.775001525878906,55.25,56.775001525878906,336733.0
2025-04-07T13:30:00-04:00,56.779998779296875,57.31999969482422,55.85499954223633,55.85499954223633,364523.0
2025-04-07T14:30:00-04:00,55.93000030517578,56.720001220703125,55.79499816894531,55.8650016784668,359987.0
2025-04-07T15:30:00-04:00,55.900001525878906,56.36000061035156,55.45000076293945,55.79999923706055,606846.0
2025-04-08T09:30:00-04:00,56.290000915527344,57.380001068115234,54.84000015258789,55.23500061035156,736793.0
2025-04-08T10:30:00-04:00,55.189998626708984,55.34000015258789,52.612300872802734,52.77000045776367,778526.0
2025-04-08T11:30:00-04:00,52.77000045776367,54.0,52.7599983215332,53.23500061035156,457328.0
2025-04-08T12:30:00-04:00,53.23500061035156,53.29499816894531,50.88999938964844,51.189998626708984,986012.0
2025-04-08T13:30:00-04:00,51.13999938964844,51.77000045776367,50.79010009765625,50.845001220703125,564914.0
2025-04-08T14:30:00-04:00,50.880001068115234,51.619998931884766,49.38999938964844,49.849998474121094,1046954.0
2025-04-08T15:30:00-04:00,49.880001068115234,49.959999084472656,48.38209915161133,49.5099983215332,1099556.0
2025-04-09T09:30:00-04:00,48.60499954223633,49.47370147705078,47.480098724365234,48.8849983215332,1029082.0
2025-04-09T10:30:00-04:00,48.849998474121094,49.42720031738281,47.90999984741211,49.07500076293945,702825.0
2025-04-09T11:30:00-04:00,49.060001373291016,50.880001068115234,48.91999816894531,50.53499984741211,532313.0
2025-04-09T12:30:00-04:00,50.470001220703125,54.619998931884766,50.06999969482422,53.040000915527344,926899.0
2025-04-09T13:30:00-04:00,53.01499938964844,55.099998474121094,52.689998626708984,54.810001373291016,1981030.0
2025-04-09T14:30:00-04:00,54.790000915527344,55.119998931884766,52.650001525878906,54.13999938964844,1071742.0
2025-04-09T15:30:00-04:00,54.13999938964844,54.564998626708984,53.720001220703125,54.099998474121094,1056401.0
2025-04-10T09:30:00-04:00,52.5099983215332,52.584999084472656,49.5,50.45500183105469,854971.0
2025-04-10T10:30:00-04:00,50.540000915527344,50.900001525878906,49.68000030517578,49.939998626708984,668511.0
2025-04-10T11:30:00-04:00,49.915000915527344,50.04999923706055,48.4900016784668,48.70500183105469,562578.0
2025-04-10T12:30:00-04:00,48.70500183105469,50.26499938964844,48.41999816894531,48.85499954223633,596678.0
2025-04-10T13:30:00-04:00,48.869998931884766,49.9900016784668,48.7400016784668,49.8650016784668,424850.0
2025-04-10T14:30:00-04:00,49.881099700927734,50.130001068115234,49.119998931884766,49.130001068115234,616588.0
2025-04-10T15:30:00-04:00,49.13999938964844,49.810001373291016,48.7400016784668,49.59000015258789,886894.0
2025-04-11T09:30:00-04:00,49.36000061035156,49.869998931884766,48.247398376464844,48.4900016784668,576513.0
2025-04-11T10:30:00-04:00,48.5,48.859901428222656,47.934200286865234,48.7400016784668,756100.0
2025-04-11T11:30:00-04:00,48.72999954223633,49.36000061035156,48.68000030517578,49.119998931884766,398046.0
2025-04-11T12:30:00-04:00,49.150001525878906,50.5,49.150001525878906,49.80619812011719,429220.0
2025-04-11T13:30:00-04:00,49.81999969482422,51.02859878540039,49.56999969482422,50.82500076293945,402797.0
2025-04-11T14:30:00-04:00,50.814998626708984,52.08000183105469,50.79999923706055,51.849998474121094,618349.0
2025-04-11T15:30:00-04:00,51.84000015258789,51.92499923706055,51.459999084472656,51.869998931884766,754584.0
2025-04-14T09:30:00-04:00,52.400001525878906,54.33000183105469,52.09669876098633,54.08000183105469,496873.0
2025-04-14T10:30:00-04:00,54.040000915527344,54.35459899902344,53.45000076293945,53.459999084472656,433893.0
2025-04-14T11:30:00-04:00,53.459999084472656,53.81999969482422,52.83319854736328,53.72999954223633,207828.0
2025-04-14T12:30:00-04:00,53.7599983215332,54.34000015258789,53.68000030517578,53.869998931884766,238030.0
2025-04-14T13:30:00-04:00,53.904998779296875,54.790000915527344,53.56999969482422,54.75,268923.0
2025-04-14T14:30:00-04:00,54.75,54.939998626708984,54.244998931884766,54.584999084472656,371439.0
2025-04-14T15:30:00-04:00,54.584999084472656,54.709999084472656,54.31999969482422,54.54999923706055,543595.0
2025-04-15T09:30:00-04:00,54.459999084472656,55.380001068115234,53.88999938964844,53.88999938964844,400094.0
2025-04-15T10:30:00-04:00,53.97999954223633,54.03089904785156,53.150001525878906,53.29999923706055,320504.0
2025-04-15T11:30:00-04:00,53.275001525878906,53.400001525878906,52.810001373291016,53.04399871826172,223982.0
2025-04-15T12:30:00-04:00,52.9900016784668,53.150001525878906,52.41999816894531,52.52000045776367,190019.0
2025-04-15T13:30:00-04:00,52.52000045776367,53.0,52.52000045776367,52.775001525878906,204141.0
2025-04-15T14:30:00-04:00,52.810001373291016,53.290000915527344,52.80500030517578,52.994998931884766,255328.0
2025-04-15T15:30:00-04:00,52.959999084472656,53.16999816894531,52.79999923706055,53.0099983215332,525752.0
2025-04-16T09:30:00-04:00,52.45000076293945,54.0,52.36000061035156,53.779998779296875,335506.0
2025-04-16T10:30:00-04:00,53.720001220703125,53.93000030517578,53.31999969482422,53.459999084472656,296738.0
2025-04-16T11:30:00-04:00,53.474998474121094,53.6885986328125,52.77000045776367,52.84000015258789,177713.0
2025-04-16T12:30:00-04:00,52.86000061035156,53.04999923706055,52.680999755859375,52.83000183105469,99077.0
2025-04-16T13:30:00-04:00,52.875,52.88999938964844,51.709999084472656,51.849998474121094,171300.0
2025-04-16T14:30:00-04:00,51.86000061035156,51.90999984741211,50.83000183105469,50.900001525878906,300689.0
2025-04-16T15:30:00-04:00,50.89500045776367,51.959999084472656,50.89500045776367,51.72100067138672,503161.0
2025-04-17T09:30:00-04:00,50.150001525878906,52.20709991455078,49.39500045776367,51.29499816894531,801173.0
2025-04-17T10:30:00-04:00,51.22010040283203,52.20000076293945,51.06999969482422,51.76499938964844,277338.0
2025-04-17T11:30:00-04:00,51.70000076293945,52.28960037231445,51.334999084472656,52.02000045776367,359770.0
2025-04-17T12:30:00-04:00,52.02000045776367,52.349998474121094,51.400001525878906,51.584999084472656,236668.0
2025-04-17T13:30:00-04:00,51.59000015258789,52.68000030517578,51.59000015258789,52.290000915527344,209768.0
2025-04-17T14:30:00-04:00,52.3468017578125,52.470001220703125,51.814998626708984,52.310001373291016,229492.0
2025-04-17T15:30:00-04:00,52.349998474121094,52.619998931884766,52.15999984741211,52.5099983215332,591356.0
2025-04-21T09:30:00-04:00,51.939998626708984,52.06999969482422,51.20500183105469,51.279998779296875,261914.0
2025-04-21T10:30:00-04:00,51.27000045776367,51.630001068115234,51.11000061035156,51.45000076293945,384802.0
2025-04-21T11:30:00-04:00,51.470001220703125,51.75,51.06999969482422,51.07500076293945,266728.0
2025-04-21T12:30:00-04:00,51.130001068115234,51.494998931884766,50.93000030517578,51.060001373291016,205374.0
2025-04-21T13:30:00-04:00,51.05799865722656,51.15999984741211,50.439998626708984,50.525001525878906,304231.0
2025-04-21T14:30:00-04:00,50.599998474121094,51.579898834228516,50.5099983215332,51.33000183105469,451242.0
2025-04-21T15:30:00-04:00,51.33000183105469,51.86000061035156,51.099998474121094,51.619998931884766,621476.0
2025-04-22T09:30:00-04:00,52.21500015258789,54.71989822387695,51.95000076293945,53.36000061035156,1314180.0
2025-04-22T10:30:00-04:00,53.29999923706055,53.790000915527344,52.810001373291016,53.369998931884766,630051.0
2025-04-22T11:30:00-04:00,53.349998474121094,54.119998931884766,53.189998626708984,53.970001220703125,343568.0
2025-04-22T12:30:00-04:00,53.959999084472656,54.22999954223633,52.5099983215332,52.58000183105469,392712.0
2025-04-22T13:30:00-04:00,52.56999969482422,53.130001068115234,52.380001068115234,53.005001068115234,415965.0
2025-04-22T14:30:00-04:00,53.029998779296875,53.32500076293945,52.755001068115234,52.77000045776367,490864.0
2025-04-22T15:30:00-04:00,52.75,53.540000915527344,52.75,53.5,863592.0
2025-04-23T09:30:00-04:00,47.282501220703125,50.68000030517578,45.209999084472656,48.75,8591210.0
2025-04-23T10:30:00-04:00,48.70000076293945,48.779998779296875,46.5,46.58000183105469,2567739.0
2025-04-23T11:30:00-04:00,46.54999923706055,46.6150016784668,45.36000061035156,45.75,2883548.0
2025-04-23T12:30:00-04:00,45.75,46.470001220703125,45.553199768066406,46.09000015258789,1565619.0
2025-04-23T13:30:00-04:00,46.099998474121094,46.40999984741211,45.279998779296875,45.38999938964844,1776635.0
2025-04-23T14:30:00-04:00,45.400001525878906,45.56999969482422,44.900001525878906,44.999298095703125,2322797.0
2025-04-23T15:30:00-04:00,45.0,45.459999084472656,44.88999938964844,45.040000915527344,2412501.0
2025-04-24T09:30:00-04:00,45.43000030517578,46.66999816894531,45.43000030517578,46.18000030517578,2277575.0
2025-04-24T10:30:00-04:00,46.21500015258789,46.29999923706055,45.57500076293945,46.040000915527344,1146032.0
2025-04-24T11:30:00-04:00,46.05229949951172,46.66999816894531,45.845001220703125,46.38999938964844,900968.0
2025-04-24T12:30:00-04:00,46.36000061035156,46.54999923706055,46.029998779296875,46.04999923706055,582196.0
2025-04-24T13:30:00-04:00,46.04999923706055,46.331199645996094,45.73400115966797,45.90999984741211,681182.0
2025-04-24T14:30:00-04:00,45.88999938964844,46.09000015258789,45.7599983215332,45.81700134277344,634911.0
2025-04-24T15:30:00-04:00,45.84000015258789,46.08000183105469,45.525001525878906,45.689998626708984,1208721.0
2025-04-25T09:30:00-04:00,45.5099983215332,46.27000045776367,44.849998474121094,45.97999954223633,984525.0
2025-04-25T10:30:00-04:00,45.97999954223633,46.7400016784668,45.79999923706055,46.334999084472656,672222.0
2025-04-25T11:30:00-04:00,46.334999084472656,46.68000030517578,46.09000015258789,46.529998779296875,356307.0
2025-04-25T12:30:00-04:00,46.53120040893555,47.33000183105469,46.529998779296875,47.29499816894531,546392.0
2025-04-25T13:30:00-04:00,47.27000045776367,47.29499816894531,46.33000183105469,46.810001373291016,543951.0
2025-04-25T14:30:00-04:00,46.790000915527344,47.06999969482422,46.540000915527344,46.97999954223633,438045.0
2025-04-25T15:30:00-04:00,46.95000076293945,47.04999923706055,46.70000076293945,46.849998474121094,652673.0
2025-04-28T09:30:00-04:00,46.849998474121094,47.56990051269531,46.07500076293945,47.369998931884766,804146.0
2025-04-28T10:30:00-04:00,47.40999984741211,47.54999923706055,46.56999969482422,46.70000076293945,416010.0
2025-04-28T11:30:00-04:00,46.68000030517578,47.060001373291016,46.40999984741211,46.415000915527344,347369.0
2025-04-28T12:30:00-04:00,46.43000030517578,46.56999969482422,46.099998474121094,46.099998474121094,263493.0
2025-04-28T13:30:00-04:00,46.08000183105469,46.41999816894531,45.90999984741211,46.369998931884766,332334.0
2025-04-28T14:30:00-04:00,46.3931999206543,46.45000076293945,46.03499984741211,46.35020065307617,415090.0
2025-04-28T15:30:00-04:00,46.369998931884766,46.724998474121094,46.31399917602539,46.45000076293945,622053.0
2025-04-29T09:30:00-04:00,46.540000915527344,46.790000915527344,45.834999084472656,46.290000915527344,658573.0
2025-04-29T10:30:00-04:00,46.279998779296875,46.59000015258789,46.11000061035156,46.41999816894531,736617.0
2025-04-29T11:30:00-04:00,46.415000915527344,46.869998931884766,46.380001068115234,46.810001373291016,489781.0
2025-04-29T12:30:00-04:00,46.81999969482422,47.71900177001953,46.81999969482422,47.66999816894531,530154.0
2025-04-29T13:30:00-04:00,47.68000030517578,48.29999923706055,47.630001068115234,48.150001525878906,447756.0
2025-04-29T14:30:00-04:00,48.15999984741211,48.279998779296875,47.709999084472656,47.755001068115234,409798.0
2025-04-29T15:30:00-04:00,47.75,47.869998931884766,47.654998779296875,47.689998626708984,649846.0
2025-04-30T09:30:00-04:00,46.27000045776367,46.79999923706055,44.38999938964844,45.15999984741211,1147102.0
2025-04-30T10:30:00-04:00,45.15999984741211,45.40999984741211,44.9900016784668,45.16999816894531,700933.0
2025-04-30T11:30:00-04:00,45.150001525878906,45.29999923706055,44.470001220703125,44.470001220703125,641970.0
2025-04-30T12:30:00-04:00,44.47999954223633,44.68000030517578,44.209999084472656,44.529998779296875,584744.0
2025-04-30T13:30:00-04:00,44.52000045776367,44.849998474121094,44.43000030517578,44.459999084472656,610345.0
2025-04-30T14:30:00-04:00,44.44139862060547,44.724998474121094,44.34000015258789,44.54499816894531,430652.0
2025-04-30T15:30:00-04:00,44.540000915527344,44.689998626708984,44.349998474121094,44.59000015258789,897551.0
2025-05-01T09:30:00-04:00,44.7400016784668,45.40999984741211,44.279998779296875,44.560001373291016,1024467.0
2025-05-01T10:30:00-04:00,44.54499816894531,45.22959899902344,44.42499923706055,44.86149978637695,773748.0
2025-05-01T11:30:00-04:00,44.83000183105469,44.86989974975586,44.119998931884766,44.220001220703125,612128.0
2025-05-01T12:30:00-04:00,44.209999084472656,44.470001220703125,44.12009811401367,44.27000045776367,448857.0
2025-05-01T13:30:00-04:00,44.290000915527344,44.349998474121094,43.801998138427734,43.88999938964844,570935.0
2025-05-01T14:30:00-04:00,43.880001068115234,44.6349983215332,43.880001068115234,44.590599060058594,674474.0
2025-05-01T15:30:00-04:00,44.61000061035156,44.779998779296875,44.45000076293945,44.470001220703125,966349.0
2025-05-02T09:30:00-04:00,44.88999938964844,45.439998626708984,44.64500045776367,45.299400329589844,875964.0
2025-05-02T10:30:00-04:00,45.290000915527344,45.380001068115234,44.91999816894531,45.092498779296875,426382.0
2025-05-02T11:30:00-04:00,45.060001373291016,45.88999938964844,45.0099983215332,45.790000915527344,459204.0
2025-05-02T12:30:00-04:00,45.79359817504883,46.22999954223633,45.560001373291016,45.790000915527344,407862.0
2025-05-02T13:30:00-04:00,45.79999923706055,45.97999954223633,45.630001068115234,45.75,406098.0
2025-05-02T14:30:00-04:00,45.76499938964844,45.869998931884766,45.570098876953125,45.77000045776367,429919.0
2025-05-02T15:30:00-04:00,45.76499938964844,45.84000015258789,45.44499969482422,45.529998779296875,711358.0
2025-05-05T09:30:00-04:00,45.25,45.619998931884766,44.34000015258789,45.15999984741211,712620.0
2025-05-05T10:30:00-04:00,45.150001525878906,45.209999084472656,44.150001525878906,44.39500045776367,568711.0
2025-05-05T11:30:00-04:00,44.38999938964844,44.619998931884766,44.130001068115234,44.19499969482422,464242.0
2025-05-05T12:30:00-04:00,44.16999816894531,44.4900016784668,44.119998931884766,44.29999923706055,407826.0
2025-05-05T13:30:00-04:00,44.279998779296875,44.779998779296875,44.279998779296875,44.75,433349.0
2025-05-05T14:30:00-04:00,44.7400016784668,44.97999954223633,44.47999954223633,44.599998474121094,473905.0
2025-05-05T15:30:00-04:00,44.56999969482422,44.78499984741211,44.369998931884766,44.400001525878906,741414.0
2025-05-06T09:30:00-04:00,44.76499938964844,45.965599060058594,44.650001525878906,45.23500061035156,1544889.0
2025-05-06T10:30:00-04:00,45.23500061035156,45.650001525878906,45.1254997253418,45.58000183105469,838585.0
2025-05-06T11:30:00-04:00,45.59000015258789,45.66999816894531,44.970001220703125,45.310001373291016,650525.0
2025-05-06T12:30:00-04:00,45.33000183105469,45.41999816894531,44.52000045776367,44.54759979248047,378373.0
2025-05-06T13:30:00-04:00,44.53499984741211,44.60499954223633,43.790000915527344,44.03499984741211,621556.0
2025-05-06T14:30:00-04:00,44.040000915527344,44.459999084472656,44.040000915527344,44.400001525878906,483141.0
2025-05-06T15:30:00-04:00,44.380001068115234,44.459999084472656,43.81840133666992,43.84000015258789,858761.0
2025-05-07T09:30:00-04:00,43.560001373291016,44.31999969482422,43.09000015258789,43.755001068115234,1004871.0
2025-05-07T10:30:00-04:00,43.7400016784668,44.02000045776367,43.51169967651367,43.70500183105469,391558.0
2025-05-07T11:30:00-04:00,43.69499969482422,43.96500015258789,43.380001068115234,43.380001068115234,269025.0
2025-05-07T12:30:00-04:00,43.3849983215332,43.91999816894531,43.334999084472656,43.81999969482422,399938.0
2025-05-07T13:30:00-04:00,43.82500076293945,44.040000915527344,43.29999923706055,43.599998474121094,429851.0
2025-05-07T14:30:00-04:00,43.584999084472656,43.779998779296875,43.15999984741211,43.24789810180664,728687.0
2025-05-07T15:30:00-04:00,43.27000045776367,43.849998474121094,43.14500045776367,43.75,987637.0
2025-05-08T09:30:00-04:00,43.959999084472656,44.54999923706055,43.77000045776367,44.474998474121094,776236.0
2025-05-08T10:30:00-04:00,44.470001220703125,46.52000045776367,44.459999084472656,46.349998474121094,1718765.0
2025-05-08T11:30:00-04:00,46.34000015258789,47.61000061035156,46.099998474121094,47.005001068115234,1943215.0
2025-05-08T12:30:00-04:00,47.005001068115234,48.5099983215332,46.97999954223633,48.345001220703125,900771.0
2025-05-08T13:30:00-04:00,48.36000061035156,49.0,47.540000915527344,48.810001373291016,1540696.0
2025-05-08T14:30:00-04:00,48.810001373291016,48.970001220703125,48.33649826049805,48.779998779296875,811087.0
2025-05-08T15:30:00-04:00,48.79999923706055,50.47999954223633,48.79999923706055,49.029998779296875,2029577.0
2025-05-09T09:30:00-04:00,49.470001220703125,50.400001525878906,48.83000183105469,49.84000015258789,1249761.0
2025-05-09T10:30:00-04:00,49.810001373291016,50.66080093383789,49.369998931884766,49.40999984741211,1199917.0
2025-05-09T11:30:00-04:00,49.44499969482422,50.25,49.209999084472656,49.869998931884766,417070.0
2025-05-09T12:30:00-04:00,49.86000061035156,50.5099983215332,49.820098876953125,50.41999816894531,424851.0
2025-05-09T13:30:00-04:00,50.407501220703125,51.18000030517578,50.367698669433594,50.367698669433594,681749.0
2025-05-09T14:30:00-04:00,50.400001525878906,50.88999938964844,50.24150085449219,50.630001068115234,513977.0
2025-05-09T15:30:00-04:00,50.619998931884766,50.95000076293945,50.33000183105469,50.779998779296875,1080457.0
2025-05-12T09:30:00-04:00,54.16999816894531,54.43000030517578,50.560001373291016,50.939998626708984,1985495.0
2025-05-12T10:30:00-04:00,50.900001525878906,51.18000030517578,50.459999084472656,50.720001220703125,1015247.0
2025-05-12T11:30:00-04:00,50.720001220703125,51.13999938964844,50.4900016784668,50.56999969482422,1151292.0
2025-05-12T12:30:00-04:00,50.55500030517578,51.25,50.52000045776367,51.04999923706055,1026692.0
2025-05-12T13:30:00-04:00,51.02000045776367,51.25,50.369998931884766,50.3849983215332,931791.0
2025-05-12T14:30:00-04:00,50.3849983215332,50.5,47.650001525878906,48.47999954223633,4318194.0
2025-05-12T15:30:00-04:00,48.47999954223633,48.58000183105469,47.2400016784668,47.93000030517578,3497983.0
2025-05-13T09:30:00-04:00,45.17499923706055,46.650001525878906,43.93000030517578,45.2599983215332,6304289.0
2025-05-13T10:30:00-04:00,45.349998474121094,46.040000915527344,45.130001068115234,45.79999923706055,2160834.0
2025-05-13T11:30:00-04:00,45.779998779296875,45.859901428222656,44.310001373291016,45.025001525878906,2534490.0
2025-05-13T12:30:00-04:00,45.0099983215332,45.959999084472656,44.79999923706055,45.40999984741211,1786180.0
2025-05-13T13:30:00-04:00,45.400001525878906,45.470001220703125,44.66999816894531,45.13999938964844,1392170.0
2025-05-13T14:30:00-04:00,45.150001525878906,45.44960021972656,44.970001220703125,45.16999816894531,1226705.0
2025-05-13T15:30:00-04:00,45.16999816894531,45.810001373291016,45.06999969482422,45.59000015258789,1870665.0
2025-05-14T09:30:00-04:00,45.599998474121094,47.15999984741211,45.48500061035156,47.029998779296875,2016930.0
2025-05-14T10:30:00-04:00,47.0099983215332,47.4026985168457,46.40999984741211,46.97999954223633,1151075.0
2025-05-14T11:30:00-04:00,47.0,47.81999969482422,46.959999084472656,47.18000030517578,967924.0
2025-05-14T12:30:00-04:00,47.18000030517578,47.599998474121094,47.130001068115234,47.54750061035156,533459.0
2025-05-14T13:30:00-04:00,47.54999923706055,48.22999954223633,47.5,48.099998474121094,703013.0
2025-05-14T14:30:00-04:00,48.119998931884766,48.724998474121094,48.08000183105469,48.349998474121094,1084946.0
2025-05-14T15:30:00-04:00,48.34000015258789,48.40999984741211,48.099998474121094,48.27000045776367,1101754.0
2025-05-15T09:30:00-04:00,47.32500076293945,47.75,46.56999969482422,47.224998474121094,1283953.0
2025-05-15T10:30:00-04:00,47.2400016784668,48.54999923706055,47.06999969482422,48.330101013183594,699483.0
2025-05-15T11:30:00-04:00,48.3650016784668,50.060001373291016,48.16999816894531,49.775001525878906,1156730.0
2025-05-15T12:30:00-04:00,49.779998779296875,50.290000915527344,49.61000061035156,49.61000061035156,702181.0
2025-05-15T13:30:00-04:00,49.61000061035156,49.79999923706055,49.165000915527344,49.260101318359375,571593.0
2025-05-15T14:30:00-04:00,49.211299896240234,49.7400016784668,49.211299896240234,49.380001068115234,444916.0
2025-05-15T15:30:00-04:00,49.40999984741211,49.7400016784668,49.25,49.7400016784668,818460.0
2025-05-16T09:30:00-04:00,49.56959915161133,51.880001068115234,49.099998474121094,51.825199127197266,1219194.0
2025-05-16T10:30:00-04:00,51.81999969482422,51.83000183105469,49.970001220703125,50.0099983215332,958707.0
2025-05-16T11:30:00-04:00,49.9900016784668,50.46799850463867,49.627498626708984,50.16999816894531,676425.0
2025-05-16T12:30:00-04:00,50.189998626708984,50.47999954223633,49.869998931884766,49.939998626708984,386225.0
2025-05-16T13:30:00-04:00,49.939998626708984,50.20000076293945,49.810001373291016,50.11000061035156,355388.0
2025-05-16T14:30:00-04:00,50.119998931884766,50.369998931884766,50.04999923706055,50.30500030517578,571505.0
2025-05-16T15:30:00-04:00,50.30500030517578,50.68000030517578,50.2400016784668,50.38999938964844,960286.0
2025-05-19T09:30:00-04:00,48.869998931884766,49.03990173339844,47.755001068115234,48.220001220703125,984891.0
2025-05-19T10:30:00-04:00,48.22999954223633,49.082298278808594,48.15999984741211,48.810001373291016,596778.0
2025-05-19T11:30:00-04:00,48.810001373291016,49.29999923706055,48.540000915527344,48.56999969482422,504073.0
2025-05-19T12:30:00-04:00,48.58000183105469,48.90999984741211,48.130001068115234,48.650001525878906,566901.0
2025-05-19T13:30:00-04:00,48.63999938964844,48.67499923706055,48.130001068115234,48.375,474614.0
2025-05-19T14:30:00-04:00,48.36000061035156,48.755001068115234,48.11000061035156,48.599998474121094,844691.0
2025-05-19T15:30:00-04:00,48.59000015258789,48.915000915527344,48.58000183105469,48.77000045776367,805486.0
2025-05-20T09:30:00-04:00,48.70000076293945,49.900001525878906,48.665000915527344,49.75749969482422,841658.0
2025-05-20T10:30:00-04:00,49.72999954223633,50.52899932861328,49.70000076293945,50.09000015258789,615807.0
2025-05-20T11:30:00-04:00,50.11000061035156,50.11000061035156,49.459999084472656,49.619998931884766,451995.0
2025-05-20T12:30:00-04:00,49.599998474121094,50.0525016784668,49.41999816894531,49.900001525878906,288680.0
2025-05-20T13:30:00-04:00,49.92060089111328,49.96500015258789,49.0,49.040000915527344,326527.0
2025-05-20T14:30:00-04:00,49.02000045776367,49.619998931884766,48.97999954223633,48.97999954223633,807874.0
2025-05-20T15:30:00-04:00,49.0,49.249698638916016,48.93000030517578,49.040000915527344,737961.0
2025-05-21T09:30:00-04:00,48.349998474121094,48.47990036010742,47.13999938964844,47.209999084472656,1206060.0
2025-05-21T10:30:00-04:00,47.22999954223633,47.939998626708984,46.939998626708984,47.880001068115234,851858.0
2025-05-21T11:30:00-04:00,47.900001525878906,47.91999816894531,47.61000061035156,47.84749984741211,385930.0
2025-05-21T12:30:00-04:00,47.86819839477539,48.13999938964844,47.27000045776367,47.310001373291016,506895.0
2025-05-21T13:30:00-04:00,47.290000915527344,48.0,47.20000076293945,47.54999923706055,508951.0
2025-05-21T14:30:00-04:00,47.529998779296875,47.7400016784668,46.959999084472656,47.119998931884766,570827.0
2025-05-21T15:30:00-04:00,47.090301513671875,47.4900016784668,47.090301513671875,47.27000045776367,685348.0
2025-05-22T09:30:00-04:00,37.79999923706055,40.5,37.690101623535156,39.889400482177734,11208561.0
2025-05-22T10:30:00-04:00,39.880001068115234,39.970001220703125,37.91999816894531,37.939998626708984,5133863.0
2025-05-22T11:30:00-04:00,37.935001373291016,39.150001525878906,37.834999084472656,38.400001525878906,3234434.0
2025-05-22T12:30:00-04:00,38.390098571777344,38.59000015258789,38.0099983215332,38.119998931884766,1968488.0
2025-05-22T13:30:00-04:00,38.130001068115234,38.400001525878906,37.59000015258789,38.06999969482422,2748027.0
2025-05-22T14:30:00-04:00,38.06999969482422,39.0,37.970001220703125,38.869998931884766,2763675.0
2025-05-22T15:30:00-04:00,38.869998931884766,38.880001068115234,38.0,38.005001068115234,2872337.0
2025-05-23T09:30:00-04:00,37.77000045776367,39.38999938964844,37.599998474121094,39.378700256347656,2541628.0
2025-05-23T10:30:00-04:00,39.369998931884766,39.970001220703125,39.0,39.56999969482422,2350307.0
2025-05-23T11:30:00-04:00,39.564998626708984,39.869998931884766,39.21500015258789,39.22999954223633,955601.0
2025-05-23T12:30:00-04:00,39.25,39.91999816894531,39.119998931884766,39.82500076293945,821634.0
2025-05-23T13:30:00-04:00,39.810001373291016,39.880001068115234,39.255001068115234,39.290000915527344,745269.0
2025-05-23T14:30:00-04:00,39.279998779296875,39.7400016784668,39.11000061035156,39.709999084472656,980933.0
2025-05-23T15:30:00-04:00,39.70000076293945,39.74089813232422,39.564998626708984,39.63999938964844,1174301.0
2025-05-27T09:30:00-04:00,40.150001525878906,40.2400016784668,39.5,40.18000030517578,1650929.0
2025-05-27T10:30:00-04:00,40.185001373291016,40.54999923706055,40.02000045776367,40.47999954223633,869015.0
2025-05-27T11:30:00-04:00,40.474998474121094,40.619998931884766,40.2599983215332,40.560001373291016,441964.0
2025-05-27T12:30:00-04:00,40.560001373291016,40.79999923706055,40.25,40.290000915527344,508471.0
2025-05-27T13:30:00-04:00,40.290000915527344,40.31999969482422,40.064998626708984,40.20000076293945,540491.0
2025-05-27T14:30:00-04:00,40.209800720214844,40.27000045776367,39.880001068115234,40.06999969482422,700755.0
2025-05-27T15:30:00-04:00,40.06999969482422,40.25,39.8849983215332,40.209999084472656,859387.0
2025-05-28T09:30:00-04:00,40.1150016784668,40.1150016784668,39.459999084472656,39.529998779296875,924985.0
2025-05-28T10:30:00-04:00,39.5369987487793,39.83000183105469,39.20000076293945,39.47999954223633,720292.0
2025-05-28T11:30:00-04:00,39.47999954223633,39.93000030517578,39.41999816894531,39.88999938964844,431958.0
2025-05-28T12:30:00-04:00,39.900001525878906,39.93000030517578,39.7400016784668,39.7599983215332,348047.0
2025-05-28T13:30:00-04:00,39.76499938964844,39.76499938964844,39.2599983215332,39.2599983215332,426739.0
2025-05-28T14:30:00-04:00,39.25,39.36000061035156,38.94499969482422,39.35499954223633,642388.0
2025-05-28T15:30:00-04:00,39.34000015258789,39.369998931884766,38.939998626708984,38.96030044555664,686066.0
2025-05-29T09:30:00-04:00,39.459999084472656,39.900001525878906,39.130001068115234,39.27000045776367,1000475.0
2025-05-29T10:30:00-04:00,39.255001068115234,39.689998626708984,38.970001220703125,39.61000061035156,1272758.0
2025-05-29T11:30:00-04:00,39.599998474121094,39.70000076293945,38.79999923706055,38.834999084472656,834323.0
2025-05-29T12:30:00-04:00,38.83000183105469,39.13999938964844,38.7400016784668,38.939998626708984,671450.0
2025-05-29T13:30:00-04:00,38.93000030517578,39.02000045776367,38.599998474121094,38.64500045776367,508995.0
2025-05-29T14:30:00-04:00,38.650001525878906,38.869998931884766,38.63999938964844,38.775001525878906,536320.0
2025-05-29T15:30:00-04:00,38.779998779296875,39.26499938964844,38.75,39.2400016784668,982976.0
2025-05-30T09:30:00-04:00,38.98500061035156,39.66999816894531,38.150001525878906,39.650001525878906,1817064.0
2025-05-30T10:30:00-04:00,39.64500045776367,40.29970169067383,39.380001068115234,40.20500183105469,824110.0
2025-05-30T11:30:00-04:00,40.16999816894531,40.93000030517578,39.97999954223633,40.5,920263.0
2025-05-30T12:30:00-04:00,40.5099983215332,40.61000061035156,39.95000076293945,40.520999908447266,727271.0
2025-05-30T13:30:00-04:00,40.529998779296875,41.040000915527344,40.529998779296875,41.02000045776367,678052.0
2025-05-30T14:30:00-04:00,41.02000045776367,41.58000183105469,40.95000076293945,41.5,868794.0
2025-05-30T15:30:00-04:00,41.52000045776367,41.79999923706055,41.279998779296875,41.3650016784668,1888028.0
2025-06-02T09:30:00-04:00,41.38999938964844,41.38999938964844,40.34199905395508,40.98500061035156,1032699.0
2025-06-02T10:30:00-04:00,40.98500061035156,41.720001220703125,40.68000030517578,41.38999938964844,700757.0
2025-06-02T11:30:00-04:00,41.400001525878906,41.61000061035156,41.160099029541016,41.28499984741211,523328.0
2025-06-02T12:30:00-04:00,41.28499984741211,41.310001373291016,40.90999984741211,40.90999984741211,452463.0
2025-06-02T13:30:00-04:00,40.915000915527344,41.220001220703125,40.85100173950195,41.154998779296875,405015.0
2025-06-02T14:30:00-04:00,41.14500045776367,41.5099983215332,41.08000183105469,41.5,517275.0
2025-06-02T15:30:00-04:00,41.47999954223633,41.4900016784668,41.12099838256836,41.31999969482422,852055.0
2025-06-03T09:30:00-04:00,40.880001068115234,42.52170181274414,40.38999938964844,42.46500015258789,1180456.0
2025-06-03T10:30:00-04:00,42.474998474121094,42.97999954223633,42.14099884033203,42.85499954223633,1098701.0
2025-06-03T11:30:00-04:00,42.83000183105469,43.630001068115234,42.78950119018555,43.540000915527344,1001960.0
2025-06-03T12:30:00-04:00,43.54999923706055,43.77000045776367,42.95000076293945,43.290000915527344,497262.0
2025-06-03T13:30:00-04:00,43.27009963989258,43.59000015258789,43.119998931884766,43.3849983215332,541915.0
2025-06-03T14:30:00-04:00,43.400001525878906,43.665000915527344,43.34000015258789,43.529998779296875,396090.0
2025-06-03T15:30:00-04:00,43.52000045776367,43.810001373291016,43.29999923706055,43.7599983215332,891297.0
2025-06-04T09:30:00-04:00,44.06999969482422,44.12739944458008,42.79999923706055,43.2599983215332,1020903.0
2025-06-04T10:30:00-04:00,43.2599983215332,44.040000915527344,43.16999816894531,43.9900016784668,687192.0
2025-06-04T11:30:00-04:00,43.97999954223633,44.099998474121094,43.7400016784668,44.029998779296875,386178.0
2025-06-04T12:30:00-04:00,44.0099983215332,44.13570022583008,43.65999984741211,43.70500183105469,284420.0
2025-06-04T13:30:00-04:00,43.71500015258789,43.959999084472656,43.689998626708984,43.720001220703125,219007.0
2025-06-04T14:30:00-04:00,43.70000076293945,43.790000915527344,43.4900016784668,43.65999984741211,218973.0
2025-06-04T15:30:00-04:00,43.65999984741211,43.70000076293945,43.09000015258789,43.15999984741211,743427.0
2025-06-05T09:30:00-04:00,43.04999923706055,43.08000183105469,41.779998779296875,42.25,795722.0
2025-06-05T10:30:00-04:00,42.23899841308594,42.45500183105469,41.849998474121094,42.255001068115234,584865.0
2025-06-05T11:30:00-04:00,42.255001068115234,42.525001525878906,42.150001525878906,42.40999984741211,318933.0
2025-06-05T12:30:00-04:00,42.45000076293945,42.459999084472656,41.540000915527344,41.79999923706055,786081.0
2025-06-05T13:30:00-04:00,41.83000183105469,42.72999954223633,41.599998474121094,41.84000015258789,982512.0
2025-06-05T14:30:00-04:00,41.849998474121094,42.47999954223633,41.060001373291016,41.244998931884766,1231864.0
2025-06-05T15:30:00-04:00,41.255001068115234,41.720001220703125,41.255001068115234,41.279998779296875,1098643.0
2025-06-06T09:30:00-04:00,41.68000030517578,41.94499969482422,41.060001373291016,41.43000030517578,1012314.0
2025-06-06T10:30:00-04:00,41.41999816894531,41.66999816894531,41.130699157714844,41.52000045776367,961306.0
2025-06-06T11:30:00-04:00,41.525001525878906,41.54999923706055,41.20000076293945,41.349998474121094,672440.0
2025-06-06T12:30:00-04:00,41.41400146484375,41.459999084472656,41.16999816894531,41.334999084472656,446271.0
2025-06-06T13:30:00-04:00,41.33000183105469,41.45000076293945,41.084999084472656,41.15999984741211,744894.0
2025-06-06T14:30:00-04:00,41.16999816894531,41.37900161743164,41.029998779296875,41.32500076293945,750818.0
2025-06-06T15:30:00-04:00,41.31999969482422,41.349998474121094,41.0099983215332,41.15999984741211,1426868.0
2025-06-09T09:30:00-04:00,41.654998779296875,43.45000076293945,41.6150016784668,42.79999923706055,1314469.0
2025-06-09T10:30:00-04:00,42.810001373291016,43.04499816894531,42.150001525878906,42.81999969482422,649683.0
2025-06-09T11:30:00-04:00,42.849998474121094,42.97999954223633,42.47999954223633,42.720001220703125,398355.0
2025-06-09T12:30:00-04:00,42.72999954223633,44.13999938964844,42.72999954223633,44.13990020751953,820951.0
2025-06-09T13:30:00-04:00,44.130001068115234,44.39500045776367,43.974998474121094,44.22999954223633,865874.0
2025-06-09T14:30:00-04:00,44.220001220703125,44.35499954223633,43.849998474121094,43.900001525878906,568071.0
2025-06-09T15:30:00-04:00,43.90999984741211,43.9900016784668,43.20500183105469,43.2400016784668,1481469.0
2025-06-10T09:30:00-04:00,44.86000061035156,45.534000396728516,43.95000076293945,45.474998474121094,1261735.0
2025-06-10T10:30:00-04:00,45.47999954223633,46.39929962158203,45.47999954223633,46.11000061035156,1019193.0
2025-06-10T11:30:00-04:00,46.09000015258789,46.20000076293945,45.40999984741211,45.494998931884766,598134.0
2025-06-10T12:30:00-04:00,45.494998931884766,46.22999954223633,45.18000030517578,45.79999923706055,634833.0
2025-06-10T13:30:00-04:00,45.779998779296875,45.84000015258789,44.7599983215332,44.7599983215332,963331.0
2025-06-10T14:30:00-04:00,44.75,45.02560043334961,44.560001373291016,44.86000061035156,489533.0
2025-06-10T15:30:00-04:00,44.86000061035156,45.2400016784668,44.81549835205078,45.060001373291016,692186.0
2025-06-11T09:30:00-04:00,45.66999816894531,46.2400016784668,45.189998626708984,45.709999084472656,836804.0
2025-06-11T10:30:00-04:00,45.650001525878906,45.650001525878906,45.28499984741211,45.46500015258789,332489.0
2025-06-11T11:30:00-04:00,45.61000061035156,46.0099983215332,45.25,45.529998779296875,323402.0
2025-06-11T12:30:00-04:00,45.540000915527344,45.900001525878906,45.279998779296875,45.900001525878906,255998.0
2025-06-11T13:30:00-04:00,45.88639831542969,45.91999816894531,45.209999084472656,45.54499816894531,280656.0
2025-06-11T14:30:00-04:00,45.5,45.6349983215332,45.2400016784668,45.310001373291016,366559.0
2025-06-11T15:30:00-04:00,45.310001373291016,45.41999816894531,45.029998779296875,45.27000045776367,706501.0
2025-06-12T09:30:00-04:00,45.54999923706055,45.837799072265625,44.529998779296875,44.599998474121094,747215.0
2025-06-12T10:30:00-04:00,44.584999084472656,44.88999938964844,44.275001525878906,44.380001068115234,533319.0
2025-06-12T11:30:00-04:00,44.37009811401367,44.689998626708984,44.165000915527344,44.27000045776367,361362.0
2025-06-12T12:30:00-04:00,44.2599983215332,44.560001373291016,44.15999984741211,44.529998779296875,262960.0
2025-06-12T13:30:00-04:00,44.52000045776367,44.70000076293945,44.209999084472656,44.25,276690.0
2025-06-12T14:30:00-04:00,44.26499938964844,44.415000915527344,44.02000045776367,44.40010070800781,396829.0
2025-06-12T15:30:00-04:00,44.40999984741211,44.834999084472656,44.40999984741211,44.689998626708984,735739.0
2025-06-13T09:30:00-04:00,44.29999923706055,45.25,44.10459899902344,44.810001373291016,636543.0
2025-06-13T10:30:00-04:00,44.79999923706055,45.02000045776367,44.47999954223633,44.68000030517578,375676.0
2025-06-13T11:30:00-04:00,44.70000076293945,44.81999969482422,44.45000076293945,44.630001068115234,293899.0
2025-06-13T12:30:00-04:00,44.64500045776367,45.28499984741211,44.61000061035156,44.97999954223633,370255.0
2025-06-13T13:30:00-04:00,44.9900016784668,46.939998626708984,44.72999954223633,46.01499938964844,2057431.0
2025-06-13T14:30:00-04:00,46.040000915527344,46.16999816894531,45.08000183105469,45.56999969482422,728534.0
2025-06-13T15:30:00-04:00,45.56999969482422,45.97999954223633,45.380001068115234,45.59000015258789,1163965.0
2025-06-16T09:30:00-04:00,46.56999969482422,46.619998931884766,45.369998931884766,46.5,635230.0
2025-06-16T10:30:00-04:00,46.5,46.540000915527344,45.02000045776367,45.099998474121094,668098.0
2025-06-16T11:30:00-04:00,45.119998931884766,45.150001525878906,44.61000061035156,44.77000045776367,606636.0
2025-06-16T12:30:00-04:00,44.81999969482422,45.02000045776367,44.3572998046875,44.994998931884766,521292.0
2025-06-16T13:30:00-04:00,45.04999923706055,45.209999084472656,44.53120040893555,44.88999938964844,558662.0
2025-06-16T14:30:00-04:00,44.900001525878906,46.20000076293945,44.86000061035156,45.900001525878906,872487.0
2025-06-16T15:30:00-04:00,45.880001068115234,45.95000076293945,45.09000015258789,45.93000030517578,956081.0
2025-06-17T09:30:00-04:00,35.14179992675781,35.68000030517578,33.0099983215332,34.029998779296875,13967996.0
2025-06-17T10:30:00-04:00,34.040000915527344,35.119998931884766,33.28919982910156,35.01620101928711,6059783.0
2025-06-17T11:30:00-04:00,35.025001525878906,35.2400016784668,33.90999984741211,34.630001068115234,4184729.0
2025-06-17T12:30:00-04:00,34.650001525878906,34.94419860839844,34.20000076293945,34.70000076293945,2047697.0
2025-06-17T13:30:00-04:00,34.70000076293945,35.650001525878906,34.683998107910156,35.31999969482422,2441614.0
2025-06-17T14:30:00-04:00,35.34320068359375,35.43000030517578,34.459999084472656,34.7400016784668,2156444.0
2025-06-17T15:30:00-04:00,34.7400016784668,35.20000076293945,34.5,34.91999816894531,2738523.0
2025-06-18T09:30:00-04:00,34.81999969482422,36.540000915527344,34.720001220703125,35.90999984741211,3762507.0
2025-06-18T10:30:00-04:00,35.915000915527344,36.70989990234375,35.53499984741211,36.560001373291016,2336429.0
2025-06-18T11:30:00-04:00,36.61640167236328,36.689998626708984,35.970001220703125,36.095001220703125,1475573.0
2025-06-18T12:30:00-04:00,36.095001220703125,36.599998474121094,35.61119842529297,36.31999969482422,1419588.0
2025-06-18T13:30:00-04:00,36.31999969482422,36.459999084472656,35.8849983215332,36.11000061035156,1090413.0
2025-06-18T14:30:00-04:00,36.09000015258789,36.45000076293945,35.81999969482422,36.040000915527344,1935487.0
2025-06-18T15:30:00-04:00,36.045799255371094,36.459999084472656,35.98500061035156,36.380001068115234,1553188.0
2025-06-20T09:30:00-04:00,36.45000076293945,37.38999938964844,36.27000045776367,36.84000015258789,1619208.0
2025-06-20T10:30:00-04:00,36.83000183105469,37.02000045776367,36.09000015258789,36.664798736572266,1255489.0
2025-06-20T11:30:00-04:00,36.61000061035156,36.63999938964844,36.20000076293945,36.47999954223633,1209850.0
2025-06-20T12:30:00-04:00,36.4900016784668,36.689998626708984,35.7599983215332,35.790000915527344,836399.0
2025-06-20T13:30:00-04:00,35.779998779296875,36.25,35.689998626708984,36.220001220703125,670116.0
2025-06-20T14:30:00-04:00,36.22999954223633,36.3297004699707,35.91960144042969,35.9900016784668,629684.0
2025-06-20T15:30:00-04:00,35.970001220703125,36.09000015258789,35.814998626708984,35.83000183105469,1160298.0
2025-06-23T09:30:00-04:00,35.84000015258789,36.20000076293945,35.29999923706055,36.0099983215332,997924.0
2025-06-23T10:30:00-04:00,35.97999954223633,36.0,34.970001220703125,35.0,878159.0
2025-06-23T11:30:00-04:00,35.064998626708984,35.349998474121094,34.81999969482422,34.849998474121094,686689.0
2025-06-23T12:30:00-04:00,34.83000183105469,35.0,34.599998474121094,34.95000076293945,764240.0
2025-06-23T13:30:00-04:00,34.9900016784668,35.060001373291016,34.820098876953125,34.86000061035156,581758.0
2025-06-23T14:30:00-04:00,34.86000061035156,34.95000076293945,34.459999084472656,34.900001525878906,1091846.0
2025-06-23T15:30:00-04:00,34.904998779296875,34.95500183105469,34.540000915527344,34.54999923706055,1229550.0
2025-06-24T09:30:00-04:00,34.654998779296875,36.290000915527344,34.349998474121094,36.040000915527344,1890611.0
2025-06-24T10:30:00-04:00,36.029998779296875,36.560001373291016,36.00090026855469,36.130001068115234,919925.0
2025-06-24T11:30:00-04:00,36.11000061035156,36.178199768066406,35.86000061035156,36.14250183105469,645722.0
2025-06-24T12:30:00-04:00,36.13999938964844,36.439998626708984,35.97959899902344,35.9900016784668,545478.0
2025-06-24T13:30:00-04:00,35.9900016784668,36.36000061035156,35.849998474121094,36.29999923706055,640943.0
2025-06-24T14:30:00-04:00,36.290000915527344,38.13999938964844,36.255001068115234,37.92499923706055,3444869.0
2025-06-24T15:30:00-04:00,37.88999938964844,38.560001373291016,37.709999084472656,38.375,2645785.0
2025-06-25T09:30:00-04:00,38.29999923706055,38.349998474121094,36.599998474121094,37.15999984741211,1472507.0
2025-06-25T10:30:00-04:00,37.15999984741211,37.52000045776367,37.029998779296875,37.5,761314.0
2025-06-25T11:30:00-04:00,37.4900016784668,38.119998931884766,37.345001220703125,37.720001220703125,1198306.0
2025-06-25T12:30:00-04:00,37.7400016784668,38.459999084472656,37.68000030517578,38.29499816894531,775019.0
2025-06-25T13:30:00-04:00,38.29499816894531,38.58000183105469,36.81999969482422,37.959999084472656,1813313.0
2025-06-25T14:30:00-04:00,37.93000030517578,38.709999084472656,37.540000915527344,38.65999984741211,1117832.0
2025-06-25T15:30:00-04:00,38.63999938964844,38.7599983215332,38.08300018310547,38.130001068115234,1518930.0
2025-06-26T09:30:00-04:00,40.459999084472656,42.41460037231445,40.34000015258789,41.91999816894531,4957708.0
2025-06-26T10:30:00-04:00,41.91999816894531,43.02000045776367,41.90999984741211,42.25,2261306.0
2025-06-26T11:30:00-04:00,42.26499938964844,42.41999816894531,41.84000015258789,42.125,1342904.0
2025-06-26T12:30:00-04:00,42.125,42.72999954223633,41.88010025024414,41.90950012207031,857426.0
2025-06-26T13:30:00-04:00,41.904998779296875,43.125,41.86000061035156,42.869998931884766,1779692.0
2025-06-26T14:30:00-04:00,42.8650016784668,43.06999969482422,42.68000030517578,42.849998474121094,1645240.0
2025-06-26T15:30:00-04:00,42.85499954223633,43.27000045776367,42.650001525878906,43.0,2335503.0
2025-06-27T09:30:00-04:00,42.474998474121094,42.880001068115234,41.63999938964844,41.8474006652832,1678898.0
2025-06-27T10:30:00-04:00,41.86000061035156,42.380001068115234,41.279998779296875,41.29999923706055,841649.0
2025-06-27T11:30:00-04:00,41.30500030517578,41.36000061035156,40.349998474121094,40.560001373291016,1253580.0
2025-06-27T12:30:00-04:00,40.535301208496094,40.779998779296875,39.80500030517578,39.869998931884766,945054.0
2025-06-27T13:30:00-04:00,39.810001373291016,40.2599983215332,39.38999938964844,40.08000183105469,2214575.0
2025-06-27T14:30:00-04:00,40.099998474121094,40.75,39.86009979248047,40.630001068115234,1675760.0
2025-06-27T15:30:00-04:00,40.625,40.90999984741211,40.40999984741211,40.88999938964844,1664105.0
2025-06-30T09:30:00-04:00,40.255001068115234,40.369998931884766,38.36000061035156,39.35499954223633,4730986.0
2025-06-30T10:30:00-04:00,39.35499954223633,40.40999984741211,39.290000915527344,40.380001068115234,1266657.0
2025-06-30T11:30:00-04:00,40.400001525878906,40.77000045776367,39.79999923706055,39.856300354003906,1032989.0
2025-06-30T12:30:00-04:00,39.810001373291016,40.08000183105469,39.720001220703125,39.9900016784668,608545.0
2025-06-30T13:30:00-04:00,40.0,40.334999084472656,39.73749923706055,39.779998779296875,647100.0
2025-06-30T14:30:00-04:00,39.775001525878906,39.959999084472656,39.5,39.66999816894531,793193.0
2025-06-30T15:30:00-04:00,39.66999816894531,40.2495002746582,39.560001373291016,39.630001068115234,1316698.0
2025-07-01T09:30:00-04:00,39.79999923706055,40.54999923706055,38.75,38.8650016784668,2017140.0
2025-07-01T10:30:00-04:00,38.849998474121094,41.75,38.560001373291016,41.27000045776367,2540349.0
2025-07-01T11:30:00-04:00,41.2599983215332,42.849998474121094,40.83000183105469,42.529998779296875,1755115.0
2025-07-01T12:30:00-04:00,42.49829864501953,42.599998474121094,40.81010055541992,41.314998626708984,1327973.0
2025-07-01T13:30:00-04:00,41.275001525878906,41.42499923706055,40.849998474121094,41.029998779296875,591240.0
2025-07-01T14:30:00-04:00,41.0359992980957,41.40999984741211,40.8135986328125,41.04069900512695,987393.0
2025-07-01T15:30:00-04:00,41.029998779296875,41.06930160522461,40.599998474121094,40.88999938964844,1380570.0
2025-07-02T09:30:00-04:00,40.900001525878906,42.5890998840332,40.900001525878906,41.41999816894531,1557563.0
2025-07-02T10:30:00-04:00,41.380001068115234,42.09000015258789,40.939998626708984,41.868499755859375,1304984.0
2025-07-02T11:30:00-04:00,41.85499954223633,42.13999938964844,41.189998626708984,41.224998474121094,684069.0
2025-07-02T12:30:00-04:00,41.25979995727539,41.65999984741211,41.22999954223633,41.47999954223633,513263.0
2025-07-02T13:30:00-04:00,41.459999084472656,41.540000915527344,41.220001220703125,41.45000076293945,458552.0
2025-07-02T14:30:00-04:00,41.44499969482422,41.599998474121094,41.0099983215332,41.040000915527344,749964.0
2025-07-02T15:30:00-04:00,40.970001220703125,41.130001068115234,40.779998779296875,40.970001220703125,845191.0
2025-07-03T09:30:00-04:00,41.560001373291016,43.54999923706055,41.52000045776367,43.0099983215332,2854104.0
2025-07-03T10:30:00-04:00,43.0088005065918,43.88999938964844,42.88999938964844,43.2400016784668,1504796.0
2025-07-03T11:30:00-04:00,43.2400016784668,43.380001068115234,42.43000030517578,42.78499984741211,1204220.0
2025-07-07T09:30:00-04:00,41.849998474121094,42.21500015258789,40.95000076293945,42.06999969482422,1564546.0
2025-07-07T10:30:00-04:00,42.099998474121094,42.16999816894531,41.529998779296875,41.92499923706055,670350.0
2025-07-07T11:30:00-04:00,41.880001068115234,42.48500061035156,41.810001373291016,42.165000915527344,540106.0
2025-07-07T12:30:00-04:00,42.16999816894531,42.77000045776367,42.07099914550781,42.58000183105469,649442.0
2025-07-07T13:30:00-04:00,42.57500076293945,42.7400016784668,42.130001068115234,42.25,512174.0
2025-07-07T14:30:00-04:00,42.24919891357422,42.724998474121094,42.22999954223633,42.40999984741211,581180.0
2025-07-07T15:30:00-04:00,42.400001525878906,42.689998626708984,42.32500076293945,42.459999084472656,849691.0
2025-07-08T09:30:00-04:00,40.28200149536133,41.130001068115234,39.25,40.84000015258789,3004666.0
2025-07-08T10:30:00-04:00,40.845001220703125,41.599998474121094,40.83000183105469,41.0,1387519.0
2025-07-08T11:30:00-04:00,40.9900016784668,41.290000915527344,40.43000030517578,40.611000061035156,787996.0
2025-07-08T12:30:00-04:00,40.6150016784668,40.68000030517578,40.099998474121094,40.380001068115234,937041.0
2025-07-08T13:30:00-04:00,40.33000183105469,41.36000061035156,40.119998931884766,41.09000015258789,1052960.0
2025-07-08T14:30:00-04:00,41.084999084472656,41.540000915527344,40.810001373291016,41.380001068115234,871510.0
2025-07-08T15:30:00-04:00,41.349998474121094,41.435001373291016,40.90999984741211,40.91999816894531,984287.0
2025-07-09T09:30:00-04:00,39.79999923706055,41.25,39.7599983215332,41.095001220703125,2511453.0
2025-07-09T10:30:00-04:00,41.125,41.22999954223633,40.52000045776367,41.20000076293945,830730.0
2025-07-09T11:30:00-04:00,41.18000030517578,41.81999969482422,41.029998779296875,41.560001373291016,763710.0
2025-07-09T12:30:00-04:00,41.560001373291016,42.369998931884766,41.560001373291016,41.89070129394531,1004886.0
2025-07-09T13:30:00-04:00,41.88999938964844,42.77040100097656,41.79999923706055,42.59000015258789,1765646.0
2025-07-09T14:30:00-04:00,42.60499954223633,43.20000076293945,42.560001373291016,43.1349983215332,1335691.0
2025-07-09T15:30:00-04:00,43.119998931884766,43.34000015258789,42.720001220703125,42.755001068115234,1340550.0
2025-07-10T09:30:00-04:00,42.93000030517578,43.540000915527344,42.45800018310547,43.410499572753906,1052358.0
2025-07-10T10:30:00-04:00,43.45000076293945,43.650001525878906,43.06999969482422,43.085899353027344,596672.0
2025-07-10T11:30:00-04:00,43.060001373291016,43.400001525878906,42.75,42.96500015258789,571951.0
2025-07-10T12:30:00-04:00,42.96500015258789,43.22269821166992,42.66999816894531,43.19990158081055,387307.0
2025-07-10T13:30:00-04:00,43.220001220703125,43.31999969482422,42.9900016784668,43.29999923706055,304391.0
2025-07-10T14:30:00-04:00,43.310001373291016,43.571998596191406,43.12009811401367,43.15330123901367,757402.0
2025-07-10T15:30:00-04:00,43.17499923706055,43.19089889526367,42.80110168457031,42.98500061035156,831602.0
2025-07-11T09:30:00-04:00,42.54999923706055,42.87990188598633,42.040000915527344,42.31999969482422,858125.0
2025-07-11T10:30:00-04:00,42.33000183105469,42.68000030517578,41.915000915527344,42.04999923706055,501653.0
2025-07-11T11:30:00-04:00,42.08000183105469,42.150001525878906,41.56999969482422,41.6349983215332,508718.0
2025-07-11T12:30:00-04:00,41.619998931884766,41.709999084472656,41.189998626708984,41.220001220703125,328575.0
2025-07-11T13:30:00-04:00,41.220001220703125,41.56999969482422,41.09000015258789,41.5099983215332,579313.0
2025-07-11T14:30:00-04:00,41.5,41.75,41.45000076293945,41.72999954223633,632461.0
2025-07-11T15:30:00-04:00,41.72999954223633,41.91999816894531,41.63999938964844,41.86000061035156,982520.0
2025-07-14T09:30:00-04:00,41.9900016784668,43.2400016784668,41.9900016784668,42.23500061035156,1367074.0
2025-07-14T10:30:00-04:00,42.23500061035156,42.61899948120117,41.5,41.61000061035156,612324.0
2025-07-14T11:30:00-04:00,41.61000061035156,41.91999816894531,41.47999954223633,41.60499954223633,433264.0
2025-07-14T12:30:00-04:00,41.60499954223633,42.06999969482422,41.540000915527344,41.625,544939.0
2025-07-14T13:30:00-04:00,41.625,41.849998474121094,41.46200180053711,41.720001220703125,542606.0
2025-07-14T14:30:00-04:00,41.709999084472656,42.04499816894531,41.56100082397461,41.61000061035156,561437.0
2025-07-14T15:30:00-04:00,41.61000061035156,42.064998626708984,41.52000045776367,41.959999084472656,808208.0
2025-07-15T09:30:00-04:00,41.099998474121094,42.369998931884766,40.29999923706055,41.45000076293945,2052104.0
2025-07-15T10:30:00-04:00,41.43000030517578,42.02000045776367,41.40999984741211,41.837501525878906,642697.0
2025-07-15T11:30:00-04:00,41.810001373291016,41.939998626708984,41.15999984741211,41.189998626708984,508479.0
2025-07-15T12:30:00-04:00,41.16999816894531,41.16999816894531,40.39500045776367,40.47999954223633,953696.0
2025-07-15T13:30:00-04:00,40.47999954223633,40.672000885009766,39.97999954223633,39.97999954223633,908575.0
2025-07-15T14:30:00-04:00,39.994998931884766,40.369998931884766,39.76350021362305,40.20500183105469,888570.0
2025-07-15T15:30:00-04:00,40.209999084472656,40.33000183105469,40.08000183105469,40.2599983215332,1005265.0
2025-07-16T09:30:00-04:00,40.63999938964844,40.6702995300293,39.6349983215332,39.78499984741211,1036490.0
2025-07-16T10:30:00-04:00,39.810001373291016,39.810001373291016,39.349998474121094,39.56079864501953,857261.0
2025-07-16T11:30:00-04:00,39.61000061035156,39.779998779296875,39.279998779296875,39.525001525878906,668800.0
2025-07-16T12:30:00-04:00,39.5099983215332,39.619998931884766,39.279998779296875,39.29999923706055,481752.0
2025-07-16T13:30:00-04:00,39.29999923706055,39.5,39.06999969482422,39.13999938964844,660837.0
2025-07-16T14:30:00-04:00,39.13999938964844,39.28300094604492,38.814998626708984,39.22999954223633,943545.0
2025-07-16T15:30:00-04:00,39.25,39.38999938964844,38.90999984741211,39.029998779296875,1192565.0
2025-07-17T09:30:00-04:00,39.18000030517578,39.55440139770508,38.77000045776367,39.102699279785156,1538790.0
2025-07-17T10:30:00-04:00,39.06999969482422,39.76070022583008,39.040000915527344,39.72999954223633,848691.0
2025-07-17T11:30:00-04:00,39.74440002441406,39.87300109863281,38.91999816894531,38.9900016784668,682279.0
2025-07-17T12:30:00-04:00,39.0,39.2599983215332,38.900001525878906,39.077999114990234,535246.0
2025-07-17T13:30:00-04:00,39.06999969482422,39.27000045776367,38.72999954223633,38.880001068115234,553526.0
2025-07-17T14:30:00-04:00,38.8849983215332,38.959999084472656,38.560001373291016,38.66999816894531,667710.0
2025-07-17T15:30:00-04:00,38.66999816894531,38.82699966430664,38.57500076293945,38.72999954223633,1243910.0
2025-07-18T09:30:00-04:00,39.08000183105469,39.68000030517578,38.65999984741211,38.86000061035156,1405320.0
2025-07-18T10:30:00-04:00,38.88999938964844,39.525001525878906,38.81999969482422,39.189998626708984,721674.0
2025-07-18T11:30:00-04:00,39.16999816894531,39.505001068115234,39.04999923706055,39.130001068115234,775056.0
2025-07-18T12:30:00-04:00,39.14799880981445,39.72999954223633,39.08000183105469,39.654998779296875,510686.0
2025-07-18T13:30:00-04:00,39.63999938964844,39.880001068115234,39.41999816894531,39.6349983215332,689951.0
2025-07-18T14:30:00-04:00,39.650001525878906,39.88999938964844,39.43000030517578,39.529998779296875,710805.0
2025-07-18T15:30:00-04:00,39.52000045776367,39.6150016784668,39.310001373291016,39.58000183105469,906317.0
2025-07-21T09:30:00-04:00,40.0,40.87900161743164,39.389801025390625,39.619998931884766,1649728.0
2025-07-21T10:30:00-04:00,39.6349983215332,39.90999984741211,39.400001525878906,39.6068000793457,855678.0
2025-07-21T11:30:00-04:00,39.599998474121094,39.83000183105469,39.130001068115234,39.18000030517578,761826.0
2025-07-21T12:30:00-04:00,39.16999816894531,39.70000076293945,39.140201568603516,39.619998931884766,612991.0
2025-07-21T13:30:00-04:00,39.61009979248047,39.75,39.47999954223633,39.66999816894531,517153.0
2025-07-21T14:30:00-04:00,39.66999816894531,40.04999923706055,39.150001525878906,39.869998931884766,1940573.0
2025-07-21T15:30:00-04:00,39.880001068115234,40.02000045776367,39.45000076293945,39.630001068115234,1139324.0
2025-07-22T09:30:00-04:00,40.165000915527344,41.676700592041016,39.970001220703125,41.20000076293945,3526443.0
2025-07-22T10:30:00-04:00,41.20000076293945,42.040000915527344,40.93000030517578,41.959999084472656,1879638.0
2025-07-22T11:30:00-04:00,41.970001220703125,42.54999923706055,41.880001068115234,42.150001525878906,2105121.0
2025-07-22T12:30:00-04:00,42.13999938964844,42.45000076293945,41.95000076293945,42.3849983215332,1563881.0
2025-07-22T13:30:00-04:00,42.3849983215332,42.54999923706055,42.189998626708984,42.5,1243827.0
2025-07-22T14:30:00-04:00,42.4900016784668,43.25,42.46500015258789,42.91999816894531,2583708.0
2025-07-22T15:30:00-04:00,42.93000030517578,43.02000045776367,42.47999954223633,42.4900016784668,2187233.0
2025-07-23T09:30:00-04:00,40.099998474121094,40.29999923706055,37.070098876953125,37.20000076293945,8247787.0
2025-07-23T10:30:00-04:00,37.19499969482422,37.36520004272461,36.51100158691406,36.57500076293945,4593624.0
2025-07-23T11:30:00-04:00,36.58000183105469,36.599998474121094,35.959999084472656,36.0,4212554.0
2025-07-23T12:30:00-04:00,36.000099182128906,36.470001220703125,35.89500045776367,36.0900993347168,2505846.0
2025-07-23T13:30:00-04:00,36.095001220703125,36.619998931884766,36.095001220703125,36.4984016418457,1845938.0
2025-07-23T14:30:00-04:00,36.4900016784668,36.62519836425781,35.97999954223633,36.08000183105469,2313679.0
2025-07-23T15:30:00-04:00,36.07979965209961,36.59000015258789,35.90999984741211,36.470001220703125,3762647.0
2025-07-24T09:30:00-04:00,36.650001525878906,37.26649856567383,36.26070022583008,36.40449905395508,2626272.0
2025-07-24T10:30:00-04:00,36.400001525878906,36.439998626708984,35.904998779296875,36.11000061035156,1355375.0
2025-07-24T11:30:00-04:00,36.119998931884766,36.380001068115234,35.72999954223633,35.84749984741211,1140317.0
2025-07-24T12:30:00-04:00,35.849998474121094,35.91999816894531,35.25,35.29499816894531,1142404.0
2025-07-24T13:30:00-04:00,35.290000915527344,35.34000015258789,35.03010177612305,35.25,1207959.0
2025-07-24T14:30:00-04:00,35.2401008605957,35.560001373291016,35.099998474121094,35.48500061035156,1018607.0
2025-07-24T15:30:00-04:00,35.474998474121094,35.790000915527344,35.38999938964844,35.52000045776367,1613875.0
2025-07-25T09:30:00-04:00,35.65999984741211,35.81999969482422,35.08000183105469,35.3849983215332,2179690.0
2025-07-25T10:30:00-04:00,35.369998931884766,35.61000061035156,35.040000915527344,35.119998931884766,1049242.0
2025-07-25T11:30:00-04:00,35.16999816894531,35.290000915527344,35.029998779296875,35.27000045776367,558130.0
2025-07-25T12:30:00-04:00,35.27000045776367,35.27000045776367,34.959999084472656,35.04999923706055,814720.0
2025-07-25T13:30:00-04:00,35.04999923706055,35.41999816894531,34.97999954223633,35.34000015258789,896066.0
2025-07-25T14:30:00-04:00,35.349998474121094,35.63999938964844,35.1150016784668,35.36000061035156,1237149.0
2025-07-25T15:30:00-04:00,35.349998474121094,35.654998779296875,35.34000015258789,35.400001525878906,1592932.0
2025-07-28T09:30:00-04:00,35.790000915527344,35.94990158081055,35.029998779296875,35.61000061035156,1386507.0
2025-07-28T10:30:00-04:00,35.625,35.66999816894531,34.97999954223633,35.125,927764.0
2025-07-28T11:30:00-04:00,35.119998931884766,35.400001525878906,35.08000183105469,35.237098693847656,445852.0
2025-07-28T12:30:00-04:00,35.22460174560547,35.41999816894531,35.090999603271484,35.13999938964844,504769.0
2025-07-28T13:30:00-04:00,35.150001525878906,35.20000076293945,34.52000045776367,34.625,1090499.0
2025-07-28T14:30:00-04:00,34.625,34.93000030517578,34.540000915527344,34.79999923706055,958991.0
2025-07-28T15:30:00-04:00,34.790000915527344,35.08000183105469,34.720001220703125,34.959999084472656,781641.0
2025-07-29T09:30:00-04:00,34.900001525878906,34.915000915527344,33.779998779296875,34.12049865722656,1812460.0
2025-07-29T10:30:00-04:00,34.14500045776367,34.290000915527344,33.70000076293945,33.72999954223633,920046.0
2025-07-29T11:30:00-04:00,33.73500061035156,34.09000015258789,33.64500045776367,34.02000045776367,683934.0
2025-07-29T12:30:00-04:00,34.02000045776367,34.25529861450195,33.904998779296875,33.90999984741211,525081.0
2025-07-29T13:30:00-04:00,33.90999984741211,34.099998474121094,33.81999969482422,34.08000183105469,576560.0
2025-07-29T14:30:00-04:00,34.08000183105469,34.199798583984375,33.64500045776367,33.654998779296875,712940.0
2025-07-29T15:30:00-04:00,33.654998779296875,33.70000076293945,33.415000915527344,33.470001220703125,1265340.0
2025-07-30T09:30:00-04:00,33.47999954223633,33.58000183105469,33.02000045776367,33.3650016784668,1235623.0
2025-07-30T10:30:00-04:00,33.34000015258789,33.47999954223633,32.86000061035156,33.130699157714844,1217982.0
2025-07-30T11:30:00-04:00,33.119998931884766,33.779998779296875,33.09000015258789,33.75,870428.0
2025-07-30T12:30:00-04:00,33.7599983215332,34.29999923706055,33.63999938964844,34.22999954223633,1102784.0
2025-07-30T13:30:00-04:00,34.22999954223633,34.28499984741211,33.689998626708984,33.775001525878906,786717.0
2025-07-30T14:30:00-04:00,33.7599983215332,33.83000183105469,33.15010070800781,33.25,857146.0
2025-07-30T15:30:00-04:00,33.26499938964844,33.46500015258789,33.09000015258789,33.38999938964844,998380.0
2025-07-31T09:30:00-04:00,33.11000061035156,33.31999969482422,32.599998474121094,33.099998474121094,1083390.0
2025-07-31T10:30:00-04:00,33.099998474121094,33.18000030517578,32.43000030517578,32.44499969482422,988624.0
2025-07-31T11:30:00-04:00,32.45000076293945,32.73500061035156,32.4005012512207,32.724998474121094,743778.0
2025-07-31T12:30:00-04:00,32.724998474121094,32.84000015258789,32.279998779296875,32.33000183105469,562352.0
2025-07-31T13:30:00-04:00,32.33000183105469,32.41999816894531,32.064998626708984,32.3650016784668,795488.0
2025-07-31T14:30:00-04:00,32.369998931884766,32.43980026245117,32.0099983215332,32.10940170288086,1069055.0
2025-07-31T15:30:00-04:00,32.099998474121094,32.380001068115234,31.979999542236328,32.369998931884766,1362427.0
2025-08-01T09:30:00-04:00,32.44499969482422,32.9281005859375,31.1299991607666,31.395000457763672,2562597.0
2025-08-01T10:30:00-04:00,31.389999389648438,31.899999618530273,31.200000762939453,31.709999084472656,1105287.0
2025-08-01T11:30:00-04:00,31.709999084472656,32.060001373291016,31.649999618530273,31.9950008392334,718902.0
2025-08-01T12:30:00-04:00,31.969999313354492,32.06999969482422,31.565000534057617,31.635000228881836,539173.0
2025-08-01T13:30:00-04:00,31.645000457763672,31.7362003326416,31.450000762939453,31.68000030517578,514431.0
2025-08-01T14:30:00-04:00,31.65999984741211,31.729999542236328,31.479999542236328,31.530000686645508,579130.0
2025-08-01T15:30:00-04:00,31.530000686645508,31.549999237060547,31.399999618530273,31.415000915527344,1062062.0
2025-08-04T09:30:00-04:00,31.520000457763672,32.060001373291016,31.200000762939453,31.489999771118164,1322971.0
2025-08-04T10:30:00-04:00,31.488800048828125,31.90999984741211,31.440000534057617,31.76740074157715,642940.0
2025-08-04T11:30:00-04:00,31.766399383544922,32.1150016784668,31.399999618530273,31.450000762939453,711457.0
2025-08-04T12:30:00-04:00,31.44499969482422,31.690000534057617,31.32040023803711,31.604999542236328,533720.0
2025-08-04T13:30:00-04:00,31.604999542236328,31.679899215698242,31.424999237060547,31.610000610351562,429141.0
2025-08-04T14:30:00-04:00,31.6299991607666,31.80500030517578,31.54960060119629,31.68000030517578,603716.0
2025-08-04T15:30:00-04:00,31.690000534057617,31.719999313354492,31.3799991607666,31.68000030517578,1012007.0
2025-08-05T09:30:00-04:00,31.815000534057617,31.815000534057617,31.25,31.719999313354492,857634.0
2025-08-05T10:30:00-04:00,31.729999542236328,32.22919845581055,31.645000457763672,32.18170166015625,880148.0
2025-08-05T11:30:00-04:00,32.19499969482422,32.349998474121094,32.040000915527344,32.189998626708984,575708.0
2025-08-05T12:30:00-04:00,32.189998626708984,32.279998779296875,31.920000076293945,32.04999923706055,349586.0
2025-08-05T13:30:00-04:00,32.04499816894531,32.18000030517578,31.709999084472656,31.75,443005.0
2025-08-05T14:30:00-04:00,31.760000228881836,32.07500076293945,31.760000228881836,31.920000076293945,438381.0
2025-08-05T15:30:00-04:00,31.93000030517578,32.084999084472656,31.8799991607666,31.915000915527344,674832.0
2025-08-06T09:30:00-04:00,31.690000534057617,31.844999313354492,30.639999389648438,30.68560028076172,1798640.0
2025-08-06T10:30:00-04:00,30.68000030517578,30.8700008392334,30.459999084472656,30.819000244140625,1074715.0
2025-08-06T11:30:00-04:00,30.829999923706055,30.850000381469727,30.344999313354492,30.450000762939453,739642.0
2025-08-06T12:30:00-04:00,30.450000762939453,30.575000762939453,30.200000762939453,30.228900909423828,697503.0
2025-08-06T13:30:00-04:00,30.229999542236328,30.329999923706055,30.079999923706055,30.145000457763672,680789.0
2025-08-06T14:30:00-04:00,30.149999618530273,30.18000030517578,29.969999313354492,30.1200008392334,1041535.0
2025-08-06T15:30:00-04:00,30.1200008392334,30.239999771118164,29.889999389648438,30.110000610351562,1390615.0
2025-08-07T09:30:00-04:00,31.139999389648438,31.899999618530273,30.649999618530273,31.0049991607666,2648502.0
2025-08-07T10:30:00-04:00,30.9950008392334,31.31999969482422,30.729999542236328,31.139999389648438,710002.0
2025-08-07T11:30:00-04:00,31.159900665283203,31.989999771118164,30.940000534057617,31.979999542236328,978398.0
2025-08-07T12:30:00-04:00,31.989999771118164,32.04999923706055,30.110000610351562,31.84000015258789,1913948.0
2025-08-07T13:30:00-04:00,31.84000015258789,32.17499923706055,31.770000457763672,31.950000762939453,1137838.0
2025-08-07T14:30:00-04:00,31.940000534057617,32.04999923706055,31.764999389648438,31.90999984741211,902403.0
2025-08-07T15:30:00-04:00,31.901599884033203,31.96980094909668,31.55500030517578,31.80500030517578,1425325.0
2025-08-08T09:30:00-04:00,32.08000183105469,32.529998779296875,31.640100479125977,32.01070022583008,2180240.0
2025-08-08T10:30:00-04:00,32.0099983215332,32.41999816894531,31.752700805664062,31.829999923706055,869241.0
2025-08-08T11:30:00-04:00,31.81999969482422,32.13019943237305,31.58060073852539,32.13019943237305,931466.0
2025-08-08T12:30:00-04:00,32.125,32.439998626708984,32.00469970703125,32.25,628351.0
2025-08-08T13:30:00-04:00,32.209999084472656,32.43000030517578,32.11000061035156,32.369998931884766,748242.0
2025-08-08T14:30:00-04:00,32.369998931884766,32.540000915527344,32.22999954223633,32.439998626708984,839065.0
2025-08-08T15:30:00-04:00,32.43000030517578,32.470001220703125,32.189998626708984,32.43000030517578,1198918.0
2025-08-11T09:30:00-04:00,33.470001220703125,34.249900817871094,32.439998626708984,32.59000015258789,2715906.0
2025-08-11T10:30:00-04:00,32.61000061035156,32.959999084472656,32.59000015258789,32.59000015258789,823388.0
2025-08-11T11:30:00-04:00,32.59000015258789,33.2400016784668,32.580101013183594,33.20000076293945,704961.0
2025-08-11T12:30:00-04:00,33.20000076293945,33.2400016784668,32.3572998046875,32.439998626708984,585013.0
2025-08-11T13:30:00-04:00,32.439998626708984,32.95500183105469,32.439998626708984,32.95000076293945,603953.0
2025-08-11T14:30:00-04:00,32.95000076293945,32.970001220703125,32.64500045776367,32.72999954223633,738550.0
2025-08-11T15:30:00-04:00,32.72999954223633,32.744998931884766,32.45000076293945,32.56999969482422,1049449.0
2025-08-12T09:30:00-04:00,32.9900016784668,33.33000183105469,32.18000030517578,32.939998626708984,1286646.0
2025-08-12T10:30:00-04:00,32.93000030517578,33.349998474121094,32.65999984741211,33.349998474121094,658672.0
2025-08-12T11:30:00-04:00,33.35860061645508,33.380001068115234,32.814998626708984,33.239898681640625,873385.0
2025-08-12T12:30:00-04:00,33.220001220703125,33.41999816894531,33.060001373291016,33.130001068115234,455064.0
2025-08-12T13:30:00-04:00,33.1349983215332,33.380001068115234,32.93000030517578,33.21500015258789,619556.0
2025-08-12T14:30:00-04:00,33.220001220703125,33.310001373291016,33.11000061035156,33.22949981689453,585744.0
2025-08-12T15:30:00-04:00,33.2400016784668,33.70000076293945,33.219200134277344,33.56999969482422,1074408.0
2025-08-13T09:30:00-04:00,33.260501861572266,34.59000015258789,32.86000061035156,34.119998931884766,2215212.0
2025-08-13T10:30:00-04:00,34.119998931884766,34.77000045776367,34.07500076293945,34.52000045776367,1106014.0
2025-08-13T11:30:00-04:00,34.529998779296875,34.599998474121094,34.18000030517578,34.540000915527344,677914.0
2025-08-13T12:30:00-04:00,34.54499816894531,34.665000915527344,34.201698303222656,34.23500061035156,453307.0
2025-08-13T13:30:00-04:00,34.23500061035156,34.31999969482422,34.060001373291016,34.25,365683.0
2025-08-13T14:30:00-04:00,34.2599983215332,34.5099983215332,34.209999084472656,34.41999816894531,658928.0
2025-08-13T15:30:00-04:00,34.41999816894531,34.44060134887695,34.130001068115234,34.209999084472656,936765.0
2025-08-14T09:30:00-04:00,33.20000076293945,33.4900016784668,31.75,31.850000381469727,3569342.0
2025-08-14T10:30:00-04:00,31.8700008392334,32.279998779296875,31.56999969482422,31.719999313354492,1498584.0
2025-08-14T11:30:00-04:00,31.72879981994629,31.82990074157715,31.479999542236328,31.604999542236328,872978.0
2025-08-14T12:30:00-04:00,31.55500030517578,31.56999969482422,31.295000076293945,31.399999618530273,966925.0
2025-08-14T13:30:00-04:00,31.420000076293945,31.859899520874023,31.389999389648438,31.79319953918457,623012.0
2025-08-14T14:30:00-04:00,31.792699813842773,31.989999771118164,31.790000915527344,31.799999237060547,646588.0
2025-08-14T15:30:00-04:00,31.770000457763672,32.25,31.684999465942383,32.22999954223633,1288341.0
2025-08-15T09:30:00-04:00,32.209999084472656,33.099998474121094,32.209999084472656,32.4463996887207,1665327.0
2025-08-15T10:30:00-04:00,32.435001373291016,33.61989974975586,32.435001373291016,33.13999938964844,1530632.0
2025-08-15T11:30:00-04:00,33.04999923706055,33.5099983215332,33.02119827270508,33.4900016784668,768943.0
2025-08-15T12:30:00-04:00,33.505001068115234,36.41999816894531,33.400001525878906,36.40999984741211,5569989.0
2025-08-15T13:30:00-04:00,36.40530014038086,37.069698333740234,35.88999938964844,36.775001525878906,4260154.0
2025-08-15T14:30:00-04:00,36.779998779296875,36.81999969482422,35.439998626708984,35.619998931884766,2733351.0
2025-08-15T15:30:00-04:00,35.619998931884766,35.70000076293945,34.689998626708984,34.83000183105469,3217174.0
2025-08-18T09:30:00-04:00,36.150001525878906,37.38999938964844,35.790000915527344,35.994998931884766,5368251.0
2025-08-18T10:30:00-04:00,36.0098991394043,36.150001525878906,35.63999938964844,36.07500076293945,1693787.0
2025-08-18T11:30:00-04:00,36.07500076293945,36.220001220703125,35.75,36.13999938964844,890312.0
2025-08-18T12:30:00-04:00,36.13999938964844,36.790000915527344,35.85499954223633,36.66279983520508,1197327.0
2025-08-18T13:30:00-04:00,36.66999816894531,36.68000030517578,36.13999938964844,36.295501708984375,750796.0
2025-08-18T14:30:00-04:00,36.29999923706055,36.334999084472656,35.83000183105469,35.93899917602539,928758.0
2025-08-18T15:30:00-04:00,35.90999984741211,36.116798400878906,35.68000030517578,35.77000045776367,1661789.0
2025-08-19T09:30:00-04:00,35.7400016784668,36.959999084472656,35.66999816894531,36.86000061035156,1908889.0
2025-08-19T10:30:00-04:00,36.84000015258789,36.859901428222656,36.0,36.31999969482422,1148547.0
2025-08-19T11:30:00-04:00,36.31999969482422,36.58000183105469,35.650001525878906,35.7599983215332,754498.0
2025-08-19T12:30:00-04:00,35.7400016784668,36.11000061035156,35.400001525878906,36.04999923706055,935552.0
2025-08-19T13:30:00-04:00,36.040000915527344,36.40999984741211,35.7599983215332,36.125,1166137.0
2025-08-19T14:30:00-04:00,36.150001525878906,36.2400016784668,35.890098571777344,36.09000015258789,984880.0
2025-08-19T15:30:00-04:00,36.08000183105469,36.25,35.98500061035156,36.2400016784668,1021590.0
2025-08-20T09:30:00-04:00,36.0,36.790000915527344,35.820098876953125,36.029998779296875,1560545.0
2025-08-20T10:30:00-04:00,36.04999923706055,36.09000015258789,35.500099182128906,35.77000045776367,726710.0
2025-08-20T11:30:00-04:00,35.7599983215332,35.97999954223633,35.58000183105469,35.81999969482422,555120.0
2025-08-20T12:30:00-04:00,35.80500030517578,36.040000915527344,35.64550018310547,35.845001220703125,394914.0
2025-08-20T13:30:00-04:00,35.849998474121094,36.005001068115234,35.54999923706055,35.68000030517578,351440.0
2025-08-20T14:30:00-04:00,35.689998626708984,35.89929962158203,35.599998474121094,35.7599983215332,541772.0
2025-08-20T15:30:00-04:00,35.75,35.935001373291016,35.654998779296875,35.68000030517578,673299.0
2025-08-21T09:30:00-04:00,35.720001220703125,36.09000015258789,35.0099983215332,35.065399169921875,1458277.0
2025-08-21T10:30:00-04:00,35.04999923706055,35.107601165771484,34.4900016784668,34.68000030517578,993039.0
2025-08-21T11:30:00-04:00,34.685001373291016,34.93000030517578,34.31999969482422,34.3849983215332,660630.0
2025-08-21T12:30:00-04:00,34.41999816894531,34.529998779296875,34.040000915527344,34.18130111694336,527195.0
2025-08-21T13:30:00-04:00,34.18000030517578,34.40999984741211,34.120201110839844,34.34000015258789,487848.0
2025-08-21T14:30:00-04:00,34.33000183105469,34.52000045776367,34.220001220703125,34.34000015258789,799561.0
2025-08-21T15:30:00-04:00,34.34000015258789,34.60499954223633,34.26100158691406,34.60499954223633,872858.0
2025-08-22T09:30:00-04:00,35.08000183105469,37.349998474121094,34.79999923706055,37.220001220703125,2338811.0
2025-08-22T10:30:00-04:00,37.25,37.630001068115234,36.9900016784668,37.470001220703125,1524944.0
2025-08-22T11:30:00-04:00,37.47999954223633,37.810001373291016,37.42689895629883,37.72999954223633,1130830.0
2025-08-22T12:30:00-04:00,37.7400016784668,37.9900016784668,37.59000015258789,37.8125,963113.0
2025-08-22T13:30:00-04:00,37.79999923706055,38.16999816894531,37.560001373291016,38.099998474121094,1093479.0
2025-08-22T14:30:00-04:00,38.119998931884766,38.45000076293945,37.974998474121094,38.13999938964844,1011601.0
2025-08-22T15:30:00-04:00,38.165000915527344,38.349998474121094,38.02000045776367,38.20000076293945,1493271.0
2025-08-25T09:30:00-04:00,37.599998474121094,38.20000076293945,37.25,37.869998931884766,1390671.0
2025-08-25T10:30:00-04:00,37.86399841308594,38.219600677490234,37.77000045776367,37.915000915527344,609537.0
2025-08-25T11:30:00-04:00,37.915000915527344,38.47999954223633,37.7400016784668,38.33000183105469,529923.0
2025-08-25T12:30:00-04:00,38.33000183105469,38.36000061035156,37.93000030517578,38.349998474121094,567465.0
2025-08-25T13:30:00-04:00,38.36000061035156,38.41999816894531,37.850101470947266,37.9900016784668,635609.0
2025-08-25T14:30:00-04:00,37.9900016784668,38.13999938964844,37.83000183105469,38.10499954223633,508981.0
2025-08-25T15:30:00-04:00,38.11000061035156,38.26499938964844,38.0,38.2400016784668,804794.0
2025-08-26T09:30:00-04:00,38.470001220703125,39.56999969482422,38.38999938964844,38.529998779296875,1694353.0
2025-08-26T10:30:00-04:00,38.540000915527344,38.880001068115234,38.290000915527344,38.790000915527344,757047.0
2025-08-26T11:30:00-04:00,38.779998779296875,38.904998779296875,38.2599983215332,38.400001525878906,538831.0
2025-08-26T12:30:00-04:00,38.400001525878906,38.630001068115234,38.25,38.34000015258789,460437.0
2025-08-26T13:30:00-04:00,38.349998474121094,38.474998474121094,38.220001220703125,38.30500030517578,437819.0
2025-08-26T14:30:00-04:00,38.310001373291016,38.345001220703125,37.84000015258789,37.9900016784668,548156.0
2025-08-26T15:30:00-04:00,37.9900016784668,38.16999816894531,37.939998626708984,37.939998626708984,968650.0
2025-08-27T09:30:00-04:00,37.650001525878906,38.41999816894531,37.44459915161133,38.029998779296875,669683.0
2025-08-27T10:30:00-04:00,38.04999923706055,38.04999923706055,37.560001373291016,37.900001525878906,385816.0
2025-08-27T11:30:00-04:00,37.880001068115234,38.130001068115234,37.849998474121094,37.933799743652344,352431.0
2025-08-27T12:30:00-04:00,37.93429946899414,38.0099983215332,37.4900016784668,37.56999969482422,381842.0
2025-08-27T13:30:00-04:00,37.58000183105469,37.790000915527344,37.400001525878906,37.45000076293945,468178.0
2025-08-27T14:30:00-04:00,37.45000076293945,37.779998779296875,37.45000076293945,37.775001525878906,461181.0
2025-08-27T15:30:00-04:00,37.775001525878906,37.83000183105469,37.529998779296875,37.56999969482422,582055.0
2025-08-28T09:30:00-04:00,38.09000015258789,38.22890090942383,37.52000045776367,37.76499938964844,674869.0
2025-08-28T10:30:00-04:00,37.76499938964844,37.853599548339844,37.431400299072266,37.777400970458984,537174.0
2025-08-28T11:30:00-04:00,37.775001525878906,38.040000915527344,37.599998474121094,37.599998474121094,532009.0
2025-08-28T12:30:00-04:00,37.61000061035156,37.61000061035156,37.160099029541016,37.22999954223633,376398.0
2025-08-28T13:30:00-04:00,37.2400016784668,37.599998474121094,37.220001220703125,37.5099983215332,336530.0
2025-08-28T14:30:00-04:00,37.5,37.70000076293945,37.4900016784668,37.6150016784668,343565.0
2025-08-28T15:30:00-04:00,37.61000061035156,37.67580032348633,37.5,37.58000183105469,602674.0
2025-08-29T09:30:00-04:00,37.59000015258789,38.56999969482422,37.554500579833984,38.130001068115234,1151753.0
2025-08-29T10:30:00-04:00,38.127201080322266,38.22999954223633,37.47999954223633,37.5,573602.0
2025-08-29T11:30:00-04:00,37.5099983215332,37.83000183105469,37.380001068115234,37.650001525878906,362402.0
2025-08-29T12:30:00-04:00,37.65999984741211,37.779998779296875,37.34000015258789,37.45000076293945,333837.0
2025-08-29T13:30:00-04:00,37.45000076293945,37.59000015258789,37.189998626708984,37.33000183105469,356327.0
2025-08-29T14:30:00-04:00,37.33000183105469,37.560001373291016,37.33000183105469,37.459999084472656,357966.0
2025-08-29T15:30:00-04:00,37.47999954223633,37.720001220703125,37.459999084472656,37.709999084472656,501107.0
2025-09-02T09:30:00-04:00,36.462501525878906,36.70000076293945,35.90999984741211,36.59000015258789,1300169.0
2025-09-02T10:30:00-04:00,36.599998474121094,36.7400016784668,36.35499954223633,36.54999923706055,691995.0
2025-09-02T11:30:00-04:00,36.529998779296875,36.93000030517578,36.5099983215332,36.77000045776367,415329.0
2025-09-02T12:30:00-04:00,36.779998779296875,37.150001525878906,36.779998779296875,37.040000915527344,459225.0
2025-09-02T13:30:00-04:00,37.040000915527344,37.29999923706055,36.779998779296875,36.810001373291016,434459.0
2025-09-02T14:30:00-04:00,36.81999969482422,36.95000076293945,36.56999969482422,36.95000076293945,771258.0
2025-09-02T15:30:00-04:00,36.95000076293945,37.09000015258789,36.880001068115234,36.98500061035156,667115.0
2025-09-03T09:30:00-04:00,37.040000915527344,38.0099983215332,37.040000915527344,37.52619934082031,730967.0
2025-09-03T10:30:00-04:00,37.535099029541016,37.63999938964844,37.290000915527344,37.52000045776367,527352.0
2025-09-03T11:30:00-04:00,37.52000045776367,37.640098571777344,37.279998779296875,37.5099983215332,367640.0
2025-09-03T12:30:00-04:00,37.52000045776367,38.02000045776367,37.52000045776367,37.88999938964844,371920.0
2025-09-03T13:30:00-04:00,37.900001525878906,37.939998626708984,37.47999954223633,37.82600021362305,377401.0
2025-09-03T14:30:00-04:00,37.83000183105469,37.83000183105469,37.20000076293945,37.34000015258789,431729.0
2025-09-03T15:30:00-04:00,37.349998474121094,37.439998626708984,37.04999923706055,37.06999969482422,1178792.0
2025-09-04T09:30:00-04:00,37.08000183105469,37.08000183105469,35.560001373291016,35.81999969482422,1319693.0
2025-09-04T10:30:00-04:00,35.810001373291016,36.31999969482422,35.68000030517578,36.13999938964844,718442.0
2025-09-04T11:30:00-04:00,36.13999938964844,36.52000045776367,36.095001220703125,36.2599983215332,428615.0
2025-09-04T12:30:00-04:00,36.2400016784668,36.399600982666016,35.845001220703125,35.97999954223633,433979.0
2025-09-04T13:30:00-04:00,35.99599838256836,36.380001068115234,35.900001525878906,36.3484001159668,431582.0
2025-09-04T14:30:00-04:00,36.344200134277344,36.51499938964844,36.279998779296875,36.30500030517578,711266.0
2025-09-04T15:30:00-04:00,36.310001373291016,36.68000030517578,36.2400016784668,36.5,805770.0
2025-09-05T09:30:00-04:00,37.29999923706055,39.790000915527344,37.29999923706055,37.88010025024414,2445806.0
2025-09-05T10:30:00-04:00,37.900001525878906,38.529998779296875,37.44029998779297,38.4900016784668,1165610.0
2025-09-05T11:30:00-04:00,38.48379898071289,38.790000915527344,38.21500015258789,38.62049865722656,1067017.0
2025-09-05T12:30:00-04:00,38.619998931884766,39.290000915527344,38.599998474121094,39.25,935839.0
2025-09-05T13:30:00-04:00,39.2400016784668,39.439998626708984,39.060001373291016,39.279998779296875,1236185.0
2025-09-05T14:30:00-04:00,39.2599983215332,39.77000045776367,39.19169998168945,39.5099983215332,1381902.0
2025-09-05T15:30:00-04:00,39.5099983215332,39.849998474121094,39.470001220703125,39.66999816894531,1608994.0
2025-09-08T09:30:00-04:00,39.54679870605469,39.58000183105469,37.9900016784668,38.529998779296875,2026030.0
2025-09-08T10:30:00-04:00,38.54999923706055,38.900001525878906,38.27000045776367,38.51499938964844,906707.0
2025-09-08T11:30:00-04:00,38.5,38.505001068115234,37.959999084472656,38.349998474121094,840249.0
2025-09-08T12:30:00-04:00,38.34000015258789,38.38990020751953,37.95000076293945,38.25699996948242,698916.0
2025-09-08T13:30:00-04:00,38.279998779296875,38.40010070800781,37.959999084472656,38.37009811401367,748707.0
2025-09-08T14:30:00-04:00,38.38999938964844,38.79999923706055,38.349998474121094,38.619998931884766,752027.0
2025-09-08T15:30:00-04:00,38.630001068115234,38.90999984741211,38.59000015258789,38.81999969482422,1041432.0
2025-09-09T09:30:00-04:00,38.91999816894531,39.470001220703125,38.43000030517578,39.025001525878906,1935119.0
2025-09-09T10:30:00-04:00,39.0,39.029998779296875,38.084999084472656,38.35580062866211,969947.0
2025-09-09T11:30:00-04:00,38.38999938964844,38.43000030517578,37.08000183105469,37.22999954223633,1429929.0
2025-09-09T12:30:00-04:00,37.2400016784668,37.47999954223633,36.875,37.36000061035156,905993.0
2025-09-09T13:30:00-04:00,37.349998474121094,37.720001220703125,37.349998474121094,37.66999816894531,609040.0
2025-09-09T14:30:00-04:00,37.65999984741211,37.81959915161133,37.47999954223633,37.650001525878906,1044527.0
2025-09-09T15:30:00-04:00,37.630001068115234,37.97999954223633,37.470001220703125,37.939998626708984,1153699.0
2025-09-10T09:30:00-04:00,38.47380065917969,39.18000030517578,37.79999923706055,37.83000183105469,1126965.0
2025-09-10T10:30:00-04:00,37.81999969482422,38.04999923706055,37.470001220703125,37.77000045776367,625112.0
2025-09-10T11:30:00-04:00,37.790000915527344,37.915000915527344,37.5,37.53499984741211,496744.0
2025-09-10T12:30:00-04:00,37.53499984741211,38.0,37.290000915527344,37.31999969482422,683712.0
2025-09-10T13:30:00-04:00,37.290000915527344,37.310001373291016,36.97600173950195,37.11000061035156,666309.0
2025-09-10T14:30:00-04:00,37.119998931884766,37.2599983215332,36.8650016784668,37.099998474121094,608417.0
2025-09-10T15:30:00-04:00,37.11000061035156,37.25,36.974998474121094,37.11000061035156,920306.0
2025-09-11T09:30:00-04:00,37.375,38.54750061035156,37.11000061035156,38.42499923706055,1318230.0
2025-09-11T10:30:00-04:00,38.42499923706055,38.63999938964844,38.029998779296875,38.50870132446289,246917.0
2025-09-11T11:30:00-04:00,38.5,39.06999969482422,38.44839859008789,38.875,1375230.0
2025-09-11T12:30:00-04:00,38.880001068115234,39.089900970458984,38.720001220703125,38.95500183105469,654171.0
2025-09-11T13:30:00-04:00,38.959999084472656,39.07500076293945,38.709999084472656,38.72999954223633,695823.0
2025-09-11T14:30:00-04:00,38.724998474121094,38.929901123046875,37.90999984741211,37.90999984741211,679332.0
2025-09-11T15:30:00-04:00,37.91999816894531,37.91999816894531,37.2599983215332,37.290000915527344,1180149.0
2025-09-12T09:30:00-04:00,37.54999923706055,38.220001220703125,37.21500015258789,37.97999954223633,927145.0
2025-09-12T10:30:00-04:00,37.97999954223633,38.369998931884766,37.87009811401367,38.185001373291016,717823.0
2025-09-12T11:30:00-04:00,38.189998626708984,38.39500045776367,37.580101013183594,37.779998779296875,1182547.0
2025-09-12T12:30:00-04:00,37.79990005493164,37.915000915527344,37.435001373291016,37.875,806014.0
2025-09-12T13:30:00-04:00,37.869998931884766,37.939998626708984,37.529998779296875,37.650001525878906,647117.0
2025-09-12T14:30:00-04:00,37.65999984741211,37.90999984741211,37.54499816894531,37.54499816894531,506865.0
2025-09-12T15:30:00-04:00,37.54499816894531,37.720001220703125,37.41999816894531,37.63999938964844,1115848.0
2025-09-15T09:30:00-04:00,37.86000061035156,38.099998474121094,37.0,37.45000076293945,1337595.0
2025-09-15T10:30:00-04:00,37.47999954223633,37.720001220703125,37.27000045776367,37.41999816894531,600745.0
2025-09-15T11:30:00-04:00,37.43000030517578,37.84000015258789,37.400001525878906,37.5,730658.0
2025-09-15T12:30:00-04:00,37.4900016784668,38.0,37.40999984741211,37.926998138427734,528806.0
2025-09-15T13:30:00-04:00,37.939998626708984,38.619998931884766,37.88999938964844,38.20500183105469,849023.0
2025-09-15T14:30:00-04:00,38.22999954223633,38.59000015258789,38.04499816894531,38.279998779296875,799346.0
2025-09-15T15:30:00-04:00,38.27000045776367,38.33000183105469,37.959999084472656,37.97999954223633,991778.0
2025-09-16T09:30:00-04:00,38.27000045776367,39.07500076293945,37.5,38.95000076293945,1757181.0
2025-09-16T10:30:00-04:00,38.900001525878906,39.31999969482422,38.70000076293945,38.9900016784668,876414.0
2025-09-16T11:30:00-04:00,38.970001220703125,39.25,38.84000015258789,38.91080093383789,551045.0
2025-09-16T12:30:00-04:00,38.91999816894531,39.20000076293945,38.68000030517578,38.83000183105469,585537.0
2025-09-16T13:30:00-04:00,38.84000015258789,39.25,38.80329895019531,39.19499969482422,603713.0
2025-09-16T14:30:00-04:00,39.19499969482422,39.435001373291016,38.939998626708984,39.375,745876.0
2025-09-16T15:30:00-04:00,39.380001068115234,39.5,38.970001220703125,38.97999954223633,1261987.0
2025-09-17T09:30:00-04:00,39.119998931884766,39.540000915527344,38.41999816894531,39.16999816894531,978261.0
2025-09-17T10:30:00-04:00,39.15999984741211,39.810001373291016,38.9557991027832,39.757999420166016,776785.0
2025-09-17T11:30:00-04:00,39.77000045776367,40.04880142211914,39.5447998046875,39.82500076293945,827231.0
2025-09-17T12:30:00-04:00,39.81999969482422,39.869998931884766,39.290000915527344,39.47999954223633,485509.0
2025-09-17T13:30:00-04:00,39.459999084472656,40.86000061035156,39.439998626708984,40.19350051879883,1632590.0
2025-09-17T14:30:00-04:00,40.18360137939453,40.20000076293945,38.119998931884766,38.79999923706055,1577576.0
2025-09-17T15:30:00-04:00,38.78099822998047,39.04999923706055,38.54999923706055,38.720001220703125,1268898.0
2025-09-18T09:30:00-04:00,39.59000015258789,39.599998474121094,37.70000076293945,38.369998931884766,1971995.0
2025-09-18T10:30:00-04:00,38.380001068115234,38.5,37.45000076293945,37.779998779296875,1300321.0
2025-09-18T11:30:00-04:00,37.779998779296875,38.060001373291016,37.68000030517578,37.95000076293945,636508.0
2025-09-18T12:30:00-04:00,37.94499969482422,38.03499984741211,37.56999969482422,37.72999954223633,923198.0
2025-09-18T13:30:00-04:00,37.720001220703125,38.099998474121094,37.57500076293945,38.08000183105469,898226.0
2025-09-18T14:30:00-04:00,38.09000015258789,38.81999969482422,38.09000015258789,38.810001373291016,1088146.0
2025-09-18T15:30:00-04:00,38.81999969482422,38.83000183105469,38.400001525878906,38.41999816894531,1200887.0
2025-09-19T09:30:00-04:00,38.400001525878906,38.744998931884766,37.51499938964844,38.540000915527344,1658166.0
2025-09-19T10:30:00-04:00,38.560001373291016,38.9900016784668,38.16999816894531,38.529998779296875,1082017.0
2025-09-19T11:30:00-04:00,38.5,39.01499938964844,38.2599983215332,38.8650016784668,779076.0
2025-09-19T12:30:00-04:00,38.849998474121094,38.849998474121094,38.279998779296875,38.380001068115234,657607.0
2025-09-19T13:30:00-04:00,38.36009979248047,38.36009979248047,37.92499923706055,38.060001373291016,478870.0
2025-09-19T14:30:00-04:00,38.040000915527344,38.900001525878906,38.040000915527344,38.65999984741211,750430.0
2025-09-19T15:30:00-04:00,38.652000427246094,38.93000030517578,38.349998474121094,38.38999938964844,1593336.0
2025-09-22T09:30:00-04:00,38.75,40.33000183105469,38.534000396728516,40.099998474121094,2071924.0
2025-09-22T10:30:00-04:00,40.09000015258789,40.72999954223633,39.970001220703125,40.22999954223633,1403005.0
2025-09-22T11:30:00-04:00,40.20500183105469,40.66999816894531,40.02000045776367,40.19150161743164,865940.0
2025-09-22T12:30:00-04:00,40.209999084472656,40.45130157470703,39.880001068115234,39.959999084472656,782574.0
2025-09-22T13:30:00-04:00,39.959999084472656,40.720001220703125,39.750099182128906,40.43190002441406,1261812.0
2025-09-22T14:30:00-04:00,40.45000076293945,40.63999938964844,40.2400016784668,40.584999084472656,878992.0
2025-09-22T15:30:00-04:00,40.58509826660156,40.630001068115234,40.28499984741211,40.4900016784668,1090060.0
2025-09-23T09:30:00-04:00,41.0,41.130001068115234,39.599998474121094,39.7599983215332,961859.0
2025-09-23T10:30:00-04:00,39.755001068115234,40.099998474121094,39.029998779296875,39.2599983215332,701111.0
2025-09-23T11:30:00-04:00,39.2599983215332,39.505001068115234,38.90999984741211,39.29999923706055,675000.0
2025-09-23T12:30:00-04:00,39.290000915527344,39.54999923706055,39.029998779296875,39.060001373291016,353604.0
2025-09-23T13:30:00-04:00,39.060001373291016,39.19499969482422,38.02000045776367,38.08000183105469,969776.0
2025-09-23T14:30:00-04:00,38.08000183105469,38.27899932861328,37.58000183105469,37.649898529052734,2798352.0
2025-09-23T15:30:00-04:00,37.630001068115234,37.77000045776367,37.279998779296875,37.349998474121094,1420440.0
2025-09-24T09:30:00-04:00,37.68000030517578,38.400001525878906,37.529998779296875,38.290000915527344,1044563.0
2025-09-24T10:30:00-04:00,38.290000915527344,38.75,38.0099983215332,38.71979904174805,601567.0
2025-09-24T11:30:00-04:00,38.70000076293945,38.8650016784668,38.14500045776367,38.14509963989258,591110.0
2025-09-24T12:30:00-04:00,38.14509963989258,39.04999923706055,38.125,38.83000183105469,578947.0
2025-09-24T13:30:00-04:00,38.83000183105469,38.91999816894531,38.07500076293945,38.125701904296875,327357.0
2025-09-24T14:30:00-04:00,38.119998931884766,38.375,37.77000045776367,37.869998931884766,470265.0
2025-09-24T15:30:00-04:00,37.869998931884766,38.060001373291016,37.84000015258789,37.9900016784668,1855482.0
2025-09-25T09:30:00-04:00,37.11000061035156,37.15999984741211,36.130001068115234,36.4900016784668,1095720.0
2025-09-25T10:30:00-04:00,36.5,36.79999923706055,36.27000045776367,36.279998779296875,631348.0
2025-09-25T11:30:00-04:00,36.28409957885742,36.7599983215332,36.25,36.61000061035156,330091.0
2025-09-25T12:30:00-04:00,36.619998931884766,37.0,36.5900993347168,36.619998931884766,367546.0
2025-09-25T13:30:00-04:00,36.630001068115234,36.79999923706055,36.400001525878906,36.755001068115234,336964.0
2025-09-25T14:30:00-04:00,36.7599983215332,37.060001373291016,36.72999954223633,36.91899871826172,456673.0
2025-09-25T15:30:00-04:00,36.93000030517578,37.1349983215332,36.744998931884766,37.08000183105469,2163300.0
2025-09-26T09:30:00-04:00,36.90999984741211,36.974998474121094,35.63999938964844,35.65999984741211,986887.0
2025-09-26T10:30:00-04:00,35.650001525878906,35.919898986816406,35.560001373291016,35.849998474121094,607949.0
2025-09-26T11:30:00-04:00,35.849998474121094,36.209999084472656,35.849998474121094,36.095001220703125,347388.0
2025-09-26T12:30:00-04:00,36.06999969482422,36.560001373291016,36.06999969482422,36.25,410785.0
2025-09-26T13:30:00-04:00,36.24599838256836,36.36000061035156,36.060001373291016,36.119998931884766,259560.0
2025-09-26T14:30:00-04:00,36.11000061035156,36.56999969482422,36.06999969482422,36.415000915527344,381848.0
2025-09-26T15:30:00-04:00,36.415000915527344,36.61000061035156,36.279998779296875,36.47999954223633,557796.0
2025-09-29T09:30:00-04:00,36.689998626708984,36.90999984741211,35.880001068115234,36.119998931884766,945138.0
2025-09-29T10:30:00-04:00,36.099998474121094,36.79999923706055,35.93000030517578,36.540000915527344,844797.0
2025-09-29T11:30:00-04:00,36.54499816894531,36.75,36.2599983215332,36.36000061035156,521367.0
2025-09-29T12:30:00-04:00,36.36000061035156,36.369998931884766,36.13999938964844,36.220001220703125,319699.0
2025-09-29T13:30:00-04:00,36.220001220703125,36.61000061035156,36.21500015258789,36.5,422021.0
2025-09-29T14:30:00-04:00,36.4900016784668,36.560001373291016,36.18000030517578,36.2599983215332,642359.0
2025-09-29T15:30:00-04:00,36.2599983215332,36.27000045776367,36.0,36.060001373291016,730662.0
2025-09-30T09:30:00-04:00,36.13999938964844,36.25,35.599998474121094,35.8650016784668,708161.0
2025-09-30T10:30:00-04:00,35.84000015258789,36.040000915527344,35.11000061035156,35.290000915527344,617170.0
2025-09-30T11:30:00-04:00,35.28010177612305,35.37009811401367,35.06999969482422,35.23400115966797,404007.0
2025-09-30T12:30:00-04:00,35.2400016784668,35.43000030517578,35.189998626708984,35.25,301096.0
2025-09-30T13:30:00-04:00,35.224998474121094,35.415000915527344,35.060001373291016,35.29119873046875,471225.0
2025-09-30T14:30:00-04:00,35.285499572753906,35.56999969482422,35.2599983215332,35.560001373291016,359921.0
2025-09-30T15:30:00-04:00,35.56999969482422,35.65999984741211,35.369998931884766,35.369998931884766,664953.0
2025-10-01T09:30:00-04:00,35.939998626708984,37.2400016784668,35.880001068115234,36.540000915527344,1229318.0
2025-10-01T10:30:00-04:00,36.541500091552734,37.189998626708984,36.369998931884766,36.97999954223633,576562.0
2025-10-01T11:30:00-04:00,37.0,37.38999938964844,36.81999969482422,36.91999816894531,450141.0
2025-10-01T12:30:00-04:00,36.904998779296875,37.11000061035156,36.75,36.834999084472656,328285.0
2025-10-01T13:30:00-04:00,36.849998474121094,37.150001525878906,36.79999923706055,37.119998931884766,1713409.0
2025-10-01T14:30:00-04:00,37.11000061035156,37.220001220703125,37.03499984741211,37.060001373291016,588114.0
2025-10-01T15:30:00-04:00,37.064998626708984,37.24800109863281,36.900001525878906,37.02000045776367,1124654.0
2025-10-02T09:30:00-04:00,37.790000915527344,38.20000076293945,37.25,37.595001220703125,1087669.0
2025-10-02T10:30:00-04:00,37.59000015258789,37.63100051879883,37.22800064086914,37.30500030517578,637357.0
2025-10-02T11:30:00-04:00,37.30500030517578,37.40999984741211,37.15999984741211,37.279998779296875,629306.0
2025-10-02T12:30:00-04:00,37.27000045776367,37.369998931884766,37.064998626708984,37.34000015258789,685939.0
2025-10-02T13:30:00-04:00,37.31999969482422,37.611000061035156,37.314998626708984,37.56999969482422,403831.0
2025-10-02T14:30:00-04:00,37.58000183105469,37.63999938964844,37.38999938964844,37.52000045776367,497360.0
2025-10-02T15:30:00-04:00,37.5,37.790000915527344,37.41999816894531,37.724998474121094,711224.0
2025-10-03T09:30:00-04:00,37.584999084472656,38.68000030517578,37.36000061035156,37.70000076293945,1153172.0
2025-10-03T10:30:00-04:00,37.70500183105469,38.20000076293945,37.54499816894531,37.689998626708984,777183.0
2025-10-03T11:30:00-04:00,37.68000030517578,38.040000915527344,37.66999816894531,37.88999938964844,599888.0
2025-10-03T12:30:00-04:00,37.900001525878906,37.91999816894531,37.40999984741211,37.435001373291016,408281.0
2025-10-03T13:30:00-04:00,37.44929885864258,37.5099983215332,36.849998474121094,36.85499954223633,508342.0
2025-10-03T14:30:00-04:00,36.85499954223633,36.900001525878906,36.630401611328125,36.814998626708984,486561.0
2025-10-03T15:30:00-04:00,36.83000183105469,36.94499969482422,36.709999084472656,36.790000915527344,728648.0
2025-10-06T09:30:00-04:00,36.98500061035156,37.68000030517578,36.7599983215332,37.02000045776367,959441.0
2025-10-06T10:30:00-04:00,37.040000915527344,37.744998931884766,36.959999084472656,37.345001220703125,1029435.0
2025-10-06T11:30:00-04:00,37.36650085449219,37.540000915527344,36.900001525878906,37.06999969482422,592140.0
2025-10-06T12:30:00-04:00,37.0974006652832,37.5,37.090999603271484,37.38999938964844,591336.0
2025-10-06T13:30:00-04:00,37.380001068115234,37.63330078125,37.16999816894531,37.5,701738.0
2025-10-06T14:30:00-04:00,37.52000045776367,37.65999984741211,37.25,37.29499816894531,443337.0
2025-10-06T15:30:00-04:00,37.290000915527344,37.345001220703125,37.130001068115234,37.13999938964844,581418.0
2025-10-07T09:30:00-04:00,37.56999969482422,37.90079879760742,37.03499984741211,37.10879898071289,1062036.0
2025-10-07T10:30:00-04:00,37.11360168457031,37.20000076293945,36.400001525878906,36.59000015258789,725412.0
2025-10-07T11:30:00-04:00,36.56999969482422,36.58000183105469,36.150001525878906,36.2400016784668,519469.0
2025-10-07T12:30:00-04:00,36.255001068115234,36.869998931884766,36.2400016784668,36.82500076293945,428969.0
2025-10-07T13:30:00-04:00,36.810001373291016,36.810001373291016,36.279998779296875,36.345001220703125,359621.0
2025-10-07T14:30:00-04:00,36.36000061035156,36.40119934082031,36.25,36.369998931884766,505895.0
2025-10-07T15:30:00-04:00,36.36000061035156,36.375,36.17100143432617,36.27000045776367,687510.0
2025-10-08T09:30:00-04:00,36.369998931884766,36.47999954223633,35.84000015258789,36.290000915527344,874045.0
2025-10-08T10:30:00-04:00,36.279998779296875,36.29999923706055,35.91999816894531,36.02510070800781,528700.0
2025-10-08T11:30:00-04:00,36.0099983215332,36.130001068115234,35.86000061035156,35.88999938964844,498962.0
2025-10-08T12:30:00-04:00,35.88999938964844,35.904998779296875,35.653099060058594,35.77000045776367,618026.0
2025-10-08T13:30:00-04:00,35.775001525878906,35.78139877319336,35.630001068115234,35.67599868774414,507244.0
2025-10-08T14:30:00-04:00,35.66999816894531,35.880001068115234,35.66999816894531,35.86000061035156,610309.0
2025-10-08T15:30:00-04:00,35.86000061035156,36.08000183105469,35.78010177612305,36.02989959716797,682491.0
2025-10-09T09:30:00-04:00,36.20000076293945,37.099998474121094,36.17179870605469,36.625,1197760.0
2025-10-09T10:30:00-04:00,36.599998474121094,37.79999923706055,36.54999923706055,37.68000030517578,1371703.0
2025-10-09T11:30:00-04:00,37.689998626708984,39.220001220703125,37.459999084472656,39.029998779296875,2208933.0
2025-10-09T12:30:00-04:00,39.000999450683594,39.000999450683594,37.060001373291016,37.2400016784668,1754496.0
2025-10-09T13:30:00-04:00,37.25,37.47999954223633,36.77000045776367,36.77000045776367,1010602.0
2025-10-09T14:30:00-04:00,36.77000045776367,36.880001068115234,36.5,36.650001525878906,982379.0
2025-10-09T15:30:00-04:00,36.650001525878906,36.790000915527344,36.54999923706055,36.70500183105469,898485.0
2025-10-10T09:30:00-04:00,37.11000061035156,37.13999938964844,35.880001068115234,36.09000015258789,1699152.0
2025-10-10T10:30:00-04:00,36.11000061035156,36.44860076904297,34.90999984741211,34.95989990234375,1408441.0
2025-10-10T11:30:00-04:00,34.959999084472656,34.959999084472656,34.13999938964844,34.18000030517578,1435437.0
2025-10-10T12:30:00-04:00,34.17499923706055,34.439998626708984,33.75,33.95050048828125,1167077.0
2025-10-10T13:30:00-04:00,33.95500183105469,34.084999084472656,33.81119918823242,33.830101013183594,988567.0
2025-10-10T14:30:00-04:00,33.81999969482422,33.86000061035156,33.56999969482422,33.755001068115234,1041546.0
2025-10-10T15:30:00-04:00,33.75,34.439998626708984,33.72999954223633,34.27000045776367,1561082.0
2025-10-13T09:30:00-04:00,34.849998474121094,35.85300064086914,34.56999969482422,35.11000061035156,1661976.0
2025-10-13T10:30:00-04:00,35.099998474121094,35.58000183105469,35.06999969482422,35.38999938964844,613246.0
2025-10-13T11:30:00-04:00,35.380001068115234,35.400001525878906,35.16999816894531,35.339500427246094,429494.0
2025-10-13T12:30:00-04:00,35.334999084472656,35.38999938964844,34.70000076293945,34.769500732421875,510585.0
2025-10-13T13:30:00-04:00,34.779998779296875,35.27989959716797,34.7599983215332,35.22999954223633,453478.0
2025-10-13T14:30:00-04:00,35.23500061035156,35.45000076293945,35.0,35.099998474121094,504926.0
2025-10-13T15:30:00-04:00,35.099998474121094,35.099998474121094,34.790000915527344,34.81999969482422,739329.0
2025-10-14T09:30:00-04:00,34.5,35.29990005493164,34.16999816894531,35.11000061035156,1000816.0
2025-10-14T10:30:00-04:00,35.084999084472656,35.599998474121094,34.9900016784668,35.46500015258789,518246.0
2025-10-14T11:30:00-04:00,35.46500015258789,36.16999816894531,35.380001068115234,36.0724983215332,821625.0
2025-10-14T12:30:00-04:00,36.08000183105469,36.79999923706055,36.060001373291016,36.720001220703125,890723.0
2025-10-14T13:30:00-04:00,36.72999954223633,36.93000030517578,36.52000045776367,36.87810134887695,805173.0
2025-10-14T14:30:00-04:00,36.880001068115234,37.02000045776367,36.68000030517578,36.91999816894531,705419.0
2025-10-14T15:30:00-04:00,36.91999816894531,36.91999816894531,36.30099868774414,36.435001373291016,994038.0
2025-10-15T09:30:00-04:00,37.439998626708984,39.54999923706055,37.43000030517578,39.22999954223633,2722169.0
2025-10-15T10:30:00-04:00,39.22999954223633,39.22999954223633,38.06999969482422,38.119998931884766,1310392.0
2025-10-15T11:30:00-04:00,38.1349983215332,38.27510070800781,37.705501556396484,37.97999954223633,830107.0
2025-10-15T12:30:00-04:00,37.939998626708984,37.95000076293945,37.04999923706055,37.34270095825195,817548.0
2025-10-15T13:30:00-04:00,37.36000061035156,37.970001220703125,37.349998474121094,37.68000030517578,649432.0
2025-10-15T14:30:00-04:00,37.689998626708984,38.0,37.560001373291016,37.720001220703125,526406.0
2025-10-15T15:30:00-04:00,37.720001220703125,37.79999923706055,37.38999938964844,37.529998779296875,969483.0
2025-10-16T09:30:00-04:00,37.619998931884766,38.18000030517578,37.13999938964844,37.7932014465332,1035373.0
2025-10-16T10:30:00-04:00,37.82899856567383,38.18000030517578,37.16999816894531,37.2599983215332,742359.0
2025-10-16T11:30:00-04:00,37.279998779296875,37.47999954223633,36.849998474121094,37.150001525878906,735299.0
2025-10-16T12:30:00-04:00,37.13999938964844,37.84000015258789,36.71120071411133,37.790000915527344,846865.0
2025-10-16T13:30:00-04:00,37.775001525878906,37.86000061035156,37.13999938964844,37.43000030517578,505512.0
2025-10-16T14:30:00-04:00,37.43000030517578,37.76499938964844,37.32500076293945,37.439998626708984,584928.0
2025-10-16T15:30:00-04:00,37.439998626708984,37.650001525878906,37.380001068115234,37.54999923706055,796315.0
2025-10-17T09:30:00-04:00,37.07939910888672,37.19139862060547,36.33259963989258,36.38999938964844,1099415.0
2025-10-17T10:30:00-04:00,36.375,36.650001525878906,36.099998474121094,36.404998779296875,601422.0
2025-10-17T11:30:00-04:00,36.404998779296875,36.75,36.30009841918945,36.58000183105469,438757.0
2025-10-17T12:30:00-04:00,36.58000183105469,36.58000183105469,36.03499984741211,36.09000015258789,495130.0
2025-10-17T13:30:00-04:00,36.084999084472656,36.34000015258789,36.064998626708984,36.209999084472656,456232.0
2025-10-17T14:30:00-04:00,36.209999084472656,36.28499984741211,36.077999114990234,36.26499938964844,569245.0
2025-10-17T15:30:00-04:00,36.2599983215332,36.709999084472656,36.13999938964844,36.560001373291016,952569.0
2025-10-20T09:30:00-04:00,37.20000076293945,37.849998474121094,36.95000076293945,37.540000915527344,1338622.0
2025-10-20T10:30:00-04:00,37.540000915527344,38.060001373291016,37.20000076293945,37.91019821166992,557392.0
2025-10-20T11:30:00-04:00,37.90999984741211,38.404998779296875,37.880001068115234,38.28799819946289,598028.0
2025-10-20T12:30:00-04:00,38.279998779296875,38.31999969482422,38.09000015258789,38.16600036621094,404731.0
2025-10-20T13:30:00-04:00,38.150001525878906,38.220001220703125,37.709999084472656,37.7400016784668,378967.0
2025-10-20T14:30:00-04:00,37.7400016784668,37.86000061035156,37.53900146484375,37.560001373291016,427493.0
2025-10-20T15:30:00-04:00,37.560001373291016,37.72999954223633,37.40999984741211,37.560001373291016,860583.0
2025-10-21T09:30:00-04:00,37.91999816894531,38.04999923706055,36.869998931884766,37.279998779296875,857581.0
2025-10-21T10:30:00-04:00,37.29999923706055,37.810001373291016,37.209999084472656,37.689998626708984,490885.0
2025-10-21T11:30:00-04:00,37.70000076293945,37.95000076293945,37.349998474121094,37.404998779296875,491383.0
2025-10-21T12:30:00-04:00,37.40999984741211,37.45000076293945,36.84000015258789,37.099998474121094,482098.0
2025-10-21T13:30:00-04:00,37.16999816894531,37.529998779296875,37.000099182128906,37.52000045776367,467679.0
2025-10-21T14:30:00-04:00,37.529998779296875,37.619998931884766,36.97999954223633,37.08000183105469,420682.0
2025-10-21T15:30:00-04:00,37.08000183105469,37.25,36.95500183105469,37.07500076293945,573734.0
2025-10-22T09:30:00-04:00,36.459999084472656,36.900001525878906,36.29999923706055,36.43000030517578,786053.0
2025-10-22T10:30:00-04:00,36.43000030517578,36.5099983215332,35.619998931884766,35.650001525878906,714554.0
2025-10-22T11:30:00-04:00,35.650001525878906,35.689998626708984,35.25,35.43000030517578,728726.0
2025-10-22T12:30:00-04:00,35.439998626708984,35.59000015258789,34.95000076293945,35.209999084472656,714934.0
2025-10-22T13:30:00-04:00,35.20500183105469,35.36000061035156,34.869998931884766,35.30500030517578,580341.0
2025-10-22T14:30:00-04:00,35.290000915527344,35.779998779296875,35.255001068115234,35.75,520230.0
2025-10-22T15:30:00-04:00,35.77000045776367,36.154998779296875,35.755001068115234,36.09000015258789,923015.0
2025-10-23T09:30:00-04:00,35.13999938964844,35.95000076293945,34.685001373291016,35.779998779296875,1191136.0
2025-10-23T10:30:00-04:00,35.77000045776367,35.84130096435547,35.07500076293945,35.13999938964844,731335.0
2025-10-23T11:30:00-04:00,35.150001525878906,35.54499816894531,35.125,35.310001373291016,533974.0
2025-10-23T12:30:00-04:00,35.310001373291016,35.59980010986328,35.20500183105469,35.310001373291016,534932.0
2025-10-23T13:30:00-04:00,35.349998474121094,35.66999816894531,35.279998779296875,35.38999938964844,486314.0
2025-10-23T14:30:00-04:00,35.38999938964844,35.599998474121094,35.16999816894531,35.400001525878906,522399.0
2025-10-23T15:30:00-04:00,35.39509963989258,35.71500015258789,35.20000076293945,35.650001525878906,1005147.0
2025-10-24T09:30:00-04:00,36.40999984741211,37.290000915527344,36.220001220703125,36.52000045776367,1773399.0
2025-10-24T10:30:00-04:00,36.529998779296875,36.95000076293945,36.29999923706055,36.779998779296875,626344.0
2025-10-24T11:30:00-04:00,36.779998779296875,36.959999084472656,36.310001373291016,36.3849983215332,705809.0
2025-10-24T12:30:00-04:00,36.38999938964844,36.7400016784668,36.189998626708984,36.65999984741211,514600.0
2025-10-24T13:30:00-04:00,36.650001525878906,36.720001220703125,36.349998474121094,36.463600158691406,352630.0
2025-10-24T14:30:00-04:00,36.470001220703125,36.619998931884766,36.22999954223633,36.32500076293945,492470.0
2025-10-24T15:30:00-04:00,36.32600021362305,36.334999084472656,36.099998474121094,36.25,673277.0
2025-10-27T09:30:00-04:00,37.119998931884766,37.54990005493164,36.81999969482422,36.95000076293945,1455190.0
2025-10-27T10:30:00-04:00,36.970001220703125,37.189998626708984,36.61000061035156,36.7599983215332,725016.0
2025-10-27T11:30:00-04:00,36.72999954223633,36.81999969482422,36.400001525878906,36.5,545303.0
2025-10-27T12:30:00-04:00,36.5,36.623199462890625,36.27000045776367,36.310001373291016,492871.0
2025-10-27T13:30:00-04:00,36.29499816894531,36.66999816894531,36.22999954223633,36.65999984741211,393988.0
2025-10-27T14:30:00-04:00,36.65999984741211,37.099998474121094,36.63999938964844,37.060001373291016,883903.0
2025-10-27T15:30:00-04:00,37.060001373291016,37.099998474121094,36.7400016784668,36.77000045776367,912391.0
2025-10-28T09:30:00-04:00,37.0,37.06999969482422,36.20000076293945,36.441001892089844,1285935.0
2025-10-28T10:30:00-04:00,36.46500015258789,36.63999938964844,36.2599983215332,36.5,651012.0
2025-10-28T11:30:00-04:00,36.5,36.79999923706055,36.43000030517578,36.720001220703125,706839.0
2025-10-28T12:30:00-04:00,36.720001220703125,37.09000015258789,36.71820068359375,36.900001525878906,887804.0
2025-10-28T13:30:00-04:00,36.90999984741211,37.15999984741211,36.70000076293945,36.974998474121094,1108609.0
2025-10-28T14:30:00-04:00,36.974998474121094,37.07529830932617,36.81999969482422,36.89500045776367,1619623.0
2025-10-28T15:30:00-04:00,36.89500045776367,37.13999938964844,36.68000030517578,36.75,2593316.0
2025-10-29T09:30:00-04:00,31.70199966430664,33.439998626708984,31.520000457763672,32.060001373291016,9171538.0
2025-10-29T10:30:00-04:00,32.064998626708984,32.31999969482422,31.510000228881836,31.5935001373291,3093492.0
2025-10-29T11:30:00-04:00,31.59440040588379,31.670000076293945,31.264999389648438,31.57539939880371,2536458.0
2025-10-29T12:30:00-04:00,31.576499938964844,32.329898834228516,31.514999389648438,32.329898834228516,2025603.0
2025-10-29T13:30:00-04:00,32.32569885253906,32.55500030517578,31.649999618530273,31.66349983215332,2058438.0
2025-10-29T14:30:00-04:00,31.665000915527344,31.68000030517578,31.110000610351562,31.155000686645508,3078082.0
2025-10-29T15:30:00-04:00,31.149999618530273,31.24799919128418,30.809999465942383,31.139999389648438,3192202.0
2025-10-30T09:30:00-04:00,30.674999237060547,31.0,29.954999923706055,30.31999969482422,2008741.0
2025-10-30T10:30:00-04:00,30.34000015258789,30.690000534057617,30.230100631713867,30.2450008392334,957115.0
2025-10-30T11:30:00-04:00,30.229999542236328,30.610000610351562,30.100000381469727,30.40999984741211,650982.0
2025-10-30T12:30:00-04:00,30.399999618530273,30.405000686645508,30.075000762939453,30.110000610351562,508284.0
2025-10-30T13:30:00-04:00,30.09000015258789,30.280000686645508,30.049999237060547,30.08650016784668,476844.0
2025-10-30T14:30:00-04:00,30.085599899291992,30.344999313354492,30.020000457763672,30.30500030517578,809464.0
2025-10-30T15:30:00-04:00,30.30500030517578,30.364999771118164,30.100000381469727,30.1299991607666,3991415.0
2025-10-31T09:30:00-04:00,30.145000457763672,31.079999923706055,30.0,30.59000015258789,1319051.0
2025-10-31T10:30:00-04:00,30.56999969482422,30.899999618530273,30.559999465942383,30.760000228881836,635727.0
2025-10-31T11:30:00-04:00,30.75,30.985000610351562,30.389999389648438,30.709999084472656,551029.0
2025-10-31T12:30:00-04:00,30.690000534057617,30.799999237060547,30.31999969482422,30.420000076293945,509047.0
2025-10-31T13:30:00-04:00,30.41900062561035,30.43000030517578,30.040000915527344,30.389999389648438,662827.0
2025-10-31T14:30:00-04:00,30.395000457763672,30.59000015258789,30.34000015258789,30.459999084472656,544343.0
2025-10-31T15:30:00-04:00,30.46500015258789,30.520000457763672,30.1299991607666,30.510000228881836,3391410.0
2025-11-03T09:30:00-05:00,30.40999984741211,30.440000534057617,29.75,29.760000228881836,1159049.0
2025-11-03T10:30:00-05:00,29.760000228881836,30.270000457763672,29.434999465942383,29.920000076293945,974109.0
2025-11-03T11:30:00-05:00,29.920000076293945,30.049999237060547,29.719999313354492,29.7893009185791,443370.0
2025-11-03T12:30:00-05:00,29.780000686645508,29.979999542236328,29.770000457763672,29.889999389648438,405720.0
2025-11-03T13:30:00-05:00,29.889999389648438,29.950000762939453,29.65999984741211,29.825000762939453,451971.0
2025-11-03T14:30:00-05:00,29.829999923706055,29.898500442504883,29.639999389648438,29.655000686645508,594382.0
2025-11-03T15:30:00-05:00,29.649999618530273,29.70989990234375,29.489999771118164,29.489999771118164,1002791.0
2025-11-04T09:30:00-05:00,29.190000534057617,30.020000457763672,29.100000381469727,29.799999237060547,1294757.0
2025-11-04T10:30:00-05:00,29.790000915527344,30.5,29.65999984741211,30.0,2385694.0
2025-11-04T11:30:00-05:00,30.009899139404297,30.299999237060547,29.914100646972656,29.97249984741211,0.0
2025-11-04T12:30:00-05:00,29.968700408935547,30.15999984741211,29.489999771118164,29.520000457763672,561570.0
2025-11-04T13:30:00-05:00,29.520000457763672,29.790000915527344,29.395000457763672,29.690000534057617,580171.0
2025-11-04T14:30:00-05:00,29.700000762939453,29.709999084472656,28.90999984741211,29.05120086669922,1809535.0
2025-11-04T15:30:00-05:00,29.05500030517578,29.139999389648438,28.860000610351562,28.9950008392334,1230160.0
2025-11-05T09:30:00-05:00,29.149999618530273,31.209999084472656,29.06999969482422,31.1200008392334,1859936.0
2025-11-05T10:30:00-05:00,31.100400924682617,31.5,30.87350082397461,31.415000915527344,1466818.0
2025-11-05T11:30:00-05:00,31.40999984741211,31.700000762939453,31.22439956665039,31.380199432373047,860399.0
2025-11-05T12:30:00-05:00,31.389999389648438,32.20000076293945,31.260000228881836,31.905000686645508,1150912.0
2025-11-05T13:30:00-05:00,31.90999984741211,32.45000076293945,31.875,32.08000183105469,1254873.0
2025-11-05T14:30:00-05:00,32.08000183105469,32.419498443603516,32.0,32.32279968261719,898573.0
2025-11-05T15:30:00-05:00,32.33000183105469,32.45500183105469,32.165000915527344,32.20000076293945,1316326.0
2025-11-06T09:30:00-05:00,32.36000061035156,32.79999923706055,31.625,31.815000534057617,1069450.0
2025-11-06T10:30:00-05:00,31.81999969482422,31.81999969482422,30.700000762939453,30.78499984741211,877215.0
2025-11-06T11:30:00-05:00,30.760000228881836,30.927000045776367,30.600000381469727,30.809999465942383,404288.0
2025-11-06T12:30:00-05:00,30.825000762939453,31.270000457763672,30.810300827026367,31.209999084472656,359751.0
2025-11-06T13:30:00-05:00,31.200000762939453,31.40999984741211,30.96500015258789,31.3700008392334,470815.0
2025-11-06T14:30:00-05:00,31.360000610351562,31.584999084472656,31.15999984741211,31.4950008392334,503977.0
2025-11-06T15:30:00-05:00,31.4950008392334,31.575000762939453,31.05500030517578,31.18000030517578,794388.0
2025-11-07T09:30:00-05:00,30.3799991607666,30.610000610351562,29.5,30.06999969482422,1154480.0
2025-11-07T10:30:00-05:00,30.06999969482422,30.08989906311035,29.260000228881836,29.520000457763672,809247.0
2025-11-07T11:30:00-05:00,29.520000457763672,29.579999923706055,29.020000457763672,29.450000762939453,568295.0
2025-11-07T12:30:00-05:00,29.450000762939453,29.479999542236328,29.19499969482422,29.350000381469727,430899.0
2025-11-07T13:30:00-05:00,29.350000381469727,29.55500030517578,29.290000915527344,29.549999237060547,471878.0
2025-11-07T14:30:00-05:00,29.540000915527344,30.099899291992188,29.540000915527344,29.850000381469727,852484.0
2025-11-07T15:30:00-05:00,29.854999542236328,30.315000534057617,29.825000762939453,30.200000762939453,962721.0
2025-11-10T09:30:00-05:00,30.989999771118164,31.16200065612793,30.43000030517578,30.93000030517578,1104813.0
2025-11-10T10:30:00-05:00,30.93000030517578,31.1299991607666,30.559999465942383,30.920000076293945,670895.0
2025-11-10T11:30:00-05:00,30.920000076293945,31.485000610351562,30.840099334716797,31.420000076293945,618009.0
2025-11-10T12:30:00-05:00,31.407400131225586,31.829999923706055,31.34000015258789,31.790000915527344,815516.0
2025-11-10T13:30:00-05:00,31.770000457763672,32.5,31.739999771118164,32.38999938964844,1750773.0
2025-11-10T14:30:00-05:00,32.3849983215332,33.290000915527344,32.2599983215332,33.130001068115234,1770928.0
2025-11-10T15:30:00-05:00,33.1349983215332,33.23500061035156,32.81999969482422,32.84000015258789,4053812.0
2025-11-11T09:30:00-05:00,33.040000915527344,33.06999969482422,31.450000762939453,31.489999771118164,1227008.0
2025-11-11T10:30:00-05:00,31.479999542236328,31.584999084472656,31.170000076293945,31.389999389648438,1122750.0
2025-11-11T11:30:00-05:00,31.3966007232666,31.530000686645508,31.170000076293945,31.320100784301758,464614.0
2025-11-11T12:30:00-05:00,31.309999465942383,31.56999969482422,31.059999465942383,31.15999984741211,551055.0
2025-11-11T13:30:00-05:00,31.159000396728516,31.312999725341797,30.979999542236328,31.048999786376953,528051.0
2025-11-11T14:30:00-05:00,31.049999237060547,31.079999923706055,30.75,30.81999969482422,738272.0
2025-11-11T15:30:00-05:00,30.81999969482422,31.020000457763672,30.770000457763672,30.81999969482422,977178.0
2025-11-12T09:30:00-05:00,31.149999618530273,31.959999084472656,30.83009910583496,31.059999465942383,1350680.0
2025-11-12T10:30:00-05:00,31.06999969482422,31.110000610351562,30.729999542236328,30.940000534057617,740175.0
2025-11-12T11:30:00-05:00,30.93000030517578,30.989999771118164,30.42060089111328,30.770000457763672,622985.0
2025-11-12T12:30:00-05:00,30.780000686645508,31.00040054321289,30.639999389648438,30.867000579833984,455826.0
2025-11-12T13:30:00-05:00,30.8700008392334,31.1299991607666,30.770000457763672,30.950000762939453,411422.0
2025-11-12T14:30:00-05:00,30.959999084472656,31.09000015258789,30.850000381469727,30.885000228881836,380400.0
2025-11-12T15:30:00-05:00,30.885000228881836,30.9950008392334,30.65999984741211,30.700000762939453,670171.0
2025-11-13T09:30:00-05:00,30.399999618530273,30.809999465942383,29.860000610351562,29.90999984741211,895280.0
2025-11-13T10:30:00-05:00,29.889999389648438,30.0,29.360000610351562,29.395000457763672,850370.0
2025-11-13T11:30:00-05:00,29.389999389648438,29.55500030517578,29.209999084472656,29.40999984741211,598000.0
2025-11-13T12:30:00-05:00,29.420000076293945,29.459999084472656,29.09000015258789,29.1299991607666,520701.0
2025-11-13T13:30:00-05:00,29.1200008392334,29.166900634765625,28.75,29.084999084472656,853938.0
2025-11-13T14:30:00-05:00,29.09000015258789,29.09000015258789,28.639999389648438,28.799999237060547,667078.0
2025-11-13T15:30:00-05:00,28.815000534057617,29.0049991607666,28.78499984741211,28.920000076293945,895219.0
2025-11-14T09:30:00-05:00,28.209999084472656,28.93000030517578,28.139999389648438,28.77989959716797,1212288.0
2025-11-14T10:30:00-05:00,28.764999389648438,29.510000228881836,28.760000228881836,29.450000762939453,1031629.0
2025-11-14T11:30:00-05:00,29.459999084472656,29.829999923706055,29.329999923706055,29.399999618530273,808592.0
2025-11-14T12:30:00-05:00,29.389999389648438,29.454999923706055,28.75,28.940000534057617,874838.0
2025-11-14T13:30:00-05:00,28.93000030517578,29.04990005493164,28.610000610351562,28.729999542236328,610598.0
2025-11-14T14:30:00-05:00,28.729999542236328,28.93000030517578,28.59000015258789,28.808399200439453,529487.0
2025-11-14T15:30:00-05:00,28.809999465942383,28.949899673461914,28.65999984741211,28.699899673461914,610612.0
2025-11-17T09:30:00-05:00,28.520000457763672,28.719999313354492,28.171100616455078,28.34000015258789,776935.0
2025-11-17T10:30:00-05:00,28.334999084472656,28.360000610351562,27.73200035095215,28.215099334716797,877972.0
2025-11-17T11:30:00-05:00,28.219999313354492,28.290000915527344,27.893800735473633,27.979999542236328,367258.0
2025-11-17T12:30:00-05:00,27.979999542236328,28.020000457763672,27.7450008392334,27.855199813842773,532292.0
2025-11-17T13:30:00-05:00,27.84000015258789,27.864999771118164,27.450000762939453,27.589000701904297,622182.0
2025-11-17T14:30:00-05:00,27.59000015258789,27.6299991607666,27.444799423217773,27.540000915527344,624874.0
2025-11-17T15:30:00-05:00,27.549999237060547,27.700000762939453,27.354999542236328,27.524999618530273,776771.0
2025-11-18T09:30:00-05:00,27.25,27.709999084472656,27.200000762939453,27.450000762939453,788517.0
2025-11-18T10:30:00-05:00,27.454999923706055,27.600000381469727,27.229999542236328,27.530000686645508,389865.0
2025-11-18T11:30:00-05:00,27.540000915527344,27.670000076293945,27.469999313354492,27.51740074157715,424350.0
2025-11-18T12:30:00-05:00,27.520000457763672,28.25,27.5,28.072999954223633,624927.0
2025-11-18T13:30:00-05:00,28.077899932861328,28.260000228881836,27.895000457763672,27.93000030517578,499098.0
2025-11-18T14:30:00-05:00,27.93000030517578,28.18000030517578,27.790000915527344,27.899999618530273,578980.0
2025-11-18T15:30:00-05:00,27.90999984741211,27.929000854492188,27.594499588012695,27.600000381469727,600489.0
2025-11-19T09:30:00-05:00,27.540000915527344,28.231800079345703,27.280000686645508,27.899999618530273,919496.0
2025-11-19T10:30:00-05:00,27.889999389648438,28.049999237060547,27.280000686645508,27.399999618530273,734685.0
2025-11-19T11:30:00-05:00,27.420000076293945,27.48069953918457,27.200000762939453,27.280000686645508,416151.0
2025-11-19T12:30:00-05:00,27.2810001373291,27.285600662231445,27.020000457763672,27.110000610351562,337942.0
2025-11-19T13:30:00-05:00,27.1200008392334,27.239999771118164,26.889999389648438,26.95549964904785,386485.0
2025-11-19T14:30:00-05:00,26.950000762939453,27.389999389648438,26.86090087890625,27.219999313354492,395082.0
2025-11-19T15:30:00-05:00,27.219900131225586,27.219900131225586,26.84000015258789,26.90999984741211,779940.0
2025-11-20T09:30:00-05:00,27.209999084472656,28.040000915527344,27.170000076293945,27.875,974104.0
2025-11-20T10:30:00-05:00,27.8799991607666,28.178499221801758,27.049999237060547,27.174999237060547,660427.0
2025-11-20T11:30:00-05:00,27.174999237060547,27.239999771118164,26.65999984741211,26.690000534057617,598923.0
2025-11-20T12:30:00-05:00,26.709999084472656,27.239999771118164,26.649999618530273,27.045000076293945,469611.0
2025-11-20T13:30:00-05:00,27.045000076293945,27.094999313354492,26.59000015258789,26.809999465942383,416254.0
2025-11-20T14:30:00-05:00,26.799999237060547,26.799999237060547,26.43000030517578,26.489999771118164,432048.0
2025-11-20T15:30:00-05:00,26.46500015258789,26.469999313354492,26.084999084472656,26.139999389648438,599473.0
2025-11-21T09:30:00-05:00,26.100000381469727,26.399999618530273,25.774999618530273,26.179000854492188,945004.0
2025-11-21T10:30:00-05:00,26.18000030517578,26.436500549316406,26.0,26.436500549316406,696597.0
2025-11-21T11:30:00-05:00,26.431699752807617,27.479999542236328,26.431699752807617,27.410600662231445,933325.0
2025-11-21T12:30:00-05:00,27.440000534057617,27.540000915527344,26.940000534057617,26.980100631713867,608465.0
2025-11-21T13:30:00-05:00,26.98509979248047,27.3700008392334,26.969999313354492,27.170000076293945,393864.0
2025-11-21T14:30:00-05:00,27.18000030517578,27.209999084472656,26.84000015258789,26.940000534057617,431134.0
2025-11-21T15:30:00-05:00,26.895000457763672,27.09000015258789,26.860000610351562,26.940000534057617,738011.0
2025-11-24T09:30:00-05:00,26.850000381469727,27.079999923706055,26.600000381469727,26.799999237060547,712696.0
2025-11-24T10:30:00-05:00,26.774999618530273,26.899999618530273,26.65999984741211,26.780000686645508,480533.0
2025-11-24T11:30:00-05:00,26.770000457763672,26.860000610351562,26.690000534057617,26.829999923706055,405897.0
2025-11-24T12:30:00-05:00,26.829999923706055,26.920000076293945,26.770000457763672,26.81999969482422,290925.0
2025-11-24T13:30:00-05:00,26.82859992980957,26.90999984741211,26.709999084472656,26.719999313354492,358944.0
2025-11-24T14:30:00-05:00,26.729999542236328,26.751300811767578,26.490800857543945,26.610000610351562,461919.0
2025-11-24T15:30:00-05:00,26.614999771118164,26.81999969482422,26.549999237060547,26.770000457763672,588294.0
2025-11-25T09:30:00-05:00,26.729999542236328,26.8799991607666,26.417999267578125,26.75,583475.0
2025-11-25T10:30:00-05:00,26.760000228881836,27.40999984741211,26.760000228881836,27.360000610351562,747196.0
2025-11-25T11:30:00-05:00,27.3799991607666,27.790000915527344,27.17009925842285,27.59000015258789,856937.0
2025-11-25T12:30:00-05:00,27.59000015258789,27.670000076293945,27.479999542236328,27.610000610351562,342353.0
2025-11-25T13:30:00-05:00,27.6299991607666,27.770000457763672,27.450000762939453,27.610000610351562,473758.0
2025-11-25T14:30:00-05:00,27.6200008392334,27.899999618530273,27.399999618530273,27.839000701904297,399365.0
2025-11-25T15:30:00-05:00,27.829999923706055,27.93000030517578,27.65999984741211,27.71500015258789,920073.0
2025-11-26T09:30:00-05:00,27.854999542236328,28.209999084472656,27.6299991607666,27.700000762939453,714817.0
2025-11-26T10:30:00-05:00,27.665000915527344,27.975000381469727,27.649999618530273,27.93000030517578,405164.0
2025-11-26T11:30:00-05:00,27.93000030517578,27.93000030517578,27.700000762939453,27.829999923706055,339761.0
2025-11-26T12:30:00-05:00,27.84000015258789,28.100000381469727,27.809999465942383,27.940000534057617,345053.0
2025-11-26T13:30:00-05:00,27.93000030517578,28.2549991607666,27.90999984741211,28.241100311279297,290945.0
2025-11-26T14:30:00-05:00,28.2450008392334,28.315000534057617,28.079999923706055,28.1200008392334,426461.0
2025-11-26T15:30:00-05:00,28.114999771118164,28.204999923706055,27.809999465942383,27.829999923706055,669602.0
2025-11-28T09:30:00-05:00,28.209999084472656,28.989999771118164,28.09000015258789,28.735000610351562,911416.0
2025-11-28T10:30:00-05:00,28.75,29.030000686645508,28.709999084472656,28.920000076293945,348775.0
2025-11-28T11:30:00-05:00,28.90089988708496,29.020000457763672,28.834999084472656,28.885299682617188,262026.0
2025-12-01T09:30:00-05:00,28.299999237060547,29.06999969482422,28.139999389648438,28.614999771118164,840382.0
2025-12-01T10:30:00-05:00,28.6299991607666,29.139999389648438,28.6200008392334,29.110000610351562,566999.0
2025-12-01T11:30:00-05:00,29.110000610351562,29.245899200439453,29.058399200439453,29.18000030517578,619496.0
2025-12-01T12:30:00-05:00,29.184999465942383,29.405000686645508,29.170000076293945,29.395000457763672,401360.0
2025-12-01T13:30:00-05:00,29.40999984741211,29.43000030517578,28.899999618530273,28.905000686645508,390515.0
2025-12-01T14:30:00-05:00,28.90999984741211,28.989999771118164,28.79010009765625,28.8799991607666,464214.0
2025-12-01T15:30:00-05:00,28.8799991607666,28.940000534057617,28.56999969482422,28.600000381469727,863334.0
2025-12-02T09:30:00-05:00,28.889999389648438,29.25,28.700000762939453,29.010000228881836,725798.0
2025-12-02T10:30:00-05:00,29.020000457763672,29.3700008392334,28.770000457763672,28.8125,522732.0
2025-12-02T11:30:00-05:00,28.809999465942383,29.270099639892578,28.783199310302734,29.207500457763672,382432.0
2025-12-02T12:30:00-05:00,29.200000762939453,29.229999542236328,28.7549991607666,28.969999313354492,331287.0
2025-12-02T13:30:00-05:00,28.969999313354492,29.3700008392334,28.800800323486328,29.179899215698242,475534.0
2025-12-02T14:30:00-05:00,29.170000076293945,29.46500015258789,29.094999313354492,29.389999389648438,412156.0
2025-12-02T15:30:00-05:00,29.385000228881836,29.639999389648438,29.100000381469727,29.1299991607666,902038.0
2025-12-03T09:30:00-05:00,29.34000015258789,29.579999923706055,28.700000762939453,28.90999984741211,764837.0
2025-12-03T10:30:00-05:00,28.93000030517578,29.059999465942383,28.860000610351562,28.93000030517578,245588.0
2025-12-03T11:30:00-05:00,28.90999984741211,29.0,28.760000228881836,28.8799991607666,378884.0
2025-12-03T12:30:00-05:00,28.920000076293945,29.020000457763672,28.729999542236328,28.790000915527344,348576.0
2025-12-03T13:30:00-05:00,28.799999237060547,28.969999313354492,28.735000610351562,28.915000915527344,289093.0
2025-12-03T14:30:00-05:00,28.905000686645508,29.335800170898438,28.899999618530273,29.200000762939453,427124.0
2025-12-03T15:30:00-05:00,29.209999084472656,29.5049991607666,29.209999084472656,29.399999618530273,943897.0
2025-12-04T09:30:00-05:00,29.204999923706055,29.679899215698242,29.010000228881836,29.604999542236328,737252.0
2025-12-04T10:30:00-05:00,29.600000381469727,29.764999389648438,29.350000381469727,29.59000015258789,598685.0
2025-12-04T11:30:00-05:00,29.59000015258789,30.329999923706055,29.559999465942383,30.040000915527344,761917.0
2025-12-04T12:30:00-05:00,30.030000686645508,30.079999923706055,29.810300827026367,29.969999313354492,373929.0
2025-12-04T13:30:00-05:00,29.969999313354492,30.309999465942383,29.959999084472656,30.239999771118164,532506.0
2025-12-04T14:30:00-05:00,30.25,30.8799991607666,30.25,30.850000381469727,1082146.0
2025-12-04T15:30:00-05:00,30.844999313354492,31.084999084472656,30.690000534057617,30.780000686645508,3326959.0
2025-12-05T09:30:00-05:00,30.790000915527344,31.81999969482422,30.350000381469727,31.665000915527344,1223656.0
2025-12-05T10:30:00-05:00,31.674999237060547,32.380001068115234,31.670000076293945,32.244998931884766,1323352.0
2025-12-05T11:30:00-05:00,32.23500061035156,32.349998474121094,32.0,32.24089813232422,780348.0
2025-12-05T12:30:00-05:00,32.25,32.709999084472656,31.8700008392334,31.975000381469727,1155946.0
2025-12-05T13:30:00-05:00,31.975000381469727,31.979999542236328,31.405000686645508,31.625,824485.0
2025-12-05T14:30:00-05:00,31.6200008392334,31.674999237060547,31.250699996948242,31.375,801762.0
2025-12-05T15:30:00-05:00,31.364999771118164,31.3799991607666,31.145000457763672,31.260000228881836,1292136.0
2025-12-08T09:30:00-05:00,30.8799991607666,31.470500946044922,30.799999237060547,31.0,1161546.0
2025-12-08T10:30:00-05:00,30.989999771118164,31.329999923706055,30.920000076293945,31.18000030517578,396442.0
2025-12-08T11:30:00-05:00,31.15999984741211,31.2450008392334,30.790000915527344,30.969999313354492,394744.0
2025-12-08T12:30:00-05:00,30.995100021362305,31.299800872802734,30.969999313354492,30.989999771118164,373684.0
2025-12-08T13:30:00-05:00,30.9950008392334,31.184999465942383,30.959999084472656,31.139999389648438,332176.0
2025-12-08T14:30:00-05:00,31.1299991607666,31.299999237060547,31.1299991607666,31.274999618530273,424314.0
2025-12-08T15:30:00-05:00,31.274999618530273,31.350000381469727,31.049999237060547,31.2450008392334,691019.0
2025-12-09T09:30:00-05:00,31.239999771118164,32.279998779296875,30.940000534057617,32.17499923706055,1000200.0
2025-12-09T10:30:00-05:00,32.17499923706055,32.599998474121094,31.979999542236328,32.13999938964844,938020.0
2025-12-09T11:30:00-05:00,32.150001525878906,32.16999816894531,31.649999618530273,31.66390037536621,438677.0
2025-12-09T12:30:00-05:00,31.66390037536621,31.850000381469727,31.50040054321289,31.84000015258789,333183.0
2025-12-09T13:30:00-05:00,31.84000015258789,31.860000610351562,31.389999389648438,31.43000030517578,441911.0
2025-12-09T14:30:00-05:00,31.43000030517578,31.93000030517578,31.43000030517578,31.549999237060547,685775.0
2025-12-09T15:30:00-05:00,31.549999237060547,31.704999923706055,31.239999771118164,31.549999237060547,828169.0
2025-12-10T09:30:00-05:00,31.299999237060547,31.6299991607666,31.209999084472656,31.6299991607666,411428.0
2025-12-10T10:30:00-05:00,31.610000610351562,31.760000228881836,31.3700008392334,31.729999542236328,356375.0
2025-12-10T11:30:00-05:00,31.700000762939453,31.709999084472656,31.360000610351562,31.469999313354492,317952.0
2025-12-10T12:30:00-05:00,31.46310043334961,32.06999969482422,31.46310043334961,31.985000610351562,657504.0
2025-12-10T13:30:00-05:00,31.979999542236328,32.7599983215332,31.80500030517578,32.380001068115234,814374.0
2025-12-10T14:30:00-05:00,32.3849983215332,33.290000915527344,32.380001068115234,33.165000915527344,1089172.0
2025-12-10T15:30:00-05:00,33.15999984741211,33.20000076293945,32.7400016784668,32.77000045776367,952081.0
2025-12-11T09:30:00-05:00,32.70000076293945,33.179901123046875,32.099998474121094,33.01499938964844,838717.0
2025-12-11T10:30:00-05:00,33.01499938964844,33.125,32.59000015258789,32.880001068115234,503871.0
2025-12-11T11:30:00-05:00,32.880001068115234,33.239898681640625,32.81999969482422,33.154998779296875,385544.0
2025-12-11T12:30:00-05:00,33.13999938964844,33.317901611328125,32.91999816894531,33.18370056152344,423843.0
2025-12-11T13:30:00-05:00,33.189998626708984,33.20500183105469,32.68000030517578,32.875,464001.0
2025-12-11T14:30:00-05:00,32.869998931884766,32.98500061035156,32.59000015258789,32.61000061035156,585908.0
2025-12-11T15:30:00-05:00,32.595001220703125,33.06999969482422,32.595001220703125,33.01499938964844,677061.0
2025-12-12T09:30:00-05:00,33.0099983215332,33.34989929199219,32.79999923706055,32.845001220703125,485126.0
2025-12-12T10:30:00-05:00,32.845001220703125,33.060001373291016,32.22999954223633,32.400001525878906,591937.0
2025-12-12T11:30:00-05:00,32.380001068115234,32.564998626708984,32.119998931884766,32.3650016784668,553984.0
2025-12-12T12:30:00-05:00,32.38999938964844,32.7599983215332,32.29999923706055,32.689998626708984,327826.0
2025-12-12T13:30:00-05:00,32.66999816894531,32.70500183105469,32.150001525878906,32.154998779296875,362275.0
2025-12-12T14:30:00-05:00,32.15999984741211,32.38999938964844,32.119998931884766,32.15999984741211,429991.0
2025-12-12T15:30:00-05:00,32.154998779296875,32.290000915527344,31.940000534057617,32.15999984741211,595710.0
2025-12-15T09:30:00-05:00,32.25,32.25,31.139999389648438,31.309999465942383,579348.0
2025-12-15T10:30:00-05:00,31.290000915527344,31.709999084472656,31.264999389648438,31.579999923706055,321888.0
2025-12-15T11:30:00-05:00,31.579999923706055,31.709999084472656,31.309999465942383,31.635000228881836,240765.0
2025-12-15T12:30:00-05:00,31.639999389648438,31.700000762939453,31.290000915527344,31.450000762939453,199203.0
2025-12-15T13:30:00-05:00,31.454999923706055,31.565000534057617,31.25,31.510000228881836,166484.0
2025-12-15T14:30:00-05:00,31.510000228881836,31.604999542236328,31.360000610351562,31.450000762939453,267205.0
2025-12-15T15:30:00-05:00,31.440000534057617,31.575000762939453,31.354299545288086,31.364999771118164,632214.0
2025-12-16T09:30:00-05:00,31.709999084472656,33.0099983215332,31.670000076293945,32.33000183105469,726132.0
2025-12-16T10:30:00-05:00,32.349998474121094,32.5099983215332,31.75,32.08000183105469,334595.0
2025-12-16T11:30:00-05:00,32.084999084472656,32.14500045776367,31.760000228881836,31.821300506591797,277668.0
2025-12-16T12:30:00-05:00,31.81999969482422,31.969999313354492,31.570100784301758,31.6299991607666,299248.0
2025-12-16T13:30:00-05:00,31.639999389648438,31.831300735473633,31.41010093688965,31.512300491333008,281969.0
2025-12-16T14:30:00-05:00,31.520000457763672,31.8700008392334,31.5,31.8700008392334,236858.0
2025-12-16T15:30:00-05:00,31.860000610351562,32.0099983215332,31.809999465942383,31.864999771118164,493403.0
2025-12-17T09:30:00-05:00,31.940000534057617,33.099998474121094,31.940000534057617,32.45500183105469,722304.0
2025-12-17T10:30:00-05:00,32.45000076293945,32.75,31.969999313354492,31.993000030517578,458781.0
2025-12-17T11:30:00-05:00,31.989999771118164,32.14039993286133,31.806100845336914,32.01499938964844,269285.0
2025-12-17T12:30:00-05:00,32.02000045776367,32.07270050048828,31.73200035095215,31.8700008392334,209872.0
2025-12-17T13:30:00-05:00,31.860000610351562,31.889999389648438,31.65999984741211,31.690000534057617,262156.0
2025-12-17T14:30:00-05:00,31.68000030517578,31.75,31.559999465942383,31.75,327003.0
2025-12-17T15:30:00-05:00,31.760000228881836,31.899999618530273,31.594999313354492,31.6200008392334,624772.0
2025-12-18T09:30:00-05:00,32.66999816894531,33.45000076293945,32.58000183105469,33.349998474121094,985451.0
2025-12-18T10:30:00-05:00,33.290000915527344,33.779998779296875,33.060001373291016,33.174598693847656,580612.0
2025-12-18T11:30:00-05:00,33.16999816894531,33.41999816894531,32.939998626708984,33.349998474121094,357088.0
2025-12-18T12:30:00-05:00,33.36000061035156,33.689998626708984,33.220001220703125,33.220001220703125,410762.0
2025-12-18T13:30:00-05:00,33.22999954223633,33.31999969482422,32.964599609375,33.02000045776367,319132.0
2025-12-18T14:30:00-05:00,33.0,33.02000045776367,32.689998626708984,32.90010070800781,324531.0
2025-12-18T15:30:00-05:00,32.90999984741211,33.05500030517578,32.77000045776367,32.9900016784668,681219.0
2025-12-19T09:30:00-05:00,32.959999084472656,33.33000183105469,32.47999954223633,33.2599983215332,555367.0
2025-12-19T10:30:00-05:00,33.2400016784668,33.4900016784668,33.040000915527344,33.29159927368164,367227.0
2025-12-19T11:30:00-05:00,33.29800033569336,33.36000061035156,33.13999938964844,33.20000076293945,290280.0
2025-12-19T12:30:00-05:00,33.20000076293945,33.38999938964844,33.1349983215332,33.2599983215332,196194.0
2025-12-19T13:30:00-05:00,33.260101318359375,33.260101318359375,33.02000045776367,33.13999938964844,244065.0
2025-12-19T14:30:00-05:00,33.16999816894531,33.33000183105469,33.165000915527344,33.31999969482422,369794.0
2025-12-19T15:30:00-05:00,33.314998626708984,33.34000015258789,33.1349983215332,33.255001068115234,1544576.0
2025-12-22T09:30:00-05:00,33.54999923706055,33.9900016784668,33.310001373291016,33.55500030517578,434145.0
2025-12-22T10:30:00-05:00,33.54999923706055,34.119998931884766,33.18000030517578,33.80500030517578,772517.0
2025-12-22T11:30:00-05:00,33.81999969482422,34.099998474121094,33.7599983215332,33.849998474121094,478884.0
2025-12-22T12:30:00-05:00,33.849998474121094,33.86000061035156,33.54999923706055,33.689998626708984,365894.0
2025-12-22T13:30:00-05:00,33.689998626708984,33.8390007019043,33.439998626708984,33.68000030517578,246432.0
2025-12-22T14:30:00-05:00,33.68840026855469,34.08000183105469,33.66999816894531,33.779998779296875,460734.0
2025-12-22T15:30:00-05:00,33.790000915527344,33.880001068115234,33.380001068115234,33.529998779296875,696830.0
2025-12-23T09:30:00-05:00,33.279998779296875,33.380001068115234,32.14419937133789,32.189998626708984,609069.0
2025-12-23T10:30:00-05:00,32.20000076293945,32.349998474121094,31.559999465942383,31.769899368286133,625104.0
2025-12-23T11:30:00-05:00,31.770000457763672,31.95599937438965,31.6299991607666,31.84000015258789,339273.0
2025-12-23T12:30:00-05:00,31.829999923706055,32.0099983215332,31.81999969482422,31.959999084472656,233312.0
2025-12-23T13:30:00-05:00,31.959999084472656,31.979999542236328,31.799999237060547,31.93000030517578,182869.0
2025-12-23T14:30:00-05:00,31.93000030517578,32.14500045776367,31.84000015258789,32.09000015258789,247101.0
2025-12-23T15:30:00-05:00,32.08000183105469,32.220001220703125,32.01499938964844,32.220001220703125,1471536.0
2025-12-24T09:30:00-05:00,32.25,32.53120040893555,32.02170181274414,32.3650016784668,300406.0
2025-12-24T10:30:00-05:00,32.369998931884766,32.48500061035156,32.2400016784668,32.45000076293945,194355.0
2025-12-24T11:30:00-05:00,32.44499969482422,32.86000061035156,32.41999816894531,32.83000183105469,248876.0
2025-12-26T09:30:00-05:00,32.849998474121094,33.0099983215332,32.49319839477539,32.70000076293945,289857.0
2025-12-26T10:30:00-05:00,32.68000030517578,32.95000076293945,32.6150016784668,32.910099029541016,159292.0
2025-12-26T11:30:00-05:00,32.915000915527344,33.0099983215332,32.790000915527344,32.9827995300293,128939.0
2025-12-26T12:30:00-05:00,32.9900016784668,33.083099365234375,32.92499923706055,33.06999969482422,135264.0
2025-12-26T13:30:00-05:00,33.06119918823242,33.150001525878906,32.959999084472656,32.99020004272461,182241.0
2025-12-26T14:30:00-05:00,32.994998931884766,33.08000183105469,32.880001068115234,32.9900016784668,196946.0
2025-12-26T15:30:00-05:00,32.994998931884766,33.11000061035156,32.970001220703125,32.98099899291992,408366.0
2025-12-29T09:30:00-05:00,32.72010040283203,33.90999984741211,32.70000076293945,33.452301025390625,841900.0
2025-12-29T10:30:00-05:00,33.470001220703125,33.61000061035156,33.14500045776367,33.189998626708984,287474.0
2025-12-29T11:30:00-05:00,33.18000030517578,33.540000915527344,33.18000030517578,33.32500076293945,270310.0
2025-12-29T12:30:00-05:00,33.33000183105469,33.41999816894531,33.16999816894531,33.27000045776367,305795.0
2025-12-29T13:30:00-05:00,33.27000045776367,33.349998474121094,33.220001220703125,33.250701904296875,229252.0
2025-12-29T14:30:00-05:00,33.255001068115234,33.34000015258789,33.15999984741211,33.310001373291016,283391.0
2025-12-29T15:30:00-05:00,33.310001373291016,33.33000183105469,33.08000183105469,33.130001068115234,425679.0
2025-12-30T09:30:00-05:00,33.209999084472656,33.24980163574219,32.790000915527344,32.939998626708984,420572.0
2025-12-30T10:30:00-05:00,32.959999084472656,33.005001068115234,32.689998626708984,32.7599983215332,233618.0
2025-12-30T11:30:00-05:00,32.7588005065918,32.7599983215332,32.54999923706055,32.619998931884766,282484.0
2025-12-30T12:30:00-05:00,32.61000061035156,32.72999954223633,32.58000183105469,32.5900993347168,293765.0
2025-12-30T13:30:00-05:00,32.595001220703125,32.630001068115234,32.459999084472656,32.47999954223633,238542.0
2025-12-30T14:30:00-05:00,32.470001220703125,32.51499938964844,32.27000045776367,32.3849983215332,249870.0
2025-12-30T15:30:00-05:00,32.38999938964844,32.42499923706055,32.165000915527344,32.17499923706055,579502.0
2025-12-31T09:30:00-05:00,32.0099983215332,32.290000915527344,31.950000762939453,32.0,365611.0
2025-12-31T10:30:00-05:00,32.0099983215332,32.09000015258789,31.8799991607666,31.96500015258789,212215.0
2025-12-31T11:30:00-05:00,31.959999084472656,32.02000045776367,31.809999465942383,32.02000045776367,307614.0
2025-12-31T12:30:00-05:00,32.0099983215332,32.03499984741211,31.8799991607666,31.969999313354492,206213.0
2025-12-31T13:30:00-05:00,31.969999313354492,32.06999969482422,31.93000030517578,31.95560073852539,216231.0
2025-12-31T14:30:00-05:00,31.954999923706055,31.954999923706055,31.700000762939453,31.7549991607666,222900.0
2025-12-31T15:30:00-05:00,31.75,32.084999084472656,31.740100860595703,32.04999923706055,473142.0
2026-01-02T09:30:00-05:00,32.25,34.34000015258789,32.25,34.029998779296875,1395752.0
2026-01-02T10:30:00-05:00,34.029998779296875,34.68000030517578,33.97999954223633,34.5,616195.0
2026-01-02T11:30:00-05:00,34.474998474121094,34.75630187988281,34.349998474121094,34.40999984741211,376561.0
2026-01-02T12:30:00-05:00,34.40999984741211,34.579898834228516,34.089298248291016,34.130001068115234,366555.0
2026-01-02T13:30:00-05:00,34.150001525878906,34.494998931884766,34.04999923706055,34.17499923706055,277925.0
2026-01-02T14:30:00-05:00,34.17499923706055,34.209999084472656,33.810001373291016,33.90999984741211,502826.0
2026-01-02T15:30:00-05:00,33.91999816894531,33.95500183105469,33.720001220703125,33.72999954223633,657307.0
2026-01-05T09:30:00-05:00,34.83000183105469,35.2400016784668,34.099998474121094,34.34000015258789,860229.0
2026-01-05T10:30:00-05:00,34.33000183105469,34.33000183105469,33.810001373291016,33.84000015258789,455781.0
2026-01-05T11:30:00-05:00,33.849998474121094,34.02000045776367,33.59000015258789,33.93000030517578,402413.0
2026-01-05T12:30:00-05:00,33.95000076293945,34.13999938964844,33.810001373291016,34.040000915527344,396645.0
2026-01-05T13:30:00-05:00,34.029998779296875,34.345001220703125,33.9900016784668,34.290000915527344,264920.0
2026-01-05T14:30:00-05:00,34.279998779296875,34.619998931884766,34.279998779296875,34.404998779296875,442442.0
2026-01-05T15:30:00-05:00,34.400001525878906,34.40999984741211,33.97999954223633,33.9900016784668,779356.0
2026-01-06T09:30:00-05:00,34.349998474121094,35.029998779296875,34.189998626708984,34.86000061035156,524335.0
2026-01-06T10:30:00-05:00,34.8650016784668,35.4900016784668,34.7599983215332,35.35499954223633,615638.0
2026-01-06T11:30:00-05:00,35.349998474121094,35.349998474121094,34.880001068115234,34.90999984741211,451060.0
2026-01-06T12:30:00-05:00,34.86000061035156,34.95000076293945,34.630001068115234,34.72999954223633,286084.0
2026-01-06T13:30:00-05:00,34.779998779296875,35.334999084472656,34.61249923706055,35.224998474121094,499777.0
2026-01-06T14:30:00-05:00,35.130001068115234,35.375,34.939998626708984,34.939998626708984,429881.0
2026-01-06T15:30:00-05:00,34.93000030517578,35.0,34.79999923706055,34.89500045776367,377922.0
2026-01-07T09:30:00-05:00,34.75,35.349998474121094,34.350101470947266,34.77000045776367,735460.0
2026-01-07T10:30:00-05:00,34.7599983215332,34.779998779296875,34.231998443603516,34.40999984741211,532472.0
2026-01-07T11:30:00-05:00,34.400001525878906,34.599998474121094,34.290000915527344,34.474998474121094,379981.0
2026-01-07T12:30:00-05:00,34.459999084472656,34.47999954223633,33.95000076293945,33.95000076293945,336568.0
2026-01-07T13:30:00-05:00,33.94499969482422,34.25,33.9370002746582,34.22999954223633,296235.0
2026-01-07T14:30:00-05:00,34.22999954223633,34.47999954223633,34.22999954223633,34.459999084472656,297828.0
2026-01-07T15:30:00-05:00,34.459999084472656,34.709999084472656,34.3650016784668,34.689998626708984,625710.0
2026-01-08T09:30:00-05:00,34.52000045776367,35.70000076293945,34.52000045776367,35.349998474121094,675920.0
2026-01-08T10:30:00-05:00,35.36000061035156,36.18000030517578,35.33000183105469,35.77000045776367,764867.0
2026-01-08T11:30:00-05:00,35.76499938964844,36.20000076293945,35.685001373291016,36.119998931884766,587825.0
2026-01-08T12:30:00-05:00,36.12540054321289,36.2400016784668,35.7599983215332,35.78419876098633,633168.0
2026-01-08T13:30:00-05:00,35.790000915527344,35.92599868774414,35.58000183105469,35.769901275634766,428426.0
2026-01-08T14:30:00-05:00,35.790000915527344,35.83000183105469,35.441001892089844,35.61000061035156,318009.0
2026-01-08T15:30:00-05:00,35.61000061035156,35.654998779296875,35.279998779296875,35.43000030517578,643661.0
2026-01-09T09:30:00-05:00,36.0,36.30009841918945,35.18000030517578,35.7599983215332,651609.0
2026-01-09T10:30:00-05:00,35.77000045776367,35.790000915527344,35.09000015258789,35.150001525878906,357629.0
2026-01-09T11:30:00-05:00,35.15999984741211,35.34989929199219,34.790000915527344,34.86000061035156,320140.0
2026-01-09T12:30:00-05:00,34.845001220703125,34.97999954223633,34.689998626708984,34.72999954223633,236903.0
2026-01-09T13:30:00-05:00,34.72999954223633,35.13999938964844,34.63999938964844,34.834999084472656,248335.0
2026-01-09T14:30:00-05:00,34.84000015258789,34.95000076293945,34.540000915527344,34.95000076293945,254882.0
2026-01-09T15:30:00-05:00,34.95000076293945,35.34000015258789,34.81999969482422,35.220001220703125,544202.0
2026-01-12T09:30:00-05:00,35.0,36.400001525878906,34.95000076293945,36.15999984741211,1005092.0
2026-01-12T10:30:00-05:00,36.18000030517578,36.959999084472656,36.11000061035156,36.875099182128906,884467.0
2026-01-12T11:30:00-05:00,36.869998931884766,37.36000061035156,36.869998931884766,37.35879898071289,648651.0
2026-01-12T12:30:00-05:00,37.349998474121094,37.64500045776367,37.32500076293945,37.63999938964844,462109.0
2026-01-12T13:30:00-05:00,37.63999938964844,37.63999938964844,36.93000030517578,37.253501892089844,713577.0
2026-01-12T14:30:00-05:00,37.2599983215332,37.54999923706055,37.0,37.06999969482422,562454.0
2026-01-12T15:30:00-05:00,37.06999969482422,37.06999969482422,36.630001068115234,36.650001525878906,719611.0
2026-01-13T09:30:00-05:00,36.68000030517578,36.810001373291016,35.310001373291016,35.41999816894531,907585.0
2026-01-13T10:30:00-05:00,35.40999984741211,36.22999954223633,35.40999984741211,36.15999984741211,699509.0
2026-01-13T11:30:00-05:00,36.15999984741211,36.310001373291016,35.90999984741211,36.02000045776367,362553.0
2026-01-13T12:30:00-05:00,36.02000045776367,36.11000061035156,35.7599983215332,35.970001220703125,359954.0
2026-01-13T13:30:00-05:00,35.970001220703125,36.349998474121094,35.720001220703125,36.190101623535156,590618.0
2026-01-13T14:30:00-05:00,36.20090103149414,36.38999938964844,36.01499938964844,36.029998779296875,461392.0
2026-01-13T15:30:00-05:00,36.02000045776367,36.43000030517578,35.91999816894531,36.369998931884766,541437.0
2026-01-14T09:30:00-05:00,36.375,37.439998626708984,35.9900016784668,36.880001068115234,584368.0
2026-01-14T10:30:00-05:00,36.882301330566406,37.04999923706055,36.619998931884766,36.940101623535156,301702.0
2026-01-14T11:30:00-05:00,36.98500061035156,37.02000045776367,36.39500045776367,36.54999923706055,412110.0
2026-01-14T12:30:00-05:00,36.525001525878906,36.54990005493164,36.15999984741211,36.50279998779297,246666.0
2026-01-14T13:30:00-05:00,36.5099983215332,36.529998779296875,36.29999923706055,36.369998931884766,251146.0
2026-01-14T14:30:00-05:00,36.36000061035156,36.3650016784668,35.959999084472656,36.25,342845.0
2026-01-14T15:30:00-05:00,36.22999954223633,36.279998779296875,35.9900016784668,36.13999938964844,1479743.0
2026-01-15T09:30:00-05:00,36.244998931884766,36.244998931884766,35.07500076293945,35.73649978637695,725277.0
2026-01-15T10:30:00-05:00,35.72999954223633,35.744998931884766,35.2400016784668,35.27000045776367,452112.0
2026-01-15T11:30:00-05:00,35.2599983215332,35.33250045776367,34.86000061035156,35.2400016784668,581319.0
2026-01-15T12:30:00-05:00,35.2400016784668,35.359500885009766,35.02000045776367,35.34590148925781,252484.0
2026-01-15T13:30:00-05:00,35.34000015258789,35.80500030517578,35.27000045776367,35.599998474121094,382024.0
2026-01-15T14:30:00-05:00,35.61000061035156,35.84000015258789,35.39500045776367,35.45000076293945,317577.0
2026-01-15T15:30:00-05:00,35.43000030517578,35.5,35.27000045776367,35.36899948120117,541943.0
2026-01-16T09:30:00-05:00,35.43000030517578,35.43000030517578,34.70000076293945,35.25,427079.0
2026-01-16T10:30:00-05:00,35.220001220703125,35.459999084472656,35.03499984741211,35.33000183105469,220419.0
2026-01-16T11:30:00-05:00,35.375,35.56999969482422,35.15999984741211,35.22999954223633,252951.0
2026-01-16T12:30:00-05:00,35.22999954223633,35.78990173339844,35.220001220703125,35.68000030517578,421488.0
2026-01-16T13:30:00-05:00,35.68000030517578,35.685001373291016,35.26499938964844,35.27000045776367,197054.0
2026-01-16T14:30:00-05:00,35.25,35.40010070800781,35.209999084472656,35.279998779296875,268257.0
2026-01-16T15:30:00-05:00,35.27000045776367,35.345401763916016,34.970001220703125,34.974998474121094,330777.0
2026-01-20T09:30:00-05:00,35.630001068115234,36.125,34.72999954223633,34.810001373291016,1176244.0
2026-01-20T10:30:00-05:00,34.810001373291016,35.08100128173828,34.58000183105469,34.880001068115234,598263.0
2026-01-20T11:30:00-05:00,34.86000061035156,35.31999969482422,34.689998626708984,35.16999816894531,816996.0
2026-01-20T12:30:00-05:00,35.15999984741211,35.15999984741211,34.67499923706055,34.70000076293945,546841.0
2026-01-20T13:30:00-05:00,34.70000076293945,34.709999084472656,34.18000030517578,34.26499938964844,349825.0
2026-01-20T14:30:00-05:00,34.2599983215332,34.26499938964844,33.650001525878906,34.0,738823.0
2026-01-20T15:30:00-05:00,34.0099983215332,34.55500030517578,33.86000061035156,34.540000915527344,868430.0
2026-01-21T09:30:00-05:00,35.18000030517578,35.349998474121094,34.81999969482422,35.099998474121094,469137.0
2026-01-21T10:30:00-05:00,35.099998474121094,35.86000061035156,35.099998474121094,35.494998931884766,437736.0
2026-01-21T11:30:00-05:00,35.47999954223633,35.525001525878906,34.83000183105469,35.189998626708984,408208.0
2026-01-21T12:30:00-05:00,35.130001068115234,35.380001068115234,35.0,35.25,220172.0
2026-01-21T13:30:00-05:00,35.244998931884766,35.624298095703125,35.08000183105469,35.540000915527344,309717.0
2026-01-21T14:30:00-05:00,35.529998779296875,35.744998931884766,35.36000061035156,35.60499954223633,423379.0
2026-01-21T15:30:00-05:00,35.59000015258789,35.97999954223633,35.439998626708984,35.959999084472656,662813.0
2026-01-22T09:30:00-05:00,36.900001525878906,39.45989990234375,36.89500045776367,39.18000030517578,2042676.0
2026-01-22T10:30:00-05:00,39.16999816894531,39.779998779296875,38.79999923706055,39.720001220703125,1043237.0
2026-01-22T11:30:00-05:00,39.73500061035156,40.16999816894531,39.54999923706055,40.06999969482422,1090713.0
2026-01-22T12:30:00-05:00,40.060001373291016,40.779998779296875,39.650001525878906,40.69990158081055,1500734.0
2026-01-22T13:30:00-05:00,40.66999816894531,41.150001525878906,40.13999938964844,40.42499923706055,1483739.0
2026-01-22T14:30:00-05:00,40.42940139770508,40.56650161743164,40.0099983215332,40.459999084472656,973699.0
2026-01-22T15:30:00-05:00,40.43000030517578,40.75,40.31999969482422,40.47999954223633,1377010.0
2026-01-23T09:30:00-05:00,41.48500061035156,42.54999923706055,40.349998474121094,40.619998931884766,2637262.0
2026-01-23T10:30:00-05:00,40.619998931884766,40.70000076293945,40.2599983215332,40.47999954223633,813794.0
2026-01-23T11:30:00-05:00,40.470001220703125,40.529998779296875,39.935001373291016,40.5099983215332,1893745.0
2026-01-23T12:30:00-05:00,40.52000045776367,40.540000915527344,39.86000061035156,40.02000045776367,0.0
2026-01-23T13:30:00-05:00,40.00120162963867,40.18000030517578,39.59000015258789,39.96500015258789,471497.0
2026-01-23T14:30:00-05:00,39.93000030517578,39.93600082397461,39.54999923706055,39.689998626708984,463739.0
2026-01-23T15:30:00-05:00,39.66999816894531,39.79499816894531,39.41999816894531,39.439998626708984,730488.0
2026-01-26T09:30:00-05:00,38.709999084472656,40.36000061035156,38.630001068115234,39.2400016784668,1393839.0
2026-01-26T10:30:00-05:00,39.23500061035156,39.43000030517578,38.875,39.209999084472656,551059.0
2026-01-26T11:30:00-05:00,39.2234992980957,39.675498962402344,39.189998626708984,39.64350128173828,294370.0
2026-01-26T12:30:00-05:00,39.66999816894531,39.86000061035156,39.209999084472656,39.31999969482422,360744.0
2026-01-26T13:30:00-05:00,39.310001373291016,39.31999969482422,38.90999984741211,38.974300384521484,285496.0
2026-01-26T14:30:00-05:00,38.97010040283203,39.150001525878906,38.81999969482422,39.095001220703125,359628.0
2026-01-26T15:30:00-05:00,39.099998474121094,39.44499969482422,39.06999969482422,39.439998626708984,1810752.0
2026-01-27T09:30:00-05:00,39.38999938964844,39.880001068115234,38.61000061035156,39.75,1323724.0
2026-01-27T10:30:00-05:00,39.7400016784668,40.17499923706055,39.46500015258789,39.91999816894531,403993.0
2026-01-27T11:30:00-05:00,39.93000030517578,40.470001220703125,39.9010009765625,40.150001525878906,405258.0
2026-01-27T12:30:00-05:00,40.154998779296875,40.25,39.95000076293945,39.970001220703125,293314.0
2026-01-27T13:30:00-05:00,39.959999084472656,40.220001220703125,39.77000045776367,39.9900016784668,393750.0
2026-01-27T14:30:00-05:00,40.0099983215332,40.119998931884766,39.65999984741211,39.720001220703125,364784.0
2026-01-27T15:30:00-05:00,39.72999954223633,40.0,39.47999954223633,39.91999816894531,741609.0
2026-01-28T09:30:00-05:00,40.70000076293945,41.76860046386719,40.279998779296875,40.97999954223633,746945.0
2026-01-28T10:30:00-05:00,40.97999954223633,41.119998931884766,40.18000030517578,40.654998779296875,435566.0
2026-01-28T11:30:00-05:00,40.650001525878906,41.09000015258789,40.39690017700195,41.029998779296875,407882.0
2026-01-28T12:30:00-05:00,41.02000045776367,41.27000045776367,40.65999984741211,40.810001373291016,447158.0
2026-01-28T13:30:00-05:00,40.81999969482422,41.06999969482422,40.220001220703125,40.220001220703125,293091.0
2026-01-28T14:30:00-05:00,40.18000030517578,40.869998931884766,39.939998626708984,40.53499984741211,549476.0
2026-01-28T15:30:00-05:00,40.529998779296875,40.619998931884766,40.04499816894531,40.470001220703125,606040.0
2026-01-29T09:30:00-05:00,39.93000030517578,40.275001525878906,37.459999084472656,37.47999954223633,1137134.0
2026-01-29T10:30:00-05:00,37.47999954223633,37.79999923706055,36.779998779296875,37.779998779296875,1689194.0
2026-01-29T11:30:00-05:00,37.779998779296875,37.8849983215332,37.34000015258789,37.3650016784668,0.0
2026-01-29T12:30:00-05:00,37.369998931884766,38.04499816894531,37.18000030517578,38.03519821166992,498670.0
2026-01-29T13:30:00-05:00,38.03010177612305,38.06999969482422,37.619998931884766,38.064998626708984,331082.0
2026-01-29T14:30:00-05:00,38.076698303222656,38.076698303222656,37.369998931884766,37.66999816894531,364245.0
2026-01-29T15:30:00-05:00,37.65999984741211,38.290000915527344,37.619998931884766,38.2599983215332,2641072.0
2026-01-30T09:30:00-05:00,37.83000183105469,38.900001525878906,37.755001068115234,37.7599983215332,464044.0
2026-01-30T10:30:00-05:00,37.74919891357422,37.87990188598633,37.599998474121094,37.62900161743164,36752.0
2026-02-02T13:30:00-05:00,36.25,36.2599983215332,36.03499984741211,36.19499969482422,1965446.0
2026-02-02T14:30:00-05:00,36.20000076293945,36.34000015258789,35.68000030517578,36.0,771977.0
2026-02-02T15:30:00-05:00,35.9900016784668,36.52000045776367,35.98500061035156,36.4900016784668,795339.0
2026-02-03T09:30:00-05:00,36.34000015258789,37.650001525878906,36.2400016784668,37.486000061035156,852660.0
2026-02-03T10:30:00-05:00,37.470001220703125,38.08000183105469,37.040000915527344,37.040000915527344,700303.0
2026-02-03T11:30:00-05:00,37.03499984741211,37.25,36.900001525878906,36.9900016784668,483739.0
2026-02-03T12:30:00-05:00,36.959999084472656,36.98500061035156,35.959999084472656,35.97999954223633,521775.0
2026-02-03T13:30:00-05:00,36.0,36.75,35.939998626708984,36.52000045776367,833472.0
2026-02-03T14:30:00-05:00,36.52000045776367,37.31999969482422,36.220001220703125,37.130001068115234,1127479.0
2026-02-03T15:30:00-05:00,37.13999938964844,37.404998779296875,36.84000015258789,37.244998931884766,1291661.0
2026-02-04T09:30:00-05:00,47.86000061035156,52.900001525878906,47.77000045776367,52.665000915527344,16974602.0
2026-02-04T10:30:00-05:00,52.650001525878906,52.72999954223633,50.46500015258789,51.11000061035156,4013589.0
2026-02-04T11:30:00-05:00,51.099998474121094,51.119998931884766,49.83000183105469,50.91419982910156,3058139.0
2026-02-04T12:30:00-05:00,50.939998626708984,51.029998779296875,49.95000076293945,50.279998779296875,2322634.0
2026-02-04T13:30:00-05:00,50.28310012817383,50.41999816894531,49.34000015258789,50.25,2326508.0
2026-02-04T14:30:00-05:00,50.279998779296875,52.27989959716797,50.15999984741211,51.530799865722656,3350840.0
2026-02-04T15:30:00-05:00,51.56999969482422,52.790000915527344,51.43000030517578,51.65290069580078,16605684.0
2026-02-05T09:30:00-05:00,50.6150016784668,52.209999084472656,47.407501220703125,47.638301849365234,2829373.0
2026-02-05T10:30:00-05:00,47.68000030517578,48.18280029296875,47.150001525878906,47.88990020751953,1165941.0
2026-02-05T11:30:00-05:00,47.81999969482422,48.150001525878906,47.29999923706055,48.060001373291016,651578.0
2026-02-05T12:30:00-05:00,48.04999923706055,48.290000915527344,47.492000579833984,47.54999923706055,642620.0
2026-02-05T13:30:00-05:00,47.54999923706055,48.81999969482422,47.150001525878906,48.77429962158203,883915.0
2026-02-05T14:30:00-05:00,48.77000045776367,48.9900016784668,47.84000015258789,47.959999084472656,922754.0
2026-02-05T15:30:00-05:00,47.939998626708984,48.0099983215332,47.040000915527344,47.25,1077618.0
2026-02-06T09:30:00-05:00,48.52000045776367,51.224998474121094,48.2599983215332,48.45000076293945,2025245.0
2026-02-06T10:30:00-05:00,48.4900016784668,48.503700256347656,47.599998474121094,47.72999954223633,1192750.0
2026-02-06T11:30:00-05:00,47.72999954223633,48.34000015258789,47.369998931884766,48.20000076293945,940395.0
2026-02-06T12:30:00-05:00,48.21500015258789,48.93000030517578,48.13999938964844,48.88999938964844,706621.0
2026-02-06T13:30:00-05:00,48.880001068115234,49.744998931884766,48.845001220703125,49.56769943237305,622332.0
2026-02-06T14:30:00-05:00,49.564998626708984,49.84000015258789,49.22999954223633,49.73500061035156,643004.0
2026-02-06T15:30:00-05:00,49.72999954223633,50.099998474121094,49.529998779296875,49.80500030517578,910791.0
2026-02-09T09:30:00-05:00,50.38999938964844,50.87990188598633,47.56999969482422,47.880001068115234,1100492.0
2026-02-09T10:30:00-05:00,47.929901123046875,48.709999084472656,47.77000045776367,48.599998474121094,473473.0
2026-02-09T11:30:00-05:00,48.595001220703125,49.41999816894531,48.38999938964844,49.029998779296875,589621.0
2026-02-09T12:30:00-05:00,49.0,49.58000183105469,48.84000015258789,49.56999969482422,507008.0
2026-02-09T13:30:00-05:00,49.649898529052734,50.04999923706055,49.375,49.75,449465.0
2026-02-09T14:30:00-05:00,49.75,50.66999816894531,49.619998931884766,50.53499984741211,514320.0
2026-02-09T15:30:00-05:00,50.52000045776367,50.77000045776367,50.16999816894531,50.29999923706055,687743.0
2026-02-10T09:30:00-05:00,50.900001525878906,51.79999923706055,48.31999969482422,50.154998779296875,1483259.0
2026-02-10T10:30:00-05:00,50.18000030517578,51.68000030517578,50.02000045776367,51.540000915527344,701913.0
2026-02-10T11:30:00-05:00,51.529998779296875,52.2400016784668,51.2218017578125,51.75,830385.0
2026-02-10T12:30:00-05:00,51.720001220703125,52.06999969482422,51.11000061035156,51.130001068115234,524611.0
2026-02-10T13:30:00-05:00,51.150001525878906,51.79999923706055,50.689998626708984,51.77000045776367,760969.0
2026-02-10T14:30:00-05:00,51.810001373291016,51.95000076293945,50.560001373291016,50.58000183105469,540497.0
2026-02-10T15:30:00-05:00,50.540000915527344,50.66999816894531,50.13999938964844,50.2599983215332,897367.0
2026-02-11T09:30:00-05:00,51.290000915527344,51.84000015258789,47.52000045776367,47.849998474121094,1594979.0
2026-02-11T10:30:00-05:00,47.79999923706055,49.32500076293945,47.70000076293945,48.689998626708984,1103775.0
2026-02-11T11:30:00-05:00,48.70000076293945,48.845001220703125,47.81999969482422,48.150001525878906,831240.0
2026-02-11T12:30:00-05:00,48.15999984741211,48.22999954223633,47.16999816894531,47.61000061035156,770553.0
2026-02-11T13:30:00-05:00,47.665000915527344,48.622501373291016,47.6150016784668,48.52000045776367,504074.0
2026-02-11T14:30:00-05:00,48.54999923706055,48.60499954223633,48.15999984741211,48.400001525878906,454327.0
2026-02-11T15:30:00-05:00,48.40999984741211,48.47999954223633,48.10749816894531,48.209999084472656,594945.0
2026-02-12T09:30:00-05:00,48.02000045776367,48.47999954223633,46.2400016784668,46.36750030517578,1289238.0
2026-02-12T10:30:00-05:00,46.36000061035156,46.56999969482422,44.230499267578125,44.29690170288086,1202913.0
2026-02-12T11:30:00-05:00,44.290000915527344,44.529998779296875,43.7400016784668,43.792598724365234,990615.0
2026-02-12T12:30:00-05:00,43.81999969482422,43.97990036010742,43.02539825439453,43.25899887084961,581688.0
2026-02-12T13:30:00-05:00,43.220001220703125,43.99140167236328,43.130001068115234,43.375,561271.0
2026-02-12T14:30:00-05:00,43.41999816894531,44.41999816894531,43.404998779296875,44.08000183105469,512250.0
2026-02-12T15:30:00-05:00,44.06999969482422,44.15999984741211,43.70000076293945,44.04439926147461,725361.0
2026-02-13T09:30:00-05:00,44.209999084472656,44.869998931884766,43.0,44.650001525878906,950317.0
2026-02-13T10:30:00-05:00,44.650001525878906,44.852901458740234,44.029998779296875,44.39500045776367,438863.0
2026-02-13T11:30:00-05:00,44.380001068115234,44.5099983215332,43.95009994506836,44.0099983215332,306272.0
2026-02-13T12:30:00-05:00,44.0,44.09450149536133,43.580101013183594,43.630001068115234,221819.0
2026-02-13T13:30:00-05:00,43.63999938964844,44.092498779296875,43.59000015258789,43.63999938964844,196985.0
2026-02-13T14:30:00-05:00,43.599998474121094,43.880001068115234,43.33000183105469,43.36000061035156,352674.0
2026-02-13T15:30:00-05:00,43.33000183105469,43.57500076293945,43.220001220703125,43.525001525878906,475631.0
2026-02-17T09:30:00-05:00,43.290000915527344,44.54999923706055,43.06999969482422,43.97999954223633,713211.0
2026-02-17T10:30:00-05:00,43.97999954223633,45.63999938964844,43.68000030517578,45.349998474121094,708920.0
2026-02-17T11:30:00-05:00,45.34000015258789,46.029998779296875,44.90999984741211,45.9900016784668,584639.0
2026-02-17T12:30:00-05:00,46.01499938964844,46.16999816894531,45.5,45.76750183105469,396015.0
2026-02-17T13:30:00-05:00,45.75,46.09000015258789,45.08000183105469,45.900001525878906,486620.0
2026-02-17T14:30:00-05:00,45.88999938964844,46.02000045776367,45.54999923706055,45.709999084472656,338518.0
2026-02-17T15:30:00-05:00,45.709999084472656,45.880001068115234,45.470001220703125,45.65999984741211,586134.0
2026-02-18T09:30:00-05:00,46.91999816894531,47.150001525878906,44.684200286865234,45.82500076293945,974897.0
2026-02-18T10:30:00-05:00,45.810001373291016,46.38999938964844,45.41999816894531,46.38999938964844,478076.0
2026-02-18T11:30:00-05:00,46.349998474121094,46.54999923706055,46.130001068115234,46.209999084472656,272402.0
2026-02-18T12:30:00-05:00,46.189998626708984,46.79999923706055,45.869998931884766,46.19499969482422,226500.0
2026-02-18T13:30:00-05:00,46.20000076293945,46.29999923706055,45.68000030517578,45.7400016784668,253906.0
2026-02-18T14:30:00-05:00,45.7400016784668,46.005001068115234,45.59000015258789,45.599998474121094,309821.0
2026-02-18T15:30:00-05:00,45.599998474121094,46.45000076293945,45.59000015258789,46.03010177612305,543354.0
2026-02-19T09:30:00-05:00,45.720001220703125,45.849998474121094,43.609500885009766,43.71659851074219,840917.0
2026-02-19T10:30:00-05:00,43.70000076293945,44.70000076293945,43.70000076293945,44.599998474121094,467147.0
2026-02-19T11:30:00-05:00,44.61000061035156,44.72999954223633,44.040000915527344,44.209999084472656,319921.0
2026-02-19T12:30:00-05:00,44.205101013183594,44.279998779296875,43.80009841918945,43.93000030517578,325038.0
2026-02-19T13:30:00-05:00,43.900001525878906,44.149898529052734,43.77000045776367,43.86000061035156,324391.0
2026-02-19T14:30:00-05:00,43.84000015258789,44.349998474121094,43.79999923706055,44.16999816894531,388675.0
2026-02-19T15:30:00-05:00,44.15999984741211,44.44900131225586,44.11000061035156,44.244998931884766,431116.0
2026-02-20T09:30:00-05:00,43.9900016784668,46.56999969482422,43.75,46.439998626708984,884966.0
2026-02-20T10:30:00-05:00,46.48500061035156,46.599998474121094,45.36000061035156,45.459999084472656,531791.0
2026-02-20T11:30:00-05:00,45.41999816894531,45.81340026855469,44.880001068115234,45.005001068115234,313371.0
2026-02-20T12:30:00-05:00,45.0099983215332,45.4385986328125,44.959999084472656,45.249000549316406,254275.0
2026-02-20T13:30:00-05:00,45.220001220703125,46.45000076293945,45.16999816894531,45.64500045776367,505223.0
2026-02-20T14:30:00-05:00,45.66999816894531,45.939998626708984,45.314998626708984,45.67499923706055,392326.0
2026-02-20T15:30:00-05:00,45.65999984741211,46.59000015258789,45.599998474121094,46.58000183105469,798488.0
2026-02-23T09:30:00-05:00,46.0,46.40999984741211,45.34000015258789,45.540000915527344,569064.0
2026-02-23T10:30:00-05:00,45.54999923706055,46.779998779296875,45.27009963989258,46.744998931884766,516300.0
2026-02-23T11:30:00-05:00,46.709999084472656,46.790000915527344,45.630001068115234,46.18000030517578,447347.0
2026-02-23T12:30:00-05:00,46.220001220703125,47.0099983215332,45.900001525878906,46.97999954223633,382493.0
2026-02-23T13:30:00-05:00,46.9900016784668,47.29999923706055,46.61000061035156,46.630001068115234,318538.0
2026-02-23T14:30:00-05:00,46.65999984741211,47.279998779296875,46.599998474121094,46.790000915527344,315646.0
2026-02-23T15:30:00-05:00,46.790000915527344,47.45000076293945,46.75,47.45000076293945,415450.0
2026-02-24T09:30:00-05:00,47.40999984741211,49.15999984741211,46.83000183105469,49.0,885123.0
2026-02-24T10:30:00-05:00,48.97999954223633,49.900001525878906,48.79999923706055,49.814998626708984,725103.0
2026-02-24T11:30:00-05:00,49.79999923706055,49.970001220703125,49.10499954223633,49.1150016784668,523554.0
2026-02-24T12:30:00-05:00,49.15679931640625,49.3849983215332,48.75120162963867,48.9900016784668,312669.0
2026-02-24T13:30:00-05:00,48.9995002746582,49.62900161743164,48.970001220703125,49.470001220703125,280245.0
2026-02-24T14:30:00-05:00,49.46500015258789,49.63999938964844,49.150001525878906,49.37070083618164,340608.0
2026-02-24T15:30:00-05:00,49.38999938964844,49.84000015258789,49.38999938964844,49.77000045776367,539018.0
2026-02-25T09:30:00-05:00,50.15999984741211,50.83000183105469,49.2599983215332,49.599998474121094,1317323.0
2026-02-25T10:30:00-05:00,49.54999923706055,50.27000045776367,49.38999938964844,49.953800201416016,623699.0
2026-02-25T11:30:00-05:00,49.95000076293945,50.130001068115234,49.25,49.27000045776367,471797.0
2026-02-25T12:30:00-05:00,49.2599983215332,49.77000045776367,48.79999923706055,48.87099838256836,240072.0
2026-02-25T13:30:00-05:00,48.869998931884766,49.11000061035156,48.51499938964844,48.63999938964844,256903.0
2026-02-25T14:30:00-05:00,48.63999938964844,49.150001525878906,48.599998474121094,48.72999954223633,306024.0
2026-02-25T15:30:00-05:00,48.73500061035156,48.86000061035156,48.439998626708984,48.47999954223633,448125.0
2026-02-26T09:30:00-05:00,47.5099983215332,48.34000015258789,46.11000061035156,46.2599983215332,1046213.0
2026-02-26T10:30:00-05:00,46.27000045776367,47.470001220703125,46.22999954223633,47.2599983215332,141908.0
2026-02-26T11:30:00-05:00,47.290000915527344,47.38999938964844,45.90999984741211,46.0,465384.0
2026-02-26T12:30:00-05:00,45.98500061035156,46.029998779296875,45.55009841918945,46.0,375062.0
2026-02-26T13:30:00-05:00,46.005001068115234,46.54999923706055,45.970001220703125,46.095001220703125,337782.0
2026-02-26T14:30:00-05:00,46.09000015258789,46.288299560546875,45.72999954223633,45.81999969482422,438061.0
2026-02-26T15:30:00-05:00,45.81999969482422,45.97999954223633,45.61000061035156,45.77000045776367,679143.0
2026-02-27T09:30:00-05:00,44.93000030517578,45.040000915527344,42.16999816894531,42.650001525878906,1341088.0
2026-02-27T10:30:00-05:00,42.65999984741211,43.15999984741211,42.400001525878906,42.439998626708984,1004514.0
2026-02-27T11:30:00-05:00,42.45000076293945,42.619998931884766,41.540000915527344,41.57500076293945,89472.0
2026-02-27T12:30:00-05:00,41.57500076293945,41.83430099487305,41.220001220703125,41.560001373291016,393961.0
2026-02-27T13:30:00-05:00,41.54999923706055,41.724998474121094,41.31999969482422,41.41999816894531,408076.0
2026-02-27T14:30:00-05:00,41.42100143432617,42.21500015258789,41.130001068115234,42.08000183105469,527034.0
2026-02-27T15:30:00-05:00,42.04999923706055,42.27000045776367,41.790000915527344,42.2599983215332,708163.0
2026-03-02T09:30:00-05:00,41.40999984741211,45.040000915527344,41.0099983215332,44.85029983520508,1220712.0
2026-03-02T10:30:00-05:00,44.8650016784668,45.404998779296875,44.130001068115234,44.63999938964844,888802.0
2026-03-02T11:30:00-05:00,44.619998931884766,45.67499923706055,43.93000030517578,43.970001220703125,529051.0
2026-03-02T12:30:00-05:00,43.9900016784668,44.15959930419922,43.80870056152344,44.0099983215332,333282.0
2026-03-02T13:30:00-05:00,44.005001068115234,44.439998626708984,43.81999969482422,44.43000030517578,1477773.0
2026-03-02T14:30:00-05:00,44.43000030517578,45.02000045776367,44.349998474121094,44.54999923706055,417366.0
2026-03-02T15:30:00-05:00,44.540000915527344,44.75,44.439998626708984,44.689998626708984,772287.0
2026-03-03T09:30:00-05:00,42.93000030517578,43.06999969482422,41.779998779296875,41.93000030517578,830601.0
2026-03-03T10:30:00-05:00,41.93000030517578,43.2599983215332,41.89550018310547,43.0,497551.0
2026-03-03T11:30:00-05:00,42.9900016784668,43.209999084472656,42.5,42.959999084472656,391167.0
2026-03-03T12:30:00-05:00,42.970001220703125,43.11000061035156,42.35499954223633,42.79999923706055,348487.0
2026-03-03T13:30:00-05:00,42.79999923706055,43.2400016784668,42.77000045776367,43.08000183105469,236796.0
2026-03-03T14:30:00-05:00,43.099998474121094,43.459999084472656,42.86000061035156,43.21009826660156,408684.0
2026-03-03T15:30:00-05:00,43.22999954223633,43.36750030517578,42.892799377441406,43.20500183105469,531005.0
2026-03-04T09:30:00-05:00,43.400001525878906,43.77989959716797,42.099998474121094,42.71500015258789,731619.0
2026-03-04T10:30:00-05:00,42.79999923706055,42.959999084472656,42.41999816894531,42.7599983215332,471288.0
2026-03-04T11:30:00-05:00,42.7599983215332,43.09000015258789,42.61000061035156,42.7599983215332,287480.0
2026-03-04T12:30:00-05:00,42.7599983215332,42.849998474121094,42.45000076293945,42.470001220703125,294257.0
2026-03-04T13:30:00-05:00,42.459999084472656,42.51499938964844,42.220001220703125,42.5,252950.0
2026-03-04T14:30:00-05:00,42.5099983215332,42.880001068115234,42.334999084472656,42.83000183105469,350341.0
2026-03-04T15:30:00-05:00,42.810001373291016,43.02000045776367,42.459999084472656,42.65999984741211,535400.0
2026-03-05T09:30:00-05:00,42.154998779296875,42.66999816894531,41.439998626708984,41.81999969482422,569516.0
2026-03-05T10:30:00-05:00,41.86000061035156,41.99489974975586,40.84000015258789,41.005001068115234,582208.0
2026-03-05T11:30:00-05:00,41.029998779296875,42.5,40.720298767089844,41.04499816894531,1758144.0
2026-03-05T12:30:00-05:00,41.040000915527344,41.08000183105469,40.45000076293945,40.66400146484375,621094.0
2026-03-05T13:30:00-05:00,40.67499923706055,41.105098724365234,40.540000915527344,40.779998779296875,398976.0
2026-03-05T14:30:00-05:00,40.75,41.16999816894531,40.560001373291016,41.04999923706055,514512.0
2026-03-05T15:30:00-05:00,41.0,41.310001373291016,41.0,41.11000061035156,839519.0
2026-03-06T09:30:00-05:00,40.08000183105469,40.33000183105469,39.5099983215332,40.080101013183594,814349.0
2026-03-06T10:30:00-05:00,40.1150016784668,40.290000915527344,39.68000030517578,39.900001525878906,392695.0
2026-03-06T11:30:00-05:00,39.90999984741211,40.689998626708984,39.834999084472656,40.61980056762695,479511.0
2026-03-06T12:30:00-05:00,40.619998931884766,41.125,40.32500076293945,41.03499984741211,803821.0
2026-03-06T13:30:00-05:00,41.0099983215332,41.38990020751953,40.92829895019531,41.119998931884766,588544.0
2026-03-06T14:30:00-05:00,41.130001068115234,41.27000045776367,40.42499923706055,40.470001220703125,819152.0
2026-03-06T15:30:00-05:00,40.46500015258789,40.64500045776367,40.02000045776367,40.22999954223633,1607410.0
2026-03-09T09:30:00-04:00,39.54999923706055,40.0099983215332,38.42499923706055,39.439998626708984,1047969.0
2026-03-09T10:30:00-04:00,39.47999954223633,40.34000015258789,39.47999954223633,40.29999923706055,510095.0
2026-03-09T11:30:00-04:00,40.29999923706055,40.72999954223633,40.029998779296875,40.630001068115234,558835.0
2026-03-09T12:30:00-04:00,40.64899826049805,40.689998626708984,39.54999923706055,39.630001068115234,517905.0
2026-03-09T13:30:00-04:00,39.630001068115234,40.310001373291016,39.630001068115234,40.21500015258789,526474.0
2026-03-09T14:30:00-04:00,40.22999954223633,40.689998626708984,39.89500045776367,40.689998626708984,676243.0
2026-03-09T15:30:00-04:00,40.69499969482422,41.150001525878906,40.600101470947266,40.86000061035156,941513.0
2026-03-10T09:30:00-04:00,41.375,42.599998474121094,41.22999954223633,42.08000183105469,749328.0
2026-03-10T10:30:00-04:00,42.13999938964844,43.349998474121094,41.97999954223633,43.33000183105469,424946.0
2026-03-10T11:30:00-04:00,43.310001373291016,43.470001220703125,42.56999969482422,43.08000183105469,475910.0
2026-03-10T12:30:00-04:00,43.06999969482422,43.589900970458984,42.900001525878906,43.4900016784668,518470.0
2026-03-10T13:30:00-04:00,43.540000915527344,43.84000015258789,42.73500061035156,43.18000030517578,811406.0
2026-03-10T14:30:00-04:00,43.209999084472656,43.61000061035156,43.18000030517578,43.310001373291016,956162.0
2026-03-10T15:30:00-04:00,43.29999923706055,43.654998779296875,43.119998931884766,43.599998474121094,940640.0
2026-03-11T09:30:00-04:00,43.154998779296875,44.400001525878906,42.93000030517578,44.12009811401367,678022.0
2026-03-11T10:30:00-04:00,44.10499954223633,44.63999938964844,43.875,43.900001525878906,396837.0
2026-03-11T11:30:00-04:00,43.8849983215332,43.93000030517578,43.279998779296875,43.53499984741211,304684.0
2026-03-11T12:30:00-04:00,43.53499984741211,44.060001373291016,43.31999969482422,44.0,224623.0
2026-03-11T13:30:00-04:00,44.029998779296875,44.04999923706055,43.17499923706055,43.415000915527344,441377.0
2026-03-11T14:30:00-04:00,43.435001373291016,43.58000183105469,43.0,43.040000915527344,368318.0
2026-03-11T15:30:00-04:00,43.040000915527344,43.43000030517578,43.0,43.34000015258789,762766.0
2026-03-12T09:30:00-04:00,42.75,42.7599983215332,41.76499938964844,41.92499923706055,616620.0
2026-03-12T10:30:00-04:00,41.93000030517578,42.415000915527344,41.63999938964844,42.11000061035156,363580.0
2026-03-12T11:30:00-04:00,42.11000061035156,42.564998626708984,41.650001525878906,41.970001220703125,529952.0
2026-03-12T12:30:00-04:00,41.9900016784668,42.470001220703125,41.56999969482422,42.260101318359375,337333.0
2026-03-12T13:30:00-04:00,42.33000183105469,42.45500183105469,41.93000030517578,42.150001525878906,277941.0
2026-03-12T14:30:00-04:00,42.15999984741211,42.349998474121094,41.849998474121094,42.23500061035156,398386.0
2026-03-12T15:30:00-04:00,42.23500061035156,42.75,42.22999954223633,42.599998474121094,830992.0
2026-03-13T09:30:00-04:00,43.470001220703125,45.38999938964844,43.11000061035156,45.26499938964844,857556.0
2026-03-13T10:30:00-04:00,45.26499938964844,45.529998779296875,44.3317985534668,44.400001525878906,665122.0
2026-03-13T11:30:00-04:00,44.400001525878906,44.59000015258789,43.9010009765625,44.290000915527344,383888.0
2026-03-13T12:30:00-04:00,44.31999969482422,44.6349983215332,43.9900016784668,44.06999969482422,318061.0
2026-03-13T13:30:00-04:00,44.092201232910156,44.2599983215332,43.52000045776367,43.69499969482422,426486.0
2026-03-13T14:30:00-04:00,43.720001220703125,44.11000061035156,43.47999954223633,43.5099983215332,430826.0
2026-03-13T15:30:00-04:00,43.540000915527344,44.09000015258789,43.5099983215332,44.084999084472656,592052.0
2026-03-16T09:30:00-04:00,44.75,46.09000015258789,44.75,45.40999984741211,632776.0
2026-03-16T10:30:00-04:00,45.400001525878906,46.18000030517578,45.2599983215332,45.52000045776367,433024.0
2026-03-16T11:30:00-04:00,45.529998779296875,45.560001373291016,44.79999923706055,45.1349983215332,484183.0
2026-03-16T12:30:00-04:00,45.13999938964844,45.66999816894531,45.095001220703125,45.459999084472656,281425.0
2026-03-16T13:30:00-04:00,45.41999816894531,45.68000030517578,45.25910186767578,45.67100143432617,229274.0
2026-03-16T14:30:00-04:00,45.68000030517578,45.97999954223633,45.45000076293945,45.720001220703125,245118.0
2026-03-16T15:30:00-04:00,45.720001220703125,46.029998779296875,45.6150016784668,45.900001525878906,504003.0
2026-03-17T09:30:00-04:00,46.11000061035156,46.400001525878906,44.45000076293945,44.87799835205078,595350.0
2026-03-17T10:30:00-04:00,44.8849983215332,45.22999954223633,44.58000183105469,44.810001373291016,376016.0
2026-03-17T11:30:00-04:00,44.810001373291016,44.89500045776367,43.90999984741211,44.20000076293945,445604.0
2026-03-17T12:30:00-04:00,44.18000030517578,44.755001068115234,43.9900016784668,44.650001525878906,306685.0
2026-03-17T13:30:00-04:00,44.63999938964844,44.84000015258789,44.45000076293945,44.54499816894531,197332.0
2026-03-17T14:30:00-04:00,44.54499816894531,44.97999954223633,44.474998474121094,44.810001373291016,446103.0
2026-03-17T15:30:00-04:00,44.83000183105469,44.95000076293945,44.47999954223633,44.720001220703125,686362.0
2026-03-18T09:30:00-04:00,44.02000045776367,44.36000061035156,43.064998626708984,43.14500045776367,481469.0
2026-03-18T10:30:00-04:00,43.150001525878906,43.6349983215332,43.051998138427734,43.47999954223633,356963.0
2026-03-18T11:30:00-04:00,43.505001068115234,43.72999954223633,43.25,43.3650016784668,262408.0
2026-03-18T12:30:00-04:00,43.33000183105469,43.53499984741211,42.900001525878906,43.2400016784668,269780.0
2026-03-18T13:30:00-04:00,43.2400016784668,43.499900817871094,43.0,43.06999969482422,216848.0
2026-03-18T14:30:00-04:00,43.04999923706055,43.07500076293945,42.52000045776367,42.80500030517578,377844.0
2026-03-18T15:30:00-04:00,42.79499816894531,43.369998931884766,42.76499938964844,43.29999923706055,575485.0
2026-03-19T09:30:00-04:00,42.11800003051758,42.90999984741211,41.66999816894531,42.79199981689453,826105.0
2026-03-19T10:30:00-04:00,42.76789855957031,42.9900016784668,42.04499816894531,42.060001373291016,297835.0
2026-03-19T11:30:00-04:00,42.060001373291016,42.849998474121094,41.79999923706055,42.27000045776367,325748.0
2026-03-19T12:30:00-04:00,42.29999923706055,42.654998779296875,42.18000030517578,42.64139938354492,150495.0
2026-03-19T13:30:00-04:00,42.654998779296875,43.560001373291016,42.41999816894531,43.470001220703125,263333.0
2026-03-19T14:30:00-04:00,43.459999084472656,44.86000061035156,43.459999084472656,44.7599983215332,666428.0
2026-03-19T15:30:00-04:00,44.76499938964844,44.869998931884766,44.244998931884766,44.68000030517578,723108.0
2026-03-20T09:30:00-04:00,44.560001373291016,46.869300842285156,44.2599983215332,45.85940170288086,1873410.0
2026-03-20T10:30:00-04:00,45.84000015258789,46.400001525878906,44.369998931884766,44.65999984741211,945196.0
2026-03-20T11:30:00-04:00,44.675498962402344,45.27000045776367,44.529998779296875,44.56999969482422,396822.0
2026-03-20T12:30:00-04:00,44.54999923706055,45.56990051269531,44.279300689697266,45.380001068115234,434267.0
2026-03-20T13:30:00-04:00,45.40999984741211,45.45000076293945,44.15999984741211,44.31999969482422,443895.0
2026-03-20T14:30:00-04:00,44.345001220703125,44.369998931884766,43.43009948730469,43.83000183105469,528254.0
2026-03-20T15:30:00-04:00,43.83000183105469,44.29999923706055,43.65999984741211,44.130001068115234,1037567.0
2026-03-23T09:30:00-04:00,44.599998474121094,44.846900939941406,43.040000915527344,43.349998474121094,1321438.0
2026-03-23T10:30:00-04:00,43.22999954223633,43.63999938964844,42.83000183105469,42.845001220703125,512970.0
2026-03-23T11:30:00-04:00,42.880001068115234,43.02000045776367,41.41999816894531,41.58000183105469,937362.0
2026-03-23T12:30:00-04:00,41.58000183105469,41.98500061035156,41.3734016418457,41.95000076293945,431980.0
2026-03-23T13:30:00-04:00,41.93000030517578,42.38999938964844,41.83000183105469,41.88930130004883,445421.0
2026-03-23T14:30:00-04:00,41.85499954223633,42.27000045776367,41.278499603271484,41.310001373291016,702630.0
2026-03-23T15:30:00-04:00,41.33000183105469,41.400001525878906,40.709999084472656,40.7599983215332,1038219.0
2026-03-24T09:30:00-04:00,40.18000030517578,41.27000045776367,40.18000030517578,40.68000030517578,1143574.0
2026-03-24T10:30:00-04:00,40.685001373291016,41.540000915527344,40.55500030517578,41.440399169921875,713138.0
2026-03-24T11:30:00-04:00,41.46500015258789,41.48500061035156,40.560001373291016,40.77000045776367,355958.0
2026-03-24T12:30:00-04:00,40.790000915527344,40.97999954223633,40.31999969482422,40.63999938964844,310986.0
2026-03-24T13:30:00-04:00,40.65250015258789,40.85499954223633,40.470001220703125,40.72999954223633,199180.0
2026-03-24T14:30:00-04:00,40.78499984741211,41.130001068115234,40.75,40.91999816894531,364816.0
2026-03-24T15:30:00-04:00,40.90999984741211,41.2400016784668,40.68000030517578,40.970001220703125,652284.0
2026-03-25T09:30:00-04:00,40.9900016784668,41.59000015258789,39.90999984741211,40.79499816894531,1147700.0
2026-03-25T10:30:00-04:00,40.79999923706055,41.915000915527344,40.75,41.81999969482422,706204.0
2026-03-25T11:30:00-04:00,41.79999923706055,42.68000030517578,41.58000183105469,41.96500015258789,675994.0
2026-03-25T12:30:00-04:00,42.0,42.41999816894531,41.90999984741211,42.04999923706055,316646.0
2026-03-25T13:30:00-04:00,42.13999938964844,42.549800872802734,42.060001373291016,42.22999954223633,251698.0
2026-03-25T14:30:00-04:00,42.18000030517578,42.619998931884766,41.95000076293945,42.52000045776367,516090.0
2026-03-25T15:30:00-04:00,42.51250076293945,42.685001373291016,42.25,42.540000915527344,779449.0
2026-03-26T09:30:00-04:00,41.43000030517578,42.499900817871094,41.03409957885742,41.97999954223633,768382.0
2026-03-26T10:30:00-04:00,41.9900016784668,42.22999954223633,40.7599983215332,41.20000076293945,551888.0
2026-03-26T11:30:00-04:00,41.23500061035156,41.45500183105469,40.46049880981445,40.470001220703125,295018.0
2026-03-26T12:30:00-04:00,40.505001068115234,40.790000915527344,40.25,40.459999084472656,461146.0
2026-03-26T13:30:00-04:00,40.46500015258789,40.70000076293945,40.189998626708984,40.33000183105469,415445.0
2026-03-26T14:30:00-04:00,40.34000015258789,40.540000915527344,40.13999938964844,40.30500030517578,530787.0
2026-03-26T15:30:00-04:00,40.30500030517578,40.40999984741211,39.97999954223633,40.16999816894531,747649.0
2026-03-27T09:30:00-04:00,39.0099983215332,39.31589889526367,38.47999954223633,38.84000015258789,977005.0
2026-03-27T10:30:00-04:00,38.834999084472656,39.04999923706055,38.41999816894531,38.91999816894531,723314.0
2026-03-27T11:30:00-04:00,38.91999816894531,39.189998626708984,38.0099983215332,38.30500030517578,741675.0
2026-03-27T12:30:00-04:00,38.3025016784668,38.40999984741211,37.970001220703125,38.03499984741211,548392.0
2026-03-27T13:30:00-04:00,38.03499984741211,38.060001373291016,37.06999969482422,37.20000076293945,996443.0
2026-03-27T14:30:00-04:00,37.20000076293945,37.73500061035156,37.09000015258789,37.70560073852539,588079.0
2026-03-27T15:30:00-04:00,37.69499969482422,37.900001525878906,37.22999954223633,37.849998474121094,1111657.0
2026-03-30T09:30:00-04:00,38.25,38.33000183105469,37.25,37.705101013183594,636680.0
2026-03-30T10:30:00-04:00,37.70500183105469,37.75,36.86000061035156,37.099998474121094,561551.0
2026-03-30T11:30:00-04:00,37.119998931884766,37.25,36.720001220703125,36.790000915527344,412733.0
2026-03-30T12:30:00-04:00,36.779998779296875,36.95000076293945,36.06010055541992,36.09450149536133,610620.0
2026-03-30T13:30:00-04:00,36.08000183105469,36.220001220703125,35.41999816894531,35.61000061035156,686293.0
2026-03-30T14:30:00-04:00,35.6150016784668,35.81999969482422,35.25,35.290000915527344,675647.0
2026-03-30T15:30:00-04:00,35.29999923706055,35.689998626708984,35.209999084472656,35.650001525878906,1013769.0
2026-03-31T09:30:00-04:00,36.04999923706055,36.829898834228516,35.95500183105469,36.4900016784668,654675.0
2026-03-31T10:30:00-04:00,36.4900016784668,37.290000915527344,36.2400016784668,37.130001068115234,487953.0
2026-03-31T11:30:00-04:00,37.130001068115234,37.2400016784668,36.83000183105469,37.02000045776367,374276.0
2026-03-31T12:30:00-04:00,37.025001525878906,37.9900016784668,36.96310043334961,37.81999969482422,881068.0
2026-03-31T13:30:00-04:00,37.79899978637695,37.880001068115234,37.084999084472656,37.279998779296875,421134.0
2026-03-31T14:30:00-04:00,37.279998779296875,37.93000030517578,37.2599983215332,37.904998779296875,388871.0
2026-03-31T15:30:00-04:00,37.90999984741211,37.9900016784668,37.625,37.81999969482422,959608.0
2026-04-01T09:30:00-04:00,38.22999954223633,38.72999954223633,37.709999084472656,38.01499938964844,662131.0
2026-04-01T10:30:00-04:00,37.97999954223633,38.79999923706055,37.80500030517578,38.02000045776367,608048.0
2026-04-01T11:30:00-04:00,38.02000045776367,38.32899856567383,37.709999084472656,37.970001220703125,495572.0
2026-04-01T12:30:00-04:00,37.9900016784668,38.560001373291016,37.9375,38.40999984741211,281714.0
2026-04-01T13:30:00-04:00,38.404998779296875,38.51499938964844,37.97999954223633,38.095001220703125,378021.0
2026-04-01T14:30:00-04:00,38.10499954223633,38.40250015258789,37.900001525878906,38.290000915527344,291394.0
2026-04-01T15:30:00-04:00,38.29999923706055,38.400001525878906,38.0099983215332,38.279998779296875,644315.0
2026-04-02T09:30:00-04:00,36.84299850463867,38.1349983215332,36.8036994934082,37.3849983215332,534836.0
2026-04-02T10:30:00-04:00,37.3849983215332,38.45000076293945,36.720001220703125,36.935001373291016,589264.0
2026-04-02T11:30:00-04:00,36.97999954223633,36.9900016784668,35.79999923706055,36.040000915527344,797925.0
2026-04-02T12:30:00-04:00,36.040000915527344,36.209999084472656,35.7599983215332,36.130001068115234,730325.0
2026-04-02T13:30:00-04:00,36.10499954223633,36.119998931884766,35.33000183105469,35.38249969482422,705073.0
2026-04-02T14:30:00-04:00,35.380001068115234,35.775001525878906,35.29999923706055,35.369998931884766,858961.0
2026-04-02T15:30:00-04:00,35.3849983215332,35.40999984741211,34.86000061035156,34.93000030517578,1464589.0
2026-04-06T09:30:00-04:00,35.0099983215332,35.540000915527344,34.260101318359375,34.401798248291016,967788.0
2026-04-06T10:30:00-04:00,34.43000030517578,34.51499938964844,33.34000015258789,33.44499969482422,939499.0
2026-04-06T11:30:00-04:00,33.44499969482422,33.72999954223633,33.29999923706055,33.58000183105469,762630.0
2026-04-06T12:30:00-04:00,33.59000015258789,33.84000015258789,33.29999923706055,33.46500015258789,639466.0
2026-04-06T13:30:00-04:00,33.45000076293945,33.619998931884766,33.349998474121094,33.47999954223633,470199.0
2026-04-06T14:30:00-04:00,33.48500061035156,33.599998474121094,33.349998474121094,33.45050048828125,496069.0
2026-04-06T15:30:00-04:00,33.45000076293945,33.66999816894531,33.400001525878906,33.65999984741211,904772.0
2026-04-07T09:30:00-04:00,33.23500061035156,33.43000030517578,31.8799991607666,32.060001373291016,1426348.0
2026-04-07T10:30:00-04:00,32.06999969482422,32.33000183105469,31.110000610351562,31.385000228881836,1452615.0
2026-04-07T11:30:00-04:00,31.375,32.09000015258789,31.209999084472656,31.6299991607666,1009251.0
2026-04-07T12:30:00-04:00,31.600000381469727,31.649999618530273,31.08099937438965,31.18000030517578,828038.0
2026-04-07T13:30:00-04:00,31.200000762939453,31.889999389648438,31.1875,31.725000381469727,735587.0
2026-04-07T14:30:00-04:00,31.739999771118164,32.0,31.46500015258789,31.979999542236328,799267.0
2026-04-07T15:30:00-04:00,31.959999084472656,32.29999923706055,31.8799991607666,32.04499816894531,1407344.0
2026-04-08T09:30:00-04:00,33.55739974975586,34.20000076293945,32.95000076293945,32.959999084472656,1805470.0
2026-04-08T10:30:00-04:00,32.959999084472656,33.22999954223633,32.64500045776367,33.060001373291016,650205.0
2026-04-08T11:30:00-04:00,33.02000045776367,33.06999969482422,32.779998779296875,32.85499954223633,503179.0
2026-04-08T12:30:00-04:00,32.85499954223633,33.45500183105469,32.81999969482422,33.060001373291016,573986.0
2026-04-08T13:30:00-04:00,33.060001373291016,33.13999938964844,32.70000076293945,32.88999938964844,405646.0
2026-04-08T14:30:00-04:00,32.88999938964844,32.89500045776367,32.25,32.66999816894531,585860.0
2026-04-08T15:30:00-04:00,32.665000915527344,32.7400016784668,32.439998626708984,32.56999969482422,868305.0
2026-04-09T09:30:00-04:00,32.279998779296875,32.630001068115234,31.670000076293945,31.709999084472656,920054.0
2026-04-09T10:30:00-04:00,31.690000534057617,31.940000534057617,31.530000686645508,31.68000030517578,923479.0
2026-04-09T11:30:00-04:00,31.670000076293945,32.17900085449219,31.655000686645508,31.954999923706055,610005.0
2026-04-09T12:30:00-04:00,31.954999923706055,32.08000183105469,31.56999969482422,31.6299991607666,718492.0
2026-04-09T13:30:00-04:00,31.610000610351562,31.850000381469727,31.079999923706055,31.09000015258789,577177.0
2026-04-09T14:30:00-04:00,31.100000381469727,31.25,31.030000686645508,31.06999969482422,629123.0
2026-04-09T15:30:00-04:00,31.059999465942383,31.399999618530273,30.8700008392334,31.239999771118164,1233328.0
2026-04-10T09:30:00-04:00,31.399999618530273,31.8799991607666,31.08009910583496,31.412500381469727,1392996.0
2026-04-10T10:30:00-04:00,31.415000915527344,31.690000534057617,31.364999771118164,31.604999542236328,615888.0
2026-04-10T11:30:00-04:00,31.59000015258789,31.700000762939453,31.28499984741211,31.489999771118164,848122.0
2026-04-10T12:30:00-04:00,31.510000228881836,31.7549991607666,31.334999084472656,31.670000076293945,356002.0
2026-04-10T13:30:00-04:00,31.65999984741211,31.760000228881836,31.389999389648438,31.405000686645508,349323.0
2026-04-10T14:30:00-04:00,31.405000686645508,31.479999542236328,31.040000915527344,31.084999084472656,591696.0
2026-04-10T15:30:00-04:00,31.087799072265625,31.219999313354492,30.899999618530273,31.190000534057617,1007010.0
2026-04-13T09:30:00-04:00,31.709999084472656,32.20000076293945,31.5,31.75,811863.0
2026-04-13T10:30:00-04:00,31.739999771118164,32.09000015258789,31.510099411010742,31.679000854492188,637666.0
2026-04-13T11:30:00-04:00,31.68000030517578,31.81999969482422,31.440000534057617,31.665000915527344,366214.0
2026-04-13T12:30:00-04:00,31.649999618530273,31.90999984741211,31.468000411987305,31.8799991607666,425828.0
2026-04-13T13:30:00-04:00,31.889999389648438,31.96500015258789,31.110000610351562,31.375099182128906,656021.0
2026-04-13T14:30:00-04:00,31.389999389648438,31.399999618530273,31.149999618530273,31.260000228881836,440318.0
2026-04-13T15:30:00-04:00,31.270000457763672,31.43000030517578,31.09000015258789,31.3700008392334,828445.0
2026-04-14T09:30:00-04:00,32.029998779296875,32.589900970458984,31.510000228881836,32.130001068115234,989234.0
2026-04-14T10:30:00-04:00,32.130001068115234,32.36000061035156,31.729999542236328,31.979999542236328,557209.0
2026-04-14T11:30:00-04:00,31.969999313354492,32.505001068115234,31.93000030517578,32.13999938964844,474145.0
2026-04-14T12:30:00-04:00,32.13999938964844,32.189998626708984,31.975000381469727,32.029998779296875,285045.0
2026-04-14T13:30:00-04:00,32.02000045776367,32.039398193359375,31.387500762939453,31.479999542236328,525218.0
2026-04-14T14:30:00-04:00,31.459999084472656,31.854999542236328,31.459999084472656,31.815000534057617,465974.0
2026-04-14T15:30:00-04:00,31.809999465942383,32.0099983215332,31.670000076293945,32.00170135498047,726923.0
2026-04-15T09:30:00-04:00,32.4900016784668,33.64229965209961,32.2400016784668,33.099998474121094,1406730.0
2026-04-15T10:30:00-04:00,33.084999084472656,33.86000061035156,32.86000061035156,32.93000030517578,1500192.0
2026-04-15T11:30:00-04:00,32.93000030517578,33.130001068115234,32.43000030517578,33.09000015258789,1422972.0
2026-04-15T12:30:00-04:00,33.099998474121094,33.130001068115234,31.770000457763672,31.96500015258789,1384423.0
2026-04-15T13:30:00-04:00,31.950000762939453,32.502498626708984,31.889999389648438,32.224998474121094,676110.0
2026-04-15T14:30:00-04:00,32.2400016784668,32.31999969482422,31.959999084472656,32.13999938964844,554959.0
2026-04-15T15:30:00-04:00,32.149898529052734,32.40999984741211,32.04499816894531,32.150001525878906,1166061.0
2026-04-16T09:30:00-04:00,32.79999923706055,33.189998626708984,31.140100479125977,31.360000610351562,1747418.0
2026-04-16T10:30:00-04:00,31.3700008392334,32.019901275634766,31.200000762939453,31.850000381469727,692343.0
2026-04-16T11:30:00-04:00,31.81999969482422,32.220001220703125,31.81999969482422,31.934999465942383,508580.0
2026-04-16T12:30:00-04:00,31.940000534057617,31.95989990234375,31.34000015258789,31.459999084472656,651242.0
2026-04-16T13:30:00-04:00,31.459999084472656,31.652799606323242,31.360000610351562,31.459999084472656,296628.0
2026-04-16T14:30:00-04:00,31.459999084472656,31.834999084472656,31.459999084472656,31.719999313354492,408461.0
2026-04-16T15:30:00-04:00,31.739999771118164,31.989999771118164,31.739999771118164,31.979999542236328,857254.0
2026-04-17T09:30:00-04:00,32.60499954223633,33.13999938964844,32.18000030517578,32.65999984741211,919398.0
2026-04-17T10:30:00-04:00,32.68000030517578,33.369998931884766,32.58000183105469,32.65999984741211,965727.0
2026-04-17T11:30:00-04:00,32.630001068115234,32.72999954223633,32.47999954223633,32.599998474121094,636744.0
2026-04-17T12:30:00-04:00,32.619998931884766,33.040000915527344,32.29999923706055,32.709999084472656,644852.0
2026-04-17T13:30:00-04:00,32.70500183105469,32.88970184326172,32.540000915527344,32.79999923706055,595480.0
2026-04-17T14:30:00-04:00,32.790000915527344,32.915000915527344,32.520999908447266,32.60499954223633,590658.0
2026-04-17T15:30:00-04:00,32.599998474121094,32.779998779296875,32.40999984741211,32.46500015258789,1082473.0
2026-04-20T09:30:00-04:00,32.09000015258789,32.41999816894531,31.299999237060547,32.31999969482422,1129405.0
2026-04-20T10:30:00-04:00,32.36000061035156,33.33000183105469,32.36000061035156,33.27000045776367,929826.0
2026-04-20T11:30:00-04:00,33.29999923706055,33.529998779296875,33.19879913330078,33.47999954223633,785183.0
2026-04-20T12:30:00-04:00,33.47999954223633,33.72999954223633,33.40520095825195,33.70000076293945,1302260.0
2026-04-20T13:30:00-04:00,33.68000030517578,34.310001373291016,33.68000030517578,34.29499816894531,1071308.0
2026-04-20T14:30:00-04:00,34.29499816894531,34.310001373291016,33.6150016784668,33.95000076293945,1333425.0
2026-04-20T15:30:00-04:00,33.91999816894531,34.119998931884766,33.779998779296875,33.88999938964844,1097493.0
2026-04-21T09:30:00-04:00,34.25,35.13999938964844,34.209999084472656,35.08000183105469,1226038.0
2026-04-21T10:30:00-04:00,35.099998474121094,36.04999923706055,34.7400016784668,35.04999923706055,1648148.0
2026-04-21T11:30:00-04:00,35.06999969482422,35.400001525878906,34.650001525878906,34.650001525878906,751462.0
2026-04-21T12:30:00-04:00,34.650001525878906,34.790000915527344,33.90999984741211,33.9900016784668,591749.0
2026-04-21T13:30:00-04:00,33.97999954223633,34.189998626708984,33.76070022583008,33.9900016784668,538729.0
2026-04-21T14:30:00-04:00,34.0099983215332,34.119998931884766,33.68000030517578,33.939998626708984,505397.0
2026-04-21T15:30:00-04:00,33.939998626708984,33.97999954223633,33.45500183105469,33.61000061035156,1092997.0
2026-04-22T09:30:00-04:00,34.0,35.34000015258789,34.0,35.11000061035156,952133.0
2026-04-22T10:30:00-04:00,35.08000183105469,35.404998779296875,34.65999984741211,35.0,742113.0
2026-04-22T11:30:00-04:00,35.0,35.36000061035156,34.7599983215332,35.32210159301758,551281.0
2026-04-22T12:30:00-04:00,35.31999969482422,35.375,34.88999938964844,35.099998474121094,411449.0
2026-04-22T13:30:00-04:00,35.130001068115234,35.459999084472656,35.029998779296875,35.29990005493164,725174.0
2026-04-22T14:30:00-04:00,35.28499984741211,35.4900016784668,35.03620147705078,35.37910079956055,729343.0
2026-04-22T15:30:00-04:00,35.38999938964844,35.679901123046875,35.310001373291016,35.36000061035156,999171.0
2026-04-23T09:30:00-04:00,35.380001068115234,36.19499969482422,34.61000061035156,35.65999984741211,1153032.0
2026-04-23T10:30:00-04:00,35.71969985961914,36.06999969482422,35.54999923706055,36.029998779296875,696858.0
2026-04-23T11:30:00-04:00,36.01689910888672,36.33000183105469,35.55500030517578,36.02000045776367,1116689.0
2026-04-23T12:30:00-04:00,36.02000045776367,36.220001220703125,34.95000076293945,35.244998931884766,715001.0
2026-04-23T13:30:00-04:00,35.290000915527344,36.269798278808594,34.810001373291016,36.0,731000.0
2026-04-23T14:30:00-04:00,35.98500061035156,36.5,35.90999984741211,36.349998474121094,989048.0
2026-04-23T15:30:00-04:00,36.369998931884766,36.4900016784668,35.939998626708984,36.189998626708984,1049704.0
2026-04-24T09:30:00-04:00,36.68299865722656,36.9379997253418,35.150001525878906,35.650001525878906,804902.0
2026-04-24T10:30:00-04:00,35.66999816894531,35.68000030517578,35.33000183105469,35.47999954223633,479018.0
2026-04-24T11:30:00-04:00,35.505001068115234,35.81999969482422,35.23500061035156,35.40999984741211,574114.0
2026-04-24T12:30:00-04:00,35.43000030517578,35.625,35.05500030517578,35.565101623535156,355755.0
2026-04-24T13:30:00-04:00,35.560001373291016,36.29499816894531,35.459999084472656,36.10499954223633,572859.0
2026-04-24T14:30:00-04:00,36.10499954223633,36.41999816894531,35.9900016784668,36.08000183105469,593670.0
2026-04-24T15:30:00-04:00,36.11000061035156,36.11000061035156,35.68000030517578,35.75,899767.0
2026-04-27T09:30:00-04:00,35.56999969482422,36.35499954223633,35.0099983215332,35.11000061035156,952153.0
2026-04-27T10:30:00-04:00,35.099998474121094,35.28990173339844,34.470001220703125,34.5099983215332,474032.0
2026-04-27T11:30:00-04:00,34.53499984741211,34.84000015258789,34.41999816894531,34.689998626708984,416273.0
2026-04-27T12:30:00-04:00,34.689998626708984,35.0098991394043,34.640098571777344,34.977500915527344,253705.0
2026-04-27T13:30:00-04:00,34.9900016784668,35.79999923706055,34.989898681640625,35.650001525878906,587537.0
2026-04-27T14:30:00-04:00,35.654998779296875,35.88999938964844,35.32500076293945,35.5,465050.0
2026-04-27T15:30:00-04:00,35.5,35.54999923706055,35.08000183105469,35.27000045776367,792023.0
2026-04-28T09:30:00-04:00,35.150001525878906,35.40999984741211,34.67570114135742,35.13999938964844,989235.0
2026-04-28T10:30:00-04:00,35.11000061035156,35.31999969482422,34.7400016784668,34.97999954223633,694518.0
2026-04-28T11:30:00-04:00,34.970001220703125,35.290000915527344,34.77000045776367,34.929901123046875,472730.0
2026-04-28T12:30:00-04:00,34.900001525878906,35.13999938964844,34.817501068115234,35.04999923706055,832642.0
2026-04-28T13:30:00-04:00,35.064998626708984,35.15999984741211,34.5,34.9099006652832,908243.0
2026-04-28T14:30:00-04:00,34.91999816894531,34.97999954223633,34.21500015258789,34.5,1492440.0
2026-04-28T15:30:00-04:00,34.5,34.529998779296875,34.22999954223633,34.29999923706055,1277365.0
2026-04-29T09:30:00-04:00,32.0,32.419898986816406,31.020000457763672,31.139999389648438,5423351.0
2026-04-29T10:30:00-04:00,31.135000228881836,31.489999771118164,30.719999313354492,30.729900360107422,2341852.0
2026-04-29T11:30:00-04:00,30.72100067138672,30.760000228881836,29.905000686645508,30.20989990234375,2008798.0
2026-04-29T12:30:00-04:00,30.190000534057617,30.985000610351562,29.9950008392334,30.546899795532227,1536121.0
2026-04-29T13:30:00-04:00,30.559999465942383,30.8700008392334,30.440000534057617,30.475000381469727,1098871.0
2026-04-29T14:30:00-04:00,30.475000381469727,31.100000381469727,30.399999618530273,30.540000915527344,1546908.0
2026-04-29T15:30:00-04:00,30.530000686645508,31.350000381469727,30.440000534057617,31.170000076293945,1835182.0
2026-04-30T09:30:00-04:00,31.579999923706055,33.20000076293945,31.180099487304688,32.959999084472656,1910939.0
2026-04-30T10:30:00-04:00,32.95500183105469,33.07500076293945,32.22999954223633,32.900001525878906,1237010.0
2026-04-30T11:30:00-04:00,32.95000076293945,33.20000076293945,32.83000183105469,33.119998931884766,823303.0
2026-04-30T12:30:00-04:00,33.119998931884766,33.2599983215332,32.775001525878906,33.095001220703125,742385.0
2026-04-30T13:30:00-04:00,33.10499954223633,33.659000396728516,32.849998474121094,33.641998291015625,647711.0
2026-04-30T14:30:00-04:00,33.64500045776367,33.970001220703125,33.5,33.540000915527344,1054436.0
2026-04-30T15:30:00-04:00,33.53499984741211,33.59000015258789,32.845001220703125,32.939998626708984,2346728.0
2026-05-01T09:30:00-04:00,33.23500061035156,34.064998626708984,32.7400016784668,33.13999938964844,852885.0
2026-05-01T10:30:00-04:00,33.13999938964844,33.599998474121094,32.90999984741211,33.58000183105469,723232.0
2026-05-01T11:30:00-04:00,33.54999923706055,34.09000015258789,33.525001525878906,33.959999084472656,499613.0
2026-05-01T12:30:00-04:00,33.959999084472656,34.209999084472656,33.77000045776367,34.119998931884766,410900.0
2026-05-01T13:30:00-04:00,34.119998931884766,34.334999084472656,34.099998474121094,34.279998779296875,519862.0
2026-05-01T14:30:00-04:00,34.27000045776367,34.27000045776367,33.779998779296875,33.900001525878906,761848.0
2026-05-01T15:30:00-04:00,33.90999984741211,33.994998931884766,33.709999084472656,33.84000015258789,1183217.0
2026-05-04T09:30:00-04:00,33.72999954223633,34.060001373291016,32.310001373291016,32.56999969482422,1221813.0
2026-05-04T10:30:00-04:00,32.56999969482422,32.66999816894531,32.0099983215332,32.23500061035156,739140.0
2026-05-04T11:30:00-04:00,32.2400016784668,32.2400016784668,31.8799991607666,31.934999465942383,638981.0
2026-05-04T12:30:00-04:00,31.920000076293945,32.41999816894531,31.889999389648438,32.380001068115234,409375.0
2026-05-04T13:30:00-04:00,32.38999938964844,32.61000061035156,32.359901428222656,32.57500076293945,377921.0
2026-05-04T14:30:00-04:00,32.58000183105469,32.61000061035156,32.17499923706055,32.36000061035156,401171.0
2026-05-04T15:30:00-04:00,32.369998931884766,32.560001373291016,32.29999923706055,32.529998779296875,857002.0
2026-05-05T09:30:00-04:00,33.09700012207031,34.279998779296875,32.834999084472656,34.2400016784668,1148430.0
2026-05-05T10:30:00-04:00,34.255001068115234,35.0099983215332,34.070098876953125,34.599998474121094,1076442.0
2026-05-05T11:30:00-04:00,34.630001068115234,34.93339920043945,34.43000030517578,34.77180099487305,663446.0
2026-05-05T12:30:00-04:00,34.68000030517578,34.81999969482422,34.52000045776367,34.560001373291016,560023.0
2026-05-05T13:30:00-04:00,34.56999969482422,36.11000061035156,34.439998626708984,36.09000015258789,1456445.0
2026-05-05T14:30:00-04:00,36.099998474121094,36.36000061035156,35.849998474121094,35.869998931884766,1444524.0
2026-05-05T15:30:00-04:00,35.880001068115234,36.13999938964844,35.7400016784668,36.005001068115234,1455177.0
2026-05-06T09:30:00-04:00,35.970001220703125,36.0,34.48249816894531,34.62049865722656,1214778.0
2026-05-06T10:30:00-04:00,34.65999984741211,35.16999816894531,34.650001525878906,35.079898834228516,711519.0
2026-05-06T11:30:00-04:00,35.060001373291016,35.869998931884766,34.97999954223633,35.77000045776367,583995.0
2026-05-06T12:30:00-04:00,35.790000915527344,35.959999084472656,35.290000915527344,35.46500015258789,301136.0
2026-05-06T13:30:00-04:00,35.45000076293945,35.637298583984375,35.29999923706055,35.47999954223633,275351.0
2026-05-06T14:30:00-04:00,35.470001220703125,35.75,35.30500030517578,35.52000045776367,394325.0
2026-05-06T15:30:00-04:00,35.560001373291016,35.880001068115234,35.5,35.78499984741211,574314.0
2026-05-07T09:30:00-04:00,36.119998931884766,37.279998779296875,36.119998931884766,36.209999084472656,940502.0
2026-05-07T10:30:00-04:00,36.220001220703125,36.459999084472656,35.39500045776367,35.55500030517578,755917.0
2026-05-07T11:30:00-04:00,35.529998779296875,36.130001068115234,34.970001220703125,35.22999954223633,508396.0
2026-05-07T12:30:00-04:00,35.22850036621094,35.499000549316406,35.040000915527344,35.38999938964844,267488.0
2026-05-07T13:30:00-04:00,35.349998474121094,35.55500030517578,34.939998626708984,35.0099983215332,332114.0
2026-05-07T14:30:00-04:00,35.0,35.18000030517578,34.77330017089844,35.04999923706055,540894.0
2026-05-07T15:30:00-04:00,35.04999923706055,35.5,34.95000076293945,35.459999084472656,752781.0
2026-05-08T09:30:00-04:00,35.8849983215332,36.529998779296875,35.22999954223633,35.22999954223633,690751.0
2026-05-08T10:30:00-04:00,35.27000045776367,35.83000183105469,35.209999084472656,35.77000045776367,448543.0
2026-05-08T11:30:00-04:00,35.76499938964844,36.2400016784668,35.61000061035156,35.7400016784668,492640.0
2026-05-08T12:30:00-04:00,35.72999954223633,36.125,35.60200119018555,36.09000015258789,251096.0
2026-05-08T13:30:00-04:00,36.10499954223633,37.060001373291016,36.029998779296875,36.584999084472656,558525.0
2026-05-08T14:30:00-04:00,36.59000015258789,36.630001068115234,35.880001068115234,36.119998931884766,397173.0
2026-05-08T15:30:00-04:00,36.130001068115234,36.529998779296875,36.11009979248047,36.45000076293945,487201.0
2026-05-11T09:30:00-04:00,36.58000183105469,37.61000061035156,36.58000183105469,37.23500061035156,1076439.0
2026-05-11T10:30:00-04:00,37.29999923706055,38.45000076293945,36.959999084472656,38.33000183105469,734626.0
2026-05-11T11:30:00-04:00,38.290000915527344,39.40999984741211,37.9827995300293,38.959999084472656,1595415.0
2026-05-11T12:30:00-04:00,38.95940017700195,39.28799819946289,38.63999938964844,39.05979919433594,602788.0
2026-05-11T13:30:00-04:00,39.16999816894531,39.20000076293945,38.56999969482422,38.83000183105469,469817.0
2026-05-11T14:30:00-04:00,38.82500076293945,38.849998474121094,37.56999969482422,37.63999938964844,666611.0
2026-05-11T15:30:00-04:00,37.650001525878906,37.87009811401367,37.52000045776367,37.650001525878906,858795.0
2026-05-12T09:30:00-04:00,37.10200119018555,37.5,36.150001525878906,36.40999984741211,828585.0
2026-05-12T10:30:00-04:00,36.40999984741211,36.708900451660156,35.66999816894531,35.79999923706055,486915.0
2026-05-12T11:30:00-04:00,35.79999923706055,36.2599983215332,35.79999923706055,36.09000015258789,308537.0
2026-05-12T12:30:00-04:00,36.13999938964844,36.69499969482422,35.630001068115234,36.47999954223633,495109.0
2026-05-12T13:30:00-04:00,36.5,36.89500045776367,36.220001220703125,36.65999984741211,213116.0
2026-05-12T14:30:00-04:00,36.68000030517578,37.54999923706055,36.665000915527344,37.26499938964844,755544.0
2026-05-12T15:30:00-04:00,37.29999923706055,37.75,37.29999923706055,37.4900016784668,708322.0
2026-05-13T09:30:00-04:00,38.5,41.380001068115234,37.650001525878906,40.66999816894531,2705952.0
2026-05-13T10:30:00-04:00,40.709999084472656,42.060001373291016,40.400001525878906,41.349998474121094,2593841.0
2026-05-13T11:30:00-04:00,41.345001220703125,41.810001373291016,40.525001525878906,40.95000076293945,738562.0
2026-05-13T12:30:00-04:00,40.939998626708984,41.150001525878906,40.60200119018555,40.95000076293945,624448.0
2026-05-13T13:30:00-04:00,40.90999984741211,42.27000045776367,40.720001220703125,42.005001068115234,1101899.0
2026-05-13T14:30:00-04:00,42.0099983215332,42.900001525878906,41.9900016784668,42.69879913330078,1181170.0
2026-05-13T15:30:00-04:00,42.68989944458008,42.79499816894531,41.900001525878906,42.029998779296875,1617747.0
2026-05-14T09:30:00-04:00,41.814998626708984,44.164798736572266,40.0,43.734100341796875,2459404.0
2026-05-14T10:30:00-04:00,43.7400016784668,46.630001068115234,43.11000061035156,46.595001220703125,2838705.0
2026-05-14T11:30:00-04:00,46.56999969482422,49.314998626708984,46.400001525878906,49.189998626708984,4148349.0
2026-05-14T12:30:00-04:00,49.2400016784668,49.40999984741211,46.61000061035156,47.15999984741211,2053964.0
2026-05-14T13:30:00-04:00,47.23979949951172,48.09989929199219,46.869998931884766,46.94499969482422,1198006.0
2026-05-14T14:30:00-04:00,46.959999084472656,47.7599983215332,46.540000915527344,47.439998626708984,1150100.0
2026-05-14T15:30:00-04:00,47.40999984741211,48.25,47.40999984741211,48.0,1658891.0
2026-05-15T09:30:00-04:00,46.45500183105469,50.45000076293945,45.4900016784668,50.20000076293945,3467968.0
2026-05-15T10:30:00-04:00,50.2599983215332,51.689998626708984,49.900001525878906,51.04999923706055,3466372.0
2026-05-15T11:30:00-04:00,50.95000076293945,51.829498291015625,50.452301025390625,51.005001068115234,1699252.0
2026-05-15T12:30:00-04:00,51.0099983215332,53.06999969482422,50.880001068115234,52.69300079345703,2626605.0
2026-05-15T13:30:00-04:00,52.689998626708984,53.891700744628906,52.529998779296875,53.470001220703125,2137484.0
2026-05-15T14:30:00-04:00,53.47010040283203,53.87900161743164,52.119998931884766,52.505001068115234,2429454.0
2026-05-15T15:30:00-04:00,52.834999084472656,53.649898529052734,52.47999954223633,52.88999938964844,2671073.0
2026-05-18T09:30:00-04:00,52.402400970458984,52.83000183105469,50.45000076293945,51.06999969482422,2679871.0
2026-05-18T10:30:00-04:00,51.0,51.089900970458984,49.45000076293945,49.79999923706055,2426893.0
2026-05-18T11:30:00-04:00,49.810001373291016,50.83000183105469,49.582000732421875,49.6150016784668,924911.0
2026-05-18T12:30:00-04:00,49.6150016784668,50.33000183105469,49.150001525878906,49.40999984741211,844162.0
2026-05-18T13:30:00-04:00,49.40999984741211,49.41999816894531,48.36000061035156,48.49089813232422,990661.0
2026-05-18T14:30:00-04:00,48.6067008972168,49.560001373291016,48.09000015258789,49.060001373291016,1038010.0
2026-05-18T15:30:00-04:00,49.060001373291016,49.97999954223633,48.970001220703125,49.69499969482422,1631442.0
2026-05-19T09:30:00-04:00,48.73400115966797,49.349998474121094,44.91999816894531,45.584999084472656,2923257.0
2026-05-19T10:30:00-04:00,45.470001220703125,46.7599983215332,45.470001220703125,46.61000061035156,1064148.0
2026-05-19T11:30:00-04:00,46.61000061035156,47.150001525878906,46.3651008605957,47.119998931884766,574358.0
2026-05-19T12:30:00-04:00,47.125,48.154701232910156,47.119998931884766,47.54499816894531,715629.0
2026-05-19T13:30:00-04:00,47.619998931884766,47.900001525878906,47.09000015258789,47.584999084472656,591927.0
2026-05-19T14:30:00-04:00,47.58000183105469,47.90999984741211,47.04399871826172,47.349998474121094,666898.0
2026-05-19T15:30:00-04:00,47.33000183105469,47.33000183105469,46.54999923706055,46.75,1041069.0
2026-05-20T09:30:00-04:00,47.91999816894531,48.7400016784668,46.400001525878906,48.564998626708984,1384415.0
2026-05-20T10:30:00-04:00,48.57500076293945,51.400001525878906,48.57500076293945,50.97999954223633,1996973.0
2026-05-20T11:30:00-04:00,50.95500183105469,53.720001220703125,50.79999923706055,52.63999938964844,1588513.0
2026-05-20T12:30:00-04:00,52.63999938964844,53.599998474121094,52.369998931884766,53.099998474121094,1424619.0
2026-05-20T13:30:00-04:00,53.07500076293945,53.709999084472656,52.83000183105469,53.40999984741211,1148902.0
2026-05-20T14:30:00-04:00,53.41999816894531,53.65999984741211,52.08000183105469,52.45000076293945,1157442.0
2026-05-20T15:30:00-04:00,52.46500015258789,53.29999923706055,52.29999923706055,53.13999938964844,1398154.0
2026-05-21T09:30:00-04:00,52.939998626708984,57.88999938964844,52.86000061035156,56.23910140991211,4135074.0
2026-05-21T10:30:00-04:00,56.28499984741211,58.099998474121094,56.119998931884766,57.790000915527344,1112899.0
2026-05-21T11:30:00-04:00,57.86000061035156,61.69990158081055,57.630001068115234,60.77000045776367,2981818.0
2026-05-21T12:30:00-04:00,60.540000915527344,62.0078010559082,60.209999084472656,61.849998474121094,2134089.0
2026-05-21T13:30:00-04:00,61.810001373291016,63.26900100708008,61.25270080566406,61.6150016784668,2475419.0
2026-05-21T14:30:00-04:00,61.66999816894531,62.499900817871094,61.119998931884766,61.82500076293945,1715637.0
2026-05-21T15:30:00-04:00,61.849998474121094,62.91999816894531,61.790000915527344,62.36000061035156,2059479.0
2026-05-22T09:30:00-04:00,62.47999954223633,64.18990325927734,60.2599983215332,62.85499954223633,3382018.0
2026-05-22T10:30:00-04:00,62.834999084472656,64.94000244140625,62.5,64.0999984741211,1756786.0
2026-05-22T11:30:00-04:00,64.13500213623047,64.19999694824219,63.088199615478516,63.46009826660156,891430.0
2026-05-22T12:30:00-04:00,63.459999084472656,64.12000274658203,63.119998931884766,63.7599983215332,751242.0
2026-05-22T13:30:00-04:00,63.775001525878906,64.2499008178711,62.880001068115234,64.15499877929688,912947.0
2026-05-22T14:30:00-04:00,64.1500015258789,64.58000183105469,63.56999969482422,63.974998474121094,1021970.0
2026-05-22T15:30:00-04:00,64.02999877929688,64.3499984741211,63.5900993347168,64.01000213623047,1144750.0
2026-05-26T09:30:00-04:00,66.54000091552734,67.33000183105469,63.672000885009766,65.43009948730469,2377973.0
2026-05-26T10:30:00-04:00,65.47000122070312,68.33999633789062,64.86689758300781,67.9800033569336,1423575.0
2026-05-26T11:30:00-04:00,67.98999786376953,68.86910247802734,66.86000061035156,68.47000122070312,1127822.0
2026-05-26T12:30:00-04:00,68.46499633789062,68.9000015258789,66.5199966430664,66.5199966430664,1014425.0
2026-05-26T13:30:00-04:00,66.5199966430664,68.44999694824219,66.41000366210938,67.63379669189453,1062957.0
2026-05-26T14:30:00-04:00,67.6500015258789,67.98989868164062,66.36000061035156,66.82499694824219,1215004.0
2026-05-26T15:30:00-04:00,66.82499694824219,67.4800033569336,66.69999694824219,66.87999725341797,1174578.0
2026-05-27T09:30:00-04:00,68.06999969482422,72.20999908447266,66.1500015258789,69.71499633789062,3017637.0
2026-05-27T10:30:00-04:00,69.77999877929688,72.69999694824219,69.44999694824219,72.15499877929688,1822496.0
2026-05-27T11:30:00-04:00,72.22000122070312,72.5,69.93000030517578,72.31670379638672,1306167.0
2026-05-27T12:30:00-04:00,72.27999877929688,72.5,71.06999969482422,71.51249694824219,757833.0
2026-05-27T13:30:00-04:00,71.51499938964844,71.94999694824219,70.75800323486328,71.47000122070312,633046.0
2026-05-27T14:30:00-04:00,71.55999755859375,72.16999816894531,71.05000305175781,71.45999908447266,912270.0
2026-05-27T15:30:00-04:00,71.58000183105469,71.9000015258789,70.12999725341797,70.29000091552734,1447866.0
2026-05-28T09:30:00-04:00,69.69999694824219,72.47000122070312,68.18009948730469,72.15499877929688,1991010.0
2026-05-28T10:30:00-04:00,72.15499877929688,72.3499984741211,69.41100311279297,69.62000274658203,982582.0
2026-05-28T11:30:00-04:00,69.5999984741211,69.8949966430664,68.81500244140625,69.55999755859375,679274.0
2026-05-28T12:30:00-04:00,69.50980377197266,71.59989929199219,69.2699966430664,70.04499816894531,676385.0
2026-05-28T13:30:00-04:00,70.01010131835938,70.7699966430664,69.73999786376953,70.4000015258789,558703.0
2026-05-28T14:30:00-04:00,70.36000061035156,70.55000305175781,69.21499633789062,69.66999816894531,492794.0
2026-05-28T15:30:00-04:00,69.68499755859375,70.5,69.4000015258789,69.41000366210938,788859.0
2026-05-29T09:30:00-04:00,72.5,73.73999786376953,69.56009674072266,69.79000091552734,1748435.0
2026-05-29T10:30:00-04:00,69.80000305175781,69.80999755859375,67.2699966430664,68.70999908447266,1556443.0
2026-05-29T11:30:00-04:00,68.69000244140625,69.34500122070312,68.5,68.83999633789062,486327.0
2026-05-29T12:30:00-04:00,68.8499984741211,69.19499969482422,68.2300033569336,68.47000122070312,490406.0
2026-05-29T13:30:00-04:00,68.45999908447266,71.41999816894531,68.45999908447266,70.31999969482422,784041.0
2026-05-29T14:30:00-04:00,70.31999969482422,70.91999816894531,68.94000244140625,69.23500061035156,750501.0
2026-05-29T15:30:00-04:00,69.2699966430664,69.73500061035156,67.87999725341797,68.4000015258789,1380543.0
2026-06-01T09:30:00-04:00,65.95999908447266,66.1500015258789,61.910499572753906,63.54499816894531,3169743.0
2026-06-01T10:30:00-04:00,63.56999969482422,65.20999908447266,63.15999984741211,64.69999694824219,1288229.0
2026-06-01T11:30:00-04:00,64.72000122070312,65.12000274658203,63.22999954223633,63.310001373291016,718622.0
2026-06-01T12:30:00-04:00,63.39500045776367,64.69999694824219,63.275001525878906,64.61000061035156,433094.0
2026-06-01T13:30:00-04:00,64.58000183105469,64.88999938964844,63.83000183105469,64.15499877929688,512689.0
2026-06-01T14:30:00-04:00,64.19999694824219,64.6500015258789,63.9900016784668,64.31999969482422,545020.0
2026-06-01T15:30:00-04:00,64.31999969482422,64.44999694824219,63.59000015258789,63.72999954223633,979212.0
2026-06-02T09:30:00-04:00,63.54499816894531,68.74590301513672,62.91999816894531,67.48999786376953,1515596.0
2026-06-02T10:30:00-04:00,67.47000122070312,68.56999969482422,66.13999938964844,66.62000274658203,975376.0
2026-06-02T11:30:00-04:00,66.66999816894531,66.87999725341797,65.97000122070312,66.54000091552734,625812.0
2026-06-02T12:30:00-04:00,66.51000213623047,68.08000183105469,65.76000213623047,67.5,795548.0
2026-06-02T13:30:00-04:00,67.5,70.3499984741211,67.36000061035156,70.29000091552734,1047517.0
2026-06-02T14:30:00-04:00,70.30000305175781,72.77999877929688,70.08999633789062,72.37999725341797,1645629.0
2026-06-02T15:30:00-04:00,72.41999816894531,72.80000305175781,71.7699966430664,72.30999755859375,1044842.0
2026-06-03T09:30:00-04:00,71.29000091552734,72.80000305175781,68.69999694824219,71.27999877929688,1592721.0
2026-06-03T10:30:00-04:00,71.26499938964844,71.80000305175781,69.44000244140625,69.6449966430664,604206.0
2026-06-03T11:30:00-04:00,69.69000244140625,70.45999908447266,68.77999877929688,69.38999938964844,524671.0
2026-06-03T12:30:00-04:00,69.37999725341797,69.38999938964844,67.73500061035156,68.19999694824219,589726.0
2026-06-03T13:30:00-04:00,68.11000061035156,69.19999694824219,67.80999755859375,68.93000030517578,336019.0
2026-06-03T14:30:00-04:00,69.04499816894531,69.19999694824219,68.58000183105469,69.0999984741211,341780.0
2026-06-03T15:30:00-04:00,69.09500122070312,69.43000030517578,68.7699966430664,69.02999877929688,517798.0
2026-06-04T09:30:00-04:00,66.94999694824219,68.24530029296875,65.85009765625,67.9800033569336,1213531.0
2026-06-04T10:30:00-04:00,67.94000244140625,67.97989654541016,65.87000274658203,67.72000122070312,685476.0
2026-06-04T11:30:00-04:00,67.77999877929688,67.98999786376953,66.95999908447266,67.80000305175781,322106.0
2026-06-04T12:30:00-04:00,67.73999786376953,68.91000366210938,67.41000366210938,68.83499908447266,282857.0
2026-06-04T13:30:00-04:00,68.8499984741211,69.5,68.47000122070312,69.2750015258789,306554.0
2026-06-04T14:30:00-04:00,69.2750015258789,69.55999755859375,68.9749984741211,69.13500213623047,383624.0
2026-06-04T15:30:00-04:00,69.2300033569336,69.93499755859375,68.12999725341797,68.37999725341797,736310.0
2026-06-05T09:30:00-04:00,66.55000305175781,66.55000305175781,60.23699951171875,60.27000045776367,1930140.0
2026-06-05T10:30:00-04:00,60.27000045776367,61.13999938964844,59.209999084472656,59.595001220703125,1267381.0
2026-06-05T11:30:00-04:00,59.56999969482422,59.80500030517578,58.22999954223633,58.48500061035156,1149128.0
2026-06-05T12:30:00-04:00,58.48500061035156,58.82500076293945,56.98500061035156,57.34000015258789,1462192.0
2026-06-05T13:30:00-04:00,57.40999984741211,57.90999984741211,56.66999816894531,56.82500076293945,881198.0
2026-06-05T14:30:00-04:00,56.83000183105469,57.2599983215332,56.220001220703125,57.2599983215332,1077417.0
2026-06-05T15:30:00-04:00,57.220001220703125,57.29199981689453,56.00170135498047,56.060001373291016,1607018.0
2026-06-08T09:30:00-04:00,60.0,60.0,57.21500015258789,57.540000915527344,1209667.0
2026-06-08T10:30:00-04:00,57.564998626708984,58.880001068115234,57.5,57.869998931884766,808150.0
2026-06-08T11:30:00-04:00,57.900001525878906,58.989601135253906,57.5,58.75,415342.0
2026-06-08T12:30:00-04:00,58.7599983215332,59.599998474121094,57.9900016784668,58.260398864746094,468813.0
2026-06-08T13:30:00-04:00,58.279998779296875,58.459999084472656,57.86000061035156,57.88999938964844,352052.0
2026-06-08T14:30:00-04:00,57.89500045776367,57.91999816894531,56.330101013183594,56.61000061035156,518334.0
2026-06-08T15:30:00-04:00,56.619998931884766,56.91999816894531,56.220001220703125,56.849998474121094,796569.0
2026-06-09T09:30:00-04:00,57.119998931884766,57.88990020751953,53.5099983215332,54.81570053100586,1883201.0
2026-06-09T10:30:00-04:00,54.84000015258789,54.84000015258789,51.21500015258789,51.29010009765625,1641288.0
2026-06-09T11:30:00-04:00,51.290000915527344,51.875,49.25019836425781,49.525001525878906,1720838.0
2026-06-09T12:30:00-04:00,49.54280090332031,51.084999084472656,48.459999084472656,51.005001068115234,2094532.0
2026-06-09T13:30:00-04:00,51.0,52.34000015258789,50.7400016784668,52.29999923706055,1677281.0
2026-06-09T14:30:00-04:00,52.29999923706055,52.959999084472656,51.56010055541992,52.689998626708984,1604908.0
2026-06-09T15:30:00-04:00,52.69969940185547,53.665000915527344,52.58000183105469,53.5099983215332,1524650.0
2026-06-10T09:30:00-04:00,52.0099983215332,53.1150016784668,51.0,52.72999954223633,1770954.0
2026-06-10T10:30:00-04:00,52.88999938964844,53.31999969482422,51.61000061035156,52.0099983215332,979283.0
2026-06-10T11:30:00-04:00,52.029998779296875,52.3650016784668,50.66999816894531,51.09000015258789,762339.0
2026-06-10T12:30:00-04:00,51.08000183105469,51.708900451660156,50.7599983215332,51.150001525878906,461253.0
2026-06-10T13:30:00-04:00,51.140098571777344,52.04999923706055,51.10879898071289,51.36000061035156,458313.0
2026-06-10T14:30:00-04:00,51.36000061035156,51.36000061035156,50.7400016784668,50.9900016784668,687706.0
2026-06-10T15:30:00-04:00,50.9833984375,51.29999923706055,50.540000915527344,50.5547981262207,909687.0
2026-06-11T09:30:00-04:00,51.7400016784668,52.78900146484375,51.02000045776367,51.83000183105469,870278.0
2026-06-11T10:30:00-04:00,51.81999969482422,52.68989944458008,51.5,52.63999938964844,428354.0
2026-06-11T11:30:00-04:00,52.63999938964844,53.15999984741211,52.119998931884766,52.34000015258789,483229.0
2026-06-11T12:30:00-04:00,52.29999923706055,52.61000061035156,51.36000061035156,52.54999923706055,377807.0
2026-06-11T13:30:00-04:00,52.66999816894531,53.66999816894531,52.459999084472656,52.959999084472656,564908.0
2026-06-11T14:30:00-04:00,52.93000030517578,54.54990005493164,52.869998931884766,54.380001068115234,515899.0
2026-06-11T15:30:00-04:00,54.380001068115234,55.060001373291016,54.29499816894531,54.95000076293945,921570.0
2026-06-12T09:30:00-04:00,56.029998779296875,56.099998474121094,52.810001373291016,54.154998779296875,1018094.0
2026-06-12T10:30:00-04:00,54.099998474121094,54.79999923706055,53.099998474121094,54.25,691498.0
2026-06-12T11:30:00-04:00,54.220001220703125,54.38999938964844,52.5702018737793,53.869998931884766,560486.0
2026-06-12T12:30:00-04:00,53.88999938964844,54.630001068115234,53.654998779296875,54.209999084472656,390237.0
2026-06-12T13:30:00-04:00,54.16999816894531,54.34000015258789,53.86000061035156,54.125,280891.0
2026-06-12T14:30:00-04:00,54.130001068115234,54.525001525878906,53.75,54.2400016784668,424019.0
2026-06-12T15:30:00-04:00,54.255001068115234,55.08000183105469,54.189998626708984,54.58000183105469,790811.0
2026-06-15T09:30:00-04:00,56.619998931884766,56.619998931884766,50.7599983215332,51.29999923706055,1706647.0
2026-06-15T10:30:00-04:00,51.3650016784668,52.029998779296875,50.66999816894531,51.79999923706055,913150.0
2026-06-15T11:30:00-04:00,51.880001068115234,52.527801513671875,51.52000045776367,52.380001068115234,744287.0
2026-06-15T12:30:00-04:00,52.39500045776367,52.81999969482422,51.91460037231445,52.56999969482422,750236.0
2026-06-15T13:30:00-04:00,52.54499816894531,53.09000015258789,52.470001220703125,52.878299713134766,357438.0
2026-06-15T14:30:00-04:00,52.845001220703125,52.845001220703125,52.13999938964844,52.165000915527344,380330.0
2026-06-15T15:30:00-04:00,52.209999084472656,52.439998626708984,51.86000061035156,52.39500045776367,755425.0
2026-06-16T09:30:00-04:00,52.290000915527344,54.0,50.95000076293945,51.18899917602539,1600233.0
2026-06-16T10:30:00-04:00,51.099998474121094,52.08000183105469,50.5,51.314998626708984,914514.0
2026-06-16T11:30:00-04:00,51.349998474121094,51.939998626708984,50.95000076293945,51.165000915527344,482410.0
2026-06-16T12:30:00-04:00,51.150001525878906,51.720001220703125,50.790000915527344,51.54999923706055,361569.0
2026-06-16T13:30:00-04:00,51.58000183105469,52.060001373291016,51.29010009765625,51.86000061035156,409386.0
2026-06-16T14:30:00-04:00,51.93000030517578,51.93000030517578,50.83100128173828,51.28499984741211,409152.0
2026-06-16T15:30:00-04:00,51.31999969482422,51.459999084472656,50.16999816894531,50.2400016784668,937777.0
2026-06-17T09:30:00-04:00,50.83000183105469,51.5,49.5,49.6349983215332,1252616.0
2026-06-17T10:30:00-04:00,49.58000183105469,49.849998474121094,49.170101165771484,49.760101318359375,622683.0
2026-06-17T11:30:00-04:00,49.75,51.209999084472656,49.564998626708984,50.834999084472656,620124.0
2026-06-17T12:30:00-04:00,50.82500076293945,51.25,50.27000045776367,50.68000030517578,439747.0
2026-06-17T13:30:00-04:00,50.709999084472656,50.83000183105469,49.11000061035156,49.34000015258789,510410.0
2026-06-17T14:30:00-04:00,49.375,50.400001525878906,48.599998474121094,48.77000045776367,1016349.0
2026-06-17T15:30:00-04:00,48.63999938964844,48.7692985534668,47.66999816894531,47.79999923706055,1424404.0
2026-06-18T09:30:00-04:00,50.400001525878906,51.05500030517578,48.040000915527344,50.38999938964844,2635071.0
2026-06-18T10:30:00-04:00,50.38999938964844,52.79990005493164,50.28499984741211,52.720001220703125,2025941.0
2026-06-18T11:30:00-04:00,52.689998626708984,52.713401794433594,51.42509841918945,51.935001373291016,1328315.0
2026-06-18T12:30:00-04:00,51.93000030517578,52.869998931884766,51.65999984741211,52.11000061035156,992759.0
2026-06-18T13:30:00-04:00,52.06999969482422,52.16999816894531,51.61000061035156,51.72999954223633,698977.0
2026-06-18T14:30:00-04:00,51.70000076293945,51.81999969482422,50.863399505615234,51.189998626708984,1118646.0
2026-06-18T15:30:00-04:00,51.189998626708984,52.529998779296875,51.119998931884766,52.31999969482422,2159330.0
2026-06-22T09:30:00-04:00,52.290000915527344,54.400001525878906,51.600101470947266,52.75040054321289,1377533.0
2026-06-22T10:30:00-04:00,52.65999984741211,54.150001525878906,52.470001220703125,53.54999923706055,523255.0
2026-06-22T11:30:00-04:00,53.560001373291016,55.16999816894531,53.47999954223633,53.79499816894531,922158.0
2026-06-22T12:30:00-04:00,53.790000915527344,54.5,53.349998474121094,53.40999984741211,550457.0
2026-06-22T13:30:00-04:00,53.41999816894531,54.012699127197266,52.85499954223633,53.685001373291016,632700.0
2026-06-22T14:30:00-04:00,53.68000030517578,53.779998779296875,52.40999984741211,52.61000061035156,482798.0
2026-06-22T15:30:00-04:00,52.65999984741211,52.75,51.974998474121094,52.41999816894531,732745.0
2026-06-23T09:30:00-04:00,49.720001220703125,50.89500045776367,49.060001373291016,50.189998626708984,1404923.0
2026-06-23T10:30:00-04:00,50.2156982421875,50.415000915527344,48.619998931884766,48.70000076293945,735772.0
2026-06-23T11:30:00-04:00,48.717498779296875,49.209999084472656,48.6150016784668,49.119998931884766,560948.0
2026-06-23T12:30:00-04:00,49.150001525878906,49.400001525878906,48.560001373291016,48.77000045776367,370132.0
2026-06-23T13:30:00-04:00,48.77000045776367,48.939998626708984,48.150001525878906,48.408599853515625,392388.0
2026-06-23T14:30:00-04:00,48.369998931884766,48.369998931884766,47.65999984741211,47.755001068115234,763382.0
2026-06-23T15:30:00-04:00,47.755001068115234,47.7599983215332,46.71500015258789,47.209999084472656,1488119.0
2026-06-24T09:30:00-04:00,48.380001068115234,49.6349983215332,47.540000915527344,49.46500015258789,1861988.0
2026-06-24T10:30:00-04:00,49.43000030517578,49.8302001953125,48.62009811401367,49.01499938964844,599790.0
2026-06-24T11:30:00-04:00,49.005001068115234,49.75,48.79999923706055,49.31999969482422,478001.0
2026-06-24T12:30:00-04:00,49.310001373291016,49.314998626708984,47.68000030517578,47.80009841918945,489804.0
2026-06-24T13:30:00-04:00,47.845001220703125,48.31999969482422,47.470001220703125,48.11000061035156,572209.0
2026-06-24T14:30:00-04:00,48.127498626708984,48.134498596191406,47.16170120239258,47.54999923706055,618995.0
2026-06-24T15:30:00-04:00,47.5880012512207,47.88999938964844,47.439998626708984,47.81999969482422,796078.0
2026-06-25T09:30:00-04:00,48.439998626708984,48.90800094604492,44.4463996887207,46.13999938964844,1495179.0
2026-06-25T10:30:00-04:00,46.25,47.209999084472656,45.88999938964844,46.22999954223633,947157.0
2026-06-25T11:30:00-04:00,46.349998474121094,48.06999969482422,46.08000183105469,47.8849983215332,665409.0
2026-06-25T12:30:00-04:00,47.849998474121094,48.025001525878906,47.029998779296875,47.84000015258789,561005.0
2026-06-25T13:30:00-04:00,47.875,47.888099670410156,47.08000183105469,47.45000076293945,477881.0
2026-06-25T14:30:00-04:00,47.45000076293945,47.70000076293945,46.810001373291016,47.65850067138672,852065.0
2026-06-25T15:30:00-04:00,47.6150016784668,48.0,46.95000076293945,47.20500183105469,1062694.0
2026-06-26T09:30:00-04:00,46.18000030517578,48.599998474121094,46.010101318359375,47.81999969482422,854631.0
2026-06-26T10:30:00-04:00,47.75,47.88999938964844,46.349998474121094,46.83000183105469,466642.0
2026-06-26T11:30:00-04:00,46.970001220703125,47.82500076293945,46.619998931884766,46.834999084472656,480643.0
2026-06-26T12:30:00-04:00,46.855201721191406,47.88999938964844,46.84000015258789,47.40999984741211,304668.0
2026-06-26T13:30:00-04:00,47.474998474121094,47.58000183105469,47.0,47.099998474121094,381285.0
2026-06-26T14:30:00-04:00,47.15999984741211,47.25,46.5,46.95009994506836,486982.0
2026-06-26T15:30:00-04:00,46.974998474121094,47.970001220703125,46.77000045776367,47.47999954223633,817621.0
2026-06-29T09:30:00-04:00,48.0,48.2599983215332,45.540000915527344,46.56999969482422,669766.0
2026-06-29T10:30:00-04:00,46.58000183105469,46.709999084472656,45.43000030517578,46.099998474121094,705885.0
2026-06-29T11:30:00-04:00,46.08000183105469,46.970001220703125,46.040000915527344,46.83000183105469,579651.0
2026-06-29T12:30:00-04:00,46.849998474121094,47.13999938964844,46.560001373291016,46.86000061035156,482180.0
2026-06-29T13:30:00-04:00,46.880001068115234,48.2400016784668,46.7599983215332,48.130001068115234,481086.0
2026-06-29T14:30:00-04:00,48.125,48.36000061035156,47.54999923706055,48.22999954223633,465922.0
2026-06-29T15:30:00-04:00,48.20000076293945,48.95859909057617,48.130001068115234,48.31999969482422,886357.0
2026-06-30T09:30:00-04:00,53.689998626708984,54.09000015258789,48.05609893798828,49.900001525878906,6551897.0
2026-06-30T10:30:00-04:00,49.904998779296875,50.290000915527344,47.135398864746094,48.84000015258789,3561655.0
2026-06-30T11:30:00-04:00,48.80379867553711,49.11000061035156,47.980098724365234,48.45000076293945,1478978.0
2026-06-30T12:30:00-04:00,48.350101470947266,49.72999954223633,48.350101470947266,49.435001373291016,1136380.0
2026-06-30T13:30:00-04:00,49.40999984741211,50.13999938964844,48.880001068115234,49.779998779296875,1088904.0
2026-06-30T14:30:00-04:00,49.76499938964844,50.34000015258789,49.25,50.2140007019043,1033252.0
2026-06-30T15:30:00-04:00,50.18000030517578,50.2599983215332,49.029998779296875,49.22999954223633,1111776.0
2026-07-01T09:30:00-04:00,47.470001220703125,50.529998779296875,47.349998474121094,49.40999984741211,1413166.0
2026-07-01T10:30:00-04:00,49.36690139770508,50.029998779296875,48.0099983215332,49.83000183105469,1058685.0
2026-07-01T11:30:00-04:00,49.790000915527344,49.974998474121094,48.52000045776367,49.72999954223633,867316.0
2026-07-01T12:30:00-04:00,49.71500015258789,49.77000045776367,48.78030014038086,48.95000076293945,538086.0
2026-07-01T13:30:00-04:00,48.93000030517578,49.04999923706055,47.875,47.915000915527344,811231.0
2026-07-01T14:30:00-04:00,47.8650016784668,47.900001525878906,46.900001525878906,47.310001373291016,1182761.0
2026-07-01T15:30:00-04:00,47.31800079345703,47.37990188598633,46.61000061035156,46.84000015258789,1765945.0
2026-07-02T09:30:00-04:00,46.869998931884766,47.599998474121094,44.8400993347168,44.893699645996094,1125124.0
2026-07-02T10:30:00-04:00,44.849998474121094,45.07270050048828,44.029998779296875,44.087501525878906,919717.0
2026-07-02T11:30:00-04:00,44.09000015258789,44.61000061035156,43.33000183105469,43.369998931884766,793983.0
2026-07-02T12:30:00-04:00,43.33000183105469,43.369998931884766,42.6349983215332,42.724998474121094,844619.0
2026-07-02T13:30:00-04:00,42.72999954223633,43.0099983215332,42.31999969482422,43.0,809304.0
2026-07-02T14:30:00-04:00,42.9900016784668,43.04999923706055,42.36000061035156,42.81999969482422,826312.0
2026-07-02T15:30:00-04:00,42.849998474121094,43.119998931884766,42.68000030517578,43.119998931884766,982754.0
2026-07-06T09:30:00-04:00,42.79999923706055,44.4900016784668,41.7599983215332,44.32500076293945,1131176.0
2026-07-06T10:30:00-04:00,44.369998931884766,45.23500061035156,44.279998779296875,45.04999923706055,653956.0
2026-07-06T11:30:00-04:00,45.119998931884766,45.970001220703125,45.119998931884766,45.90999984741211,544702.0
2026-07-06T12:30:00-04:00,45.86000061035156,46.130001068115234,45.45000076293945,45.63999938964844,427492.0
2026-07-06T13:30:00-04:00,45.650001525878906,45.650001525878906,44.774898529052734,45.10499954223633,549028.0
2026-07-06T14:30:00-04:00,45.10499954223633,45.220001220703125,44.75,44.845001220703125,464136.0
2026-07-06T15:30:00-04:00,44.81999969482422,44.959999084472656,44.310001373291016,44.560001373291016,800513.0
2026-07-07T09:30:00-04:00,43.36000061035156,44.70000076293945,41.790000915527344,42.05500030517578,998386.0
2026-07-07T10:30:00-04:00,42.130001068115234,42.150001525878906,41.33000183105469,41.56990051269531,833362.0
2026-07-07T11:30:00-04:00,41.529998779296875,42.70000076293945,41.36000061035156,42.58000183105469,661557.0
2026-07-07T12:30:00-04:00,42.560001373291016,43.15999984741211,42.187400817871094,42.7599983215332,422093.0
2026-07-07T13:30:00-04:00,42.7599983215332,43.33000183105469,42.709999084472656,43.01499938964844,334150.0
2026-07-07T14:30:00-04:00,43.0,43.20500183105469,42.540000915527344,42.939998626708984,658740.0
2026-07-07T15:30:00-04:00,42.95500183105469,43.06999969482422,42.67499923706055,42.97999954223633,667007.0
2026-07-08T09:30:00-04:00,41.52000045776367,42.9900016784668,41.5,42.4900016784668,530063.0
2026-07-08T10:30:00-04:00,42.4900016784668,42.52000045776367,41.0099983215332,41.189998626708984,608146.0
2026-07-08T11:30:00-04:00,41.220001220703125,41.58000183105469,40.93000030517578,41.46500015258789,427212.0
2026-07-08T12:30:00-04:00,41.470001220703125,42.20000076293945,41.15119934082031,42.14500045776367,512776.0
2026-07-08T13:30:00-04:00,42.189998626708984,42.46500015258789,42.099998474121094,42.15999984741211,325683.0
2026-07-08T14:30:00-04:00,42.13999938964844,42.58000183105469,41.9900016784668,42.53499984741211,285209.0
2026-07-08T15:30:00-04:00,42.52000045776367,43.11000061035156,42.320098876953125,43.040000915527344,786141.0
2026-07-09T09:30:00-04:00,44.56999969482422,46.22999954223633,44.150001525878906,45.5099983215332,1418792.0
2026-07-09T10:30:00-04:00,45.5,46.20000076293945,45.130001068115234,45.40999984741211,460734.0
2026-07-09T11:30:00-04:00,45.38999938964844,45.790000915527344,44.91999816894531,45.09000015258789,433761.0
2026-07-09T12:30:00-04:00,45.08000183105469,45.18000030517578,44.31999969482422,44.99489974975586,352662.0
2026-07-09T13:30:00-04:00,44.9900016784668,45.560001373291016,44.95000076293945,45.0099983215332,319890.0
2026-07-09T14:30:00-04:00,45.0099983215332,45.18000030517578,44.880001068115234,44.89500045776367,253658.0
2026-07-09T15:30:00-04:00,44.92499923706055,45.185001373291016,44.5,44.91999816894531,565340.0
2026-07-10T09:30:00-04:00,44.88999938964844,46.5,44.52000045776367,45.150001525878906,696606.0
2026-07-10T10:30:00-04:00,45.189998626708984,45.790000915527344,44.619998931884766,45.630001068115234,349659.0
2026-07-10T11:30:00-04:00,45.53499984741211,45.8568000793457,44.915000915527344,45.75,323571.0
2026-07-10T12:30:00-04:00,45.7599983215332,45.95000076293945,45.540000915527344,45.755001068115234,245191.0
2026-07-10T13:30:00-04:00,45.779998779296875,45.91999816894531,45.32149887084961,45.4900016784668,222830.0
2026-07-10T14:30:00-04:00,45.439998626708984,45.529998779296875,44.94499969482422,45.13999938964844,397110.0
2026-07-10T15:30:00-04:00,45.14500045776367,45.20899963378906,44.75,44.790000915527344,386917.0
2026-07-13T09:30:00-04:00,43.79999923706055,44.03499984741211,42.25,43.099998474121094,918176.0
2026-07-13T10:30:00-04:00,43.04499816894531,43.540000915527344,42.88999938964844,43.5099983215332,372588.0
2026-07-13T11:30:00-04:00,43.5099983215332,43.5099983215332,42.810001373291016,42.91999816894531,308747.0
2026-07-13T12:30:00-04:00,42.880001068115234,43.154998779296875,42.627601623535156,42.9640007019043,283086.0
2026-07-13T13:30:00-04:00,42.96500015258789,43.31999969482422,42.78049850463867,42.86000061035156,201774.0
2026-07-13T14:30:00-04:00,42.86000061035156,43.040000915527344,42.55400085449219,42.65999984741211,266404.0
2026-07-13T15:30:00-04:00,42.69499969482422,43.1349983215332,42.650001525878906,43.040000915527344,425270.0
2026-07-14T09:30:00-04:00,44.33000183105469,45.11000061035156,44.0,45.06999969482422,783258.0
2026-07-14T10:30:00-04:00,45.060001373291016,45.54999923706055,44.81999969482422,45.06999969482422,584233.0
2026-07-14T11:30:00-04:00,45.06999969482422,45.599998474121094,44.70000076293945,44.7599983215332,400070.0
2026-07-14T12:30:00-04:00,44.80500030517578,45.04999923706055,44.20500183105469,44.54990005493164,266488.0
2026-07-14T13:30:00-04:00,44.51499938964844,45.029998779296875,44.47999954223633,44.7599983215332,216146.0
2026-07-14T14:30:00-04:00,44.75,45.0,44.654998779296875,44.72999954223633,225924.0
2026-07-14T15:30:00-04:00,44.72999954223633,45.04499816894531,44.56999969482422,44.9900016784668,475153.0
2026-07-15T09:30:00-04:00,45.099998474121094,46.59000015258789,44.209999084472656,44.23820114135742,372497.0
2026-07-15T10:30:00-04:00,44.35499954223633,44.35499954223633,43.310001373291016,43.720001220703125,381907.0
2026-07-15T11:30:00-04:00,43.70000076293945,43.83000183105469,42.7317008972168,42.90999984741211,263164.0
2026-07-15T12:30:00-04:00,42.89509963989258,43.720001220703125,42.47999954223633,43.720001220703125,227214.0
2026-07-15T13:30:00-04:00,43.77000045776367,44.349998474121094,43.65999984741211,43.85499954223633,263166.0
2026-07-15T14:30:00-04:00,43.86000061035156,43.974998474121094,43.38999938964844,43.56999969482422,157720.0
2026-07-15T15:30:00-04:00,43.619998931884766,44.06999969482422,43.61000061035156,44.04999923706055,324477.0
2026-07-16T09:30:00-04:00,42.66999816894531,43.22999954223633,42.119998931884766,42.77000045776367,802541.0
2026-07-16T10:30:00-04:00,42.65999984741211,42.72999954223633,42.220001220703125,42.334999084472656,298201.0
2026-07-16T11:30:00-04:00,42.31999969482422,44.04999923706055,41.5,41.630001068115234,493815.0
2026-07-16T12:30:00-04:00,41.650001525878906,41.86000061035156,41.25199890136719,41.44499969482422,339059.0
2026-07-16T13:30:00-04:00,41.44499969482422,41.5,41.060001373291016,41.22999954223633,296337.0
2026-07-16T14:30:00-04:00,41.22999954223633,41.689998626708984,41.04999923706055,41.369998931884766,464884.0
2026-07-16T15:30:00-04:00,41.36000061035156,41.45000076293945,40.90999984741211,41.08000183105469,662332.0
2026-07-17T09:30:00-04:00,40.400001525878906,41.834999084472656,39.599998474121094,41.34000015258789,1031149.0
2026-07-17T10:30:00-04:00,41.369998931884766,41.59000015258789,40.630001068115234,40.900001525878906,453566.0
2026-07-17T11:30:00-04:00,40.834999084472656,41.709999084472656,40.779998779296875,41.63999938964844,600506.0
2026-07-17T12:30:00-04:00,41.65999984741211,42.540000915527344,41.54999923706055,42.189998626708984,483495.0
2026-07-17T13:30:00-04:00,42.18000030517578,42.220001220703125,41.400001525878906,41.560001373291016,309747.0
2026-07-17T14:30:00-04:00,41.564998626708984,41.779998779296875,41.34000015258789,41.494998931884766,297881.0
2026-07-17T15:30:00-04:00,41.54999923706055,41.76789855957031,41.43000030517578,41.540000915527344,549857.0
2026-07-20T09:30:00-04:00,41.45000076293945,41.54999923706055,39.380001068115234,39.88999938964844,935391.0
2026-07-20T10:30:00-04:00,39.88999938964844,39.97999954223633,39.2400016784668,39.70500183105469,445574.0
2026-07-20T11:30:00-04:00,39.75,40.650001525878906,39.630001068115234,40.58000183105469,384737.0
2026-07-20T12:30:00-04:00,40.61940002441406,40.72999954223633,39.949798583984375,39.98500061035156,324928.0
2026-07-20T13:30:00-04:00,39.99169921875,40.369998931884766,39.72999954223633,40.20000076293945,278687.0
2026-07-20T14:30:00-04:00,40.15999984741211,40.2400016784668,39.599998474121094,39.790000915527344,393512.0
2026-07-20T15:30:00-04:00,39.79999923706055,39.81999969482422,39.31999969482422,39.459999084472656,704786.0
2026-07-21T09:30:00-04:00,39.66999816894531,40.737998962402344,39.099998474121094,40.72999954223633,761229.0
2026-07-21T10:30:00-04:00,40.75,40.81880187988281,40.2400016784668,40.369998931884766,401941.0
2026-07-21T11:30:00-04:00,40.36000061035156,40.36000061035156,40.0,40.084999084472656,253998.0
2026-07-21T12:30:00-04:00,40.11000061035156,40.439998626708984,39.97999954223633,40.25,232223.0
2026-07-21T13:30:00-04:00,40.25,40.529998779296875,40.18439865112305,40.34000015258789,297536.0
2026-07-21T14:30:00-04:00,40.380001068115234,40.529998779296875,39.79999923706055,39.79999923706055,280403.0
2026-07-21T15:30:00-04:00,39.79999923706055,40.06999969482422,39.709999084472656,39.95000076293945,610288.0
2026-07-22T09:30:00-04:00,39.400001525878906,40.81999969482422,39.400001525878906,40.415000915527344,501426.0
2026-07-22T10:30:00-04:00,40.392398834228516,40.69990158081055,39.97999954223633,40.63999938964844,243045.0
2026-07-22T11:30:00-04:00,40.63999938964844,40.72999954223633,40.13999938964844,40.220001220703125,208470.0
2026-07-22T12:30:00-04:00,40.26969909667969,40.595001220703125,40.010501861572266,40.25,191374.0
2026-07-22T13:30:00-04:00,40.255001068115234,40.310001373291016,39.850101470947266,40.099998474121094,165649.0
2026-07-22T14:30:00-04:00,40.099998474121094,40.130001068115234,39.525001525878906,39.70000076293945,306058.0
2026-07-22T15:30:00-04:00,39.66999816894531,39.80500030517578,39.48500061035156,39.56999969482422,744949.0
2026-07-23T09:30:00-04:00,39.0099983215332,39.52000045776367,38.61000061035156,38.959598541259766,482710.0
2026-07-23T10:30:00-04:00,38.994998931884766,39.060001373291016,37.880001068115234,38.0,735394.0
2026-07-23T11:30:00-04:00,37.970001220703125,38.56999969482422,37.86000061035156,38.470001220703125,302667.0
2026-07-23T12:30:00-04:00,38.48500061035156,38.540000915527344,38.1150016784668,38.43000030517578,229246.0
2026-07-23T13:30:00-04:00,38.40999984741211,38.52000045776367,38.119998931884766,38.380001068115234,660176.0
2026-07-23T14:30:00-04:00,38.40999984741211,38.77000045776367,38.380001068115234,38.7599983215332,414436.0
2026-07-23T15:30:00-04:00,38.790000915527344,38.974998474121094,38.63999938964844,38.91999816894531,976333.0
2026-07-24T09:30:00-04:00,38.79999923706055,38.88999938964844,37.098899841308594,37.220001220703125,602951.0
2026-07-24T10:30:00-04:00,37.150001525878906,37.9900016784668,36.58000183105469,37.880001068115234,593126.0
2026-07-24T11:30:00-04:00,37.849998474121094,38.40999984741211,37.75,37.94499969482422,450211.0
2026-07-24T12:30:00-04:00,37.91999816894531,37.970001220703125,37.1349983215332,37.650001525878906,274430.0
2026-07-24T13:30:00-04:00,37.650001525878906,37.76499938964844,37.11000061035156,37.17499923706055,408397.0
2026-07-24T14:30:00-04:00,37.16999816894531,37.20000076293945,36.70000076293945,36.869998931884766,544089.0
2026-07-24T15:30:00-04:00,36.880001068115234,37.15999984741211,36.630001068115234,36.71659851074219,636967.0
2026-07-27T09:30:00-04:00,37.64500045776367,37.7400016784668,36.70000076293945,36.71500015258789,528828.0
2026-07-27T10:30:00-04:00,36.71500015258789,37.40610122680664,36.400001525878906,36.5,430261.0
2026-07-27T11:30:00-04:00,36.470001220703125,37.220001220703125,36.20500183105469,37.1349983215332,371160.0
2026-07-27T12:30:00-04:00,37.1349983215332,37.29899978637695,36.40999984741211,36.849998474121094,367545.0
2026-07-27T13:30:00-04:00,36.82500076293945,37.20500183105469,36.790000915527344,37.11000061035156,229939.0
2026-07-27T14:30:00-04:00,37.09370040893555,37.79999923706055,37.0,37.79949951171875,334580.0
2026-07-27T15:30:00-04:00,37.779998779296875,38.25,37.730499267578125,38.02840042114258,852973.0
2026-07-28T09:30:00-04:00,36.599998474121094,36.95000076293945,35.390098571777344,35.720001220703125,1037514.0
2026-07-28T10:30:00-04:00,35.755001068115234,36.599998474121094,35.755001068115234,36.18000030517578,1153240.0
2026-07-28T11:30:00-04:00,36.20000076293945,36.63999938964844,36.099998474121094,36.375,695149.0
2026-07-28T12:30:00-04:00,36.34000015258789,36.95000076293945,36.220001220703125,36.59000015258789,542738.0
2026-07-28T13:30:00-04:00,36.56999969482422,36.75,36.2400016784668,36.58000183105469,548703.0
2026-07-28T14:30:00-04:00,36.58000183105469,37.900001525878906,36.12350082397461,36.68000030517578,1633209.0
2026-07-28T15:30:00-04:00,36.720001220703125,36.79999923706055,35.880001068115234,36.16999816894531,1827355.0
2026-07-29T09:30:00-04:00,38.63479995727539,39.599998474121094,35.81999969482422,36.540000915527344,2836339.0
2026-07-29T10:30:00-04:00,36.4900016784668,36.959999084472656,35.95000076293945,36.91999816894531,877040.0
2026-07-29T11:30:00-04:00,36.869998931884766,36.9900016784668,35.95000076293945,36.41460037231445,851795.0
2026-07-29T12:30:00-04:00,36.380001068115234,37.09000015258789,36.13999938964844,36.494998931884766,521368.0
2026-07-29T13:30:00-04:00,36.459999084472656,36.9900016784668,35.77000045776367,36.0,652786.0
2026-07-29T14:30:00-04:00,35.974998474121094,36.970001220703125,35.40129852294922,35.7599983215332,1463048.0
2026-07-29T15:30:00-04:00,35.77000045776367,35.869998931884766,34.959999084472656,35.04999923706055,1469107.0
2026-07-30T09:30:00-04:00,36.0,36.72999954223633,35.29499816894531,35.97999954223633,1038665.0
2026-07-30T10:30:00-04:00,35.93000030517578,36.380001068115234,35.470001220703125,35.599998474121094,573337.0
2026-07-30T11:30:00-04:00,35.564998626708984,36.470001220703125,35.5099983215332,36.165000915527344,441984.0
2026-07-30T12:30:00-04:00,36.189998626708984,37.36000061035156,35.71500015258789,36.849998474121094,728080.0
2026-07-30T13:30:00-04:00,36.849998474121094,37.0,36.540000915527344,36.65999984741211,285781.0
2026-07-30T14:30:00-04:00,36.650001525878906,36.959999084472656,36.380001068115234,36.82500076293945,428312.0
2026-07-30T15:30:00-04:00,36.810001373291016,37.459999084472656,36.810001373291016,37.39500045776367,1245461.0
2026-07-31T09:30:00-04:00,38.10499954223633,38.327999114990234,36.65999984741211,37.369998931884766,1121478.0
2026-07-31T10:30:00-04:00,37.369998931884766,37.560001373291016,36.67499923706055,36.7400016784668,745546.0
2026-07-31T11:30:00-04:00,36.744998931884766,37.25,36.619998931884766,37.22999954223633,414390.0
2026-07-31T12:30:00-04:00,37.25,37.7400016784668,37.25,37.65999984741211,439367.0
2026-07-31T13:30:00-04:00,37.65999984741211,38.040000915527344,37.59000015258789,37.720001220703125,511427.0
2026-07-31T14:30:00-04:00,37.70000076293945,37.849998474121094,37.529998779296875,37.7599983215332,472967.0
2026-07-31T15:30:00-04:00,37.7599983215332,38.15999984741211,37.349998474121094,37.52000045776367,1381937.0
2026-08-03T09:30:00-04:00,37.27000045776367,38.91999816894531,37.130001068115234,38.77000045776367,749602.0
2026-08-03T10:30:00-04:00,38.82680130004883,39.38999938964844,38.06269836425781,38.185001373291016,725002.0
2026-08-03T11:30:00-04:00,38.189998626708984,38.939998626708984,38.119998931884766,38.900001525878906,457722.0
2026-08-03T12:30:00-04:00,38.83000183105469,38.88999938964844,38.290000915527344,38.84560012817383,281220.0
2026-08-03T13:30:00-04:00,38.86000061035156,39.239898681640625,38.70000076293945,38.869998931884766,390242.0
2026-08-03T14:30:00-04:00,38.89500045776367,39.04999923706055,38.779998779296875,38.994998931884766,322233.0
2026-08-03T15:30:00-04:00,39.029998779296875,39.41999816894531,38.95000076293945,39.369998931884766,780465.0
2026-08-04T09:30:00-04:00,40.20000076293945,40.84989929199219,39.2599983215332,40.119998931884766,1062574.0
2026-08-04T10:30:00-04:00,40.1150016784668,40.97999954223633,40.060001373291016,40.93000030517578,719514.0
2026-08-04T11:30:00-04:00,40.90999984741211,42.369998931884766,40.720001220703125,40.869998931884766,2029046.0
2026-08-04T12:30:00-04:00,40.83000183105469,41.880001068115234,40.59000015258789,41.72999954223633,1112384.0
2026-08-04T13:30:00-04:00,41.71500015258789,41.93000030517578,41.25,41.439998626708984,583063.0
2026-08-04T14:30:00-04:00,41.45000076293945,42.029998779296875,41.154998779296875,41.779998779296875,538788.0
2026-08-04T15:30:00-04:00,41.79999923706055,41.900001525878906,41.619998931884766,41.77000045776367,677592.0
2026-08-05T09:30:00-04:00,40.25,41.26499938964844,39.11000061035156,41.150001525878906,1520550.0
2026-08-05T10:30:00-04:00,41.16999816894531,41.16999816894531,39.599998474121094,39.869998931884766,840029.0
2026-08-05T11:30:00-04:00,39.869998931884766,40.0099983215332,39.36000061035156,39.720001220703125,482013.0
2026-08-05T12:30:00-04:00,39.720001220703125,39.7599983215332,39.209999084472656,39.41999816894531,425897.0
2026-08-05T13:30:00-04:00,39.42499923706055,39.529998779296875,39.06999969482422,39.255001068115234,334720.0
2026-08-05T14:30:00-04:00,39.2599983215332,39.5,38.810001373291016,39.220001220703125,610571.0
2026-08-05T15:30:00-04:00,39.20000076293945,39.290000915527344,38.86000061035156,38.95000076293945,868411.0
2026-08-06T09:30:00-04:00,38.400001525878906,40.0099983215332,37.599998474121094,39.529998779296875,892049.0
2026-08-06T10:30:00-04:00,39.61000061035156,40.07059860229492,39.119998931884766,39.900001525878906,316971.0
2026-08-06T11:30:00-04:00,39.88629913330078,39.970001220703125,39.11000061035156,39.150001525878906,285522.0
2026-08-06T12:30:00-04:00,39.11000061035156,39.3650016784668,39.060001373291016,39.20000076293945,188569.0
2026-08-06T13:30:00-04:00,39.16999816894531,39.345001220703125,38.77000045776367,39.16999816894531,444453.0
2026-08-06T14:30:00-04:00,39.100101470947266,39.38999938964844,39.03499984741211,39.31999969482422,273089.0
2026-08-06T15:30:00-04:00,39.33000183105469,39.779998779296875,39.310001373291016,39.67499923706055,522313.0
2026-08-07T09:30:00-04:00,41.0,41.95000076293945,40.22999954223633,40.63330078125,804279.0
2026-08-07T10:30:00-04:00,40.58000183105469,41.439998626708984,40.2599983215332,41.34000015258789,452374.0
2026-08-07T11:30:00-04:00,41.39500045776367,41.95000076293945,41.09000015258789,41.85499954223633,801158.0
2026-08-07T12:30:00-04:00,41.85749816894531,42.5,41.67499923706055,41.96500015258789,914481.0
2026-08-07T13:30:00-04:00,41.939998626708984,42.41999816894531,41.810001373291016,41.8650016784668,628726.0
2026-08-07T14:30:00-04:00,41.84000015258789,41.970001220703125,41.46099853515625,41.59000015258789,553888.0
2026-08-07T15:30:00-04:00,41.58000183105469,41.95500183105469,41.43000030517578,41.89500045776367,765461.0
2026-08-10T09:30:00-04:00,41.994998931884766,42.09000015258789,40.630001068115234,41.13999938964844,564369.0
2026-08-10T10:30:00-04:00,41.130001068115234,41.310001373291016,40.75,40.8650016784668,337325.0
2026-08-10T11:30:00-04:00,40.88999938964844,41.58000183105469,40.869998931884766,41.29499816894531,222824.0
2026-08-10T12:30:00-04:00,41.29499816894531,41.559898376464844,41.141998291015625,41.349998474121094,180104.0
2026-08-10T13:30:00-04:00,41.380001068115234,41.459999084472656,41.2400016784668,41.24129867553711,165995.0
2026-08-10T14:30:00-04:00,41.25,41.559898376464844,41.230499267578125,41.43000030517578,297241.0
2026-08-10T15:30:00-04:00,41.45000076293945,41.5099983215332,40.869998931884766,40.92499923706055,505892.0
2026-08-11T09:30:00-04:00,41.45000076293945,42.400001525878906,41.247501373291016,42.084999084472656,742520.0
2026-08-11T10:30:00-04:00,42.165000915527344,42.290000915527344,41.65039825439453,41.75,218755.0
2026-08-11T11:30:00-04:00,41.790000915527344,42.185001373291016,41.599998474121094,41.79999923706055,195724.0
2026-08-11T12:30:00-04:00,41.83000183105469,42.04999923706055,41.709999084472656,41.91999816894531,287699.0
2026-08-11T13:30:00-04:00,41.90999984741211,42.18000030517578,41.86000061035156,41.959999084472656,157378.0
2026-08-11T14:30:00-04:00,41.974998474121094,42.09000015258789,41.7599983215332,41.88999938964844,227174.0
2026-08-11T15:30:00-04:00,41.880001068115234,42.44499969482422,41.880001068115234,42.29999923706055,522748.0
2026-08-12T09:30:00-04:00,43.06999969482422,43.279998779296875,41.43000030517578,41.470001220703125,538395.0
2026-08-12T10:30:00-04:00,41.494998931884766,41.619998931884766,41.130001068115234,41.22010040283203,405118.0
2026-08-12T11:30:00-04:00,41.2400016784668,41.25,40.68000030517578,41.08000183105469,417439.0
2026-08-12T12:30:00-04:00,41.060001373291016,41.130001068115234,40.875,40.92060089111328,168913.0
2026-08-12T13:30:00-04:00,40.91999816894531,41.154998779296875,40.86000061035156,40.9900016784668,185113.0
2026-08-12T14:30:00-04:00,40.97999954223633,41.029998779296875,40.790000915527344,40.90999984741211,207319.0
2026-08-12T15:30:00-04:00,40.900001525878906,40.970001220703125,40.7400016784668,40.7599983215332,460003.0
2026-08-13T09:30:00-04:00,40.52000045776367,41.11989974975586,39.95000076293945,40.40999984741211,621960.0
2026-08-13T10:30:00-04:00,40.43149948120117,40.650001525878906,40.33000183105469,40.45500183105469,293229.0
2026-08-13T11:30:00-04:00,40.45500183105469,40.75,40.119998931884766,40.72010040283203,219299.0
2026-08-13T12:30:00-04:00,40.724998474121094,40.904998779296875,40.34000015258789,40.70000076293945,250863.0
2026-08-13T13:30:00-04:00,40.665000915527344,40.70000076293945,40.400001525878906,40.4900016784668,176141.0
2026-08-13T14:30:00-04:00,40.48500061035156,40.65999984741211,40.439998626708984,40.459999084472656,256955.0
2026-08-13T15:30:00-04:00,40.45000076293945,40.939998626708984,40.33000183105469,40.790000915527344,832050.0
2026-08-14T09:30:00-04:00,41.01499938964844,41.650001525878906,40.61000061035156,41.16999816894531,563483.0
2026-08-14T10:30:00-04:00,41.16999816894531,41.56999969482422,40.47999954223633,40.570098876953125,255539.0
2026-08-14T11:30:00-04:00,40.59000015258789,40.880001068115234,40.5,40.80500030517578,133123.0
2026-08-14T12:30:00-04:00,40.79999923706055,40.83000183105469,40.400001525878906,40.599998474121094,132095.0
2026-08-14T13:30:00-04:00,40.580101013183594,40.580101013183594,40.279998779296875,40.47999954223633,338078.0
2026-08-14T14:30:00-04:00,40.459999084472656,40.5,40.130001068115234,40.2599983215332,323262.0
2026-08-14T15:30:00-04:00,40.25,40.59000015258789,40.25,40.5099983215332,395360.0
2026-08-17T09:30:00-04:00,40.13999938964844,40.31999969482422,38.7599983215332,39.25130081176758,674831.0
2026-08-17T10:30:00-04:00,39.244998931884766,39.2599983215332,38.52000045776367,38.7599983215332,603903.0
2026-08-17T11:30:00-04:00,38.759498596191406,39.119998931884766,38.650001525878906,38.689998626708984,371364.0
2026-08-17T12:30:00-04:00,38.689998626708984,38.720001220703125,38.459999084472656,38.5099983215332,354380.0
2026-08-17T13:30:00-04:00,38.51679992675781,38.7400016784668,38.45009994506836,38.60499954223633,207062.0
2026-08-17T14:30:00-04:00,38.630001068115234,38.72999954223633,38.459999084472656,38.61000061035156,274898.0
2026-08-17T15:30:00-04:00,38.619998931884766,38.869998931884766,38.61000061035156,38.654998779296875,511744.0
2026-08-18T09:30:00-04:00,37.64500045776367,38.599998474121094,37.599998474121094,38.31999969482422,476308.0
2026-08-18T10:30:00-04:00,38.36000061035156,38.439998626708984,37.77000045776367,38.060001373291016,497866.0
2026-08-18T11:30:00-04:00,38.060001373291016,38.11000061035156,37.599998474121094,37.84000015258789,459281.0
2026-08-18T12:30:00-04:00,37.80500030517578,37.86000061035156,37.560001373291016,37.650001525878906,467953.0
2026-08-18T13:30:00-04:00,37.64500045776367,37.7400016784668,37.400001525878906,37.569698333740234,284565.0
2026-08-18T14:30:00-04:00,37.58000183105469,37.66999816894531,37.34000015258789,37.625,293691.0
2026-08-18T15:30:00-04:00,37.61000061035156,37.83000183105469,37.4536018371582,37.58000183105469,600298.0
2026-08-19T09:30:00-04:00,38.310001373291016,38.869998931884766,37.869998931884766,38.45000076293945,559672.0
2026-08-19T10:30:00-04:00,38.439998626708984,39.16999816894531,38.400001525878906,38.744998931884766,531363.0
2026-08-19T11:30:00-04:00,38.744998931884766,39.25,38.560001373291016,39.22999954223633,341186.0
2026-08-19T12:30:00-04:00,39.22999954223633,39.2599983215332,38.90010070800781,39.029998779296875,255039.0
2026-08-19T13:30:00-04:00,39.029998779296875,39.029998779296875,38.53499984741211,38.630001068115234,243845.0
2026-08-19T14:30:00-04:00,38.6150016784668,39.09000015258789,38.6150016784668,38.93000030517578,341803.0
2026-08-19T15:30:00-04:00,38.939998626708984,39.380001068115234,38.91999816894531,39.375,665523.0
2026-08-20T09:30:00-04:00,38.7599983215332,39.290000915527344,38.05500030517578,38.2599983215332,432044.0
2026-08-20T10:30:00-04:00,38.22999954223633,38.599998474121094,38.125,38.26490020751953,307462.0
2026-08-20T11:30:00-04:00,38.29999923706055,38.36000061035156,37.91999816894531,38.15999984741211,259956.0
2026-08-20T12:30:00-04:00,38.16809844970703,38.41999816894531,38.130001068115234,38.26499938964844,156662.0
2026-08-20T13:30:00-04:00,38.279998779296875,38.369998931884766,37.95000076293945,38.369998931884766,341620.0
2026-08-20T14:30:00-04:00,38.36000061035156,38.459999084472656,38.10499954223633,38.11000061035156,279460.0
2026-08-20T15:30:00-04:00,38.11000061035156,38.470001220703125,38.099998474121094,38.369998931884766,533738.0
2026-08-21T09:30:00-04:00,38.81999969482422,39.4286003112793,38.61000061035156,38.959999084472656,639668.0
2026-08-21T10:30:00-04:00,39.0099983215332,39.66999816894531,38.78499984741211,39.4900016784668,442164.0
2026-08-21T11:30:00-04:00,39.52000045776367,39.814998626708984,38.959999084472656,39.04999923706055,296689.0
2026-08-21T12:30:00-04:00,39.040000915527344,39.079898834228516,38.084999084472656,38.20000076293945,392033.0
2026-08-21T13:30:00-04:00,38.209999084472656,38.68000030517578,38.18000030517578,38.334999084472656,341231.0
2026-08-21T14:30:00-04:00,38.334999084472656,38.68000030517578,37.61000061035156,38.63999938964844,767729.0
2026-08-21T15:30:00-04:00,38.650001525878906,38.810001373291016,38.380001068115234,38.599998474121094,475628.0
2026-08-24T09:30:00-04:00,38.029998779296875,38.439998626708984,37.279998779296875,37.720001220703125,688243.0
2026-08-24T10:30:00-04:00,37.720001220703125,38.0,37.029998779296875,37.31679916381836,589713.0
2026-08-24T11:30:00-04:00,37.345001220703125,37.529998779296875,37.15999984741211,37.2400016784668,403888.0
2026-08-24T12:30:00-04:00,37.21500015258789,37.290000915527344,37.119998931884766,37.179901123046875,236517.0
2026-08-24T13:30:00-04:00,37.16999816894531,37.519500732421875,37.13999938964844,37.369998931884766,287323.0
2026-08-24T14:30:00-04:00,37.38999938964844,37.439998626708984,37.13999938964844,37.19499969482422,527945.0
2026-08-24T15:30:00-04:00,37.209999084472656,37.314998626708984,37.08000183105469,37.189998626708984,745443.0
2026-08-25T09:30:00-04:00,37.75,38.04970169067383,36.86009979248047,36.93000030517578,622658.0
2026-08-25T10:30:00-04:00,36.93000030517578,37.380001068115234,36.77000045776367,37.27000045776367,623713.0
2026-08-25T11:30:00-04:00,37.2599983215332,37.43000030517578,37.029998779296875,37.35499954223633,336977.0
2026-08-25T12:30:00-04:00,37.380001068115234,37.709999084472656,37.36000061035156,37.540000915527344,552729.0
2026-08-25T13:30:00-04:00,37.529998779296875,37.775001525878906,37.18000030517578,37.52000045776367,310275.0
2026-08-25T14:30:00-04:00,37.519901275634766,37.630001068115234,37.38999938964844,37.43000030517578,366824.0
2026-08-25T15:30:00-04:00,37.42499923706055,37.5,37.08000183105469,37.345001220703125,589891.0
2026-08-26T09:30:00-04:00,37.349998474121094,38.04999923706055,36.814998626708984,37.0099983215332,643269.0
2026-08-26T10:30:00-04:00,37.00239944458008,37.290000915527344,36.96009826660156,37.20000076293945,226737.0
2026-08-26T11:30:00-04:00,37.18000030517578,37.33000183105469,36.930599212646484,37.130001068115234,266565.0
2026-08-26T12:30:00-04:00,37.130001068115234,37.20000076293945,37.060001373291016,37.15999984741211,94826.0
2026-08-26T13:30:00-04:00,37.150001525878906,37.279998779296875,37.029998779296875,37.224998474121094,178010.0
2026-08-26T14:30:00-04:00,37.209999084472656,37.47999954223633,37.209999084472656,37.38999938964844,216452.0
2026-08-26T15:30:00-04:00,37.3849983215332,39.0,37.349998474121094,38.43000030517578,1821251.0
2026-08-27T09:30:00-04:00,39.0,39.0099983215332,37.84000015258789,38.70000076293945,689276.0
2026-08-27T10:30:00-04:00,38.709999084472656,39.189998626708984,38.349998474121094,38.9900016784668,549135.0
2026-08-27T11:30:00-04:00,38.99250030517578,39.29999923706055,38.676300048828125,38.845001220703125,315112.0
2026-08-27T12:30:00-04:00,38.8494987487793,39.11249923706055,38.619998931884766,38.630001068115234,225412.0
2026-08-27T13:30:00-04:00,38.64899826049805,38.84000015258789,38.279998779296875,38.310001373291016,243440.0
2026-08-27T14:30:00-04:00,38.31999969482422,39.040000915527344,38.27799987792969,38.900001525878906,290911.0
2026-08-27T15:30:00-04:00,38.890201568603516,39.3849983215332,38.86000061035156,39.279998779296875,1048951.0
2026-08-28T09:30:00-04:00,39.209999084472656,39.27000045776367,37.540000915527344,37.84000015258789,643398.0
2026-08-28T10:30:00-04:00,37.93000030517578,38.18000030517578,37.25,37.44499969482422,636979.0
2026-08-28T11:30:00-04:00,37.45000076293945,37.6349983215332,36.68000030517578,36.88800048828125,778518.0
2026-08-28T12:30:00-04:00,36.88999938964844,37.09989929199219,36.7599983215332,36.96500015258789,352543.0
2026-08-28T13:30:00-04:00,36.970001220703125,37.220001220703125,36.814998626708984,37.18830108642578,411825.0
2026-08-28T14:30:00-04:00,37.170101165771484,37.36000061035156,36.97999954223633,37.310001373291016,352002.0
2026-08-28T15:30:00-04:00,37.29899978637695,37.38999938964844,37.14500045776367,37.255001068115234,814919.0
2026-08-31T09:30:00-04:00,36.83000183105469,37.220001220703125,36.185001373291016,36.209999084472656,654096.0
2026-08-31T10:30:00-04:00,36.220001220703125,36.474998474121094,36.11000061035156,36.435001373291016,418202.0
2026-08-31T11:30:00-04:00,36.40999984741211,36.630001068115234,36.310001373291016,36.404998779296875,356116.0
2026-08-31T12:30:00-04:00,36.40999984741211,36.529998779296875,36.17499923706055,36.189998626708984,344387.0
2026-08-31T13:30:00-04:00,36.189998626708984,36.326499938964844,36.080101013183594,36.26430130004883,347864.0
2026-08-31T14:30:00-04:00,36.25,36.30179977416992,35.97999954223633,36.0,378152.0
2026-08-31T15:30:00-04:00,36.0,36.869998931884766,35.9900016784668,36.41999816894531,1361076.0
2026-09-01T09:30:00-04:00,35.65999984741211,36.08000183105469,35.29999923706055,35.68000030517578,790204.0
2026-09-01T10:30:00-04:00,35.70000076293945,35.86000061035156,35.41999816894531,35.53499984741211,386889.0
2026-09-01T11:30:00-04:00,35.53499984741211,35.75,35.439998626708984,35.54999923706055,358096.0
2026-09-01T12:30:00-04:00,35.529998779296875,35.84000015258789,35.31999969482422,35.415000915527344,426007.0
2026-09-01T13:30:00-04:00,35.415000915527344,35.5099983215332,35.22050094604492,35.25,544872.0
2026-09-01T14:30:00-04:00,35.2599983215332,35.65999984741211,35.14500045776367,35.599998474121094,525799.0
2026-09-01T15:30:00-04:00,35.58000183105469,35.75,35.45000076293945,35.540000915527344,683501.0
2026-09-02T09:30:00-04:00,35.599998474121094,36.099998474121094,34.810001373291016,35.130001068115234,716677.0
2026-09-02T10:30:00-04:00,35.1349983215332,35.189998626708984,34.750301361083984,34.83000183105469,715250.0
2026-09-02T11:30:00-04:00,34.83000183105469,34.880001068115234,34.5099983215332,34.54990005493164,704117.0
2026-09-02T12:30:00-04:00,34.54999923706055,34.93000030517578,34.45000076293945,34.68000030517578,565963.0
2026-09-02T13:30:00-04:00,34.68280029296875,35.75,34.67319869995117,35.564998626708984,594856.0
2026-09-02T14:30:00-04:00,35.59000015258789,35.79999923706055,35.42179870605469,35.59000015258789,568036.0
2026-09-02T15:30:00-04:00,35.599998474121094,35.619998931884766,35.31999969482422,35.529998779296875,701172.0
2026-09-03T09:30:00-04:00,35.5,36.209999084472656,34.81999969482422,35.2599983215332,529685.0
2026-09-03T10:30:00-04:00,35.244998931884766,35.93000030517578,35.23649978637695,35.81999969482422,483907.0
2026-09-03T11:30:00-04:00,35.8120002746582,35.97999954223633,35.599998474121094,35.66999816894531,333174.0
2026-09-03T12:30:00-04:00,35.70000076293945,35.84000015258789,35.52000045776367,35.63330078125,215686.0
2026-09-03T13:30:00-04:00,35.650001525878906,36.18000030517578,35.619998931884766,36.119998931884766,781897.0
2026-09-03T14:30:00-04:00,36.10559844970703,36.36000061035156,36.08000183105469,36.2400016784668,441864.0
2026-09-03T15:30:00-04:00,36.25,36.34000015258789,36.08000183105469,36.31999969482422,603691.0
2026-09-04T09:30:00-04:00,36.224998474121094,36.41999816894531,35.650001525878906,35.869998931884766,629640.0
2026-09-04T10:30:00-04:00,35.8849983215332,35.95000076293945,35.63999938964844,35.775001525878906,256230.0
2026-09-04T11:30:00-04:00,35.775001525878906,36.27000045776367,35.650001525878906,36.2599983215332,307685.0
2026-09-04T12:30:00-04:00,36.279998779296875,36.375,36.1234016418457,36.220001220703125,202375.0
2026-09-04T13:30:00-04:00,36.21500015258789,36.25,36.04999923706055,36.20000076293945,181870.0
2026-09-04T14:30:00-04:00,36.185001373291016,36.21500015258789,36.04999923706055,36.13999938964844,203938.0
2026-09-04T15:30:00-04:00,36.130001068115234,36.4900016784668,36.119998931884766,36.39500045776367,529795.0
2026-09-08T09:30:00-04:00,37.60200119018555,38.880001068115234,37.11000061035156,38.595001220703125,1669858.0
2026-09-08T10:30:00-04:00,38.599998474121094,38.810001373291016,38.29999923706055,38.7599983215332,815326.0
2026-09-08T11:30:00-04:00,38.779998779296875,38.94990158081055,38.157501220703125,38.290000915527344,616154.0
2026-09-08T12:30:00-04:00,38.290000915527344,38.689998626708984,38.099998474121094,38.600101470947266,320027.0
2026-09-08T13:30:00-04:00,38.650001525878906,39.119998931884766,38.61000061035156,38.91999816894531,655434.0
2026-09-08T14:30:00-04:00,38.92499923706055,39.025001525878906,38.47200012207031,38.63999938964844,432794.0
2026-09-08T15:30:00-04:00,38.68000030517578,39.224998474121094,38.45000076293945,38.849998474121094,1179281.0
2026-09-09T09:30:00-04:00,38.90999984741211,39.529998779296875,37.400001525878906,37.43000030517578,884027.0
2026-09-09T10:30:00-04:00,37.41999816894531,37.47999954223633,36.45399856567383,36.630001068115234,685773.0
2026-09-09T11:30:00-04:00,36.595001220703125,36.630001068115234,36.29999923706055,36.44499969482422,539204.0
2026-09-09T12:30:00-04:00,36.43000030517578,36.599998474121094,36.43000030517578,36.54999923706055,289016.0
2026-09-09T13:30:00-04:00,36.560001373291016,37.079898834228516,36.410099029541016,37.04999923706055,366079.0
2026-09-09T14:30:00-04:00,37.04999923706055,37.529998779296875,36.970001220703125,37.279998779296875,553657.0
2026-09-09T15:30:00-04:00,37.279998779296875,37.400001525878906,36.599998474121094,36.709999084472656,1218889.0
2026-09-10T09:30:00-04:00,35.7400016784668,36.11949920654297,34.65999984741211,35.79999923706055,1114296.0
2026-09-10T10:30:00-04:00,35.76649856567383,38.269901275634766,35.60499954223633,37.18000030517578,1107226.0
2026-09-10T11:30:00-04:00,37.189998626708984,37.400001525878906,36.560001373291016,36.66590118408203,504007.0
2026-09-10T12:30:00-04:00,36.68000030517578,37.28200149536133,36.630001068115234,36.97999954223633,564993.0
2026-09-10T13:30:00-04:00,37.0,37.54999923706055,36.910099029541016,36.96070098876953,344747.0
2026-09-10T14:30:00-04:00,36.97999954223633,37.36940002441406,36.79999923706055,36.810001373291016,298429.0
2026-09-10T15:30:00-04:00,36.84000015258789,37.02000045776367,36.70000076293945,36.849998474121094,459449.0
2026-09-11T09:30:00-04:00,36.93000030517578,37.59989929199219,36.560001373291016,37.099998474121094,557807.0
2026-09-11T10:30:00-04:00,37.130001068115234,37.7400016784668,37.02000045776367,37.599998474121094,466787.0
2026-09-11T11:30:00-04:00,37.540000915527344,37.564998626708984,37.18000030517578,37.27000045776367,338562.0
2026-09-11T12:30:00-04:00,37.244998931884766,37.36000061035156,37.04999923706055,37.150001525878906,230780.0
2026-09-11T13:30:00-04:00,37.154998779296875,37.154998779296875,36.709999084472656,36.849998474121094,329997.0
2026-09-11T14:30:00-04:00,36.83000183105469,36.880001068115234,36.540000915527344,36.84989929199219,329102.0
2026-09-11T15:30:00-04:00,36.82500076293945,36.83000183105469,36.310001373291016,36.369998931884766,544721.0
2026-09-14T09:30:00-04:00,35.33000183105469,37.349098205566406,35.21870040893555,37.255001068115234,860683.0
2026-09-14T10:30:00-04:00,37.28219985961914,37.4900016784668,36.41999816894531,36.80500030517578,466711.0
2026-09-14T11:30:00-04:00,36.81999969482422,37.20000076293945,36.68069839477539,36.845001220703125,287884.0
2026-09-14T12:30:00-04:00,36.83000183105469,37.20000076293945,36.810001373291016,37.02000045776367,226504.0
2026-09-14T13:30:00-04:00,37.060001373291016,37.29999923706055,37.0,37.064998626708984,357144.0
2026-09-14T14:30:00-04:00,37.04999923706055,37.189998626708984,36.86000061035156,36.959999084472656,229402.0
2026-09-14T15:30:00-04:00,36.95000076293945,37.060001373291016,36.599998474121094,36.650001525878906,503067.0
2026-09-15T09:30:00-04:00,36.90999984741211,37.2400016784668,36.15999984741211,36.224998474121094,460743.0
2026-09-15T10:30:00-04:00,36.224998474121094,36.310001373291016,35.88100051879883,36.119998931884766,276530.0
2026-09-15T11:30:00-04:00,36.06999969482422,36.519901275634766,35.92499923706055,36.33000183105469,323388.0
2026-09-15T12:30:00-04:00,36.36000061035156,36.5,36.169498443603516,36.2400016784668,231303.0
2026-09-15T13:30:00-04:00,36.220001220703125,36.880001068115234,36.20500183105469,36.685001373291016,252129.0
2026-09-15T14:30:00-04:00,36.69499969482422,36.77000045776367,36.36000061035156,36.744998931884766,335095.0
2026-09-15T15:30:00-04:00,36.720001220703125,36.79999923706055,36.59000015258789,36.724998474121094,592427.0
2026-09-16T09:30:00-04:00,37.150001525878906,37.150001525878906,35.77000045776367,35.814998626708984,513975.0
2026-09-16T10:30:00-04:00,35.814998626708984,36.099300384521484,35.75,35.88999938964844,368038.0
2026-09-16T11:30:00-04:00,35.880001068115234,35.93000030517578,35.61000061035156,35.70000076293945,257025.0
2026-09-16T12:30:00-04:00,35.689998626708984,35.70000076293945,35.31999969482422,35.540000915527344,358783.0
2026-09-16T13:30:00-04:00,35.54999923706055,35.90999984741211,35.2599983215332,35.470001220703125,469275.0
2026-09-16T14:30:00-04:00,35.44499969482422,35.54999923706055,34.90999984741211,35.0,767427.0
2026-09-16T15:30:00-04:00,35.02579879760742,35.595001220703125,35.01499938964844,35.58000183105469,713933.0
2026-09-17T09:30:00-04:00,36.099998474121094,36.380001068115234,35.790000915527344,35.79999923706055,700232.0
2026-09-17T10:30:00-04:00,35.829898834228516,36.1349983215332,35.700199127197266,35.959999084472656,399239.0
2026-09-17T11:30:00-04:00,35.959999084472656,36.72999954223633,35.90010070800781,36.709999084472656,423448.0
2026-09-17T12:30:00-04:00,36.70500183105469,36.75,36.13999938964844,36.16999816894531,390714.0
2026-09-17T13:30:00-04:00,36.15999984741211,36.53499984741211,36.09000015258789,36.43000030517578,400899.0
2026-09-17T14:30:00-04:00,36.45000076293945,36.48500061035156,36.20500183105469,36.220001220703125,443071.0
2026-09-17T15:30:00-04:00,36.2400016784668,36.29999923706055,35.97999954223633,36.0099983215332,715884.0
2026-09-18T09:30:00-04:00,36.095001220703125,36.13999938964844,34.43000030517578,34.689998626708984,1102985.0
2026-09-18T10:30:00-04:00,34.685001373291016,34.859901428222656,34.279998779296875,34.40060043334961,905355.0
2026-09-18T11:30:00-04:00,34.36000061035156,34.439998626708984,34.19049835205078,34.38999938964844,781371.0
2026-09-18T12:30:00-04:00,34.38999938964844,34.724998474121094,34.209999084472656,34.724998474121094,618541.0
2026-09-18T13:30:00-04:00,34.72999954223633,34.77000045776367,34.5,34.63999938964844,390238.0
2026-09-18T14:30:00-04:00,34.63999938964844,34.91999816894531,34.599998474121094,34.869998931884766,430012.0
2026-09-18T15:30:00-04:00,34.869998931884766,34.880001068115234,34.529998779296875,34.650001525878906,1014334.0
2026-09-21T09:30:00-04:00,34.650001525878906,34.9193000793457,33.560001373291016,33.92919921875,1409946.0
2026-09-21T10:30:00-04:00,33.88999938964844,34.58720016479492,33.71500015258789,34.390098571777344,1001610.0
2026-09-21T11:30:00-04:00,34.38999938964844,34.88999938964844,34.330101013183594,34.59000015258789,529655.0
2026-09-21T12:30:00-04:00,34.58000183105469,34.68000030517578,34.43000030517578,34.54999923706055,286554.0
2026-09-21T13:30:00-04:00,34.559898376464844,34.619998931884766,34.34000015258789,34.380001068115234,351111.0
2026-09-21T14:30:00-04:00,34.380001068115234,34.65999984741211,34.31999969482422,34.63999938964844,444991.0
2026-09-21T15:30:00-04:00,34.630001068115234,34.98500061035156,34.619998931884766,34.744998931884766,836106.0
2026-09-22T09:30:00-04:00,35.27000045776367,35.349998474121094,34.619998931884766,35.04999923706055,606755.0
2026-09-22T10:30:00-04:00,35.040000915527344,35.08000183105469,34.599998474121094,34.880001068115234,415499.0
2026-09-22T11:30:00-04:00,34.84000015258789,34.845001220703125,34.400001525878906,34.415000915527344,402769.0
2026-09-22T12:30:00-04:00,34.42900085449219,34.58000183105469,34.33000183105469,34.380001068115234,398632.0
2026-09-22T13:30:00-04:00,34.380001068115234,34.63999938964844,34.33000183105469,34.529998779296875,339687.0
2026-09-22T14:30:00-04:00,34.52000045776367,34.56999969482422,34.380001068115234,34.47999954223633,364005.0
2026-09-22T15:30:00-04:00,34.459999084472656,34.630001068115234,34.400001525878906,34.40999984741211,520945.0
2026-09-23T09:30:00-04:00,34.54999923706055,34.709999084472656,33.310001373291016,33.369998931884766,1091534.0
2026-09-23T10:30:00-04:00,33.400001525878906,33.95000076293945,33.380001068115234,33.790000915527344,537005.0
2026-09-23T11:30:00-04:00,33.779998779296875,33.849998474121094,33.523101806640625,33.720001220703125,417491.0
2026-09-23T12:30:00-04:00,33.69499969482422,33.779998779296875,33.30009841918945,33.52000045776367,446914.0
2026-09-23T13:30:00-04:00,33.529998779296875,33.720001220703125,33.38999938964844,33.43000030517578,563883.0
2026-09-23T14:30:00-04:00,33.410099029541016,33.43000030517578,33.0,33.040000915527344,767071.0
2026-09-23T15:30:00-04:00,33.040000915527344,33.099998474121094,32.72999954223633,33.099998474121094,1206006.0
2026-09-24T09:30:00-04:00,32.810001373291016,32.810001373291016,31.540000915527344,31.885000228881836,1604250.0
2026-09-24T10:30:00-04:00,31.899999618530273,32.15190124511719,31.700000762939453,31.815000534057617,1509145.0
2026-09-24T11:30:00-04:00,31.799999237060547,32.66999816894531,31.739999771118164,32.415000915527344,721985.0
2026-09-24T12:30:00-04:00,32.400001525878906,33.0,32.20000076293945,32.72999954223633,471947.0
2026-09-24T13:30:00-04:00,32.709999084472656,32.90999984741211,32.45500183105469,32.810001373291016,618939.0
2026-09-24T14:30:00-04:00,32.810001373291016,32.810001373291016,32.279998779296875,32.57500076293945,445602.0
2026-09-24T15:30:00-04:00,32.56999969482422,32.84000015258789,32.5099983215332,32.814998626708984,782830.0
2026-09-25T09:30:00-04:00,32.900001525878906,33.209999084472656,32.52000045776367,32.619998931884766,438741.0
2026-09-25T10:30:00-04:00,32.61000061035156,32.7599983215332,32.470001220703125,32.55500030517578,358006.0
2026-09-25T11:30:00-04:00,32.58000183105469,33.179901123046875,32.47999954223633,32.98500061035156,653361.0
2026-09-25T12:30:00-04:00,32.99869918823242,33.1431999206543,32.58000183105469,32.6349983215332,575669.0
2026-09-25T13:30:00-04:00,32.6349983215332,32.63999938964844,32.349998474121094,32.474998474121094,630696.0
2026-09-25T14:30:00-04:00,32.4900016784668,32.790000915527344,32.400001525878906,32.665000915527344,427383.0
2026-09-25T15:30:00-04:00,32.65999984741211,32.70000076293945,32.380001068115234,32.38999938964844,680514.0
2026-09-28T09:30:00-04:00,32.09199905395508,32.099998474121094,31.18000030517578,31.690000534057617,829277.0
2026-09-28T10:30:00-04:00,31.690000534057617,31.719999313354492,31.200000762939453,31.309999465942383,614312.0
2026-09-28T11:30:00-04:00,31.309999465942383,31.725000381469727,31.145000457763672,31.68000030517578,546438.0
2026-09-28T12:30:00-04:00,31.68000030517578,31.829999923706055,31.264999389648438,31.524999618530273,536929.0
2026-09-28T13:30:00-04:00,31.5,31.655000686645508,31.402000427246094,31.524999618530273,410030.0
2026-09-28T14:30:00-04:00,31.530000686645508,31.545000076293945,31.06999969482422,31.079999923706055,613538.0
2026-09-28T15:30:00-04:00,31.079999923706055,31.135000228881836,30.885000228881836,30.899999618530273,1187686.0
2026-09-29T09:30:00-04:00,31.2450008392334,31.489999771118164,30.540000915527344,31.1299991607666,782951.0
2026-09-29T10:30:00-04:00,31.135000228881836,31.5,30.93000030517578,30.93000030517578,562861.0
2026-09-29T11:30:00-04:00,30.924999237060547,31.309999465942383,30.920000076293945,31.104999542236328,437606.0
2026-09-29T12:30:00-04:00,31.09000015258789,31.18000030517578,30.760000228881836,30.760000228881836,497492.0
2026-09-29T13:30:00-04:00,30.764999389648438,31.252899169921875,30.75,31.079999923706055,416533.0
2026-09-29T14:30:00-04:00,31.06999969482422,31.790000915527344,31.030000686645508,31.780000686645508,804415.0
2026-09-29T15:30:00-04:00,31.790000915527344,32.0099983215332,31.709999084472656,31.860000610351562,1534943.0
