t,o,h,l,c,v
2023-10-31T09:30:00-04:00,199.60000610351562,206.97999572753906,198.67999267578125,201.7248992919922,1105264.0
2023-10-31T10:30:00-04:00,201.5850067138672,205.17999267578125,199.64999389648438,204.9499969482422,672602.0
2023-10-31T11:30:00-04:00,205.05999755859375,205.6999969482422,204.11000061035156,205.60499572753906,549054.0
2023-10-31T12:30:00-04:00,205.60000610351562,207.0800018310547,204.75,206.1719970703125,349785.0
2023-10-31T13:30:00-04:00,206.25999450683594,207.6199951171875,206.10000610351562,206.24000549316406,277699.0
2023-10-31T14:30:00-04:00,206.24000549316406,208.39999389648438,206.0500030517578,208.32000732421875,395855.0
2023-10-31T15:30:00-04:00,208.3000030517578,208.8000030517578,207.8000030517578,207.9199981689453,951405.0
2023-11-01T09:30:00-04:00,209.3300018310547,215.19000244140625,208.84500122070312,215.0800018310547,645517.0
2023-11-01T10:30:00-04:00,215.0800018310547,215.5749969482422,214.13999938964844,214.6875,478751.0
2023-11-01T11:30:00-04:00,214.68499755859375,215.72000122070312,214.36000061035156,214.60499572753906,333015.0
2023-11-01T12:30:00-04:00,214.60499572753906,214.80999755859375,212.5850067138672,212.75,407984.0
2023-11-01T13:30:00-04:00,212.72000122070312,213.92999267578125,212.02999877929688,213.71499633789062,309162.0
2023-11-01T14:30:00-04:00,213.66000366210938,215.5500030517578,212.77999877929688,215.47999572753906,476927.0
2023-11-01T15:30:00-04:00,215.3699951171875,215.69000244140625,214.8000030517578,214.85000610351562,702213.0
2023-11-02T09:30:00-04:00,216.60000610351562,219.64999389648438,215.3800048828125,217.14999389648438,478801.0
2023-11-02T10:30:00-04:00,217.1199951171875,218.19000244140625,216.75999450683594,217.30999755859375,245273.0
2023-11-02T11:30:00-04:00,217.33999633789062,217.5605010986328,214.8699951171875,215.02000427246094,394025.0
2023-11-02T12:30:00-04:00,215.16000366210938,216.0399932861328,214.13999938964844,215.69000244140625,232109.0
2023-11-02T13:30:00-04:00,215.68499755859375,216.8000030517578,215.68499755859375,216.2449951171875,154999.0
2023-11-02T14:30:00-04:00,216.16000366210938,216.25,214.8699951171875,215.22000122070312,392115.0
2023-11-02T15:30:00-04:00,215.2050018310547,216.25999450683594,214.92999267578125,216.1999969482422,473013.0
2023-11-03T09:30:00-04:00,218.7100067138672,219.53990173339844,216.75,217.63499450683594,191280.0
2023-11-03T10:30:00-04:00,217.63499450683594,218.6999969482422,216.27000427246094,218.16000366210938,228378.0
2023-11-03T11:30:00-04:00,218.1999969482422,218.34500122070312,216.40499877929688,216.40499877929688,221767.0
2023-11-03T12:30:00-04:00,216.5500030517578,216.88999938964844,214.82000732421875,215.16000366210938,232538.0
2023-11-03T13:30:00-04:00,215.1699981689453,217.08999633789062,215.1199951171875,216.77000427246094,225118.0
2023-11-03T14:30:00-04:00,216.7949981689453,217.0500030517578,215.63999938964844,215.69500732421875,199943.0
2023-11-03T15:30:00-04:00,215.64999389648438,215.64999389648438,214.71499633789062,214.75,362464.0
2023-11-06T09:30:00-05:00,214.52000427246094,215.3300018310547,211.99000549316406,214.14999389648438,217229.0
2023-11-06T10:30:00-05:00,214.11000061035156,215.25,214.04010009765625,214.8300018310547,142204.0
2023-11-06T11:30:00-05:00,214.74000549316406,215.1699981689453,214.5,214.58999633789062,128727.0
2023-11-06T12:30:00-05:00,214.61500549316406,214.75,213.75,214.09100341796875,111428.0
2023-11-06T13:30:00-05:00,214.0850067138672,214.75999450683594,213.9199981689453,214.23500061035156,187273.0
2023-11-06T14:30:00-05:00,214.25,215.49000549316406,214.22000122070312,215.49000549316406,190052.0
2023-11-06T15:30:00-05:00,215.44500732421875,216.60000610351562,215.02000427246094,216.55999755859375,344972.0
2023-11-07T09:30:00-05:00,214.80999755859375,217.64999389648438,214.02999877929688,217.1999969482422,208637.0
2023-11-07T10:30:00-05:00,217.0800018310547,218.22000122070312,216.9199981689453,217.2899932861328,195218.0
2023-11-07T11:30:00-05:00,217.26499938964844,217.48500061035156,216.1699981689453,216.3000030517578,120829.0
2023-11-07T12:30:00-05:00,216.27000427246094,217.25,215.9600067138672,216.99000549316406,126669.0
2023-11-07T13:30:00-05:00,217.0399932861328,217.1699981689453,216.30999755859375,216.72999572753906,153630.0
2023-11-07T14:30:00-05:00,216.75,216.8800048828125,215.75999450683594,215.91749572753906,166668.0
2023-11-07T15:30:00-05:00,215.9600067138672,216.44000244140625,215.4199981689453,215.83999633789062,270113.0
2023-11-08T09:30:00-05:00,216.85000610351562,218.11000061035156,216.3300018310547,217.51499938964844,227621.0
2023-11-08T10:30:00-05:00,217.52999877929688,218.08999633789062,216.60000610351562,216.80499267578125,163374.0
2023-11-08T11:30:00-05:00,216.59500122070312,217.2449951171875,215.63999938964844,216.3000030517578,149385.0
2023-11-08T12:30:00-05:00,216.3000030517578,218.05999755859375,216.2949981689453,217.72999572753906,187569.0
2023-11-08T13:30:00-05:00,217.72140502929688,218.27999877929688,217.67999267578125,218.05499267578125,143042.0
2023-11-08T14:30:00-05:00,218.08999633789062,218.49000549316406,217.3249969482422,217.9600067138672,131216.0
2023-11-08T15:30:00-05:00,217.92999267578125,218.3000030517578,217.5399932861328,217.61000061035156,278519.0
2023-11-09T09:30:00-05:00,219.5,223.27000427246094,219.44000244140625,222.27999877929688,526633.0
2023-11-09T10:30:00-05:00,222.3350067138672,222.4600067138672,221.33999633789062,221.8000030517578,381563.0
2023-11-09T11:30:00-05:00,221.8000030517578,222.0800018310547,220.77000427246094,220.77000427246094,230979.0
2023-11-09T12:30:00-05:00,220.86500549316406,221.1999969482422,219.85000610351562,220.71499633789062,204206.0
2023-11-09T13:30:00-05:00,220.72500610351562,220.9600067138672,219.24000549316406,219.81500244140625,219445.0
2023-11-09T14:30:00-05:00,219.80499267578125,219.87989807128906,217.61000061035156,218.55999755859375,278641.0
2023-11-09T15:30:00-05:00,218.61000061035156,218.8300018310547,218.1199951171875,218.38999938964844,351459.0
2023-11-10T09:30:00-05:00,219.0,220.875,217.91000366210938,219.8000030517578,234958.0
2023-11-10T10:30:00-05:00,219.64999389648438,221.3249969482422,219.2899932861328,221.16000366210938,115598.0
2023-11-10T11:30:00-05:00,221.1656036376953,221.4597930908203,220.47000122070312,220.47999572753906,158138.0
2023-11-10T12:30:00-05:00,220.49000549316406,221.38999938964844,220.07000732421875,220.60000610351562,213321.0
2023-11-10T13:30:00-05:00,220.63999938964844,221.2449951171875,220.52000427246094,221.22799682617188,193481.0
2023-11-10T14:30:00-05:00,221.22999572753906,221.9949951171875,220.91749572753906,221.9149932861328,147389.0
2023-11-10T15:30:00-05:00,221.91000366210938,222.25999450683594,221.56089782714844,221.88999938964844,250202.0
2023-11-13T09:30:00-05:00,221.57000732421875,222.02999877929688,220.24000549316406,220.42999267578125,150055.0
2023-11-13T10:30:00-05:00,220.39999389648438,221.67750549316406,220.25999450683594,220.8800048828125,136000.0
2023-11-13T11:30:00-05:00,220.91000366210938,222.27000427246094,220.76499938964844,222.22000122070312,133755.0
2023-11-13T12:30:00-05:00,222.13999938964844,222.5500030517578,221.9149932861328,221.93499755859375,84889.0
2023-11-13T13:30:00-05:00,221.9499969482422,222.5220947265625,221.61000061035156,222.5220947265625,82857.0
2023-11-13T14:30:00-05:00,222.50450134277344,223.02999877929688,222.3925018310547,222.83999633789062,133477.0
2023-11-13T15:30:00-05:00,222.86000061035156,222.86000061035156,222.4499969482422,222.5500030517578,181293.0
2023-11-14T09:30:00-05:00,225.11000061035156,227.41000366210938,223.8699951171875,227.32000732421875,221834.0
2023-11-14T10:30:00-05:00,227.22999572753906,227.79989624023438,227.08929443359375,227.6199951171875,154828.0
2023-11-14T11:30:00-05:00,227.62249755859375,228.10000610351562,226.61500549316406,226.9600067138672,216142.0
2023-11-14T12:30:00-05:00,227.00439453125,228.50999450683594,226.9550018310547,228.3249969482422,189902.0
2023-11-14T13:30:00-05:00,228.3249969482422,228.41000366210938,227.14500427246094,227.9499969482422,176725.0
2023-11-14T14:30:00-05:00,228.02000427246094,229.0050048828125,228.00999450683594,228.5,227152.0
2023-11-14T15:30:00-05:00,228.47999572753906,228.5500030517578,227.5800018310547,228.10000610351562,315819.0
2023-11-15T09:30:00-05:00,228.0,228.97999572753906,225.22999572753906,227.2100067138672,484897.0
2023-11-15T10:30:00-05:00,227.13999938964844,228.88999938964844,227.02999877929688,227.92250061035156,207402.0
2023-11-15T11:30:00-05:00,227.9149932861328,228.25,227.5500030517578,227.85000610351562,184500.0
2023-11-15T12:30:00-05:00,227.85499572753906,228.6999969482422,227.13999938964844,227.60000610351562,265730.0
2023-11-15T13:30:00-05:00,227.61000061035156,228.53219604492188,226.3300018310547,226.98519897460938,394424.0
2023-11-15T14:30:00-05:00,226.9499969482422,227.58999633789062,226.61000061035156,226.6999969482422,243165.0
2023-11-15T15:30:00-05:00,226.71249389648438,226.9949951171875,225.38999938964844,225.63999938964844,501211.0
2023-11-16T09:30:00-05:00,226.5,228.2550048828125,226.0399932861328,227.6999969482422,311539.0
2023-11-16T10:30:00-05:00,227.76499938964844,228.17999267578125,226.77749633789062,226.82000732421875,181000.0
2023-11-16T11:30:00-05:00,226.82000732421875,227.9550018310547,226.82000732421875,227.8300018310547,148652.0
2023-11-16T12:30:00-05:00,227.82000732421875,228.05499267578125,226.72500610351562,226.91000366210938,148247.0
2023-11-16T13:30:00-05:00,226.9199981689453,226.9600067138672,226.0500030517578,226.05499267578125,143233.0
2023-11-16T14:30:00-05:00,226.10000610351562,226.76950073242188,225.88999938964844,226.2100067138672,148128.0
2023-11-16T15:30:00-05:00,226.1699981689453,226.86000061035156,226.0,226.8249969482422,279549.0
2023-11-17T09:30:00-05:00,226.72000122070312,228.0,226.72000122070312,227.0399932861328,360600.0
2023-11-17T10:30:00-05:00,227.08999633789062,228.3699951171875,226.3800048828125,227.52000427246094,261612.0
2023-11-17T11:30:00-05:00,227.52999877929688,227.8699951171875,227.11000061035156,227.55999755859375,138387.0
2023-11-17T12:30:00-05:00,227.5449981689453,227.88999938964844,226.97999572753906,227.39999389648438,98944.0
2023-11-17T13:30:00-05:00,227.4199981689453,228.3000030517578,227.3000030517578,227.50999450683594,258648.0
2023-11-17T14:30:00-05:00,227.47000122070312,228.42999267578125,227.38999938964844,228.3800048828125,233873.0
2023-11-17T15:30:00-05:00,228.41000366210938,228.44000244140625,227.77000427246094,227.82000732421875,381042.0
2023-11-20T09:30:00-05:00,226.92999267578125,227.55999755859375,225.44000244140625,227.07000732421875,288360.0
2023-11-20T10:30:00-05:00,227.01499938964844,227.27999877929688,225.8800048828125,226.04800415039062,243847.0
2023-11-20T11:30:00-05:00,226.26499938964844,226.39999389648438,225.25999450683594,226.34500122070312,230558.0
2023-11-20T12:30:00-05:00,226.3000030517578,226.5399932861328,225.7100067138672,226.25,284108.0
2023-11-20T13:30:00-05:00,226.22999572753906,226.44000244140625,226.08999633789062,226.19000244140625,140517.0
2023-11-20T14:30:00-05:00,226.1999969482422,227.27499389648438,226.16000366210938,227.27499389648438,262900.0
2023-11-20T15:30:00-05:00,227.27499389648438,227.5,226.75,226.9199981689453,334239.0
2023-11-21T09:30:00-05:00,226.6300048828125,227.7100067138672,226.0,226.49000549316406,261804.0
2023-11-21T10:30:00-05:00,226.47999572753906,226.52000427246094,225.5800018310547,226.2050018310547,316893.0
2023-11-21T11:30:00-05:00,226.08999633789062,226.63999938964844,225.83999633789062,226.35499572753906,156352.0
2023-11-21T12:30:00-05:00,226.38999938964844,226.86500549316406,226.02000427246094,226.05999755859375,120832.0
2023-11-21T13:30:00-05:00,226.12759399414062,226.66250610351562,226.0399932861328,226.31849670410156,103649.0
2023-11-21T14:30:00-05:00,226.3000030517578,227.02000427246094,226.05499267578125,226.8300018310547,142905.0
2023-11-21T15:30:00-05:00,226.8300018310547,227.16000366210938,226.2949981689453,227.00999450683594,274379.0
2023-11-22T09:30:00-05:00,227.8800048828125,231.42999267578125,227.6300048828125,229.02999877929688,319364.0
2023-11-22T10:30:00-05:00,229.05999755859375,229.50999450683594,228.19500732421875,228.57000732421875,149279.0
2023-11-22T11:30:00-05:00,228.6699981689453,229.91000366210938,228.6300048828125,229.11000061035156,140198.0
2023-11-22T12:30:00-05:00,229.13499450683594,229.63999938964844,228.7100067138672,229.4499969482422,111889.0
2023-11-22T13:30:00-05:00,229.4499969482422,229.6699981689453,229.10000610351562,229.3300018310547,117489.0
2023-11-22T14:30:00-05:00,229.3000030517578,229.63450622558594,228.72500610351562,229.14500427246094,213570.0
2023-11-22T15:30:00-05:00,229.14500427246094,229.38999938964844,228.88999938964844,228.94500732421875,226800.0
2023-11-24T09:30:00-05:00,229.74000549316406,230.35000610351562,228.77999877929688,229.55499267578125,128689.0
2023-11-24T10:30:00-05:00,229.55999755859375,229.77999877929688,228.97000122070312,229.27999877929688,106392.0
2023-11-24T11:30:00-05:00,229.35000610351562,229.4093017578125,228.33999633789062,228.35499572753906,80949.0
2023-11-27T09:30:00-05:00,228.27999877929688,229.22500610351562,227.6999969482422,228.50999450683594,139619.0
2023-11-27T10:30:00-05:00,228.55999755859375,229.2100067138672,228.52000427246094,229.0850067138672,98379.0
2023-11-27T11:30:00-05:00,229.14999389648438,229.68499755859375,229.0399932861328,229.28500366210938,82505.0
2023-11-27T12:30:00-05:00,229.3686065673828,229.64500427246094,229.13999938964844,229.35000610351562,88129.0
2023-11-27T13:30:00-05:00,229.35000610351562,229.71499633789062,229.14999389648438,229.50999450683594,79332.0
2023-11-27T14:30:00-05:00,229.57000732421875,229.7100067138672,229.08999633789062,229.6300048828125,91048.0
2023-11-27T15:30:00-05:00,229.67999267578125,229.88999938964844,228.6699981689453,228.75,219491.0
2023-11-28T09:30:00-05:00,228.55999755859375,228.8699951171875,227.66000366210938,228.60000610351562,153908.0
2023-11-28T10:30:00-05:00,228.5518035888672,229.3300018310547,228.10000610351562,228.85000610351562,94181.0
2023-11-28T11:30:00-05:00,228.85000610351562,229.2100067138672,227.01499938964844,227.14999389648438,167634.0
2023-11-28T12:30:00-05:00,227.05999755859375,227.0749969482422,225.0399932861328,225.64500427246094,178259.0
2023-11-28T13:30:00-05:00,225.64999389648438,225.93499755859375,224.64999389648438,224.92999267578125,223026.0
2023-11-28T14:30:00-05:00,224.91000366210938,225.9499969482422,224.69000244140625,225.25,311063.0
2023-11-28T15:30:00-05:00,225.28990173339844,225.30999755859375,224.52000427246094,224.58999633789062,356583.0
2023-11-29T09:30:00-05:00,227.4600067138672,228.5800018310547,226.47000122070312,226.74749755859375,169508.0
2023-11-29T10:30:00-05:00,226.77999877929688,226.92849731445312,225.66000366210938,225.6750030517578,132873.0
2023-11-29T11:30:00-05:00,225.72999572753906,226.58999633789062,225.3249969482422,226.58999633789062,106400.0
2023-11-29T12:30:00-05:00,226.66000366210938,227.02000427246094,226.14999389648438,226.74000549316406,80451.0
2023-11-29T13:30:00-05:00,226.7100067138672,226.88499450683594,226.40499877929688,226.47000122070312,98752.0
2023-11-29T14:30:00-05:00,226.4600067138672,226.48500061035156,225.65069580078125,225.75999450683594,188591.0
2023-11-29T15:30:00-05:00,225.7449951171875,226.17999267578125,225.61000061035156,225.80999755859375,268671.0
2023-11-30T09:30:00-05:00,226.94000244140625,228.46499633789062,225.9163055419922,227.36500549316406,160766.0
2023-11-30T10:30:00-05:00,227.4550018310547,228.27000427246094,227.0,227.69000244140625,153156.0
2023-11-30T11:30:00-05:00,227.6999969482422,227.71499633789062,226.38619995117188,226.5583038330078,88680.0
2023-11-30T12:30:00-05:00,226.48500061035156,226.9499969482422,226.0800018310547,226.60000610351562,115523.0
2023-11-30T13:30:00-05:00,226.58999633789062,227.4600067138672,226.33999633789062,227.24000549316406,105347.0
2023-11-30T14:30:00-05:00,227.1699981689453,227.77499389648438,226.7100067138672,226.7899932861328,121308.0
2023-11-30T15:30:00-05:00,226.7100067138672,227.85000610351562,226.6999969482422,227.75,298654.0
2023-12-01T09:30:00-05:00,227.8300018310547,231.3699951171875,227.597900390625,230.02000427246094,280133.0
2023-12-01T10:30:00-05:00,230.0399932861328,231.75,229.75999450683594,231.66000366210938,260113.0
2023-12-01T11:30:00-05:00,231.68499755859375,232.00999450683594,231.1699981689453,231.3699951171875,141658.0
2023-12-01T12:30:00-05:00,231.36070251464844,231.89500427246094,230.97999572753906,231.52999877929688,133259.0
2023-12-01T13:30:00-05:00,231.47999572753906,231.8800048828125,231.22000122070312,231.8000030517578,119209.0
2023-12-01T14:30:00-05:00,231.83999633789062,231.89999389648438,230.5800018310547,231.22000122070312,188837.0
2023-12-01T15:30:00-05:00,231.16000366210938,231.16000366210938,230.13999938964844,230.3699951171875,264724.0
2023-12-04T09:30:00-05:00,228.6199951171875,229.32479858398438,226.19000244140625,228.07359313964844,303640.0
2023-12-04T10:30:00-05:00,228.13999938964844,228.5590057373047,227.1300048828125,227.22000122070312,128945.0
2023-12-04T11:30:00-05:00,227.22000122070312,228.75999450683594,227.0800018310547,228.55499267578125,181593.0
2023-12-04T12:30:00-05:00,228.6768035888672,228.97999572753906,227.97000122070312,228.22999572753906,138530.0
2023-12-04T13:30:00-05:00,228.23500061035156,228.375,227.7429962158203,227.88890075683594,127197.0
2023-12-04T14:30:00-05:00,227.83999633789062,228.1750030517578,226.94000244140625,227.13999938964844,189037.0
2023-12-04T15:30:00-05:00,227.20989990234375,228.4499969482422,226.94000244140625,228.16000366210938,269735.0
2023-12-05T09:30:00-05:00,227.4199981689453,227.8800048828125,225.00999450683594,225.5449981689453,208262.0
2023-12-05T10:30:00-05:00,225.40499877929688,226.49000549316406,224.77499389648438,225.60569763183594,151302.0
2023-12-05T11:30:00-05:00,225.8000030517578,226.49000549316406,225.2899932861328,225.5,120033.0
2023-12-05T12:30:00-05:00,225.52000427246094,226.44000244140625,224.61000061035156,226.28500366210938,168360.0
2023-12-05T13:30:00-05:00,226.35499572753906,226.4949951171875,225.75,226.27499389648438,112400.0
2023-12-05T14:30:00-05:00,226.32000732421875,226.32249450683594,225.47000122070312,225.52000427246094,122381.0
2023-12-05T15:30:00-05:00,225.5,225.90919494628906,225.4499969482422,225.55999755859375,264080.0
2023-12-06T09:30:00-05:00,228.0399932861328,232.58999633789062,228.0399932861328,229.53500366210938,319621.0
2023-12-06T10:30:00-05:00,229.41000366210938,229.64999389648438,226.7899932861328,227.22500610351562,108595.0
2023-12-06T11:30:00-05:00,227.1699981689453,227.92999267578125,226.75999450683594,227.51499938964844,143790.0
2023-12-06T12:30:00-05:00,227.56500244140625,228.1300048828125,227.0,227.98500061035156,117332.0
2023-12-06T13:30:00-05:00,227.94000244140625,228.10000610351562,226.95140075683594,227.13999938964844,88448.0
2023-12-06T14:30:00-05:00,227.10000610351562,227.52999877929688,226.72999572753906,226.97999572753906,98710.0
2023-12-06T15:30:00-05:00,226.9250030517578,227.27999877929688,226.6300048828125,226.9600067138672,204564.0
2023-12-07T09:30:00-05:00,227.74000549316406,229.0800018310547,226.7949981689453,227.77499389648438,96155.0
2023-12-07T10:30:00-05:00,227.89999389648438,228.77499389648438,227.60000610351562,227.82000732421875,157116.0
2023-12-07T11:30:00-05:00,227.6999969482422,228.22999572753906,227.47500610351562,227.82000732421875,99319.0
2023-12-07T12:30:00-05:00,227.82000732421875,228.5399932861328,227.69000244140625,228.27499389648438,82632.0
2023-12-07T13:30:00-05:00,228.32000732421875,229.33999633789062,228.32000732421875,229.33999633789062,121954.0
2023-12-07T14:30:00-05:00,229.2899932861328,229.3000030517578,227.35000610351562,227.35000610351562,175293.0
2023-12-07T15:30:00-05:00,227.36000061035156,228.14999389648438,227.2899932861328,227.92999267578125,306861.0
2023-12-08T09:30:00-05:00,228.17999267578125,232.0,227.92999267578125,231.57000732421875,204487.0
2023-12-08T10:30:00-05:00,231.52000427246094,232.0800018310547,231.21499633789062,231.63999938964844,224537.0
2023-12-08T11:30:00-05:00,231.7949981689453,231.9600067138672,230.8800048828125,231.68780517578125,256607.0
2023-12-08T12:30:00-05:00,231.7760009765625,233.44500732421875,231.4344024658203,233.4199981689453,174944.0
2023-12-08T13:30:00-05:00,233.34669494628906,233.34669494628906,232.5471954345703,232.7899932861328,135493.0
2023-12-08T14:30:00-05:00,232.80999755859375,233.10499572753906,232.1699981689453,232.4199981689453,131600.0
2023-12-08T15:30:00-05:00,232.47999572753906,232.86000061035156,232.1999969482422,232.30999755859375,228036.0
2023-12-11T09:30:00-05:00,236.375,236.55999755859375,233.76499938964844,234.1925048828125,302925.0
2023-12-11T10:30:00-05:00,234.30259704589844,235.64999389648438,234.22000122070312,235.55999755859375,227961.0
2023-12-11T11:30:00-05:00,235.50999450683594,235.77999877929688,234.88999938964844,235.19000244140625,110869.0
2023-12-11T12:30:00-05:00,235.1199951171875,235.52999877929688,234.91000366210938,235.25,95405.0
2023-12-11T13:30:00-05:00,235.25999450683594,235.3350067138672,234.49000549316406,234.74000549316406,79013.0
2023-12-11T14:30:00-05:00,234.75999450683594,234.8000030517578,233.9600067138672,234.06500244140625,119321.0
2023-12-11T15:30:00-05:00,233.99000549316406,234.72000122070312,233.94000244140625,234.69000244140625,249917.0
2023-12-12T09:30:00-05:00,235.02999877929688,236.47999572753906,234.80999755859375,235.27000427246094,184869.0
2023-12-12T10:30:00-05:00,235.19000244140625,236.5,235.19000244140625,236.41000366210938,117305.0
2023-12-12T11:30:00-05:00,236.40499877929688,237.55499267578125,236.33999633789062,237.3000030517578,112092.0
2023-12-12T12:30:00-05:00,237.3636932373047,237.55079650878906,236.41949462890625,237.18499755859375,92268.0
2023-12-12T13:30:00-05:00,237.24000549316406,237.6199951171875,236.83999633789062,236.83999633789062,99610.0
2023-12-12T14:30:00-05:00,236.9199981689453,237.61000061035156,236.80999755859375,237.3800048828125,168260.0
2023-12-12T15:30:00-05:00,237.38999938964844,237.4199981689453,236.6999969482422,237.05999755859375,248075.0
2023-12-13T09:30:00-05:00,237.4600067138672,237.64990234375,236.3800048828125,236.42999267578125,125084.0
2023-12-13T10:30:00-05:00,236.3800048828125,236.57850646972656,235.89999389648438,236.1781005859375,116829.0
2023-12-13T11:30:00-05:00,236.10000610351562,236.1042938232422,234.36000061035156,234.6699981689453,150467.0
2023-12-13T12:30:00-05:00,234.69500732421875,235.24000549316406,234.60000610351562,234.80999755859375,79213.0
2023-12-13T13:30:00-05:00,234.8300018310547,237.0529022216797,234.4499969482422,236.69000244140625,93575.0
2023-12-13T14:30:00-05:00,236.77000427246094,238.0749969482422,235.1999969482422,235.32000732421875,220126.0
2023-12-13T15:30:00-05:00,235.27999877929688,236.80999755859375,234.98500061035156,236.75,206585.0
2023-12-14T09:30:00-05:00,238.83999633789062,239.88999938964844,235.86500549316406,236.2100067138672,321270.0
2023-12-14T10:30:00-05:00,236.25,237.72999572753906,236.15499877929688,237.2012939453125,259304.0
2023-12-14T11:30:00-05:00,237.22000122070312,238.8000030517578,237.10000610351562,238.38999938964844,109413.0
2023-12-14T12:30:00-05:00,238.39500427246094,238.93499755859375,237.02499389648438,237.1699981689453,269648.0
2023-12-14T13:30:00-05:00,237.05999755859375,237.75999450683594,236.49000549316406,237.27000427246094,266324.0
2023-12-14T14:30:00-05:00,237.31500244140625,238.7100067138672,237.24000549316406,238.08999633789062,292641.0
2023-12-14T15:30:00-05:00,238.0800018310547,238.1300048828125,237.5,237.6999969482422,441283.0
2023-12-15T09:30:00-05:00,234.25,238.47999572753906,233.91000366210938,236.7449951171875,852829.0
2023-12-15T10:30:00-05:00,236.8199005126953,237.8197021484375,236.19500732421875,237.74009704589844,220025.0
2023-12-15T11:30:00-05:00,237.7449951171875,237.7449951171875,236.50999450683594,237.36500549316406,207761.0
2023-12-15T12:30:00-05:00,237.3699951171875,237.49000549316406,236.89999389648438,237.25010681152344,152608.0
2023-12-15T13:30:00-05:00,237.3800048828125,237.41839599609375,236.16000366210938,236.32000732421875,139411.0
2023-12-15T14:30:00-05:00,236.25,237.52000427246094,236.25,237.36500549316406,141471.0
2023-12-15T15:30:00-05:00,237.3800048828125,238.02499389648438,236.6699981689453,237.41000366210938,458920.0
2023-12-18T09:30:00-05:00,237.7100067138672,238.6999969482422,236.58999633789062,237.6999969482422,108276.0
2023-12-18T10:30:00-05:00,237.64999389648438,238.18499755859375,237.0399932861328,237.4600067138672,149206.0
2023-12-18T11:30:00-05:00,237.48500061035156,237.9149932861328,236.94500732421875,237.72999572753906,97791.0
2023-12-18T12:30:00-05:00,237.74000549316406,237.91000366210938,236.85000610351562,237.15499877929688,77233.0
2023-12-18T13:30:00-05:00,237.24000549316406,237.27000427246094,236.5,236.6699981689453,102710.0
2023-12-18T14:30:00-05:00,236.72000122070312,237.4499969482422,236.3699951171875,237.42999267578125,190964.0
2023-12-18T15:30:00-05:00,237.39999389648438,237.97999572753906,237.08999633789062,237.1999969482422,280393.0
2023-12-19T09:30:00-05:00,237.69000244140625,239.05999755859375,236.72000122070312,238.2899932861328,114668.0
2023-12-19T10:30:00-05:00,238.2100067138672,238.6999969482422,238.08999633789062,238.52000427246094,86466.0
2023-12-19T11:30:00-05:00,238.55499267578125,238.6199951171875,237.76499938964844,237.91000366210938,86028.0
2023-12-19T12:30:00-05:00,237.8800048828125,238.1688995361328,236.7050018310547,236.81500244140625,77680.0
2023-12-19T13:30:00-05:00,236.8000030517578,237.49000549316406,236.67999267578125,237.3000030517578,147730.0
2023-12-19T14:30:00-05:00,237.30999755859375,237.5399932861328,236.64999389648438,237.48500061035156,119519.0
2023-12-19T15:30:00-05:00,237.60000610351562,238.2100067138672,237.30999755859375,238.14999389648438,159586.0
2023-12-20T09:30:00-05:00,237.97999572753906,238.58999633789062,236.83999633789062,237.75999450683594,200442.0
2023-12-20T10:30:00-05:00,237.88070678710938,238.32000732421875,236.9199981689453,236.97999572753906,179319.0
2023-12-20T11:30:00-05:00,236.99000549316406,238.14500427246094,236.55499267578125,237.44500732421875,163918.0
2023-12-20T12:30:00-05:00,237.39999389648438,237.8800048828125,236.54150390625,236.64999389648438,77619.0
2023-12-20T13:30:00-05:00,236.72000122070312,237.0449981689453,236.468505859375,236.9250030517578,80096.0
2023-12-20T14:30:00-05:00,236.89500427246094,237.14999389648438,234.80999755859375,235.26499938964844,173172.0
2023-12-20T15:30:00-05:00,235.22999572753906,235.58999633789062,233.74000549316406,233.94000244140625,300334.0
2023-12-21T09:30:00-05:00,235.72000122070312,236.90499877929688,235.11500549316406,235.69000244140625,119361.0
2023-12-21T10:30:00-05:00,235.5,236.24000549316406,235.39999389648438,236.1999969482422,114259.0
2023-12-21T11:30:00-05:00,236.16000366210938,236.22999572753906,234.42999267578125,234.5399932861328,105175.0
2023-12-21T12:30:00-05:00,234.64999389648438,235.19000244140625,234.17999267578125,234.85000610351562,124856.0
2023-12-21T13:30:00-05:00,234.92999267578125,235.90499877929688,234.61000061035156,235.77000427246094,87659.0
2023-12-21T14:30:00-05:00,235.77000427246094,236.9199981689453,235.56500244140625,236.91000366210938,117043.0
2023-12-21T15:30:00-05:00,237.0,237.4499969482422,236.6699981689453,237.2100067138672,203386.0
2023-12-22T09:30:00-05:00,237.89999389648438,239.25999450683594,237.8000030517578,238.60000610351562,110628.0
2023-12-22T10:30:00-05:00,238.6649932861328,239.03219604492188,237.42999267578125,238.13999938964844,86043.0
2023-12-22T11:30:00-05:00,238.27000427246094,238.58990478515625,238.02999877929688,238.47999572753906,63580.0
2023-12-22T12:30:00-05:00,238.4499969482422,238.80999755859375,238.3300018310547,238.49000549316406,67477.0
2023-12-22T13:30:00-05:00,238.50999450683594,238.66990661621094,237.4149932861328,237.61000061035156,67111.0
2023-12-22T14:30:00-05:00,237.61000061035156,238.54119873046875,237.3000030517578,238.33999633789062,88996.0
2023-12-22T15:30:00-05:00,238.33999633789062,238.74000549316406,238.05999755859375,238.58999633789062,129603.0
2023-12-26T09:30:00-05:00,238.72999572753906,239.8800048828125,238.72999572753906,239.49000549316406,62506.0
2023-12-26T10:30:00-05:00,239.55999755859375,239.92999267578125,239.2899932861328,239.88999938964844,86669.0
2023-12-26T11:30:00-05:00,239.9600067138672,240.47999572753906,239.7899932861328,240.43499755859375,91864.0
2023-12-26T12:30:00-05:00,240.3800048828125,240.43499755859375,240.05999755859375,240.19000244140625,57760.0
2023-12-26T13:30:00-05:00,240.25,240.67999267578125,240.1300048828125,240.6199951171875,53833.0
2023-12-26T14:30:00-05:00,240.58999633789062,240.7183074951172,240.1999969482422,240.5399932861328,69375.0
2023-12-26T15:30:00-05:00,240.5500030517578,240.7104949951172,240.1199951171875,240.3000030517578,152276.0
2023-12-27T09:30:00-05:00,240.02999877929688,241.36000061035156,239.9600067138672,240.97000122070312,130780.0
2023-12-27T10:30:00-05:00,241.02000427246094,241.2449951171875,240.1999969482422,240.74000549316406,120428.0
2023-12-27T11:30:00-05:00,240.7449951171875,241.30999755859375,240.57000732421875,240.83999633789062,88073.0
2023-12-27T12:30:00-05:00,240.9199981689453,241.22999572753906,240.3000030517578,240.30999755859375,87515.0
2023-12-27T13:30:00-05:00,240.31849670410156,240.57000732421875,239.868896484375,240.27000427246094,96372.0
2023-12-27T14:30:00-05:00,240.24000549316406,240.29330444335938,239.82000732421875,240.00999450683594,79198.0
2023-12-27T15:30:00-05:00,240.00999450683594,240.97999572753906,239.86000061035156,240.97999572753906,159614.0
2023-12-28T09:30:00-05:00,239.5,241.0749969482422,238.38600158691406,240.96499633789062,81503.0
2023-12-28T10:30:00-05:00,240.9949951171875,241.1300048828125,240.4499969482422,240.6300048828125,58132.0
2023-12-28T11:30:00-05:00,240.5500030517578,241.41000366210938,240.5500030517578,241.0,64219.0
2023-12-28T12:30:00-05:00,241.0749969482422,241.57989501953125,240.9199981689453,241.2100067138672,36539.0
2023-12-28T13:30:00-05:00,241.1501007080078,241.83999633789062,241.11099243164062,241.47000122070312,60104.0
2023-12-28T14:30:00-05:00,241.48500061035156,241.80999755859375,241.16000366210938,241.58999633789062,60492.0
2023-12-28T15:30:00-05:00,241.58999633789062,241.58999633789062,240.6699981689453,240.75,195223.0
2023-12-29T09:30:00-05:00,241.2899932861328,241.9698944091797,240.6719970703125,241.00999450683594,87797.0
2023-12-29T10:30:00-05:00,241.0,241.38999938964844,240.22999572753906,240.4949951171875,67992.0
2023-12-29T11:30:00-05:00,240.46499633789062,240.92999267578125,239.9138946533203,240.10000610351562,85967.0
2023-12-29T12:30:00-05:00,239.92999267578125,241.1199951171875,239.92999267578125,240.59120178222656,56706.0
2023-12-29T13:30:00-05:00,240.6219024658203,241.16000366210938,240.57000732421875,240.88999938964844,39513.0
2023-12-29T14:30:00-05:00,240.9149932861328,241.77000427246094,240.75999450683594,241.64999389648438,95283.0
2023-12-29T15:30:00-05:00,241.6300048828125,241.6300048828125,240.47999572753906,240.88999938964844,224040.0
2024-01-02T09:30:00-05:00,238.88999938964844,240.27000427246094,238.17999267578125,238.36500549316406,219069.0
2024-01-02T10:30:00-05:00,238.25,238.80999755859375,236.85000610351562,238.74000549316406,161725.0
2024-01-02T11:30:00-05:00,238.82000732421875,239.30999755859375,238.55999755859375,238.80999755859375,125245.0
2024-01-02T12:30:00-05:00,238.81500244140625,239.63999938964844,238.47000122070312,238.75,75660.0
2024-01-02T13:30:00-05:00,238.78500366210938,239.15499877929688,238.22999572753906,238.44500732421875,81539.0
2024-01-02T14:30:00-05:00,238.3800048828125,238.4149932861328,237.6199951171875,237.85499572753906,116295.0
2024-01-02T15:30:00-05:00,237.77000427246094,239.02999877929688,237.7550048828125,238.9499969482422,286245.0
2024-01-03T09:30:00-05:00,237.39999389648438,237.44000244140625,233.41000366210938,233.92999267578125,235623.0
2024-01-03T10:30:00-05:00,233.7899932861328,233.99000549316406,231.83999633789062,233.38380432128906,280369.0
2024-01-03T11:30:00-05:00,233.36500549316406,233.94000244140625,233.0399932861328,233.55499267578125,223219.0
2024-01-03T12:30:00-05:00,233.5500030517578,234.41000366210938,233.47120666503906,234.35000610351562,127479.0
2024-01-03T13:30:00-05:00,234.39999389648438,234.54249572753906,233.02999877929688,233.86000061035156,126318.0
2024-01-03T14:30:00-05:00,233.875,234.0050048828125,232.5,233.41000366210938,220427.0
2024-01-03T15:30:00-05:00,233.48500061035156,233.70680236816406,232.49000549316406,233.10000610351562,297046.0
2024-01-04T09:30:00-05:00,233.75999450683594,236.4199981689453,233.75999450683594,234.8800048828125,184541.0
2024-01-04T10:30:00-05:00,234.9499969482422,236.17999267578125,234.6300048828125,236.00779724121094,138079.0
2024-01-04T11:30:00-05:00,235.9199981689453,236.86000061035156,235.6219940185547,236.77940368652344,87189.0
2024-01-04T12:30:00-05:00,236.5800018310547,236.9499969482422,236.22000122070312,236.50999450683594,54362.0
2024-01-04T13:30:00-05:00,236.5312042236328,236.6750030517578,235.8699951171875,235.9199981689453,59541.0
2024-01-04T14:30:00-05:00,235.88999938964844,236.14999389648438,235.24000549316406,235.4250030517578,72760.0
2024-01-04T15:30:00-05:00,235.3300018310547,235.61000061035156,234.39500427246094,234.49000549316406,296849.0
2024-01-05T09:30:00-05:00,234.5800018310547,235.44000244140625,233.72999572753906,234.3800048828125,108381.0
2024-01-05T10:30:00-05:00,234.25,235.55999755859375,234.02000427246094,234.97999572753906,110344.0
2024-01-05T11:30:00-05:00,235.05999755859375,235.44500732421875,233.8800048828125,234.02999877929688,87492.0
2024-01-05T12:30:00-05:00,234.02999877929688,234.33529663085938,233.80999755859375,234.31500244140625,65703.0
2024-01-05T13:30:00-05:00,234.47000122070312,234.9499969482422,234.36000061035156,234.7100067138672,108427.0
2024-01-05T14:30:00-05:00,234.6699981689453,234.83999633789062,234.01499938964844,234.3800048828125,84815.0
2024-01-05T15:30:00-05:00,234.32000732421875,235.0850067138672,233.9199981689453,234.85000610351562,180662.0
2024-01-08T09:30:00-05:00,236.1300048828125,236.43670654296875,234.1999969482422,235.55320739746094,121568.0
2024-01-08T10:30:00-05:00,235.5850067138672,235.99000549316406,235.19500732421875,235.19500732421875,103753.0
2024-01-08T11:30:00-05:00,235.2100067138672,235.8699951171875,235.07000732421875,235.11500549316406,102509.0
2024-01-08T12:30:00-05:00,235.15890502929688,235.94000244140625,235.0648956298828,235.59500122070312,80832.0
2024-01-08T13:30:00-05:00,235.57769775390625,237.4600067138672,235.49000549316406,237.25999450683594,96013.0
2024-01-08T14:30:00-05:00,237.35000610351562,238.0,237.33709716796875,237.77499389648438,142298.0
2024-01-08T15:30:00-05:00,237.75999450683594,239.1699981689453,237.72999572753906,238.97999572753906,218077.0
2024-01-09T09:30:00-05:00,237.4499969482422,238.0800018310547,235.6699981689453,237.0800018310547,119138.0
2024-01-09T10:30:00-05:00,237.16000366210938,237.8350067138672,236.57350158691406,237.8083953857422,109017.0
2024-01-09T11:30:00-05:00,237.80999755859375,238.9550018310547,237.49000549316406,238.91000366210938,81359.0
2024-01-09T12:30:00-05:00,238.80999755859375,239.4149932861328,238.36000061035156,238.83999633789062,135143.0
2024-01-09T13:30:00-05:00,238.80999755859375,239.43499755859375,238.38999938964844,238.75,75414.0
2024-01-09T14:30:00-05:00,238.76499938964844,239.3699951171875,238.61500549316406,239.19000244140625,96521.0
2024-01-09T15:30:00-05:00,239.2100067138672,239.75999450683594,238.97500610351562,239.47000122070312,151114.0
2024-01-10T09:30:00-05:00,241.0,242.41000366210938,239.80499267578125,240.73939514160156,199454.0
2024-01-10T10:30:00-05:00,241.0,241.02000427246094,239.97999572753906,240.05999755859375,105640.0
2024-01-10T11:30:00-05:00,240.0500030517578,240.63999938964844,239.9499969482422,240.52999877929688,67337.0
2024-01-10T12:30:00-05:00,240.5,241.0,240.41000366210938,240.64999389648438,92815.0
2024-01-10T13:30:00-05:00,240.6699981689453,241.0449981689453,240.41009521484375,240.6300048828125,85051.0
2024-01-10T14:30:00-05:00,240.72999572753906,241.27999877929688,240.38999938964844,240.60000610351562,130226.0
2024-01-10T15:30:00-05:00,240.55999755859375,241.0,239.97999572753906,240.8699951171875,267088.0
2024-01-11T09:30:00-05:00,241.39999389648438,241.8000030517578,239.22000122070312,240.3300018310547,102048.0
2024-01-11T10:30:00-05:00,240.4149932861328,240.72999572753906,239.6199951171875,239.63040161132812,231049.0
2024-01-11T11:30:00-05:00,239.77000427246094,240.33999633789062,239.3300018310547,239.9199981689453,89983.0
2024-01-11T12:30:00-05:00,239.8699951171875,241.625,239.6750030517578,241.47500610351562,79569.0
2024-01-11T13:30:00-05:00,241.4199981689453,241.875,240.97959899902344,241.58999633789062,86232.0
2024-01-11T14:30:00-05:00,241.60499572753906,243.0050048828125,241.60499572753906,242.72000122070312,192570.0
2024-01-11T15:30:00-05:00,242.80499267578125,243.64999389648438,242.80499267578125,243.4199981689453,388688.0
2024-01-12T09:30:00-05:00,244.27000427246094,244.27000427246094,241.30999755859375,242.05999755859375,130429.0
2024-01-12T10:30:00-05:00,241.75999450683594,242.27499389648438,240.77000427246094,242.10000610351562,61970.0
2024-01-12T11:30:00-05:00,242.14999389648438,242.4582061767578,241.4600067138672,241.5998992919922,61676.0
2024-01-12T12:30:00-05:00,241.5399932861328,241.8300018310547,241.2550048828125,241.69000244140625,88854.0
2024-01-12T13:30:00-05:00,241.7899932861328,242.30999755859375,241.7209930419922,241.96009826660156,62928.0
2024-01-12T14:30:00-05:00,242.02499389648438,242.13999938964844,241.50999450683594,241.64500427246094,88075.0
2024-01-12T15:30:00-05:00,241.63189697265625,242.2100067138672,241.63189697265625,242.0,157181.0
2024-01-16T09:30:00-05:00,241.17999267578125,243.18499755859375,239.1999969482422,242.83999633789062,222519.0
2024-01-16T10:30:00-05:00,242.8625030517578,243.25,241.91000366210938,242.0,207511.0
2024-01-16T11:30:00-05:00,242.07000732421875,242.19500732421875,241.2740936279297,241.92999267578125,102134.0
2024-01-16T12:30:00-05:00,241.92999267578125,242.44500732421875,241.6199951171875,241.86000061035156,122454.0
2024-01-16T13:30:00-05:00,241.89999389648438,241.99000549316406,240.75999450683594,241.1219940185547,109875.0
2024-01-16T14:30:00-05:00,241.0500030517578,241.75999450683594,240.9199981689453,241.41000366210938,116292.0
2024-01-16T15:30:00-05:00,241.41000366210938,241.72000122070312,241.3000030517578,241.60000610351562,231096.0
2024-01-17T09:30:00-05:00,236.89999389648438,238.97999572753906,236.3000030517578,238.34500122070312,476283.0
2024-01-17T10:30:00-05:00,238.3300018310547,238.49000549316406,237.17999267578125,237.61000061035156,245780.0
2024-01-17T11:30:00-05:00,237.52999877929688,238.59500122070312,237.4199981689453,237.47000122070312,164207.0
2024-01-17T12:30:00-05:00,237.44000244140625,237.5800018310547,236.83999633789062,237.03500366210938,117826.0
2024-01-17T13:30:00-05:00,236.96499633789062,237.10000610351562,236.3300018310547,236.9550018310547,127961.0
2024-01-17T14:30:00-05:00,237.0,237.24000549316406,236.0399932861328,236.2100067138672,223309.0
2024-01-17T15:30:00-05:00,236.2100067138672,237.39999389648438,236.17999267578125,237.22000122070312,371303.0
2024-01-18T09:30:00-05:00,237.3000030517578,238.9199981689453,236.1999969482422,238.52999877929688,220888.0
2024-01-18T10:30:00-05:00,238.64500427246094,239.0399932861328,237.74000549316406,238.27859497070312,141734.0
2024-01-18T11:30:00-05:00,238.24000549316406,238.50999450683594,237.16000366210938,237.3800048828125,138773.0
2024-01-18T12:30:00-05:00,237.375,237.5574951171875,236.69000244140625,236.94000244140625,107911.0
2024-01-18T13:30:00-05:00,236.94000244140625,238.86000061035156,236.9199981689453,238.69000244140625,105100.0
2024-01-18T14:30:00-05:00,238.77000427246094,239.86500549316406,238.49000549316406,239.82000732421875,105031.0
2024-01-18T15:30:00-05:00,239.89999389648438,240.67990112304688,239.69000244140625,240.07000732421875,210872.0
2024-01-19T09:30:00-05:00,241.77000427246094,241.77000427246094,240.0500030517578,241.05999755859375,270876.0
2024-01-19T10:30:00-05:00,240.97999572753906,242.32000732421875,240.3350067138672,242.125,99669.0
2024-01-19T11:30:00-05:00,242.05999755859375,242.5399932861328,241.6121063232422,242.36000061035156,118464.0
2024-01-19T12:30:00-05:00,242.47999572753906,243.99000549316406,242.37899780273438,243.90379333496094,115709.0
2024-01-19T13:30:00-05:00,243.89999389648438,244.43499755859375,243.8300018310547,243.9600067138672,114614.0
2024-01-19T14:30:00-05:00,243.94000244140625,244.26499938964844,243.35000610351562,243.67999267578125,163499.0
2024-01-19T15:30:00-05:00,243.6999969482422,244.6199951171875,243.6999969482422,244.60000610351562,348001.0
2024-01-22T09:30:00-05:00,245.75999450683594,246.9499969482422,244.89999389648438,246.0850067138672,260029.0
2024-01-22T10:30:00-05:00,246.0850067138672,246.11000061035156,244.6699981689453,245.3800048828125,190188.0
2024-01-22T11:30:00-05:00,245.38999938964844,245.48280334472656,244.3000030517578,244.3699951171875,125021.0
2024-01-22T12:30:00-05:00,244.40499877929688,244.4600067138672,243.86000061035156,243.9250030517578,100587.0
2024-01-22T13:30:00-05:00,243.94000244140625,244.4499969482422,243.66000366210938,244.3699951171875,146432.0
2024-01-22T14:30:00-05:00,244.33999633789062,244.83999633789062,244.02000427246094,244.80499267578125,107681.0
2024-01-22T15:30:00-05:00,244.83999633789062,244.97000122070312,243.6999969482422,243.91000366210938,362533.0
2024-01-23T09:30:00-05:00,244.0,244.0,239.1699981689453,240.75999450683594,336650.0
2024-01-23T10:30:00-05:00,240.72000122070312,241.33999633789062,240.1999969482422,240.52520751953125,193300.0
2024-01-23T11:30:00-05:00,240.52999877929688,241.30999755859375,240.52999877929688,240.77999877929688,227722.0
2024-01-23T12:30:00-05:00,240.8000030517578,241.77000427246094,240.77999877929688,241.44000244140625,182269.0
2024-01-23T13:30:00-05:00,241.47120666503906,242.05999755859375,241.27000427246094,241.8000030517578,239370.0
2024-01-23T14:30:00-05:00,241.8300018310547,243.22999572753906,241.7100067138672,243.0800018310547,172212.0
2024-01-23T15:30:00-05:00,243.0500030517578,243.3350067138672,242.7100067138672,243.1699981689453,295954.0
2024-01-24T09:30:00-05:00,244.92999267578125,244.99000549316406,242.1300048828125,243.2510986328125,252925.0
2024-01-24T10:30:00-05:00,243.05999755859375,244.0,242.75999450683594,243.7100067138672,152368.0
2024-01-24T11:30:00-05:00,243.65939331054688,244.3000030517578,243.38279724121094,244.1699981689453,112823.0
2024-01-24T12:30:00-05:00,244.14999389648438,244.8000030517578,243.59500122070312,243.68499755859375,122793.0
2024-01-24T13:30:00-05:00,243.64999389648438,243.64999389648438,241.69700622558594,241.8300018310547,123620.0
2024-01-24T14:30:00-05:00,241.85000610351562,242.69000244140625,241.4499969482422,241.72000122070312,165007.0
2024-01-24T15:30:00-05:00,241.6999969482422,242.38999938964844,241.4600067138672,241.57000732421875,251574.0
2024-01-25T09:30:00-05:00,243.72999572753906,245.66000366210938,241.87249755859375,245.3699951171875,158603.0
2024-01-25T10:30:00-05:00,245.3699951171875,245.50999450683594,244.0,245.43930053710938,163592.0
2024-01-25T11:30:00-05:00,245.4499969482422,245.6300048828125,244.52999877929688,245.27969360351562,248463.0
2024-01-25T12:30:00-05:00,245.27999877929688,246.28500366210938,245.14999389648438,245.3800048828125,166608.0
2024-01-25T13:30:00-05:00,245.4438018798828,245.5399932861328,244.55999755859375,245.27999877929688,176539.0
2024-01-25T14:30:00-05:00,245.2689971923828,245.36000061035156,244.69000244140625,245.02000427246094,200166.0
2024-01-25T15:30:00-05:00,245.0399932861328,245.92999267578125,245.02000427246094,245.8699951171875,361347.0
2024-01-26T09:30:00-05:00,246.0,246.99000549316406,245.0050048828125,246.53500366210938,160345.0
2024-01-26T10:30:00-05:00,246.50900268554688,247.5500030517578,246.41000366210938,247.46499633789062,119352.0
2024-01-26T11:30:00-05:00,247.5030059814453,247.51499938964844,246.25,246.52999877929688,110091.0
2024-01-26T12:30:00-05:00,246.5500030517578,246.63999938964844,245.28500366210938,245.625,100374.0
2024-01-26T13:30:00-05:00,245.77999877929688,245.8654022216797,245.05999755859375,245.72500610351562,85074.0
2024-01-26T14:30:00-05:00,245.85000610351562,246.24000549316406,245.61500549316406,246.08999633789062,106621.0
2024-01-26T15:30:00-05:00,246.15499877929688,246.1999969482422,245.75999450683594,245.89999389648438,237517.0
2024-01-29T09:30:00-05:00,244.41000366210938,246.9250030517578,244.35000610351562,245.57000732421875,161866.0
2024-01-29T10:30:00-05:00,245.5800018310547,246.3000030517578,245.27000427246094,246.08999633789062,129357.0
2024-01-29T11:30:00-05:00,246.1300048828125,246.3249969482422,245.49000549316406,245.7100067138672,121598.0
2024-01-29T12:30:00-05:00,245.75999450683594,245.8699951171875,245.0399932861328,245.5850067138672,110457.0
2024-01-29T13:30:00-05:00,245.57000732421875,246.3300018310547,245.3000030517578,246.1999969482422,130931.0
2024-01-29T14:30:00-05:00,246.24000549316406,247.85000610351562,246.22000122070312,247.69000244140625,171583.0
2024-01-29T15:30:00-05:00,247.6300048828125,248.80999755859375,247.3300018310547,248.72999572753906,397406.0
2024-01-30T09:30:00-05:00,248.80999755859375,250.7050018310547,248.05999755859375,249.28500366210938,233649.0
2024-01-30T10:30:00-05:00,249.30999755859375,250.17999267578125,249.11000061035156,250.0800018310547,129858.0
2024-01-30T11:30:00-05:00,250.0500030517578,250.92999267578125,250.0500030517578,250.30499267578125,165688.0
2024-01-30T12:30:00-05:00,250.2050018310547,250.80999755859375,249.6300048828125,250.3000030517578,175978.0
2024-01-30T13:30:00-05:00,250.30999755859375,250.99000549316406,249.74000549316406,250.8699951171875,286324.0
2024-01-30T14:30:00-05:00,250.9199981689453,251.13999938964844,250.4499969482422,250.61000061035156,191110.0
2024-01-30T15:30:00-05:00,250.75,250.97000122070312,250.27000427246094,250.27000427246094,371897.0
2024-01-31T09:30:00-05:00,248.75999450683594,250.63999938964844,246.0800018310547,249.10000610351562,309306.0
2024-01-31T10:30:00-05:00,249.25999450683594,249.30999755859375,247.33999633789062,248.13499450683594,157795.0
2024-01-31T11:30:00-05:00,248.22999572753906,248.32000732421875,247.1999969482422,247.98500061035156,147149.0
2024-01-31T12:30:00-05:00,247.80999755859375,248.17999267578125,247.10000610351562,248.08999633789062,125472.0
2024-01-31T13:30:00-05:00,248.04750061035156,248.44000244140625,246.56500244140625,247.0399932861328,195506.0
2024-01-31T14:30:00-05:00,247.02999877929688,248.8300018310547,245.65499877929688,246.9199981689453,323206.0
2024-01-31T15:30:00-05:00,246.8300018310547,246.88999938964844,245.8000030517578,246.1300048828125,410121.0
2024-02-01T09:30:00-05:00,255.6300048828125,262.0,255.4600067138672,261.8599853515625,818167.0
2024-02-01T10:30:00-05:00,261.8599853515625,261.94000244140625,258.2699890136719,259.6549987792969,416445.0
2024-02-01T11:30:00-05:00,259.54998779296875,262.0091857910156,259.1499938964844,261.69000244140625,267676.0
2024-02-01T12:30:00-05:00,261.7099914550781,264.0199890136719,261.4549865722656,261.9599914550781,310841.0
2024-02-01T13:30:00-05:00,262.0,262.05999755859375,260.5950012207031,261.864990234375,253077.0
2024-02-01T14:30:00-05:00,261.9200134277344,263.4800109863281,261.1700134277344,262.239990234375,307869.0
2024-02-01T15:30:00-05:00,262.239990234375,264.75,262.17999267578125,264.57000732421875,737068.0
2024-02-02T09:30:00-05:00,266.1300048828125,269.3399963378906,265.260009765625,269.0,662628.0
2024-02-02T10:30:00-05:00,268.9700012207031,269.5400085449219,267.6300048828125,269.44000244140625,377347.0
2024-02-02T11:30:00-05:00,269.57000732421875,271.0899963378906,269.3699951171875,270.2300109863281,371293.0
2024-02-02T12:30:00-05:00,270.2699890136719,271.07000732421875,268.69000244140625,269.6000061035156,240778.0
2024-02-02T13:30:00-05:00,269.6099853515625,271.0,268.92999267578125,270.5150146484375,228158.0
2024-02-02T14:30:00-05:00,270.5150146484375,271.7449951171875,270.1300048828125,271.6099853515625,301945.0
2024-02-02T15:30:00-05:00,271.6400146484375,271.77899169921875,269.9700012207031,270.0400085449219,512502.0
2024-02-05T09:30:00-05:00,269.3599853515625,270.70001220703125,266.55999755859375,267.92999267578125,381871.0
2024-02-05T10:30:00-05:00,267.9100036621094,268.07000732421875,267.239990234375,267.69500732421875,228709.0
2024-02-05T11:30:00-05:00,267.7200012207031,268.7200012207031,267.14129638671875,268.7200012207031,173762.0
2024-02-05T12:30:00-05:00,268.7099914550781,268.86248779296875,268.06500244140625,268.2900085449219,98705.0
2024-02-05T13:30:00-05:00,268.25,269.1099853515625,268.2099914550781,269.05999755859375,115838.0
2024-02-05T14:30:00-05:00,269.1300048828125,269.9100036621094,268.9800109863281,269.510009765625,142894.0
2024-02-05T15:30:00-05:00,269.6000061035156,269.6499938964844,268.8999938964844,269.4800109863281,301496.0
2024-02-06T09:30:00-05:00,270.29998779296875,270.70001220703125,267.9599914550781,269.4800109863281,293270.0
2024-02-06T10:30:00-05:00,269.5450134277344,272.31500244140625,269.5299987792969,271.17498779296875,350311.0
2024-02-06T11:30:00-05:00,271.2200012207031,271.44000244140625,270.0799865722656,270.9599914550781,258429.0
2024-02-06T12:30:00-05:00,271.0,271.06988525390625,269.0799865722656,269.8399963378906,184697.0
2024-02-06T13:30:00-05:00,269.7550048828125,270.19000244140625,269.3900146484375,269.67999267578125,155599.0
2024-02-06T14:30:00-05:00,269.75,270.4599914550781,269.2200012207031,270.4150085449219,154803.0
2024-02-06T15:30:00-05:00,270.4599914550781,271.2699890136719,269.8699951171875,271.1000061035156,296758.0
2024-02-07T09:30:00-05:00,272.8800048828125,273.989990234375,271.1449890136719,273.9599914550781,249288.0
2024-02-07T10:30:00-05:00,273.5830993652344,273.5830993652344,272.0799865722656,272.8113098144531,110609.0
2024-02-07T11:30:00-05:00,272.95001220703125,273.8999938964844,272.75,273.239990234375,119415.0
2024-02-07T12:30:00-05:00,273.260009765625,273.80999755859375,272.94000244140625,273.19000244140625,72598.0
2024-02-07T13:30:00-05:00,273.2550048828125,274.010009765625,273.07000732421875,273.7049865722656,105896.0
2024-02-07T14:30:00-05:00,273.7149963378906,273.7200012207031,272.9700012207031,273.364990234375,122615.0
2024-02-07T15:30:00-05:00,273.364990234375,273.489990234375,272.385009765625,272.80999755859375,278943.0
2024-02-08T09:30:00-05:00,273.0,274.70001220703125,272.7049865722656,274.55999755859375,150108.0
2024-02-08T10:30:00-05:00,274.55999755859375,274.67999267578125,272.8999938964844,272.9599914550781,155759.0
2024-02-08T11:30:00-05:00,273.010009765625,273.7650146484375,272.6300048828125,273.7650146484375,192466.0
2024-02-08T12:30:00-05:00,273.7749938964844,273.7749938964844,272.6499938964844,272.9700012207031,138131.0
2024-02-08T13:30:00-05:00,272.93499755859375,273.0799865722656,272.5400085449219,272.989990234375,192212.0
2024-02-08T14:30:00-05:00,273.0,273.1300048828125,272.3900146484375,272.9200134277344,197346.0
2024-02-08T15:30:00-05:00,272.93499755859375,273.4100036621094,272.5,273.1499938964844,289171.0
2024-02-09T09:30:00-05:00,273.5400085449219,276.3800048828125,273.0,276.239990234375,234300.0
2024-02-09T10:30:00-05:00,276.30999755859375,276.8450012207031,275.70001220703125,276.3900146484375,203014.0
2024-02-09T11:30:00-05:00,276.2699890136719,277.2900085449219,275.9200134277344,277.1488952636719,206397.0
2024-02-09T12:30:00-05:00,277.1600036621094,278.1700134277344,277.05999755859375,277.8399963378906,137844.0
2024-02-09T13:30:00-05:00,277.8800048828125,278.3599853515625,277.4100036621094,278.114990234375,131667.0
2024-02-09T14:30:00-05:00,278.114990234375,278.5799865722656,277.739990234375,277.9100036621094,159061.0
2024-02-09T15:30:00-05:00,277.94000244140625,278.30999755859375,277.57000732421875,277.8900146484375,287632.0
2024-02-12T09:30:00-05:00,276.92999267578125,277.510009765625,273.989990234375,275.9150085449219,132824.0
2024-02-12T10:30:00-05:00,275.79998779296875,276.24200439453125,274.95001220703125,275.1499938964844,139740.0
2024-02-12T11:30:00-05:00,275.1700134277344,275.6700134277344,274.418701171875,274.54998779296875,134847.0
2024-02-12T12:30:00-05:00,274.44000244140625,275.3599853515625,274.17999267578125,274.4100036621094,100761.0
2024-02-12T13:30:00-05:00,274.44000244140625,274.5400085449219,272.510009765625,272.94000244140625,156788.0
2024-02-12T14:30:00-05:00,272.9200134277344,273.4049987792969,272.510009765625,273.260009765625,171297.0
2024-02-12T15:30:00-05:00,273.30999755859375,274.07000732421875,273.0799865722656,274.05999755859375,289090.0
2024-02-13T09:30:00-05:00,268.4100036621094,270.010009765625,266.0,268.54998779296875,456130.0
2024-02-13T10:30:00-05:00,268.8900146484375,271.1199951171875,268.7799987792969,270.9700012207031,256200.0
2024-02-13T11:30:00-05:00,271.05999755859375,271.7099914550781,269.6900939941406,270.42999267578125,140234.0
2024-02-13T12:30:00-05:00,270.3450012207031,271.3399963378906,270.2799987792969,271.3349914550781,168558.0
2024-02-13T13:30:00-05:00,271.2699890136719,272.0,270.5,271.0050048828125,268676.0
2024-02-13T14:30:00-05:00,271.0050048828125,273.05999755859375,270.6300048828125,273.010009765625,524035.0
2024-02-13T15:30:00-05:00,273.0,273.05999755859375,270.989990234375,272.4700012207031,448413.0
2024-02-14T09:30:00-05:00,274.2699890136719,275.6300048828125,272.6050109863281,275.30999755859375,154965.0
2024-02-14T10:30:00-05:00,275.1626892089844,275.3299865722656,273.2950134277344,274.0799865722656,107065.0
2024-02-14T11:30:00-05:00,274.1499938964844,275.3299865722656,274.010009765625,275.3299865722656,116143.0
2024-02-14T12:30:00-05:00,275.4049987792969,275.57501220703125,274.5799865722656,275.0150146484375,111240.0
2024-02-14T13:30:00-05:00,274.9800109863281,276.7799987792969,274.9700012207031,276.739990234375,155974.0
2024-02-14T14:30:00-05:00,276.79998779296875,277.1499938964844,276.25,276.3800048828125,206154.0
2024-02-14T15:30:00-05:00,276.33740234375,276.33740234375,275.6000061035156,275.6400146484375,273899.0
2024-02-15T09:30:00-05:00,275.6199951171875,277.0400085449219,272.7799987792969,272.7799987792969,177603.0
2024-02-15T10:30:00-05:00,272.8450012207031,274.7099914550781,272.7799987792969,274.19500732421875,175683.0
2024-02-15T11:30:00-05:00,273.989990234375,274.5199890136719,273.5299987792969,274.1600036621094,99014.0
2024-02-15T12:30:00-05:00,274.0899963378906,274.8900146484375,273.8800048828125,274.510009765625,102232.0
2024-02-15T13:30:00-05:00,274.5899963378906,275.6199951171875,273.8699951171875,275.2650146484375,148735.0
2024-02-15T14:30:00-05:00,275.2099914550781,276.2300109863281,274.92999267578125,276.1700134277344,183686.0
2024-02-15T15:30:00-05:00,276.17999267578125,276.3800048828125,275.260009765625,275.5400085449219,291656.0
2024-02-16T09:30:00-05:00,276.07000732421875,278.1899108886719,273.79998779296875,277.760009765625,223050.0
2024-02-16T10:30:00-05:00,277.7200012207031,278.8399963378906,277.2799987792969,278.7900085449219,183430.0
2024-02-16T11:30:00-05:00,278.8599853515625,278.94000244140625,277.42999267578125,278.2925109863281,121805.0
2024-02-16T12:30:00-05:00,278.3500061035156,278.6499938964844,277.6549987792969,278.5050048828125,83088.0
2024-02-16T13:30:00-05:00,278.5,278.8500061035156,277.9599914550781,278.6899108886719,107450.0
2024-02-16T14:30:00-05:00,278.57000732421875,278.57000732421875,276.635009765625,277.3699951171875,151753.0
2024-02-16T15:30:00-05:00,277.42999267578125,277.7850036621094,276.6300048828125,277.54998779296875,397042.0
2024-02-20T09:30:00-05:00,276.2300109863281,277.8599853515625,274.2099914550781,275.5,180989.0
2024-02-20T10:30:00-05:00,275.4700012207031,276.8399963378906,275.05999755859375,276.67999267578125,131919.0
2024-02-20T11:30:00-05:00,276.79998779296875,276.8399963378906,274.9549865722656,275.30999755859375,104844.0
2024-02-20T12:30:00-05:00,275.2950134277344,275.6499938964844,274.80999755859375,275.45001220703125,89533.0
2024-02-20T13:30:00-05:00,275.3699951171875,276.17498779296875,274.92999267578125,275.9800109863281,117734.0
2024-02-20T14:30:00-05:00,275.95001220703125,276.989990234375,275.8900146484375,276.9599914550781,149066.0
2024-02-20T15:30:00-05:00,276.9599914550781,276.9800109863281,275.4599914550781,276.30999755859375,232666.0
2024-02-21T09:30:00-05:00,275.29998779296875,277.44000244140625,274.1499938964844,276.69000244140625,155503.0
2024-02-21T10:30:00-05:00,276.6400146484375,278.0400085449219,276.3299865722656,277.8299865722656,114670.0
2024-02-21T11:30:00-05:00,277.8399963378906,277.8550109863281,276.69000244140625,276.989990234375,109461.0
2024-02-21T12:30:00-05:00,277.0899963378906,277.3999938964844,276.54998779296875,276.8900146484375,77447.0
2024-02-21T13:30:00-05:00,277.0,277.6300048828125,276.5400085449219,276.70001220703125,95471.0
2024-02-21T14:30:00-05:00,276.6700134277344,276.79998779296875,275.6400146484375,276.1650085449219,149165.0
2024-02-21T15:30:00-05:00,276.2300109863281,277.25,276.1600036621094,277.0400085449219,231755.0
2024-02-22T09:30:00-05:00,283.1099853515625,286.3699951171875,283.1099853515625,286.17999267578125,460793.0
2024-02-22T10:30:00-05:00,286.135009765625,286.135009765625,283.885009765625,284.3800048828125,246550.0
2024-02-22T11:30:00-05:00,284.3399963378906,284.9800109863281,284.010009765625,284.5899963378906,161149.0
2024-02-22T12:30:00-05:00,284.6099853515625,285.31500244140625,284.25,285.31500244140625,113932.0
2024-02-22T13:30:00-05:00,285.3500061035156,285.55999755859375,284.6000061035156,285.5299987792969,137858.0
2024-02-22T14:30:00-05:00,285.489990234375,285.5350036621094,284.4549865722656,285.0799865722656,193475.0
2024-02-22T15:30:00-05:00,285.07000732421875,285.67999267578125,284.54998779296875,284.5899963378906,383351.0
2024-02-23T09:30:00-05:00,285.45001220703125,288.4599914550781,285.0,285.30999755859375,240348.0
2024-02-23T10:30:00-05:00,285.31500244140625,285.6600036621094,283.0,284.17999267578125,161588.0
2024-02-23T11:30:00-05:00,284.17999267578125,285.3949890136719,283.760009765625,285.1700134277344,70526.0
2024-02-23T12:30:00-05:00,285.1400146484375,285.7300109863281,284.67999267578125,285.4750061035156,130335.0
2024-02-23T13:30:00-05:00,285.42999267578125,285.760009765625,284.6957092285156,284.8599853515625,71996.0
2024-02-23T14:30:00-05:00,284.82000732421875,285.3500061035156,284.760009765625,284.86138916015625,90222.0
2024-02-23T15:30:00-05:00,284.92999267578125,285.7699890136719,284.8086853027344,284.92999267578125,205775.0
2024-02-26T09:30:00-05:00,286.0,287.2099914550781,285.510009765625,286.6300048828125,194800.0
2024-02-26T10:30:00-05:00,286.5299987792969,287.1300048828125,285.79998779296875,286.3500061035156,138282.0
2024-02-26T11:30:00-05:00,286.3900146484375,287.0,286.04998779296875,286.8599853515625,171645.0
2024-02-26T12:30:00-05:00,286.8450012207031,287.0799865722656,286.31500244140625,286.31500244140625,144805.0
2024-02-26T13:30:00-05:00,286.29998779296875,287.54998779296875,286.1000061035156,286.8500061035156,142506.0
2024-02-26T14:30:00-05:00,286.8999938964844,286.95001220703125,285.9150085449219,286.4200134277344,208999.0
2024-02-26T15:30:00-05:00,286.3500061035156,286.38751220703125,284.17999267578125,284.29998779296875,557990.0
2024-02-27T09:30:00-05:00,284.125,285.3999938964844,283.55999755859375,285.1000061035156,618478.0
2024-02-27T10:30:00-05:00,285.1499938964844,285.1499938964844,283.7049865722656,283.7699890136719,143030.0
2024-02-27T11:30:00-05:00,283.7799987792969,283.7799987792969,282.418212890625,282.9800109863281,142094.0
2024-02-27T12:30:00-05:00,283.04998779296875,283.4100036621094,282.239990234375,282.7699890136719,85512.0
2024-02-27T13:30:00-05:00,282.760009765625,283.1499938964844,282.30999755859375,282.7950134277344,116799.0
2024-02-27T14:30:00-05:00,282.7300109863281,283.7300109863281,282.66839599609375,283.7300109863281,121560.0
2024-02-27T15:30:00-05:00,283.70001220703125,283.989990234375,283.5199890136719,283.6199951171875,250689.0
2024-02-28T09:30:00-05:00,283.57000732421875,285.44500732421875,282.6700134277344,285.3299865722656,157382.0
2024-02-28T10:30:00-05:00,285.2200012207031,286.6600036621094,285.13189697265625,286.2850036621094,124040.0
2024-02-28T11:30:00-05:00,286.3299865722656,286.6000061035156,285.67999267578125,286.1400146484375,120777.0
2024-02-28T12:30:00-05:00,286.1400146484375,287.17999267578125,286.0,287.0400085449219,103287.0
2024-02-28T13:30:00-05:00,287.1400146484375,287.3099060058594,286.4200134277344,287.0299987792969,126159.0
2024-02-28T14:30:00-05:00,287.0299987792969,287.6400146484375,286.739990234375,287.0400085449219,168247.0
2024-02-28T15:30:00-05:00,287.0299987792969,287.0299987792969,286.19000244140625,287.0,206089.0
2024-02-29T09:30:00-05:00,287.0,288.32000732421875,285.92999267578125,287.2572937011719,254180.0
2024-02-29T10:30:00-05:00,287.3399963378906,288.8949890136719,287.06500244140625,288.63360595703125,127543.0
2024-02-29T11:30:00-05:00,288.6199951171875,289.0950012207031,287.4599914550781,288.5,126052.0
2024-02-29T12:30:00-05:00,288.45001220703125,289.1872863769531,288.3190002441406,288.9150085449219,155574.0
2024-02-29T13:30:00-05:00,288.8800048828125,289.3999938964844,288.70001220703125,288.8299865722656,122329.0
2024-02-29T14:30:00-05:00,288.8984069824219,289.0498962402344,288.5,288.7912902832031,175587.0
2024-02-29T15:30:00-05:00,288.7900085449219,289.8599853515625,288.67999267578125,288.67999267578125,347140.0
2024-03-01T09:30:00-05:00,289.3599853515625,294.43499755859375,288.80999755859375,292.5,502642.0
2024-03-01T10:30:00-05:00,292.6000061035156,292.989990234375,291.7590026855469,292.44000244140625,199618.0
2024-03-01T11:30:00-05:00,292.44000244140625,293.5769958496094,292.1600036621094,292.40631103515625,210122.0
2024-03-01T12:30:00-05:00,292.364990234375,292.69000244140625,291.94000244140625,292.5508117675781,125945.0
2024-03-01T13:30:00-05:00,292.5450134277344,293.1199951171875,292.0862121582031,292.7349853515625,174083.0
2024-03-01T14:30:00-05:00,292.8500061035156,293.1300048828125,292.2983093261719,292.94000244140625,155623.0
2024-03-01T15:30:00-05:00,292.9200134277344,293.94000244140625,292.8399963378906,293.7099914550781,460052.0
2024-03-04T09:30:00-05:00,295.8900146484375,297.8699951171875,295.3599853515625,296.3699951171875,290995.0
2024-03-04T10:30:00-05:00,296.25,296.260009765625,294.5303955078125,295.1000061035156,133296.0
2024-03-04T11:30:00-05:00,295.114990234375,296.70001220703125,295.1099853515625,296.510009765625,223331.0
2024-03-04T12:30:00-05:00,296.510009765625,297.5299987792969,296.30999755859375,297.44500732421875,127267.0
2024-03-04T13:30:00-05:00,297.54998779296875,297.79998779296875,296.9200134277344,297.6199951171875,210945.0
2024-03-04T14:30:00-05:00,297.67999267578125,298.1325988769531,296.4800109863281,296.82000732421875,326547.0
2024-03-04T15:30:00-05:00,296.8699951171875,297.0199890136719,295.93499755859375,296.57000732421875,389012.0
2024-03-05T09:30:00-05:00,294.3500061035156,295.07000732421875,292.2200012207031,293.5899963378906,379350.0
2024-03-05T10:30:00-05:00,293.6199951171875,293.67999267578125,292.1099853515625,293.1099853515625,372178.0
2024-03-05T11:30:00-05:00,293.07501220703125,293.5,292.75,293.1099853515625,135671.0
2024-03-05T12:30:00-05:00,293.0799865722656,293.0950012207031,291.1099853515625,291.2250061035156,276630.0
2024-03-05T13:30:00-05:00,291.1700134277344,291.7571105957031,290.19000244140625,290.5799865722656,232941.0
2024-03-05T14:30:00-05:00,290.5199890136719,290.54998779296875,289.3699951171875,289.6300048828125,271623.0
2024-03-05T15:30:00-05:00,289.54998779296875,292.3800048828125,289.40020751953125,291.92999267578125,326925.0
2024-03-06T09:30:00-05:00,295.32000732421875,298.17999267578125,294.88238525390625,297.43499755859375,280449.0
2024-03-06T10:30:00-05:00,297.43499755859375,297.79998779296875,295.8900146484375,295.8900146484375,233180.0
2024-03-06T11:30:00-05:00,295.9599914550781,297.5299987792969,295.5799865722656,297.07501220703125,131311.0
2024-03-06T12:30:00-05:00,297.19000244140625,298.010009765625,296.45001220703125,298.0050048828125,127321.0
2024-03-06T13:30:00-05:00,297.92999267578125,298.3900146484375,295.7900085449219,296.70001220703125,165918.0
2024-03-06T14:30:00-05:00,296.8500061035156,296.97821044921875,295.0299987792969,295.8349914550781,185527.0
2024-03-06T15:30:00-05:00,295.86199951171875,296.8320007324219,295.45001220703125,296.6400146484375,219901.0
2024-03-07T09:30:00-05:00,298.7300109863281,300.0899963378906,297.260009765625,297.94500732421875,332622.0
2024-03-07T10:30:00-05:00,297.82501220703125,298.6199951171875,297.2850036621094,297.55499267578125,218278.0
2024-03-07T11:30:00-05:00,297.510009765625,298.4599914550781,296.8999938964844,298.2200012207031,134905.0
2024-03-07T12:30:00-05:00,298.18499755859375,299.1499938964844,297.8716125488281,299.1499938964844,117122.0
2024-03-07T13:30:00-05:00,299.0505065917969,299.9700012207031,298.8999938964844,299.2699890136719,212192.0
2024-03-07T14:30:00-05:00,299.19000244140625,300.260009765625,298.8169860839844,300.07000732421875,213245.0
2024-03-07T15:30:00-05:00,300.07000732421875,301.5299987792969,299.760009765625,300.9700012207031,358962.0
2024-03-08T09:30:00-05:00,299.760009765625,303.3999938964844,299.4800109863281,302.3900146484375,336326.0
2024-03-08T10:30:00-05:00,302.25,302.5799865722656,300.19000244140625,300.239990234375,184697.0
2024-03-08T11:30:00-05:00,300.2449951171875,300.30999755859375,299.1000061035156,299.3999938964844,338145.0
2024-03-08T12:30:00-05:00,299.3399963378906,300.1799011230469,297.739990234375,297.739990234375,177268.0
2024-03-08T13:30:00-05:00,297.6600036621094,298.3699951171875,295.564208984375,298.3699951171875,165624.0
2024-03-08T14:30:00-05:00,298.3500061035156,298.48748779296875,296.4150085449219,296.4150085449219,132942.0
2024-03-08T15:30:00-05:00,296.3399963378906,297.6400146484375,296.29998779296875,297.489990234375,337577.0
2024-03-11T09:30:00-04:00,295.5,295.7900085449219,290.0,290.4150085449219,354366.0
2024-03-11T10:30:00-04:00,290.32000732421875,292.2799987792969,289.6000061035156,290.55999755859375,342239.0
2024-03-11T11:30:00-04:00,290.4849853515625,292.1099853515625,290.17999267578125,292.10528564453125,127191.0
2024-03-11T12:30:00-04:00,292.0899963378906,292.7799987792969,291.0899963378906,291.80999755859375,130743.0
2024-03-11T13:30:00-04:00,291.80999755859375,292.1199951171875,290.8599853515625,291.9100036621094,122554.0
2024-03-11T14:30:00-04:00,291.7950134277344,292.6980895996094,291.4100036621094,292.2439880371094,147346.0
2024-03-11T15:30:00-04:00,292.2200012207031,293.04998779296875,292.1499938964844,292.70001220703125,228284.0
2024-03-12T09:30:00-04:00,293.4200134277344,294.8399963378906,291.94000244140625,293.9549865722656,292681.0
2024-03-12T10:30:00-04:00,293.9549865722656,295.8699951171875,293.739990234375,295.7850036621094,186426.0
2024-03-12T11:30:00-04:00,295.7300109863281,295.7300109863281,294.5899963378906,294.6099853515625,139211.0
2024-03-12T12:30:00-04:00,294.6449890136719,295.2799987792969,293.7510070800781,294.5249938964844,113175.0
2024-03-12T13:30:00-04:00,294.6000061035156,296.1600036621094,294.5150146484375,295.9800109863281,106004.0
2024-03-12T14:30:00-04:00,296.0,297.92999267578125,295.7099914550781,297.7900085449219,261013.0
2024-03-12T15:30:00-04:00,297.70001220703125,298.30999755859375,296.760009765625,297.8299865722656,454093.0
2024-03-13T09:30:00-04:00,296.4599914550781,299.1300048828125,295.67999267578125,299.0574951171875,267750.0
2024-03-13T10:30:00-04:00,299.1199951171875,299.4700012207031,297.2300109863281,297.9599914550781,194153.0
2024-03-13T11:30:00-04:00,297.95001220703125,298.7900085449219,297.67999267578125,298.3949890136719,104421.0
2024-03-13T12:30:00-04:00,298.3500061035156,299.0,298.1549987792969,298.8550109863281,90990.0
2024-03-13T13:30:00-04:00,298.7900085449219,299.7799987792969,298.70001220703125,299.7250061035156,117622.0
2024-03-13T14:30:00-04:00,299.7099914550781,299.9200134277344,298.489990234375,298.8900146484375,167638.0
2024-03-13T15:30:00-04:00,298.80999755859375,300.69000244140625,298.7799987792969,300.2300109863281,383579.0
2024-03-14T09:30:00-04:00,302.6700134277344,302.9801025390625,299.6300048828125,301.2900085449219,217130.0
2024-03-14T10:30:00-04:00,301.67498779296875,302.5199890136719,298.25,299.260009765625,307980.0
2024-03-14T11:30:00-04:00,299.2699890136719,300.44000244140625,298.57000732421875,300.44000244140625,174840.0
2024-03-14T12:30:00-04:00,300.489990234375,300.67999267578125,298.7300109863281,299.1300048828125,164858.0
2024-03-14T13:30:00-04:00,299.1400146484375,300.25,298.7950134277344,299.5799865722656,137300.0
2024-03-14T14:30:00-04:00,299.7200012207031,300.0299987792969,298.4599914550781,298.4700012207031,258651.0
2024-03-14T15:30:00-04:00,298.4700012207031,300.4200134277344,297.45599365234375,300.3800048828125,432769.0
2024-03-15T09:30:00-04:00,298.0299987792969,301.51959228515625,298.0299987792969,300.4700012207031,542592.0
2024-03-15T10:30:00-04:00,300.4649963378906,302.677001953125,300.42999267578125,301.3999938964844,145558.0
2024-03-15T11:30:00-04:00,301.3800048828125,301.4200134277344,299.82000732421875,300.29998779296875,97220.0
2024-03-15T12:30:00-04:00,300.2650146484375,300.8900146484375,299.5799865722656,300.31500244140625,105153.0
2024-03-15T13:30:00-04:00,300.32000732421875,300.4800109863281,299.07501220703125,299.5199890136719,139002.0
2024-03-15T14:30:00-04:00,299.5050048828125,299.9200134277344,298.72119140625,299.1499938964844,206716.0
2024-03-15T15:30:00-04:00,299.1650085449219,299.3800048828125,297.760009765625,297.9100036621094,354736.0
2024-03-18T09:30:00-04:00,300.80999755859375,303.2449951171875,299.8688049316406,301.010009765625,323353.0
2024-03-18T10:30:00-04:00,301.0199890136719,301.2749938964844,300.20001220703125,300.3900146484375,184256.0
2024-03-18T11:30:00-04:00,300.3900146484375,300.6400146484375,299.6199951171875,300.1549072265625,141321.0
2024-03-18T12:30:00-04:00,300.25,300.8349914550781,299.2200012207031,300.7200012207031,98019.0
2024-03-18T13:30:00-04:00,300.7049865722656,300.739990234375,300.0199890136719,300.55999755859375,150628.0
2024-03-18T14:30:00-04:00,300.5899963378906,300.94000244140625,299.8800048828125,300.510009765625,154297.0
2024-03-18T15:30:00-04:00,300.510009765625,300.70001220703125,298.5799865722656,298.80999755859375,209768.0
2024-03-19T09:30:00-04:00,298.239990234375,299.5199890136719,297.2699890136719,298.6099853515625,200686.0
2024-03-19T10:30:00-04:00,298.5799865722656,300.1499938964844,298.4849853515625,299.8500061035156,152533.0
2024-03-19T11:30:00-04:00,299.9200134277344,301.2799987792969,299.9200134277344,301.125,145705.0
2024-03-19T12:30:00-04:00,301.2362060546875,302.2381896972656,301.0150146484375,302.1000061035156,143171.0
2024-03-19T13:30:00-04:00,302.17999267578125,302.3949890136719,301.7099914550781,302.2101135253906,144462.0
2024-03-19T14:30:00-04:00,302.3399963378906,302.8699951171875,301.6300048828125,302.1700134277344,101661.0
2024-03-19T15:30:00-04:00,302.0450134277344,303.1700134277344,302.0,303.0,160311.0
2024-03-20T09:30:00-04:00,304.55999755859375,305.8284912109375,303.3599853515625,305.8284912109375,155289.0
2024-03-20T10:30:00-04:00,305.8500061035156,306.7333068847656,305.24749755859375,306.67999267578125,190365.0
2024-03-20T11:30:00-04:00,306.6000061035156,306.6698913574219,305.4800109863281,305.82501220703125,141945.0
2024-03-20T12:30:00-04:00,305.7300109863281,307.1199951171875,305.4599914550781,307.04998779296875,115802.0
2024-03-20T13:30:00-04:00,307.07000732421875,308.82000732421875,306.4049987792969,308.0249938964844,185044.0
2024-03-20T14:30:00-04:00,308.1199951171875,310.1000061035156,306.82000732421875,310.1000061035156,299956.0
2024-03-20T15:30:00-04:00,310.1000061035156,310.42999267578125,308.3800048828125,309.75,344408.0
2024-03-21T09:30:00-04:00,311.7099914550781,313.95001220703125,310.20001220703125,313.9100036621094,327656.0
2024-03-21T10:30:00-04:00,313.9700012207031,315.7900085449219,313.5350036621094,314.510009765625,185081.0
2024-03-21T11:30:00-04:00,314.6300048828125,315.1050109863281,313.9100036621094,314.32000732421875,117970.0
2024-03-21T12:30:00-04:00,314.32000732421875,314.3399963378906,313.3800964355469,313.95001220703125,111952.0
2024-03-21T13:30:00-04:00,313.92498779296875,314.82000732421875,313.8900146484375,314.32000732421875,112748.0
2024-03-21T14:30:00-04:00,314.29998779296875,315.6300048828125,313.7650146484375,315.17999267578125,252962.0
2024-03-21T15:30:00-04:00,315.17999267578125,315.7900085449219,314.25,315.4100036621094,417204.0
2024-03-22T09:30:00-04:00,314.92999267578125,315.8500061035156,314.3599853515625,315.3800048828125,193993.0
2024-03-22T10:30:00-04:00,315.5199890136719,315.67999267578125,314.6199951171875,314.9649963378906,221108.0
2024-03-22T11:30:00-04:00,315.0299987792969,315.9800109863281,315.0199890136719,315.30999755859375,140837.0
2024-03-22T12:30:00-04:00,315.2449951171875,315.3500061035156,314.9100036621094,315.32000732421875,87245.0
2024-03-22T13:30:00-04:00,315.30499267578125,316.69000244140625,315.2200012207031,316.6117858886719,207809.0
2024-03-22T14:30:00-04:00,316.55499267578125,316.75,315.8399963378906,316.6099853515625,225145.0
2024-03-22T15:30:00-04:00,316.5899963378906,317.0199890136719,316.2699890136719,316.3900146484375,393787.0
2024-03-25T09:30:00-04:00,315.0,315.7799987792969,313.0199890136719,314.69500732421875,277164.0
2024-03-25T10:30:00-04:00,314.6000061035156,314.69000244140625,312.44000244140625,312.68499755859375,220380.0
2024-03-25T11:30:00-04:00,312.68499755859375,314.0799865722656,312.57501220703125,313.8299865722656,191040.0
2024-03-25T12:30:00-04:00,313.7650146484375,313.8500061035156,312.510009765625,312.7300109863281,126304.0
2024-03-25T13:30:00-04:00,312.67999267578125,313.3299865722656,312.17999267578125,313.2699890136719,173131.0
2024-03-25T14:30:00-04:00,313.30499267578125,313.4953918457031,312.3500061035156,312.3500061035156,164488.0
2024-03-25T15:30:00-04:00,312.30999755859375,312.70001220703125,311.5,311.8699951171875,275920.0
2024-03-26T09:30:00-04:00,311.6600036621094,315.739990234375,311.4599914550781,315.1000061035156,202928.0
2024-03-26T10:30:00-04:00,315.1099853515625,316.29998779296875,314.80999755859375,316.1759948730469,195940.0
2024-03-26T11:30:00-04:00,316.1400146484375,316.1499938964844,314.4100036621094,314.6700134277344,169967.0
2024-03-26T12:30:00-04:00,314.6499938964844,315.04998779296875,313.80499267578125,313.8500061035156,122720.0
2024-03-26T13:30:00-04:00,313.7699890136719,314.489990234375,313.75,314.3399963378906,225204.0
2024-03-26T14:30:00-04:00,314.3900146484375,314.3999938964844,312.4549865722656,312.6499938964844,279459.0
2024-03-26T15:30:00-04:00,312.6199951171875,313.3599853515625,311.8599853515625,312.0799865722656,390119.0
2024-03-27T09:30:00-04:00,314.0,314.25,308.5299987792969,308.6099853515625,363240.0
2024-03-27T10:30:00-04:00,308.6600036621094,311.8590087890625,308.2200012207031,311.1650085449219,266637.0
2024-03-27T11:30:00-04:00,311.04998779296875,311.989990234375,310.7799987792969,311.9849853515625,141693.0
2024-03-27T12:30:00-04:00,311.9100036621094,311.9700012207031,310.7950134277344,311.0400085449219,97270.0
2024-03-27T13:30:00-04:00,311.08740234375,312.1499938964844,310.8399963378906,312.07000732421875,88847.0
2024-03-27T14:30:00-04:00,312.07000732421875,312.8399963378906,311.31500244140625,312.75,121141.0
2024-03-27T15:30:00-04:00,312.7900085449219,314.6400146484375,312.5249938964844,314.6300048828125,332186.0
2024-03-28T09:30:00-04:00,314.69000244140625,314.75,312.3800048828125,312.6700134277344,159411.0
2024-03-28T10:30:00-04:00,312.9200134277344,314.45001220703125,312.385009765625,314.3500061035156,170974.0
2024-03-28T11:30:00-04:00,314.2799987792969,314.57000732421875,313.55999755859375,313.79998779296875,110892.0
2024-03-28T12:30:00-04:00,313.75,313.75,312.82501220703125,312.8699951171875,113675.0
2024-03-28T13:30:00-04:00,312.8299865722656,313.0899963378906,312.0,312.5849914550781,243628.0
2024-03-28T14:30:00-04:00,312.5849914550781,314.04998779296875,312.29998779296875,313.7550048828125,182122.0
2024-03-28T15:30:00-04:00,313.80999755859375,313.8900146484375,312.3599853515625,312.3599853515625,389194.0
2024-04-01T09:30:00-04:00,313.0,314.1300048828125,312.29998779296875,313.47198486328125,158064.0
2024-04-01T10:30:00-04:00,313.6300048828125,313.9700012207031,312.9150085449219,313.5,161362.0
2024-04-01T11:30:00-04:00,313.4150085449219,313.4299011230469,311.82000732421875,312.0150146484375,155152.0
2024-04-01T12:30:00-04:00,312.0823974609375,312.44000244140625,311.07000732421875,311.44500732421875,90450.0
2024-04-01T13:30:00-04:00,311.4700012207031,311.7699890136719,311.07000732421875,311.30499267578125,109534.0
2024-04-01T14:30:00-04:00,311.30999755859375,312.1050109863281,311.30999755859375,311.6499938964844,115977.0
2024-04-01T15:30:00-04:00,311.5906982421875,312.3500061035156,311.4100036621094,311.760009765625,239862.0
2024-04-02T09:30:00-04:00,313.0400085449219,316.42498779296875,312.5799865722656,314.3349914550781,734260.0
2024-04-02T10:30:00-04:00,314.31500244140625,315.5299987792969,313.54998779296875,314.5400085449219,181589.0
2024-04-02T11:30:00-04:00,314.510009765625,314.54998779296875,313.30999755859375,314.4800109863281,174976.0
2024-04-02T12:30:00-04:00,314.375,314.4700012207031,313.5,313.67999267578125,150345.0
2024-04-02T13:30:00-04:00,313.6499938964844,314.9700012207031,313.25,314.8900146484375,133012.0
2024-04-02T14:30:00-04:00,314.8900146484375,315.1799011230469,314.07000732421875,314.4599914550781,170683.0
2024-04-02T15:30:00-04:00,314.6300048828125,315.2850036621094,314.385009765625,315.0,474717.0
2024-04-03T09:30:00-04:00,315.5,319.777099609375,315.5,319.0400085449219,566735.0
2024-04-03T10:30:00-04:00,318.94000244140625,321.760009765625,318.94000244140625,321.29998779296875,423529.0
2024-04-03T11:30:00-04:00,321.32000732421875,322.3599853515625,319.95001220703125,320.7650146484375,183974.0
2024-04-03T12:30:00-04:00,320.760009765625,321.30999755859375,319.8299865722656,321.0950012207031,125253.0
2024-04-03T13:30:00-04:00,321.1099853515625,322.0400085449219,320.989990234375,321.19000244140625,177448.0
2024-04-03T14:30:00-04:00,321.17999267578125,321.6698913574219,320.1000061035156,320.8999938964844,199275.0
2024-04-03T15:30:00-04:00,320.9200134277344,322.010009765625,320.8299865722656,320.9599914550781,473435.0
2024-04-04T09:30:00-04:00,323.9100036621094,325.160888671875,323.1600036621094,324.7900085449219,337134.0
2024-04-04T10:30:00-04:00,324.7049865722656,325.04998779296875,324.0,325.0050048828125,196015.0
2024-04-04T11:30:00-04:00,325.0199890136719,326.2099914550781,324.5299987792969,325.07000732421875,207988.0
2024-04-04T12:30:00-04:00,325.0199890136719,325.67999267578125,324.8900146484375,325.34600830078125,131819.0
2024-04-04T13:30:00-04:00,325.3349914550781,325.3349914550781,321.0,321.0350036621094,368016.0
2024-04-04T14:30:00-04:00,321.0150146484375,322.07501220703125,318.4599914550781,318.4599914550781,437550.0
2024-04-04T15:30:00-04:00,318.4849853515625,320.6099853515625,318.1700134277344,320.1700134277344,756350.0
2024-04-05T09:30:00-04:00,323.92999267578125,329.2900085449219,322.7900085449219,327.0199890136719,560265.0
2024-04-05T10:30:00-04:00,326.9800109863281,329.489990234375,326.8949890136719,329.4599914550781,278951.0
2024-04-05T11:30:00-04:00,329.5199890136719,331.46990966796875,329.1499938964844,330.79998779296875,279194.0
2024-04-05T12:30:00-04:00,330.80999755859375,331.32000732421875,329.25,330.6549987792969,206564.0
2024-04-05T13:30:00-04:00,330.6499938964844,330.6499938964844,328.027587890625,328.8999938964844,151269.0
2024-04-05T14:30:00-04:00,328.80999755859375,329.635009765625,328.17010498046875,328.57000732421875,304800.0
2024-04-05T15:30:00-04:00,328.5299987792969,330.7200012207031,328.44000244140625,330.5199890136719,443744.0
2024-04-08T09:30:00-04:00,326.29998779296875,328.9150085449219,323.6300048828125,325.9549865722656,721391.0
2024-04-08T10:30:00-04:00,325.94000244140625,326.4425048828125,324.5412902832031,325.3550109863281,331827.0
2024-04-08T11:30:00-04:00,325.3550109863281,325.6366882324219,323.7799987792969,324.1000061035156,132610.0
2024-04-08T12:30:00-04:00,324.04998779296875,325.6083984375,324.0,325.1925964355469,144638.0
2024-04-08T13:30:00-04:00,325.2049865722656,325.57000732421875,324.7200012207031,325.010009765625,130736.0
2024-04-08T14:30:00-04:00,324.9849853515625,325.6600036621094,324.8500061035156,325.2650146484375,190090.0
2024-04-08T15:30:00-04:00,325.31451416015625,325.9700012207031,324.9800109863281,325.9100036621094,302956.0
2024-04-09T09:30:00-04:00,324.94000244140625,325.510009765625,316.6499938964844,316.82000732421875,773388.0
2024-04-09T10:30:00-04:00,316.79998779296875,316.79998779296875,313.0,315.7099914550781,651643.0
2024-04-09T11:30:00-04:00,315.70001220703125,316.8739929199219,315.17999267578125,315.7650146484375,463346.0
2024-04-09T12:30:00-04:00,315.7500915527344,316.3800048828125,314.54998779296875,314.70001220703125,208393.0
2024-04-09T13:30:00-04:00,314.6650085449219,315.4700012207031,314.1099853515625,314.80999755859375,266167.0
2024-04-09T14:30:00-04:00,314.81500244140625,315.4200134277344,313.739990234375,315.3900146484375,439065.0
2024-04-09T15:30:00-04:00,315.3800048828125,315.43499755859375,313.1050109863281,313.6700134277344,716010.0
2024-04-10T09:30:00-04:00,309.0,315.8919982910156,306.2101135253906,314.45001220703125,604823.0
2024-04-10T10:30:00-04:00,314.3900146484375,316.8699035644531,314.2300109863281,316.8299865722656,269393.0
2024-04-10T11:30:00-04:00,316.7300109863281,316.8599853515625,315.239990234375,316.0,184334.0
2024-04-10T12:30:00-04:00,316.0159912109375,317.3699951171875,315.2099914550781,316.2699890136719,153686.0
2024-04-10T13:30:00-04:00,316.1499938964844,316.989990234375,315.2699890136719,315.55999755859375,170291.0
2024-04-10T14:30:00-04:00,315.54998779296875,316.0899963378906,314.7699890136719,314.79998779296875,264726.0
2024-04-10T15:30:00-04:00,314.7850036621094,315.07000732421875,313.8699951171875,314.20001220703125,415576.0
2024-04-11T09:30:00-04:00,314.4100036621094,315.8500061035156,312.95001220703125,315.45001220703125,207744.0
2024-04-11T10:30:00-04:00,315.4200134277344,316.4150085449219,315.32000732421875,315.760009765625,154372.0
2024-04-11T11:30:00-04:00,315.8900146484375,316.1700134277344,315.5299987792969,315.8399963378906,94989.0
2024-04-11T12:30:00-04:00,315.7799987792969,318.3299865722656,315.30499267578125,318.07000732421875,149343.0
2024-04-11T13:30:00-04:00,318.0150146484375,319.3399963378906,317.55999755859375,318.93499755859375,138240.0
2024-04-11T14:30:00-04:00,318.9700012207031,319.3599853515625,317.92010498046875,318.2349853515625,145270.0
2024-04-11T15:30:00-04:00,318.19500732421875,318.3999938964844,317.1700134277344,317.2099914550781,314877.0
2024-04-12T09:30:00-04:00,314.2699890136719,317.4200134277344,314.2699890136719,315.8299865722656,333468.0
2024-04-12T10:30:00-04:00,315.8299865722656,317.1300048828125,315.2550048828125,317.0849914550781,203284.0
2024-04-12T11:30:00-04:00,317.1899108886719,317.6400146484375,316.1099853515625,316.5450134277344,189389.0
2024-04-12T12:30:00-04:00,316.4200134277344,316.44000244140625,314.8399963378906,314.8399963378906,283723.0
2024-04-12T13:30:00-04:00,314.8299865722656,316.5199890136719,314.3500061035156,315.9150085449219,173989.0
2024-04-12T14:30:00-04:00,315.9700012207031,316.42999267578125,315.4849853515625,315.82000732421875,224616.0
2024-04-12T15:30:00-04:00,315.8299865722656,318.6700134277344,315.5899963378906,318.5,373550.0
2024-04-15T09:30:00-04:00,324.0,324.82000732421875,318.9800109863281,319.1449890136719,258954.0
2024-04-15T10:30:00-04:00,319.1600036621094,319.7200012207031,316.239990234375,317.3999938964844,301177.0
2024-04-15T11:30:00-04:00,317.4800109863281,319.54998779296875,317.25,318.0799865722656,194497.0
2024-04-15T12:30:00-04:00,317.7911071777344,318.25,315.75,316.0,159178.0
2024-04-15T13:30:00-04:00,315.9649963378906,316.4599914550781,314.4400939941406,315.5,367999.0
2024-04-15T14:30:00-04:00,315.5,316.0574035644531,313.885009765625,314.6600036621094,256016.0
2024-04-15T15:30:00-04:00,314.6300048828125,316.17999267578125,314.510009765625,315.2799987792969,334751.0
2024-04-16T09:30:00-04:00,312.8900146484375,314.9256896972656,311.8599853515625,312.7799987792969,244075.0
2024-04-16T10:30:00-04:00,312.6499938964844,313.659912109375,311.32000732421875,313.3900146484375,204948.0
2024-04-16T11:30:00-04:00,313.4649963378906,315.42999267578125,313.0400085449219,315.17498779296875,218184.0
2024-04-16T12:30:00-04:00,315.18499755859375,315.94000244140625,314.5150146484375,315.3800048828125,110322.0
2024-04-16T13:30:00-04:00,315.3800048828125,316.5799865722656,313.5899963378906,314.6400146484375,138494.0
2024-04-16T14:30:00-04:00,314.8500061035156,317.5400085449219,314.54998779296875,316.989990234375,205584.0
2024-04-16T15:30:00-04:00,316.9200134277344,316.9200134277344,315.05999755859375,315.05999755859375,246978.0
2024-04-17T09:30:00-04:00,316.67999267578125,316.67999267578125,311.9100036621094,312.92999267578125,325615.0
2024-04-17T10:30:00-04:00,312.94000244140625,313.1549987792969,310.4599914550781,310.4599914550781,320186.0
2024-04-17T11:30:00-04:00,310.5199890136719,310.6000061035156,307.45001220703125,307.5450134277344,386682.0
2024-04-17T12:30:00-04:00,307.44000244140625,309.218994140625,305.8450012207031,308.25,261775.0
2024-04-17T13:30:00-04:00,308.3299865722656,310.8299865722656,308.2149963378906,310.19000244140625,145256.0
2024-04-17T14:30:00-04:00,310.25,311.5599060058594,309.06500244140625,309.5199890136719,190853.0
2024-04-17T15:30:00-04:00,309.5249938964844,310.8699951171875,309.1050109863281,310.1499938964844,332649.0
2024-04-18T09:30:00-04:00,313.75,315.2149963378906,311.8399963378906,314.625,299872.0
2024-04-18T10:30:00-04:00,314.760009765625,315.7099914550781,314.1199951171875,314.5950012207031,191793.0
2024-04-18T11:30:00-04:00,314.6700134277344,315.30999755859375,314.29998779296875,314.8699951171875,129173.0
2024-04-18T12:30:00-04:00,314.75,314.80999755859375,310.9549865722656,311.9849853515625,116044.0
2024-04-18T13:30:00-04:00,311.8699951171875,312.0050964355469,310.04998779296875,310.5050048828125,139349.0
2024-04-18T14:30:00-04:00,310.5874938964844,310.69000244140625,308.82000732421875,309.0400085449219,333762.0
2024-04-18T15:30:00-04:00,309.17999267578125,309.92498779296875,308.4599914550781,308.7799987792969,389987.0
2024-04-19T09:30:00-04:00,309.0400085449219,311.6600036621094,305.9100036621094,307.3399963378906,540401.0
2024-04-19T10:30:00-04:00,307.3399963378906,309.3800048828125,306.6199951171875,308.45001220703125,347566.0
2024-04-19T11:30:00-04:00,308.44000244140625,308.6199951171875,305.2900085449219,305.6000061035156,283798.0
2024-04-19T12:30:00-04:00,305.6000061035156,307.4200134277344,304.6099853515625,306.5849914550781,178980.0
2024-04-19T13:30:00-04:00,306.57000732421875,307.9200134277344,305.7799987792969,305.7799987792969,189672.0
2024-04-19T14:30:00-04:00,305.70001220703125,305.94000244140625,302.9750061035156,303.4100036621094,337723.0
2024-04-19T15:30:00-04:00,303.5199890136719,303.739990234375,302.260009765625,303.1499938964844,674906.0
2024-04-22T09:30:00-04:00,305.3500061035156,308.32000732421875,304.57000732421875,306.2699890136719,389865.0
2024-04-22T10:30:00-04:00,306.2749938964844,306.29998779296875,304.1700134277344,305.010986328125,253335.0
2024-04-22T11:30:00-04:00,304.9800109863281,306.8999938964844,304.9674987792969,306.6000061035156,199550.0
2024-04-22T12:30:00-04:00,306.6099853515625,307.5400085449219,305.7200012207031,307.5400085449219,192893.0
2024-04-22T13:30:00-04:00,307.57000732421875,310.3399963378906,306.8900146484375,310.04998779296875,205205.0
2024-04-22T14:30:00-04:00,310.0150146484375,310.32000732421875,308.93499755859375,309.3699951171875,179364.0
2024-04-22T15:30:00-04:00,309.3299865722656,309.4200134277344,307.4599914550781,308.1700134277344,380749.0
2024-04-23T09:30:00-04:00,311.94000244140625,314.260009765625,310.3949890136719,313.9999084472656,363058.0
2024-04-23T10:30:00-04:00,313.9800109863281,315.2799987792969,312.45001220703125,312.7149963378906,492781.0
2024-04-23T11:30:00-04:00,312.7149963378906,313.5784912109375,311.8399963378906,312.44500732421875,304796.0
2024-04-23T12:30:00-04:00,312.44500732421875,313.5799865722656,312.2799987792969,312.9700012207031,301089.0
2024-04-23T13:30:00-04:00,312.9700012207031,314.19000244140625,312.8299865722656,313.82501220703125,319505.0
2024-04-23T14:30:00-04:00,313.8500061035156,314.0799865722656,312.75,313.06500244140625,200544.0
2024-04-23T15:30:00-04:00,312.9599914550781,314.20001220703125,312.44000244140625,312.8999938964844,438897.0
2024-04-24T09:30:00-04:00,324.0,325.4100036621094,318.4599914550781,318.82000732421875,905588.0
2024-04-24T10:30:00-04:00,318.79998779296875,319.8800048828125,315.6400146484375,316.5799865722656,332976.0
2024-04-24T11:30:00-04:00,316.7300109863281,317.79998779296875,314.0799865722656,316.3124084472656,380713.0
2024-04-24T12:30:00-04:00,316.30499267578125,317.2898864746094,313.95001220703125,317.2898864746094,286766.0
2024-04-24T13:30:00-04:00,317.30499267578125,319.4081115722656,317.2900085449219,318.20001220703125,196104.0
2024-04-24T14:30:00-04:00,318.1199951171875,318.6099853515625,316.85009765625,317.92999267578125,321769.0
2024-04-24T15:30:00-04:00,317.8399963378906,320.0,317.5799865722656,318.8599853515625,667267.0
2024-04-25T09:30:00-04:00,314.04998779296875,317.9599914550781,312.1499938964844,317.19000244140625,448591.0
2024-04-25T10:30:00-04:00,317.0,317.0299987792969,314.2300109863281,314.9700012207031,288663.0
2024-04-25T11:30:00-04:00,315.04278564453125,317.75,314.6900939941406,317.57000732421875,289261.0
2024-04-25T12:30:00-04:00,317.57000732421875,317.6600036621094,316.44500732421875,316.7749938964844,192645.0
2024-04-25T13:30:00-04:00,316.6700134277344,318.881103515625,316.6700134277344,316.875,299956.0
2024-04-25T14:30:00-04:00,316.875,318.07000732421875,316.239990234375,318.07000732421875,199696.0
2024-04-25T15:30:00-04:00,317.9700012207031,317.9700012207031,316.4949951171875,317.1499938964844,364145.0
2024-04-26T09:30:00-04:00,318.2099914550781,321.1799011230469,318.2099914550781,320.20001220703125,347920.0
2024-04-26T10:30:00-04:00,320.2049865722656,322.17999267578125,319.7650146484375,322.17999267578125,255769.0
2024-04-26T11:30:00-04:00,322.19000244140625,323.5799865722656,321.6499938964844,323.4700012207031,286967.0
2024-04-26T12:30:00-04:00,323.5249938964844,325.32000732421875,323.1199951171875,324.9599914550781,278462.0
2024-04-26T13:30:00-04:00,324.9700012207031,325.2099914550781,324.0799865722656,324.44000244140625,139987.0
2024-04-26T14:30:00-04:00,324.3699951171875,324.9200134277344,323.9549865722656,324.6000061035156,181036.0
2024-04-26T15:30:00-04:00,324.5,324.8399963378906,323.9200134277344,324.17999267578125,403729.0
2024-04-29T09:30:00-04:00,325.46881103515625,327.19000244140625,321.4150085449219,324.9849853515625,566223.0
2024-04-29T10:30:00-04:00,324.9800109863281,325.25,323.0299987792969,324.4599914550781,320617.0
2024-04-29T11:30:00-04:00,324.4599914550781,325.57501220703125,323.9100036621094,325.0450134277344,266340.0
2024-04-29T12:30:00-04:00,325.1499938964844,326.17999267578125,324.6400146484375,326.0,198212.0
2024-04-29T13:30:00-04:00,326.0899963378906,326.1300048828125,324.75,324.9700012207031,221139.0
2024-04-29T14:30:00-04:00,324.9700012207031,325.1499938964844,323.32000732421875,325.1000061035156,220272.0
2024-04-29T15:30:00-04:00,324.92999267578125,326.8399963378906,324.6099853515625,326.8299865722656,516785.0
2024-04-30T09:30:00-04:00,330.0,333.05499267578125,322.0799865722656,323.1099853515625,927074.0
2024-04-30T10:30:00-04:00,323.11419677734375,323.1700134277344,315.25,316.0400085449219,690267.0
2024-04-30T11:30:00-04:00,316.1000061035156,317.2900085449219,312.5249938964844,316.7049865722656,791906.0
2024-04-30T12:30:00-04:00,316.55999755859375,318.0299987792969,315.80999755859375,316.7699890136719,574709.0
2024-04-30T13:30:00-04:00,316.63128662109375,320.2699890136719,316.5,319.8699951171875,524742.0
2024-04-30T14:30:00-04:00,319.8999938964844,321.260009765625,319.30999755859375,321.1000061035156,618330.0
2024-04-30T15:30:00-04:00,321.07000732421875,322.5199890136719,318.04998779296875,318.260009765625,689579.0
2024-05-01T09:30:00-04:00,318.8299865722656,319.4750061035156,312.79998779296875,313.6099853515625,432286.0
2024-05-01T10:30:00-04:00,313.5950012207031,316.3299865722656,312.739990234375,313.6199951171875,329686.0
2024-05-01T11:30:00-04:00,313.67498779296875,314.9100036621094,312.54998779296875,314.1600036621094,265011.0
2024-05-01T12:30:00-04:00,314.1549987792969,314.32000732421875,312.9336853027344,313.7650146484375,178371.0
2024-05-01T13:30:00-04:00,313.864990234375,315.05999755859375,312.05999755859375,313.855712890625,472449.0
2024-05-01T14:30:00-04:00,313.8599853515625,317.7149963378906,312.0199890136719,316.0799865722656,737098.0
2024-05-01T15:30:00-04:00,316.0400085449219,316.0425109863281,311.739990234375,311.8399963378906,535113.0
2024-05-02T09:30:00-04:00,313.2900085449219,313.760009765625,305.260009765625,307.510009765625,730656.0
2024-05-02T10:30:00-04:00,307.5299987792969,310.9849853515625,307.3999938964844,310.385009765625,584302.0
2024-05-02T11:30:00-04:00,310.239990234375,312.0,309.864990234375,311.4209899902344,249319.0
2024-05-02T12:30:00-04:00,311.3900146484375,313.17999267578125,310.3349914550781,313.1099853515625,177880.0
2024-05-02T13:30:00-04:00,313.2681884765625,313.3949890136719,312.2850036621094,313.0899963378906,203905.0
2024-05-02T14:30:00-04:00,313.0950012207031,316.0911865234375,312.48150634765625,315.5459899902344,384770.0
2024-05-02T15:30:00-04:00,315.42999267578125,315.4800109863281,314.239990234375,315.4200134277344,386351.0
2024-05-03T09:30:00-04:00,318.510009765625,322.3299865722656,316.5899963378906,320.1199951171875,386880.0
2024-05-03T10:30:00-04:00,320.2749938964844,321.32000732421875,319.27191162109375,321.17999267578125,239558.0
2024-05-03T11:30:00-04:00,321.25,322.260009765625,321.010009765625,321.55999755859375,178174.0
2024-05-03T12:30:00-04:00,321.6050109863281,322.5899963378906,320.8999938964844,322.0,148421.0
2024-05-03T13:30:00-04:00,322.04998779296875,322.5249938964844,321.031005859375,321.4809875488281,124122.0
2024-05-03T14:30:00-04:00,321.4800109863281,321.9200134277344,320.5950012207031,321.29998779296875,163059.0
2024-05-03T15:30:00-04:00,321.2900085449219,321.760009765625,320.5,320.6199951171875,216427.0
2024-05-06T09:30:00-04:00,322.3299865722656,325.7373962402344,322.3299865722656,325.17498779296875,202813.0
2024-05-06T10:30:00-04:00,325.2799987792969,325.8900146484375,324.3500061035156,324.8900146484375,128363.0
2024-05-06T11:30:00-04:00,324.8699951171875,325.54998779296875,324.5400085449219,325.1600036621094,107068.0
2024-05-06T12:30:00-04:00,325.1700134277344,326.0,324.94000244140625,325.6099853515625,125056.0
2024-05-06T13:30:00-04:00,325.54998779296875,326.1600036621094,325.0,325.4800109863281,125179.0
2024-05-06T14:30:00-04:00,325.5799865722656,326.4898986816406,325.5799865722656,326.1199951171875,168411.0
2024-05-06T15:30:00-04:00,326.0400085449219,327.42999267578125,325.9800109863281,327.239990234375,242513.0
2024-05-07T09:30:00-04:00,328.1099853515625,329.0,325.6199951171875,327.31500244140625,223570.0
2024-05-07T10:30:00-04:00,327.30999755859375,327.385009765625,325.8299865722656,327.25,171247.0
2024-05-07T11:30:00-04:00,327.2149963378906,328.25,326.69000244140625,328.2300109863281,103420.0
2024-05-07T12:30:00-04:00,328.19049072265625,328.3500061035156,327.0199890136719,328.3500061035156,82842.0
2024-05-07T13:30:00-04:00,328.2749938964844,328.364990234375,326.6675109863281,326.79998779296875,118649.0
2024-05-07T14:30:00-04:00,326.7200012207031,328.010009765625,326.5799865722656,327.68499755859375,121716.0
2024-05-07T15:30:00-04:00,327.6099853515625,328.0799865722656,327.1099853515625,327.29998779296875,219176.0
2024-05-08T09:30:00-04:00,327.3999938964844,332.739990234375,326.82000732421875,332.6099853515625,205903.0
2024-05-08T10:30:00-04:00,332.5799865722656,333.1300048828125,331.0899963378906,331.82000732421875,164102.0
2024-05-08T11:30:00-04:00,331.5899963378906,332.6499938964844,331.2799987792969,331.9800109863281,91451.0
2024-05-08T12:30:00-04:00,331.92999267578125,332.239990234375,331.1199951171875,331.44500732421875,76768.0
2024-05-08T13:30:00-04:00,331.29998779296875,332.0497131347656,331.1400146484375,331.44500732421875,102499.0
2024-05-08T14:30:00-04:00,331.43499755859375,331.5400085449219,330.0400085449219,330.5249938964844,145133.0
2024-05-08T15:30:00-04:00,330.489990234375,331.0799865722656,330.04998779296875,330.29998779296875,342396.0
2024-05-09T09:30:00-04:00,330.0,332.3900146484375,329.9800109863281,331.4700012207031,187061.0
2024-05-09T10:30:00-04:00,331.6499938964844,332.25,331.3999938964844,331.9750061035156,146321.0
2024-05-09T11:30:00-04:00,332.0,332.5899963378906,331.1400146484375,331.989990234375,183366.0
2024-05-09T12:30:00-04:00,332.0450134277344,332.8500061035156,331.7799987792969,332.57000732421875,103069.0
2024-05-09T13:30:00-04:00,332.57501220703125,332.6300048828125,331.7699890136719,332.510009765625,148737.0
2024-05-09T14:30:00-04:00,332.5,332.8599853515625,332.010009765625,332.4849853515625,207800.0
2024-05-09T15:30:00-04:00,332.42999267578125,333.45001220703125,332.3999938964844,333.30999755859375,291944.0
2024-05-10T09:30:00-04:00,335.0,337.70001220703125,333.8999938964844,334.19500732421875,350112.0
2024-05-10T10:30:00-04:00,334.2099914550781,334.6199951171875,332.3399963378906,332.7900085449219,202541.0
2024-05-10T11:30:00-04:00,332.7300109863281,333.18060302734375,332.1099853515625,332.760009765625,130736.0
2024-05-10T12:30:00-04:00,332.79998779296875,333.3099060058594,332.385009765625,332.5736999511719,80455.0
2024-05-10T13:30:00-04:00,332.6317138671875,333.22119140625,332.4906005859375,332.989990234375,78501.0
2024-05-10T14:30:00-04:00,332.989990234375,332.989990234375,332.04998779296875,332.1000061035156,196259.0
2024-05-10T15:30:00-04:00,332.114990234375,332.17999267578125,330.1099853515625,330.5299987792969,414431.0
2024-05-13T09:30:00-04:00,331.010009765625,331.8800048828125,328.70001220703125,328.96990966796875,258605.0
2024-05-13T10:30:00-04:00,328.9599914550781,329.05999755859375,325.8599853515625,326.81500244140625,279905.0
2024-05-13T11:30:00-04:00,326.1600036621094,329.4100036621094,326.04998779296875,329.2099914550781,167518.0
2024-05-13T12:30:00-04:00,329.2099914550781,329.32000732421875,328.0400085449219,328.5799865722656,92310.0
2024-05-13T13:30:00-04:00,328.69500732421875,329.510009765625,328.5899963378906,329.3800048828125,81039.0
2024-05-13T14:30:00-04:00,329.3399963378906,330.1849060058594,329.0,329.20001220703125,110792.0
2024-05-13T15:30:00-04:00,329.2099914550781,329.57501220703125,328.0299987792969,328.510009765625,316715.0
2024-05-14T09:30:00-04:00,326.1600036621094,326.95001220703125,321.9700012207031,325.1499938964844,472458.0
2024-05-14T10:30:00-04:00,325.34991455078125,327.5400085449219,324.5,326.9125061035156,223814.0
2024-05-14T11:30:00-04:00,326.75,328.2799987792969,326.2300109863281,327.8999938964844,114161.0
2024-05-14T12:30:00-04:00,327.8699951171875,328.20001220703125,327.4200134277344,328.1099853515625,98424.0
2024-05-14T13:30:00-04:00,328.239990234375,329.6499938964844,327.7300109863281,329.5198974609375,90697.0
2024-05-14T14:30:00-04:00,329.55999755859375,330.5398864746094,329.3999938964844,330.19000244140625,116848.0
2024-05-14T15:30:00-04:00,330.20001220703125,331.3699951171875,329.8299865722656,330.42999267578125,279743.0
2024-05-15T09:30:00-04:00,332.0,336.79998779296875,332.0,336.5899963378906,285792.0
2024-05-15T10:30:00-04:00,336.5350036621094,338.1499938964844,336.1099853515625,337.510009765625,223982.0
2024-05-15T11:30:00-04:00,337.5899963378906,337.8800048828125,335.260009765625,335.5299987792969,162819.0
2024-05-15T12:30:00-04:00,335.5400085449219,336.3349914550781,335.01470947265625,335.4599914550781,140592.0
2024-05-15T13:30:00-04:00,335.4599914550781,336.6099853515625,335.30010986328125,335.9849853515625,136941.0
2024-05-15T14:30:00-04:00,336.1300048828125,336.6700134277344,335.75,336.5400085449219,127891.0
2024-05-15T15:30:00-04:00,336.4700012207031,338.1000061035156,336.3299865722656,337.8500061035156,281740.0
2024-05-16T09:30:00-04:00,337.8999938964844,338.8800048828125,334.19000244140625,334.32501220703125,428874.0
2024-05-16T10:30:00-04:00,334.3299865722656,335.4599914550781,332.8500061035156,333.7799987792969,228057.0
2024-05-16T11:30:00-04:00,333.8299865722656,334.3399963378906,331.7099914550781,332.7550048828125,125431.0
2024-05-16T12:30:00-04:00,332.6099853515625,333.8699951171875,331.8349914550781,331.885009765625,141661.0
2024-05-16T13:30:00-04:00,331.9200134277344,332.2200012207031,331.2699890136719,331.6700134277344,115381.0
2024-05-16T14:30:00-04:00,331.7699890136719,332.6199951171875,331.7300109863281,331.9100036621094,147752.0
2024-05-16T15:30:00-04:00,331.8699951171875,331.8900146484375,330.1300048828125,330.1300048828125,293712.0
2024-05-17T09:30:00-04:00,332.0,333.6099853515625,328.24969482421875,329.70001220703125,291427.0
2024-05-17T10:30:00-04:00,329.7550048828125,330.6449890136719,328.0380859375,328.4599914550781,168105.0
2024-05-17T11:30:00-04:00,328.4649963378906,329.05999755859375,327.19000244140625,327.55999755859375,272220.0
2024-05-17T12:30:00-04:00,327.4800109863281,328.635009765625,326.7099914550781,327.760009765625,116293.0
2024-05-17T13:30:00-04:00,327.8699951171875,328.6700134277344,327.07000732421875,327.510009765625,121307.0
2024-05-17T14:30:00-04:00,327.510009765625,329.94000244140625,327.510009765625,329.70001220703125,147849.0
2024-05-17T15:30:00-04:00,329.67999267578125,330.29998779296875,328.4700012207031,330.239990234375,333969.0
2024-05-20T09:30:00-04:00,330.0,335.0899963378906,329.0,333.8550109863281,212358.0
2024-05-20T10:30:00-04:00,333.8699951171875,335.239990234375,333.6636962890625,335.0299987792969,78732.0
2024-05-20T11:30:00-04:00,334.9563903808594,335.7099914550781,334.32000732421875,334.92449951171875,121022.0
2024-05-20T12:30:00-04:00,335.08050537109375,335.7049865722656,334.4800109863281,334.67999267578125,56834.0
2024-05-20T13:30:00-04:00,334.5849914550781,334.92999267578125,333.989990234375,334.30999755859375,61002.0
2024-05-20T14:30:00-04:00,334.30999755859375,334.739990234375,334.0400085449219,334.739990234375,78607.0
2024-05-20T15:30:00-04:00,334.7149963378906,334.7349853515625,333.07000732421875,333.2699890136719,203407.0
2024-05-21T09:30:00-04:00,332.6400146484375,335.260009765625,332.4549865722656,334.7027893066406,176269.0
2024-05-21T10:30:00-04:00,334.3999938964844,336.6199951171875,334.2950134277344,336.2850036621094,133450.0
2024-05-21T11:30:00-04:00,336.45001220703125,336.5,335.1700134277344,335.6700134277344,116184.0
2024-05-21T12:30:00-04:00,335.6300048828125,335.8699951171875,334.6000061035156,335.17999267578125,135472.0
2024-05-21T13:30:00-04:00,335.2239990234375,336.67999267578125,335.1400146484375,335.7799987792969,164318.0
2024-05-21T14:30:00-04:00,335.7550048828125,336.6724853515625,335.7550048828125,336.55499267578125,141495.0
2024-05-21T15:30:00-04:00,336.5899963378906,337.260009765625,336.2900085449219,336.7300109863281,268215.0
2024-05-22T09:30:00-04:00,336.739990234375,338.4100036621094,334.0,335.4549865722656,245336.0
2024-05-22T10:30:00-04:00,335.4949951171875,335.739990234375,334.3599853515625,334.6549987792969,157725.0
2024-05-22T11:30:00-04:00,334.6300048828125,335.56988525390625,334.54998779296875,335.13238525390625,162359.0
2024-05-22T12:30:00-04:00,335.1499938964844,335.9549865722656,334.7300109863281,334.8500061035156,101208.0
2024-05-22T13:30:00-04:00,334.80499267578125,335.0899963378906,333.3949890136719,333.3949890136719,149763.0
2024-05-22T14:30:00-04:00,333.3399963378906,335.44000244140625,333.17999267578125,335.44000244140625,179902.0
2024-05-22T15:30:00-04:00,335.4700012207031,336.4200134277344,335.2699890136719,336.1199951171875,234131.0
2024-05-23T09:30:00-04:00,342.19000244140625,344.0,337.17999267578125,339.9844055175781,360509.0
2024-05-23T10:30:00-04:00,340.0,341.2632141113281,338.5,340.9549865722656,207074.0
2024-05-23T11:30:00-04:00,340.9856872558594,342.82000732421875,340.69000244140625,342.7099914550781,176232.0
2024-05-23T12:30:00-04:00,342.7099914550781,343.5599060058594,340.7799987792969,341.45831298828125,155889.0
2024-05-23T13:30:00-04:00,341.54998779296875,341.55999755859375,337.6788024902344,337.95001220703125,169533.0
2024-05-23T14:30:00-04:00,337.94500732421875,338.1419982910156,336.5799865722656,337.0899963378906,196973.0
2024-05-23T15:30:00-04:00,337.2099914550781,338.6400146484375,337.20001220703125,338.4200134277344,244540.0
2024-05-24T09:30:00-04:00,339.0799865722656,342.7900085449219,338.92999267578125,342.2099914550781,208230.0
2024-05-24T10:30:00-04:00,342.489990234375,344.93499755859375,341.76800537109375,344.4200134277344,130023.0
2024-05-24T11:30:00-04:00,344.4800109863281,345.19000244140625,344.01220703125,344.04998779296875,136940.0
2024-05-24T12:30:00-04:00,344.125,344.1400146484375,342.44000244140625,343.04998779296875,107580.0
2024-05-24T13:30:00-04:00,343.07000732421875,343.3500061035156,342.0289001464844,342.1499938964844,114853.0
2024-05-24T14:30:00-04:00,342.114990234375,342.19000244140625,340.9599914550781,341.4599914550781,242116.0
2024-05-24T15:30:00-04:00,341.3599853515625,341.739990234375,340.1700134277344,340.92999267578125,287178.0
2024-05-28T09:30:00-04:00,342.2900085449219,343.0,335.29998779296875,339.7250061035156,375350.0
2024-05-28T10:30:00-04:00,339.51708984375,340.6300048828125,338.1099853515625,340.0799865722656,162422.0
2024-05-28T11:30:00-04:00,340.05499267578125,340.44000244140625,338.7950134277344,339.2049865722656,144419.0
2024-05-28T12:30:00-04:00,339.2799987792969,340.239990234375,338.9599914550781,339.3349914550781,130810.0
2024-05-28T13:30:00-04:00,339.3810119628906,339.4700012207031,337.1300048828125,337.2300109863281,152417.0
2024-05-28T14:30:00-04:00,336.9800109863281,337.44500732421875,336.0,337.0400085449219,203379.0
2024-05-28T15:30:00-04:00,337.0400085449219,337.7898864746094,336.8699951171875,337.4700012207031,255943.0
2024-05-29T09:30:00-04:00,335.29998779296875,335.82000732421875,333.1400146484375,334.32000732421875,204994.0
2024-05-29T10:30:00-04:00,334.5299987792969,336.42498779296875,334.364990234375,335.05999755859375,121100.0
2024-05-29T11:30:00-04:00,334.9599914550781,336.4200134277344,334.7099914550781,336.260009765625,77405.0
2024-05-29T12:30:00-04:00,336.2900085449219,336.2900085449219,334.9700012207031,335.5350036621094,93878.0
2024-05-29T13:30:00-04:00,335.4549865722656,335.82989501953125,334.6600036621094,334.8500061035156,67071.0
2024-05-29T14:30:00-04:00,334.8392028808594,335.0098876953125,333.840087890625,334.010009765625,115881.0
2024-05-29T15:30:00-04:00,333.8999938964844,334.5400085449219,332.69000244140625,332.8999938964844,210109.0
2024-05-30T09:30:00-04:00,332.2900085449219,334.2300109863281,331.4100036621094,332.6462097167969,213635.0
2024-05-30T10:30:00-04:00,332.760009765625,333.7900085449219,331.92999267578125,333.4200134277344,155351.0
2024-05-30T11:30:00-04:00,333.4059143066406,334.1400146484375,332.8500061035156,333.5150146484375,96023.0
2024-05-30T12:30:00-04:00,333.44000244140625,334.7699890136719,333.2200012207031,334.385009765625,93787.0
2024-05-30T13:30:00-04:00,334.5,335.17999267578125,334.18499755859375,334.8299865722656,74856.0
2024-05-30T14:30:00-04:00,334.82000732421875,335.0799865722656,334.04998779296875,334.44500732421875,127420.0
2024-05-30T15:30:00-04:00,334.4200134277344,334.57000732421875,333.0899963378906,334.32000732421875,194642.0
2024-05-31T09:30:00-04:00,333.45001220703125,335.0,323.760009765625,324.3599853515625,294369.0
2024-05-31T10:30:00-04:00,324.3599853515625,326.239990234375,322.6300048828125,323.4200134277344,411876.0
2024-05-31T11:30:00-04:00,323.32501220703125,324.3900146484375,322.2200012207031,323.2850036621094,188317.0
2024-05-31T12:30:00-04:00,323.2799987792969,326.07000732421875,323.1499938964844,325.7749938964844,160299.0
2024-05-31T13:30:00-04:00,325.80999755859375,328.19500732421875,325.635009765625,327.8399963378906,240039.0
2024-05-31T14:30:00-04:00,327.9200134277344,329.57000732421875,327.69000244140625,329.29998779296875,433895.0
2024-05-31T15:30:00-04:00,329.2300109863281,333.2799987792969,328.6099853515625,332.92999267578125,586257.0
2024-06-03T09:30:00-04:00,334.0,335.0,327.8399963378906,328.6199951171875,270352.0
2024-06-03T10:30:00-04:00,328.69000244140625,328.69000244140625,322.1050109863281,322.5400085449219,306192.0
2024-06-03T11:30:00-04:00,322.3900146484375,324.4049987792969,319.340087890625,320.17999267578125,366402.0
2024-06-03T12:30:00-04:00,320.2786865234375,322.1400146484375,318.75,322.0299987792969,262442.0
2024-06-03T13:30:00-04:00,322.1300048828125,323.0775146484375,321.4700012207031,321.6499938964844,213538.0
2024-06-03T14:30:00-04:00,321.7200012207031,324.4599914550781,321.6300048828125,324.2699890136719,270348.0
2024-06-03T15:30:00-04:00,324.3699951171875,324.739990234375,323.1199951171875,324.55999755859375,466354.0
2024-06-04T09:30:00-04:00,324.5199890136719,325.5,316.1700134277344,317.7049865722656,577991.0
2024-06-04T10:30:00-04:00,317.8800048828125,318.1700134277344,312.7900085449219,313.0899963378906,781949.0
2024-06-04T11:30:00-04:00,313.19000244140625,314.0050048828125,311.67999267578125,312.7900085449219,671568.0
2024-06-04T12:30:00-04:00,312.75,312.7699890136719,310.1499938964844,311.0799865722656,551481.0
2024-06-04T13:30:00-04:00,311.0799865722656,314.6499938964844,310.989990234375,314.55499267578125,403300.0
2024-06-04T14:30:00-04:00,314.5,315.4549865722656,313.4800109863281,314.4700012207031,321521.0
2024-06-04T15:30:00-04:00,314.4700012207031,316.2300109863281,313.79998779296875,316.1199951171875,467604.0
2024-06-05T09:30:00-04:00,319.7699890136719,323.6600036621094,319.4031982421875,323.32501220703125,498595.0
2024-06-05T10:30:00-04:00,323.44000244140625,324.8900146484375,323.04998779296875,323.94500732421875,268382.0
2024-06-05T11:30:00-04:00,323.94000244140625,325.5400085449219,323.7699890136719,324.95001220703125,219002.0
2024-06-05T12:30:00-04:00,324.95001220703125,325.6400146484375,324.5,325.2349853515625,181061.0
2024-06-05T13:30:00-04:00,325.3399963378906,325.8900146484375,325.0697021484375,325.3599853515625,174588.0
2024-06-05T14:30:00-04:00,325.2699890136719,327.5799865722656,325.0799865722656,326.7799987792969,293727.0
2024-06-05T15:30:00-04:00,326.75,326.94000244140625,325.5799865722656,326.5199890136719,512190.0
2024-06-06T09:30:00-04:00,325.0,326.989990234375,317.29998779296875,317.54998779296875,550292.0
2024-06-06T10:30:00-04:00,317.4800109863281,318.4700012207031,315.6499938964844,316.3399963378906,328662.0
2024-06-06T11:30:00-04:00,316.3450012207031,316.4200134277344,311.8900146484375,312.260009765625,378200.0
2024-06-06T12:30:00-04:00,312.4599914550781,314.0299987792969,311.4599914550781,312.6000061035156,323999.0
2024-06-06T13:30:00-04:00,312.7699890136719,313.2131042480469,311.3699951171875,312.9750061035156,299127.0
2024-06-06T14:30:00-04:00,313.0,314.6400146484375,312.7300109863281,313.32501220703125,290361.0
2024-06-06T15:30:00-04:00,313.239990234375,313.75,312.239990234375,313.32000732421875,554583.0
2024-06-07T09:30:00-04:00,313.4800109863281,317.5,310.7799987792969,314.0,400844.0
2024-06-07T10:30:00-04:00,313.8999938964844,315.8699951171875,313.3399963378906,314.1300048828125,253898.0
2024-06-07T11:30:00-04:00,314.1300048828125,315.5050048828125,313.6000061035156,315.32501220703125,223880.0
2024-06-07T12:30:00-04:00,315.32501220703125,317.82501220703125,314.489990234375,317.1499938964844,282036.0
2024-06-07T13:30:00-04:00,317.1600036621094,317.8299865722656,314.6700134277344,316.07000732421875,192201.0
2024-06-07T14:30:00-04:00,316.0899963378906,316.3299865722656,314.3999938964844,314.75,231799.0
2024-06-07T15:30:00-04:00,314.7300109863281,315.18499755859375,313.79998779296875,314.7200012207031,424786.0
2024-06-10T09:30:00-04:00,313.4599914550781,319.8399963378906,313.25,319.1400146484375,329722.0
2024-06-10T10:30:00-04:00,318.989990234375,320.92999267578125,318.80389404296875,320.6300048828125,174602.0
2024-06-10T11:30:00-04:00,320.69500732421875,322.2099914550781,320.45001220703125,321.30499267578125,181770.0
2024-06-10T12:30:00-04:00,321.3500061035156,321.8219909667969,320.1449890136719,320.3599853515625,132619.0
2024-06-10T13:30:00-04:00,320.3550109863281,321.8900146484375,320.3550109863281,321.739990234375,173252.0
2024-06-10T14:30:00-04:00,321.6400146484375,323.3900146484375,321.510009765625,323.33099365234375,223215.0
2024-06-10T15:30:00-04:00,323.2749938964844,323.3500061035156,322.3800048828125,322.9700012207031,345093.0
2024-06-11T09:30:00-04:00,320.69000244140625,322.0,317.6199951171875,319.5299987792969,332984.0
2024-06-11T10:30:00-04:00,319.5,319.8599853515625,318.54998779296875,319.1099853515625,177420.0
2024-06-11T11:30:00-04:00,319.19000244140625,319.989990234375,318.17999267578125,318.55999755859375,163877.0
2024-06-11T12:30:00-04:00,318.56500244140625,318.8399963378906,317.44000244140625,317.5299987792969,147344.0
2024-06-11T13:30:00-04:00,317.5299987792969,320.2650146484375,317.5299987792969,320.1600036621094,182951.0
2024-06-11T14:30:00-04:00,320.1650085449219,320.6001892089844,318.82000732421875,318.8399963378906,177732.0
2024-06-11T15:30:00-04:00,318.885009765625,320.3500061035156,318.5199890136719,319.1700134277344,288793.0
2024-06-12T09:30:00-04:00,321.54998779296875,328.54998779296875,319.5,327.8211975097656,456703.0
2024-06-12T10:30:00-04:00,327.7699890136719,327.7699890136719,325.0389099121094,326.3599853515625,225173.0
2024-06-12T11:30:00-04:00,326.4700012207031,327.2049865722656,325.2099914550781,326.93499755859375,116332.0
2024-06-12T12:30:00-04:00,326.8800048828125,327.9700012207031,326.7900085449219,327.4599914550781,99513.0
2024-06-12T13:30:00-04:00,327.4200134277344,327.7300109863281,324.9049987792969,327.4599914550781,104285.0
2024-06-12T14:30:00-04:00,327.5199890136719,328.9100036621094,326.0799865722656,326.2799987792969,192787.0
2024-06-12T15:30:00-04:00,326.1499938964844,327.92498779296875,325.9100036621094,327.5400085449219,289419.0
2024-06-13T09:30:00-04:00,326.42999267578125,326.95001220703125,322.1499938964844,322.8949890136719,229987.0
2024-06-13T10:30:00-04:00,323.0899963378906,323.82000732421875,321.8450012207031,323.3393859863281,178192.0
2024-06-13T11:30:00-04:00,323.3999938964844,324.0400085449219,321.8299865722656,321.9800109863281,154910.0
2024-06-13T12:30:00-04:00,321.9649963378906,324.45001220703125,321.8800048828125,324.25,283568.0
2024-06-13T13:30:00-04:00,324.25,326.2900085449219,323.79998779296875,326.2250061035156,217826.0
2024-06-13T14:30:00-04:00,326.2250061035156,327.6199951171875,325.989990234375,327.2099914550781,468064.0
2024-06-13T15:30:00-04:00,327.2099914550781,329.1199951171875,327.0799865722656,328.3599853515625,349470.0
2024-06-14T09:30:00-04:00,324.3699951171875,325.6430969238281,318.360107421875,318.7149963378906,338050.0
2024-06-14T10:30:00-04:00,318.80999755859375,319.6400146484375,316.92999267578125,319.1400146484375,256739.0
2024-06-14T11:30:00-04:00,319.3399963378906,319.3800048828125,317.25,318.5299987792969,176975.0
2024-06-14T12:30:00-04:00,318.52069091796875,320.6600036621094,318.489990234375,319.9649963378906,201952.0
2024-06-14T13:30:00-04:00,319.9100036621094,320.2099914550781,318.3800048828125,319.0849914550781,161510.0
2024-06-14T14:30:00-04:00,319.0199890136719,319.95001220703125,318.75,319.8599853515625,218130.0
2024-06-14T15:30:00-04:00,319.8699951171875,319.9809875488281,318.8299865722656,319.0,339220.0
2024-06-17T09:30:00-04:00,318.7799987792969,322.260009765625,317.010009765625,319.1549987792969,542060.0
2024-06-17T10:30:00-04:00,319.1600036621094,323.80999755859375,318.9501037597656,323.5950012207031,542178.0
2024-06-17T11:30:00-04:00,323.45001220703125,324.5350036621094,322.54998779296875,324.5,218350.0
2024-06-17T12:30:00-04:00,324.4150085449219,324.6000061035156,323.44000244140625,324.0799865722656,109604.0
2024-06-17T13:30:00-04:00,324.0849914550781,324.9100036621094,323.7799987792969,323.94500732421875,139697.0
2024-06-17T14:30:00-04:00,324.0199890136719,326.1300048828125,323.8555908203125,326.1050109863281,209787.0
2024-06-17T15:30:00-04:00,326.0899963378906,326.6050109863281,325.2099914550781,325.3399963378906,404294.0
2024-06-18T09:30:00-04:00,324.0,325.5,321.19500732421875,324.94000244140625,262209.0
2024-06-18T10:30:00-04:00,325.1000061035156,326.3399963378906,324.6000061035156,325.7550048828125,151251.0
2024-06-18T11:30:00-04:00,325.7300109863281,328.5,325.67498779296875,328.375,162206.0
2024-06-18T12:30:00-04:00,328.30499267578125,330.1799011230469,328.19000244140625,328.94000244140625,175122.0
2024-06-18T13:30:00-04:00,328.9700012207031,329.6499938964844,327.92999267578125,328.3450012207031,131936.0
2024-06-18T14:30:00-04:00,328.2900085449219,328.7099914550781,327.7099914550781,328.1600036621094,202717.0
2024-06-18T15:30:00-04:00,328.1700134277344,328.1700134277344,327.0400085449219,327.5400085449219,405089.0
2024-06-20T09:30:00-04:00,328.1700134277344,329.8699951171875,326.1099853515625,327.67999267578125,291555.0
2024-06-20T10:30:00-04:00,327.5199890136719,327.6650085449219,323.1000061035156,323.9200134277344,274552.0
2024-06-20T11:30:00-04:00,323.989990234375,324.7799987792969,323.1600036621094,323.67999267578125,106947.0
2024-06-20T12:30:00-04:00,323.3800048828125,324.8699951171875,321.5,321.510009765625,183377.0
2024-06-20T13:30:00-04:00,321.54998779296875,323.55999755859375,320.0199890136719,323.5299987792969,174322.0
2024-06-20T14:30:00-04:00,323.6099853515625,323.7630920410156,321.6099853515625,323.07000732421875,189123.0
2024-06-20T15:30:00-04:00,323.1199951171875,324.6700134277344,322.6199951171875,323.0899963378906,285577.0
2024-06-21T09:30:00-04:00,322.94000244140625,322.94000244140625,316.510009765625,319.30999755859375,446296.0
2024-06-21T10:30:00-04:00,319.3299865722656,320.8699951171875,318.0199890136719,320.3525085449219,160515.0
2024-06-21T11:30:00-04:00,320.2774963378906,320.822509765625,319.4200134277344,319.864990234375,148570.0
2024-06-21T12:30:00-04:00,319.7099914550781,320.25,318.29998779296875,318.45001220703125,188471.0
2024-06-21T13:30:00-04:00,318.45001220703125,319.0400085449219,317.8299865722656,318.8550109863281,138083.0
2024-06-21T14:30:00-04:00,318.739990234375,318.8977966308594,317.79998779296875,318.32501220703125,267548.0
2024-06-21T15:30:00-04:00,318.2200012207031,320.7699890136719,318.1199951171875,320.0400085449219,561290.0
2024-06-24T09:30:00-04:00,322.1000061035156,324.3900146484375,319.19000244140625,322.79998779296875,271117.0
2024-06-24T10:30:00-04:00,322.8699951171875,323.7349853515625,320.8900146484375,323.7200012207031,163551.0
2024-06-24T11:30:00-04:00,323.7149963378906,323.8500061035156,321.9800109863281,323.3599853515625,140928.0
2024-06-24T12:30:00-04:00,323.4800109863281,323.9999084472656,322.4549865722656,323.1600036621094,148841.0
2024-06-24T13:30:00-04:00,323.04998779296875,324.0299987792969,322.489990234375,322.8399963378906,118612.0
2024-06-24T14:30:00-04:00,322.7900085449219,323.2799987792969,322.3599853515625,322.760009765625,145402.0
2024-06-24T15:30:00-04:00,322.92999267578125,322.92999267578125,321.7699890136719,322.010009765625,245672.0
2024-06-25T09:30:00-04:00,322.3599853515625,324.0849914550781,319.25,319.375,323732.0
2024-06-25T10:30:00-04:00,319.375,319.92999267578125,318.3299865722656,318.9150085449219,147255.0
2024-06-25T11:30:00-04:00,319.0799865722656,321.57501220703125,318.840087890625,321.57501220703125,113276.0
2024-06-25T12:30:00-04:00,321.56500244140625,321.989990234375,320.2699890136719,321.989990234375,86048.0
2024-06-25T13:30:00-04:00,321.8699951171875,323.69500732421875,321.4599914550781,323.0299987792969,147052.0
2024-06-25T14:30:00-04:00,322.8500061035156,323.0400085449219,321.17498779296875,322.0199890136719,183328.0
2024-06-25T15:30:00-04:00,322.0299987792969,322.94000244140625,321.3599853515625,322.760009765625,250698.0
2024-06-26T09:30:00-04:00,320.760009765625,321.05999755859375,316.7799987792969,317.07989501953125,216294.0
2024-06-26T10:30:00-04:00,317.0199890136719,317.6300048828125,315.04998779296875,315.5799865722656,163215.0
2024-06-26T11:30:00-04:00,315.7099914550781,317.0899963378906,315.5249938964844,316.0899963378906,126911.0
2024-06-26T12:30:00-04:00,315.95001220703125,316.2300109863281,314.739990234375,315.2099914550781,76570.0
2024-06-26T13:30:00-04:00,315.2099914550781,315.489990234375,314.760009765625,315.0299987792969,125386.0
2024-06-26T14:30:00-04:00,314.94000244140625,314.94000244140625,313.510009765625,314.2799987792969,236007.0
2024-06-26T15:30:00-04:00,314.20001220703125,315.69000244140625,313.7799987792969,315.23699951171875,324520.0
2024-06-27T09:30:00-04:00,314.1600036621094,314.7900085449219,311.8299865722656,313.8500061035156,414691.0
2024-06-27T10:30:00-04:00,313.9750061035156,314.760009765625,312.1600036621094,312.4849853515625,252772.0
2024-06-27T11:30:00-04:00,312.6700134277344,312.70001220703125,311.510009765625,312.1499938964844,220174.0
2024-06-27T12:30:00-04:00,312.1700134277344,313.25,311.3900146484375,312.8800048828125,207635.0
2024-06-27T13:30:00-04:00,312.864990234375,312.9100036621094,311.8100891113281,312.1600036621094,174550.0
2024-06-27T14:30:00-04:00,312.1000061035156,312.91900634765625,311.25,312.8550109863281,269723.0
2024-06-27T15:30:00-04:00,312.9649963378906,313.94000244140625,312.4670104980469,313.94000244140625,393273.0
2024-06-28T09:30:00-04:00,312.8900146484375,319.6400146484375,311.7200012207031,318.42999267578125,262117.0
2024-06-28T10:30:00-04:00,318.3599853515625,318.9898986816406,315.9200134277344,316.2900085449219,145230.0
2024-06-28T11:30:00-04:00,316.2799987792969,317.2099914550781,314.8599853515625,316.0199890136719,111312.0
2024-06-28T12:30:00-04:00,316.125,316.2099914550781,314.1300048828125,314.1499938964844,96887.0
2024-06-28T13:30:00-04:00,314.1499938964844,314.2799987792969,311.8599853515625,312.3399963378906,264097.0
2024-06-28T14:30:00-04:00,312.3599853515625,312.6700134277344,310.3699951171875,311.010009765625,307689.0
2024-06-28T15:30:00-04:00,311.1700134277344,313.5199890136719,310.3349914550781,313.510009765625,318883.0
2024-07-01T09:30:00-04:00,316.45001220703125,316.4750061035156,308.739990234375,309.7900085449219,270155.0
2024-07-01T10:30:00-04:00,309.8699951171875,310.0050048828125,307.76031494140625,309.6000061035156,280659.0
2024-07-01T11:30:00-04:00,309.70001220703125,311.3900146484375,309.44000244140625,310.9461975097656,119913.0
2024-07-01T12:30:00-04:00,310.8800048828125,312.6199951171875,310.6499938964844,312.55999755859375,197558.0
2024-07-01T13:30:00-04:00,312.4100036621094,313.9599914550781,312.3699951171875,312.6400146484375,141899.0
2024-07-01T14:30:00-04:00,312.5799865722656,313.2049865722656,311.7449951171875,312.0799865722656,195142.0
2024-07-01T15:30:00-04:00,312.0799865722656,312.82000732421875,311.55999755859375,312.1700134277344,253068.0
2024-07-02T09:30:00-04:00,309.45001220703125,313.7499084472656,309.45001220703125,312.3999938964844,240202.0
2024-07-02T10:30:00-04:00,312.3999938964844,312.69000244140625,310.010009765625,310.3800048828125,260097.0
2024-07-02T11:30:00-04:00,310.3399963378906,311.1400146484375,310.114990234375,310.614990234375,180523.0
2024-07-02T12:30:00-04:00,310.5,310.7099914550781,309.75,310.4375,185719.0
2024-07-02T13:30:00-04:00,310.3699951171875,311.9200134277344,309.9800109863281,311.80499267578125,205215.0
2024-07-02T14:30:00-04:00,311.8800048828125,312.3500061035156,311.04998779296875,311.4700012207031,206317.0
2024-07-02T15:30:00-04:00,311.4599914550781,313.3599853515625,311.2699890136719,313.2799987792969,285128.0
2024-07-03T09:30:00-04:00,313.82000732421875,319.2499084472656,312.95001220703125,318.6650085449219,327647.0
2024-07-03T10:30:00-04:00,318.3999938964844,319.2300109863281,316.94000244140625,317.17498779296875,251085.0
2024-07-03T11:30:00-04:00,317.010009765625,317.5299987792969,316.55999755859375,317.19000244140625,150240.0
2024-07-05T09:30:00-04:00,319.67999267578125,320.04998779296875,314.49359130859375,314.9800109863281,219798.0
2024-07-05T10:30:00-04:00,314.6400146484375,316.4200134277344,314.6300048828125,315.6600036621094,133524.0
2024-07-05T11:30:00-04:00,315.7099914550781,316.5950012207031,314.54998779296875,316.5400085449219,116995.0
2024-07-05T12:30:00-04:00,316.4100036621094,317.27911376953125,316.29998779296875,317.0400085449219,118455.0
2024-07-05T13:30:00-04:00,316.9100036621094,317.3699951171875,316.3800964355469,316.42999267578125,119106.0
2024-07-05T14:30:00-04:00,316.3450012207031,317.94000244140625,316.3450012207031,317.7900085449219,152271.0
2024-07-05T15:30:00-04:00,317.7825012207031,317.9549865722656,317.19000244140625,317.4100036621094,226052.0
2024-07-08T09:30:00-04:00,320.1700134277344,322.8800048828125,318.2200012207031,321.54998779296875,298883.0
2024-07-08T10:30:00-04:00,321.3800048828125,321.8999938964844,320.4100036621094,321.4100036621094,100832.0
2024-07-08T11:30:00-04:00,321.4700012207031,321.510009765625,318.9100036621094,318.9700012207031,76922.0
2024-07-08T12:30:00-04:00,318.8699951171875,319.92999267578125,318.80999755859375,319.6300048828125,58984.0
2024-07-08T13:30:00-04:00,319.55999755859375,320.2799072265625,319.2200012207031,319.739990234375,62987.0
2024-07-08T14:30:00-04:00,319.7900085449219,319.7900085449219,318.4800109863281,318.57000732421875,113787.0
2024-07-08T15:30:00-04:00,318.5899963378906,319.2200012207031,318.4049987792969,318.989990234375,154340.0
2024-07-09T09:30:00-04:00,320.19000244140625,320.989990234375,318.1199951171875,318.4849853515625,144834.0
2024-07-09T10:30:00-04:00,318.3699951171875,319.6300048828125,318.3299865722656,319.3900146484375,93044.0
2024-07-09T11:30:00-04:00,319.5,320.42999267578125,319.0799865722656,319.81500244140625,108578.0
2024-07-09T12:30:00-04:00,319.8399963378906,321.1400146484375,319.6400146484375,320.6099853515625,84598.0
2024-07-09T13:30:00-04:00,320.7099914550781,320.8599853515625,319.45001220703125,319.7049865722656,69798.0
2024-07-09T14:30:00-04:00,319.7449951171875,320.5,319.55999755859375,320.0249938964844,128007.0
2024-07-09T15:30:00-04:00,320.0249938964844,320.32000732421875,318.489990234375,318.7200012207031,161462.0
2024-07-10T09:30:00-04:00,318.75,321.1099853515625,318.6099853515625,319.2950134277344,150495.0
2024-07-10T10:30:00-04:00,319.3800048828125,322.44000244140625,319.1199951171875,322.2799987792969,123660.0
2024-07-10T11:30:00-04:00,322.2950134277344,326.3800048828125,322.20220947265625,325.70001220703125,163847.0
2024-07-10T12:30:00-04:00,325.6300048828125,326.3699951171875,324.2701110839844,324.6400146484375,118784.0
2024-07-10T13:30:00-04:00,324.54998779296875,325.29998779296875,323.6600036621094,325.0050048828125,170125.0
2024-07-10T14:30:00-04:00,325.0393981933594,326.0799865722656,324.8399963378906,325.5400085449219,203560.0
2024-07-10T15:30:00-04:00,325.5799865722656,327.2200012207031,325.1449890136719,327.05999755859375,315319.0
2024-07-11T09:30:00-04:00,329.17999267578125,329.8999938964844,325.70001220703125,327.25,310372.0
2024-07-11T10:30:00-04:00,327.2900085449219,331.1300048828125,327.2749938964844,329.9100036621094,248382.0
2024-07-11T11:30:00-04:00,329.9049987792969,330.79998779296875,328.17999267578125,328.7950134277344,227831.0
2024-07-11T12:30:00-04:00,328.82000732421875,329.8399963378906,328.04998779296875,329.7799987792969,120953.0
2024-07-11T13:30:00-04:00,329.6099853515625,330.0159912109375,328.6700134277344,328.80999755859375,128414.0
2024-07-11T14:30:00-04:00,328.7349853515625,329.69000244140625,328.70001220703125,329.0849914550781,141479.0
2024-07-11T15:30:00-04:00,329.1199951171875,329.79998779296875,328.7300109863281,328.82000732421875,257847.0
2024-07-12T09:30:00-04:00,330.75,331.5,326.2099914550781,331.3599853515625,173008.0
2024-07-12T10:30:00-04:00,331.45001220703125,332.8900146484375,331.010009765625,332.8349914550781,183299.0
2024-07-12T11:30:00-04:00,332.8900146484375,333.4700012207031,331.6600036621094,332.7099914550781,228754.0
2024-07-12T12:30:00-04:00,332.6000061035156,333.04998779296875,331.9100036621094,332.69000244140625,164645.0
2024-07-12T13:30:00-04:00,332.7799987792969,333.7099914550781,332.260009765625,332.6499938964844,115885.0
2024-07-12T14:30:00-04:00,332.55999755859375,332.7699890136719,331.8599853515625,332.1199951171875,172461.0
2024-07-12T15:30:00-04:00,332.1300048828125,332.1300048828125,330.1499938964844,330.8399963378906,342487.0
2024-07-15T09:30:00-04:00,329.3399963378906,330.7699890136719,327.7550048828125,329.7799987792969,200126.0
2024-07-15T10:30:00-04:00,329.7749938964844,330.9599914550781,329.0299987792969,329.19989013671875,108410.0
2024-07-15T11:30:00-04:00,328.94000244140625,329.3800048828125,328.05999755859375,328.2300109863281,115565.0
2024-07-15T12:30:00-04:00,328.2349853515625,328.57000732421875,326.489990234375,327.2449951171875,121999.0
2024-07-15T13:30:00-04:00,327.1600036621094,327.32000732421875,326.1199951171875,326.7749938964844,197082.0
2024-07-15T14:30:00-04:00,326.6600036621094,327.6000061035156,326.2900085449219,327.2300109863281,173308.0
2024-07-15T15:30:00-04:00,327.2300109863281,327.8380126953125,325.8399963378906,327.17999267578125,276231.0
2024-07-16T09:30:00-04:00,330.54998779296875,334.5950012207031,328.7550048828125,333.489990234375,317782.0
2024-07-16T10:30:00-04:00,333.2900085449219,335.1199951171875,333.010009765625,333.67999267578125,190453.0
2024-07-16T11:30:00-04:00,333.81500244140625,333.95001220703125,331.6499938964844,332.17999267578125,187164.0
2024-07-16T12:30:00-04:00,332.1400146484375,332.3099060058594,330.91009521484375,331.239990234375,182878.0
2024-07-16T13:30:00-04:00,331.1600036621094,331.55999755859375,330.4700012207031,330.7099914550781,95822.0
2024-07-16T14:30:00-04:00,330.840087890625,331.8999938964844,330.75,331.82501220703125,150064.0
2024-07-16T15:30:00-04:00,331.7300109863281,333.010009765625,331.6099853515625,332.4800109863281,250929.0
2024-07-17T09:30:00-04:00,326.9700012207031,327.6199951171875,316.6499938964844,317.4599914550781,580430.0
2024-07-17T10:30:00-04:00,317.3699951171875,320.0,316.0199890136719,319.7699890136719,510635.0
2024-07-17T11:30:00-04:00,319.6199951171875,319.94500732421875,317.3900146484375,317.55499267578125,325509.0
2024-07-17T12:30:00-04:00,317.55499267578125,318.135009765625,316.0899963378906,317.2200012207031,269358.0
2024-07-17T13:30:00-04:00,316.80010986328125,317.460205078125,313.5400085449219,314.6221923828125,317561.0
2024-07-17T14:30:00-04:00,314.57000732421875,315.17999267578125,313.79998779296875,314.25,266220.0
2024-07-17T15:30:00-04:00,314.2699890136719,314.3800048828125,311.1099853515625,311.5,613871.0
2024-07-18T09:30:00-04:00,313.3900146484375,319.2300109863281,311.7799987792969,314.3399963378906,545574.0
2024-07-18T10:30:00-04:00,314.19000244140625,314.29998779296875,308.6199951171875,310.06500244140625,406053.0
2024-07-18T11:30:00-04:00,309.75,310.1300048828125,306.19000244140625,306.19000244140625,418697.0
2024-07-18T12:30:00-04:00,306.1990051269531,308.19000244140625,305.8299865722656,307.510009765625,459943.0
2024-07-18T13:30:00-04:00,307.5199890136719,307.9700012207031,305.739990234375,306.0400085449219,444768.0
2024-07-18T14:30:00-04:00,306.1000061035156,308.2257995605469,305.6600036621094,306.07000732421875,429017.0
2024-07-18T15:30:00-04:00,306.06500244140625,309.25,305.989990234375,308.9200134277344,642454.0
2024-07-19T09:30:00-04:00,312.2300109863281,316.2049865722656,310.70001220703125,314.8599853515625,502991.0
2024-07-19T10:30:00-04:00,315.04998779296875,315.9599914550781,313.4800109863281,313.8599853515625,255761.0
2024-07-19T11:30:00-04:00,313.7799987792969,316.30999755859375,313.6700134277344,315.6090087890625,326336.0
2024-07-19T12:30:00-04:00,315.6000061035156,315.8299865722656,311.4100036621094,311.94000244140625,197153.0
2024-07-19T13:30:00-04:00,311.8699951171875,312.80999755859375,311.5199890136719,311.5299987792969,149777.0
2024-07-19T14:30:00-04:00,311.5199890136719,313.30999755859375,311.3949890136719,312.6549987792969,266592.0
2024-07-19T15:30:00-04:00,312.54998779296875,312.6600036621094,311.0299987792969,311.95001220703125,286079.0
2024-07-22T09:30:00-04:00,316.5,321.5,315.45001220703125,318.0899963378906,587643.0
2024-07-22T10:30:00-04:00,318.30999755859375,320.489990234375,317.92999267578125,318.510009765625,208864.0
2024-07-22T11:30:00-04:00,318.1199951171875,318.70001220703125,317.1499938964844,317.989990234375,154558.0
2024-07-22T12:30:00-04:00,318.14349365234375,319.739990234375,317.5299987792969,319.6700134277344,86704.0
2024-07-22T13:30:00-04:00,319.7699890136719,320.5249938964844,319.0799865722656,319.1000061035156,122722.0
2024-07-22T14:30:00-04:00,318.9800109863281,319.8500061035156,318.5,318.8500061035156,123845.0
2024-07-22T15:30:00-04:00,318.92999267578125,320.5299987792969,318.6199951171875,320.4800109863281,261197.0
2024-07-23T09:30:00-04:00,320.0,324.1700134277344,319.6679992675781,323.739990234375,198853.0
2024-07-23T10:30:00-04:00,323.5799865722656,325.2699890136719,322.0271911621094,324.0249938964844,188625.0
2024-07-23T11:30:00-04:00,324.2300109863281,325.32989501953125,324.0799865722656,324.7950134277344,139624.0
2024-07-23T12:30:00-04:00,324.7650146484375,325.0199890136719,323.510009765625,324.4303894042969,130587.0
2024-07-23T13:30:00-04:00,324.3399963378906,324.82000732421875,323.2200012207031,323.44500732421875,166054.0
2024-07-23T14:30:00-04:00,323.4200134277344,324.739990234375,323.1400146484375,324.17999267578125,143777.0
2024-07-23T15:30:00-04:00,324.010009765625,324.5299987792969,321.4800109863281,322.0299987792969,312780.0
2024-07-24T09:30:00-04:00,316.8399963378906,318.0799865722656,310.5249938964844,313.05999755859375,496434.0
2024-07-24T10:30:00-04:00,313.06500244140625,313.6000061035156,308.17999267578125,308.54998779296875,619733.0
2024-07-24T11:30:00-04:00,308.5799865722656,309.5050048828125,306.05999755859375,306.1549987792969,391409.0
2024-07-24T12:30:00-04:00,306.1300048828125,306.5400085449219,305.239990234375,306.4800109863281,466585.0
2024-07-24T13:30:00-04:00,306.45001220703125,306.79998779296875,304.2200012207031,304.42999267578125,392713.0
2024-07-24T14:30:00-04:00,304.4200134277344,304.760009765625,302.4049987792969,302.5799865722656,378474.0
2024-07-24T15:30:00-04:00,302.5849914550781,303.29998779296875,299.32000732421875,299.5899963378906,590740.0
2024-07-25T09:30:00-04:00,298.7300109863281,299.55499267578125,286.8699951171875,294.260009765625,1485698.0
2024-07-25T10:30:00-04:00,294.260009765625,297.3800048828125,292.4700012207031,295.8599853515625,846308.0
2024-07-25T11:30:00-04:00,295.9100036621094,299.6700134277344,295.82000732421875,299.30999755859375,741973.0
2024-07-25T12:30:00-04:00,299.2099914550781,300.2796936035156,296.5899963378906,297.82000732421875,534926.0
2024-07-25T13:30:00-04:00,297.8599853515625,298.0199890136719,295.54998779296875,295.95001220703125,343914.0
2024-07-25T14:30:00-04:00,295.94500732421875,296.4549865722656,292.9200134277344,295.0950012207031,567611.0
2024-07-25T15:30:00-04:00,295.19000244140625,295.7200012207031,292.05999755859375,292.8599853515625,724204.0
2024-07-26T09:30:00-04:00,300.8800048828125,301.92999267578125,296.4200134277344,299.6300048828125,519097.0
2024-07-26T10:30:00-04:00,299.3900146484375,299.6300048828125,297.04998779296875,298.6003112792969,187094.0
2024-07-26T11:30:00-04:00,298.57000732421875,299.7825012207031,298.04998779296875,299.3999938964844,236238.0
2024-07-26T12:30:00-04:00,299.2799987792969,301.8800048828125,299.2799987792969,300.81500244140625,218259.0
2024-07-26T13:30:00-04:00,300.7200012207031,301.0400085449219,298.1300048828125,298.44000244140625,240407.0
2024-07-26T14:30:00-04:00,298.3900146484375,298.6929931640625,297.364990234375,298.42999267578125,317702.0
2024-07-26T15:30:00-04:00,298.3999938964844,298.3999938964844,296.7200012207031,297.6099853515625,544623.0
2024-07-29T09:30:00-04:00,298.6000061035156,300.3900146484375,295.927490234375,297.07000732421875,468089.0
2024-07-29T10:30:00-04:00,297.0751037597656,297.6700134277344,294.989990234375,295.6400146484375,225606.0
2024-07-29T11:30:00-04:00,295.5950012207031,298.20001220703125,294.55999755859375,297.46929931640625,253450.0
2024-07-29T12:30:00-04:00,297.5450134277344,298.57000732421875,297.1300048828125,297.70001220703125,155767.0
2024-07-29T13:30:00-04:00,297.6400146484375,298.0899963378906,296.760009765625,297.4750061035156,105287.0
2024-07-29T14:30:00-04:00,297.57000732421875,298.0299987792969,297.07000732421875,297.32000732421875,181403.0
2024-07-29T15:30:00-04:00,297.32000732421875,298.1600036621094,296.2799987792969,296.5899963378906,422983.0
2024-07-30T09:30:00-04:00,297.55999755859375,302.5249938964844,290.6600036621094,292.67999267578125,1095487.0
2024-07-30T10:30:00-04:00,292.67999267578125,294.7149963378906,289.0,289.92999267578125,508316.0
2024-07-30T11:30:00-04:00,289.9200134277344,290.07000732421875,287.8550109863281,288.8699951171875,387065.0
2024-07-30T12:30:00-04:00,288.9700012207031,289.32000732421875,285.8500061035156,287.2300109863281,728865.0
2024-07-30T13:30:00-04:00,287.2699890136719,290.2200012207031,286.9150085449219,287.9100036621094,336984.0
2024-07-30T14:30:00-04:00,288.1199951171875,288.30999755859375,286.1449890136719,286.7300109863281,617300.0
2024-07-30T15:30:00-04:00,286.6700134277344,288.9700012207031,285.4800109863281,287.2200012207031,596440.0
2024-07-31T09:30:00-04:00,306.19000244140625,310.8699951171875,301.3699951171875,304.6199951171875,1580855.0
2024-07-31T10:30:00-04:00,304.6650085449219,308.1499938964844,303.82000732421875,305.82000732421875,440917.0
2024-07-31T11:30:00-04:00,305.82000732421875,306.8399963378906,303.8800048828125,305.2300109863281,352506.0
2024-07-31T12:30:00-04:00,305.0899963378906,305.5,303.260009765625,303.67498779296875,457736.0
2024-07-31T13:30:00-04:00,303.9200134277344,304.8699951171875,302.1099853515625,303.8599853515625,253421.0
2024-07-31T14:30:00-04:00,303.8800048828125,307.95001220703125,303.69000244140625,304.0,736898.0
2024-07-31T15:30:00-04:00,303.989990234375,306.7099914550781,303.5,304.80999755859375,626928.0
2024-08-01T09:30:00-04:00,290.0400085449219,304.2900085449219,288.0,295.9200134277344,1137691.0
2024-08-01T10:30:00-04:00,295.8550109863281,298.1000061035156,291.4200134277344,293.9849853515625,507340.0
2024-08-01T11:30:00-04:00,293.9849853515625,296.19000244140625,291.3399963378906,294.5199890136719,518541.0
2024-08-01T12:30:00-04:00,294.5,296.0249938964844,292.6650085449219,294.9200134277344,761543.0
2024-08-01T13:30:00-04:00,295.04998779296875,298.510009765625,294.0899963378906,296.6000061035156,688453.0
2024-08-01T14:30:00-04:00,296.4150085449219,299.0299987792969,295.3299865722656,298.95001220703125,618119.0
2024-08-01T15:30:00-04:00,298.875,299.5199890136719,297.3699951171875,297.8399963378906,763875.0
2024-08-02T09:30:00-04:00,290.0,290.635009765625,276.010009765625,281.1499938964844,1371086.0
2024-08-02T10:30:00-04:00,281.05999755859375,282.17999267578125,278.15008544921875,281.3999938964844,424649.0
2024-08-02T11:30:00-04:00,281.20001220703125,285.510009765625,281.07000732421875,284.6000061035156,397675.0
2024-08-02T12:30:00-04:00,284.8299865722656,284.8299865722656,281.2300109863281,282.1400146484375,266737.0
2024-08-02T13:30:00-04:00,282.04998779296875,282.1700134277344,278.2799987792969,279.875,415443.0
2024-08-02T14:30:00-04:00,279.8299865722656,280.9599914550781,278.6199951171875,280.69000244140625,521248.0
2024-08-02T15:30:00-04:00,280.67999267578125,280.9599914550781,278.760009765625,280.19000244140625,643871.0
2024-08-05T09:30:00-04:00,255.64999389648438,275.17999267578125,255.64999389648438,268.885009765625,1298756.0
2024-08-05T10:30:00-04:00,268.6099853515625,273.8999938964844,267.768798828125,271.9849853515625,689529.0
2024-08-05T11:30:00-04:00,271.8450012207031,277.0199890136719,271.5799865722656,276.7300109863281,459128.0
2024-08-05T12:30:00-04:00,276.6400146484375,276.7300109863281,271.7799987792969,273.04998779296875,418655.0
2024-08-05T13:30:00-04:00,273.04998779296875,274.17999267578125,271.45001220703125,272.7699890136719,263278.0
2024-08-05T14:30:00-04:00,272.6499938964844,273.1300048828125,270.7900085449219,272.1000061035156,373309.0
2024-08-05T15:30:00-04:00,272.2200012207031,272.70001220703125,270.5799865722656,272.6600036621094,618241.0
2024-08-06T09:30:00-04:00,274.6499938964844,279.4898986816406,274.6499938964844,277.55999755859375,691971.0
2024-08-06T10:30:00-04:00,277.75,280.8999938964844,276.510009765625,277.7099914550781,365539.0
2024-08-06T11:30:00-04:00,277.8299865722656,280.2799987792969,277.79998779296875,279.17999267578125,205191.0
2024-08-06T12:30:00-04:00,279.18499755859375,282.0299987792969,278.18011474609375,281.69500732421875,396797.0
2024-08-06T13:30:00-04:00,281.54998779296875,281.95001220703125,280.1658935546875,281.79998779296875,262341.0
2024-08-06T14:30:00-04:00,281.79998779296875,281.989013671875,278.6199951171875,280.4100036621094,308682.0
2024-08-06T15:30:00-04:00,280.4150085449219,281.0,277.30999755859375,277.5400085449219,566817.0
2024-08-07T09:30:00-04:00,285.0,288.1000061035156,281.4700012207031,281.7900085449219,467734.0
2024-08-07T10:30:00-04:00,281.4100036621094,285.760009765625,281.04998779296875,284.3699951171875,423703.0
2024-08-07T11:30:00-04:00,284.29998779296875,284.5799865722656,280.3900146484375,281.9200134277344,305189.0
2024-08-07T12:30:00-04:00,281.9949951171875,282.3399963378906,278.0899963378906,280.0299987792969,120293.0
2024-08-07T13:30:00-04:00,280.0299987792969,280.7998962402344,276.92999267578125,277.6499938964844,181711.0
2024-08-07T14:30:00-04:00,277.6499938964844,278.7698974609375,276.9501037597656,278.0,226539.0
2024-08-07T15:30:00-04:00,277.82000732421875,279.0899963378906,276.79998779296875,277.8299865722656,334173.0
2024-08-08T09:30:00-04:00,282.04998779296875,284.44000244140625,278.1099853515625,282.7850036621094,497924.0
2024-08-08T10:30:00-04:00,282.7900085449219,286.989990234375,282.4599914550781,286.1700134277344,291360.0
2024-08-08T11:30:00-04:00,286.1700134277344,286.7674865722656,284.5462951660156,286.20001220703125,311275.0
2024-08-08T12:30:00-04:00,286.20001220703125,286.69000244140625,284.0400085449219,286.54998779296875,265984.0
2024-08-08T13:30:00-04:00,286.5899963378906,287.8599853515625,285.760009765625,286.87750244140625,297077.0
2024-08-08T14:30:00-04:00,286.95001220703125,287.95001220703125,286.20001220703125,287.010009765625,307554.0
2024-08-08T15:30:00-04:00,286.8699951171875,288.05999755859375,286.05999755859375,287.3399963378906,471323.0
2024-08-09T09:30:00-04:00,286.8599853515625,290.4049987792969,285.70001220703125,287.5899963378906,449265.0
2024-08-09T10:30:00-04:00,287.42999267578125,290.6000061035156,285.82000732421875,289.1099853515625,243703.0
2024-08-09T11:30:00-04:00,289.1050109863281,289.57000732421875,288.0609130859375,288.64068603515625,123830.0
2024-08-09T12:30:00-04:00,288.7799987792969,291.0,288.5570068359375,291.0,110898.0
2024-08-09T13:30:00-04:00,291.010009765625,291.239990234375,288.6700134277344,289.4599914550781,184345.0
2024-08-09T14:30:00-04:00,289.4100036621094,292.1499938964844,289.3999938964844,291.9599914550781,374760.0
2024-08-09T15:30:00-04:00,291.9375,292.1700134277344,290.8399963378906,291.54998779296875,353529.0
2024-08-12T09:30:00-04:00,291.1199951171875,293.45001220703125,285.9100036621094,288.0249938964844,384260.0
2024-08-12T10:30:00-04:00,288.0249938964844,289.8500061035156,285.5299987792969,286.4800109863281,272322.0
2024-08-12T11:30:00-04:00,286.1499938964844,289.5884094238281,285.760009765625,287.9931945800781,190946.0
2024-08-12T12:30:00-04:00,288.19000244140625,288.7300109863281,287.1300048828125,288.3900146484375,126881.0
2024-08-12T13:30:00-04:00,288.3800048828125,288.5799865722656,287.32000732421875,288.3666076660156,180583.0
2024-08-12T14:30:00-04:00,288.2650146484375,288.7799987792969,288.0799865722656,288.42999267578125,197708.0
2024-08-12T15:30:00-04:00,288.42999267578125,288.79998779296875,287.8900146484375,288.4200134277344,288453.0
2024-08-13T09:30:00-04:00,292.20001220703125,293.57989501953125,288.2749938964844,289.7699890136719,316034.0
2024-08-13T10:30:00-04:00,289.760009765625,291.5849914550781,288.6300048828125,291.0899963378906,331317.0
2024-08-13T11:30:00-04:00,291.239990234375,292.5799865722656,290.4100036621094,291.92999267578125,238541.0
2024-08-13T12:30:00-04:00,292.1571960449219,293.6700134277344,291.8800048828125,293.6700134277344,322959.0
2024-08-13T13:30:00-04:00,293.7099914550781,295.05499267578125,292.8699951171875,294.79998779296875,183156.0
2024-08-13T14:30:00-04:00,294.7850036621094,295.82000732421875,294.6048889160156,295.29998779296875,193088.0
2024-08-13T15:30:00-04:00,295.1700134277344,295.75,294.2799987792969,295.3299865722656,277582.0
2024-08-14T09:30:00-04:00,296.010009765625,298.510009765625,294.42999267578125,298.010009765625,426027.0
2024-08-14T10:30:00-04:00,297.8900146484375,299.3599853515625,295.92999267578125,298.2699890136719,275112.0
2024-08-14T11:30:00-04:00,298.3299865722656,300.04998779296875,296.565185546875,297.46990966796875,286409.0
2024-08-14T12:30:00-04:00,297.17999267578125,298.79998779296875,296.55499267578125,298.2300109863281,159828.0
2024-08-14T13:30:00-04:00,298.239990234375,298.6650085449219,297.2200012207031,297.3900146484375,161303.0
2024-08-14T14:30:00-04:00,297.489990234375,298.5887145996094,297.4100036621094,297.79998779296875,153165.0
2024-08-14T15:30:00-04:00,297.75,298.56201171875,297.0400085449219,298.2200012207031,283046.0
2024-08-15T09:30:00-04:00,302.239990234375,304.7699890136719,298.0400085449219,300.2449951171875,290216.0
2024-08-15T10:30:00-04:00,300.3699951171875,302.80999755859375,300.05999755859375,301.8500061035156,460351.0
2024-08-15T11:30:00-04:00,301.84490966796875,303.1300048828125,301.110107421875,302.55999755859375,280445.0
2024-08-15T12:30:00-04:00,302.5199890136719,303.20001220703125,301.6499938964844,301.989990234375,267038.0
2024-08-15T13:30:00-04:00,301.95001220703125,302.7300109863281,301.7900085449219,302.5199890136719,195136.0
2024-08-15T14:30:00-04:00,302.5,303.3699951171875,302.1400146484375,302.5799865722656,193448.0
2024-08-15T15:30:00-04:00,302.69000244140625,303.0150146484375,301.55999755859375,302.30999755859375,366948.0
2024-08-16T09:30:00-04:00,302.07000732421875,302.5299987792969,297.29998779296875,297.5199890136719,367784.0
2024-08-16T10:30:00-04:00,297.54998779296875,297.67498779296875,293.75,294.3299865722656,649634.0
2024-08-16T11:30:00-04:00,294.3299865722656,295.0799865722656,293.3800048828125,294.3500061035156,441282.0
2024-08-16T12:30:00-04:00,294.30499267578125,297.70001220703125,294.04998779296875,297.3500061035156,234372.0
2024-08-16T13:30:00-04:00,297.45001220703125,298.04998779296875,297.0799865722656,297.6152038574219,168978.0
2024-08-16T14:30:00-04:00,297.6549987792969,298.1199951171875,297.25,297.9700012207031,194192.0
2024-08-16T15:30:00-04:00,297.94000244140625,298.0799865722656,296.2699890136719,296.67999267578125,397395.0
2024-08-19T09:30:00-04:00,297.19000244140625,298.42498779296875,293.19000244140625,293.95001220703125,240816.0
2024-08-19T10:30:00-04:00,293.95001220703125,295.9921875,293.95001220703125,294.9200134277344,179772.0
2024-08-19T11:30:00-04:00,294.875,295.9200134277344,294.2799987792969,295.69000244140625,159349.0
2024-08-19T12:30:00-04:00,295.6400146484375,296.4700012207031,294.9100036621094,295.9949951171875,183698.0
2024-08-19T13:30:00-04:00,295.9949951171875,296.3299865722656,295.489990234375,295.6600036621094,120731.0
2024-08-19T14:30:00-04:00,295.7300109863281,296.56988525390625,295.30999755859375,296.3374938964844,189458.0
2024-08-19T15:30:00-04:00,296.3450012207031,297.114990234375,295.6400146484375,297.05999755859375,280860.0
2024-08-20T09:30:00-04:00,297.9200134277344,299.6400146484375,295.4599914550781,295.8599853515625,186920.0
2024-08-20T10:30:00-04:00,295.79998779296875,296.1581115722656,294.7699890136719,294.8999938964844,147935.0
2024-08-20T11:30:00-04:00,294.8583984375,295.6499938964844,294.5799865722656,295.1199951171875,96469.0
2024-08-20T12:30:00-04:00,295.0950012207031,295.64990234375,294.7300109863281,295.07000732421875,79150.0
2024-08-20T13:30:00-04:00,294.9200134277344,296.44000244140625,294.6600036621094,295.82501220703125,123463.0
2024-08-20T14:30:00-04:00,295.9800109863281,296.401611328125,295.57000732421875,295.8999938964844,123071.0
2024-08-20T15:30:00-04:00,295.82000732421875,296.4100036621094,295.4010009765625,296.260009765625,202102.0
2024-08-21T09:30:00-04:00,296.45001220703125,298.79998779296875,296.1700134277344,298.5439147949219,302069.0
2024-08-21T10:30:00-04:00,298.5899963378906,301.510009765625,298.2699890136719,299.6700134277344,199155.0
2024-08-21T11:30:00-04:00,299.6499938964844,299.9100036621094,298.32000732421875,299.1600036621094,94928.0
2024-08-21T12:30:00-04:00,299.0799865722656,300.1099853515625,298.8550109863281,299.8800048828125,89220.0
2024-08-21T13:30:00-04:00,299.9599914550781,301.25,299.760009765625,301.25,123725.0
2024-08-21T14:30:00-04:00,301.2699890136719,301.6499938964844,299.2300109863281,299.80499267578125,143000.0
2024-08-21T15:30:00-04:00,299.79998779296875,300.5899963378906,299.3599853515625,299.55999755859375,231454.0
2024-08-22T09:30:00-04:00,300.4599914550781,303.3999938964844,298.2200012207031,299.79998779296875,423317.0
2024-08-22T10:30:00-04:00,299.79998779296875,300.3900146484375,299.1449890136719,299.6050109863281,150492.0
2024-08-22T11:30:00-04:00,299.3299865722656,302.2300109863281,299.25,302.19000244140625,144993.0
2024-08-22T12:30:00-04:00,302.239990234375,302.8559875488281,299.860107421875,299.95001220703125,143814.0
2024-08-22T13:30:00-04:00,299.989990234375,299.989990234375,298.0799865722656,299.20001220703125,290687.0
2024-08-22T14:30:00-04:00,299.1400146484375,299.3800048828125,297.9599914550781,298.20001220703125,276360.0
2024-08-22T15:30:00-04:00,298.2200012207031,298.6199951171875,296.70001220703125,297.6700134277344,437882.0
2024-08-23T09:30:00-04:00,300.0,302.0,297.989990234375,299.69000244140625,466591.0
2024-08-23T10:30:00-04:00,299.6549987792969,300.7650146484375,297.7799987792969,300.4700012207031,256609.0
2024-08-23T11:30:00-04:00,300.54998779296875,300.92999267578125,297.9100036621094,298.260009765625,153554.0
2024-08-23T12:30:00-04:00,298.260009765625,299.80999755859375,297.82000732421875,299.4949951171875,128070.0
2024-08-23T13:30:00-04:00,299.4750061035156,299.7300109863281,298.2900085449219,298.8399963378906,110906.0
2024-08-23T14:30:00-04:00,298.8399963378906,299.30999755859375,298.32000732421875,299.1700134277344,125215.0
2024-08-23T15:30:00-04:00,299.1099853515625,300.1099853515625,298.5199890136719,299.9800109863281,469703.0
2024-08-26T09:30:00-04:00,300.2799987792969,301.75,299.510009765625,301.1199951171875,196781.0
2024-08-26T10:30:00-04:00,301.2510986328125,301.2510986328125,297.07000732421875,297.7099914550781,261372.0
2024-08-26T11:30:00-04:00,297.67999267578125,298.0799865722656,296.3900146484375,297.9599914550781,132612.0
2024-08-26T12:30:00-04:00,297.91729736328125,298.14990234375,297.0299987792969,297.614990234375,117008.0
2024-08-26T13:30:00-04:00,297.7947082519531,297.7947082519531,296.0,297.0199890136719,143592.0
2024-08-26T14:30:00-04:00,297.0299987792969,297.9198913574219,296.9100036621094,297.17999267578125,191831.0
2024-08-26T15:30:00-04:00,297.2550048828125,297.3900146484375,296.1199951171875,297.0400085449219,342223.0
2024-08-27T09:30:00-04:00,295.0,297.989990234375,292.3999938964844,297.677490234375,241148.0
2024-08-27T10:30:00-04:00,297.6499938964844,299.8599853515625,296.6400146484375,296.8349914550781,189520.0
2024-08-27T11:30:00-04:00,296.4800109863281,297.114990234375,295.2200012207031,296.2900085449219,183141.0
2024-08-27T12:30:00-04:00,296.2149963378906,296.6545104980469,295.54998779296875,296.5799865722656,173412.0
2024-08-27T13:30:00-04:00,296.5400085449219,296.82110595703125,296.1300048828125,296.54998779296875,143576.0
2024-08-27T14:30:00-04:00,296.5199890136719,296.70001220703125,295.4599914550781,296.510009765625,184892.0
2024-08-27T15:30:00-04:00,296.45001220703125,296.8140869140625,295.7049865722656,296.1199951171875,318064.0
2024-08-28T09:30:00-04:00,296.82000732421875,297.489990234375,294.54998779296875,296.1600036621094,233953.0
2024-08-28T10:30:00-04:00,296.32000732421875,296.69000244140625,294.7099914550781,295.1400146484375,196590.0
2024-08-28T11:30:00-04:00,294.9800109863281,296.2799987792969,294.55999755859375,294.75,129612.0
2024-08-28T12:30:00-04:00,294.7099914550781,295.8900146484375,294.4649963378906,294.6400146484375,104615.0
2024-08-28T13:30:00-04:00,294.6499938964844,294.9200134277344,292.2300109863281,292.75,143362.0
2024-08-28T14:30:00-04:00,292.9100036621094,293.9599914550781,292.3800048828125,293.2349853515625,265251.0
2024-08-28T15:30:00-04:00,293.19000244140625,294.1549987792969,292.8999938964844,293.70001220703125,304081.0
2024-08-29T09:30:00-04:00,296.2300109863281,301.20001220703125,295.135009765625,300.6524963378906,434540.0
2024-08-29T10:30:00-04:00,301.0150146484375,305.14801025390625,300.6400146484375,304.8949890136719,345191.0
2024-08-29T11:30:00-04:00,305.0299987792969,306.6700134277344,303.5299987792969,306.6700134277344,209026.0
2024-08-29T12:30:00-04:00,306.6700134277344,307.45001220703125,305.6000061035156,305.9861145019531,154151.0
2024-08-29T13:30:00-04:00,306.0,306.6700134277344,303.9100036621094,303.92999267578125,195692.0
2024-08-29T14:30:00-04:00,303.9599914550781,304.0299987792969,300.7799987792969,303.2799987792969,322818.0
2024-08-29T15:30:00-04:00,303.0400085449219,303.69000244140625,300.45001220703125,301.1300048828125,364294.0
2024-08-30T09:30:00-04:00,301.489990234375,305.70001220703125,300.125,304.7200012207031,328972.0
2024-08-30T10:30:00-04:00,304.5799865722656,305.9200134277344,303.04998779296875,303.45001220703125,160757.0
2024-08-30T11:30:00-04:00,303.260009765625,303.4599914550781,300.94500732421875,301.1549987792969,145605.0
2024-08-30T12:30:00-04:00,301.1099853515625,303.2200012207031,300.6199951171875,302.7049865722656,101878.0
2024-08-30T13:30:00-04:00,302.7049865722656,303.8949890136719,302.510009765625,303.4800109863281,98867.0
2024-08-30T14:30:00-04:00,303.5400085449219,305.4200134277344,303.4599914550781,305.20001220703125,172665.0
2024-08-30T15:30:00-04:00,305.20001220703125,307.6499938964844,304.95001220703125,307.0899963378906,466700.0
2024-09-03T09:30:00-04:00,304.1700134277344,304.80999755859375,293.6199951171875,294.7900085449219,361757.0
2024-09-03T10:30:00-04:00,294.69000244140625,295.489990234375,293.8500061035156,294.7004089355469,191627.0
2024-09-03T11:30:00-04:00,294.6600036621094,295.0899963378906,291.7799987792969,292.5,192412.0
2024-09-03T12:30:00-04:00,292.5,293.1600036621094,291.0685119628906,292.94000244140625,263712.0
2024-09-03T13:30:00-04:00,292.8500061035156,294.114990234375,292.32000732421875,292.7900085449219,279911.0
2024-09-03T14:30:00-04:00,292.80999755859375,293.79998779296875,292.3900146484375,292.6600036621094,536941.0
2024-09-03T15:30:00-04:00,292.6600036621094,292.71099853515625,289.4700012207031,289.8699951171875,809088.0
2024-09-04T09:30:00-04:00,288.20001220703125,292.7900085449219,286.6199951171875,290.3999938964844,590122.0
2024-09-04T10:30:00-04:00,290.55999755859375,291.659912109375,289.27880859375,289.864990234375,197658.0
2024-09-04T11:30:00-04:00,289.7799987792969,289.94000244140625,288.010009765625,288.6300048828125,181249.0
2024-09-04T12:30:00-04:00,288.7200012207031,289.510009765625,288.17999267578125,288.54998779296875,141945.0
2024-09-04T13:30:00-04:00,288.6199951171875,288.80999755859375,287.1600036621094,288.2200012207031,199945.0
2024-09-04T14:30:00-04:00,288.1199951171875,288.45001220703125,286.8599853515625,287.9599914550781,178119.0
2024-09-04T15:30:00-04:00,287.9599914550781,289.7099914550781,287.6700134277344,288.75,328492.0
2024-09-05T09:30:00-04:00,287.45001220703125,289.2300109863281,283.94000244140625,286.510009765625,239251.0
2024-09-05T10:30:00-04:00,286.5150146484375,287.1499938964844,283.3900146484375,283.5299987792969,156127.0
2024-09-05T11:30:00-04:00,283.5199890136719,284.19000244140625,282.55999755859375,283.9049987792969,268262.0
2024-09-05T12:30:00-04:00,283.8699951171875,285.4200134277344,283.7300109863281,284.92999267578125,140807.0
2024-09-05T13:30:00-04:00,284.82000732421875,287.0400085449219,284.82000732421875,285.7900085449219,181269.0
2024-09-05T14:30:00-04:00,285.76690673828125,286.2799987792969,284.6199951171875,285.3500061035156,206685.0
2024-09-05T15:30:00-04:00,285.3500061035156,286.0354919433594,284.010009765625,285.7200012207031,461445.0
2024-09-06T09:30:00-04:00,288.6199951171875,292.20001220703125,284.04998779296875,284.18499755859375,486405.0
2024-09-06T10:30:00-04:00,284.18499755859375,286.3699951171875,282.2900085449219,283.2099914550781,311217.0
2024-09-06T11:30:00-04:00,283.0950012207031,284.1449890136719,281.4100036621094,281.69000244140625,180347.0
2024-09-06T12:30:00-04:00,281.67999267578125,283.8500061035156,281.3399963378906,283.1499938964844,127573.0
2024-09-06T13:30:00-04:00,282.94000244140625,284.0899963378906,282.55999755859375,283.0,156937.0
2024-09-06T14:30:00-04:00,282.8599853515625,285.0,282.5400085449219,284.05999755859375,225121.0
2024-09-06T15:30:00-04:00,283.9750061035156,285.6700134277344,283.6400146484375,285.0400085449219,396862.0
2024-09-09T09:30:00-04:00,289.2099914550781,292.1000061035156,288.239990234375,289.4599914550781,380522.0
2024-09-09T10:30:00-04:00,288.94000244140625,289.20001220703125,287.6199951171875,289.05999755859375,115802.0
2024-09-09T11:30:00-04:00,289.2099914550781,291.510009765625,289.2099914550781,290.54998779296875,187927.0
2024-09-09T12:30:00-04:00,290.55499267578125,291.1499938964844,290.3900146484375,291.0199890136719,185281.0
2024-09-09T13:30:00-04:00,291.010009765625,291.0199890136719,289.2099914550781,289.6600036621094,143685.0
2024-09-09T14:30:00-04:00,289.843994140625,290.3900146484375,288.6000061035156,289.4800109863281,173266.0
2024-09-09T15:30:00-04:00,289.4800109863281,289.6000061035156,288.42999267578125,289.3800048828125,269349.0
2024-09-10T09:30:00-04:00,291.2300109863281,291.8999938964844,286.0899963378906,287.79998779296875,248051.0
2024-09-10T10:30:00-04:00,287.760009765625,288.34991455078125,286.9100036621094,287.875,152575.0
2024-09-10T11:30:00-04:00,287.739990234375,287.8699951171875,284.4549865722656,284.95001220703125,167526.0
2024-09-10T12:30:00-04:00,284.8399963378906,287.04998779296875,284.7200012207031,286.8500061035156,122948.0
2024-09-10T13:30:00-04:00,286.7799987792969,287.760009765625,286.6600036621094,287.7455139160156,103585.0
2024-09-10T14:30:00-04:00,287.7250061035156,289.0,287.6304931640625,288.8450012207031,174176.0
2024-09-10T15:30:00-04:00,288.8399963378906,288.9100036621094,287.3599853515625,288.1600036621094,336328.0
2024-09-11T09:30:00-04:00,289.7049865722656,290.5400085449219,284.8699951171875,285.3599853515625,205622.0
2024-09-11T10:30:00-04:00,285.3500061035156,288.510009765625,284.54998779296875,288.2650146484375,219354.0
2024-09-11T11:30:00-04:00,288.2650146484375,291.989990234375,287.82000732421875,291.4100036621094,245144.0
2024-09-11T12:30:00-04:00,291.4700012207031,295.2300109863281,291.29998779296875,294.9549865722656,273222.0
2024-09-11T13:30:00-04:00,295.04998779296875,297.3699951171875,294.7799987792969,296.4200134277344,353549.0
2024-09-11T14:30:00-04:00,296.55999755859375,297.67999267578125,296.30999755859375,297.60150146484375,355542.0
2024-09-11T15:30:00-04:00,297.55999755859375,297.6300048828125,295.3800048828125,296.94000244140625,456445.0
2024-09-12T09:30:00-04:00,296.8500061035156,301.7799987792969,294.8699951171875,301.75,682593.0
2024-09-12T10:30:00-04:00,301.739990234375,303.2550048828125,299.6600036621094,300.54998779296875,344970.0
2024-09-12T11:30:00-04:00,300.56500244140625,302.3299865722656,299.5400085449219,302.0950012207031,270956.0
2024-09-12T12:30:00-04:00,302.0799865722656,303.19000244140625,300.8399963378906,302.8800048828125,214004.0
2024-09-12T13:30:00-04:00,302.8800048828125,304.4649963378906,302.489990234375,302.510009765625,195253.0
2024-09-12T14:30:00-04:00,302.489990234375,303.4599914550781,301.45001220703125,302.69000244140625,220466.0
2024-09-12T15:30:00-04:00,302.57000732421875,303.489990234375,301.7099914550781,303.4800109863281,416472.0
2024-09-13T09:30:00-04:00,305.82000732421875,307.44000244140625,304.5,304.9200134277344,236858.0
2024-09-13T10:30:00-04:00,305.0,307.3349914550781,303.6700134277344,306.7250061035156,309052.0
2024-09-13T11:30:00-04:00,306.760009765625,309.6788024902344,306.60009765625,308.010009765625,359911.0
2024-09-13T12:30:00-04:00,307.94000244140625,310.25,307.57000732421875,310.07501220703125,261167.0
2024-09-13T13:30:00-04:00,310.0950012207031,310.4649963378906,307.8399963378906,308.0,167029.0
2024-09-13T14:30:00-04:00,307.69000244140625,308.1099853515625,306.4200134277344,306.6199951171875,176466.0
2024-09-13T15:30:00-04:00,306.5400085449219,306.5400085449219,305.4800109863281,305.7300109863281,279918.0
2024-09-16T09:30:00-04:00,306.0,306.9800109863281,302.3699951171875,303.8800048828125,345747.0
2024-09-16T10:30:00-04:00,303.7950134277344,303.909912109375,301.4750061035156,301.7699890136719,205610.0
2024-09-16T11:30:00-04:00,301.760009765625,304.2200012207031,301.6400146484375,303.8999938964844,163468.0
2024-09-16T12:30:00-04:00,304.0849914550781,304.6199951171875,303.5799865722656,304.2049865722656,98824.0
2024-09-16T13:30:00-04:00,304.375,305.95001220703125,304.2550048828125,305.8800048828125,133083.0
2024-09-16T14:30:00-04:00,305.9198913574219,306.0899963378906,304.94000244140625,305.57000732421875,162023.0
2024-09-16T15:30:00-04:00,305.54998779296875,306.95001220703125,305.44000244140625,306.42999267578125,209573.0
2024-09-17T09:30:00-04:00,308.4800109863281,309.70001220703125,304.6499938964844,308.8399963378906,314240.0
2024-09-17T10:30:00-04:00,308.7950134277344,310.6499938964844,308.7325134277344,309.4800109863281,175365.0
2024-09-17T11:30:00-04:00,309.54998779296875,310.0899963378906,308.1099853515625,309.54998779296875,105543.0
2024-09-17T12:30:00-04:00,309.4100036621094,310.67999267578125,307.6658935546875,310.1600036621094,191829.0
2024-09-17T13:30:00-04:00,310.1600036621094,310.95001220703125,309.2200012207031,309.95001220703125,211756.0
2024-09-17T14:30:00-04:00,309.7250061035156,310.8999938964844,309.4200134277344,310.7568054199219,221437.0
2024-09-17T15:30:00-04:00,310.76251220703125,312.4200134277344,310.3399963378906,311.8299865722656,528950.0
2024-09-18T09:30:00-04:00,313.55999755859375,318.19000244140625,313.54998779296875,316.3450012207031,645716.0
2024-09-18T10:30:00-04:00,316.20001220703125,316.20001220703125,314.92999267578125,315.5799865722656,310108.0
2024-09-18T11:30:00-04:00,315.5450134277344,316.0599060058594,314.364990234375,316.0599060058594,277824.0
2024-09-18T12:30:00-04:00,315.8699951171875,317.79998779296875,315.7799987792969,316.5,195986.0
2024-09-18T13:30:00-04:00,316.55999755859375,321.1499938964844,315.93499755859375,320.7900085449219,408793.0
2024-09-18T14:30:00-04:00,320.5481872558594,320.9750061035156,315.54998779296875,318.07000732421875,450673.0
2024-09-18T15:30:00-04:00,318.07000732421875,318.7200012207031,314.19000244140625,314.739990234375,376916.0
2024-09-19T09:30:00-04:00,323.75,328.0,319.8949890136719,324.43499755859375,525725.0
2024-09-19T10:30:00-04:00,324.43499755859375,324.7900085449219,321.0400085449219,324.260009765625,454281.0
2024-09-19T11:30:00-04:00,324.1700134277344,326.8299865722656,323.8399963378906,326.70001220703125,272250.0
2024-09-19T12:30:00-04:00,326.6700134277344,327.2049865722656,325.7489013671875,326.42999267578125,191918.0
2024-09-19T13:30:00-04:00,326.4700012207031,328.3900146484375,326.44000244140625,328.3900146484375,272214.0
2024-09-19T14:30:00-04:00,328.07000732421875,328.5299987792969,326.92999267578125,328.135009765625,397476.0
2024-09-19T15:30:00-04:00,328.13250732421875,329.7799987792969,328.04998779296875,328.989990234375,627331.0
2024-09-20T09:30:00-04:00,326.67999267578125,329.8800048828125,326.0,329.57000732421875,612902.0
2024-09-20T10:30:00-04:00,329.5350036621094,330.9100036621094,328.17999267578125,329.1600036621094,286835.0
2024-09-20T11:30:00-04:00,329.1700134277344,330.92999267578125,328.5,330.69000244140625,245829.0
2024-09-20T12:30:00-04:00,330.5899963378906,331.4200134277344,330.0899963378906,330.82000732421875,166198.0
2024-09-20T13:30:00-04:00,331.04998779296875,331.14990234375,328.6700134277344,328.9224853515625,142852.0
2024-09-20T14:30:00-04:00,329.0299987792969,330.8800048828125,328.75,330.70001220703125,283188.0
2024-09-20T15:30:00-04:00,330.7300109863281,331.1099853515625,329.8500061035156,330.6499938964844,362478.0
2024-09-23T09:30:00-04:00,331.8900146484375,333.2900085449219,329.90399169921875,331.19000244140625,286272.0
2024-09-23T10:30:00-04:00,331.16009521484375,331.7799987792969,329.4700012207031,330.625,198553.0
2024-09-23T11:30:00-04:00,330.70001220703125,331.9200134277344,329.6700134277344,330.44000244140625,175977.0
2024-09-23T12:30:00-04:00,330.2699890136719,331.1700134277344,329.5299987792969,329.9800109863281,136035.0
2024-09-23T13:30:00-04:00,329.9800109863281,330.7908935546875,329.9800109863281,330.0,197480.0
2024-09-23T14:30:00-04:00,330.1099853515625,330.3900146484375,329.55999755859375,330.2869873046875,167588.0
2024-09-23T15:30:00-04:00,330.3125,330.4800109863281,329.4100036621094,329.70001220703125,295228.0
2024-09-24T09:30:00-04:00,327.44000244140625,330.2300109863281,326.5400085449219,327.5,307528.0
2024-09-24T10:30:00-04:00,327.5249938964844,328.7799987792969,326.29998779296875,328.3550109863281,262167.0
2024-09-24T11:30:00-04:00,328.3599853515625,329.6600036621094,328.2699890136719,329.42498779296875,142920.0
2024-09-24T12:30:00-04:00,329.25,329.9490966796875,328.1499938964844,328.4700012207031,139359.0
2024-09-24T13:30:00-04:00,328.4700012207031,328.9700012207031,327.7023010253906,328.6099853515625,158723.0
2024-09-24T14:30:00-04:00,328.42999267578125,329.1799011230469,328.17498779296875,328.6300048828125,200354.0
2024-09-24T15:30:00-04:00,328.6199951171875,328.70001220703125,327.2300109863281,327.3999938964844,432629.0
2024-09-25T09:30:00-04:00,328.30999755859375,330.8599853515625,327.3900146484375,329.1700134277344,241410.0
2024-09-25T10:30:00-04:00,329.20001220703125,330.3500061035156,328.44000244140625,328.7300109863281,191890.0
2024-09-25T11:30:00-04:00,328.9800109863281,329.739990234375,328.3800048828125,329.02850341796875,175707.0
2024-09-25T12:30:00-04:00,328.7799987792969,329.67999267578125,328.45001220703125,328.8800048828125,102165.0
2024-09-25T13:30:00-04:00,328.9150085449219,329.1199951171875,327.67999267578125,328.6499938964844,123986.0
2024-09-25T14:30:00-04:00,328.4800109863281,329.07000732421875,327.75,328.3999938964844,118492.0
2024-09-25T15:30:00-04:00,328.4599914550781,328.7200012207031,327.6099853515625,328.70001220703125,187473.0
2024-09-26T09:30:00-04:00,333.1700134277344,336.29998779296875,330.2799987792969,330.6400146484375,505043.0
2024-09-26T10:30:00-04:00,330.9599914550781,331.8999938964844,329.3399963378906,330.9100036621094,307921.0
2024-09-26T11:30:00-04:00,330.8500061035156,333.55999755859375,330.7799987792969,331.95001220703125,191243.0
2024-09-26T12:30:00-04:00,331.760009765625,332.6600036621094,331.3399963378906,331.94000244140625,160618.0
2024-09-26T13:30:00-04:00,331.80999755859375,334.0299987792969,331.7900085449219,333.70001220703125,173941.0
2024-09-26T14:30:00-04:00,333.6000061035156,334.135009765625,333.0199890136719,333.2099914550781,226482.0
2024-09-26T15:30:00-04:00,333.1700134277344,333.6199951171875,331.8500061035156,333.0799865722656,360079.0
2024-09-27T09:30:00-04:00,333.1099853515625,333.9100036621094,327.5899963378906,330.17498779296875,255690.0
2024-09-27T10:30:00-04:00,330.0950012207031,330.17999267578125,326.6499938964844,328.1711120605469,263050.0
2024-09-27T11:30:00-04:00,327.94000244140625,329.3999938964844,326.760009765625,329.2300109863281,204615.0
2024-09-27T12:30:00-04:00,329.0299987792969,330.0299987792969,328.19000244140625,328.75,156518.0
2024-09-27T13:30:00-04:00,328.6700134277344,328.8999938964844,327.9599914550781,328.19000244140625,134192.0
2024-09-27T14:30:00-04:00,328.1346130371094,329.6050109863281,327.4700012207031,328.9049987792969,160549.0
2024-09-27T15:30:00-04:00,328.80999755859375,329.7699890136719,328.1400146484375,328.1600036621094,275603.0
2024-09-30T09:30:00-04:00,327.489990234375,327.75,324.69000244140625,327.1000061035156,286308.0
2024-09-30T10:30:00-04:00,327.13751220703125,328.4200134277344,327.135009765625,327.7449951171875,209808.0
2024-09-30T11:30:00-04:00,327.75,327.8800048828125,326.6112060546875,327.19000244140625,140839.0
2024-09-30T12:30:00-04:00,327.1300048828125,328.4549865722656,327.1099853515625,327.9049987792969,114247.0
2024-09-30T13:30:00-04:00,327.9200134277344,328.3536071777344,325.5450134277344,326.4849853515625,147148.0
2024-09-30T14:30:00-04:00,326.4849853515625,329.1099853515625,325.989990234375,329.05499267578125,206277.0
2024-09-30T15:30:00-04:00,328.9800109863281,331.69500732421875,328.4700012207031,331.3399963378906,343705.0
2024-10-01T09:30:00-04:00,331.0299987792969,331.42999267578125,326.29998779296875,327.5350036621094,136973.0
2024-10-01T10:30:00-04:00,327.6600036621094,328.760009765625,325.239990234375,328.760009765625,143784.0
2024-10-01T11:30:00-04:00,328.42999267578125,329.3800048828125,327.85101318359375,328.6099853515625,73481.0
2024-10-01T12:30:00-04:00,328.6000061035156,329.39990234375,327.20001220703125,328.0,73120.0
2024-10-01T13:30:00-04:00,327.79998779296875,330.0899963378906,327.75,330.0299987792969,80861.0
2024-10-01T14:30:00-04:00,329.8500061035156,330.3606872558594,328.760009765625,329.2300109863281,92531.0
2024-10-01T15:30:00-04:00,329.2099914550781,329.239990234375,327.3900146484375,327.5299987792969,113483.0
2024-10-02T09:30:00-04:00,326.0,329.30999755859375,325.7099914550781,328.0400085449219,208067.0
2024-10-02T10:30:00-04:00,328.20001220703125,329.04998779296875,327.2900085449219,329.0450134277344,120493.0
2024-10-02T11:30:00-04:00,329.0299987792969,329.87420654296875,328.6199951171875,329.75,86117.0
2024-10-02T12:30:00-04:00,329.69000244140625,329.8309020996094,328.0299987792969,328.69000244140625,93497.0
2024-10-02T13:30:00-04:00,328.6300048828125,329.33990478515625,327.2699890136719,327.9700012207031,81946.0
2024-10-02T14:30:00-04:00,327.9800109863281,329.1449890136719,327.8500061035156,328.7699890136719,122396.0
2024-10-02T15:30:00-04:00,328.75,328.760009765625,327.6700134277344,327.92999267578125,230759.0
2024-10-03T09:30:00-04:00,327.3399963378906,328.118896484375,324.4200134277344,326.17498779296875,170513.0
2024-10-03T10:30:00-04:00,325.95001220703125,326.80999755859375,324.93011474609375,325.45001220703125,105459.0
2024-10-03T11:30:00-04:00,325.510009765625,327.17999267578125,325.510009765625,326.7799987792969,75544.0
2024-10-03T12:30:00-04:00,326.7799987792969,326.8349914550781,324.9700012207031,325.3599853515625,76844.0
2024-10-03T13:30:00-04:00,325.4700012207031,326.7200012207031,325.0199890136719,326.1300048828125,87689.0
2024-10-03T14:30:00-04:00,326.1300048828125,326.6499938964844,325.79998779296875,326.3900146484375,114135.0
2024-10-03T15:30:00-04:00,326.3399963378906,327.1679992675781,325.9800109863281,327.0400085449219,150601.0
2024-10-04T09:30:00-04:00,331.8999938964844,331.8999938964844,328.25,330.3800048828125,155240.0
2024-10-04T10:30:00-04:00,330.44000244140625,331.6000061035156,328.9100036621094,329.03009033203125,112957.0
2024-10-04T11:30:00-04:00,329.29998779296875,331.5799865722656,328.7929992675781,329.3349914550781,169067.0
2024-10-04T12:30:00-04:00,329.385009765625,330.5,328.7300109863281,329.70001220703125,143338.0
2024-10-04T13:30:00-04:00,329.6300048828125,330.2900085449219,328.79998779296875,330.1199951171875,96009.0
2024-10-04T14:30:00-04:00,330.1099853515625,331.739990234375,329.8299865722656,331.739990234375,88880.0
2024-10-04T15:30:00-04:00,331.489990234375,333.30999755859375,331.2799987792969,333.04998779296875,179983.0
2024-10-07T09:30:00-04:00,330.8299865722656,335.17999267578125,330.19000244140625,332.7300109863281,202739.0
2024-10-07T10:30:00-04:00,332.5400085449219,334.7900085449219,332.19000244140625,334.6099853515625,119481.0
2024-10-07T11:30:00-04:00,334.7200012207031,335.3172912597656,334.1050109863281,335.1700134277344,108681.0
2024-10-07T12:30:00-04:00,335.1650085449219,335.31500244140625,334.0,334.510009765625,78251.0
2024-10-07T13:30:00-04:00,334.3599853515625,334.6700134277344,333.6600036621094,334.5450134277344,118885.0
2024-10-07T14:30:00-04:00,334.44000244140625,334.5400085449219,332.4574890136719,333.8500061035156,158732.0
2024-10-07T15:30:00-04:00,333.81500244140625,334.7699890136719,332.92999267578125,334.69000244140625,200431.0
2024-10-08T09:30:00-04:00,336.5,337.75,333.864990234375,334.2174987792969,137979.0
2024-10-08T10:30:00-04:00,334.30999755859375,335.2900085449219,333.0299987792969,333.5,96620.0
2024-10-08T11:30:00-04:00,333.4800109863281,335.3299865722656,333.4800109863281,335.2049865722656,82262.0
2024-10-08T12:30:00-04:00,335.2349853515625,335.79998779296875,334.1000061035156,334.635009765625,76916.0
2024-10-08T13:30:00-04:00,334.4599914550781,335.8500061035156,334.25,335.67999267578125,73902.0
2024-10-08T14:30:00-04:00,335.80999755859375,336.2749938964844,334.79998779296875,334.8699951171875,113091.0
2024-10-08T15:30:00-04:00,334.79998779296875,335.8500061035156,334.79998779296875,335.44000244140625,171943.0
2024-10-09T09:30:00-04:00,335.4800109863281,336.739990234375,334.7200012207031,335.260009765625,98489.0
2024-10-09T10:30:00-04:00,335.2200012207031,336.8699951171875,335.1300048828125,336.489990234375,79492.0
2024-10-09T11:30:00-04:00,336.42999267578125,338.8599853515625,336.4100036621094,337.95001220703125,114878.0
2024-10-09T12:30:00-04:00,337.739990234375,338.4200134277344,337.1700134277344,337.2300109863281,94078.0
2024-10-09T13:30:00-04:00,337.4898986816406,337.75,336.73870849609375,336.95001220703125,94006.0
2024-10-09T14:30:00-04:00,336.8500061035156,337.6300048828125,336.3500061035156,337.0899963378906,193208.0
2024-10-09T15:30:00-04:00,337.010009765625,338.7900085449219,336.9100036621094,338.17999267578125,187872.0
2024-10-10T09:30:00-04:00,335.3999938964844,336.1600036621094,332.69000244140625,334.30999755859375,179480.0
2024-10-10T10:30:00-04:00,334.385009765625,336.7099914550781,334.1700134277344,336.1400146484375,112351.0
2024-10-10T11:30:00-04:00,336.239990234375,337.8299865722656,335.6231994628906,337.2049865722656,103931.0
2024-10-10T12:30:00-04:00,337.2049865722656,337.58770751953125,335.94000244140625,337.1099853515625,113064.0
2024-10-10T13:30:00-04:00,337.1700134277344,337.2900085449219,335.9800109863281,336.7099914550781,129633.0
2024-10-10T14:30:00-04:00,336.45379638671875,336.7149963378906,335.6099853515625,336.44000244140625,122626.0
2024-10-10T15:30:00-04:00,336.4200134277344,337.3800048828125,336.29998779296875,336.8500061035156,187875.0
2024-10-11T09:30:00-04:00,337.0,340.20001220703125,335.8999938964844,339.7950134277344,233480.0
2024-10-11T10:30:00-04:00,339.7950134277344,340.1199951171875,339.04998779296875,339.8500061035156,123239.0
2024-10-11T11:30:00-04:00,339.8500061035156,340.3598937988281,338.69000244140625,338.9200134277344,94402.0
2024-10-11T12:30:00-04:00,338.9100036621094,339.2099914550781,338.6099853515625,338.83740234375,75004.0
2024-10-11T13:30:00-04:00,339.0,340.2349853515625,338.9599914550781,339.9849853515625,91362.0
2024-10-11T14:30:00-04:00,340.05999755859375,341.4599914550781,339.8599853515625,341.30999755859375,116501.0
2024-10-11T15:30:00-04:00,341.30499267578125,341.9800109863281,341.1400146484375,341.3699951171875,226746.0
2024-10-14T09:30:00-04:00,343.0,344.70001220703125,341.57000732421875,343.1499938964844,146800.0
2024-10-14T10:30:00-04:00,343.31500244140625,345.56988525390625,343.31500244140625,344.6600036621094,104022.0
2024-10-14T11:30:00-04:00,344.6549987792969,345.6600036621094,344.5199890136719,345.30499267578125,90114.0
2024-10-14T12:30:00-04:00,345.4700012207031,345.5400085449219,344.6199951171875,344.8599853515625,67412.0
2024-10-14T13:30:00-04:00,344.7799987792969,345.2099914550781,344.6199951171875,344.8900146484375,64781.0
2024-10-14T14:30:00-04:00,344.7672119140625,345.75,344.6455993652344,345.3550109863281,91445.0
2024-10-14T15:30:00-04:00,345.29998779296875,345.94000244140625,344.989990234375,345.6300048828125,169745.0
2024-10-15T09:30:00-04:00,346.4599914550781,347.3450012207031,342.1499938964844,342.4150085449219,276584.0
2024-10-15T10:30:00-04:00,342.0,342.298095703125,337.610107421875,338.57000732421875,396890.0
2024-10-15T11:30:00-04:00,338.510009765625,340.1099853515625,338.3500061035156,339.82501220703125,194639.0
2024-10-15T12:30:00-04:00,339.9100036621094,341.0,339.864990234375,340.7900085449219,147419.0
2024-10-15T13:30:00-04:00,340.7799987792969,341.8999938964844,339.6000061035156,339.8699951171875,164617.0
2024-10-15T14:30:00-04:00,340.0299987792969,340.4700012207031,338.0,338.1944885253906,182380.0
2024-10-15T15:30:00-04:00,338.32000732421875,338.760009765625,337.4700012207031,338.0299987792969,300533.0
2024-10-16T09:30:00-04:00,338.95001220703125,340.55499267578125,337.81500244140625,339.5799865722656,192437.0
2024-10-16T10:30:00-04:00,339.29998779296875,340.5400085449219,337.80499267578125,340.5400085449219,97896.0
2024-10-16T11:30:00-04:00,340.4750061035156,340.8299865722656,339.45831298828125,340.6099853515625,67786.0
2024-10-16T12:30:00-04:00,340.760009765625,340.760009765625,339.7799987792969,340.2799987792969,59815.0
2024-10-16T13:30:00-04:00,340.20001220703125,341.37689208984375,339.8599853515625,341.1050109863281,64454.0
2024-10-16T14:30:00-04:00,341.04998779296875,341.0899963378906,340.44000244140625,340.44000244140625,80846.0
2024-10-16T15:30:00-04:00,340.57000732421875,341.3599853515625,340.25,341.0299987792969,118500.0
2024-10-17T09:30:00-04:00,345.0,347.0887145996094,340.8900146484375,346.2099914550781,248347.0
2024-10-17T10:30:00-04:00,346.2200012207031,347.010009765625,345.29998779296875,346.9150085449219,188213.0
2024-10-17T11:30:00-04:00,346.9150085449219,347.9100036621094,346.42999267578125,347.7799987792969,173688.0
2024-10-17T12:30:00-04:00,347.69000244140625,348.6600036621094,347.3299865722656,347.93499755859375,139428.0
2024-10-17T13:30:00-04:00,347.9649963378906,348.3800048828125,347.1300048828125,347.79998779296875,190865.0
2024-10-17T14:30:00-04:00,347.79998779296875,349.739990234375,347.7699890136719,349.0150146484375,252295.0
2024-10-17T15:30:00-04:00,349.0150146484375,349.05499267578125,347.3999938964844,348.32000732421875,288794.0
2024-10-18T09:30:00-04:00,348.7300109863281,349.1600036621094,345.26800537109375,346.1000061035156,237629.0
2024-10-18T10:30:00-04:00,346.3800048828125,348.739990234375,346.1499938964844,348.69000244140625,143898.0
2024-10-18T11:30:00-04:00,348.7300109863281,349.6400146484375,348.3606872558594,349.04998779296875,126404.0
2024-10-18T12:30:00-04:00,349.0,349.70001220703125,348.2799987792969,348.5799865722656,103984.0
2024-10-18T13:30:00-04:00,348.5799865722656,349.2449951171875,348.2799987792969,348.7300109863281,129895.0
2024-10-18T14:30:00-04:00,348.69000244140625,348.7699890136719,347.739990234375,348.21978759765625,110068.0
2024-10-18T15:30:00-04:00,348.20001220703125,348.57000732421875,347.8500061035156,348.2200012207031,147605.0
2024-10-21T09:30:00-04:00,348.0,348.7300109863281,346.2296142578125,346.7200012207031,129346.0
2024-10-21T10:30:00-04:00,346.6549987792969,347.82000732421875,346.260009765625,346.92999267578125,129543.0
2024-10-21T11:30:00-04:00,346.92999267578125,348.239990234375,346.5,346.8223876953125,101982.0
2024-10-21T12:30:00-04:00,346.8399963378906,347.1400146484375,346.364990234375,346.67999267578125,66587.0
2024-10-21T13:30:00-04:00,346.7900085449219,346.9200134277344,346.0,346.1499938964844,79962.0
2024-10-21T14:30:00-04:00,346.2398986816406,346.5950012207031,345.25,346.1499938964844,136333.0
2024-10-21T15:30:00-04:00,346.05499267578125,347.19000244140625,345.7149963378906,346.92999267578125,138731.0
2024-10-22T09:30:00-04:00,343.8900146484375,344.6400146484375,341.3500061035156,341.3500061035156,200701.0
2024-10-22T10:30:00-04:00,341.4849853515625,343.6340026855469,340.8200988769531,343.1099853515625,128414.0
2024-10-22T11:30:00-04:00,343.1099853515625,344.3299865722656,343.1050109863281,344.1700134277344,93191.0
2024-10-22T12:30:00-04:00,344.0799865722656,344.44000244140625,343.6050109863281,344.1050109863281,94417.0
2024-10-22T13:30:00-04:00,344.0849914550781,345.260009765625,343.8900146484375,344.260009765625,86868.0
2024-10-22T14:30:00-04:00,344.1600036621094,344.3699951171875,343.54998779296875,344.05999755859375,122305.0
2024-10-22T15:30:00-04:00,344.0199890136719,344.1199951171875,343.4200134277344,343.4200134277344,187865.0
2024-10-23T09:30:00-04:00,341.0,345.7200012207031,340.30999755859375,345.5350036621094,164931.0
2024-10-23T10:30:00-04:00,345.239990234375,345.6600036621094,341.0199890136719,341.1400146484375,170483.0
2024-10-23T11:30:00-04:00,341.29998779296875,343.25,340.989990234375,342.2799987792969,327712.0
2024-10-23T12:30:00-04:00,342.2799987792969,344.1199951171875,341.8800964355469,343.1000061035156,114015.0
2024-10-23T13:30:00-04:00,343.0950012207031,343.1400146484375,340.75,340.9949951171875,135704.0
2024-10-23T14:30:00-04:00,340.9949951171875,344.44000244140625,340.7550048828125,344.2699890136719,166944.0
2024-10-23T15:30:00-04:00,344.0400085449219,345.54998779296875,343.8399963378906,344.8999938964844,277930.0
2024-10-24T09:30:00-04:00,345.0,345.0899963378906,340.510009765625,342.57000732421875,252674.0
2024-10-24T10:30:00-04:00,342.4599914550781,344.69000244140625,342.4599914550781,344.0899963378906,119735.0
2024-10-24T11:30:00-04:00,344.20001220703125,344.3599853515625,342.70001220703125,344.260009765625,117762.0
2024-10-24T12:30:00-04:00,344.1960144042969,345.9700012207031,344.1960144042969,345.8349914550781,125867.0
2024-10-24T13:30:00-04:00,345.80999755859375,346.67498779296875,344.8500061035156,345.0799865722656,179232.0
2024-10-24T14:30:00-04:00,344.9049987792969,345.0,343.95001220703125,344.70001220703125,111976.0
2024-10-24T15:30:00-04:00,344.5299987792969,345.7650146484375,344.5199890136719,345.2799987792969,247224.0
2024-10-25T09:30:00-04:00,347.07000732421875,348.5599060058594,345.5299987792969,347.8699951171875,109258.0
2024-10-25T10:30:00-04:00,347.69500732421875,347.80999755859375,345.2900085449219,345.5,74656.0
2024-10-25T11:30:00-04:00,345.6199951171875,346.4236145019531,345.17999267578125,346.4100036621094,58720.0
2024-10-25T12:30:00-04:00,346.42999267578125,346.42999267578125,344.0,344.82000732421875,55226.0
2024-10-25T13:30:00-04:00,344.5899963378906,344.68499755859375,342.8999938964844,344.1199951171875,79806.0
2024-10-25T14:30:00-04:00,344.2250061035156,344.7655029296875,343.8999938964844,344.5899963378906,82889.0
2024-10-25T15:30:00-04:00,344.5899963378906,344.75,343.989990234375,344.44000244140625,150960.0
2024-10-28T09:30:00-04:00,347.95001220703125,347.95001220703125,345.1099853515625,347.4750061035156,756460.0
2024-10-28T10:30:00-04:00,347.29998779296875,347.3699951171875,345.57000732421875,346.7449951171875,100679.0
2024-10-28T11:30:00-04:00,346.7650146484375,347.875,346.0799865722656,347.8500061035156,97440.0
2024-10-28T12:30:00-04:00,347.82000732421875,348.04998779296875,347.1000061035156,347.94500732421875,92657.0
2024-10-28T13:30:00-04:00,347.9100036621094,348.3999938964844,347.5950012207031,348.19000244140625,86152.0
2024-10-28T14:30:00-04:00,348.2950134277344,348.6199951171875,347.55010986328125,347.8299865722656,116320.0
2024-10-28T15:30:00-04:00,347.7909851074219,347.94000244140625,345.1099853515625,345.3999938964844,428868.0
2024-10-29T09:30:00-04:00,342.7900085449219,343.7699890136719,337.8599853515625,341.67999267578125,462526.0
2024-10-29T10:30:00-04:00,341.92498779296875,345.0400085449219,341.7300109863281,344.3349914550781,206036.0
2024-10-29T11:30:00-04:00,344.3399963378906,345.05999755859375,343.80999755859375,344.1300048828125,117282.0
2024-10-29T12:30:00-04:00,344.0101013183594,345.3399963378906,343.52801513671875,344.7149963378906,97699.0
2024-10-29T13:30:00-04:00,344.7149963378906,345.8599853515625,344.239990234375,345.8500061035156,103805.0
2024-10-29T14:30:00-04:00,345.8411865234375,347.1650085449219,345.7699890136719,347.1650085449219,138878.0
2024-10-29T15:30:00-04:00,347.1499938964844,347.4200134277344,345.25,345.57000732421875,253989.0
2024-10-30T09:30:00-04:00,344.6499938964844,345.9700012207031,340.8550109863281,344.5299987792969,293746.0
2024-10-30T10:30:00-04:00,344.69000244140625,345.760009765625,343.7900085449219,345.760009765625,197935.0
2024-10-30T11:30:00-04:00,345.5899963378906,346.69000244140625,345.5199890136719,345.5794982910156,97628.0
2024-10-30T12:30:00-04:00,345.5849914550781,345.80609130859375,344.0799865722656,344.0799865722656,198434.0
2024-10-30T13:30:00-04:00,344.2250061035156,344.606689453125,343.3999938964844,343.42999267578125,251048.0
2024-10-30T14:30:00-04:00,343.4100036621094,343.6025085449219,342.510009765625,343.239990234375,264513.0
2024-10-30T15:30:00-04:00,343.17999267578125,343.739990234375,342.0400085449219,343.17999267578125,431075.0
2024-10-31T09:30:00-04:00,325.0,330.3500061035156,322.0,326.5050048828125,780657.0
2024-10-31T10:30:00-04:00,326.5050048828125,327.1700134277344,321.3900146484375,323.6199951171875,435537.0
2024-10-31T11:30:00-04:00,323.7300109863281,326.6499938964844,323.6199951171875,325.8299865722656,364137.0
2024-10-31T12:30:00-04:00,325.8299865722656,330.010009765625,325.8299865722656,329.3999938964844,407443.0
2024-10-31T13:30:00-04:00,329.3550109863281,331.1000061035156,329.1199951171875,329.7099914550781,429573.0
2024-10-31T14:30:00-04:00,329.8800048828125,331.489990234375,328.7200012207031,330.8550109863281,419368.0
2024-10-31T15:30:00-04:00,330.760009765625,333.94000244140625,330.20001220703125,331.5799865722656,502342.0
2024-11-01T09:30:00-04:00,335.95001220703125,336.7349853515625,330.3500061035156,333.8500061035156,275662.0
2024-11-01T10:30:00-04:00,334.010009765625,334.3450012207031,331.5400085449219,332.7550048828125,183177.0
2024-11-01T11:30:00-04:00,332.7149963378906,332.81500244140625,329.6499938964844,331.31500244140625,152661.0
2024-11-01T12:30:00-04:00,331.44000244140625,333.9549865722656,329.70001220703125,333.510009765625,218535.0
2024-11-01T13:30:00-04:00,333.5050048828125,334.1300048828125,332.60528564453125,333.9800109863281,283356.0
2024-11-01T14:30:00-04:00,333.92999267578125,336.7499084472656,333.760009765625,336.1000061035156,379977.0
2024-11-01T15:30:00-04:00,336.010009765625,337.0199890136719,334.4649963378906,335.010009765625,510766.0
2024-11-04T09:30:00-05:00,332.5,335.510009765625,330.80999755859375,334.17498779296875,320653.0
2024-11-04T10:30:00-05:00,334.25,334.3999938964844,332.9700012207031,333.0400085449219,263421.0
2024-11-04T11:30:00-05:00,333.0299987792969,333.260009765625,331.239990234375,332.510009765625,143385.0
2024-11-04T12:30:00-05:00,332.5199890136719,332.8775939941406,331.625,332.2200012207031,98045.0
2024-11-04T13:30:00-05:00,332.1400146484375,332.8800048828125,331.8503112792969,332.4949951171875,137917.0
2024-11-04T14:30:00-05:00,332.489990234375,333.2300109863281,331.9700012207031,332.19000244140625,255016.0
2024-11-04T15:30:00-05:00,332.1600036621094,332.45001220703125,330.95001220703125,331.1499938964844,365396.0
2024-11-05T09:30:00-05:00,331.8699951171875,337.4599914550781,331.82000732421875,335.6535949707031,251468.0
2024-11-05T10:30:00-05:00,336.0,338.21990966796875,336.0,336.375,186310.0
2024-11-05T11:30:00-05:00,336.32000732421875,337.1199951171875,334.69000244140625,334.864990234375,129044.0
2024-11-05T12:30:00-05:00,334.8500061035156,337.1700134277344,334.8500061035156,336.3599853515625,167236.0
2024-11-05T13:30:00-05:00,336.4599914550781,337.2200012207031,335.56500244140625,337.2200012207031,127456.0
2024-11-05T14:30:00-05:00,337.2300109863281,337.39990234375,336.1449890136719,337.31500244140625,145158.0
2024-11-05T15:30:00-05:00,337.32000732421875,337.8900146484375,336.6499938964844,337.6300048828125,285791.0
2024-11-06T09:30:00-05:00,355.0,361.1400146484375,352.05499267578125,360.2099914550781,888723.0
2024-11-06T10:30:00-05:00,360.1600036621094,362.5,358.70001220703125,362.1099853515625,435398.0
2024-11-06T11:30:00-05:00,362.1549987792969,363.7250061035156,361.7799987792969,363.0199890136719,249397.0
2024-11-06T12:30:00-05:00,363.0299987792969,366.0799865722656,362.864990234375,365.3399963378906,241336.0
2024-11-06T13:30:00-05:00,365.4508056640625,365.92999267578125,362.8900146484375,363.2449951171875,375702.0
2024-11-06T14:30:00-05:00,363.2449951171875,363.8699951171875,360.8500061035156,362.3299865722656,382722.0
2024-11-06T15:30:00-05:00,362.29998779296875,362.5,358.3800048828125,359.2799987792969,573963.0
2024-11-07T09:30:00-05:00,360.0,363.1400146484375,358.1200866699219,361.69500732421875,559882.0
2024-11-07T10:30:00-05:00,361.70001220703125,362.69769287109375,359.6099853515625,360.510009765625,305568.0
2024-11-07T11:30:00-05:00,360.510009765625,360.75,357.92498779296875,359.92999267578125,232833.0
2024-11-07T12:30:00-05:00,359.93499755859375,361.54998779296875,358.8599853515625,359.20001220703125,216883.0
2024-11-07T13:30:00-05:00,359.1400146484375,360.5,358.3299865722656,360.3800048828125,208371.0
2024-11-07T14:30:00-05:00,360.375,361.54998779296875,359.4700012207031,360.1549987792969,238331.0
2024-11-07T15:30:00-05:00,360.0400085449219,361.2699890136719,359.9700012207031,360.55999755859375,279039.0
2024-11-08T09:30:00-05:00,362.0299987792969,365.1600036621094,361.4800109863281,364.6199951171875,596807.0
2024-11-08T10:30:00-05:00,364.69500732421875,366.92999267578125,364.20001220703125,366.6650085449219,170119.0
2024-11-08T11:30:00-05:00,366.8500061035156,367.92999267578125,365.79998779296875,367.4049987792969,205733.0
2024-11-08T12:30:00-05:00,367.510009765625,367.8500061035156,366.970703125,367.5899963378906,126362.0
2024-11-08T13:30:00-05:00,367.6549987792969,369.2900085449219,367.3900146484375,369.0050048828125,159440.0
2024-11-08T14:30:00-05:00,368.9849853515625,369.2699890136719,366.5199890136719,366.6499938964844,252185.0
2024-11-08T15:30:00-05:00,366.6499938964844,367.3299865722656,365.8900146484375,366.7699890136719,298572.0
2024-11-11T09:30:00-05:00,371.7799987792969,372.04998779296875,368.6487121582031,371.05499267578125,323858.0
2024-11-11T10:30:00-05:00,371.25,371.760009765625,370.2923889160156,370.6449890136719,142750.0
2024-11-11T11:30:00-05:00,370.8299865722656,372.1964111328125,370.5,371.7300109863281,148022.0
2024-11-11T12:30:00-05:00,371.6600036621094,372.1499938964844,370.3900146484375,371.0705871582031,132632.0
2024-11-11T13:30:00-05:00,371.0799865722656,372.1099853515625,370.7300109863281,372.0799865722656,134337.0
2024-11-11T14:30:00-05:00,371.92999267578125,373.3900146484375,371.7900085449219,373.04998779296875,216557.0
2024-11-11T15:30:00-05:00,373.010009765625,373.2099914550781,371.3900146484375,372.010009765625,266191.0
2024-11-12T09:30:00-05:00,371.6099853515625,373.4898986816406,370.2200012207031,371.17999267578125,232543.0
2024-11-12T10:30:00-05:00,371.1700134277344,371.2200012207031,366.5199890136719,367.1000061035156,177612.0
2024-11-12T11:30:00-05:00,367.0693054199219,367.42999267578125,365.6700134277344,366.6700134277344,243602.0
2024-11-12T12:30:00-05:00,366.6700134277344,367.8299865722656,365.8599853515625,367.7650146484375,242009.0
2024-11-12T13:30:00-05:00,367.7650146484375,370.3699951171875,367.760009765625,369.80999755859375,196679.0
2024-11-12T14:30:00-05:00,369.739990234375,370.3550109863281,369.0299987792969,369.4700012207031,173773.0
2024-11-12T15:30:00-05:00,369.4800109863281,369.8699951171875,368.8500061035156,368.989990234375,291936.0
2024-11-13T09:30:00-05:00,369.739990234375,371.45001220703125,369.1199951171875,370.8450012207031,227370.0
2024-11-13T10:30:00-05:00,370.7300109863281,371.0,369.010009765625,369.50299072265625,209402.0
2024-11-13T11:30:00-05:00,369.6099853515625,372.6799011230469,369.6099853515625,372.6400146484375,132429.0
2024-11-13T12:30:00-05:00,372.5799865722656,372.6700134277344,371.9100036621094,372.0299987792969,83898.0
2024-11-13T13:30:00-05:00,372.0249938964844,372.239990234375,370.8599853515625,371.1499938964844,91882.0
2024-11-13T14:30:00-05:00,370.9501037597656,371.1600036621094,369.19500732421875,370.6099853515625,149063.0
2024-11-13T15:30:00-05:00,370.19000244140625,371.1899108886719,369.05999755859375,369.739990234375,249875.0
2024-11-14T09:30:00-05:00,369.5,371.1199951171875,366.30999755859375,367.55499267578125,230797.0
2024-11-14T10:30:00-05:00,367.5,367.8999938964844,364.4700012207031,366.29998779296875,305822.0
2024-11-14T11:30:00-05:00,366.20001220703125,366.6499938964844,363.4800109863281,363.4800109863281,211314.0
2024-11-14T12:30:00-05:00,363.5199890136719,363.8699951171875,361.5899963378906,362.5199890136719,178652.0
2024-11-14T13:30:00-05:00,362.2900085449219,363.6000061035156,361.9100036621094,363.010009765625,105320.0
2024-11-14T14:30:00-05:00,362.8299865722656,363.2799987792969,361.32000732421875,362.0,185897.0
2024-11-14T15:30:00-05:00,362.0450134277344,362.30499267578125,361.010009765625,361.8500061035156,243418.0
2024-11-15T09:30:00-05:00,358.1199951171875,361.2200012207031,355.3760986328125,359.57000732421875,454931.0
2024-11-15T10:30:00-05:00,359.55999755859375,360.29998779296875,358.0,359.260009765625,249830.0
2024-11-15T11:30:00-05:00,359.2850036621094,359.7099914550781,357.0660095214844,357.2149963378906,201041.0
2024-11-15T12:30:00-05:00,357.2149963378906,358.20001220703125,356.82501220703125,357.7900085449219,117341.0
2024-11-15T13:30:00-05:00,357.70001220703125,358.1199951171875,356.8800048828125,357.20001220703125,198206.0
2024-11-15T14:30:00-05:00,357.260009765625,359.0400085449219,357.20001220703125,358.54998779296875,293631.0
2024-11-15T15:30:00-05:00,358.5799865722656,359.6499938964844,357.864990234375,359.0,380528.0
2024-11-18T09:30:00-05:00,359.5899963378906,360.6300048828125,356.8999938964844,360.6300048828125,230539.0
2024-11-18T10:30:00-05:00,360.44500732421875,361.2300109863281,359.0,359.989990234375,188299.0
2024-11-18T11:30:00-05:00,360.09381103515625,360.9700012207031,358.8999938964844,359.0299987792969,136156.0
2024-11-18T12:30:00-05:00,359.17999267578125,359.8450012207031,358.0400085449219,358.82000732421875,133802.0
2024-11-18T13:30:00-05:00,358.82000732421875,359.0566101074219,357.2900085449219,357.3699951171875,195220.0
2024-11-18T14:30:00-05:00,357.260009765625,358.3900146484375,356.5400085449219,357.8900146484375,157232.0
2024-11-18T15:30:00-05:00,357.92999267578125,358.0,357.30999755859375,357.8500061035156,308210.0
2024-11-19T09:30:00-05:00,355.0,359.2099914550781,353.4205017089844,359.17999267578125,265497.0
2024-11-19T10:30:00-05:00,359.1000061035156,363.94000244140625,358.6000061035156,363.94000244140625,233165.0
2024-11-19T11:30:00-05:00,363.7349853515625,365.0299987792969,361.6600036621094,362.2699890136719,247593.0
2024-11-19T12:30:00-05:00,362.3500061035156,363.0299987792969,361.9200134277344,362.32000732421875,118866.0
2024-11-19T13:30:00-05:00,362.32000732421875,363.340087890625,361.9700012207031,362.8299865722656,131170.0
2024-11-19T14:30:00-05:00,362.9100036621094,363.1400146484375,361.8212890625,363.1099853515625,119466.0
2024-11-19T15:30:00-05:00,363.1000061035156,363.7650146484375,362.8599853515625,363.69000244140625,182437.0
2024-11-20T09:30:00-05:00,365.19000244140625,367.4949951171875,359.0450134277344,360.07000732421875,262165.0
2024-11-20T10:30:00-05:00,360.4700012207031,362.125,358.7149963378906,358.7149963378906,138189.0
2024-11-20T11:30:00-05:00,358.7550048828125,361.4100036621094,358.54998779296875,360.4599914550781,89216.0
2024-11-20T12:30:00-05:00,360.5899963378906,360.8999938964844,359.29998779296875,359.6400146484375,82021.0
2024-11-20T13:30:00-05:00,359.5899963378906,359.6499938964844,358.5799865722656,359.29669189453125,91727.0
2024-11-20T14:30:00-05:00,359.25,360.6549987792969,359.1300048828125,360.29998779296875,150439.0
2024-11-20T15:30:00-05:00,360.32000732421875,360.9800109863281,359.7799987792969,360.55999755859375,223172.0
2024-11-21T09:30:00-05:00,364.489990234375,372.5199890136719,362.45001220703125,370.510009765625,276193.0
2024-11-21T10:30:00-05:00,370.3299865722656,373.2099914550781,369.6890869140625,372.9700012207031,229255.0
2024-11-21T11:30:00-05:00,373.17999267578125,373.3399963378906,371.3789978027344,371.8630065917969,131153.0
2024-11-21T12:30:00-05:00,371.8299865722656,372.42999267578125,370.82000732421875,372.4100036621094,136726.0
2024-11-21T13:30:00-05:00,372.6199951171875,372.8900146484375,371.625,372.8900146484375,108373.0
2024-11-21T14:30:00-05:00,372.91668701171875,373.3900146484375,372.17999267578125,372.6400146484375,143021.0
2024-11-21T15:30:00-05:00,372.6600036621094,372.8500061035156,370.3699951171875,370.7900085449219,302280.0
2024-11-22T09:30:00-05:00,372.5,375.30999755859375,371.6099853515625,374.1199951171875,360271.0
2024-11-22T10:30:00-05:00,374.20001220703125,375.80999755859375,373.94500732421875,374.8900146484375,122700.0
2024-11-22T11:30:00-05:00,374.6700134277344,375.9100036621094,374.30999755859375,375.7799987792969,178862.0
2024-11-22T12:30:00-05:00,375.7250061035156,377.2200012207031,374.8699951171875,376.30999755859375,123553.0
2024-11-22T13:30:00-05:00,376.25,376.5199890136719,375.42999267578125,375.739990234375,453978.0
2024-11-22T14:30:00-05:00,375.7699890136719,376.8699951171875,375.6000061035156,376.17999267578125,178897.0
2024-11-22T15:30:00-05:00,376.18499755859375,378.0,376.18499755859375,377.29998779296875,376172.0
2024-11-25T09:30:00-05:00,378.0,379.1199951171875,374.8399963378906,376.32000732421875,512836.0
2024-11-25T10:30:00-05:00,376.29998779296875,376.4800109863281,372.1400146484375,374.0150146484375,371526.0
2024-11-25T11:30:00-05:00,374.0150146484375,374.44000244140625,372.54998779296875,373.30499267578125,232919.0
2024-11-25T12:30:00-05:00,373.239990234375,375.010009765625,373.0400085449219,374.7250061035156,179551.0
2024-11-25T13:30:00-05:00,374.7300109863281,375.81500244140625,374.4700012207031,375.010009765625,156723.0
2024-11-25T14:30:00-05:00,374.989990234375,375.3599853515625,373.8800048828125,374.6025085449219,194642.0
2024-11-25T15:30:00-05:00,374.6050109863281,376.6199951171875,374.5050048828125,376.45001220703125,503371.0
2024-11-26T09:30:00-05:00,378.5,379.9100036621094,375.1650085449219,378.4700012207031,360165.0
2024-11-26T10:30:00-05:00,378.2799987792969,379.8699951171875,376.8699951171875,379.7449951171875,133103.0
2024-11-26T11:30:00-05:00,379.8699951171875,379.8999938964844,378.9200134277344,379.239990234375,133892.0
2024-11-26T12:30:00-05:00,379.1506042480469,379.989990234375,378.5199890136719,378.9549865722656,114855.0
2024-11-26T13:30:00-05:00,378.92999267578125,379.2300109863281,377.3399963378906,377.9800109863281,134172.0
2024-11-26T14:30:00-05:00,377.8949890136719,378.69000244140625,377.68011474609375,378.42999267578125,137434.0
2024-11-26T15:30:00-05:00,378.42999267578125,378.6300048828125,377.1499938964844,377.2900085449219,307088.0
2024-11-27T09:30:00-05:00,375.5,377.55999755859375,373.9200134277344,374.18499755859375,179679.0
2024-11-27T10:30:00-05:00,374.2049865722656,374.3550109863281,371.9049987792969,372.2300109863281,145661.0
2024-11-27T11:30:00-05:00,372.2900085449219,373.07501220703125,371.010009765625,371.6106872558594,125180.0
2024-11-27T12:30:00-05:00,371.6449890136719,372.3699951171875,371.3299865722656,372.1400146484375,88131.0
2024-11-27T13:30:00-05:00,372.010009765625,372.5585021972656,371.3599853515625,371.6400146484375,95106.0
2024-11-27T14:30:00-05:00,371.6549987792969,372.2300109863281,371.3599853515625,372.2300109863281,95099.0
2024-11-27T15:30:00-05:00,372.260009765625,372.2900085449219,371.6650085449219,372.07000732421875,154012.0
2024-11-29T09:30:00-05:00,374.9700012207031,378.45001220703125,373.5199890136719,376.5,217688.0
2024-11-29T10:30:00-05:00,376.45001220703125,377.32000732421875,376.010009765625,376.010009765625,108869.0
2024-11-29T11:30:00-05:00,376.0299987792969,376.45001220703125,375.3949890136719,376.0400085449219,113610.0
2024-12-02T09:30:00-05:00,377.8599853515625,378.7850036621094,374.5299987792969,375.0299987792969,189476.0
2024-12-02T10:30:00-05:00,375.0,375.07000732421875,373.36920166015625,374.4599914550781,86059.0
2024-12-02T11:30:00-05:00,374.375,374.92999267578125,373.1200866699219,373.2850036621094,107981.0
2024-12-02T12:30:00-05:00,373.2799987792969,373.8999938964844,373.0950012207031,373.79998779296875,77106.0
2024-12-02T13:30:00-05:00,373.8299865722656,374.80999755859375,373.5299987792969,374.2900085449219,78444.0
2024-12-02T14:30:00-05:00,374.3599853515625,374.7699890136719,373.8699951171875,374.489990234375,108283.0
2024-12-02T15:30:00-05:00,374.4549865722656,374.4549865722656,371.9200134277344,372.29998779296875,188578.0
2024-12-03T09:30:00-05:00,372.2900085449219,375.44000244140625,370.8399963378906,372.04998779296875,214016.0
2024-12-03T10:30:00-05:00,371.9800109863281,371.9800109863281,368.82000732421875,369.0849914550781,166889.0
2024-12-03T11:30:00-05:00,369.0199890136719,371.20001220703125,368.6200866699219,371.20001220703125,113559.0
2024-12-03T12:30:00-05:00,371.0775146484375,373.1600036621094,371.0082092285156,372.95001220703125,77974.0
2024-12-03T13:30:00-05:00,372.95001220703125,373.2900085449219,372.0299987792969,372.1700134277344,97135.0
2024-12-03T14:30:00-05:00,372.25,373.6700134277344,372.25,373.2449951171875,132672.0
2024-12-03T15:30:00-05:00,373.25,374.3550109863281,373.25,373.67999267578125,181656.0
2024-12-04T09:30:00-05:00,375.2699890136719,378.42999267578125,375.0199890136719,377.7349853515625,255343.0
2024-12-04T10:30:00-05:00,377.8399963378906,378.4700012207031,376.69000244140625,377.3299865722656,155278.0
2024-12-04T11:30:00-05:00,377.45001220703125,377.69000244140625,376.4200134277344,377.2799987792969,112347.0
2024-12-04T12:30:00-05:00,377.2049865722656,377.32000732421875,375.760009765625,376.0299072265625,135895.0
2024-12-04T13:30:00-05:00,375.739990234375,376.4200134277344,375.04998779296875,376.1099853515625,112138.0
2024-12-04T14:30:00-05:00,376.114990234375,377.42999267578125,376.1099853515625,377.2900085449219,120956.0
2024-12-04T15:30:00-05:00,377.2900085449219,377.7298889160156,376.8599853515625,377.44000244140625,248622.0
2024-12-05T09:30:00-05:00,377.5199890136719,377.82000732421875,373.44000244140625,373.44000244140625,175630.0
2024-12-05T10:30:00-05:00,373.42999267578125,373.9700012207031,371.7950134277344,373.0,142136.0
2024-12-05T11:30:00-05:00,372.80999755859375,374.8699951171875,372.57000732421875,374.25,116687.0
2024-12-05T12:30:00-05:00,374.3299865722656,374.760009765625,372.57000732421875,373.1099853515625,124914.0
2024-12-05T13:30:00-05:00,373.0683898925781,374.0299072265625,372.57000732421875,373.6000061035156,136167.0
2024-12-05T14:30:00-05:00,373.55999755859375,373.8949890136719,371.8900146484375,372.0299987792969,143426.0
2024-12-05T15:30:00-05:00,371.9700012207031,372.3500061035156,370.0,371.1499938964844,336272.0
2024-12-06T09:30:00-05:00,371.739990234375,373.2799987792969,369.6449890136719,372.5299987792969,176066.0
2024-12-06T10:30:00-05:00,372.8299865722656,373.2200012207031,371.2900085449219,371.2900085449219,168608.0
2024-12-06T11:30:00-05:00,371.3500061035156,372.3599853515625,370.9200134277344,371.3800048828125,77456.0
2024-12-06T12:30:00-05:00,371.3800048828125,371.760009765625,369.8299865722656,370.8450012207031,105861.0
2024-12-06T13:30:00-05:00,370.69000244140625,371.6315002441406,369.989990234375,370.05218505859375,75948.0
2024-12-06T14:30:00-05:00,369.9800109863281,370.4700012207031,369.2449951171875,370.42999267578125,318130.0
2024-12-06T15:30:00-05:00,370.3299865722656,371.69000244140625,370.1449890136719,371.0199890136719,251162.0
2024-12-09T09:30:00-05:00,371.44000244140625,373.0,362.95001220703125,363.2200012207031,295558.0
2024-12-09T10:30:00-05:00,363.2200012207031,363.994384765625,358.3299865722656,361.80999755859375,412134.0
2024-12-09T11:30:00-05:00,362.08990478515625,364.760009765625,361.5249938964844,364.2349853515625,216691.0
2024-12-09T12:30:00-05:00,364.0400085449219,365.04998779296875,362.8999938964844,364.8999938964844,190218.0
2024-12-09T13:30:00-05:00,364.95001220703125,366.92999267578125,364.80999755859375,366.1499938964844,194535.0
2024-12-09T14:30:00-05:00,366.1499938964844,366.1700134277344,364.4849853515625,364.739990234375,242113.0
2024-12-09T15:30:00-05:00,364.739990234375,364.80999755859375,363.739990234375,364.05999755859375,346753.0
2024-12-10T09:30:00-05:00,363.5400085449219,364.0199890136719,360.7900085449219,361.9800109863281,225959.0
2024-12-10T10:30:00-05:00,361.7550048828125,363.1600036621094,360.8450012207031,361.29998779296875,161338.0
2024-12-10T11:30:00-05:00,361.2300109863281,361.32000732421875,359.75,360.0899963378906,209423.0
2024-12-10T12:30:00-05:00,360.2699890136719,361.2898864746094,359.44000244140625,359.44000244140625,138837.0
2024-12-10T13:30:00-05:00,359.3999938964844,360.7099914550781,358.9599914550781,359.04998779296875,143635.0
2024-12-10T14:30:00-05:00,358.95001220703125,359.6499938964844,358.1600036621094,358.5350036621094,196072.0
2024-12-10T15:30:00-05:00,358.6199951171875,359.4700012207031,357.95001220703125,358.489990234375,380009.0
2024-12-11T09:30:00-05:00,364.4100036621094,365.0,353.3299865722656,357.114990234375,706660.0
2024-12-11T10:30:00-05:00,356.8999938964844,361.17999267578125,356.8599853515625,361.0350036621094,360109.0
2024-12-11T11:30:00-05:00,360.8299865722656,362.2699890136719,360.4700012207031,360.8949890136719,244398.0
2024-12-11T12:30:00-05:00,360.80999755859375,363.17498779296875,360.2008972167969,363.010009765625,148041.0
2024-12-11T13:30:00-05:00,362.95001220703125,363.5,362.25,363.3399963378906,163316.0
2024-12-11T14:30:00-05:00,363.3949890136719,364.510009765625,363.2500915527344,363.5400085449219,255354.0
2024-12-11T15:30:00-05:00,363.4200134277344,363.4200134277344,361.42999267578125,361.9100036621094,255537.0
2024-12-12T09:30:00-05:00,361.92999267578125,363.05999755859375,358.07501220703125,359.6499938964844,217384.0
2024-12-12T10:30:00-05:00,359.6549987792969,360.010009765625,358.0799865722656,359.2900085449219,104023.0
2024-12-12T11:30:00-05:00,359.2900085449219,360.1400146484375,358.3699951171875,359.20001220703125,117924.0
2024-12-12T12:30:00-05:00,359.1700134277344,359.67999267578125,358.67999267578125,359.3399963378906,99776.0
2024-12-12T13:30:00-05:00,359.3299865722656,360.0350036621094,358.5799865722656,358.7099914550781,87308.0
2024-12-12T14:30:00-05:00,358.5899963378906,360.1000061035156,358.5899963378906,359.57000732421875,95571.0
2024-12-12T15:30:00-05:00,359.4800109863281,359.8299865722656,358.3999938964844,358.6300048828125,177252.0
2024-12-13T09:30:00-05:00,359.760009765625,360.82000732421875,357.4100036621094,358.3999938964844,209258.0
2024-12-13T10:30:00-05:00,358.04998779296875,358.489990234375,356.17999267578125,357.0799865722656,134788.0
2024-12-13T11:30:00-05:00,357.0799865722656,357.8800048828125,356.0,357.0299987792969,136788.0
2024-12-13T12:30:00-05:00,356.8800964355469,357.3500061035156,356.1199951171875,356.8599853515625,90935.0
2024-12-13T13:30:00-05:00,356.7099914550781,357.6199035644531,356.45001220703125,357.5495910644531,66382.0
2024-12-13T14:30:00-05:00,357.43499755859375,357.8999938964844,356.4200134277344,356.4200134277344,104523.0
2024-12-13T15:30:00-05:00,356.42999267578125,356.875,355.8900146484375,356.1400146484375,183170.0
2024-12-16T09:30:00-05:00,355.75,357.5,353.7500915527344,355.6700134277344,226861.0
2024-12-16T10:30:00-05:00,355.7900085449219,356.50360107421875,353.5400085449219,354.7900085449219,144847.0
2024-12-16T11:30:00-05:00,354.95111083984375,355.6000061035156,354.04998779296875,355.4599914550781,81515.0
2024-12-16T12:30:00-05:00,355.3999938964844,355.8999938964844,354.7900085449219,355.69000244140625,85467.0
2024-12-16T13:30:00-05:00,355.7200012207031,355.7699890136719,355.20001220703125,355.4111022949219,84257.0
2024-12-16T14:30:00-05:00,355.3800048828125,355.3800048828125,354.6499938964844,355.2349853515625,158688.0
2024-12-16T15:30:00-05:00,355.1300048828125,355.17999267578125,353.989990234375,355.1600036621094,234998.0
2024-12-17T09:30:00-05:00,351.3800048828125,351.54998779296875,344.6700134277344,345.7250061035156,615924.0
2024-12-17T10:30:00-05:00,345.5899963378906,349.3077087402344,345.4700012207031,348.7799987792969,274478.0
2024-12-17T11:30:00-05:00,348.6600036621094,349.2752990722656,348.1600036621094,348.8399963378906,231811.0
2024-12-17T12:30:00-05:00,348.7099914550781,349.29998779296875,348.5299987792969,348.57000732421875,195522.0
2024-12-17T13:30:00-05:00,348.57000732421875,348.67999267578125,346.989990234375,347.12158203125,236857.0
2024-12-17T14:30:00-05:00,347.010009765625,347.2538146972656,345.5299987792969,346.04998779296875,229884.0
2024-12-17T15:30:00-05:00,346.1499938964844,347.67999267578125,346.1409912109375,346.989990234375,339353.0
2024-12-18T09:30:00-05:00,349.0,349.17999267578125,346.1300048828125,348.55999755859375,264936.0
2024-12-18T10:30:00-05:00,348.30999755859375,349.5899963378906,348.239990234375,348.8299865722656,157662.0
2024-12-18T11:30:00-05:00,348.6400146484375,348.7099914550781,347.5299987792969,348.5899963378906,148107.0
2024-12-18T12:30:00-05:00,348.5,348.7300109863281,347.4100036621094,348.1499938964844,190889.0
2024-12-18T13:30:00-05:00,348.1499938964844,348.3984069824219,343.260009765625,343.385009765625,187559.0
2024-12-18T14:30:00-05:00,343.2699890136719,344.2900085449219,338.95001220703125,339.1300048828125,384346.0
2024-12-18T15:30:00-05:00,339.32000732421875,339.66790771484375,334.7149963378906,335.05999755859375,567872.0
2024-12-19T09:30:00-05:00,339.8999938964844,340.1000061035156,334.3299865722656,334.8900146484375,324812.0
2024-12-19T10:30:00-05:00,335.2099914550781,337.1300048828125,334.45001220703125,337.0,251398.0
2024-12-19T11:30:00-05:00,336.80999755859375,337.7900085449219,335.8699951171875,336.1449890136719,262774.0
2024-12-19T12:30:00-05:00,336.2699890136719,337.3399963378906,335.5899963378906,336.69500732421875,195707.0
2024-12-19T13:30:00-05:00,336.69000244140625,339.3550109863281,336.4200134277344,336.92999267578125,194123.0
2024-12-19T14:30:00-05:00,336.9049987792969,337.2799987792969,335.80999755859375,336.8699951171875,254164.0
2024-12-19T15:30:00-05:00,336.7699890136719,336.92999267578125,334.95001220703125,335.5799865722656,375244.0
2024-12-20T09:30:00-05:00,333.2799987792969,337.7900085449219,332.1199951171875,337.7900085449219,669575.0
2024-12-20T10:30:00-05:00,337.94000244140625,341.6499938964844,337.92999267578125,341.0849914550781,275815.0
2024-12-20T11:30:00-05:00,341.125,342.0098876953125,340.2900085449219,341.8599853515625,192945.0
2024-12-20T12:30:00-05:00,341.94500732421875,341.94500732421875,337.8299865722656,337.9800109863281,211610.0
2024-12-20T13:30:00-05:00,337.92999267578125,338.7200012207031,336.9700012207031,338.5849914550781,190085.0
2024-12-20T14:30:00-05:00,338.7099914550781,339.0398864746094,337.82000732421875,338.8699951171875,211437.0
2024-12-20T15:30:00-05:00,339.010009765625,340.6000061035156,337.70001220703125,338.2099914550781,462563.0
2024-12-23T09:30:00-05:00,337.1300048828125,337.5249938964844,334.20001220703125,334.44000244140625,402569.0
2024-12-23T10:30:00-05:00,334.5400085449219,335.67999267578125,334.260009765625,335.2650146484375,128817.0
2024-12-23T11:30:00-05:00,335.4100036621094,338.45001220703125,335.2250061035156,338.231201171875,141098.0
2024-12-23T12:30:00-05:00,338.1199951171875,338.19000244140625,337.0022888183594,337.3699951171875,65410.0
2024-12-23T13:30:00-05:00,337.510009765625,338.3399963378906,337.3233947753906,337.7196044921875,74556.0
2024-12-23T14:30:00-05:00,337.4455871582031,337.80499267578125,336.9649963378906,337.739990234375,82435.0
2024-12-23T15:30:00-05:00,337.6499938964844,338.5199890136719,337.4049987792969,337.67999267578125,163650.0
2024-12-24T09:30:00-05:00,338.67999267578125,339.4599914550781,337.20001220703125,339.25,126701.0
2024-12-24T10:30:00-05:00,339.2099914550781,339.9800109863281,338.7699890136719,339.7349853515625,99916.0
2024-12-24T11:30:00-05:00,339.6199951171875,341.1400146484375,339.5799865722656,340.943603515625,87566.0
2024-12-26T09:30:00-05:00,340.8500061035156,341.239990234375,338.75,340.4599914550781,95688.0
2024-12-26T10:30:00-05:00,340.510009765625,341.0975036621094,339.6499938964844,340.6650085449219,72097.0
2024-12-26T11:30:00-05:00,340.6650085449219,341.8299865722656,340.55010986328125,341.17999267578125,58246.0
2024-12-26T12:30:00-05:00,341.2250061035156,341.48919677734375,340.7300109863281,341.3299865722656,59852.0
2024-12-26T13:30:00-05:00,341.32501220703125,341.42999267578125,340.7799987792969,340.8900146484375,52426.0
2024-12-26T14:30:00-05:00,340.7886047363281,341.4700012207031,340.6700134277344,341.1300048828125,64138.0
2024-12-26T15:30:00-05:00,341.0199890136719,341.5777893066406,340.0,340.0799865722656,154316.0
2024-12-27T09:30:00-05:00,336.82000732421875,338.8500061035156,334.3096923828125,334.92999267578125,213823.0
2024-12-27T10:30:00-05:00,334.9800109863281,335.8399963378906,333.8800048828125,334.7749938964844,137859.0
2024-12-27T11:30:00-05:00,334.79998779296875,335.3699951171875,331.8299865722656,332.0849914550781,143902.0
2024-12-27T12:30:00-05:00,332.1099853515625,332.75,331.28009033203125,332.44000244140625,182858.0
2024-12-27T13:30:00-05:00,332.260009765625,334.4599914550781,332.260009765625,334.19000244140625,120618.0
2024-12-27T14:30:00-05:00,334.2300109863281,335.06878662109375,333.44000244140625,333.80999755859375,163531.0
2024-12-27T15:30:00-05:00,333.75,334.8299865722656,333.1000061035156,334.7900085449219,274084.0
2024-12-30T09:30:00-05:00,329.1400146484375,330.6600036621094,327.5400085449219,328.4700012207031,274152.0
2024-12-30T10:30:00-05:00,328.42498779296875,331.7900085449219,328.19000244140625,331.6400146484375,154232.0
2024-12-30T11:30:00-05:00,331.5799865722656,334.07000732421875,331.5151062011719,333.69000244140625,119998.0
2024-12-30T12:30:00-05:00,333.68499755859375,333.8800048828125,332.4700012207031,333.04278564453125,94528.0
2024-12-30T13:30:00-05:00,332.9100036621094,333.94000244140625,332.5799865722656,333.0,84028.0
2024-12-30T14:30:00-05:00,332.8500061035156,333.4200134277344,332.1099853515625,332.1099853515625,101466.0
2024-12-30T15:30:00-05:00,332.17498779296875,333.1400146484375,332.0199890136719,332.42999267578125,380922.0
2024-12-31T09:30:00-05:00,332.25,333.9800109863281,332.0,333.2300109863281,126700.0
2024-12-31T10:30:00-05:00,333.3500061035156,333.5098876953125,331.69000244140625,332.5299987792969,98904.0
2024-12-31T11:30:00-05:00,332.57000732421875,333.1377868652344,332.2200012207031,332.3699951171875,142448.0
2024-12-31T12:30:00-05:00,332.2900085449219,333.20001220703125,331.3500061035156,331.67999267578125,108843.0
2024-12-31T13:30:00-05:00,331.7900085449219,332.9700012207031,331.6199951171875,331.7049865722656,66368.0
2024-12-31T14:30:00-05:00,331.7124938964844,332.92999267578125,331.4700012207031,332.875,97107.0
2024-12-31T15:30:00-05:00,332.80999755859375,332.9800109863281,331.260009765625,331.9700012207031,224580.0
2025-01-02T09:30:00-05:00,334.67999267578125,337.9100036621094,333.0,335.3900146484375,180933.0
2025-01-02T10:30:00-05:00,335.1449890136719,336.8699951171875,333.8800048828125,336.67999267578125,130643.0
2025-01-02T11:30:00-05:00,336.6549987792969,337.27288818359375,334.04998779296875,334.2149963378906,106029.0
2025-01-02T12:30:00-05:00,334.0299987792969,334.2099914550781,330.9800109863281,331.385009765625,126313.0
2025-01-02T13:30:00-05:00,331.2200012207031,332.44000244140625,330.239990234375,332.30999755859375,115440.0
2025-01-02T14:30:00-05:00,332.0400085449219,332.9800109863281,331.760009765625,332.4700012207031,123620.0
2025-01-02T15:30:00-05:00,332.5899963378906,333.1549987792969,331.5799865722656,332.17999267578125,125175.0
2025-01-03T09:30:00-05:00,333.95001220703125,339.56500244140625,333.6499938964844,338.9949951171875,453772.0
2025-01-03T10:30:00-05:00,338.7900085449219,340.2900085449219,337.8699951171875,338.3999938964844,146572.0
2025-01-03T11:30:00-05:00,338.4100036621094,340.4898986816406,338.3900146484375,339.8299865722656,150422.0
2025-01-03T12:30:00-05:00,340.1600036621094,340.95001220703125,339.8525085449219,340.95001220703125,124306.0
2025-01-03T13:30:00-05:00,341.0299987792969,343.45001220703125,340.70001220703125,343.3800048828125,176102.0
2025-01-03T14:30:00-05:00,343.44000244140625,343.44000244140625,342.42999267578125,343.0400085449219,297160.0
2025-01-03T15:30:00-05:00,342.8299865722656,343.3699951171875,342.3100891113281,342.6600036621094,299936.0
2025-01-06T09:30:00-05:00,348.0,353.3999938964844,346.677490234375,352.760009765625,513385.0
2025-01-06T10:30:00-05:00,352.489990234375,352.7388916015625,349.9118957519531,350.4649963378906,311708.0
2025-01-06T11:30:00-05:00,350.67999267578125,352.010009765625,350.4649963378906,351.6600036621094,181008.0
2025-01-06T12:30:00-05:00,351.5400085449219,351.8999938964844,349.4525146484375,350.30999755859375,213439.0
2025-01-06T13:30:00-05:00,350.32000732421875,350.4399108886719,349.1700134277344,350.0799865722656,310399.0
2025-01-06T14:30:00-05:00,350.0249938964844,350.2099914550781,348.5199890136719,348.8599853515625,270367.0
2025-01-06T15:30:00-05:00,348.8699951171875,348.92999267578125,347.82000732421875,348.6000061035156,313413.0
2025-01-07T09:30:00-05:00,348.3500061035156,349.4800109863281,341.1400146484375,343.69500732421875,718884.0
2025-01-07T10:30:00-05:00,343.5199890136719,348.2300109863281,342.610107421875,347.8900146484375,221546.0
2025-01-07T11:30:00-05:00,347.79998779296875,347.989990234375,345.4200134277344,346.82000732421875,110413.0
2025-01-07T12:30:00-05:00,346.69500732421875,347.9800109863281,346.2701110839844,347.94000244140625,81954.0
2025-01-07T13:30:00-05:00,347.7900085449219,348.0224914550781,345.8599853515625,346.510009765625,133724.0
2025-01-07T14:30:00-05:00,346.3800048828125,346.3800048828125,343.6099853515625,343.7900085449219,149174.0
2025-01-07T15:30:00-05:00,343.70001220703125,344.1300048828125,343.0050048828125,343.95001220703125,224130.0
2025-01-08T09:30:00-05:00,341.6700134277344,342.80999755859375,338.0,338.5350036621094,700644.0
2025-01-08T10:30:00-05:00,338.2724914550781,341.135009765625,338.2724914550781,340.7099914550781,120624.0
2025-01-08T11:30:00-05:00,340.55999755859375,343.5849914550781,340.55999755859375,340.8399963378906,120510.0
2025-01-08T12:30:00-05:00,340.8299865722656,345.4800109863281,340.6300048828125,345.2149963378906,136521.0
2025-01-08T13:30:00-05:00,345.0899963378906,345.67498779296875,342.6600036621094,345.489990234375,94892.0
2025-01-08T14:30:00-05:00,345.6600036621094,345.6600036621094,343.9374084472656,344.82501220703125,175098.0
2025-01-08T15:30:00-05:00,344.8299865722656,345.4800109863281,344.04998779296875,345.0199890136719,202560.0
2025-01-10T09:30:00-05:00,342.8900146484375,343.9599914550781,337.9700012207031,341.43499755859375,368006.0
2025-01-10T10:30:00-05:00,341.42999267578125,343.44000244140625,340.17999267578125,341.0,288907.0
2025-01-10T11:30:00-05:00,340.8599853515625,341.95001220703125,339.1099853515625,340.3550109863281,148382.0
2025-01-10T12:30:00-05:00,340.6000061035156,342.6199951171875,340.0893859863281,342.4526062011719,151575.0
2025-01-10T13:30:00-05:00,342.7200012207031,343.7300109863281,341.4100036621094,342.04998779296875,132578.0
2025-01-10T14:30:00-05:00,341.9100036621094,342.7099914550781,340.57000732421875,340.9800109863281,157051.0
2025-01-10T15:30:00-05:00,340.82000732421875,341.7699890136719,340.1700134277344,341.3500061035156,292961.0
2025-01-13T09:30:00-05:00,333.8800048828125,342.8500061035156,333.8800048828125,339.80999755859375,566891.0
2025-01-13T10:30:00-05:00,339.760009765625,341.0199890136719,339.239990234375,340.5299987792969,308869.0
2025-01-13T11:30:00-05:00,340.55999755859375,342.6700134277344,340.0,341.8999938964844,320561.0
2025-01-13T12:30:00-05:00,341.8999938964844,343.0400085449219,340.760009765625,342.1600036621094,218484.0
2025-01-13T13:30:00-05:00,341.8699951171875,342.0849914550781,338.8999938964844,340.8500061035156,247595.0
2025-01-13T14:30:00-05:00,340.7799987792969,341.69000244140625,340.30999755859375,340.9049987792969,229337.0
2025-01-13T15:30:00-05:00,340.78399658203125,340.92999267578125,339.20001220703125,340.7699890136719,353203.0
2025-01-14T09:30:00-05:00,344.739990234375,347.2349853515625,343.7349853515625,345.54998779296875,409426.0
2025-01-14T10:30:00-05:00,345.6600036621094,346.8699951171875,341.69000244140625,342.3800048828125,246598.0
2025-01-14T11:30:00-05:00,342.6300048828125,342.6300048828125,340.2799987792969,341.3500061035156,165833.0
2025-01-14T12:30:00-05:00,341.30999755859375,342.739990234375,340.0199890136719,342.6300048828125,234178.0
2025-01-14T13:30:00-05:00,342.75,344.4599914550781,342.5400085449219,342.6300048828125,237340.0
2025-01-14T14:30:00-05:00,342.54998779296875,343.0274963378906,339.0,340.875,341826.0
2025-01-14T15:30:00-05:00,340.9800109863281,341.2699890136719,339.3399963378906,340.0899963378906,735190.0
2025-01-15T09:30:00-05:00,346.9100036621094,349.69000244140625,344.1700134277344,345.1600036621094,727201.0
2025-01-15T10:30:00-05:00,345.0299987792969,345.2950134277344,341.2900085449219,344.0799865722656,515543.0
2025-01-15T11:30:00-05:00,344.30999755859375,344.30999755859375,341.6600036621094,342.9599914550781,284941.0
2025-01-15T12:30:00-05:00,342.9599914550781,343.0299987792969,341.05999755859375,342.2200012207031,245885.0
2025-01-15T13:30:00-05:00,342.3999938964844,342.57000732421875,340.7099914550781,342.57000732421875,247275.0
2025-01-15T14:30:00-05:00,342.44000244140625,343.9200134277344,342.04400634765625,342.95001220703125,312336.0
2025-01-15T15:30:00-05:00,342.95001220703125,343.7950134277344,341.8800048828125,342.44000244140625,509937.0
2025-01-16T09:30:00-05:00,346.0,347.7799072265625,342.70001220703125,345.3999938964844,396124.0
2025-01-16T10:30:00-05:00,345.6326904296875,347.4599914550781,344.4599914550781,346.9739990234375,425456.0
2025-01-16T11:30:00-05:00,346.92999267578125,347.45001220703125,346.0299987792969,347.1499938964844,281540.0
2025-01-16T12:30:00-05:00,347.0400085449219,347.239990234375,345.5199890136719,346.1300048828125,133467.0
2025-01-16T13:30:00-05:00,346.07000732421875,346.1300048828125,344.5,345.1600036621094,164918.0
2025-01-16T14:30:00-05:00,345.1600036621094,346.17498779296875,344.5899963378906,345.25,307937.0
2025-01-16T15:30:00-05:00,345.2699890136719,346.04998779296875,344.6300048828125,345.1600036621094,296366.0
2025-01-17T09:30:00-05:00,348.2900085449219,349.4700012207031,345.75,347.489990234375,616320.0
2025-01-17T10:30:00-05:00,347.32000732421875,348.510009765625,346.8500061035156,348.0400085449219,307184.0
2025-01-17T11:30:00-05:00,348.0400085449219,348.95001220703125,347.6499938964844,348.7650146484375,220557.0
2025-01-17T12:30:00-05:00,348.6600036621094,348.8800048828125,348.20001220703125,348.489990234375,230885.0
2025-01-17T13:30:00-05:00,348.4800109863281,348.54998779296875,347.3800048828125,347.3999938964844,130785.0
2025-01-17T14:30:00-05:00,347.42999267578125,347.7799072265625,346.3900146484375,347.05999755859375,154551.0
2025-01-17T15:30:00-05:00,347.0299987792969,347.6249084472656,345.8900146484375,346.2900085449219,309018.0
2025-01-21T09:30:00-05:00,351.3999938964844,353.39349365234375,350.4750061035156,351.17999267578125,550029.0
2025-01-21T10:30:00-05:00,351.29998779296875,353.802001953125,350.7900085449219,352.8900146484375,306270.0
2025-01-21T11:30:00-05:00,353.1199951171875,354.1400146484375,352.42999267578125,353.489990234375,297483.0
2025-01-21T12:30:00-05:00,353.5,356.4700012207031,352.54998779296875,354.9700012207031,557595.0
2025-01-21T13:30:00-05:00,354.6400146484375,356.70001220703125,354.1000061035156,355.8900146484375,311112.0
2025-01-21T14:30:00-05:00,356.0362854003906,356.7070007324219,354.739990234375,355.4599914550781,285312.0
2025-01-21T15:30:00-05:00,355.4599914550781,357.6700134277344,354.8949890136719,357.6000061035156,810041.0
2025-01-22T09:30:00-05:00,372.2699890136719,377.92498779296875,365.0,371.3099060058594,953144.0
2025-01-22T10:30:00-05:00,370.70001220703125,373.2449951171875,369.6300048828125,371.92999267578125,357619.0
2025-01-22T11:30:00-05:00,371.9750061035156,372.239990234375,368.6400146484375,369.1449890136719,385937.0
2025-01-22T12:30:00-05:00,369.1449890136719,370.6600036621094,369.1449890136719,370.04998779296875,264741.0
2025-01-22T13:30:00-05:00,370.05999755859375,372.7200012207031,370.05999755859375,370.7049865722656,277807.0
2025-01-22T14:30:00-05:00,370.80499267578125,371.8800048828125,370.80499267578125,371.67999267578125,247212.0
2025-01-22T15:30:00-05:00,371.7326965332031,371.9800109863281,370.29998779296875,371.1499938964844,451111.0
2025-01-23T09:30:00-05:00,367.1400146484375,368.2550048828125,363.2200012207031,366.62750244140625,434334.0
2025-01-23T10:30:00-05:00,366.67999267578125,369.95001220703125,366.6700134277344,369.0299987792969,157891.0
2025-01-23T11:30:00-05:00,369.0799865722656,371.45001220703125,369.0799865722656,371.2950134277344,185575.0
2025-01-23T12:30:00-05:00,371.19000244140625,372.0899963378906,370.79998779296875,371.2950134277344,167456.0
2025-01-23T13:30:00-05:00,371.3699951171875,372.29998779296875,370.5,370.7904968261719,147172.0
2025-01-23T14:30:00-05:00,370.7699890136719,371.0398864746094,369.45001220703125,369.55999755859375,146589.0
2025-01-23T15:30:00-05:00,369.6050109863281,369.9100036621094,368.260009765625,369.760009765625,273299.0
2025-01-24T09:30:00-05:00,377.1199951171875,378.0,371.6400146484375,373.25,412843.0
2025-01-24T10:30:00-05:00,372.8599853515625,373.239990234375,369.8500061035156,372.2099914550781,252022.0
2025-01-24T11:30:00-05:00,372.20001220703125,372.5,370.9700012207031,371.6199951171875,119916.0
2025-01-24T12:30:00-05:00,371.760009765625,372.2200012207031,370.652099609375,370.9599914550781,113069.0
2025-01-24T13:30:00-05:00,370.9750061035156,371.32000732421875,369.17999267578125,370.375,255867.0
2025-01-24T14:30:00-05:00,370.1300048828125,370.25,367.1600036621094,367.2799987792969,194448.0
2025-01-24T15:30:00-05:00,367.3900146484375,369.1099853515625,367.19000244140625,368.92498779296875,286990.0
2025-01-27T09:30:00-05:00,327.3450012207031,329.760009765625,314.510009765625,321.1700134277344,2866388.0
2025-01-27T10:30:00-05:00,321.1700134277344,321.54998779296875,312.2099914550781,312.5899963378906,1199392.0
2025-01-27T11:30:00-05:00,312.1099853515625,315.7900085449219,308.8299865722656,315.55999755859375,1256856.0
2025-01-27T12:30:00-05:00,315.4649963378906,316.20001220703125,306.1499938964844,306.4849853515625,913700.0
2025-01-27T13:30:00-05:00,306.1499938964844,314.32000732421875,306.1499938964844,313.260009765625,851011.0
2025-01-27T14:30:00-05:00,313.260009765625,315.47601318359375,309.010009765625,314.4100036621094,995379.0
2025-01-27T15:30:00-05:00,314.3599853515625,315.1600036621094,309.8299865722656,311.7300109863281,1513482.0
2025-01-28T09:30:00-05:00,311.760009765625,312.9549865722656,299.32000732421875,303.8999938964844,2283037.0
2025-01-28T10:30:00-05:00,303.8999938964844,305.5138854980469,299.7699890136719,300.4700012207031,1129739.0
2025-01-28T11:30:00-05:00,300.4700012207031,302.5199890136719,298.2900085449219,300.8500061035156,1277730.0
2025-01-28T12:30:00-05:00,300.9150085449219,304.4100036621094,300.7699890136719,303.2099914550781,1064322.0
2025-01-28T13:30:00-05:00,303.1499938964844,312.75,303.1099853515625,311.1199951171875,863225.0
2025-01-28T14:30:00-05:00,311.29998779296875,312.8999938964844,310.45001220703125,311.05499267578125,685143.0
2025-01-28T15:30:00-05:00,311.04998779296875,313.6600036621094,310.8699951171875,312.760009765625,853909.0
2025-01-29T09:30:00-05:00,313.5,318.6199951171875,310.1199951171875,316.614990234375,1107496.0
2025-01-29T10:30:00-05:00,316.8500061035156,317.6700134277344,314.8399963378906,316.5,532359.0
2025-01-29T11:30:00-05:00,316.30999755859375,318.20001220703125,316.0,318.1300048828125,343864.0
2025-01-29T12:30:00-05:00,318.04998779296875,318.70001220703125,316.3900146484375,317.44000244140625,327598.0
2025-01-29T13:30:00-05:00,317.4849853515625,318.04998779296875,315.1000061035156,316.17999267578125,338296.0
2025-01-29T14:30:00-05:00,316.0199890136719,319.54998779296875,315.79998779296875,319.0199890136719,543946.0
2025-01-29T15:30:00-05:00,319.0299987792969,319.3399963378906,317.239990234375,317.6099853515625,625709.0
2025-01-30T09:30:00-05:00,324.8299865722656,327.7200012207031,321.75,321.75,839736.0
2025-01-30T10:30:00-05:00,321.75,325.8299865722656,321.1099853515625,324.2300109863281,331535.0
2025-01-30T11:30:00-05:00,324.385009765625,326.2749938964844,324.2699890136719,325.30999755859375,407404.0
2025-01-30T12:30:00-05:00,325.1600036621094,326.0953063964844,323.7900085449219,325.510009765625,428013.0
2025-01-30T13:30:00-05:00,325.6300048828125,328.510009765625,325.5201110839844,327.6600036621094,485426.0
2025-01-30T14:30:00-05:00,327.6400146484375,329.2699890136719,327.04998779296875,329.1499938964844,489221.0
2025-01-30T15:30:00-05:00,329.0899963378906,329.5899963378906,325.6099853515625,327.2699890136719,808368.0
2025-01-31T09:30:00-05:00,322.0199890136719,323.4150085449219,314.3999938964844,318.9800109863281,1248432.0
2025-01-31T10:30:00-05:00,318.9200134277344,323.54998779296875,318.239990234375,322.80999755859375,603655.0
2025-01-31T11:30:00-05:00,322.80999755859375,324.94500732421875,319.989990234375,320.61248779296875,564919.0
2025-01-31T12:30:00-05:00,320.6050109863281,327.4800109863281,320.2401123046875,326.1000061035156,682660.0
2025-01-31T13:30:00-05:00,325.9599914550781,329.8599853515625,325.6856994628906,329.7699890136719,703335.0
2025-01-31T14:30:00-05:00,329.82000732421875,330.54998779296875,326.489990234375,328.1700134277344,821001.0
2025-01-31T15:30:00-05:00,328.1700134277344,330.1400146484375,326.20001220703125,326.5293884277344,919016.0
2025-02-03T09:30:00-05:00,317.3399963378906,318.9100036621094,311.1239013671875,317.3299865722656,834715.0
2025-02-03T10:30:00-05:00,317.0899963378906,322.1000061035156,316.3901062011719,319.4800109863281,373847.0
2025-02-03T11:30:00-05:00,319.510009765625,319.843994140625,316.54998779296875,316.6400146484375,245717.0
2025-02-03T12:30:00-05:00,316.5,316.9399108886719,314.6199951171875,315.2025146484375,263493.0
2025-02-03T13:30:00-05:00,315.0849914550781,317.6000061035156,314.7369079589844,316.8999938964844,212398.0
2025-02-03T14:30:00-05:00,316.9100036621094,318.4800109863281,315.2900085449219,315.5799865722656,297593.0
2025-02-03T15:30:00-05:00,315.6499938964844,316.79998779296875,315.4100036621094,315.5150146484375,441384.0
2025-02-04T09:30:00-05:00,319.010009765625,319.6000061035156,313.010009765625,316.07000732421875,348202.0
2025-02-04T10:30:00-05:00,316.010009765625,317.2650146484375,314.5,316.9075012207031,293628.0
2025-02-04T11:30:00-05:00,316.8399963378906,317.01849365234375,315.1099853515625,315.3500061035156,221865.0
2025-02-04T12:30:00-05:00,315.406005859375,316.1700134277344,314.5,315.6795959472656,254908.0
2025-02-04T13:30:00-05:00,315.69000244140625,316.2799987792969,314.6400146484375,315.7850036621094,191842.0
2025-02-04T14:30:00-05:00,315.8349914550781,316.7200012207031,315.0799865722656,315.44000244140625,299065.0
2025-02-04T15:30:00-05:00,315.4599914550781,316.3999938964844,314.7099914550781,314.75,319738.0
2025-02-05T09:30:00-05:00,315.54998779296875,316.760009765625,311.29998779296875,314.0950012207031,582825.0
2025-02-05T10:30:00-05:00,314.01739501953125,315.2799987792969,313.0299987792969,313.7099914550781,371592.0
2025-02-05T11:30:00-05:00,313.7300109863281,316.05999755859375,313.44000244140625,315.5400085449219,266510.0
2025-02-05T12:30:00-05:00,315.57000732421875,316.2799987792969,315.010009765625,315.3550109863281,235626.0
2025-02-05T13:30:00-05:00,315.3550109863281,316.0863952636719,314.8800048828125,315.6600036621094,340572.0
2025-02-05T14:30:00-05:00,315.6600036621094,315.9599914550781,314.8999938964844,315.0,306036.0
2025-02-05T15:30:00-05:00,315.0799865722656,315.3692932128906,314.0799865722656,315.25,450795.0
2025-02-06T09:30:00-05:00,316.0899963378906,321.6300048828125,316.07501220703125,319.6300048828125,361545.0
2025-02-06T10:30:00-05:00,319.69000244140625,321.3299865722656,318.2099914550781,321.1700134277344,286189.0
2025-02-06T11:30:00-05:00,321.1700134277344,323.2699890136719,321.0400085449219,322.7149963378906,278236.0
2025-02-06T12:30:00-05:00,322.7049865722656,323.67999267578125,315.6705017089844,319.5199890136719,632048.0
2025-02-06T13:30:00-05:00,319.9599914550781,320.1449890136719,312.7699890136719,315.2349853515625,829772.0
2025-02-06T14:30:00-05:00,315.05999755859375,316.26568603515625,313.82000732421875,316.05999755859375,345218.0
2025-02-06T15:30:00-05:00,316.05999755859375,317.1400146484375,315.1499938964844,315.6400146484375,325835.0
2025-02-07T09:30:00-05:00,318.1000061035156,322.639892578125,315.9100036621094,316.510009765625,379352.0
2025-02-07T10:30:00-05:00,316.2799987792969,316.7699890136719,313.8450012207031,314.5299987792969,238640.0
2025-02-07T11:30:00-05:00,314.54998779296875,315.3023986816406,313.4700012207031,314.7550048828125,198418.0
2025-02-07T12:30:00-05:00,314.54998779296875,316.5899963378906,314.54998779296875,316.1700134277344,159528.0
2025-02-07T13:30:00-05:00,316.0799865722656,316.239990234375,313.6600036621094,313.8699951171875,204155.0
2025-02-07T14:30:00-05:00,313.8800048828125,314.2699890136719,312.0150146484375,312.5299987792969,582416.0
2025-02-07T15:30:00-05:00,312.4949951171875,313.6300048828125,311.9700012207031,313.04998779296875,540883.0
2025-02-10T09:30:00-05:00,314.69000244140625,315.5,312.5,313.94000244140625,386908.0
2025-02-10T10:30:00-05:00,313.6863098144531,314.510009765625,312.4501037597656,313.8800048828125,305287.0
2025-02-10T11:30:00-05:00,313.8494873046875,315.3599853515625,313.4700012207031,315.0400085449219,199906.0
2025-02-10T12:30:00-05:00,315.1499938964844,317.6700134277344,315.1050109863281,316.79998779296875,199223.0
2025-02-10T13:30:00-05:00,316.8699951171875,319.010009765625,316.7799987792969,318.32501220703125,258126.0
2025-02-10T14:30:00-05:00,318.2500915527344,320.035888671875,318.1600036621094,319.7774963378906,319838.0
2025-02-10T15:30:00-05:00,319.739990234375,320.1499938964844,318.9700012207031,319.8500061035156,406076.0
2025-02-11T09:30:00-05:00,317.3599853515625,317.3599853515625,314.0400085449219,315.1099853515625,356748.0
2025-02-11T10:30:00-05:00,315.04998779296875,316.2799987792969,313.6199951171875,313.68499755859375,309678.0
2025-02-11T11:30:00-05:00,313.68499755859375,313.7699890136719,311.6099853515625,311.6600036621094,371826.0
2025-02-11T12:30:00-05:00,311.7799987792969,312.1400146484375,311.44000244140625,311.5199890136719,255402.0
2025-02-11T13:30:00-05:00,311.510009765625,312.05999755859375,311.1000061035156,311.7749938964844,333606.0
2025-02-11T14:30:00-05:00,311.739990234375,313.760009765625,311.1300048828125,313.5199890136719,402588.0
2025-02-11T15:30:00-05:00,313.4800109863281,318.25,313.3500061035156,316.6300048828125,832237.0
2025-02-12T09:30:00-05:00,308.20001220703125,310.55999755859375,305.69000244140625,307.82000732421875,618191.0
2025-02-12T10:30:00-05:00,307.7099914550781,310.4200134277344,307.65008544921875,309.0450134277344,278265.0
2025-02-12T11:30:00-05:00,309.010009765625,310.9800109863281,308.9100036621094,310.42999267578125,274671.0
2025-02-12T12:30:00-05:00,310.6744079589844,311.9599914550781,309.81500244140625,310.0,192643.0
2025-02-12T13:30:00-05:00,309.9700012207031,310.260009765625,308.0350036621094,308.3800048828125,195611.0
2025-02-12T14:30:00-05:00,308.25,309.45001220703125,308.2301025390625,308.3800048828125,250182.0
2025-02-12T15:30:00-05:00,308.385009765625,310.0400085449219,308.1449890136719,309.8399963378906,439696.0
2025-02-13T09:30:00-05:00,312.760009765625,312.760009765625,308.9364929199219,309.614990234375,362173.0
2025-02-13T10:30:00-05:00,309.614990234375,310.1700134277344,306.0799865722656,306.2300109863281,274502.0
2025-02-13T11:30:00-05:00,306.1300048828125,307.1098937988281,305.739990234375,306.635009765625,410326.0
2025-02-13T12:30:00-05:00,306.6600036621094,306.8450012207031,304.55999755859375,304.79998779296875,293794.0
2025-02-13T13:30:00-05:00,304.8450012207031,306.44500732421875,304.07000732421875,306.0474853515625,472667.0
2025-02-13T14:30:00-05:00,305.9700012207031,307.6300048828125,305.8299865722656,307.3800048828125,336203.0
2025-02-13T15:30:00-05:00,307.3299865722656,307.8800048828125,306.67999267578125,307.7699890136719,436907.0
2025-02-14T09:30:00-05:00,309.5199890136719,311.239990234375,307.5,310.20001220703125,541169.0
2025-02-14T10:30:00-05:00,310.1099853515625,311.375,309.44000244140625,309.760009765625,323298.0
2025-02-14T11:30:00-05:00,309.5899963378906,310.21868896484375,308.3500061035156,308.3500061035156,188952.0
2025-02-14T12:30:00-05:00,308.4150085449219,309.6000061035156,307.5199890136719,309.4599914550781,225163.0
2025-02-14T13:30:00-05:00,309.4949951171875,310.9700012207031,309.43951416015625,309.885009765625,226881.0
2025-02-14T14:30:00-05:00,309.8599853515625,310.010009765625,308.8299865722656,308.9700012207031,252880.0
2025-02-14T15:30:00-05:00,309.07000732421875,309.6499938964844,308.5,309.1099853515625,377463.0
2025-02-18T09:30:00-05:00,313.1700134277344,315.6000061035156,310.3900146484375,313.3800048828125,544665.0
2025-02-18T10:30:00-05:00,312.9800109863281,314.9100036621094,312.1099853515625,314.67498779296875,331298.0
2025-02-18T11:30:00-05:00,314.5199890136719,314.8492126464844,313.8800048828125,314.2149963378906,326510.0
2025-02-18T12:30:00-05:00,314.19000244140625,316.5849914550781,314.010009765625,314.18499755859375,244122.0
2025-02-18T13:30:00-05:00,314.19500732421875,315.3999938964844,313.2749938964844,313.489990234375,266967.0
2025-02-18T14:30:00-05:00,313.54998779296875,315.4700012207031,313.1199951171875,313.1700134277344,257235.0
2025-02-18T15:30:00-05:00,313.2300109863281,314.1698913574219,312.510009765625,313.1199951171875,309273.0
2025-02-19T09:30:00-05:00,310.5799865722656,311.74200439453125,309.04998779296875,310.8215026855469,334203.0
2025-02-19T10:30:00-05:00,310.8399963378906,311.2200012207031,308.239990234375,309.42999267578125,246163.0
2025-02-19T11:30:00-05:00,309.30999755859375,309.4700012207031,307.7250061035156,308.125,251699.0
2025-02-19T12:30:00-05:00,307.9800109863281,308.62451171875,307.29998779296875,307.3949890136719,370383.0
2025-02-19T13:30:00-05:00,307.45001220703125,309.67510986328125,307.30999755859375,309.2900085449219,451524.0
2025-02-19T14:30:00-05:00,309.2950134277344,310.17999267578125,308.17999267578125,308.65771484375,302954.0
2025-02-19T15:30:00-05:00,308.625,310.42999267578125,308.625,309.4200134277344,462136.0
2025-02-20T09:30:00-05:00,309.20001220703125,310.0,306.5899963378906,309.5299987792969,452566.0
2025-02-20T10:30:00-05:00,309.54998779296875,309.79998779296875,306.30999755859375,307.32000732421875,244806.0
2025-02-20T11:30:00-05:00,307.32501220703125,309.989990234375,306.66009521484375,309.6611022949219,244553.0
2025-02-20T12:30:00-05:00,309.760009765625,309.8233947753906,305.8402099609375,306.4200134277344,186824.0
2025-02-20T13:30:00-05:00,306.3299865722656,308.2699890136719,306.29998779296875,307.9200134277344,145612.0
2025-02-20T14:30:00-05:00,307.81201171875,308.2900085449219,307.25,308.0199890136719,141752.0
2025-02-20T15:30:00-05:00,307.8500061035156,309.1600036621094,307.69000244140625,308.8299865722656,315863.0
2025-02-21T09:30:00-05:00,308.739990234375,309.3999938964844,300.5400085449219,300.8599853515625,674841.0
2025-02-21T10:30:00-05:00,301.07501220703125,303.3450012207031,300.42999267578125,302.5899963378906,320495.0
2025-02-21T11:30:00-05:00,302.5899963378906,303.4700012207031,301.8832092285156,302.07000732421875,254108.0
2025-02-21T12:30:00-05:00,302.2300109863281,302.239990234375,296.5199890136719,296.5249938964844,409768.0
2025-02-21T13:30:00-05:00,296.7099914550781,298.3800048828125,295.2300109863281,295.385009765625,949679.0
2025-02-21T14:30:00-05:00,295.3900146484375,297.95001220703125,295.0199890136719,297.1400146484375,682468.0
2025-02-21T15:30:00-05:00,297.25,298.7666931152344,296.3074951171875,297.3599853515625,705303.0
2025-02-24T09:30:00-05:00,297.5400085449219,298.7900085449219,286.92498779296875,288.6099853515625,1587200.0
2025-02-24T10:30:00-05:00,288.68499755859375,291.5899963378906,285.510009765625,291.3699951171875,1281049.0
2025-02-24T11:30:00-05:00,291.5899963378906,291.67498779296875,289.5299987792969,291.0299987792969,478166.0
2025-02-24T12:30:00-05:00,290.8800048828125,292.239990234375,290.1300048828125,291.32000732421875,340032.0
2025-02-24T13:30:00-05:00,291.3399963378906,292.1400146484375,290.29998779296875,291.4700012207031,335630.0
2025-02-24T14:30:00-05:00,291.3500061035156,292.1099853515625,289.7228088378906,290.8800048828125,400904.0
2025-02-24T15:30:00-05:00,290.8500061035156,292.80999755859375,289.32000732421875,289.8900146484375,798538.0
2025-02-25T09:30:00-05:00,287.20001220703125,292.6499938964844,282.8999938964844,282.9100036621094,1150264.0
2025-02-25T10:30:00-05:00,283.0799865722656,286.489990234375,282.42999267578125,284.5,797320.0
2025-02-25T11:30:00-05:00,284.5,285.80999755859375,282.7099914550781,283.9700012207031,556886.0
2025-02-25T12:30:00-05:00,283.8999938964844,286.69500732421875,283.80999755859375,285.135009765625,856585.0
2025-02-25T13:30:00-05:00,285.1400146484375,288.7799987792969,284.69500732421875,285.19000244140625,649741.0
2025-02-25T14:30:00-05:00,285.17999267578125,289.92999267578125,285.07000732421875,289.1400146484375,720476.0
2025-02-25T15:30:00-05:00,289.25,289.3399963378906,286.239990234375,287.54998779296875,890391.0
2025-02-26T09:30:00-05:00,292.0899963378906,299.5690002441406,290.57000732421875,298.04998779296875,1456777.0
2025-02-26T10:30:00-05:00,298.239990234375,299.6000061035156,297.45001220703125,297.45001220703125,518510.0
2025-02-26T11:30:00-05:00,297.5,298.731201171875,296.44000244140625,298.2699890136719,369530.0
2025-02-26T12:30:00-05:00,298.3399963378906,298.5050048828125,295.614990234375,296.20001220703125,411638.0
2025-02-26T13:30:00-05:00,296.17999267578125,296.8536071777344,295.0,296.6000061035156,358425.0
2025-02-26T14:30:00-05:00,296.6099853515625,297.4599914550781,295.0799865722656,297.0849914550781,260332.0
2025-02-26T15:30:00-05:00,296.9200134277344,297.82000732421875,296.3399963378906,297.32000732421875,529342.0
2025-02-27T09:30:00-05:00,300.45001220703125,301.9599914550781,291.5400085449219,297.6000061035156,1314413.0
2025-02-27T10:30:00-05:00,297.80999755859375,297.80999755859375,293.4800109863281,295.4649963378906,370899.0
2025-02-27T11:30:00-05:00,295.45001220703125,296.07000732421875,293.4700012207031,294.75,195080.0
2025-02-27T12:30:00-05:00,294.760009765625,295.1300048828125,292.5,293.1700134277344,401159.0
2025-02-27T13:30:00-05:00,293.2950134277344,293.70001220703125,290.6400146484375,290.739990234375,280429.0
2025-02-27T14:30:00-05:00,290.760009765625,291.010009765625,288.9100036621094,289.8699951171875,860686.0
2025-02-27T15:30:00-05:00,289.9599914550781,291.1300048828125,289.5,290.3800048828125,677561.0
2025-02-28T09:30:00-05:00,289.45001220703125,290.0,284.7900085449219,289.7799987792969,678250.0
2025-02-28T10:30:00-05:00,289.6700134277344,290.2699890136719,287.7550048828125,288.07000732421875,450950.0
2025-02-28T11:30:00-05:00,288.010009765625,290.67059326171875,287.8299865722656,289.6499938964844,341275.0
2025-02-28T12:30:00-05:00,289.6499938964844,289.6499938964844,286.272705078125,287.7900085449219,374905.0
2025-02-28T13:30:00-05:00,287.5799865722656,289.3450012207031,287.2699890136719,288.54998779296875,238410.0
2025-02-28T14:30:00-05:00,288.4200134277344,290.760009765625,288.30999755859375,289.9849853515625,478082.0
2025-02-28T15:30:00-05:00,289.9849853515625,293.3800048828125,288.4800109863281,293.32000732421875,584315.0
2025-03-03T09:30:00-05:00,294.9800109863281,296.7200012207031,283.8900146484375,287.55999755859375,867563.0
2025-03-03T10:30:00-05:00,287.6600036621094,288.3500061035156,286.260009765625,287.7300109863281,293155.0
2025-03-03T11:30:00-05:00,287.69000244140625,289.17999267578125,286.7699890136719,287.3500061035156,267053.0
2025-03-03T12:30:00-05:00,287.42999267578125,287.8349914550781,282.8399963378906,283.0531921386719,303908.0
2025-03-03T13:30:00-05:00,282.80999755859375,284.3500061035156,282.1499938964844,282.5611877441406,443165.0
2025-03-03T14:30:00-05:00,282.5199890136719,283.1300048828125,276.84619140625,277.32000732421875,702717.0
2025-03-03T15:30:00-05:00,277.2099914550781,278.55999755859375,276.20001220703125,278.4700012207031,842147.0
2025-03-04T09:30:00-05:00,273.1199951171875,274.7699890136719,267.6300048828125,270.1000061035156,1476037.0
2025-03-04T10:30:00-05:00,270.1600036621094,271.6628112792969,268.260009765625,268.81500244140625,836316.0
2025-03-04T11:30:00-05:00,268.6400146484375,277.239990234375,268.4200134277344,276.1549987792969,846301.0
2025-03-04T12:30:00-05:00,276.010009765625,277.92999267578125,274.5899963378906,276.7099914550781,573493.0
2025-03-04T13:30:00-05:00,276.635009765625,282.39471435546875,276.2900085449219,281.4100036621094,574874.0
2025-03-04T14:30:00-05:00,281.4599914550781,285.55999755859375,280.7799987792969,283.6499938964844,932964.0
2025-03-04T15:30:00-05:00,283.6499938964844,283.7200012207031,277.5799865722656,279.1499938964844,832006.0
2025-03-05T09:30:00-05:00,283.5,283.93499755859375,278.4599914550781,281.8450012207031,587558.0
2025-03-05T10:30:00-05:00,281.55999755859375,284.20001220703125,281.0899963378906,282.3999938964844,402741.0
2025-03-05T11:30:00-05:00,282.3999938964844,284.30999755859375,280.9267883300781,283.239990234375,338825.0
2025-03-05T12:30:00-05:00,283.25,284.4049987792969,282.2749938964844,282.8902893066406,223981.0
2025-03-05T13:30:00-05:00,282.8699951171875,286.75,281.54998779296875,286.1499938964844,336262.0
2025-03-05T14:30:00-05:00,286.260009765625,288.760009765625,285.7699890136719,288.20001220703125,693723.0
2025-03-05T15:30:00-05:00,288.17999267578125,288.3299865722656,286.5950012207031,287.7300109863281,694501.0
2025-03-06T09:30:00-05:00,277.2200012207031,280.3628845214844,272.2799987792969,279.9549865722656,730371.0
2025-03-06T10:30:00-05:00,279.70001220703125,280.6650085449219,277.70001220703125,278.760009765625,526280.0
2025-03-06T11:30:00-05:00,279.0148010253906,279.3900146484375,275.45001220703125,275.614990234375,272974.0
2025-03-06T12:30:00-05:00,275.5249938964844,278.04998779296875,275.04998779296875,277.05499267578125,248432.0
2025-03-06T13:30:00-05:00,277.05499267578125,277.44000244140625,275.3800048828125,275.510009765625,299135.0
2025-03-06T14:30:00-05:00,275.489990234375,279.9800109863281,275.4200134277344,278.0150146484375,411523.0
2025-03-06T15:30:00-05:00,278.0899963378906,278.5899963378906,276.760009765625,277.45001220703125,484897.0
2025-03-07T09:30:00-05:00,275.54998779296875,280.6199951171875,274.54998779296875,277.9360046386719,570070.0
2025-03-07T10:30:00-05:00,277.8900146484375,277.8900146484375,273.7101135253906,274.25,532080.0
2025-03-07T11:30:00-05:00,274.3800048828125,275.3800048828125,273.7699890136719,275.0299987792969,548935.0
2025-03-07T12:30:00-05:00,274.75,281.4549865722656,274.5299987792969,279.82000732421875,722494.0
2025-03-07T13:30:00-05:00,279.8599853515625,284.9100036621094,279.6050109863281,283.9750061035156,355110.0
2025-03-07T14:30:00-05:00,284.0400085449219,285.8399963378906,283.3450012207031,285.0899963378906,448077.0
2025-03-07T15:30:00-05:00,285.0849914550781,286.1499938964844,282.9949951171875,284.8699951171875,705636.0
2025-03-10T09:30:00-04:00,275.8800048828125,282.6700134277344,275.8800048828125,276.80999755859375,747849.0
2025-03-10T10:30:00-04:00,276.70001220703125,277.9700012207031,275.0,277.6000061035156,396505.0
2025-03-10T11:30:00-04:00,277.82000732421875,279.70001220703125,275.6000061035156,277.56500244140625,487747.0
2025-03-10T12:30:00-04:00,277.6000061035156,278.2699890136719,276.0,276.7900085449219,441117.0
2025-03-10T13:30:00-04:00,276.95001220703125,277.80999755859375,275.0799865722656,275.3677978515625,519369.0
2025-03-10T14:30:00-04:00,275.3299865722656,277.9599914550781,272.6700134277344,277.0,570518.0
2025-03-10T15:30:00-04:00,277.0799865722656,278.6600036621094,275.7992858886719,277.6000061035156,554641.0
2025-03-11T09:30:00-04:00,276.5299987792969,282.7799987792969,274.6036071777344,277.04998779296875,602423.0
2025-03-11T10:30:00-04:00,277.3800048828125,279.30999755859375,275.6400146484375,278.4949951171875,343731.0
2025-03-11T11:30:00-04:00,278.44500732421875,281.0,278.010009765625,280.1400146484375,386752.0
2025-03-11T12:30:00-04:00,280.010009765625,280.6000061035156,277.1400146484375,277.2650146484375,304088.0
2025-03-11T13:30:00-04:00,277.0299987792969,283.2193908691406,276.93951416015625,282.5799865722656,535744.0
2025-03-11T14:30:00-04:00,282.6000061035156,287.3900146484375,281.8399963378906,284.20001220703125,1066983.0
2025-03-11T15:30:00-04:00,284.20001220703125,285.18499755859375,282.260009765625,282.30999755859375,590037.0
2025-03-12T09:30:00-04:00,297.4599914550781,300.0400085449219,288.0,289.0400085449219,1189277.0
2025-03-12T10:30:00-04:00,289.2799987792969,290.04998779296875,285.5400085449219,290.04998779296875,534983.0
2025-03-12T11:30:00-04:00,290.0400085449219,294.2200012207031,289.7799987792969,293.5199890136719,557301.0
2025-03-12T12:30:00-04:00,293.5199890136719,293.760009765625,290.2200012207031,293.30999755859375,380955.0
2025-03-12T13:30:00-04:00,293.1700134277344,295.20001220703125,291.70001220703125,295.1400146484375,803812.0
2025-03-12T14:30:00-04:00,295.17498779296875,296.0450134277344,293.24639892578125,293.9599914550781,632335.0
2025-03-12T15:30:00-04:00,293.9150085449219,294.489990234375,291.95001220703125,292.1400146484375,923544.0
2025-03-13T09:30:00-04:00,290.0,291.0199890136719,280.4599914550781,286.0299987792969,1298461.0
2025-03-13T10:30:00-04:00,285.95001220703125,287.8027038574219,284.79998779296875,285.7699890136719,702244.0
2025-03-13T11:30:00-04:00,285.8299865722656,286.6700134277344,284.0,285.45001220703125,331950.0
2025-03-13T12:30:00-04:00,285.2250061035156,287.4200134277344,284.3699951171875,284.614990234375,316119.0
2025-03-13T13:30:00-04:00,284.5950012207031,287.3699951171875,282.71728515625,286.5400085449219,387718.0
2025-03-13T14:30:00-04:00,286.5400085449219,287.80999755859375,284.1700134277344,284.6000061035156,667357.0
2025-03-13T15:30:00-04:00,284.739990234375,285.67999267578125,282.9599914550781,283.7099914550781,1185623.0
2025-03-14T09:30:00-04:00,290.45001220703125,291.9100036621094,286.6000061035156,289.3800048828125,620378.0
2025-03-14T10:30:00-04:00,289.25,293.1600036621094,288.9100036621094,292.42999267578125,326932.0
2025-03-14T11:30:00-04:00,292.44500732421875,293.6099853515625,291.3692932128906,291.9100036621094,352107.0
2025-03-14T12:30:00-04:00,291.8450012207031,293.7449951171875,291.8399963378906,293.0299987792969,300094.0
2025-03-14T13:30:00-04:00,292.84930419921875,293.2300109863281,291.7650146484375,292.3800048828125,271641.0
2025-03-14T14:30:00-04:00,292.3699951171875,293.739990234375,292.2500915527344,293.17498779296875,349031.0
2025-03-14T15:30:00-04:00,293.17498779296875,294.6099853515625,292.8999938964844,293.6199951171875,597077.0
2025-03-17T09:30:00-04:00,295.20001220703125,297.70001220703125,293.6199951171875,296.7900085449219,561233.0
2025-03-17T10:30:00-04:00,296.7900085449219,299.3299865722656,295.6632995605469,298.1099853515625,282996.0
2025-03-17T11:30:00-04:00,298.43499755859375,299.8500061035156,297.30999755859375,297.9800109863281,267211.0
2025-03-17T12:30:00-04:00,297.9800109863281,299.3999938964844,297.5899963378906,299.30499267578125,257380.0
2025-03-17T13:30:00-04:00,299.3999938964844,300.4100036621094,299.05999755859375,300.2049865722656,279144.0
2025-03-17T14:30:00-04:00,300.2099914550781,300.760009765625,299.40289306640625,299.95001220703125,394078.0
2025-03-17T15:30:00-04:00,299.9049987792969,300.0799865722656,297.20001220703125,297.239990234375,471024.0
2025-03-18T09:30:00-04:00,293.82000732421875,295.5799865722656,290.5,293.16400146484375,431302.0
2025-03-18T10:30:00-04:00,293.45001220703125,293.76800537109375,289.05999755859375,289.2525939941406,253874.0
2025-03-18T11:30:00-04:00,288.989990234375,290.9849853515625,288.364990234375,290.9849853515625,240680.0
2025-03-18T12:30:00-04:00,290.875,291.7099914550781,289.75,291.4150085449219,205699.0
2025-03-18T13:30:00-04:00,291.4549865722656,292.3800048828125,290.3500061035156,290.3500061035156,278022.0
2025-03-18T14:30:00-04:00,290.5799865722656,291.739990234375,290.1499938964844,290.80999755859375,276777.0
2025-03-18T15:30:00-04:00,290.8299865722656,291.1300048828125,289.75,290.3399963378906,394226.0
2025-03-19T09:30:00-04:00,290.75,293.3500061035156,290.1700134277344,293.0199890136719,370338.0
2025-03-19T10:30:00-04:00,293.0799865722656,294.6400146484375,292.83660888671875,293.82000732421875,219881.0
2025-03-19T11:30:00-04:00,293.7099914550781,294.659912109375,291.7099914550781,292.6400146484375,261901.0
2025-03-19T12:30:00-04:00,292.6199951171875,293.06500244140625,292.0,292.1499938964844,242289.0
2025-03-19T13:30:00-04:00,292.010009765625,294.385009765625,291.80999755859375,293.29998779296875,515517.0
2025-03-19T14:30:00-04:00,293.55999755859375,299.05499267578125,293.3599853515625,294.7300109863281,606246.0
2025-03-19T15:30:00-04:00,294.57501220703125,296.17498779296875,293.9599914550781,294.5799865722656,525981.0
2025-03-20T09:30:00-04:00,291.1000061035156,298.8999938964844,290.1199951171875,297.739990234375,518055.0
2025-03-20T10:30:00-04:00,297.75,300.239990234375,297.510009765625,299.6000061035156,479203.0
2025-03-20T11:30:00-04:00,299.42498779296875,299.5299987792969,296.8699951171875,296.95001220703125,278072.0
2025-03-20T12:30:00-04:00,297.17999267578125,298.3699951171875,296.5,296.55999755859375,305037.0
2025-03-20T13:30:00-04:00,296.67498779296875,297.1600036621094,295.6499938964844,295.75,318556.0
2025-03-20T14:30:00-04:00,295.6549987792969,297.0199890136719,295.4800109863281,295.57000732421875,268960.0
2025-03-20T15:30:00-04:00,295.57501220703125,297.0,295.260009765625,295.489990234375,570307.0
2025-03-21T09:30:00-04:00,291.739990234375,292.67999267578125,289.489990234375,291.9949951171875,606045.0
2025-03-21T10:30:00-04:00,291.9599914550781,294.125,291.94500732421875,293.1600036621094,242489.0
2025-03-21T11:30:00-04:00,293.0,295.1199951171875,291.989990234375,294.5899963378906,263997.0
2025-03-21T12:30:00-04:00,294.6000061035156,295.5,293.6199951171875,294.6449890136719,157597.0
2025-03-21T13:30:00-04:00,294.6449890136719,296.2499084472656,294.17498779296875,294.989990234375,160386.0
2025-03-21T14:30:00-04:00,295.0400085449219,295.8500061035156,294.3699951171875,295.1499938964844,174685.0
2025-03-21T15:30:00-04:00,295.1499938964844,296.1600036621094,293.9200134277344,295.44000244140625,484789.0
2025-03-24T09:30:00-04:00,300.489990234375,301.989990234375,298.55999755859375,301.82000732421875,427513.0
2025-03-24T10:30:00-04:00,301.8999938964844,303.2699890136719,301.6700134277344,303.0199890136719,306519.0
2025-03-24T11:30:00-04:00,303.07000732421875,304.43499755859375,302.3900146484375,303.1549987792969,369173.0
2025-03-24T12:30:00-04:00,303.05999755859375,303.4649963378906,301.760009765625,302.25,215196.0
2025-03-24T13:30:00-04:00,302.2449951171875,303.0150146484375,301.3500061035156,301.7301025390625,211608.0
2025-03-24T14:30:00-04:00,301.8299865722656,303.8800048828125,301.6499938964844,303.2300109863281,323268.0
2025-03-24T15:30:00-04:00,303.260009765625,304.5400085449219,302.82000732421875,302.8399963378906,424045.0
2025-03-25T09:30:00-04:00,303.29998779296875,304.94000244140625,295.9800109863281,299.1600036621094,926921.0
2025-03-25T10:30:00-04:00,298.8599853515625,300.510009765625,298.739013671875,300.1099853515625,419347.0
2025-03-25T11:30:00-04:00,300.04998779296875,300.55499267578125,298.0299987792969,298.8949890136719,325094.0
2025-03-25T12:30:00-04:00,298.8999938964844,300.17999267578125,298.8399963378906,299.364990234375,233664.0
2025-03-25T13:30:00-04:00,299.30999755859375,299.6199951171875,298.5400085449219,298.625,260663.0
2025-03-25T14:30:00-04:00,298.625,299.6600036621094,298.3999938964844,299.0050048828125,386882.0
2025-03-25T15:30:00-04:00,299.0799865722656,300.4800109863281,298.3900146484375,300.0,568023.0
2025-03-26T09:30:00-04:00,297.9700012207031,297.9700012207031,288.7900085449219,290.76470947265625,1072129.0
2025-03-26T10:30:00-04:00,290.70001220703125,292.79998779296875,290.510009765625,290.8999938964844,337266.0
2025-03-26T11:30:00-04:00,291.07501220703125,291.42999267578125,288.6499938964844,289.55999755859375,422641.0
2025-03-26T12:30:00-04:00,289.44500732421875,289.6099853515625,285.3800048828125,285.3900146484375,363742.0
2025-03-26T13:30:00-04:00,285.32000732421875,286.0,283.79998779296875,285.4596862792969,464987.0
2025-03-26T14:30:00-04:00,285.3399963378906,285.7099914550781,283.67999267578125,284.125,591274.0
2025-03-26T15:30:00-04:00,284.125,286.260009765625,284.0299987792969,285.6000061035156,701086.0
2025-03-27T09:30:00-04:00,283.80999755859375,284.9093017578125,278.1600036621094,284.5,857571.0
2025-03-27T10:30:00-04:00,284.5050048828125,285.5430908203125,282.6099853515625,282.6099853515625,374939.0
2025-03-27T11:30:00-04:00,282.6300048828125,282.9200134277344,280.3699951171875,282.114990234375,446365.0
2025-03-27T12:30:00-04:00,282.07501220703125,283.0,280.5199890136719,282.1600036621094,221660.0
2025-03-27T13:30:00-04:00,282.239990234375,283.9100036621094,281.2799987792969,282.8550109863281,239310.0
2025-03-27T14:30:00-04:00,282.8599853515625,283.92999267578125,282.30999755859375,283.7699890136719,296470.0
2025-03-27T15:30:00-04:00,283.7900085449219,283.82501220703125,280.5899963378906,280.9100036621094,551761.0
2025-03-28T09:30:00-04:00,278.260009765625,279.7300109863281,274.7699890136719,275.0,585889.0
2025-03-28T10:30:00-04:00,275.114990234375,276.04998779296875,274.1600036621094,274.3617858886719,527210.0
2025-03-28T11:30:00-04:00,274.3900146484375,275.4849853515625,272.9750061035156,273.1600036621094,266996.0
2025-03-28T12:30:00-04:00,273.1499938964844,274.1600036621094,271.6499938964844,272.5,440093.0
2025-03-28T13:30:00-04:00,272.6499938964844,274.43499755859375,272.1700134277344,274.0849914550781,278979.0
2025-03-28T14:30:00-04:00,274.0849914550781,274.0849914550781,273.0086975097656,273.3999938964844,306691.0
2025-03-28T15:30:00-04:00,273.45001220703125,274.6099853515625,272.8900146484375,274.1700134277344,451959.0
2025-03-31T09:30:00-04:00,268.0,269.8399963378906,262.67999267578125,267.010009765625,879545.0
2025-03-31T10:30:00-04:00,266.9100036621094,269.2900085449219,266.9100036621094,267.9800109863281,481559.0
2025-03-31T11:30:00-04:00,267.8599853515625,269.7200012207031,267.43499755859375,269.1650085449219,417102.0
2025-03-31T12:30:00-04:00,269.16339111328125,270.59991455078125,268.19000244140625,268.82000732421875,250990.0
2025-03-31T13:30:00-04:00,268.8999938964844,271.989990234375,268.4200134277344,271.3807067871094,447652.0
2025-03-31T14:30:00-04:00,271.2550048828125,273.239990234375,270.07000732421875,270.4849853515625,430922.0
2025-03-31T15:30:00-04:00,270.4849853515625,273.45001220703125,270.32000732421875,271.95001220703125,748998.0
2025-04-01T09:30:00-04:00,271.80999755859375,273.07659912109375,269.8450012207031,271.135009765625,349798.0
2025-04-01T10:30:00-04:00,271.135009765625,278.0,271.1300048828125,277.260009765625,424179.0
2025-04-01T11:30:00-04:00,277.1199951171875,278.0549011230469,276.08319091796875,277.1099853515625,235973.0
2025-04-01T12:30:00-04:00,277.2200012207031,277.6600036621094,275.8800048828125,276.2749938964844,177446.0
2025-04-01T13:30:00-04:00,276.5,276.6499938964844,273.19000244140625,273.6449890136719,279244.0
2025-04-01T14:30:00-04:00,273.6449890136719,276.1698913574219,273.5899963378906,275.55999755859375,276194.0
2025-04-01T15:30:00-04:00,275.44000244140625,277.375,275.30999755859375,276.69000244140625,389897.0
2025-04-02T09:30:00-04:00,270.69000244140625,277.6944885253906,270.0,277.6199951171875,291345.0
2025-04-02T10:30:00-04:00,277.55999755859375,279.67999267578125,277.0299987792969,279.4700012207031,147672.0
2025-04-02T11:30:00-04:00,279.489990234375,282.5050048828125,278.75,282.5050048828125,305507.0
2025-04-02T12:30:00-04:00,282.5199890136719,285.6700134277344,281.7550048828125,284.5799865722656,484461.0
2025-04-02T13:30:00-04:00,284.5799865722656,284.5799865722656,280.0000915527344,280.0199890136719,282570.0
2025-04-02T14:30:00-04:00,279.8949890136719,282.5400085449219,279.8949890136719,282.1099853515625,214165.0
2025-04-02T15:30:00-04:00,282.1000061035156,284.8800048828125,281.8114013671875,283.79998779296875,644591.0
2025-04-03T09:30:00-04:00,260.0299987792969,271.49591064453125,259.8999938964844,264.5799865722656,979917.0
2025-04-03T10:30:00-04:00,264.67999267578125,265.1731872558594,259.2300109863281,262.04998779296875,937991.0
2025-04-03T11:30:00-04:00,261.8999938964844,265.6499938964844,261.714111328125,265.4700012207031,521474.0
2025-04-03T12:30:00-04:00,265.4750061035156,267.1899108886719,263.2701110839844,264.1099853515625,436609.0
2025-04-03T13:30:00-04:00,263.989990234375,265.1986083984375,261.80999755859375,262.125,637256.0
2025-04-03T14:30:00-04:00,262.3399963378906,263.5849914550781,259.6925048828125,259.9200134277344,627921.0
2025-04-03T15:30:00-04:00,260.0199890136719,261.6099853515625,258.6000061035156,260.7799987792969,1015600.0
2025-04-04T09:30:00-04:00,249.4600067138672,252.0,240.4600067138672,240.8000030517578,1105786.0
2025-04-04T10:30:00-04:00,240.4600067138672,251.97999572753906,236.5800018310547,247.36000061035156,905021.0
2025-04-04T11:30:00-04:00,247.4600067138672,249.15109252929688,244.80999755859375,245.74000549316406,643635.0
2025-04-04T12:30:00-04:00,245.86000061035156,248.5590057373047,244.1300048828125,246.40499877929688,483417.0
2025-04-04T13:30:00-04:00,246.14999389648438,250.7899932861328,244.8975067138672,246.19000244140625,509781.0
2025-04-04T14:30:00-04:00,246.19500732421875,250.1699981689453,244.38999938964844,248.92999267578125,574257.0
2025-04-04T15:30:00-04:00,248.5749969482422,250.7899932861328,245.6300048828125,246.3699951171875,706765.0
2025-04-07T09:30:00-04:00,237.85000610351562,262.9198913574219,231.85000610351562,244.11000061035156,1300896.0
2025-04-07T10:30:00-04:00,243.52000427246094,253.82000732421875,240.52499389648438,242.55499267578125,805313.0
2025-04-07T11:30:00-04:00,242.6199951171875,248.50999450683594,242.2012939453125,245.89999389648438,386364.0
2025-04-07T12:30:00-04:00,246.04249572753906,251.8699951171875,243.96859741210938,251.48500061035156,414816.0
2025-04-07T13:30:00-04:00,251.48500061035156,254.63999938964844,249.0399932861328,249.40499877929688,506756.0
2025-04-07T14:30:00-04:00,249.40499877929688,251.80999755859375,248.20700073242188,248.8300018310547,626294.0
2025-04-07T15:30:00-04:00,248.97000122070312,253.07000732421875,248.57000732421875,252.39999389648438,918595.0
2025-04-08T09:30:00-04:00,264.6499938964844,267.9200134277344,262.04998779296875,263.8800048828125,831536.0
2025-04-08T10:30:00-04:00,263.7749938964844,264.1667175292969,255.87640380859375,256.17999267578125,470654.0
2025-04-08T11:30:00-04:00,256.05999755859375,261.82000732421875,255.88999938964844,256.614990234375,519077.0
2025-04-08T12:30:00-04:00,256.8450012207031,257.3500061035156,249.8000030517578,250.19000244140625,541155.0
2025-04-08T13:30:00-04:00,250.3000030517578,254.86000061035156,249.89500427246094,250.48500061035156,629243.0
2025-04-08T14:30:00-04:00,250.5500030517578,254.49000549316406,245.3000030517578,248.52000427246094,571885.0
2025-04-08T15:30:00-04:00,248.38999938964844,252.3000030517578,245.58999633789062,251.42999267578125,855381.0
2025-04-09T09:30:00-04:00,249.4600067138672,258.1875,248.17999267578125,253.11500549316406,612896.0
2025-04-09T10:30:00-04:00,253.1300048828125,254.97000122070312,249.58999633789062,253.39500427246094,456924.0
2025-04-09T11:30:00-04:00,253.39999389648438,254.83999633789062,251.32000732421875,253.86000061035156,317522.0
2025-04-09T12:30:00-04:00,253.7487030029297,282.1600036621094,253.27000427246094,270.3500061035156,682683.0
2025-04-09T13:30:00-04:00,270.67999267578125,285.9800109863281,269.5,284.8999938964844,1135523.0
2025-04-09T14:30:00-04:00,284.1400146484375,286.6099853515625,277.45458984375,282.07000732421875,1105226.0
2025-04-09T15:30:00-04:00,281.9849853515625,286.3500061035156,281.6000061035156,283.3399963378906,1172316.0
2025-04-10T09:30:00-04:00,273.989990234375,275.17498779296875,267.760009765625,272.2200012207031,744171.0
2025-04-10T10:30:00-04:00,272.42498779296875,275.8999938964844,267.510009765625,267.7149963378906,546912.0
2025-04-10T11:30:00-04:00,267.54998779296875,268.6199951171875,261.56500244140625,262.7900085449219,609306.0
2025-04-10T12:30:00-04:00,262.739990234375,271.05999755859375,262.1300048828125,267.5799865722656,503062.0
2025-04-10T13:30:00-04:00,267.510009765625,272.18499755859375,266.8999938964844,271.4150085449219,549337.0
2025-04-10T14:30:00-04:00,271.5,273.79998779296875,269.7799987792969,269.7799987792969,754219.0
2025-04-10T15:30:00-04:00,269.81500244140625,272.5299987792969,265.82501220703125,270.6499938964844,781594.0
2025-04-11T09:30:00-04:00,268.4700012207031,271.9549865722656,265.0899963378906,267.42498779296875,440723.0
2025-04-11T10:30:00-04:00,267.42498779296875,273.82000732421875,267.04998779296875,270.8699951171875,477942.0
2025-04-11T11:30:00-04:00,270.6400146484375,272.70001220703125,270.3949890136719,272.1199951171875,290830.0
2025-04-11T12:30:00-04:00,272.3479919433594,275.7799072265625,272.04998779296875,273.625,456738.0
2025-04-11T13:30:00-04:00,273.8900146484375,278.6499938964844,272.67999267578125,276.1400146484375,416695.0
2025-04-11T14:30:00-04:00,276.260009765625,277.80999755859375,274.1499938964844,276.5150146484375,399250.0
2025-04-11T15:30:00-04:00,276.3800048828125,278.3800048828125,276.1199951171875,277.5199890136719,858934.0
2025-04-14T09:30:00-04:00,281.8699951171875,282.1000061035156,275.7699890136719,280.0165100097656,476497.0
2025-04-14T10:30:00-04:00,279.9100036621094,280.3399963378906,277.0799865722656,277.5450134277344,239450.0
2025-04-14T11:30:00-04:00,277.32000732421875,278.32000732421875,274.0849914550781,276.8599853515625,228951.0
2025-04-14T12:30:00-04:00,276.79998779296875,279.80499267578125,276.3699951171875,277.2850036621094,190271.0
2025-04-14T13:30:00-04:00,277.6000061035156,279.3500061035156,277.0050048828125,279.1099853515625,143405.0
2025-04-14T14:30:00-04:00,279.0400085449219,280.8999938964844,278.82000732421875,279.7900085449219,246809.0
2025-04-14T15:30:00-04:00,279.80999755859375,279.86248779296875,276.8299865722656,277.8299865722656,383426.0
2025-04-15T09:30:00-04:00,278.5,280.0450134277344,276.25,276.3900146484375,347065.0
2025-04-15T10:30:00-04:00,276.3299865722656,278.07000732421875,275.8299865722656,276.8450012207031,272311.0
2025-04-15T11:30:00-04:00,276.8450012207031,278.79998779296875,276.7300109863281,278.5,241986.0
2025-04-15T12:30:00-04:00,278.5,279.06500244140625,275.5002136230469,276.0849914550781,204859.0
2025-04-15T13:30:00-04:00,276.0899963378906,277.2099914550781,275.45001220703125,276.45001220703125,237736.0
2025-04-15T14:30:00-04:00,276.44000244140625,277.5,276.2449951171875,276.9800109863281,287799.0
2025-04-15T15:30:00-04:00,276.989990234375,277.6700134277344,276.4960021972656,276.9800109863281,380877.0
2025-04-16T09:30:00-04:00,272.44000244140625,276.20001220703125,271.1700134277344,273.010009765625,376126.0
2025-04-16T10:30:00-04:00,273.04998779296875,274.1700134277344,271.8500061035156,273.875,373488.0
2025-04-16T11:30:00-04:00,273.875,274.04998779296875,271.760009765625,272.0950012207031,363583.0
2025-04-16T12:30:00-04:00,272.1099853515625,272.5400085449219,270.92999267578125,272.1700134277344,318590.0
2025-04-16T13:30:00-04:00,272.1499938964844,272.1499938964844,266.82000732421875,268.31500244140625,595893.0
2025-04-16T14:30:00-04:00,268.30999755859375,268.31500244140625,264.82000732421875,265.19000244140625,436883.0
2025-04-16T15:30:00-04:00,265.18499755859375,269.4200134277344,265.18499755859375,269.0400085449219,520184.0
2025-04-17T09:30:00-04:00,272.0,272.0,265.9700012207031,266.19000244140625,556607.0
2025-04-17T10:30:00-04:00,266.2200012207031,269.9750061035156,266.1199951171875,268.9435119628906,325312.0
2025-04-17T11:30:00-04:00,268.94500732421875,270.2300109863281,267.9100036621094,269.760009765625,267770.0
2025-04-17T12:30:00-04:00,269.70001220703125,271.05999755859375,268.9100036621094,268.9100036621094,167642.0
2025-04-17T13:30:00-04:00,268.94000244140625,270.7298889160156,268.94000244140625,270.0,190152.0
2025-04-17T14:30:00-04:00,269.9750061035156,270.8446960449219,268.4150085449219,268.6300048828125,329748.0
2025-04-17T15:30:00-04:00,268.5899963378906,269.05999755859375,267.2049865722656,268.2699890136719,390103.0
2025-04-21T09:30:00-04:00,264.1199951171875,264.4599914550781,259.3399963378906,259.9700012207031,524692.0
2025-04-21T10:30:00-04:00,259.7699890136719,260.82000732421875,256.9599914550781,257.05999755859375,212873.0
2025-04-21T11:30:00-04:00,257.0,257.79998779296875,255.10000610351562,257.5400085449219,384011.0
2025-04-21T12:30:00-04:00,257.54998779296875,258.4775085449219,256.3699951171875,256.7799987792969,287160.0
2025-04-21T13:30:00-04:00,256.8949890136719,257.2860107421875,256.17999267578125,256.7200012207031,325578.0
2025-04-21T14:30:00-04:00,256.80999755859375,257.7300109863281,256.1700134277344,257.20001220703125,305661.0
2025-04-21T15:30:00-04:00,257.2200012207031,259.7799987792969,256.9700012207031,259.4200134277344,403351.0
2025-04-22T09:30:00-04:00,263.1499938964844,264.9599914550781,262.4107971191406,263.9576110839844,185105.0
2025-04-22T10:30:00-04:00,263.9599914550781,265.7200012207031,263.4849853515625,264.70001220703125,144854.0
2025-04-22T11:30:00-04:00,264.70001220703125,268.1400146484375,263.6199951171875,267.69000244140625,186465.0
2025-04-22T12:30:00-04:00,267.5199890136719,267.8999938964844,263.3691101074219,263.55499267578125,211961.0
2025-04-22T13:30:00-04:00,263.510009765625,267.489990234375,263.3299865722656,267.1600036621094,240275.0
2025-04-22T14:30:00-04:00,267.30999755859375,268.7900085449219,266.29998779296875,266.69000244140625,370706.0
2025-04-22T15:30:00-04:00,266.5950012207031,268.3399963378906,266.2699890136719,266.8299865722656,373334.0
2025-04-23T09:30:00-04:00,288.95001220703125,288.95001220703125,280.0,282.79998779296875,1154160.0
2025-04-23T10:30:00-04:00,282.6700134277344,285.3324890136719,279.3599853515625,279.7550048828125,410515.0
2025-04-23T11:30:00-04:00,279.7550048828125,280.70001220703125,275.82000732421875,277.1300048828125,213793.0
2025-04-23T12:30:00-04:00,277.0,281.2699890136719,276.8800048828125,279.37249755859375,254606.0
2025-04-23T13:30:00-04:00,279.4049987792969,279.7598876953125,277.45001220703125,277.989990234375,172754.0
2025-04-23T14:30:00-04:00,278.114990234375,278.6600036621094,275.2699890136719,275.80999755859375,258146.0
2025-04-23T15:30:00-04:00,275.7699890136719,276.8999938964844,274.93499755859375,275.5400085449219,335402.0
2025-04-24T09:30:00-04:00,277.6000061035156,283.3299865722656,275.9800109863281,282.32000732421875,466911.0
2025-04-24T10:30:00-04:00,282.04998779296875,284.67498779296875,281.7950134277344,283.42999267578125,266841.0
2025-04-24T11:30:00-04:00,283.2850036621094,284.3500061035156,282.489990234375,283.7200012207031,326536.0
2025-04-24T12:30:00-04:00,283.9700012207031,285.79998779296875,283.9100036621094,285.4800109863281,187057.0
2025-04-24T13:30:00-04:00,285.8999938964844,286.9100036621094,284.80999755859375,285.7049865722656,263861.0
2025-04-24T14:30:00-04:00,285.7049865722656,287.0,285.510009765625,286.2049865722656,362449.0
2025-04-24T15:30:00-04:00,286.19500732421875,288.260009765625,285.45001220703125,287.1099853515625,435980.0
2025-04-25T09:30:00-04:00,285.7699890136719,290.5400085449219,285.7699890136719,286.80499267578125,302242.0
2025-04-25T10:30:00-04:00,286.8399963378906,289.0,286.0950012207031,286.9700012207031,201417.0
2025-04-25T11:30:00-04:00,286.8900146484375,288.55999755859375,286.4599914550781,288.2699890136719,220820.0
2025-04-25T12:30:00-04:00,288.3550109863281,290.8800048828125,288.23199462890625,290.69000244140625,253022.0
2025-04-25T13:30:00-04:00,290.68499755859375,290.8800048828125,286.7576904296875,289.135009765625,315543.0
2025-04-25T14:30:00-04:00,289.1300048828125,290.0350036621094,288.7001037597656,288.82000732421875,272173.0
2025-04-25T15:30:00-04:00,288.8349914550781,289.0400085449219,287.760009765625,288.95001220703125,293887.0
2025-04-28T09:30:00-04:00,288.05999755859375,293.1099853515625,288.05999755859375,292.4200134277344,421194.0
2025-04-28T10:30:00-04:00,292.7300109863281,293.5400085449219,288.1000061035156,288.4549865722656,292043.0
2025-04-28T11:30:00-04:00,288.4150085449219,289.67999267578125,283.260009765625,283.42999267578125,614159.0
2025-04-28T12:30:00-04:00,283.4700012207031,285.5,283.1099853515625,283.81500244140625,299080.0
2025-04-28T13:30:00-04:00,283.81500244140625,286.29998779296875,283.81500244140625,285.82000732421875,215248.0
2025-04-28T14:30:00-04:00,285.72100830078125,288.81500244140625,285.45001220703125,288.17498779296875,283809.0
2025-04-28T15:30:00-04:00,288.3399963378906,289.20001220703125,287.2799987792969,287.739990234375,305946.0
2025-04-29T09:30:00-04:00,287.9700012207031,289.5249938964844,284.82000732421875,284.82501220703125,239514.0
2025-04-29T10:30:00-04:00,284.8500061035156,288.6499938964844,284.8299865722656,288.1600036621094,132990.0
2025-04-29T11:30:00-04:00,287.9601135253906,289.489990234375,286.82000732421875,289.2699890136719,177807.0
2025-04-29T12:30:00-04:00,289.20001220703125,289.5799865722656,287.4200134277344,288.9671936035156,157723.0
2025-04-29T13:30:00-04:00,288.9375,291.17999267578125,288.8778076171875,290.5150146484375,244856.0
2025-04-29T14:30:00-04:00,290.5,291.32000732421875,290.19000244140625,290.44000244140625,268412.0
2025-04-29T15:30:00-04:00,290.5299987792969,291.69000244140625,290.05999755859375,290.6400146484375,326397.0
2025-04-30T09:30:00-04:00,284.4200134277344,288.19000244140625,283.0,287.4700012207031,544912.0
2025-04-30T10:30:00-04:00,287.5,289.3500061035156,286.739990234375,288.6600036621094,181557.0
2025-04-30T11:30:00-04:00,288.8599853515625,290.3599853515625,288.57000732421875,288.67498779296875,188751.0
2025-04-30T12:30:00-04:00,288.8004150390625,289.80999755859375,287.9100036621094,289.739990234375,97127.0
2025-04-30T13:30:00-04:00,289.5899963378906,291.375,289.5,290.67999267578125,187290.0
2025-04-30T14:30:00-04:00,290.635009765625,290.95001220703125,289.67779541015625,289.7099914550781,212998.0
2025-04-30T15:30:00-04:00,289.739990234375,295.1000061035156,289.6600036621094,294.17999267578125,484509.0
2025-05-01T09:30:00-04:00,302.0,305.1199951171875,300.24688720703125,304.8949890136719,1031286.0
2025-05-01T10:30:00-04:00,304.8999938964844,306.1000061035156,303.5799865722656,305.5350036621094,787845.0
2025-05-01T11:30:00-04:00,305.70001220703125,306.07049560546875,302.239990234375,303.1600036621094,441980.0
2025-05-01T12:30:00-04:00,303.1300048828125,304.7900085449219,302.0,303.3450012207031,290165.0
2025-05-01T13:30:00-04:00,303.2799987792969,303.7799987792969,301.00799560546875,302.3900146484375,349645.0
2025-05-01T14:30:00-04:00,302.44000244140625,303.7799987792969,302.2699890136719,303.55999755859375,513942.0
2025-05-01T15:30:00-04:00,303.6300048828125,304.4049987792969,301.6099853515625,302.0350036621094,687740.0
2025-05-02T09:30:00-04:00,293.7200012207031,296.79998779296875,286.6000061035156,296.7699890136719,1412362.0
2025-05-02T10:30:00-04:00,296.6600036621094,297.6340026855469,293.75,294.5799865722656,424856.0
2025-05-02T11:30:00-04:00,294.5799865722656,300.0150146484375,294.2900085449219,299.55218505859375,689928.0
2025-05-02T12:30:00-04:00,299.7149963378906,302.2699890136719,299.4049987792969,302.1199951171875,720804.0
2025-05-02T13:30:00-04:00,302.010009765625,303.8699951171875,301.5299987792969,303.6199951171875,688142.0
2025-05-02T14:30:00-04:00,303.6700134277344,303.9659118652344,301.7300109863281,303.0199890136719,802551.0
2025-05-02T15:30:00-04:00,302.9800109863281,303.4200134277344,299.1449890136719,299.614990234375,811505.0
2025-05-05T09:30:00-04:00,296.1700134277344,301.0,293.07000732421875,299.7744140625,337891.0
2025-05-05T10:30:00-04:00,299.7799987792969,301.05999755859375,298.7799987792969,300.0899963378906,227554.0
2025-05-05T11:30:00-04:00,300.1700134277344,301.2900085449219,299.489990234375,300.54998779296875,130004.0
2025-05-05T12:30:00-04:00,300.54998779296875,301.2900085449219,299.1600036621094,299.67999267578125,184117.0
2025-05-05T13:30:00-04:00,299.67999267578125,301.1300048828125,299.67999267578125,300.6449890136719,172703.0
2025-05-05T14:30:00-04:00,300.6400146484375,301.510009765625,299.8399963378906,300.3800048828125,236376.0
2025-05-05T15:30:00-04:00,300.3399963378906,300.5299987792969,298.42999267578125,298.5799865722656,395916.0
2025-05-06T09:30:00-04:00,296.2799987792969,299.6299133300781,296.08770751953125,298.1099853515625,381697.0
2025-05-06T10:30:00-04:00,298.2699890136719,299.1700134277344,297.2699890136719,298.8500061035156,215063.0
2025-05-06T11:30:00-04:00,298.80999755859375,301.25,298.3699951171875,298.6199951171875,278601.0
2025-05-06T12:30:00-04:00,298.67999267578125,298.885009765625,296.38751220703125,297.5899963378906,154679.0
2025-05-06T13:30:00-04:00,297.4700012207031,299.0,296.760009765625,298.68499755859375,200361.0
2025-05-06T14:30:00-04:00,298.69500732421875,299.92999267578125,298.57000732421875,299.4150085449219,237869.0
2025-05-06T15:30:00-04:00,299.510009765625,299.739990234375,297.8999938964844,298.0,372586.0
2025-05-07T09:30:00-04:00,299.510009765625,300.7300109863281,296.92999267578125,300.7300109863281,302986.0
2025-05-07T10:30:00-04:00,300.7550048828125,301.8500061035156,299.5050048828125,300.5400085449219,236011.0
2025-05-07T11:30:00-04:00,300.489990234375,301.44000244140625,300.20001220703125,300.9849853515625,135380.0
2025-05-07T12:30:00-04:00,300.93829345703125,302.67999267578125,300.9200134277344,302.4700012207031,125076.0
2025-05-07T13:30:00-04:00,302.44500732421875,302.8900146484375,299.635009765625,300.4849853515625,202212.0
2025-05-07T14:30:00-04:00,300.42999267578125,302.375,299.8399963378906,300.2799987792969,213387.0
2025-05-07T15:30:00-04:00,300.260009765625,303.2950134277344,299.8399963378906,302.1300048828125,398008.0
2025-05-08T09:30:00-04:00,304.5400085449219,306.8500061035156,304.2200012207031,306.16949462890625,308740.0
2025-05-08T10:30:00-04:00,306.0400085449219,308.2799987792969,304.85009765625,307.260009765625,220848.0
2025-05-08T11:30:00-04:00,307.44000244140625,309.9150085449219,307.0299987792969,309.2099914550781,239829.0
2025-05-08T12:30:00-04:00,309.2099914550781,309.739990234375,308.760009765625,309.32000732421875,176845.0
2025-05-08T13:30:00-04:00,309.260009765625,310.0,308.4800109863281,309.04998779296875,162600.0
2025-05-08T14:30:00-04:00,309.1700134277344,309.95001220703125,308.67999267578125,309.92498779296875,196232.0
2025-05-08T15:30:00-04:00,309.8599853515625,310.0,307.0,307.1199951171875,400150.0
2025-05-09T09:30:00-04:00,309.67999267578125,311.70001220703125,306.8638916015625,307.17999267578125,312226.0
2025-05-09T10:30:00-04:00,307.1099853515625,308.7900085449219,306.7699890136719,308.20001220703125,239495.0
2025-05-09T11:30:00-04:00,308.1000061035156,309.4100036621094,307.80999755859375,308.25,204325.0
2025-05-09T12:30:00-04:00,308.05999755859375,310.19000244140625,308.0199890136719,309.94000244140625,268780.0
2025-05-09T13:30:00-04:00,309.94000244140625,310.9599914550781,309.1119079589844,309.2200012207031,171670.0
2025-05-09T14:30:00-04:00,309.2900085449219,310.6400146484375,309.2900085449219,309.9750061035156,194357.0
2025-05-09T15:30:00-04:00,309.8299865722656,310.489990234375,309.5,309.8800048828125,363024.0
2025-05-12T09:30:00-04:00,324.95001220703125,324.95001220703125,319.8500061035156,320.239990234375,697094.0
2025-05-12T10:30:00-04:00,320.32000732421875,322.6600036621094,319.1499938964844,321.4100036621094,448006.0
2025-05-12T11:30:00-04:00,321.1990966796875,322.6000061035156,320.0199890136719,321.79998779296875,263007.0
2025-05-12T12:30:00-04:00,321.92999267578125,323.6299133300781,321.6400146484375,323.25,220039.0
2025-05-12T13:30:00-04:00,323.25,323.8500061035156,322.70001220703125,323.7200012207031,268763.0
2025-05-12T14:30:00-04:00,323.760009765625,323.9800109863281,322.2699890136719,322.3299865722656,351701.0
2025-05-12T15:30:00-04:00,322.2799987792969,322.5299987792969,321.6000061035156,322.25,551477.0
2025-05-13T09:30:00-04:00,323.69000244140625,330.07501220703125,322.2900085449219,328.69000244140625,571583.0
2025-05-13T10:30:00-04:00,328.6600036621094,331.760009765625,327.3371887207031,330.9150085449219,340428.0
2025-05-13T11:30:00-04:00,330.9150085449219,333.9599914550781,330.7099914550781,332.0,386041.0
2025-05-13T12:30:00-04:00,331.8699951171875,332.9750061035156,330.9700012207031,331.95001220703125,427002.0
2025-05-13T13:30:00-04:00,331.93499755859375,332.7900085449219,331.3399963378906,332.510009765625,273682.0
2025-05-13T14:30:00-04:00,332.5400085449219,333.4549865722656,332.25860595703125,332.79998779296875,326991.0
2025-05-13T15:30:00-04:00,332.79998779296875,333.3800048828125,330.6300048828125,330.6300048828125,605287.0
2025-05-14T09:30:00-04:00,330.6300048828125,333.9800109863281,330.1000061035156,330.8500061035156,382271.0
2025-05-14T10:30:00-04:00,330.9649963378906,331.70001220703125,329.739990234375,331.6099853515625,225824.0
2025-05-14T11:30:00-04:00,331.5299987792969,331.760009765625,329.5350036621094,329.55841064453125,152564.0
2025-05-14T12:30:00-04:00,329.5994873046875,330.2449951171875,328.2699890136719,329.0400085449219,131103.0
2025-05-14T13:30:00-04:00,329.0400085449219,330.1499938964844,328.92999267578125,329.20001220703125,159171.0
2025-05-14T14:30:00-04:00,329.2900085449219,330.2925109863281,329.12921142578125,329.4200134277344,195321.0
2025-05-14T15:30:00-04:00,329.3999938964844,330.1300048828125,328.9200134277344,329.1099853515625,283950.0
2025-05-15T09:30:00-04:00,326.75,330.82000732421875,326.75,328.42999267578125,323654.0
2025-05-15T10:30:00-04:00,328.2749938964844,328.9599914550781,327.3299865722656,328.114990234375,302111.0
2025-05-15T11:30:00-04:00,328.114990234375,329.2900085449219,327.61138916015625,328.5299987792969,304033.0
2025-05-15T12:30:00-04:00,328.4750061035156,329.3900146484375,328.4132995605469,329.19000244140625,144502.0
2025-05-15T13:30:00-04:00,329.1300048828125,329.54998779296875,328.29998779296875,329.3299865722656,185744.0
2025-05-15T14:30:00-04:00,329.2200012207031,330.04998779296875,328.3299865722656,328.3500061035156,228736.0
2025-05-15T15:30:00-04:00,328.55499267578125,328.5625,326.2099914550781,326.7799987792969,513269.0
2025-05-16T09:30:00-04:00,328.4200134277344,328.4200134277344,325.1199951171875,326.6400146484375,443639.0
2025-05-16T10:30:00-04:00,326.6099853515625,326.70001220703125,325.1700134277344,326.5450134277344,278968.0
2025-05-16T11:30:00-04:00,326.5450134277344,327.8999938964844,326.45001220703125,327.69500732421875,182712.0
2025-05-16T12:30:00-04:00,327.635009765625,328.82000732421875,327.510009765625,328.3349914550781,152607.0
2025-05-16T13:30:00-04:00,328.3399963378906,328.8175048828125,328.1343078613281,328.4849853515625,100041.0
2025-05-16T14:30:00-04:00,328.4200134277344,329.2049865722656,328.2900085449219,328.7300109863281,147125.0
2025-05-16T15:30:00-04:00,328.7300109863281,329.5,328.510009765625,329.0,336447.0
2025-05-19T09:30:00-04:00,323.2200012207031,328.8599853515625,322.20001220703125,327.3299865722656,295176.0
2025-05-19T10:30:00-04:00,327.32000732421875,328.1600036621094,326.8529052734375,326.9800109863281,133605.0
2025-05-19T11:30:00-04:00,326.8599853515625,328.3699951171875,326.8399963378906,328.1650085449219,147501.0
2025-05-19T12:30:00-04:00,328.1650085449219,329.8699951171875,327.760009765625,329.3500061035156,209424.0
2025-05-19T13:30:00-04:00,329.42498779296875,329.54998779296875,328.4700012207031,329.0050048828125,121197.0
2025-05-19T14:30:00-04:00,328.9949951171875,329.57000732421875,328.19000244140625,328.3550109863281,154725.0
2025-05-19T15:30:00-04:00,328.4200134277344,329.4599914550781,328.3800048828125,329.32000732421875,185775.0
2025-05-20T09:30:00-04:00,326.5299987792969,329.67999267578125,325.5,329.2550048828125,283554.0
2025-05-20T10:30:00-04:00,329.135009765625,330.05499267578125,328.69000244140625,329.32000732421875,159236.0
2025-05-20T11:30:00-04:00,329.20001220703125,329.6400146484375,328.1199951171875,328.3599853515625,190590.0
2025-05-20T12:30:00-04:00,328.489990234375,328.9800109863281,328.1400146484375,328.7699890136719,118980.0
2025-05-20T13:30:00-04:00,328.80999755859375,328.9200134277344,326.760009765625,326.760009765625,119882.0
2025-05-20T14:30:00-04:00,326.7300109863281,327.69000244140625,326.4800109863281,327.0,169915.0
2025-05-20T15:30:00-04:00,327.00750732421875,328.42999267578125,327.00750732421875,328.260009765625,262750.0
2025-05-21T09:30:00-04:00,324.6000061035156,328.5199890136719,324.6000061035156,327.5824890136719,188877.0
2025-05-21T10:30:00-04:00,327.3999938964844,328.7200012207031,326.9800109863281,328.3949890136719,101669.0
2025-05-21T11:30:00-04:00,328.42498779296875,329.5199890136719,328.2699890136719,329.1000061035156,134961.0
2025-05-21T12:30:00-04:00,329.17498779296875,329.8999938964844,324.3550109863281,324.3550109863281,185208.0
2025-05-21T13:30:00-04:00,324.1499938964844,326.0950012207031,323.7799987792969,324.6199951171875,158215.0
2025-05-21T14:30:00-04:00,324.43450927734375,325.4200134277344,322.2900085449219,322.3699951171875,207334.0
2025-05-21T15:30:00-04:00,322.4700012207031,323.6099853515625,322.010009765625,322.010009765625,286105.0
2025-05-22T09:30:00-04:00,319.9599914550781,322.4100036621094,315.7099914550781,321.07000732421875,363289.0
2025-05-22T10:30:00-04:00,321.1300048828125,322.2799987792969,319.9549865722656,320.9599914550781,261469.0
2025-05-22T11:30:00-04:00,321.1600036621094,322.6700134277344,320.8999938964844,321.7200012207031,126232.0
2025-05-22T12:30:00-04:00,321.7900085449219,322.1300048828125,320.7850036621094,321.8999938964844,92771.0
2025-05-22T13:30:00-04:00,321.8999938964844,323.3900146484375,321.627197265625,322.79998779296875,147767.0
2025-05-22T14:30:00-04:00,322.8299865722656,323.54998779296875,322.7601013183594,323.5249938964844,161959.0
2025-05-22T15:30:00-04:00,323.54998779296875,323.7449951171875,320.75,321.0799865722656,250997.0
2025-05-23T09:30:00-04:00,315.19000244140625,320.2550048828125,312.91241455078125,318.7850036621094,313666.0
2025-05-23T10:30:00-04:00,318.989990234375,320.20001220703125,318.1099853515625,319.3699951171875,172018.0
2025-05-23T11:30:00-04:00,319.3800048828125,320.0799865722656,318.69000244140625,319.9700012207031,119604.0
2025-05-23T12:30:00-04:00,319.94989013671875,321.7398986816406,319.55499267578125,321.6400146484375,101148.0
2025-05-23T13:30:00-04:00,321.5299987792969,322.7250061035156,321.17401123046875,321.875,132054.0
2025-05-23T14:30:00-04:00,322.0400085449219,322.8900146484375,321.25,321.4599914550781,148504.0
2025-05-23T15:30:00-04:00,321.44000244140625,322.1549987792969,320.5299987792969,321.05999755859375,216379.0
2025-05-27T09:30:00-04:00,324.7200012207031,328.3399963378906,323.3699951171875,327.9800109863281,336668.0
2025-05-27T10:30:00-04:00,327.8900146484375,327.9800109863281,326.9150085449219,327.4599914550781,139570.0
2025-05-27T11:30:00-04:00,327.3999938964844,328.92999267578125,327.3999938964844,328.32501220703125,160742.0
2025-05-27T12:30:00-04:00,328.3299865722656,328.7749938964844,327.9700012207031,328.2200012207031,93514.0
2025-05-27T13:30:00-04:00,328.29998779296875,328.8399963378906,327.9599914550781,328.6000061035156,179582.0
2025-05-27T14:30:00-04:00,328.5899963378906,328.7699890136719,328.0400085449219,328.2099914550781,151726.0
2025-05-27T15:30:00-04:00,328.2099914550781,328.3399963378906,327.70001220703125,328.3399963378906,219830.0
2025-05-28T09:30:00-04:00,329.1199951171875,330.0,327.32000732421875,327.5899963378906,287692.0
2025-05-28T10:30:00-04:00,327.5,327.7900085449219,326.8500061035156,327.239990234375,182677.0
2025-05-28T11:30:00-04:00,327.0400085449219,327.8500061035156,326.7950134277344,327.6099853515625,150756.0
2025-05-28T12:30:00-04:00,327.55499267578125,327.7799987792969,327.1000061035156,327.2049865722656,128380.0
2025-05-28T13:30:00-04:00,327.1131896972656,327.55999755859375,326.7799987792969,327.125,132847.0
2025-05-28T14:30:00-04:00,327.125,327.6600036621094,325.856689453125,326.2300109863281,197282.0
2025-05-28T15:30:00-04:00,326.2349853515625,326.4200134277344,324.9100036621094,325.5799865722656,341202.0
2025-05-29T09:30:00-04:00,329.8999938964844,330.7900085449219,323.3399963378906,324.260009765625,408259.0
2025-05-29T10:30:00-04:00,324.2300109863281,326.04998779296875,323.57000732421875,325.80499267578125,175578.0
2025-05-29T11:30:00-04:00,325.57000732421875,325.760009765625,323.75,325.6700134277344,118976.0
2025-05-29T12:30:00-04:00,325.635009765625,326.1099853515625,324.70001220703125,324.7200012207031,90327.0
2025-05-29T13:30:00-04:00,324.75,325.2900085449219,324.0400085449219,324.3399963378906,172710.0
2025-05-29T14:30:00-04:00,324.3349914550781,324.9100036621094,324.1557922363281,324.3800048828125,123942.0
2025-05-29T15:30:00-04:00,324.3299865722656,325.4049987792969,324.2749938964844,324.6600036621094,289177.0
2025-05-30T09:30:00-04:00,322.04998779296875,323.5,319.3500061035156,321.4049987792969,381930.0
2025-05-30T10:30:00-04:00,321.4800109863281,322.29998779296875,320.0849914550781,321.2300109863281,215541.0
2025-05-30T11:30:00-04:00,321.1199951171875,321.1700134277344,318.3299865722656,318.489990234375,221566.0
2025-05-30T12:30:00-04:00,318.5400085449219,319.2200012207031,316.80999755859375,318.9700012207031,310164.0
2025-05-30T13:30:00-04:00,319.07000732421875,320.2300109863281,318.6650085449219,319.9100036621094,278424.0
2025-05-30T14:30:00-04:00,319.9849853515625,321.55999755859375,319.6099853515625,321.5400085449219,191416.0
2025-05-30T15:30:00-04:00,321.44000244140625,321.760009765625,320.1199951171875,320.1700134277344,509865.0
2025-06-02T09:30:00-04:00,319.4800109863281,319.9100036621094,311.8999938964844,316.6000061035156,481092.0
2025-06-02T10:30:00-04:00,316.5,317.6700134277344,316.42999267578125,316.80999755859375,175159.0
2025-06-02T11:30:00-04:00,316.95001220703125,318.1050109863281,316.1199951171875,316.5199890136719,124672.0
2025-06-02T12:30:00-04:00,316.5299987792969,317.29730224609375,316.07000732421875,317.0517883300781,112307.0
2025-06-02T13:30:00-04:00,317.0299987792969,318.8900146484375,316.9700012207031,318.69000244140625,164391.0
2025-06-02T14:30:00-04:00,318.6600036621094,319.56500244140625,318.3500061035156,319.4189147949219,153312.0
2025-06-02T15:30:00-04:00,319.42999267578125,319.42999267578125,318.80999755859375,318.8900146484375,271165.0
2025-06-03T09:30:00-04:00,322.9599914550781,324.6600036621094,321.0899963378906,324.6400146484375,289724.0
2025-06-03T10:30:00-04:00,324.5249938964844,325.9798889160156,323.8634948730469,325.4200134277344,164837.0
2025-06-03T11:30:00-04:00,325.4800109863281,327.2349853515625,325.4800109863281,327.0599060058594,194553.0
2025-06-03T12:30:00-04:00,326.9700012207031,327.6600036621094,326.4800109863281,327.05999755859375,196962.0
2025-06-03T13:30:00-04:00,327.07000732421875,327.1400146484375,324.6700134277344,325.5950012207031,225786.0
2025-06-03T14:30:00-04:00,325.69000244140625,325.773193359375,325.0400085449219,325.7349853515625,202444.0
2025-06-03T15:30:00-04:00,325.80999755859375,326.30999755859375,325.3800048828125,325.8450012207031,297211.0
2025-06-04T09:30:00-04:00,327.0,329.67999267578125,325.5299987792969,328.0400085449219,227535.0
2025-06-04T10:30:00-04:00,327.9649963378906,328.55999755859375,327.1000061035156,327.3500061035156,145425.0
2025-06-04T11:30:00-04:00,327.3399963378906,328.0799865722656,326.99969482421875,327.3299865722656,129812.0
2025-06-04T12:30:00-04:00,327.3299865722656,328.2099914550781,327.293212890625,328.2099914550781,125394.0
2025-06-04T13:30:00-04:00,328.1650085449219,328.92999267578125,327.9200134277344,328.6300048828125,108719.0
2025-06-04T14:30:00-04:00,328.6300048828125,328.75,327.7799987792969,328.4750061035156,214752.0
2025-06-04T15:30:00-04:00,328.3599853515625,328.7900085449219,327.05999755859375,327.07000732421875,351739.0
2025-06-05T09:30:00-04:00,328.8699951171875,328.92498779296875,324.5111999511719,325.5799865722656,196244.0
2025-06-05T10:30:00-04:00,325.69000244140625,327.1099853515625,324.44000244140625,326.94000244140625,160878.0
2025-06-05T11:30:00-04:00,326.94000244140625,328.7699890136719,326.9200134277344,327.67498779296875,177099.0
2025-06-05T12:30:00-04:00,327.7099914550781,327.79998779296875,324.8399963378906,326.6050109863281,109951.0
2025-06-05T13:30:00-04:00,326.656005859375,327.8800048828125,325.7699890136719,326.6105041503906,151573.0
2025-06-05T14:30:00-04:00,326.69500732421875,327.6300048828125,324.5400085449219,325.489990234375,247466.0
2025-06-05T15:30:00-04:00,325.57000732421875,327.57000732421875,325.57000732421875,326.760009765625,240582.0
2025-06-06T09:30:00-04:00,330.0,333.5,329.7749938964844,331.92999267578125,544184.0
2025-06-06T10:30:00-04:00,331.7799987792969,332.68890380859375,330.2799987792969,331.2200012207031,254423.0
2025-06-06T11:30:00-04:00,331.2099914550781,331.9599914550781,330.6962890625,331.07501220703125,214343.0
2025-06-06T12:30:00-04:00,331.05999755859375,331.45001220703125,330.2300109863281,330.760009765625,166284.0
2025-06-06T13:30:00-04:00,330.82000732421875,331.3550109863281,330.44000244140625,331.239990234375,124800.0
2025-06-06T14:30:00-04:00,331.3399963378906,331.8599853515625,330.69000244140625,331.5150146484375,234448.0
2025-06-06T15:30:00-04:00,331.4549865722656,332.0400085449219,331.17999267578125,331.489990234375,351202.0
2025-06-09T09:30:00-04:00,332.010009765625,333.20001220703125,329.0899963378906,332.8399963378906,234382.0
2025-06-09T10:30:00-04:00,332.9599914550781,333.3599853515625,328.8800048828125,329.260009765625,230269.0
2025-06-09T11:30:00-04:00,329.3299865722656,329.8699951171875,328.3999938964844,328.9150085449219,161771.0
2025-06-09T12:30:00-04:00,328.9049987792969,329.6000061035156,328.510009765625,329.3900146484375,118781.0
2025-06-09T13:30:00-04:00,329.3800048828125,329.69500732421875,328.6300048828125,328.8399963378906,115894.0
2025-06-09T14:30:00-04:00,328.739990234375,328.8399963378906,327.2799987792969,327.3349914550781,142397.0
2025-06-09T15:30:00-04:00,327.2799987792969,327.2950134277344,325.4599914550781,325.54998779296875,324016.0
2025-06-10T09:30:00-04:00,327.5,327.5,322.8599853515625,324.20001220703125,228539.0
2025-06-10T10:30:00-04:00,324.0299987792969,324.05999755859375,319.3999938964844,320.1300048828125,259355.0
2025-06-10T11:30:00-04:00,320.0,322.5,318.760009765625,322.3900146484375,174779.0
2025-06-10T12:30:00-04:00,322.2900085449219,323.92999267578125,322.2900085449219,323.10650634765625,110426.0
2025-06-10T13:30:00-04:00,322.8399963378906,323.2300109863281,321.7349853515625,322.260009765625,131288.0
2025-06-10T14:30:00-04:00,322.489990234375,324.260009765625,322.375,324.1570129394531,173200.0
2025-06-10T15:30:00-04:00,324.2250061035156,324.6099853515625,323.2300109863281,324.260009765625,287587.0
2025-06-11T09:30:00-04:00,323.8599853515625,325.6000061035156,320.30999755859375,325.44000244140625,299032.0
2025-06-11T10:30:00-04:00,325.54998779296875,326.8900146484375,325.260009765625,326.3550109863281,126083.0
2025-06-11T11:30:00-04:00,326.3550109863281,326.7699890136719,324.8399963378906,325.7900085449219,141120.0
2025-06-11T12:30:00-04:00,325.7099914550781,327.5950012207031,325.2099914550781,327.44000244140625,132591.0
2025-06-11T13:30:00-04:00,327.4150085449219,327.864990234375,324.42999267578125,325.6199951171875,149221.0
2025-06-11T14:30:00-04:00,325.3599853515625,326.4371032714844,324.8900146484375,325.1300048828125,131620.0
2025-06-11T15:30:00-04:00,325.0450134277344,325.8699951171875,324.67999267578125,325.7099914550781,214473.0
2025-06-12T09:30:00-04:00,322.9800109863281,328.7300109863281,322.45489501953125,328.1600036621094,268891.0
2025-06-12T10:30:00-04:00,328.1300048828125,329.2699890136719,328.0,328.9200134277344,194505.0
2025-06-12T11:30:00-04:00,329.07000732421875,331.17999267578125,328.635009765625,330.8299865722656,204205.0
2025-06-12T12:30:00-04:00,330.7300109863281,331.42999267578125,330.17999267578125,330.2789001464844,189343.0
2025-06-12T13:30:00-04:00,330.375,331.25,330.05999755859375,330.489990234375,175158.0
2025-06-12T14:30:00-04:00,330.42498779296875,330.8949890136719,330.114990234375,330.4599914550781,168765.0
2025-06-12T15:30:00-04:00,330.4800109863281,330.5400085449219,329.29998779296875,330.4599914550781,331451.0
2025-06-13T09:30:00-04:00,324.489990234375,328.1400146484375,324.1654968261719,324.8699951171875,248535.0
2025-06-13T10:30:00-04:00,325.05999755859375,328.07000732421875,324.8800048828125,327.7099914550781,119556.0
2025-06-13T11:30:00-04:00,327.67999267578125,328.4150085449219,327.30999755859375,327.4150085449219,109885.0
2025-06-13T12:30:00-04:00,327.4200134277344,327.8299865722656,326.1600036621094,326.3599853515625,127218.0
2025-06-13T13:30:00-04:00,326.3500061035156,326.70001220703125,323.8299865722656,323.8299865722656,97779.0
2025-06-13T14:30:00-04:00,323.885009765625,324.1700134277344,322.70001220703125,323.1000061035156,195466.0
2025-06-13T15:30:00-04:00,323.0799865722656,323.7099914550781,322.31060791015625,323.55999755859375,356656.0
2025-06-16T09:30:00-04:00,330.0899963378906,337.04998779296875,328.2950134277344,336.69000244140625,676315.0
2025-06-16T10:30:00-04:00,336.6499938964844,338.8699951171875,335.8800048828125,337.6000061035156,391825.0
2025-06-16T11:30:00-04:00,337.45001220703125,339.510009765625,337.1600036621094,339.1400146484375,283162.0
2025-06-16T12:30:00-04:00,339.2300109863281,339.3550109863281,337.8900146484375,339.1700134277344,243592.0
2025-06-16T13:30:00-04:00,339.30999755859375,339.7049865722656,338.4100036621094,338.69989013671875,223733.0
2025-06-16T14:30:00-04:00,338.6449890136719,339.25,338.05999755859375,338.05999755859375,404247.0
2025-06-16T15:30:00-04:00,338.1000061035156,339.427490234375,337.5199890136719,337.8599853515625,750390.0
2025-06-17T09:30:00-04:00,336.8900146484375,338.3500061035156,335.2300109863281,336.0400085449219,345842.0
2025-06-17T10:30:00-04:00,336.1499938964844,336.4150085449219,333.70001220703125,333.82000732421875,180339.0
2025-06-17T11:30:00-04:00,333.94000244140625,335.0474853515625,333.7699890136719,334.3399963378906,244967.0
2025-06-17T12:30:00-04:00,334.3349914550781,334.75,331.6499938964844,331.80499267578125,149152.0
2025-06-17T13:30:00-04:00,331.8450012207031,332.17999267578125,330.09820556640625,330.625,147369.0
2025-06-17T14:30:00-04:00,330.625,331.4599914550781,330.54010009765625,330.7799987792969,183976.0
2025-06-17T15:30:00-04:00,330.909912109375,330.909912109375,329.82000732421875,330.3900146484375,309478.0
2025-06-18T09:30:00-04:00,329.8500061035156,338.05999755859375,329.79998779296875,337.5450134277344,646363.0
2025-06-18T10:30:00-04:00,337.5450134277344,337.7200012207031,335.59619140625,336.6025085449219,408956.0
2025-06-18T11:30:00-04:00,336.5899963378906,337.29998779296875,336.1300048828125,336.4800109863281,172989.0
2025-06-18T12:30:00-04:00,336.4599914550781,337.06500244140625,335.8999938964844,336.5199890136719,126620.0
2025-06-18T13:30:00-04:00,336.4674987792969,336.6000061035156,334.6510009765625,336.0950012207031,294111.0
2025-06-18T14:30:00-04:00,336.010009765625,338.1600036621094,334.7900085449219,335.7900085449219,348486.0
2025-06-18T15:30:00-04:00,335.5899963378906,335.989990234375,333.75,334.7300109863281,535987.0
2025-06-20T09:30:00-04:00,335.6600036621094,338.0,330.7900085449219,333.135009765625,626075.0
2025-06-20T10:30:00-04:00,332.95001220703125,334.42999267578125,331.79998779296875,334.0050048828125,252586.0
2025-06-20T11:30:00-04:00,334.32000732421875,335.20001220703125,333.6000061035156,334.2200012207031,144061.0
2025-06-20T12:30:00-04:00,334.32000732421875,334.69500732421875,331.92498779296875,331.94000244140625,110477.0
2025-06-20T13:30:00-04:00,331.8599853515625,332.44000244140625,331.3599853515625,332.0050048828125,142571.0
2025-06-20T14:30:00-04:00,332.1300048828125,332.1300048828125,330.8800048828125,331.2950134277344,207748.0
2025-06-20T15:30:00-04:00,331.239990234375,332.4599914550781,331.05999755859375,331.2799987792969,452736.0
2025-06-23T09:30:00-04:00,331.32000732421875,332.42999267578125,328.9800109863281,331.0,210429.0
2025-06-23T10:30:00-04:00,330.9849853515625,330.9849853515625,329.0,329.1499938964844,132137.0
2025-06-23T11:30:00-04:00,328.92999267578125,329.6099853515625,326.5199890136719,326.5450134277344,170208.0
2025-06-23T12:30:00-04:00,326.4700012207031,330.57000732421875,324.3800048828125,330.57000732421875,200145.0
2025-06-23T13:30:00-04:00,330.7300109863281,331.5,330.6199951171875,331.19000244140625,108119.0
2025-06-23T14:30:00-04:00,331.260009765625,332.5899963378906,331.2550048828125,332.0199890136719,131196.0
2025-06-23T15:30:00-04:00,332.0199890136719,333.45001220703125,331.8804016113281,332.9599914550781,213377.0
2025-06-24T09:30:00-04:00,335.2950134277344,339.4700012207031,335.2950134277344,338.1000061035156,424310.0
2025-06-24T10:30:00-04:00,338.0899963378906,340.2300109863281,337.6116027832031,340.010009765625,299046.0
2025-06-24T11:30:00-04:00,340.010009765625,341.32000732421875,339.7900085449219,341.2149963378906,336821.0
2025-06-24T12:30:00-04:00,341.2149963378906,341.4100036621094,340.2699890136719,340.489990234375,174005.0
2025-06-24T13:30:00-04:00,340.489990234375,342.17999267578125,339.9200134277344,342.1300048828125,268336.0
2025-06-24T14:30:00-04:00,342.17999267578125,344.5899963378906,342.17999267578125,344.239990234375,381378.0
2025-06-24T15:30:00-04:00,344.239990234375,345.1499938964844,343.25,343.29998779296875,541167.0
2025-06-25T09:30:00-04:00,346.3500061035156,347.42999267578125,343.65008544921875,345.1449890136719,387023.0
2025-06-25T10:30:00-04:00,345.1449890136719,345.5199890136719,342.80340576171875,343.6499938964844,262186.0
2025-06-25T11:30:00-04:00,343.635009765625,343.8999938964844,342.739990234375,342.8299865722656,144727.0
2025-06-25T12:30:00-04:00,342.92999267578125,343.32000732421875,342.0199890136719,343.29998779296875,119790.0
2025-06-25T13:30:00-04:00,343.2550048828125,343.8088073730469,342.1499938964844,343.7300109863281,155188.0
2025-06-25T14:30:00-04:00,343.625,343.625,343.0199890136719,343.4024963378906,169270.0
2025-06-25T15:30:00-04:00,343.4200134277344,343.4200134277344,341.7900085449219,342.364990234375,401065.0
2025-06-26T09:30:00-04:00,343.6700134277344,347.07501220703125,342.2099914550781,346.8800048828125,337054.0
2025-06-26T10:30:00-04:00,346.8800048828125,347.20001220703125,345.9200134277344,346.0400085449219,168771.0
2025-06-26T11:30:00-04:00,346.0899963378906,347.5,345.75,346.5899963378906,141952.0
2025-06-26T12:30:00-04:00,346.5400085449219,347.8800048828125,346.5,346.9849853515625,221774.0
2025-06-26T13:30:00-04:00,346.98748779296875,347.8900146484375,346.82000732421875,347.5,314616.0
2025-06-26T14:30:00-04:00,347.489990234375,348.989990234375,346.8599853515625,348.9100036621094,367497.0
2025-06-26T15:30:00-04:00,348.9599914550781,349.2250061035156,348.04998779296875,348.260009765625,424816.0
2025-06-27T09:30:00-04:00,353.3699951171875,357.5899963378906,351.94000244140625,355.1199951171875,637304.0
2025-06-27T10:30:00-04:00,355.05999755859375,357.6000061035156,354.17010498046875,356.2049865722656,454264.0
2025-06-27T11:30:00-04:00,356.3800048828125,356.8399963378906,354.8550109863281,355.9949951171875,217232.0
2025-06-27T12:30:00-04:00,356.1499938964844,356.6300048828125,355.25,355.7200012207031,627143.0
2025-06-27T13:30:00-04:00,355.7200012207031,355.8399963378906,353.0,353.1700134277344,178345.0
2025-06-27T14:30:00-04:00,353.32000732421875,353.3273010253906,351.635009765625,352.2550048828125,188260.0
2025-06-27T15:30:00-04:00,352.2749938964844,354.25,352.0799865722656,353.19000244140625,349536.0
2025-06-30T09:30:00-04:00,353.8399963378906,356.2200012207031,352.1600036621094,355.2749938964844,308146.0
2025-06-30T10:30:00-04:00,355.2300109863281,355.93499755859375,354.0,355.8500061035156,137050.0
2025-06-30T11:30:00-04:00,355.8349914550781,357.5400085449219,355.82000732421875,356.9549865722656,236350.0
2025-06-30T12:30:00-04:00,356.8500061035156,358.1000061035156,356.8500061035156,357.32000732421875,262001.0
2025-06-30T13:30:00-04:00,357.2099914550781,358.260009765625,357.0849914550781,357.760009765625,164416.0
2025-06-30T14:30:00-04:00,357.70001220703125,357.8320007324219,357.0,357.614990234375,159890.0
2025-06-30T15:30:00-04:00,357.5799865722656,358.2850036621094,356.9100036621094,356.92999267578125,331599.0
2025-07-01T09:30:00-04:00,355.7799987792969,357.3800048828125,354.5799865722656,354.5799865722656,278152.0
2025-07-01T10:30:00-04:00,354.510009765625,355.4800109863281,350.05999755859375,352.7900085449219,339167.0
2025-07-01T11:30:00-04:00,352.7049865722656,354.5849914550781,350.3500061035156,353.6499938964844,307989.0
2025-07-01T12:30:00-04:00,353.760009765625,356.7300109863281,353.57000732421875,356.5849914550781,293310.0
2025-07-01T13:30:00-04:00,356.5299987792969,356.8299865722656,354.760009765625,354.8999938964844,161189.0
2025-07-01T14:30:00-04:00,354.9100036621094,355.7300109863281,353.489990234375,355.17999267578125,179786.0
2025-07-01T15:30:00-04:00,355.2200012207031,355.739990234375,354.4549865722656,355.04998779296875,294572.0
2025-07-02T09:30:00-04:00,355.2099914550781,357.260009765625,353.44769287109375,356.3900146484375,335820.0
2025-07-02T10:30:00-04:00,356.3999938964844,357.05499267578125,354.3500061035156,354.9100036621094,210855.0
2025-07-02T11:30:00-04:00,354.75,355.6050109863281,353.590087890625,354.3299865722656,226999.0
2025-07-02T12:30:00-04:00,354.2449951171875,356.20001220703125,354.20001220703125,356.1000061035156,199189.0
2025-07-02T13:30:00-04:00,356.2099914550781,356.8500061035156,355.67999267578125,356.7749938964844,113534.0
2025-07-02T14:30:00-04:00,356.7650146484375,357.95001220703125,356.4200134277344,357.57000732421875,230331.0
2025-07-02T15:30:00-04:00,357.5849914550781,358.6099853515625,357.25,358.1700134277344,211639.0
2025-07-03T09:30:00-04:00,359.1099853515625,363.0899963378906,358.44500732421875,363.0,338013.0
2025-07-03T10:30:00-04:00,363.0199890136719,363.4200134277344,361.55499267578125,362.3299865722656,173263.0
2025-07-03T11:30:00-04:00,362.1199951171875,362.6000061035156,362.010009765625,362.4649963378906,156964.0
2025-07-07T09:30:00-04:00,362.2200012207031,363.17999267578125,359.2900085449219,359.5400085449219,309047.0
2025-07-07T10:30:00-04:00,359.5450134277344,359.80419921875,358.0899963378906,359.0299987792969,163219.0
2025-07-07T11:30:00-04:00,358.9200134277344,358.9599914550781,355.54998779296875,357.30999755859375,158185.0
2025-07-07T12:30:00-04:00,357.0400085449219,357.70001220703125,356.0799865722656,356.7099914550781,111304.0
2025-07-07T13:30:00-04:00,356.79998779296875,357.3699951171875,354.989990234375,354.989990234375,209781.0
2025-07-07T14:30:00-04:00,355.05999755859375,357.6683044433594,355.0400085449219,357.30999755859375,223634.0
2025-07-07T15:30:00-04:00,357.30999755859375,358.7200012207031,357.0199890136719,358.5299987792969,260549.0
2025-07-08T09:30:00-04:00,359.9800109863281,360.79998779296875,354.03009033203125,355.5400085449219,338322.0
2025-07-08T10:30:00-04:00,355.63751220703125,356.6400146484375,353.9800109863281,356.489990234375,209986.0
2025-07-08T11:30:00-04:00,356.20001220703125,357.80999755859375,355.8399963378906,357.7550048828125,122814.0
2025-07-08T12:30:00-04:00,357.6499938964844,358.3900146484375,356.8599853515625,357.4649963378906,102417.0
2025-07-08T13:30:00-04:00,357.57000732421875,358.0,356.54998779296875,357.5249938964844,125878.0
2025-07-08T14:30:00-04:00,357.6199951171875,358.2301025390625,357.07501220703125,357.5400085449219,147859.0
2025-07-08T15:30:00-04:00,357.510009765625,357.95001220703125,356.95001220703125,357.05999755859375,299668.0
2025-07-09T09:30:00-04:00,360.2699890136719,360.3800048828125,358.0899963378906,358.3999938964844,162713.0
2025-07-09T10:30:00-04:00,358.2149963378906,358.2699890136719,356.07000732421875,357.4549865722656,129455.0
2025-07-09T11:30:00-04:00,357.51300048828125,359.17498779296875,357.3599853515625,358.239990234375,87527.0
2025-07-09T12:30:00-04:00,358.2950134277344,359.1099853515625,357.35009765625,359.010009765625,109688.0
2025-07-09T13:30:00-04:00,358.92999267578125,359.635009765625,358.6099853515625,359.05999755859375,109785.0
2025-07-09T14:30:00-04:00,359.1700134277344,359.55999755859375,358.760009765625,359.3500061035156,115485.0
2025-07-09T15:30:00-04:00,359.3699951171875,360.0450134277344,359.239990234375,359.760009765625,232176.0
2025-07-10T09:30:00-04:00,360.2099914550781,361.7149963378906,351.0199890136719,351.8039855957031,457851.0
2025-07-10T10:30:00-04:00,351.9700012207031,355.6000061035156,345.739990234375,355.260009765625,763934.0
2025-07-10T11:30:00-04:00,355.2650146484375,357.8900146484375,355.1300048828125,357.3299865722656,262989.0
2025-07-10T12:30:00-04:00,357.05999755859375,358.0299987792969,356.29998779296875,356.447509765625,149177.0
2025-07-10T13:30:00-04:00,356.510009765625,357.2699890136719,355.7434997558594,357.07000732421875,201529.0
2025-07-10T14:30:00-04:00,357.07000732421875,358.1700134277344,356.8500061035156,357.75,246252.0
2025-07-10T15:30:00-04:00,357.70001220703125,358.54998779296875,356.4599914550781,357.79998779296875,356944.0
2025-07-11T09:30:00-04:00,356.94000244140625,360.364990234375,353.79998779296875,359.9353942871094,253632.0
2025-07-11T10:30:00-04:00,360.1199951171875,361.6499938964844,359.80999755859375,360.6300048828125,138782.0
2025-07-11T11:30:00-04:00,360.7799987792969,361.0299987792969,358.1000061035156,359.510009765625,153523.0
2025-07-11T12:30:00-04:00,359.510009765625,360.139892578125,358.5799865722656,359.45001220703125,100488.0
2025-07-11T13:30:00-04:00,359.57000732421875,359.9800109863281,358.2799987792969,359.6600036621094,168556.0
2025-07-11T14:30:00-04:00,359.7950134277344,360.8299865722656,359.5,360.4700012207031,193223.0
2025-07-11T15:30:00-04:00,360.42999267578125,361.0249938964844,359.9601135253906,360.4200134277344,296463.0
2025-07-14T09:30:00-04:00,358.7900085449219,361.1549987792969,357.1000061035156,359.94000244140625,155410.0
2025-07-14T10:30:00-04:00,359.8699951171875,360.07000732421875,358.4800109863281,360.05999755859375,97487.0
2025-07-14T11:30:00-04:00,359.94500732421875,360.4800109863281,358.80999755859375,359.5299987792969,126404.0
2025-07-14T12:30:00-04:00,359.5400085449219,359.5400085449219,358.57000732421875,359.1199951171875,80788.0
2025-07-14T13:30:00-04:00,359.125,360.3500061035156,359.125,360.32000732421875,96053.0
2025-07-14T14:30:00-04:00,360.375,360.760009765625,359.2300109863281,359.5150146484375,128436.0
2025-07-14T15:30:00-04:00,359.3999938964844,360.45001220703125,359.0299987792969,360.20001220703125,165972.0
2025-07-15T09:30:00-04:00,369.7449951171875,371.1400146484375,361.5199890136719,364.80999755859375,551900.0
2025-07-15T10:30:00-04:00,364.44000244140625,365.2300109863281,363.4800109863281,364.42999267578125,176604.0
2025-07-15T11:30:00-04:00,364.4700012207031,365.3099060058594,362.2300109863281,362.489990234375,165443.0
2025-07-15T12:30:00-04:00,362.54998779296875,363.04998779296875,361.5054016113281,362.2300109863281,128614.0
2025-07-15T13:30:00-04:00,362.4295959472656,364.46990966796875,362.4295959472656,364.0909118652344,146754.0
2025-07-15T14:30:00-04:00,364.2099914550781,364.3999938964844,362.92999267578125,363.1199951171875,190530.0
2025-07-15T15:30:00-04:00,363.1675109863281,363.4700012207031,362.0799865722656,362.1300048828125,211766.0
2025-07-16T09:30:00-04:00,362.1199951171875,364.010009765625,360.3999938964844,361.8900146484375,409377.0
2025-07-16T10:30:00-04:00,361.7349853515625,363.56500244140625,358.6401062011719,359.6400146484375,243580.0
2025-07-16T11:30:00-04:00,359.1449890136719,361.30999755859375,356.720703125,361.1499938964844,193286.0
2025-07-16T12:30:00-04:00,360.95001220703125,363.0899963378906,360.95001220703125,362.6400146484375,116273.0
2025-07-16T13:30:00-04:00,362.45001220703125,363.510009765625,361.818603515625,363.4462890625,84178.0
2025-07-16T14:30:00-04:00,363.3299865722656,364.1499938964844,363.07000732421875,363.6499938964844,145209.0
2025-07-16T15:30:00-04:00,363.6449890136719,364.30499267578125,362.69000244140625,362.9100036621094,255581.0
2025-07-17T09:30:00-04:00,375.8699951171875,379.8599853515625,374.9549865722656,376.19000244140625,965625.0
2025-07-17T10:30:00-04:00,376.25,378.239990234375,375.57000732421875,377.9700012207031,726558.0
2025-07-17T11:30:00-04:00,377.8800048828125,379.031005859375,376.79998779296875,377.4200134277344,334034.0
2025-07-17T12:30:00-04:00,377.4150085449219,377.739990234375,376.3299865722656,377.4599914550781,181045.0
2025-07-17T13:30:00-04:00,377.510009765625,380.6199951171875,377.42999267578125,379.864990234375,275601.0
2025-07-17T14:30:00-04:00,379.9200134277344,380.54998779296875,379.1802978515625,379.739990234375,298262.0
2025-07-17T15:30:00-04:00,379.8299865722656,380.80999755859375,378.8900146484375,380.7300109863281,464908.0
2025-07-18T09:30:00-04:00,382.7300109863281,384.510009765625,381.6650085449219,382.6099853515625,649584.0
2025-07-18T10:30:00-04:00,382.7799987792969,384.0874938964844,381.2099914550781,382.760009765625,398923.0
2025-07-18T11:30:00-04:00,382.7300109863281,383.3099060058594,381.4200134277344,381.7919921875,385162.0
2025-07-18T12:30:00-04:00,381.760009765625,381.8800048828125,378.75,378.75,315007.0
2025-07-18T13:30:00-04:00,378.72119140625,380.1300048828125,378.0,379.42498779296875,165758.0
2025-07-18T14:30:00-04:00,379.3699951171875,380.2236022949219,378.6099853515625,379.0450134277344,240288.0
2025-07-18T15:30:00-04:00,379.04998779296875,379.1099853515625,378.07000732421875,378.69000244140625,472562.0
2025-07-21T09:30:00-04:00,379.70001220703125,379.8999938964844,374.0950012207031,375.70001220703125,345551.0
2025-07-21T10:30:00-04:00,375.6400146484375,377.0450134277344,374.17010498046875,375.06500244140625,219720.0
2025-07-21T11:30:00-04:00,375.1400146484375,376.8299865722656,373.8599853515625,375.32000732421875,381077.0
2025-07-21T12:30:00-04:00,375.1600036621094,377.5299987792969,375.1600036621094,377.1650085449219,189238.0
2025-07-21T13:30:00-04:00,377.1600036621094,377.5899963378906,376.4800109863281,376.7250061035156,154649.0
2025-07-21T14:30:00-04:00,376.7300109863281,377.05999755859375,374.3500061035156,375.1000061035156,277118.0
2025-07-21T15:30:00-04:00,375.1700134277344,375.5050048828125,373.56500244140625,373.75,377016.0
2025-07-22T09:30:00-04:00,371.7200012207031,373.4599914550781,365.0,368.5450134277344,526885.0
2025-07-22T10:30:00-04:00,368.70001220703125,371.29998779296875,368.260009765625,370.6449890136719,198195.0
2025-07-22T11:30:00-04:00,370.7200012207031,371.9599914550781,369.98748779296875,370.1199951171875,149126.0
2025-07-22T12:30:00-04:00,370.2300109863281,372.5199890136719,370.010009765625,372.4750061035156,177161.0
2025-07-22T13:30:00-04:00,372.4800109863281,372.95001220703125,371.69500732421875,372.7699890136719,154385.0
2025-07-22T14:30:00-04:00,372.7099914550781,373.8599853515625,372.70001220703125,373.4549865722656,172070.0
2025-07-22T15:30:00-04:00,373.4599914550781,373.6051940917969,372.5,372.5,231249.0
2025-07-23T09:30:00-04:00,376.92498779296875,382.20001220703125,376.7300109863281,380.4200134277344,588740.0
2025-07-23T10:30:00-04:00,380.4200134277344,380.760009765625,378.6000061035156,378.9800109863281,215923.0
2025-07-23T11:30:00-04:00,378.93499755859375,379.82000732421875,377.7200012207031,379.6700134277344,273639.0
2025-07-23T12:30:00-04:00,379.6400146484375,379.6400146484375,377.760009765625,378.32000732421875,162644.0
2025-07-23T13:30:00-04:00,378.32000732421875,379.70001220703125,376.9849853515625,379.1549987792969,162181.0
2025-07-23T14:30:00-04:00,379.1000061035156,380.3500061035156,378.8399963378906,380.0199890136719,197163.0
2025-07-23T15:30:00-04:00,380.0950012207031,380.29998779296875,378.04998779296875,380.25,508854.0
2025-07-24T09:30:00-04:00,382.0,384.8599853515625,380.239990234375,384.8599853515625,264938.0
2025-07-24T10:30:00-04:00,384.8900146484375,385.79998779296875,384.1700134277344,384.2699890136719,156252.0
2025-07-24T11:30:00-04:00,384.2699890136719,384.6099853515625,383.04168701171875,384.1099853515625,213644.0
2025-07-24T12:30:00-04:00,384.1600036621094,384.8800048828125,383.45001220703125,384.510009765625,132364.0
2025-07-24T13:30:00-04:00,384.6700134277344,385.7699890136719,384.010009765625,385.4750061035156,113482.0
2025-07-24T14:30:00-04:00,385.6099853515625,386.1700134277344,384.8299865722656,385.79998779296875,167022.0
2025-07-24T15:30:00-04:00,385.70001220703125,385.92999267578125,384.57000732421875,384.8999938964844,306643.0
2025-07-25T09:30:00-04:00,388.0,391.3599853515625,387.8999938964844,389.57000732421875,366505.0
2025-07-25T10:30:00-04:00,389.7099914550781,390.2699890136719,387.79998779296875,388.5799865722656,262103.0
2025-07-25T11:30:00-04:00,388.5799865722656,389.9200134277344,387.8500061035156,389.7699890136719,219904.0
2025-07-25T12:30:00-04:00,389.6700134277344,390.8599853515625,389.5199890136719,390.5400085449219,153511.0
2025-07-25T13:30:00-04:00,390.6199035644531,391.8800048828125,390.4549865722656,391.1000061035156,218739.0
2025-07-25T14:30:00-04:00,391.0199890136719,392.67999267578125,391.0199890136719,392.6600036621094,180702.0
2025-07-25T15:30:00-04:00,392.6600036621094,393.07000732421875,392.17999267578125,392.260009765625,385890.0
2025-07-28T09:30:00-04:00,399.55999755859375,399.55999755859375,394.3999938964844,395.5799865722656,536522.0
2025-07-28T10:30:00-04:00,395.6300048828125,395.989990234375,391.5199890136719,392.0450134277344,341258.0
2025-07-28T11:30:00-04:00,392.04998779296875,393.635009765625,392.0419921875,393.297607421875,225566.0
2025-07-28T12:30:00-04:00,393.3599853515625,393.6000061035156,392.0400085449219,392.6099853515625,152146.0
2025-07-28T13:30:00-04:00,392.7799987792969,393.20001220703125,391.79998779296875,392.8399963378906,171359.0
2025-07-28T14:30:00-04:00,392.9200134277344,393.3299865722656,392.29998779296875,392.3800048828125,217991.0
2025-07-28T15:30:00-04:00,392.3599853515625,393.1700134277344,392.2699890136719,392.7900085449219,412909.0
2025-07-29T09:30:00-04:00,394.260009765625,395.6199951171875,393.05999755859375,393.95001220703125,248691.0
2025-07-29T10:30:00-04:00,393.94500732421875,393.989990234375,388.4100036621094,388.82000732421875,320703.0
2025-07-29T11:30:00-04:00,388.67999267578125,389.82708740234375,387.05499267578125,388.1400146484375,185829.0
2025-07-29T12:30:00-04:00,388.1650085449219,390.82000732421875,387.2099914550781,390.2650146484375,153454.0
2025-07-29T13:30:00-04:00,389.9649963378906,390.67999267578125,389.1200866699219,389.69000244140625,166225.0
2025-07-29T14:30:00-04:00,389.69500732421875,390.4649963378906,389.1650085449219,389.9849853515625,165611.0
2025-07-29T15:30:00-04:00,389.9599914550781,390.54998779296875,389.2550048828125,390.1300048828125,292615.0
2025-07-30T09:30:00-04:00,392.0899963378906,393.8500061035156,389.07000732421875,390.260009765625,563391.0
2025-07-30T10:30:00-04:00,390.3900146484375,390.8399963378906,387.489990234375,389.4198913574219,354256.0
2025-07-30T11:30:00-04:00,389.18499755859375,390.8399963378906,389.1733093261719,389.81500244140625,158211.0
2025-07-30T12:30:00-04:00,389.8399963378906,391.6400146484375,389.29998779296875,391.3999938964844,206932.0
2025-07-30T13:30:00-04:00,391.4100036621094,392.29998779296875,391.0199890136719,391.7300109863281,266155.0
2025-07-30T14:30:00-04:00,391.8500061035156,392.4112854003906,387.260009765625,388.0299987792969,242602.0
2025-07-30T15:30:00-04:00,388.07000732421875,390.32000732421875,387.489990234375,390.1700134277344,378766.0
2025-07-31T09:30:00-04:00,390.1300048828125,396.2799987792969,390.0899963378906,393.44500732421875,456136.0
2025-07-31T10:30:00-04:00,393.55999755859375,393.95001220703125,388.1499938964844,389.5400085449219,307690.0
2025-07-31T11:30:00-04:00,389.5299987792969,390.5,388.7799987792969,389.80999755859375,165675.0
2025-07-31T12:30:00-04:00,389.80999755859375,390.4200134277344,386.6499938964844,387.260009765625,187773.0
2025-07-31T13:30:00-04:00,387.1675109863281,388.6000061035156,385.5899963378906,386.9200134277344,245884.0
2025-07-31T14:30:00-04:00,387.0799865722656,387.8299865722656,385.739990234375,385.79998779296875,353280.0
2025-07-31T15:30:00-04:00,385.8949890136719,386.3299865722656,384.1199951171875,384.760009765625,600867.0
2025-08-01T09:30:00-04:00,374.510009765625,380.0,373.05010986328125,379.7200012207031,622886.0
2025-08-01T10:30:00-04:00,379.7149963378906,381.44000244140625,378.1400146484375,378.8699951171875,291278.0
2025-08-01T11:30:00-04:00,379.0299987792969,382.9949951171875,378.92999267578125,382.43499755859375,210282.0
2025-08-01T12:30:00-04:00,382.25,382.3800048828125,378.82501220703125,378.9554138183594,203824.0
2025-08-01T13:30:00-04:00,378.885009765625,380.0350036621094,377.8800048828125,379.6300048828125,221955.0
2025-08-01T14:30:00-04:00,379.68499755859375,381.260009765625,379.2449951171875,381.05499267578125,212638.0
2025-08-01T15:30:00-04:00,381.0400085449219,382.4490051269531,380.3599853515625,381.4700012207031,403936.0
2025-08-04T09:30:00-04:00,383.7099914550781,386.5249938964844,382.6099853515625,385.82000732421875,359916.0
2025-08-04T10:30:00-04:00,385.80999755859375,385.94000244140625,383.7401123046875,384.0899963378906,296616.0
2025-08-04T11:30:00-04:00,383.989990234375,384.7799987792969,382.67498779296875,384.54998779296875,262826.0
2025-08-04T12:30:00-04:00,384.6050109863281,385.3125,384.2699890136719,384.32501220703125,328435.0
2025-08-04T13:30:00-04:00,384.3349914550781,384.42999267578125,383.010009765625,383.20001220703125,272683.0
2025-08-04T14:30:00-04:00,383.2300109863281,384.2049865722656,383.1400146484375,383.7749938964844,337379.0
2025-08-04T15:30:00-04:00,383.7900085449219,384.75,383.0299987792969,383.7200012207031,565654.0
2025-08-05T09:30:00-04:00,360.94000244140625,363.0,353.70001220703125,357.4599914550781,2131604.0
2025-08-05T10:30:00-04:00,357.4700012207031,359.25,353.7900085449219,356.260009765625,797331.0
2025-08-05T11:30:00-04:00,356.45001220703125,362.0,355.6499938964844,361.260009765625,834700.0
2025-08-05T12:30:00-04:00,361.25,361.510009765625,359.318603515625,360.79998779296875,576161.0
2025-08-05T13:30:00-04:00,360.6400146484375,363.7900085449219,359.4005126953125,360.42999267578125,693415.0
2025-08-05T14:30:00-04:00,360.3299865722656,361.2900085449219,358.25,359.260009765625,648138.0
2025-08-05T15:30:00-04:00,359.2650146484375,359.2925109863281,356.3999938964844,356.45001220703125,949955.0
2025-08-06T09:30:00-04:00,358.6000061035156,362.6700134277344,354.3299865722656,359.29998779296875,805879.0
2025-08-06T10:30:00-04:00,359.239990234375,360.5,358.1300048828125,360.0050048828125,585339.0
2025-08-06T11:30:00-04:00,360.010009765625,361.4599914550781,359.07000732421875,360.5625,392150.0
2025-08-06T12:30:00-04:00,360.5375061035156,361.2099914550781,358.45001220703125,358.4599914550781,627262.0
2025-08-06T13:30:00-04:00,358.6499938964844,359.5,358.1000061035156,358.9737854003906,382775.0
2025-08-06T14:30:00-04:00,358.8478088378906,360.0398864746094,358.4100036621094,359.8800048828125,464482.0
2025-08-06T15:30:00-04:00,359.8900146484375,360.9599914550781,358.2699890136719,358.3299865722656,804954.0
2025-08-07T09:30:00-04:00,360.0,360.864990234375,354.0000915527344,355.4599914550781,565114.0
2025-08-07T10:30:00-04:00,355.4599914550781,357.94000244140625,355.0799865722656,357.19000244140625,416720.0
2025-08-07T11:30:00-04:00,357.19000244140625,361.2850036621094,357.0397033691406,361.20001220703125,410701.0
2025-08-07T12:30:00-04:00,361.0150146484375,361.1600036621094,358.30999755859375,358.57000732421875,272008.0
2025-08-07T13:30:00-04:00,358.7799987792969,359.4949951171875,358.0199890136719,358.80499267578125,201417.0
2025-08-07T14:30:00-04:00,358.7900085449219,359.8800048828125,357.7099914550781,358.9849853515625,330002.0
2025-08-07T15:30:00-04:00,359.2049865722656,360.260009765625,358.79998779296875,360.1600036621094,560912.0
2025-08-08T09:30:00-04:00,362.0,363.8949890136719,359.5683898925781,363.135009765625,349552.0
2025-08-08T10:30:00-04:00,363.1099853515625,364.1199951171875,361.6099853515625,361.67999267578125,303101.0
2025-08-08T11:30:00-04:00,361.3699951171875,362.08990478515625,360.3800048828125,360.9849853515625,167626.0
2025-08-08T12:30:00-04:00,360.8800048828125,361.1098937988281,359.3999938964844,360.44000244140625,152024.0
2025-08-08T13:30:00-04:00,360.45001220703125,362.75,360.45001220703125,362.2200012207031,185013.0
2025-08-08T14:30:00-04:00,362.239990234375,362.9200134277344,361.8128967285156,362.69000244140625,202462.0
2025-08-08T15:30:00-04:00,362.7099914550781,363.1400146484375,362.239990234375,363.010009765625,312390.0
2025-08-11T09:30:00-04:00,362.3999938964844,363.2449951171875,358.30999755859375,358.760009765625,304514.0
2025-08-11T10:30:00-04:00,358.510009765625,359.4798889160156,358.010009765625,358.67999267578125,298672.0
2025-08-11T11:30:00-04:00,358.6099853515625,359.6000061035156,358.0199890136719,359.3800048828125,308269.0
2025-08-11T12:30:00-04:00,359.2699890136719,360.3900146484375,359.1600036621094,360.30999755859375,115332.0
2025-08-11T13:30:00-04:00,360.3399963378906,361.0199890136719,359.80999755859375,360.55999755859375,115478.0
2025-08-11T14:30:00-04:00,360.64300537109375,361.20001220703125,360.2300109863281,361.0150146484375,116800.0
2025-08-11T15:30:00-04:00,361.0199890136719,361.3999938964844,359.94000244140625,360.3299865722656,307522.0
2025-08-12T09:30:00-04:00,361.69000244140625,362.0,358.8399963378906,361.6099853515625,385156.0
2025-08-12T10:30:00-04:00,361.6099853515625,362.7900085449219,361.43499755859375,361.75,247523.0
2025-08-12T11:30:00-04:00,361.7200012207031,363.1400146484375,361.44000244140625,362.30999755859375,301439.0
2025-08-12T12:30:00-04:00,362.38470458984375,362.5801086425781,361.0,361.3066101074219,140417.0
2025-08-12T13:30:00-04:00,361.25250244140625,363.0,361.2250061035156,362.6400146484375,237336.0
2025-08-12T14:30:00-04:00,362.7049865722656,363.4999084472656,362.25,363.2300109863281,332379.0
2025-08-12T15:30:00-04:00,363.260009765625,363.6050109863281,362.8399963378906,363.2300109863281,462148.0
2025-08-13T09:30:00-04:00,363.0,365.20001220703125,356.20001220703125,356.42999267578125,416353.0
2025-08-13T10:30:00-04:00,356.635009765625,356.97149658203125,352.2449951171875,355.0299987792969,570522.0
2025-08-13T11:30:00-04:00,355.0199890136719,356.0198974609375,352.30999755859375,353.6940002441406,253902.0
2025-08-13T12:30:00-04:00,353.3699951171875,355.7200012207031,351.7799987792969,355.7200012207031,256615.0
2025-08-13T13:30:00-04:00,355.7099914550781,355.7099914550781,354.0199890136719,354.6400146484375,223794.0
2025-08-13T14:30:00-04:00,354.8299865722656,355.8900146484375,354.1199951171875,355.6400146484375,256504.0
2025-08-13T15:30:00-04:00,355.6549987792969,357.510009765625,355.1300964355469,357.45001220703125,384093.0
2025-08-14T09:30:00-04:00,353.1199951171875,357.1499938964844,352.0299987792969,356.875,491247.0
2025-08-14T10:30:00-04:00,356.9512939453125,358.68560791015625,355.8013916015625,355.8599853515625,261250.0
2025-08-14T11:30:00-04:00,355.92999267578125,356.80340576171875,354.6099853515625,354.9674987792969,178940.0
2025-08-14T12:30:00-04:00,354.9599914550781,355.7699890136719,354.69000244140625,355.489990234375,87129.0
2025-08-14T13:30:00-04:00,355.5199890136719,355.5199890136719,354.097412109375,354.6600036621094,163729.0
2025-08-14T14:30:00-04:00,354.7377014160156,356.0199890136719,354.6700134277344,355.6000061035156,195233.0
2025-08-14T15:30:00-04:00,355.489990234375,356.0,354.8699951171875,354.9599914550781,283284.0
2025-08-15T09:30:00-04:00,355.0,355.0,350.2699890136719,352.1000061035156,425810.0
2025-08-15T10:30:00-04:00,351.92999267578125,352.94000244140625,351.2699890136719,352.5,185075.0
2025-08-15T11:30:00-04:00,352.45001220703125,352.8800048828125,351.3599853515625,351.55999755859375,171102.0
2025-08-15T12:30:00-04:00,351.6499938964844,352.6000061035156,351.44000244140625,351.9949951171875,142467.0
2025-08-15T13:30:00-04:00,351.9800109863281,352.42999267578125,350.95001220703125,351.6050109863281,122158.0
2025-08-15T14:30:00-04:00,351.55999755859375,351.70001220703125,350.90008544921875,351.2101135253906,127158.0
2025-08-15T15:30:00-04:00,351.2099914550781,351.3999938964844,350.5799865722656,351.1199951171875,325595.0
2025-08-18T09:30:00-04:00,349.8699951171875,352.5400085449219,348.70849609375,351.3299865722656,204650.0
2025-08-18T10:30:00-04:00,351.239990234375,353.5249938964844,351.2200012207031,353.30999755859375,168152.0
2025-08-18T11:30:00-04:00,353.3399963378906,353.93499755859375,352.67999267578125,353.375,124421.0
2025-08-18T12:30:00-04:00,353.2799987792969,353.4808044433594,352.1549987792969,352.6449890136719,60163.0
2025-08-18T13:30:00-04:00,352.68499755859375,353.0799865722656,352.510009765625,352.8999938964844,69096.0
2025-08-18T14:30:00-04:00,352.9400939941406,353.6700134277344,352.5799865722656,353.5799865722656,139583.0
2025-08-18T15:30:00-04:00,353.56500244140625,354.04998779296875,353.45001220703125,353.5350036621094,185729.0
2025-08-19T09:30:00-04:00,352.7200012207031,353.5,349.6000061035156,350.9549865722656,211157.0
2025-08-19T10:30:00-04:00,350.8599853515625,352.4200134277344,350.42999267578125,351.2149963378906,167220.0
2025-08-19T11:30:00-04:00,351.3399963378906,351.6000061035156,349.75,350.0199890136719,171118.0
2025-08-19T12:30:00-04:00,350.0199890136719,350.1050109863281,347.2349853515625,347.8345031738281,232418.0
2025-08-19T13:30:00-04:00,347.7300109863281,349.18499755859375,347.6700134277344,349.0150146484375,135686.0
2025-08-19T14:30:00-04:00,348.9100036621094,349.0050048828125,347.9075012207031,348.5174865722656,212783.0
2025-08-19T15:30:00-04:00,348.55999755859375,349.05999755859375,347.7699890136719,348.8800048828125,382537.0
2025-08-20T09:30:00-04:00,344.0400085449219,347.55999755859375,339.260009765625,340.69000244140625,469427.0
2025-08-20T10:30:00-04:00,340.6000061035156,344.1099853515625,339.4700012207031,344.1099853515625,372150.0
2025-08-20T11:30:00-04:00,344.0199890136719,345.3500061035156,342.3900146484375,344.2300109863281,213576.0
2025-08-20T12:30:00-04:00,344.135009765625,344.2900085449219,342.75,343.4700012207031,181679.0
2025-08-20T13:30:00-04:00,343.6099853515625,344.510009765625,342.54998779296875,343.114990234375,257490.0
2025-08-20T14:30:00-04:00,343.114990234375,345.5190124511719,342.82000732421875,345.4200134277344,256806.0
2025-08-20T15:30:00-04:00,345.4100036621094,346.57501220703125,345.1600036621094,346.20001220703125,384279.0
2025-08-21T09:30:00-04:00,345.19000244140625,348.6099853515625,344.29620361328125,348.3599853515625,201069.0
2025-08-21T10:30:00-04:00,348.45001220703125,348.5299987792969,345.9750061035156,346.3800048828125,156626.0
2025-08-21T11:30:00-04:00,346.3900146484375,346.79998779296875,344.8299865722656,345.20001220703125,110930.0
2025-08-21T12:30:00-04:00,345.2699890136719,345.80999755859375,344.2900085449219,344.6650085449219,125025.0
2025-08-21T13:30:00-04:00,344.6960144042969,345.7300109863281,344.6960144042969,344.9150085449219,118103.0
2025-08-21T14:30:00-04:00,344.760009765625,346.3999938964844,344.67999267578125,345.8500061035156,180393.0
2025-08-21T15:30:00-04:00,345.8450012207031,346.0,345.19000244140625,345.3800048828125,217100.0
2025-08-22T09:30:00-04:00,346.69500732421875,351.7755126953125,345.1000061035156,350.2699890136719,378482.0
2025-08-22T10:30:00-04:00,350.2699890136719,353.0799865722656,350.0299987792969,351.3699951171875,271938.0
2025-08-22T11:30:00-04:00,351.1637878417969,352.760009765625,350.7099914550781,350.8450012207031,218929.0
2025-08-22T12:30:00-04:00,350.86248779296875,351.260009765625,349.82000732421875,350.010009765625,228994.0
2025-08-22T13:30:00-04:00,350.1099853515625,350.1867980957031,347.010009765625,347.29998779296875,172445.0
2025-08-22T14:30:00-04:00,347.44000244140625,348.739990234375,347.3599853515625,348.2099914550781,170496.0
2025-08-22T15:30:00-04:00,348.2300109863281,348.32000732421875,347.2799987792969,347.6099853515625,270069.0
2025-08-25T09:30:00-04:00,349.18499755859375,350.1300048828125,347.79998779296875,348.57000732421875,245780.0
2025-08-25T10:30:00-04:00,348.6650085449219,348.8500061035156,345.989990234375,346.8299865722656,152481.0
2025-08-25T11:30:00-04:00,346.8500061035156,347.8399963378906,346.6000061035156,347.30999755859375,107500.0
2025-08-25T12:30:00-04:00,347.239990234375,347.510009765625,346.6499938964844,346.7799987792969,95663.0
2025-08-25T13:30:00-04:00,346.8599853515625,347.3500061035156,346.32000732421875,347.3500061035156,111066.0
2025-08-25T14:30:00-04:00,347.3800048828125,347.7200012207031,346.5400085449219,346.75,134930.0
2025-08-25T15:30:00-04:00,346.7200012207031,346.7650146484375,345.7200012207031,345.8299865722656,199054.0
2025-08-26T09:30:00-04:00,346.29998779296875,352.659912109375,345.7099914550781,351.7200012207031,317344.0
2025-08-26T10:30:00-04:00,351.9800109863281,352.5199890136719,350.1000061035156,350.1600036621094,136028.0
2025-08-26T11:30:00-04:00,350.125,350.6300048828125,349.19000244140625,349.94500732421875,85028.0
2025-08-26T12:30:00-04:00,350.1943054199219,350.364990234375,349.4599914550781,349.897705078125,65076.0
2025-08-26T13:30:00-04:00,349.9549865722656,351.82000732421875,349.7275085449219,351.739990234375,108276.0
2025-08-26T14:30:00-04:00,351.739990234375,352.0799865722656,351.2799987792969,351.92498779296875,124391.0
2025-08-26T15:30:00-04:00,351.9305114746094,353.1300048828125,351.6400146484375,352.010009765625,379777.0
2025-08-27T09:30:00-04:00,350.9599914550781,352.5400085449219,350.0,352.3299865722656,258765.0
2025-08-27T10:30:00-04:00,352.3399963378906,353.6773986816406,352.0899963378906,352.67498779296875,167028.0
2025-08-27T11:30:00-04:00,352.67999267578125,353.4049987792969,351.4100036621094,351.6000061035156,110440.0
2025-08-27T12:30:00-04:00,351.5350036621094,351.9100036621094,351.2200012207031,351.6650085449219,78263.0
2025-08-27T13:30:00-04:00,351.7200012207031,352.33990478515625,351.6600036621094,351.7799987792969,75968.0
2025-08-27T14:30:00-04:00,351.7449951171875,352.385009765625,351.3800048828125,352.3399963378906,117272.0
2025-08-27T15:30:00-04:00,352.3800048828125,352.82000732421875,351.3340148925781,351.4100036621094,236782.0
2025-08-28T09:30:00-04:00,353.6600036621094,357.1549987792969,352.6700134277344,356.1600036621094,394146.0
2025-08-28T10:30:00-04:00,356.0799865722656,357.0,355.489990234375,355.489990234375,191708.0
2025-08-28T11:30:00-04:00,355.6300048828125,357.1099853515625,355.55999755859375,356.84039306640625,140951.0
2025-08-28T12:30:00-04:00,356.93499755859375,357.1000061035156,355.9364929199219,356.4125061035156,147503.0
2025-08-28T13:30:00-04:00,356.44500732421875,356.80999755859375,356.1199951171875,356.44000244140625,110554.0
2025-08-28T14:30:00-04:00,356.5,356.6199951171875,355.0799865722656,355.31500244140625,133873.0
2025-08-28T15:30:00-04:00,355.2900085449219,355.70001220703125,354.3999938964844,355.3500061035156,268901.0
2025-08-29T09:30:00-04:00,355.3074951171875,356.5199890136719,346.7200012207031,347.70001220703125,508897.0
2025-08-29T10:30:00-04:00,347.75,348.2799987792969,345.2699890136719,347.760009765625,371044.0
2025-08-29T11:30:00-04:00,347.67498779296875,349.5098876953125,347.0199890136719,348.0199890136719,204538.0
2025-08-29T12:30:00-04:00,348.1199951171875,348.7799987792969,347.5400085449219,348.30999755859375,209148.0
2025-08-29T13:30:00-04:00,348.4700012207031,350.14990234375,348.3599853515625,349.6700134277344,156512.0
2025-08-29T14:30:00-04:00,349.79998779296875,350.0199890136719,348.9700012207031,349.4700012207031,133065.0
2025-08-29T15:30:00-04:00,349.57000732421875,350.0899963378906,348.7349853515625,349.32000732421875,422645.0
2025-09-02T09:30:00-04:00,343.1300048828125,344.3399963378906,339.8900146484375,344.06500244140625,431688.0
2025-09-02T10:30:00-04:00,344.3598937988281,344.6000061035156,342.5299987792969,343.875,194055.0
2025-09-02T11:30:00-04:00,343.8599853515625,343.8599853515625,340.8471984863281,341.2300109863281,182971.0
2025-09-02T12:30:00-04:00,341.19000244140625,341.8900146484375,340.95001220703125,341.875,173360.0
2025-09-02T13:30:00-04:00,341.9800109863281,342.95001220703125,341.82000732421875,342.0505065917969,155178.0
2025-09-02T14:30:00-04:00,342.0199890136719,342.9800109863281,341.79998779296875,342.8999938964844,233850.0
2025-09-02T15:30:00-04:00,342.8399963378906,343.7799987792969,342.4700012207031,343.7099914550781,471829.0
2025-09-03T09:30:00-04:00,345.7799987792969,346.06500244140625,341.8550109863281,342.6449890136719,199217.0
2025-09-03T10:30:00-04:00,342.760009765625,343.4849853515625,341.6099853515625,341.635009765625,142120.0
2025-09-03T11:30:00-04:00,341.6300048828125,342.3299865722656,341.42999267578125,341.6607971191406,114384.0
2025-09-03T12:30:00-04:00,341.65008544921875,341.65008544921875,340.0899963378906,340.718505859375,139093.0
2025-09-03T13:30:00-04:00,340.7799987792969,341.2235107421875,339.9599914550781,340.8599853515625,125920.0
2025-09-03T14:30:00-04:00,340.69000244140625,340.8800048828125,339.6600036621094,339.9100036621094,161836.0
2025-09-03T15:30:00-04:00,339.9599914550781,342.989990234375,339.9599914550781,342.94000244140625,354849.0
2025-09-04T09:30:00-04:00,344.2200012207031,345.0,341.6099853515625,344.489990234375,231718.0
2025-09-04T10:30:00-04:00,344.489990234375,346.5199890136719,344.3418884277344,346.2099914550781,216061.0
2025-09-04T11:30:00-04:00,346.3900146484375,346.739990234375,345.8299865722656,345.9849853515625,171206.0
2025-09-04T12:30:00-04:00,345.9800109863281,345.9800109863281,345.0899963378906,345.7900085449219,128883.0
2025-09-04T13:30:00-04:00,345.8399963378906,347.1654968261719,345.6499938964844,346.5150146484375,135055.0
2025-09-04T14:30:00-04:00,346.5150146484375,347.3399963378906,346.5150146484375,347.1700134277344,153039.0
2025-09-04T15:30:00-04:00,347.17999267578125,348.2699890136719,346.7900085449219,348.260009765625,324585.0
2025-09-05T09:30:00-04:00,350.4700012207031,351.2799987792969,342.68499755859375,344.80499267578125,539523.0
2025-09-05T10:30:00-04:00,344.80499267578125,346.3500061035156,342.2699890136719,344.32000732421875,358905.0
2025-09-05T11:30:00-04:00,344.3599853515625,346.3999938964844,343.5899963378906,345.3900146484375,207974.0
2025-09-05T12:30:00-04:00,345.510009765625,346.82989501953125,345.3500061035156,346.3999938964844,98409.0
2025-09-05T13:30:00-04:00,346.29998779296875,347.9200134277344,345.5899963378906,347.7524108886719,85510.0
2025-09-05T14:30:00-04:00,347.9849853515625,349.77520751953125,347.9849853515625,349.4049987792969,144777.0
2025-09-05T15:30:00-04:00,349.3299865722656,349.4200134277344,348.19000244140625,349.1499938964844,254855.0
2025-09-08T09:30:00-04:00,350.0,350.7200012207031,347.7650146484375,349.68499755859375,265922.0
2025-09-08T10:30:00-04:00,349.68499755859375,352.239990234375,348.9100036621094,352.1199951171875,169780.0
2025-09-08T11:30:00-04:00,352.0950012207031,352.5799865722656,350.1300048828125,350.44000244140625,126789.0
2025-09-08T12:30:00-04:00,350.3399963378906,350.8800048828125,349.7699890136719,350.57501220703125,151925.0
2025-09-08T13:30:00-04:00,350.5950012207031,350.6050109863281,348.760009765625,349.6773986816406,116161.0
2025-09-08T14:30:00-04:00,349.5299987792969,349.6000061035156,348.3450012207031,348.3999938964844,125433.0
2025-09-08T15:30:00-04:00,348.42999267578125,349.7099914550781,348.0199890136719,349.6000061035156,280509.0
2025-09-09T09:30:00-04:00,348.5899963378906,349.68499755859375,345.3900146484375,345.5317077636719,201611.0
2025-09-09T10:30:00-04:00,345.7101135253906,346.0,343.6400146484375,344.6400146484375,220364.0
2025-09-09T11:30:00-04:00,344.68499755859375,345.8800048828125,344.32000732421875,345.8800048828125,143745.0
2025-09-09T12:30:00-04:00,345.8450012207031,346.6050109863281,345.1300048828125,345.364990234375,155921.0
2025-09-09T13:30:00-04:00,345.260009765625,346.489990234375,345.04010009765625,346.32000732421875,130067.0
2025-09-09T14:30:00-04:00,346.1600036621094,346.989990234375,345.875,346.760009765625,151783.0
2025-09-09T15:30:00-04:00,346.739990234375,348.5799865722656,346.7200012207031,348.20001220703125,253584.0
2025-09-10T09:30:00-04:00,359.5899963378906,365.42999267578125,357.0,363.6099853515625,830865.0
2025-09-10T10:30:00-04:00,363.6700134277344,364.67999267578125,359.9750061035156,360.1000061035156,291490.0
2025-09-10T11:30:00-04:00,360.2835998535156,363.739990234375,359.7070007324219,362.5350036621094,236083.0
2025-09-10T12:30:00-04:00,362.5877990722656,364.79559326171875,362.3721923828125,363.1499938964844,308362.0
2025-09-10T13:30:00-04:00,362.9555969238281,363.5199890136719,359.9700012207031,360.30499267578125,262707.0
2025-09-10T14:30:00-04:00,360.29998779296875,360.95001220703125,359.20001220703125,359.6400146484375,364549.0
2025-09-10T15:30:00-04:00,359.79998779296875,362.70001220703125,359.6000061035156,362.260009765625,582920.0
2025-09-11T09:30:00-04:00,363.67999267578125,363.8500061035156,361.010009765625,362.94000244140625,336755.0
2025-09-11T10:30:00-04:00,362.739990234375,365.3070983886719,361.7301025390625,362.6600036621094,213718.0
2025-09-11T11:30:00-04:00,362.6600036621094,363.2398986816406,360.92999267578125,362.57000732421875,137835.0
2025-09-11T12:30:00-04:00,362.5,363.010009765625,361.5199890136719,361.80499267578125,152870.0
2025-09-11T13:30:00-04:00,361.9200134277344,362.0050048828125,359.69000244140625,359.7950134277344,209578.0
2025-09-11T14:30:00-04:00,359.8699951171875,361.1400146484375,359.44000244140625,359.7200012207031,380643.0
2025-09-11T15:30:00-04:00,359.7200012207031,360.80999755859375,359.3800048828125,360.05999755859375,291061.0
2025-09-12T09:30:00-04:00,359.92999267578125,362.67498779296875,358.7799987792969,361.8500061035156,412870.0
2025-09-12T10:30:00-04:00,361.7149963378906,366.82501220703125,360.739990234375,365.4200134277344,361573.0
2025-09-12T11:30:00-04:00,365.52099609375,365.6400146484375,363.9700012207031,365.1300048828125,312948.0
2025-09-12T12:30:00-04:00,365.239990234375,367.6600036621094,364.9100036621094,366.8800048828125,266681.0
2025-09-12T13:30:00-04:00,366.8900146484375,366.9849853515625,365.2300109863281,366.13800048828125,270232.0
2025-09-12T14:30:00-04:00,366.1499938964844,366.83990478515625,365.6199951171875,366.385009765625,336621.0
2025-09-12T15:30:00-04:00,366.3699951171875,367.67999267578125,365.7799987792969,365.9100036621094,607693.0
2025-09-15T09:30:00-04:00,370.0199890136719,376.8399963378906,369.19000244140625,376.0450134277344,522897.0
2025-09-15T10:30:00-04:00,376.2300109863281,377.1199951171875,374.5799865722656,375.75,329851.0
2025-09-15T11:30:00-04:00,375.5849914550781,377.739990234375,374.3900146484375,377.54998779296875,332358.0
2025-09-15T12:30:00-04:00,377.70001220703125,378.1600036621094,376.260009765625,376.94000244140625,267408.0
2025-09-15T13:30:00-04:00,376.9200134277344,377.9849853515625,375.20001220703125,376.7200012207031,257071.0
2025-09-15T14:30:00-04:00,376.6300048828125,377.3599853515625,375.93011474609375,376.1400146484375,394566.0
2025-09-15T15:30:00-04:00,376.25,376.2699890136719,375.4100036621094,375.54998779296875,531541.0
2025-09-16T09:30:00-04:00,378.0,378.9800109863281,374.42999267578125,374.5799865722656,641980.0
2025-09-16T10:30:00-04:00,374.5849914550781,375.1499938964844,370.010009765625,370.27508544921875,274791.0
2025-09-16T11:30:00-04:00,370.2699890136719,371.6300048828125,370.1600036621094,371.2449951171875,171546.0
2025-09-16T12:30:00-04:00,371.2550048828125,372.8450012207031,371.20001220703125,371.9549865722656,136636.0
2025-09-16T13:30:00-04:00,372.1400146484375,372.42999267578125,370.2049865722656,370.52508544921875,110924.0
2025-09-16T14:30:00-04:00,370.6300048828125,371.2674865722656,369.6499938964844,371.2149963378906,219672.0
2025-09-16T15:30:00-04:00,371.2099914550781,372.5799865722656,370.6499938964844,371.239990234375,374172.0
2025-09-17T09:30:00-04:00,370.5899963378906,371.4549865722656,361.9200134277344,361.9200134277344,589109.0
2025-09-17T10:30:00-04:00,361.739990234375,362.2799987792969,359.760009765625,360.55999755859375,582814.0
2025-09-17T11:30:00-04:00,360.6600036621094,363.3500061035156,360.010009765625,363.0899963378906,367109.0
2025-09-17T12:30:00-04:00,363.0899963378906,363.375,361.625,363.239990234375,274479.0
2025-09-17T13:30:00-04:00,363.2300109863281,366.67999267578125,361.92999267578125,364.18499755859375,318602.0
2025-09-17T14:30:00-04:00,364.04998779296875,364.67999267578125,359.2799987792969,364.5,390695.0
2025-09-17T15:30:00-04:00,364.5,365.0,363.1700134277344,363.29998779296875,378714.0
2025-09-18T09:30:00-04:00,366.9800109863281,374.05999755859375,364.45001220703125,372.635009765625,310635.0
2025-09-18T10:30:00-04:00,372.6300048828125,373.3299865722656,370.0400085449219,370.1600036621094,217819.0
2025-09-18T11:30:00-04:00,370.1549987792969,372.6499938964844,370.1549987792969,372.5199890136719,157086.0
2025-09-18T12:30:00-04:00,372.385009765625,373.9200134277344,372.385009765625,373.4100036621094,166770.0
2025-09-18T13:30:00-04:00,373.40899658203125,373.40899658203125,371.92999267578125,372.2099914550781,194663.0
2025-09-18T14:30:00-04:00,372.2799987792969,373.739990234375,371.79998779296875,373.25,179927.0
2025-09-18T15:30:00-04:00,373.2300109863281,373.2300109863281,371.25,371.29998779296875,341388.0
2025-09-19T09:30:00-04:00,373.6000061035156,374.0,369.9800109863281,371.239990234375,496719.0
2025-09-19T10:30:00-04:00,371.2200012207031,372.8699951171875,370.70001220703125,372.0899963378906,246670.0
2025-09-19T11:30:00-04:00,371.81500244140625,373.8599853515625,371.447998046875,373.2950134277344,123273.0
2025-09-19T12:30:00-04:00,373.3999938964844,374.33990478515625,373.1000061035156,373.3500061035156,137955.0
2025-09-19T13:30:00-04:00,373.3500061035156,374.2099914550781,372.80010986328125,373.7749938964844,123787.0
2025-09-19T14:30:00-04:00,373.7799987792969,374.9599914550781,373.489990234375,374.6000061035156,161917.0
2025-09-19T15:30:00-04:00,374.5299987792969,375.3599853515625,374.1554870605469,374.6199951171875,505447.0
2025-09-22T09:30:00-04:00,374.0799865722656,377.0249938964844,373.0,373.6400146484375,349841.0
2025-09-22T10:30:00-04:00,373.510009765625,375.7900085449219,371.9200134277344,375.2900085449219,172730.0
2025-09-22T11:30:00-04:00,375.30999755859375,378.0,374.94000244140625,377.75,217278.0
2025-09-22T12:30:00-04:00,377.7699890136719,382.9200134277344,377.30999755859375,381.29998779296875,433077.0
2025-09-22T13:30:00-04:00,381.57501220703125,381.7200012207031,379.7300109863281,380.7300109863281,247293.0
2025-09-22T14:30:00-04:00,380.7300109863281,380.9200134277344,378.75,379.5050048828125,274343.0
2025-09-22T15:30:00-04:00,379.6300048828125,379.8699951171875,378.30999755859375,378.4200134277344,382623.0
2025-09-23T09:30:00-04:00,381.760009765625,382.0,375.67010498046875,375.8900146484375,378970.0
2025-09-23T10:30:00-04:00,375.760009765625,376.8399963378906,372.5299987792969,372.79998779296875,278085.0
2025-09-23T11:30:00-04:00,372.7799987792969,373.7362060546875,366.4750061035156,369.94000244140625,512188.0
2025-09-23T12:30:00-04:00,370.0799865722656,371.0799865722656,368.6700134277344,368.9800109863281,257355.0
2025-09-23T13:30:00-04:00,368.9100036621094,369.0799865722656,366.29998779296875,367.6199951171875,235394.0
2025-09-23T14:30:00-04:00,367.70001220703125,368.54998779296875,366.70001220703125,366.95001220703125,314080.0
2025-09-23T15:30:00-04:00,366.885009765625,369.8500061035156,366.05999755859375,368.4700012207031,456363.0
2025-09-24T09:30:00-04:00,369.82000732421875,371.9800109863281,368.2149963378906,370.30999755859375,343374.0
2025-09-24T10:30:00-04:00,370.31500244140625,372.6600036621094,370.25,372.42999267578125,169695.0
2025-09-24T11:30:00-04:00,372.302490234375,372.8699951171875,370.94000244140625,372.0400085449219,321757.0
2025-09-24T12:30:00-04:00,371.9079895019531,372.6700134277344,371.4765625,371.8999938964844,194136.0
2025-09-24T13:30:00-04:00,371.9024963378906,373.6199951171875,371.20001220703125,372.75,223424.0
2025-09-24T14:30:00-04:00,372.6650085449219,373.3800048828125,372.3599853515625,372.5450134277344,240424.0
2025-09-24T15:30:00-04:00,372.6400146484375,373.0450134277344,371.8399963378906,372.1499938964844,390664.0
2025-09-25T09:30:00-04:00,366.8599853515625,368.1600036621094,360.6400146484375,363.75,592346.0
2025-09-25T10:30:00-04:00,363.52459716796875,365.6099853515625,363.0799865722656,364.2850036621094,232958.0
2025-09-25T11:30:00-04:00,364.2550048828125,367.6199951171875,364.25,365.30999755859375,190633.0
2025-09-25T12:30:00-04:00,365.3999938964844,366.6355895996094,363.88751220703125,364.2099914550781,124911.0
2025-09-25T13:30:00-04:00,364.1549987792969,365.0400085449219,362.30499267578125,364.82501220703125,134904.0
2025-09-25T14:30:00-04:00,364.7699890136719,365.5824890136719,364.2265930175781,364.94000244140625,182593.0
2025-09-25T15:30:00-04:00,364.9200134277344,365.80999755859375,364.6600036621094,364.739990234375,306548.0
2025-09-26T09:30:00-04:00,365.010009765625,366.47601318359375,361.19000244140625,361.8399963378906,334709.0
2025-09-26T10:30:00-04:00,361.6000061035156,364.1400146484375,360.2650146484375,363.5899963378906,223658.0
2025-09-26T11:30:00-04:00,363.677490234375,365.3800048828125,363.2099914550781,365.19000244140625,229441.0
2025-09-26T12:30:00-04:00,365.19000244140625,365.760009765625,364.6400146484375,365.2900085449219,96281.0
2025-09-26T13:30:00-04:00,365.29998779296875,366.510009765625,365.0201110839844,365.6000061035156,106192.0
2025-09-26T14:30:00-04:00,365.7900085449219,365.9599914550781,365.1099853515625,365.7149963378906,105598.0
2025-09-26T15:30:00-04:00,365.6099853515625,366.04998779296875,365.1400146484375,365.69000244140625,268397.0
2025-09-29T09:30:00-04:00,370.010009765625,370.9800109863281,367.864990234375,369.7349853515625,245636.0
2025-09-29T10:30:00-04:00,369.489990234375,370.4375,368.32000732421875,368.3500061035156,132840.0
2025-09-29T11:30:00-04:00,368.42498779296875,368.4800109863281,367.07000732421875,368.31500244140625,121186.0
2025-09-29T12:30:00-04:00,368.3800048828125,368.4649963378906,367.2200927734375,367.5899963378906,99802.0
2025-09-29T13:30:00-04:00,367.7898864746094,369.1300048828125,367.5,368.37640380859375,130128.0
2025-09-29T14:30:00-04:00,368.2449951171875,369.29998779296875,367.70001220703125,368.0199890136719,152595.0
2025-09-29T15:30:00-04:00,368.0199890136719,368.1400146484375,367.0799865722656,367.30999755859375,205715.0
2025-09-30T09:30:00-04:00,366.45001220703125,372.4200134277344,366.45001220703125,370.4800109863281,264358.0
2025-09-30T10:30:00-04:00,370.3999938964844,372.1499938964844,368.79998779296875,370.17999267578125,165696.0
2025-09-30T11:30:00-04:00,370.20001220703125,371.7099914550781,369.92999267578125,371.0350036621094,117925.0
2025-09-30T12:30:00-04:00,371.1499938964844,371.3999938964844,369.45001220703125,369.7099914550781,108428.0
2025-09-30T13:30:00-04:00,369.510009765625,371.6499938964844,369.0,371.5849914550781,96606.0
2025-09-30T14:30:00-04:00,371.5899963378906,373.62420654296875,371.3749084472656,373.1700134277344,147794.0
2025-09-30T15:30:00-04:00,373.19000244140625,374.989990234375,372.7099914550781,374.2799987792969,278656.0
2025-10-01T09:30:00-04:00,369.6600036621094,375.3299865722656,369.0899963378906,374.94000244140625,246407.0
2025-10-01T10:30:00-04:00,375.06500244140625,377.260009765625,374.1600036621094,377.114990234375,257267.0
2025-10-01T11:30:00-04:00,377.114990234375,378.0299987792969,374.42999267578125,374.42999267578125,145421.0
2025-10-01T12:30:00-04:00,374.5150146484375,374.8450012207031,372.5849914550781,373.3399963378906,104397.0
2025-10-01T13:30:00-04:00,373.3800048828125,374.95001220703125,372.510009765625,374.875,137067.0
2025-10-01T14:30:00-04:00,374.9100036621094,375.9100036621094,373.57000732421875,374.364990234375,164047.0
2025-10-01T15:30:00-04:00,374.3500061035156,374.6499938964844,373.3900146484375,373.7200012207031,286222.0
2025-10-02T09:30:00-04:00,376.07000732421875,381.5799865722656,370.864990234375,371.5799865722656,453829.0
2025-10-02T10:30:00-04:00,371.70001220703125,372.3800048828125,370.79998779296875,371.7535095214844,229239.0
2025-10-02T11:30:00-04:00,372.1000061035156,373.989990234375,371.2799987792969,372.364990234375,172459.0
2025-10-02T12:30:00-04:00,372.19000244140625,375.0,371.6199951171875,374.3699951171875,127516.0
2025-10-02T13:30:00-04:00,374.2699890136719,376.7200012207031,374.20001220703125,376.54998779296875,141294.0
2025-10-02T14:30:00-04:00,376.5,377.32000732421875,376.05999755859375,377.2699890136719,174726.0
2025-10-02T15:30:00-04:00,377.1400146484375,377.760009765625,376.42999267578125,376.989990234375,291693.0
2025-10-03T09:30:00-04:00,377.79998779296875,378.0400085449219,372.32000732421875,373.5799865722656,233208.0
2025-10-03T10:30:00-04:00,373.70001220703125,376.9830017089844,373.67999267578125,375.5350036621094,178204.0
2025-10-03T11:30:00-04:00,375.56500244140625,377.82000732421875,374.375,377.510009765625,150657.0
2025-10-03T12:30:00-04:00,377.67999267578125,377.82000732421875,373.3349914550781,373.3399963378906,140508.0
2025-10-03T13:30:00-04:00,373.3299865722656,374.45001220703125,371.6099853515625,374.2200012207031,150697.0
2025-10-03T14:30:00-04:00,374.2250061035156,375.04998779296875,373.8999938964844,374.55499267578125,147917.0
2025-10-03T15:30:00-04:00,374.5,374.8800048828125,373.2900085449219,373.45001220703125,152988.0
2025-10-06T09:30:00-04:00,380.0,385.3699951171875,377.55999755859375,380.69000244140625,452292.0
2025-10-06T10:30:00-04:00,380.8900146484375,381.239990234375,378.7950134277344,380.010009765625,228715.0
2025-10-06T11:30:00-04:00,379.8599853515625,380.2300109863281,378.0299987792969,379.5899963378906,199569.0
2025-10-06T12:30:00-04:00,379.6488037109375,380.5799865722656,379.0899963378906,380.0350036621094,155706.0
2025-10-06T13:30:00-04:00,380.0350036621094,380.8800048828125,379.4700012207031,379.5950012207031,165478.0
2025-10-06T14:30:00-04:00,379.73529052734375,379.9165954589844,378.5899963378906,379.1199951171875,159551.0
2025-10-06T15:30:00-04:00,379.1000061035156,380.7300109863281,378.5799865722656,380.1050109863281,287439.0
2025-10-07T09:30:00-04:00,382.0,384.8599853515625,381.6401062011719,381.8999938964844,385634.0
2025-10-07T10:30:00-04:00,381.8949890136719,382.2900085449219,371.32000732421875,372.4049987792969,459027.0
2025-10-07T11:30:00-04:00,372.510009765625,372.6600036621094,367.489990234375,370.94000244140625,302626.0
2025-10-07T12:30:00-04:00,371.25,372.6700134277344,370.5533142089844,371.43499755859375,141905.0
2025-10-07T13:30:00-04:00,371.44000244140625,372.3900146484375,370.9901123046875,371.9200134277344,99977.0
2025-10-07T14:30:00-04:00,371.9175109863281,371.9175109863281,369.1099853515625,369.510009765625,268240.0
2025-10-07T15:30:00-04:00,369.6499938964844,372.5450134277344,369.3999938964844,370.95001220703125,384196.0
2025-10-08T09:30:00-04:00,372.6300048828125,374.92999267578125,370.2200012207031,374.92999267578125,257530.0
2025-10-08T10:30:00-04:00,374.92999267578125,376.3999938964844,373.8599853515625,376.3949890136719,179599.0
2025-10-08T11:30:00-04:00,376.3949890136719,378.29998779296875,376.010009765625,377.8800048828125,86123.0
2025-10-08T12:30:00-04:00,377.94000244140625,378.8299865722656,376.95001220703125,378.6199951171875,86207.0
2025-10-08T13:30:00-04:00,378.7799987792969,378.94000244140625,376.0580139160156,376.2799987792969,96946.0
2025-10-08T14:30:00-04:00,376.3500061035156,377.45001220703125,376.25,377.0899963378906,126259.0
2025-10-08T15:30:00-04:00,376.989990234375,377.3999938964844,376.2900085449219,376.7799987792969,284471.0
2025-10-09T09:30:00-04:00,381.57501220703125,381.8699951171875,373.2900085449219,374.07000732421875,280639.0
2025-10-09T10:30:00-04:00,374.760009765625,378.70001220703125,373.6000061035156,377.7550048828125,292846.0
2025-10-09T11:30:00-04:00,377.7449951171875,378.05999755859375,375.8599853515625,376.0899963378906,118937.0
2025-10-09T12:30:00-04:00,376.0150146484375,377.0299987792969,375.2300109863281,376.2550048828125,92799.0
2025-10-09T13:30:00-04:00,376.2099914550781,377.6600036621094,376.07000732421875,376.6400146484375,159566.0
2025-10-09T14:30:00-04:00,376.8699951171875,378.94000244140625,375.5299987792969,378.9100036621094,185372.0
2025-10-09T15:30:00-04:00,378.80499267578125,379.2300109863281,376.92999267578125,377.1700134277344,303036.0
2025-10-10T09:30:00-04:00,379.3599853515625,387.6199951171875,378.4100036621094,382.56500244140625,485328.0
2025-10-10T10:30:00-04:00,382.55499267578125,383.70001220703125,376.03009033203125,376.44000244140625,283647.0
2025-10-10T11:30:00-04:00,375.8399963378906,377.3900146484375,372.6499938964844,375.2900085449219,337295.0
2025-10-10T12:30:00-04:00,375.30999755859375,376.05999755859375,371.010009765625,373.5400085449219,162881.0
2025-10-10T13:30:00-04:00,373.57000732421875,375.13531494140625,373.0,373.4549865722656,128311.0
2025-10-10T14:30:00-04:00,373.4150085449219,373.4700012207031,371.0,371.1610107421875,132809.0
2025-10-10T15:30:00-04:00,371.2850036621094,371.95001220703125,369.2200012207031,369.239990234375,259894.0
2025-10-13T09:30:00-04:00,374.7300109863281,379.19000244140625,374.3800048828125,375.3599853515625,287760.0
2025-10-13T10:30:00-04:00,375.0899963378906,377.20001220703125,373.125,376.1549987792969,194178.0
2025-10-13T11:30:00-04:00,376.2550048828125,379.07000732421875,375.9700012207031,378.45001220703125,208561.0
2025-10-13T12:30:00-04:00,378.44000244140625,379.1650085449219,377.44000244140625,378.0950012207031,118964.0
2025-10-13T13:30:00-04:00,378.1300048828125,378.19000244140625,376.2300109863281,376.5899963378906,130371.0
2025-10-13T14:30:00-04:00,376.6875915527344,376.9200134277344,373.7550048828125,374.75,196069.0
2025-10-13T15:30:00-04:00,374.75,375.8299865722656,374.32000732421875,375.43499755859375,268500.0
2025-10-14T09:30:00-04:00,368.7300109863281,371.9599914550781,364.3599853515625,371.4996032714844,370757.0
2025-10-14T10:30:00-04:00,371.45001220703125,372.8598937988281,369.760009765625,372.1099853515625,145562.0
2025-10-14T11:30:00-04:00,372.18499755859375,377.0299987792969,371.92999267578125,376.989990234375,181608.0
2025-10-14T12:30:00-04:00,377.1300048828125,379.1499938964844,376.9800109863281,377.2200012207031,105159.0
2025-10-14T13:30:00-04:00,377.04998779296875,378.29998779296875,376.2200012207031,377.6272888183594,114005.0
2025-10-14T14:30:00-04:00,377.32000732421875,378.07501220703125,376.510009765625,376.69000244140625,129548.0
2025-10-14T15:30:00-04:00,376.55999755859375,376.67999267578125,373.273193359375,374.3500061035156,301116.0
2025-10-15T09:30:00-04:00,379.739990234375,385.875,378.0299987792969,385.5,380532.0
2025-10-15T10:30:00-04:00,385.6600036621094,385.9599914550781,381.42999267578125,383.0899963378906,214635.0
2025-10-15T11:30:00-04:00,383.1549987792969,383.5799865722656,378.2300109863281,379.80999755859375,165088.0
2025-10-15T12:30:00-04:00,379.9849853515625,380.3500061035156,375.3999938964844,378.1960144042969,122000.0
2025-10-15T13:30:00-04:00,378.1650085449219,381.30999755859375,378.010009765625,380.69000244140625,112539.0
2025-10-15T14:30:00-04:00,380.4549865722656,382.3900146484375,380.44500732421875,381.9200134277344,135864.0
2025-10-15T15:30:00-04:00,381.8900146484375,382.04998779296875,380.6300048828125,381.92999267578125,213425.0
2025-10-16T09:30:00-04:00,385.8900146484375,386.6700134277344,375.6099853515625,378.9599914550781,336492.0
2025-10-16T10:30:00-04:00,379.0199890136719,380.44000244140625,375.69000244140625,376.1400146484375,167709.0
2025-10-16T11:30:00-04:00,375.8999938964844,377.3800048828125,373.6000061035156,374.7900085449219,150493.0
2025-10-16T12:30:00-04:00,374.4700012207031,378.1449890136719,372.1514892578125,376.7650146484375,189577.0
2025-10-16T13:30:00-04:00,377.010009765625,377.19000244140625,373.57000732421875,374.3500061035156,142741.0
2025-10-16T14:30:00-04:00,374.364990234375,376.5299987792969,373.9599914550781,375.0199890136719,144546.0
2025-10-16T15:30:00-04:00,375.1700134277344,376.2900085449219,374.3299865722656,375.4700012207031,237314.0
2025-10-17T09:30:00-04:00,373.3999938964844,379.010009765625,371.30999755859375,374.5299987792969,356978.0
2025-10-17T10:30:00-04:00,374.5299987792969,375.07000732421875,370.2601013183594,371.760009765625,169455.0
2025-10-17T11:30:00-04:00,371.7699890136719,373.7911071777344,370.6600036621094,372.864990234375,241622.0
2025-10-17T12:30:00-04:00,372.8951110839844,373.1099853515625,370.7049865722656,370.8699951171875,109378.0
2025-10-17T13:30:00-04:00,371.22601318359375,373.1499938964844,371.1000061035156,372.989990234375,101566.0
2025-10-17T14:30:00-04:00,373.1600036621094,374.06878662109375,372.5199890136719,373.5450134277344,128530.0
2025-10-17T15:30:00-04:00,373.4100036621094,374.0,372.9849853515625,373.29998779296875,238401.0
2025-10-20T09:30:00-04:00,375.6199951171875,378.9649963378906,374.6000061035156,377.1050109863281,256902.0
2025-10-20T10:30:00-04:00,377.1050109863281,379.0188903808594,376.54998779296875,376.9599914550781,161739.0
2025-10-20T11:30:00-04:00,377.2550048828125,377.55999755859375,375.9100036621094,376.25,140770.0
2025-10-20T12:30:00-04:00,376.3999938964844,377.7300109863281,375.6300048828125,377.67999267578125,91879.0
2025-10-20T13:30:00-04:00,377.739990234375,378.3800048828125,377.0299987792969,377.34991455078125,106735.0
2025-10-20T14:30:00-04:00,377.0899963378906,377.4200134277344,376.5,377.260009765625,92157.0
2025-10-20T15:30:00-04:00,377.2850036621094,378.44000244140625,377.04998779296875,377.6099853515625,164902.0
2025-10-21T09:30:00-04:00,377.6400146484375,378.4599914550781,371.43499755859375,373.20001220703125,191821.0
2025-10-21T10:30:00-04:00,373.19000244140625,377.6300048828125,372.1199951171875,375.04998779296875,462870.0
2025-10-21T11:30:00-04:00,375.1499938964844,376.04998779296875,374.5,375.0849914550781,171742.0
2025-10-21T12:30:00-04:00,375.0,375.3500061035156,372.8800048828125,373.0,227239.0
2025-10-21T13:30:00-04:00,373.0199890136719,374.0,372.67498779296875,373.7699890136719,214121.0
2025-10-21T14:30:00-04:00,373.8349914550781,374.57000732421875,373.3599853515625,373.9125061035156,347640.0
2025-10-21T15:30:00-04:00,373.9150085449219,375.1000061035156,373.3599853515625,373.3599853515625,458286.0
2025-10-22T09:30:00-04:00,378.0899963378906,379.5799865722656,359.42999267578125,361.93499755859375,700027.0
2025-10-22T10:30:00-04:00,362.1099853515625,362.6300048828125,353.55499267578125,355.0,844197.0
2025-10-22T11:30:00-04:00,355.0,360.4254150390625,354.5899963378906,358.6499938964844,517599.0
2025-10-22T12:30:00-04:00,358.6499938964844,360.260009765625,355.8900146484375,357.7349853515625,256430.0
2025-10-22T13:30:00-04:00,357.739990234375,359.3999938964844,355.94000244140625,358.5400085449219,249093.0
2025-10-22T14:30:00-04:00,358.5299987792969,361.1700134277344,357.7900085449219,360.7200012207031,333060.0
2025-10-22T15:30:00-04:00,360.75,362.8999938964844,360.32000732421875,360.42999267578125,438936.0
2025-10-23T09:30:00-04:00,361.3599853515625,369.739990234375,361.3599853515625,368.4700012207031,228333.0
2025-10-23T10:30:00-04:00,368.5450134277344,368.6700134277344,365.69000244140625,366.6099853515625,222032.0
2025-10-23T11:30:00-04:00,366.8349914550781,370.1700134277344,366.239990234375,369.54638671875,136686.0
2025-10-23T12:30:00-04:00,369.4849853515625,371.3699951171875,369.385009765625,370.54998779296875,132009.0
2025-10-23T13:30:00-04:00,370.68499755859375,372.42999267578125,370.4949951171875,371.8399963378906,169049.0
2025-10-23T14:30:00-04:00,372.0,373.82000732421875,372.0,373.1400146484375,204049.0
2025-10-23T15:30:00-04:00,373.0950012207031,373.19000244140625,371.8349914550781,372.42999267578125,241321.0
2025-10-24T09:30:00-04:00,379.1400146484375,380.8900146484375,377.3800048828125,378.2099914550781,377454.0
2025-10-24T10:30:00-04:00,377.989990234375,381.30999755859375,377.489990234375,380.4649963378906,159283.0
2025-10-24T11:30:00-04:00,380.4599914550781,381.1400146484375,377.4700012207031,378.75,244894.0
2025-10-24T12:30:00-04:00,378.9200134277344,379.510009765625,377.71710205078125,378.6000061035156,155421.0
2025-10-24T13:30:00-04:00,378.5799865722656,378.8399963378906,377.4100036621094,377.54998779296875,105911.0
2025-10-24T14:30:00-04:00,377.42498779296875,377.4743957519531,376.4375,376.9075012207031,121111.0
2025-10-24T15:30:00-04:00,376.80499267578125,377.0299987792969,376.114990234375,376.3599853515625,229929.0
2025-10-27T09:30:00-04:00,381.0,381.0,376.989990234375,377.3699951171875,235571.0
2025-10-27T10:30:00-04:00,377.2099914550781,378.6600036621094,377.04998779296875,378.44500732421875,151116.0
2025-10-27T11:30:00-04:00,378.44500732421875,378.8800048828125,376.8500061035156,377.2099914550781,126927.0
2025-10-27T12:30:00-04:00,377.07000732421875,377.44000244140625,376.5799865722656,377.1099853515625,85582.0
2025-10-27T13:30:00-04:00,377.2200012207031,378.2900085449219,376.5299987792969,377.3900146484375,102080.0
2025-10-27T14:30:00-04:00,377.375,378.5,376.82000732421875,378.3699951171875,134307.0
2025-10-27T15:30:00-04:00,378.3900146484375,379.8599853515625,378.0350036621094,379.6499938964844,254801.0
2025-10-28T09:30:00-04:00,379.8599853515625,381.05999755859375,373.42999267578125,376.5224914550781,213807.0
2025-10-28T10:30:00-04:00,376.5150146484375,379.6199951171875,376.375,377.7099914550781,105481.0
2025-10-28T11:30:00-04:00,377.6050109863281,379.1099853515625,377.0199890136719,378.6000061035156,109374.0
2025-10-28T12:30:00-04:00,378.6000061035156,380.1499938964844,377.9549865722656,377.9800109863281,139691.0
2025-10-28T13:30:00-04:00,378.0899963378906,379.7099914550781,377.5150146484375,379.1000061035156,102011.0
2025-10-28T14:30:00-04:00,379.1000061035156,379.5799865722656,377.5,378.1000061035156,159058.0
2025-10-28T15:30:00-04:00,378.0950012207031,378.1499938964844,375.510009765625,376.0899963378906,321160.0
2025-10-29T09:30:00-04:00,376.8800048828125,385.510009765625,376.2820129394531,383.7250061035156,282560.0
2025-10-29T10:30:00-04:00,383.7550048828125,385.43499755859375,383.2300109863281,384.5400085449219,169935.0
2025-10-29T11:30:00-04:00,384.7650146484375,385.5299987792969,383.0,385.2099914550781,161112.0
2025-10-29T12:30:00-04:00,385.2149963378906,387.989990234375,385.0799865722656,386.7900085449219,185707.0
2025-10-29T13:30:00-04:00,386.7900085449219,389.510009765625,385.9800109863281,388.5000915527344,315970.0
2025-10-29T14:30:00-04:00,389.0199890136719,390.0,382.2699890136719,385.9800109863281,415068.0
2025-10-29T15:30:00-04:00,385.8800048828125,388.1600036621094,385.2102966308594,387.92999267578125,352193.0
2025-10-30T09:30:00-04:00,384.489990234375,390.1099853515625,383.30499267578125,386.6600036621094,332252.0
2025-10-30T10:30:00-04:00,387.07501220703125,388.2099914550781,383.8399963378906,385.635009765625,197389.0
2025-10-30T11:30:00-04:00,385.635009765625,386.1224060058594,380.2799987792969,381.30999755859375,208153.0
2025-10-30T12:30:00-04:00,381.1600036621094,382.739990234375,380.25,382.1700134277344,263366.0
2025-10-30T13:30:00-04:00,381.94000244140625,384.0899963378906,381.2300109863281,382.0899963378906,243021.0
2025-10-30T14:30:00-04:00,382.3999938964844,383.1400146484375,379.489990234375,379.9800109863281,270553.0
2025-10-30T15:30:00-04:00,380.1300048828125,383.6000061035156,379.260009765625,383.1199951171875,651171.0
2025-10-31T09:30:00-04:00,386.0199890136719,393.5899963378906,385.6300048828125,386.0150146484375,574307.0
2025-10-31T10:30:00-04:00,386.0150146484375,387.42999267578125,384.0,384.4159851074219,201832.0
2025-10-31T11:30:00-04:00,384.2799987792969,384.9200134277344,379.2200012207031,380.3999938964844,250564.0
2025-10-31T12:30:00-04:00,380.3349914550781,382.0799865722656,379.92999267578125,381.8900146484375,138211.0
2025-10-31T13:30:00-04:00,381.7099914550781,382.356201171875,379.92999267578125,382.1549987792969,241759.0
2025-10-31T14:30:00-04:00,381.9599914550781,383.9800109863281,381.0,383.82000732421875,262662.0
2025-10-31T15:30:00-04:00,383.82501220703125,384.4800109863281,381.5,381.5950012207031,310078.0
2025-11-03T09:30:00-05:00,385.1099853515625,387.0,378.8699951171875,379.0899963378906,673800.0
2025-11-03T10:30:00-05:00,378.9599914550781,384.5199890136719,378.25,383.62750244140625,249538.0
2025-11-03T11:30:00-05:00,383.44000244140625,384.9599914550781,382.6400146484375,383.2200012207031,265097.0
2025-11-03T12:30:00-05:00,382.9100036621094,384.4200134277344,382.70001220703125,383.7900085449219,224535.0
2025-11-03T13:30:00-05:00,383.75,384.2799987792969,382.6199951171875,384.1400146484375,257468.0
2025-11-03T14:30:00-05:00,384.20001220703125,386.4800109863281,384.19000244140625,386.05499267578125,403432.0
2025-11-03T15:30:00-05:00,386.05499267578125,387.3900146484375,385.489990234375,386.7300109863281,694797.0
2025-11-04T09:30:00-05:00,360.6300048828125,366.9999084472656,352.1000061035156,358.9007873535156,1836708.0
2025-11-04T10:30:00-05:00,358.7799987792969,362.6199951171875,354.5205078125,360.239990234375,929435.0
2025-11-04T11:30:00-05:00,359.8299865722656,377.5,358.010009765625,375.0400085449219,1394538.0
2025-11-04T12:30:00-05:00,375.1700134277344,380.8800048828125,374.30999755859375,380.42999267578125,840292.0
2025-11-04T13:30:00-05:00,380.4200134277344,382.6300048828125,373.2300109863281,382.3699951171875,676075.0
2025-11-04T14:30:00-05:00,382.32000732421875,382.3900146484375,371.6600036621094,376.6000061035156,715373.0
2025-11-04T15:30:00-05:00,376.6000061035156,378.3699951171875,375.6300048828125,377.7699890136719,638258.0
2025-11-05T09:30:00-05:00,377.6099853515625,387.489990234375,376.6600036621094,387.1199951171875,492760.0
2025-11-05T10:30:00-05:00,387.2250061035156,391.4798889160156,386.1099853515625,390.2699890136719,353755.0
2025-11-05T11:30:00-05:00,390.5,394.1400146484375,390.18499755859375,393.42999267578125,262901.0
2025-11-05T12:30:00-05:00,393.4700012207031,393.7200012207031,389.4599914550781,392.7699890136719,234028.0
2025-11-05T13:30:00-05:00,392.6199951171875,393.2300109863281,390.4100036621094,392.8800048828125,239576.0
2025-11-05T14:30:00-05:00,392.75,394.0,390.8800048828125,391.32000732421875,403950.0
2025-11-05T15:30:00-05:00,391.3599853515625,391.3599853515625,385.3599853515625,385.3599853515625,595640.0
2025-11-06T09:30:00-05:00,384.07000732421875,386.6099853515625,374.2200012207031,377.1600036621094,484336.0
2025-11-06T10:30:00-05:00,377.6199951171875,379.2799987792969,373.8500061035156,377.7799987792969,291521.0
2025-11-06T11:30:00-05:00,377.3800048828125,378.5199890136719,374.2200012207031,375.05999755859375,259372.0
2025-11-06T12:30:00-05:00,375.0799865722656,377.1422119140625,374.110107421875,376.2398986816406,173595.0
2025-11-06T13:30:00-05:00,376.0199890136719,377.5799865722656,375.2200927734375,376.385009765625,173104.0
2025-11-06T14:30:00-05:00,376.385009765625,379.2900085449219,376.20001220703125,378.9100036621094,213473.0
2025-11-06T15:30:00-05:00,378.9100036621094,379.69000244140625,376.2099914550781,377.4200134277344,367589.0
2025-11-07T09:30:00-05:00,371.04998779296875,372.643798828125,366.42999267578125,369.6199951171875,550750.0
2025-11-07T10:30:00-05:00,369.5299987792969,370.260009765625,365.3599853515625,366.6499938964844,307884.0
2025-11-07T11:30:00-05:00,366.6400146484375,370.3599853515625,364.20001220703125,369.7349853515625,377167.0
2025-11-07T12:30:00-05:00,369.95721435546875,371.0899963378906,368.70001220703125,370.67999267578125,243424.0
2025-11-07T13:30:00-05:00,370.5199890136719,373.4800109863281,370.20849609375,372.2749938964844,126020.0
2025-11-07T14:30:00-05:00,372.42999267578125,376.07000732421875,371.9100036621094,372.2149963378906,243678.0
2025-11-07T15:30:00-05:00,372.2099914550781,373.8900146484375,371.9700012207031,373.6199951171875,364691.0
2025-11-10T09:30:00-05:00,380.9200134277344,382.3399963378906,374.0,375.3800048828125,334186.0
2025-11-10T10:30:00-05:00,375.2099914550781,375.94000244140625,372.3999938964844,373.6400146484375,165904.0
2025-11-10T11:30:00-05:00,373.5350036621094,376.2099914550781,373.2699890136719,376.0150146484375,118904.0
2025-11-10T12:30:00-05:00,376.1300048828125,378.5450134277344,375.8399963378906,378.04998779296875,106804.0
2025-11-10T13:30:00-05:00,378.04998779296875,380.489990234375,378.04998779296875,380.3599853515625,126886.0
2025-11-10T14:30:00-05:00,380.3550109863281,382.55999755859375,380.0889892578125,381.260009765625,206035.0
2025-11-10T15:30:00-05:00,381.260009765625,381.8999938964844,379.3599853515625,379.8399963378906,382385.0
2025-11-11T09:30:00-05:00,377.2300109863281,380.0,368.0,369.70001220703125,505259.0
2025-11-11T10:30:00-05:00,369.7049865722656,371.07000732421875,367.7900085449219,369.04998779296875,353028.0
2025-11-11T11:30:00-05:00,369.07000732421875,370.8399963378906,368.239990234375,368.3599853515625,315598.0
2025-11-11T12:30:00-05:00,368.29998779296875,369.9150085449219,367.6400146484375,369.2300109863281,388265.0
2025-11-11T13:30:00-05:00,369.2900085449219,369.3471984863281,366.75,368.5400085449219,263741.0
2025-11-11T14:30:00-05:00,368.5400085449219,369.92999267578125,368.0899963378906,368.56878662109375,259788.0
2025-11-11T15:30:00-05:00,368.510009765625,369.19000244140625,367.44000244140625,367.8399963378906,355016.0
2025-11-12T09:30:00-05:00,367.0,372.0,366.760009765625,368.7699890136719,272675.0
2025-11-12T10:30:00-05:00,368.7300109863281,369.3500061035156,366.3999938964844,368.0,203717.0
2025-11-12T11:30:00-05:00,367.8999938964844,368.94500732421875,366.3699951171875,366.81201171875,224279.0
2025-11-12T12:30:00-05:00,366.8280029296875,368.85430908203125,366.8280029296875,367.45001220703125,144262.0
2025-11-12T13:30:00-05:00,367.54998779296875,368.29998779296875,366.8299865722656,367.67999267578125,133834.0
2025-11-12T14:30:00-05:00,367.67999267578125,368.2900085449219,366.8900146484375,367.4949951171875,180233.0
2025-11-12T15:30:00-05:00,367.45001220703125,369.82000732421875,367.25,369.4800109863281,372893.0
2025-11-13T09:30:00-05:00,367.0899963378906,368.4800109863281,357.760009765625,359.97601318359375,499719.0
2025-11-13T10:30:00-05:00,360.1099853515625,360.3800048828125,355.8550109863281,358.0299987792969,399512.0
2025-11-13T11:30:00-05:00,357.9599914550781,358.7300109863281,355.7200012207031,357.260009765625,285579.0
2025-11-13T12:30:00-05:00,357.260009765625,358.89990234375,355.7200012207031,355.8399963378906,190851.0
2025-11-13T13:30:00-05:00,355.8599853515625,356.1000061035156,353.6499938964844,355.2900085449219,199587.0
2025-11-13T14:30:00-05:00,355.260009765625,355.45001220703125,352.3699951171875,353.4649963378906,357652.0
2025-11-13T15:30:00-05:00,353.6300048828125,355.55999755859375,353.2699890136719,354.05999755859375,513672.0
2025-11-14T09:30:00-05:00,350.0,358.5,347.0,354.0050048828125,671201.0
2025-11-14T10:30:00-05:00,354.2300109863281,361.0,353.8599853515625,359.7099914550781,546736.0
2025-11-14T11:30:00-05:00,359.7099914550781,360.1090087890625,357.4601135253906,358.1499938964844,211061.0
2025-11-14T12:30:00-05:00,357.9599914550781,357.9599914550781,354.42999267578125,355.3999938964844,198409.0
2025-11-14T13:30:00-05:00,355.8399963378906,355.94000244140625,353.7950134277344,354.86749267578125,156810.0
2025-11-14T14:30:00-05:00,354.92498779296875,355.6300048828125,353.8599853515625,354.4599914550781,202255.0
2025-11-14T15:30:00-05:00,354.3299865722656,354.5101013183594,352.260009765625,352.42999267578125,630089.0
2025-11-17T09:30:00-05:00,351.9599914550781,353.489990234375,349.010009765625,350.92999267578125,321901.0
2025-11-17T10:30:00-05:00,351.0,351.17999267578125,345.6099853515625,348.4100036621094,283577.0
2025-11-17T11:30:00-05:00,348.44000244140625,349.06500244140625,346.8999938964844,347.20001220703125,326974.0
2025-11-17T12:30:00-05:00,347.20001220703125,347.70001220703125,343.79998779296875,344.0,310198.0
2025-11-17T13:30:00-05:00,344.1300048828125,344.3500061035156,340.6600036621094,341.4700012207031,370864.0
2025-11-17T14:30:00-05:00,341.364990234375,342.3999938964844,339.8399963378906,342.2300109863281,356320.0
2025-11-17T15:30:00-05:00,342.2149963378906,343.67498779296875,341.70001220703125,342.760009765625,447082.0
2025-11-18T09:30:00-05:00,340.32501220703125,343.0,335.1000061035156,337.875,615214.0
2025-11-18T10:30:00-05:00,338.1000061035156,341.8399963378906,336.510009765625,341.54998779296875,339231.0
2025-11-18T11:30:00-05:00,341.57000732421875,342.5899963378906,339.1600036621094,339.3800048828125,325031.0
2025-11-18T12:30:00-05:00,339.20001220703125,342.3299865722656,338.7900085449219,340.739990234375,423331.0
2025-11-18T13:30:00-05:00,340.7875061035156,341.9049987792969,339.760009765625,341.1700134277344,241263.0
2025-11-18T14:30:00-05:00,341.17999267578125,343.0,340.2799987792969,340.8699951171875,236533.0
2025-11-18T15:30:00-05:00,340.9800109863281,341.3299865722656,338.1600036621094,338.5,523384.0
2025-11-19T09:30:00-05:00,339.9700012207031,344.0,338.67999267578125,342.42999267578125,451035.0
2025-11-19T10:30:00-05:00,342.42999267578125,343.3550109863281,340.32000732421875,341.41650390625,271145.0
2025-11-19T11:30:00-05:00,341.30999755859375,342.45001220703125,340.5199890136719,342.0685119628906,277205.0
2025-11-19T12:30:00-05:00,342.0400085449219,345.3699951171875,341.25,343.9634094238281,200622.0
2025-11-19T13:30:00-05:00,344.1400146484375,345.3349914550781,342.3599853515625,342.79998779296875,195675.0
2025-11-19T14:30:00-05:00,342.9100036621094,345.3599853515625,342.3450012207031,344.2799987792969,279716.0
2025-11-19T15:30:00-05:00,344.19500732421875,346.2099914550781,343.70001220703125,345.82000732421875,519992.0
2025-11-20T09:30:00-05:00,356.3800048828125,357.7799987792969,351.7900085449219,352.4100036621094,886673.0
2025-11-20T10:30:00-05:00,352.4700012207031,353.45001220703125,336.5249938964844,337.5199890136719,740797.0
2025-11-20T11:30:00-05:00,337.5199890136719,338.6401062011719,332.760009765625,335.2749938964844,615287.0
2025-11-20T12:30:00-05:00,335.55999755859375,337.0299987792969,332.010009765625,335.6400146484375,356237.0
2025-11-20T13:30:00-05:00,335.82000732421875,336.0400085449219,330.260009765625,332.4363098144531,373600.0
2025-11-20T14:30:00-05:00,332.3299865722656,332.75,330.19000244140625,330.7349853515625,463930.0
2025-11-20T15:30:00-05:00,330.7349853515625,330.82000732421875,326.95001220703125,328.07000732421875,703179.0
2025-11-21T09:30:00-05:00,329.0400085449219,329.8999938964844,322.8999938964844,324.17999267578125,670787.0
2025-11-21T10:30:00-05:00,324.18499755859375,325.8900146484375,320.2038879394531,325.79998779296875,611297.0
2025-11-21T11:30:00-05:00,325.8599853515625,329.0799865722656,324.8599853515625,327.92498779296875,540135.0
2025-11-21T12:30:00-05:00,328.0299987792969,330.1099853515625,327.2300109863281,328.114990234375,358873.0
2025-11-21T13:30:00-05:00,328.0299987792969,331.8999938964844,327.739990234375,331.68310546875,358323.0
2025-11-21T14:30:00-05:00,331.8599853515625,332.2200012207031,328.7650146484375,329.19000244140625,405768.0
2025-11-21T15:30:00-05:00,329.1000061035156,331.8599853515625,328.760009765625,331.8599853515625,593609.0
2025-11-24T09:30:00-05:00,334.7300109863281,335.639892578125,329.2699890136719,332.6700134277344,498639.0
2025-11-24T10:30:00-05:00,332.489990234375,335.3900146484375,331.75,333.6300048828125,310381.0
2025-11-24T11:30:00-05:00,333.625,334.510009765625,333.0,333.6199951171875,184174.0
2025-11-24T12:30:00-05:00,333.6199951171875,334.81500244140625,333.2799987792969,333.9700012207031,165403.0
2025-11-24T13:30:00-05:00,333.94000244140625,335.0,333.1499938964844,333.2349853515625,196852.0
2025-11-24T14:30:00-05:00,333.2449951171875,333.29998779296875,331.9800109863281,332.523193359375,347630.0
2025-11-24T15:30:00-05:00,332.53509521484375,332.67999267578125,329.8800048828125,330.3599853515625,699507.0
2025-11-25T09:30:00-05:00,329.989990234375,330.7799987792969,324.7099914550781,326.3800048828125,785405.0
2025-11-25T10:30:00-05:00,326.3900146484375,329.1400146484375,325.9100036621094,329.1300048828125,498972.0
2025-11-25T11:30:00-05:00,329.1600036621094,332.8299865722656,328.260009765625,332.55999755859375,400037.0
2025-11-25T12:30:00-05:00,332.6499938964844,334.1099853515625,332.6400146484375,333.8500061035156,329834.0
2025-11-25T13:30:00-05:00,333.9700012207031,335.79998779296875,333.69000244140625,335.57000732421875,366414.0
2025-11-25T14:30:00-05:00,335.6199951171875,337.70001220703125,335.2900085449219,337.4649963378906,499826.0
2025-11-25T15:30:00-05:00,337.44000244140625,339.07000732421875,335.70001220703125,336.7900085449219,680949.0
2025-11-26T09:30:00-05:00,338.54998779296875,340.8999938964844,337.17999267578125,339.0199890136719,315477.0
2025-11-26T10:30:00-05:00,338.989990234375,340.92999267578125,338.8999938964844,339.95001220703125,245668.0
2025-11-26T11:30:00-05:00,339.95001220703125,341.92999267578125,339.6199951171875,340.2550048828125,251093.0
2025-11-26T12:30:00-05:00,340.4200134277344,342.8399963378906,340.4200134277344,342.6050109863281,171269.0
2025-11-26T13:30:00-05:00,342.6050109863281,343.9599914550781,341.7900085449219,343.5199890136719,228002.0
2025-11-26T14:30:00-05:00,343.5199890136719,344.364990234375,343.0899963378906,343.95001220703125,267156.0
2025-11-26T15:30:00-05:00,343.92999267578125,344.6000061035156,341.67999267578125,341.69000244140625,463160.0
2025-11-28T09:30:00-05:00,344.3999938964844,346.0400085449219,341.6400146484375,345.07000732421875,228129.0
2025-11-28T10:30:00-05:00,345.05999755859375,347.2900085449219,345.0,346.94769287109375,167697.0
2025-11-28T11:30:00-05:00,346.739990234375,347.8900146484375,346.55999755859375,346.8402099609375,173189.0
2025-12-01T09:30:00-05:00,342.6499938964844,343.364990234375,338.8999938964844,340.5350036621094,431175.0
2025-12-01T10:30:00-05:00,340.44000244140625,340.614990234375,338.3999938964844,339.1000061035156,199347.0
2025-12-01T11:30:00-05:00,339.20001220703125,341.5199890136719,339.20001220703125,341.32830810546875,199115.0
2025-12-01T12:30:00-05:00,341.302490234375,343.70001220703125,341.07501220703125,342.30999755859375,197710.0
2025-12-01T13:30:00-05:00,342.30999755859375,343.8900146484375,341.67999267578125,342.0,176001.0
2025-12-01T14:30:00-05:00,342.0577087402344,342.67999267578125,341.25,341.739990234375,239655.0
2025-12-01T15:30:00-05:00,341.7699890136719,342.29998779296875,339.6000061035156,339.7300109863281,439477.0
2025-12-02T09:30:00-05:00,343.5,343.7799987792969,336.20001220703125,337.2300109863281,1067074.0
2025-12-02T10:30:00-05:00,337.2300109863281,337.6098937988281,333.3599853515625,334.4200134277344,630379.0
2025-12-02T11:30:00-05:00,334.44500732421875,336.0,333.6600036621094,335.6099853515625,321677.0
2025-12-02T12:30:00-05:00,335.6099853515625,336.7149963378906,334.9750061035156,336.55499267578125,175293.0
2025-12-02T13:30:00-05:00,336.5450134277344,336.6400146484375,335.1000061035156,335.79998779296875,166563.0
2025-12-02T14:30:00-05:00,335.75,336.19000244140625,335.1499938964844,335.510009765625,206165.0
2025-12-02T15:30:00-05:00,335.5199890136719,335.9125061035156,332.8800048828125,333.07000732421875,589283.0
2025-12-03T09:30:00-05:00,330.5,331.29998779296875,323.57000732421875,327.82000732421875,770009.0
2025-12-03T10:30:00-05:00,327.82000732421875,331.8110046386719,327.3299865722656,331.2720031738281,422095.0
2025-12-03T11:30:00-05:00,331.1600036621094,331.7724914550781,329.4100036621094,331.0350036621094,237754.0
2025-12-03T12:30:00-05:00,330.9599914550781,333.20001220703125,330.8699951171875,332.92279052734375,175004.0
2025-12-03T13:30:00-05:00,332.8999938964844,334.92999267578125,332.8800048828125,334.82000732421875,259161.0
2025-12-03T14:30:00-05:00,334.760009765625,335.70001220703125,334.57000732421875,335.5899963378906,259813.0
2025-12-03T15:30:00-05:00,335.5899963378906,336.19989013671875,334.94000244140625,335.6700134277344,403890.0
2025-12-04T09:30:00-05:00,335.4800109863281,338.44000244140625,332.5,337.760009765625,395782.0
2025-12-04T10:30:00-05:00,337.7650146484375,339.69000244140625,337.57000732421875,338.42999267578125,322059.0
2025-12-04T11:30:00-05:00,338.3599853515625,340.0249938964844,337.9800109863281,339.7749938964844,174228.0
2025-12-04T12:30:00-05:00,339.7900085449219,340.8999938964844,338.45001220703125,340.07000732421875,238459.0
2025-12-04T13:30:00-05:00,340.1449890136719,340.6199951171875,338.0,338.2665100097656,223520.0
2025-12-04T14:30:00-05:00,338.2900085449219,339.0404052734375,337.7699890136719,338.760009765625,193511.0
2025-12-04T15:30:00-05:00,338.7799987792969,339.6199951171875,338.760009765625,338.7900085449219,249547.0
2025-12-05T09:30:00-05:00,338.8900146484375,341.4200134277344,336.6099853515625,338.6700134277344,252763.0
2025-12-05T10:30:00-05:00,338.6400146484375,340.17999267578125,337.93499755859375,339.1600036621094,259840.0
2025-12-05T11:30:00-05:00,339.0199890136719,339.4100036621094,336.0,337.1400146484375,236186.0
2025-12-05T12:30:00-05:00,337.2049865722656,339.04998779296875,337.010009765625,337.67999267578125,148796.0
2025-12-05T13:30:00-05:00,337.864990234375,338.1341857910156,336.3800048828125,336.9049987792969,139511.0
2025-12-05T14:30:00-05:00,336.94000244140625,337.79998779296875,336.6600036621094,337.4700012207031,197471.0
2025-12-05T15:30:00-05:00,337.4700012207031,337.7900085449219,336.7200012207031,337.6000061035156,313163.0
2025-12-08T09:30:00-05:00,337.45001220703125,344.7900085449219,336.1300048828125,342.4049987792969,727098.0
2025-12-08T10:30:00-05:00,342.4049987792969,345.69000244140625,341.8699951171875,345.19000244140625,554439.0
2025-12-08T11:30:00-05:00,345.3550109863281,345.3999938964844,343.5,344.1549987792969,440253.0
2025-12-08T12:30:00-05:00,344.2300109863281,344.29998779296875,341.5249938964844,341.68499755859375,256326.0
2025-12-08T13:30:00-05:00,341.6000061035156,342.55999755859375,340.94500732421875,341.92340087890625,250440.0
2025-12-08T14:30:00-05:00,342.0400085449219,344.0899963378906,341.8599853515625,343.4949951171875,379115.0
2025-12-08T15:30:00-05:00,343.5299987792969,343.8299865722656,342.17999267578125,343.45001220703125,431868.0
2025-12-09T09:30:00-05:00,344.0899963378906,348.6400146484375,342.53900146484375,343.1960144042969,444562.0
2025-12-09T10:30:00-05:00,343.2099914550781,346.7799987792969,343.05999755859375,345.6099853515625,176365.0
2025-12-09T11:30:00-05:00,345.67999267578125,345.69000244140625,343.5,343.6400146484375,176884.0
2025-12-09T12:30:00-05:00,343.739990234375,344.2799987792969,342.7900085449219,343.80999755859375,171356.0
2025-12-09T13:30:00-05:00,343.760009765625,344.17498779296875,343.010009765625,343.4549865722656,164593.0
2025-12-09T14:30:00-05:00,343.4549865722656,344.44000244140625,342.75,342.80999755859375,239706.0
2025-12-09T15:30:00-05:00,342.82000732421875,343.0299987792969,341.54998779296875,341.75,390292.0
2025-12-10T09:30:00-05:00,343.8699951171875,347.4100036621094,342.2099914550781,344.8500061035156,405503.0
2025-12-10T10:30:00-05:00,344.75,346.8500061035156,343.0450134277344,346.81500244140625,212657.0
2025-12-10T11:30:00-05:00,346.8500061035156,347.5899963378906,345.8500061035156,346.3550109863281,169183.0
2025-12-10T12:30:00-05:00,346.35101318359375,347.6199951171875,346.2200012207031,347.1650085449219,126038.0
2025-12-10T13:30:00-05:00,347.2149963378906,351.6300048828125,346.4599914550781,349.5249938964844,276316.0
2025-12-10T14:30:00-05:00,349.5,354.1700134277344,348.6300964355469,353.1099853515625,533542.0
2025-12-10T15:30:00-05:00,353.0799865722656,354.3699951171875,352.9599914550781,353.4700012207031,448094.0
2025-12-11T09:30:00-05:00,350.510009765625,351.0,341.55999755859375,346.05560302734375,516452.0
2025-12-11T10:30:00-05:00,346.0299987792969,346.3999938964844,342.32000732421875,344.17999267578125,231085.0
2025-12-11T11:30:00-05:00,344.3800048828125,347.1789855957031,344.1875,346.57501220703125,196644.0
2025-12-11T12:30:00-05:00,346.5975036621094,348.95001220703125,346.5799865722656,348.42498779296875,164649.0
2025-12-11T13:30:00-05:00,348.4425964355469,350.1424865722656,348.19000244140625,349.0899963378906,222698.0
2025-12-11T14:30:00-05:00,349.0950012207031,350.29998779296875,348.78009033203125,349.2250061035156,198414.0
2025-12-11T15:30:00-05:00,349.2449951171875,351.1400146484375,349.2449951171875,350.3500061035156,438750.0
2025-12-12T09:30:00-05:00,349.1700134277344,349.9800109863281,335.6000061035156,337.010009765625,618235.0
2025-12-12T10:30:00-05:00,336.94000244140625,340.2699890136719,330.6401062011719,332.625,657120.0
2025-12-12T11:30:00-05:00,332.30999755859375,334.9999084472656,329.3999938964844,332.8500061035156,471500.0
2025-12-12T12:30:00-05:00,332.8666076660156,337.4849853515625,332.2099914550781,337.4849853515625,392177.0
2025-12-12T13:30:00-05:00,337.3900146484375,337.9590148925781,333.8699951171875,334.94158935546875,455298.0
2025-12-12T14:30:00-05:00,334.6300048828125,335.2699890136719,331.4100036621094,331.6180114746094,320239.0
2025-12-12T15:30:00-05:00,331.739990234375,332.1700134277344,330.8500061035156,331.94000244140625,539891.0
2025-12-15T09:30:00-05:00,334.5,335.4150085449219,331.7200012207031,333.9800109863281,539843.0
2025-12-15T10:30:00-05:00,333.7300109863281,336.0400085449219,332.7699890136719,335.6000061035156,317343.0
2025-12-15T11:30:00-05:00,335.6000061035156,335.67999267578125,332.9100036621094,333.5249938964844,231844.0
2025-12-15T12:30:00-05:00,333.489990234375,334.5199890136719,333.0799865722656,333.110107421875,166475.0
2025-12-15T13:30:00-05:00,333.30999755859375,334.4800109863281,332.6600036621094,333.68499755859375,211188.0
2025-12-15T14:30:00-05:00,333.739990234375,333.9507141113281,332.2200012207031,332.5799865722656,265711.0
2025-12-15T15:30:00-05:00,332.5899963378906,333.5,331.8900146484375,333.1099853515625,385650.0
2025-12-16T09:30:00-05:00,333.2149963378906,334.30499267578125,326.79998779296875,328.6300048828125,590766.0
2025-12-16T10:30:00-05:00,328.57000732421875,330.45330810546875,327.7200012207031,327.9800109863281,313886.0
2025-12-16T11:30:00-05:00,327.9800109863281,329.42559814453125,327.32000732421875,327.8800048828125,248539.0
2025-12-16T12:30:00-05:00,327.8900146484375,328.71990966796875,327.0400085449219,327.210693359375,166491.0
2025-12-16T13:30:00-05:00,327.2049865722656,328.8500061035156,326.7099914550781,327.6099853515625,219869.0
2025-12-16T14:30:00-05:00,327.6099853515625,330.2300109863281,327.6099853515625,329.9800109863281,296737.0
2025-12-16T15:30:00-05:00,329.8999938964844,331.6700134277344,329.8699951171875,329.9100036621094,326276.0
2025-12-17T09:30:00-05:00,329.25,331.1199951171875,322.6499938964844,323.42999267578125,657666.0
2025-12-17T10:30:00-05:00,323.5,323.92999267578125,313.4800109863281,316.20001220703125,1069738.0
2025-12-17T11:30:00-05:00,316.07000732421875,316.07000732421875,313.2900085449219,315.06500244140625,1597983.0
2025-12-17T12:30:00-05:00,314.9049987792969,316.2319030761719,313.5364074707031,315.25,501216.0
2025-12-17T13:30:00-05:00,315.1700134277344,315.5199890136719,313.6000061035156,314.2699890136719,754680.0
2025-12-17T14:30:00-05:00,314.2200012207031,314.5199890136719,311.9150085449219,313.5899963378906,1036668.0
2025-12-17T15:30:00-05:00,313.5899963378906,315.95001220703125,313.30999755859375,315.80999755859375,1173487.0
2025-12-18T09:30:00-05:00,322.0400085449219,323.0799865722656,314.70001220703125,317.2699890136719,944946.0
2025-12-18T10:30:00-05:00,317.19000244140625,319.2250061035156,316.6600036621094,317.1600036621094,374485.0
2025-12-18T11:30:00-05:00,317.1199951171875,317.5899963378906,314.4800109863281,315.29998779296875,621426.0
2025-12-18T12:30:00-05:00,315.2799987792969,316.7921142578125,315.1000061035156,316.489990234375,225374.0
2025-12-18T13:30:00-05:00,316.4800109863281,317.3949890136719,315.1549987792969,315.4649963378906,221637.0
2025-12-18T14:30:00-05:00,315.4549865722656,315.6299133300781,314.0,315.1683044433594,376945.0
2025-12-18T15:30:00-05:00,315.0799865722656,316.25,314.94000244140625,316.0,506962.0
2025-12-19T09:30:00-05:00,315.67999267578125,320.7099914550781,315.45001220703125,317.3349914550781,966060.0
2025-12-19T10:30:00-05:00,317.32000732421875,317.92999267578125,316.260009765625,317.510009765625,316680.0
2025-12-19T11:30:00-05:00,317.510009765625,318.3999938964844,316.5199890136719,318.0,246504.0
2025-12-19T12:30:00-05:00,317.9700012207031,318.8349914550781,317.57000732421875,318.2799987792969,183726.0
2025-12-19T13:30:00-05:00,318.3550109863281,318.3900146484375,317.0299987792969,317.86749267578125,276838.0
2025-12-19T14:30:00-05:00,317.8999938964844,318.4700012207031,317.3999938964844,318.052490234375,285379.0
2025-12-19T15:30:00-05:00,318.05999755859375,318.489990234375,316.760009765625,317.6499938964844,633539.0
2025-12-22T09:30:00-05:00,322.6099853515625,322.7699890136719,319.20001220703125,319.8999938964844,360899.0
2025-12-22T10:30:00-05:00,319.760009765625,321.010009765625,318.2699890136719,320.3617858886719,211103.0
2025-12-22T11:30:00-05:00,320.25,320.739990234375,319.3500061035156,319.5,147037.0
2025-12-22T12:30:00-05:00,319.5,320.260009765625,318.95001220703125,320.12750244140625,196912.0
2025-12-22T13:30:00-05:00,320.1549987792969,320.4849853515625,319.5199890136719,319.9700012207031,219042.0
2025-12-22T14:30:00-05:00,319.9700012207031,320.9800109863281,319.760009765625,319.9200134277344,243789.0
2025-12-22T15:30:00-05:00,319.9800109863281,320.6700134277344,319.8900146484375,320.3399963378906,338210.0
2025-12-23T09:30:00-05:00,319.6600036621094,322.2650146484375,319.19500732421875,320.92999267578125,393888.0
2025-12-23T10:30:00-05:00,320.9800109863281,322.8399963378906,320.5199890136719,322.1199951171875,236829.0
2025-12-23T11:30:00-05:00,322.1199951171875,323.19500732421875,321.7300109863281,322.82501220703125,171476.0
2025-12-23T12:30:00-05:00,322.79998779296875,323.5450134277344,322.5899963378906,323.4150085449219,193834.0
2025-12-23T13:30:00-05:00,323.452392578125,324.2049865722656,323.260009765625,323.6199951171875,186271.0
2025-12-23T14:30:00-05:00,323.6099853515625,324.010009765625,322.6400146484375,322.6600036621094,251606.0
2025-12-23T15:30:00-05:00,322.6600036621094,323.20001220703125,322.3800048828125,322.7749938964844,374885.0
2025-12-24T09:30:00-05:00,322.0799865722656,322.9200134277344,321.1499938964844,322.70001220703125,172203.0
2025-12-24T10:30:00-05:00,322.70001220703125,323.6600036621094,322.20001220703125,323.2200012207031,132217.0
2025-12-24T11:30:00-05:00,323.2749938964844,323.55999755859375,322.7099914550781,322.9700012207031,123976.0
2025-12-26T09:30:00-05:00,323.2799987792969,323.5299987792969,321.6700134277344,322.2799987792969,193848.0
2025-12-26T10:30:00-05:00,322.2799987792969,322.9200134277344,322.1300048828125,322.489990234375,99413.0
2025-12-26T11:30:00-05:00,322.5,322.7239990234375,321.32000732421875,322.0299987792969,90195.0
2025-12-26T12:30:00-05:00,322.0013122558594,322.4700012207031,321.6099853515625,322.29998779296875,94534.0
2025-12-26T13:30:00-05:00,322.2720031738281,322.67999267578125,322.2720031738281,322.3900146484375,87262.0
2025-12-26T14:30:00-05:00,322.43499755859375,322.5400085449219,321.8999938964844,322.4200134277344,111498.0
2025-12-26T15:30:00-05:00,322.4100036621094,322.8699951171875,322.0299987792969,322.2799987792969,214460.0
2025-12-29T09:30:00-05:00,322.3399963378906,325.42999267578125,322.0899963378906,324.885009765625,318840.0
2025-12-29T10:30:00-05:00,324.885009765625,325.32000732421875,322.5899963378906,322.8599853515625,199633.0
2025-12-29T11:30:00-05:00,322.8699951171875,323.30999755859375,321.7799987792969,321.9700012207031,193943.0
2025-12-29T12:30:00-05:00,321.94000244140625,322.2900085449219,321.45001220703125,321.6099853515625,131642.0
2025-12-29T13:30:00-05:00,321.6099853515625,321.80999755859375,320.6700134277344,320.885009765625,161285.0
2025-12-29T14:30:00-05:00,320.9200134277344,322.3299865722656,320.885009765625,321.6600036621094,236601.0
2025-12-29T15:30:00-05:00,321.70001220703125,321.7900085449219,320.8500061035156,321.45001220703125,340093.0
2025-12-30T09:30:00-05:00,321.4800109863281,322.27508544921875,320.04998779296875,321.2950134277344,218828.0
2025-12-30T10:30:00-05:00,321.2950134277344,321.54998779296875,320.7099914550781,321.44000244140625,187620.0
2025-12-30T11:30:00-05:00,321.4400939941406,321.68389892578125,320.6260070800781,321.07501220703125,140762.0
2025-12-30T12:30:00-05:00,321.0899963378906,321.3299865722656,320.70001220703125,320.8900146484375,130655.0
2025-12-30T13:30:00-05:00,320.8450012207031,321.3699951171875,320.6600036621094,321.0249938964844,186391.0
2025-12-30T14:30:00-05:00,321.06500244140625,321.3299865722656,320.57000732421875,320.5799865722656,184377.0
2025-12-30T15:30:00-05:00,320.6199951171875,321.0950012207031,320.5199890136719,320.8800048828125,309992.0
2025-12-31T09:30:00-05:00,322.0,322.0,319.1300048828125,320.0,184956.0
2025-12-31T10:30:00-05:00,320.0,320.6199951171875,319.30999755859375,320.010009765625,194461.0
2025-12-31T11:30:00-05:00,320.05999755859375,320.2099914550781,319.5199890136719,319.95001220703125,109104.0
2025-12-31T12:30:00-05:00,319.8999938964844,320.19000244140625,319.3599853515625,319.7049865722656,88726.0
2025-12-31T13:30:00-05:00,319.6400146484375,320.2898864746094,319.489990234375,319.7593994140625,113765.0
2025-12-31T14:30:00-05:00,319.7799987792969,320.010009765625,318.6499938964844,318.6600036621094,162633.0
2025-12-31T15:30:00-05:00,318.6199951171875,319.3900146484375,318.1300048828125,318.489990234375,271787.0
2026-01-02T09:30:00-05:00,323.2099914550781,326.9999084472656,321.2200012207031,325.79998779296875,637793.0
2026-01-02T10:30:00-05:00,325.6400146484375,328.2099914550781,325.4599914550781,326.8699951171875,278395.0
2026-01-02T11:30:00-05:00,326.864990234375,327.4844055175781,324.6099853515625,327.42999267578125,192427.0
2026-01-02T12:30:00-05:00,327.3599853515625,327.672607421875,325.4234924316406,325.9216003417969,156891.0
2026-01-02T13:30:00-05:00,326.0,326.3900146484375,324.7149963378906,326.2950134277344,213484.0
2026-01-02T14:30:00-05:00,326.2950134277344,327.19989013671875,325.9100036621094,327.010009765625,160855.0
2026-01-02T15:30:00-05:00,327.0799865722656,327.4989929199219,326.29998779296875,327.260009765625,302660.0
2026-01-05T09:30:00-05:00,324.4100036621094,330.93719482421875,323.7699890136719,328.1650085449219,577218.0
2026-01-05T10:30:00-05:00,328.1050109863281,329.3299865722656,326.1000061035156,326.3999938964844,261042.0
2026-01-05T11:30:00-05:00,326.45001220703125,327.2300109863281,325.4100036621094,327.0,339294.0
2026-01-05T12:30:00-05:00,327.1050109863281,327.70001220703125,325.0,325.3299865722656,229283.0
2026-01-05T13:30:00-05:00,325.3500061035156,325.5199890136719,324.2275085449219,324.4800109863281,276376.0
2026-01-05T14:30:00-05:00,324.44000244140625,324.7398986816406,322.80999755859375,323.30499267578125,317093.0
2026-01-05T15:30:00-05:00,323.2699890136719,323.6499938964844,321.9549865722656,322.260009765625,688327.0
2026-01-06T09:30:00-05:00,321.7560119628906,326.1600036621094,315.760009765625,324.989990234375,897950.0
2026-01-06T10:30:00-05:00,324.7099914550781,326.6600036621094,323.95001220703125,326.17999267578125,404062.0
2026-01-06T11:30:00-05:00,326.1099853515625,327.05999755859375,325.510009765625,326.8399963378906,243558.0
2026-01-06T12:30:00-05:00,327.25,328.44989013671875,326.9501037597656,327.9700012207031,190425.0
2026-01-06T13:30:00-05:00,328.06988525390625,330.3299865722656,327.5199890136719,330.05999755859375,254006.0
2026-01-06T14:30:00-05:00,330.05999755859375,332.5199890136719,329.92999267578125,332.4700012207031,319850.0
2026-01-06T15:30:00-05:00,332.239990234375,333.07000732421875,331.44000244140625,333.0400085449219,527389.0
2026-01-07T09:30:00-05:00,333.0,333.2699890136719,322.9649963378906,323.5799865722656,421301.0
2026-01-07T10:30:00-05:00,323.3800048828125,325.04998779296875,323.1549987792969,323.2250061035156,311575.0
2026-01-07T11:30:00-05:00,323.2250061035156,324.7799987792969,322.8599853515625,323.7049865722656,335692.0
2026-01-07T12:30:00-05:00,323.7049865722656,324.42498779296875,322.07000732421875,322.1300048828125,295218.0
2026-01-07T13:30:00-05:00,322.25,323.29998779296875,321.7699890136719,323.11199951171875,272344.0
2026-01-07T14:30:00-05:00,322.9700927734375,323.69500732421875,321.1499938964844,321.4150085449219,402813.0
2026-01-07T15:30:00-05:00,321.3599853515625,323.1390075683594,320.57000732421875,322.6000061035156,598890.0
2026-01-08T09:30:00-05:00,320.1099853515625,320.75,315.7749938964844,319.010009765625,1222926.0
2026-01-08T10:30:00-05:00,318.9200134277344,319.7049865722656,317.3599853515625,319.1549987792969,591077.0
2026-01-08T11:30:00-05:00,319.1549987792969,320.6199951171875,318.4800109863281,318.75,431244.0
2026-01-08T12:30:00-05:00,318.75,320.29998779296875,318.6099853515625,320.04998779296875,411701.0
2026-01-08T13:30:00-05:00,320.1499938964844,320.8599853515625,319.1300048828125,320.42498779296875,375403.0
2026-01-08T14:30:00-05:00,320.4200134277344,320.8599853515625,319.0299987792969,320.1050109863281,412954.0
2026-01-08T15:30:00-05:00,320.1099853515625,320.7300109863281,319.69000244140625,320.5799865722656,738875.0
2026-01-09T09:30:00-05:00,322.1499938964844,324.010009765625,320.7900085449219,323.70001220703125,428024.0
2026-01-09T10:30:00-05:00,323.6000061035156,324.010009765625,322.2101135253906,323.8999938964844,271144.0
2026-01-09T11:30:00-05:00,323.80999755859375,325.2200012207031,323.760009765625,324.3399963378906,252101.0
2026-01-09T12:30:00-05:00,324.45001220703125,325.19970703125,323.3800048828125,324.05999755859375,260451.0
2026-01-09T13:30:00-05:00,324.1698913574219,324.95001220703125,323.6199951171875,324.875,238684.0
2026-01-09T14:30:00-05:00,324.9200134277344,325.0,324.05999755859375,324.2900085449219,376834.0
2026-01-09T15:30:00-05:00,324.260009765625,325.1700134277344,324.260009765625,324.5199890136719,519989.0
2026-01-12T09:30:00-05:00,323.0899963378906,330.1700134277344,323.0899963378906,328.3999938964844,375489.0
2026-01-12T10:30:00-05:00,328.4800109863281,328.9700012207031,327.1499938964844,327.3362121582031,199445.0
2026-01-12T11:30:00-05:00,327.3599853515625,328.6600036621094,327.010009765625,327.3599853515625,157089.0
2026-01-12T12:30:00-05:00,327.3550109863281,328.47210693359375,327.2799987792969,328.05999755859375,153208.0
2026-01-12T13:30:00-05:00,327.989990234375,329.26849365234375,327.8900146484375,328.4649963378906,239461.0
2026-01-12T14:30:00-05:00,328.4784851074219,328.8699951171875,327.6700134277344,328.3550109863281,276241.0
2026-01-12T15:30:00-05:00,328.3550109863281,329.29998779296875,328.0899963378906,329.04998779296875,419589.0
2026-01-13T09:30:00-05:00,329.8699951171875,334.0,329.760009765625,331.885009765625,494918.0
2026-01-13T10:30:00-05:00,331.779296875,333.4800109863281,331.0,331.5299987792969,356955.0
2026-01-13T11:30:00-05:00,331.6214904785156,332.92999267578125,330.375,330.5249938964844,411867.0
2026-01-13T12:30:00-05:00,330.5899963378906,332.54998779296875,330.1099853515625,331.69500732421875,186583.0
2026-01-13T13:30:00-05:00,331.65008544921875,333.19500732421875,331.5,333.04998779296875,152554.0
2026-01-13T14:30:00-05:00,333.07000732421875,333.46990966796875,330.989990234375,331.07000732421875,195274.0
2026-01-13T15:30:00-05:00,331.0199890136719,332.45001220703125,330.4949951171875,332.3699951171875,351973.0
2026-01-14T09:30:00-05:00,331.07000732421875,334.46820068359375,330.4200134277344,331.1650085449219,485753.0
2026-01-14T10:30:00-05:00,331.1650085449219,332.55999755859375,329.0199890136719,330.7250061035156,289193.0
2026-01-14T11:30:00-05:00,330.92999267578125,331.6499938964844,329.3900146484375,329.9800109863281,184492.0
2026-01-14T12:30:00-05:00,329.94000244140625,330.28900146484375,328.2250061035156,329.0874938964844,150739.0
2026-01-14T13:30:00-05:00,329.0,329.739990234375,328.2699890136719,329.5450134277344,129156.0
2026-01-14T14:30:00-05:00,329.489990234375,330.3370056152344,329.0,329.9200134277344,253670.0
2026-01-14T15:30:00-05:00,330.1300048828125,331.5199890136719,329.739990234375,331.2200012207031,328430.0
2026-01-15T09:30:00-05:00,336.5199890136719,341.1380920410156,335.25,337.0,419785.0
2026-01-15T10:30:00-05:00,336.94500732421875,338.32989501953125,335.8800048828125,337.8500061035156,314400.0
2026-01-15T11:30:00-05:00,337.8599853515625,337.99371337890625,335.3500061035156,335.3500061035156,152322.0
2026-01-15T12:30:00-05:00,335.385009765625,336.0400085449219,334.680908203125,335.2250061035156,159957.0
2026-01-15T13:30:00-05:00,335.239990234375,335.4590148925781,333.44000244140625,333.614990234375,150557.0
2026-01-15T14:30:00-05:00,333.55999755859375,333.90899658203125,332.5400085449219,332.989990234375,218960.0
2026-01-15T15:30:00-05:00,332.9800109863281,333.4599914550781,332.69500732421875,333.45001220703125,312751.0
2026-01-16T09:30:00-05:00,343.45001220703125,348.2300109863281,340.57000732421875,344.95001220703125,1037217.0
2026-01-16T10:30:00-05:00,344.95001220703125,349.6000061035156,344.4100036621094,348.7200012207031,480924.0
2026-01-16T11:30:00-05:00,348.7200012207031,349.5116882324219,346.7900085449219,346.8550109863281,311893.0
2026-01-16T12:30:00-05:00,346.8550109863281,347.1098937988281,344.43499755859375,344.7449951171875,277168.0
2026-01-16T13:30:00-05:00,344.7449951171875,345.92999267578125,343.7799987792969,344.0199890136719,272737.0
2026-01-16T14:30:00-05:00,344.0199890136719,345.5899963378906,343.4601135253906,344.4599914550781,352638.0
2026-01-16T15:30:00-05:00,344.45001220703125,344.7099914550781,343.70001220703125,343.8299865722656,521371.0
2026-01-20T09:30:00-05:00,337.7799987792969,344.70001220703125,336.5039978027344,343.510009765625,608284.0
2026-01-20T10:30:00-05:00,343.510009765625,344.2550048828125,341.6300048828125,342.1700134277344,337327.0
2026-01-20T11:30:00-05:00,342.29998779296875,342.3800048828125,340.82000732421875,341.0799865722656,211531.0
2026-01-20T12:30:00-05:00,341.0299987792969,341.0299987792969,337.989990234375,339.8800048828125,295310.0
2026-01-20T13:30:00-05:00,339.760009765625,339.8500061035156,337.6400146484375,337.8800048828125,234587.0
2026-01-20T14:30:00-05:00,337.7799987792969,338.364990234375,337.1000061035156,337.9750061035156,261503.0
2026-01-20T15:30:00-05:00,337.989990234375,338.19000244140625,337.114990234375,337.6300048828125,406375.0
2026-01-21T09:30:00-05:00,340.010009765625,341.43499755859375,337.0,338.42999267578125,352027.0
2026-01-21T10:30:00-05:00,338.55999755859375,342.44000244140625,338.55999755859375,340.7250061035156,224738.0
2026-01-21T11:30:00-05:00,340.7467041015625,340.7467041015625,334.6499938964844,335.55999755859375,158679.0
2026-01-21T12:30:00-05:00,335.5400085449219,336.45001220703125,334.44000244140625,335.9649963378906,161731.0
2026-01-21T13:30:00-05:00,336.54998779296875,340.7300109863281,335.9599914550781,340.2626953125,451679.0
2026-01-21T14:30:00-05:00,340.3399963378906,342.54998779296875,337.3900146484375,337.8349914550781,502341.0
2026-01-21T15:30:00-05:00,337.8500061035156,338.07000732421875,336.7850036621094,337.9800109863281,484511.0
2026-01-22T09:30:00-05:00,342.1199951171875,343.0,331.9200134277344,332.8500061035156,577989.0
2026-01-22T10:30:00-05:00,332.8299865722656,335.45001220703125,331.6099853515625,335.04998779296875,320854.0
2026-01-22T11:30:00-05:00,335.2699890136719,336.0899963378906,333.9200134277344,335.0249938964844,234788.0
2026-01-22T12:30:00-05:00,334.7799987792969,336.29998779296875,334.6700134277344,334.864990234375,281283.0
2026-01-22T13:30:00-05:00,334.864990234375,335.1600036621094,334.135009765625,334.7300109863281,158549.0
2026-01-22T14:30:00-05:00,334.760009765625,334.80499267578125,333.0799865722656,333.4200134277344,242990.0
2026-01-22T15:30:00-05:00,333.3999938964844,334.2300109863281,333.07000732421875,333.80499267578125,349676.0
2026-01-23T09:30:00-05:00,335.6199951171875,336.7699890136719,332.2900085449219,334.19500732421875,347406.0
2026-01-23T10:30:00-05:00,334.19500732421875,335.9649963378906,333.2900085449219,334.67999267578125,207168.0
2026-01-23T11:30:00-05:00,334.70001220703125,334.9798889160156,333.5,333.989990234375,130141.0
2026-01-23T12:30:00-05:00,333.989990234375,334.07000732421875,331.25,332.2300109863281,203771.0
2026-01-23T13:30:00-05:00,332.3599853515625,333.1650085449219,331.385009765625,332.7449951171875,155641.0
2026-01-23T14:30:00-05:00,332.7325134277344,332.82501220703125,330.67999267578125,331.2598876953125,177980.0
2026-01-23T15:30:00-05:00,331.1000061035156,331.60699462890625,330.760009765625,331.1700134277344,505599.0
2026-01-26T09:30:00-05:00,331.2200012207031,332.56329345703125,327.6099853515625,328.3599853515625,621572.0
2026-01-26T10:30:00-05:00,328.29998779296875,329.1099853515625,327.5,328.81500244140625,250538.0
2026-01-26T11:30:00-05:00,328.8240051269531,331.9570007324219,328.69000244140625,331.5050048828125,390159.0
2026-01-26T12:30:00-05:00,331.510009765625,333.1650085449219,331.510009765625,333.1000061035156,185834.0
2026-01-26T13:30:00-05:00,333.0249938964844,333.2850036621094,332.43011474609375,333.1499938964844,150446.0
2026-01-26T14:30:00-05:00,333.0849914550781,333.6300048828125,332.20001220703125,332.2200012207031,238134.0
2026-01-26T15:30:00-05:00,332.239990234375,332.95001220703125,332.1400146484375,332.17999267578125,355594.0
2026-01-27T09:30:00-05:00,332.70001220703125,337.1300048828125,329.2300109863281,336.3800048828125,531997.0
2026-01-27T10:30:00-05:00,336.3399963378906,337.32000732421875,335.54998779296875,336.25,197229.0
2026-01-27T11:30:00-05:00,336.1099853515625,338.5400085449219,335.9100036621094,337.8500061035156,206536.0
2026-01-27T12:30:00-05:00,337.760009765625,338.82000732421875,337.1300048828125,338.7200012207031,253055.0
2026-01-27T13:30:00-05:00,338.82000732421875,341.9599914550781,338.70001220703125,341.135009765625,469304.0
2026-01-27T14:30:00-05:00,341.1614074707031,341.8800048828125,340.5899963378906,341.68499755859375,375115.0
2026-01-27T15:30:00-05:00,341.7049865722656,341.9200134277344,340.489990234375,341.3599853515625,435151.0
2026-01-28T09:30:00-05:00,341.0400085449219,345.32000732421875,340.0,343.7850036621094,614651.0
2026-01-28T10:30:00-05:00,343.7850036621094,344.6099853515625,343.2200012207031,343.8349914550781,227762.0
2026-01-28T11:30:00-05:00,343.8349914550781,345.9200134277344,343.21148681640625,345.42999267578125,249617.0
2026-01-28T12:30:00-05:00,345.3949890136719,346.135009765625,344.35699462890625,345.67999267578125,259033.0
2026-01-28T13:30:00-05:00,345.67498779296875,348.42999267578125,345.67498779296875,347.5350036621094,428316.0
2026-01-28T14:30:00-05:00,347.3999938964844,349.1499938964844,346.5199890136719,347.9200134277344,457713.0
2026-01-28T15:30:00-05:00,347.8399963378906,348.0150146484375,346.29998779296875,347.2799987792969,476055.0
2026-01-29T09:30:00-05:00,355.17999267578125,360.6300048828125,353.0,356.9200134277344,986610.0
2026-01-29T10:30:00-05:00,356.7799987792969,356.8800048828125,351.1199951171875,353.6449890136719,616282.0
2026-01-29T11:30:00-05:00,353.5799865722656,354.4898986816406,352.4100036621094,353.4200134277344,305786.0
2026-01-29T12:30:00-05:00,353.3699951171875,354.44989013671875,351.8500061035156,353.4100036621094,233025.0
2026-01-29T13:30:00-05:00,353.3800048828125,353.3999938964844,351.0400085449219,352.70001220703125,258768.0
2026-01-29T14:30:00-05:00,352.69500732421875,353.20001220703125,350.3609924316406,352.739990234375,414756.0
2026-01-29T15:30:00-05:00,352.6499938964844,354.3999938964844,352.2099914550781,354.2850036621094,648163.0
2026-01-30T09:30:00-05:00,350.8599853515625,355.409912109375,350.2229919433594,352.8299865722656,477417.0
2026-02-02T13:30:00-05:00,358.7200012207031,360.1499938964844,358.5,360.1499938964844,1473195.0
2026-02-02T14:30:00-05:00,360.1000061035156,361.3299865722656,358.43011474609375,359.5899963378906,623008.0
2026-02-02T15:30:00-05:00,359.5199890136719,360.5,359.2349853515625,359.4949951171875,833722.0
2026-02-03T09:30:00-05:00,349.510009765625,356.8599853515625,344.6400146484375,356.409912109375,1424165.0
2026-02-03T10:30:00-05:00,356.54998779296875,373.44000244140625,356.2950134277344,373.19000244140625,967705.0
2026-02-03T11:30:00-05:00,373.19000244140625,375.8900146484375,365.9501037597656,366.4800109863281,783372.0
2026-02-03T12:30:00-05:00,366.42999267578125,366.42999267578125,358.04998779296875,359.7124938964844,464980.0
2026-02-03T13:30:00-05:00,359.7049865722656,364.57000732421875,357.7099914550781,362.30499267578125,345023.0
2026-02-03T14:30:00-05:00,362.30499267578125,364.6799011230469,361.0199890136719,361.3699951171875,385195.0
2026-02-03T15:30:00-05:00,361.5050048828125,362.8399963378906,359.42999267578125,362.3399963378906,631779.0
2026-02-04T09:30:00-05:00,365.6000061035156,377.1199951171875,363.32000732421875,369.1199951171875,932608.0
2026-02-04T10:30:00-05:00,369.1300048828125,370.6499938964844,362.5,366.5299987792969,640474.0
2026-02-04T11:30:00-05:00,366.25,368.0799865722656,355.4200134277344,357.2428894042969,429704.0
2026-02-04T12:30:00-05:00,357.3500061035156,360.0899963378906,355.0,360.052490234375,388599.0
2026-02-04T13:30:00-05:00,360.0267028808594,362.760009765625,357.6400146484375,362.6400146484375,694148.0
2026-02-04T14:30:00-05:00,362.510009765625,367.8900146484375,362.3399963378906,366.4700012207031,713799.0
2026-02-04T15:30:00-05:00,366.6700134277344,367.8800048828125,364.2799987792969,364.9100036621094,630688.0
2026-02-05T09:30:00-05:00,360.7799987792969,362.2099914550781,353.3500061035156,354.8599853515625,729168.0
2026-02-05T10:30:00-05:00,354.8800048828125,359.71990966796875,354.2749938964844,358.79998779296875,322833.0
2026-02-05T11:30:00-05:00,358.9800109863281,360.44500732421875,357.2550048828125,357.8900146484375,258659.0
2026-02-05T12:30:00-05:00,357.8900146484375,359.64990234375,356.9800109863281,358.17999267578125,271934.0
2026-02-05T13:30:00-05:00,358.239990234375,359.95001220703125,356.010009765625,357.7974853515625,295436.0
2026-02-05T14:30:00-05:00,357.82000732421875,357.92999267578125,354.1401062011719,354.7674865722656,296677.0
2026-02-05T15:30:00-05:00,354.8399963378906,355.8900146484375,354.2099914550781,354.6499938964844,528652.0
2026-02-06T09:30:00-05:00,359.3599853515625,369.57000732421875,357.68499755859375,367.2799987792969,536883.0
2026-02-06T10:30:00-05:00,367.739990234375,369.70001220703125,367.5745849609375,369.5199890136719,368882.0
2026-02-06T11:30:00-05:00,369.5299987792969,370.9200134277344,367.6199951171875,368.7349853515625,352492.0
2026-02-06T12:30:00-05:00,368.7300109863281,369.6199951171875,367.54998779296875,369.0299987792969,197131.0
2026-02-06T13:30:00-05:00,369.0299987792969,371.92999267578125,369.0299987792969,371.69000244140625,280673.0
2026-02-06T14:30:00-05:00,371.6449890136719,374.6499938964844,371.57000732421875,374.3074951171875,376038.0
2026-02-06T15:30:00-05:00,374.2699890136719,374.8999938964844,373.5,373.69000244140625,470050.0
2026-02-09T09:30:00-05:00,373.0,376.42999267578125,370.760009765625,375.4100036621094,437769.0
2026-02-09T10:30:00-05:00,375.4200134277344,380.5199890136719,375.4150085449219,379.1099853515625,482455.0
2026-02-09T11:30:00-05:00,379.1600036621094,380.1400146484375,378.5,379.54998779296875,277567.0
2026-02-09T12:30:00-05:00,379.54998779296875,380.2699890136719,378.010009765625,378.75,284357.0
2026-02-09T13:30:00-05:00,378.75,380.1600036621094,378.4700012207031,378.8800048828125,246840.0
2026-02-09T14:30:00-05:00,378.885009765625,379.95989990234375,378.07000732421875,378.30499267578125,247731.0
2026-02-09T15:30:00-05:00,378.2799987792969,378.5249938964844,376.8999938964844,376.92999267578125,333369.0
2026-02-10T09:30:00-05:00,378.95001220703125,380.659912109375,375.5249938964844,379.16119384765625,234224.0
2026-02-10T10:30:00-05:00,379.1099853515625,380.8399963378906,377.9049987792969,380.6700134277344,199383.0
2026-02-10T11:30:00-05:00,380.6700134277344,381.75,379.32000732421875,381.0917053222656,183404.0
2026-02-10T12:30:00-05:00,381.1000061035156,382.20001220703125,379.760009765625,379.760009765625,130936.0
2026-02-10T13:30:00-05:00,379.7300109863281,380.989990234375,379.2799987792969,379.7300109863281,194525.0
2026-02-10T14:30:00-05:00,379.7300109863281,380.1300048828125,379.0899963378906,379.4324951171875,177716.0
2026-02-10T15:30:00-05:00,379.3500061035156,379.4591064453125,377.3999938964844,377.489990234375,268121.0
2026-02-11T09:30:00-05:00,394.0,401.0,390.59820556640625,392.5899963378906,1070484.0
2026-02-11T10:30:00-05:00,392.510009765625,397.3399963378906,391.885009765625,395.9549865722656,388082.0
2026-02-11T11:30:00-05:00,395.9549865722656,397.3900146484375,394.1050109863281,395.7950134277344,305720.0
2026-02-11T12:30:00-05:00,395.9200134277344,396.0899963378906,393.29998779296875,394.385009765625,312920.0
2026-02-11T13:30:00-05:00,394.3800048828125,394.67999267578125,392.3699951171875,393.4525146484375,332298.0
2026-02-11T14:30:00-05:00,393.57501220703125,395.7699890136719,393.44000244140625,395.4549865722656,425788.0
2026-02-11T15:30:00-05:00,395.4599914550781,396.5,395.2550048828125,396.1000061035156,552113.0
2026-02-12T09:30:00-05:00,400.0,408.45001220703125,399.69000244140625,405.6199951171875,1064056.0
2026-02-12T10:30:00-05:00,405.54998779296875,406.82000732421875,393.8900146484375,393.95001220703125,1020218.0
2026-02-12T11:30:00-05:00,393.9100036621094,396.2699890136719,391.618408203125,392.8900146484375,398627.0
2026-02-12T12:30:00-05:00,393.1600036621094,395.0899963378906,389.19000244140625,390.42999267578125,317347.0
2026-02-12T13:30:00-05:00,390.3399963378906,392.885009765625,389.3999938964844,391.6700134277344,280235.0
2026-02-12T14:30:00-05:00,391.5400085449219,392.875,389.260009765625,389.260009765625,294019.0
2026-02-12T15:30:00-05:00,389.2550048828125,390.79998779296875,388.510009765625,390.3599853515625,567246.0
2026-02-13T09:30:00-05:00,392.2099914550781,394.20001220703125,385.25,388.6123962402344,440708.0
2026-02-13T10:30:00-05:00,388.8399963378906,393.30999755859375,388.8399963378906,393.2900085449219,312809.0
2026-02-13T11:30:00-05:00,393.1700134277344,393.5150146484375,390.95001220703125,393.17999267578125,308838.0
2026-02-13T12:30:00-05:00,393.1549987792969,394.5,392.1600036621094,392.239990234375,163241.0
2026-02-13T13:30:00-05:00,392.2349853515625,393.3550109863281,391.7200012207031,392.05999755859375,130173.0
2026-02-13T14:30:00-05:00,391.9700012207031,392.739990234375,388.0799865722656,388.30999755859375,214576.0
2026-02-13T15:30:00-05:00,388.32000732421875,389.29998779296875,387.49591064453125,389.17999267578125,314885.0
2026-02-17T09:30:00-05:00,386.7799987792969,391.0799865722656,384.3590087890625,389.0849914550781,399725.0
2026-02-17T10:30:00-05:00,389.0950012207031,392.7300109863281,386.45001220703125,389.67498779296875,259087.0
2026-02-17T11:30:00-05:00,389.67498779296875,391.05999755859375,389.04998779296875,390.1199951171875,152449.0
2026-02-17T12:30:00-05:00,390.2099914550781,390.75518798828125,387.910888671875,390.3399963378906,107511.0
2026-02-17T13:30:00-05:00,390.3299865722656,392.1199951171875,390.1499938964844,390.80999755859375,142709.0
2026-02-17T14:30:00-05:00,390.80999755859375,391.6300048828125,389.67999267578125,390.1499938964844,144305.0
2026-02-17T15:30:00-05:00,390.010009765625,393.2300109863281,389.2200012207031,391.57000732421875,523188.0
2026-02-18T09:30:00-05:00,393.8900146484375,397.0,388.8699951171875,391.7699890136719,384287.0
2026-02-18T10:30:00-05:00,391.92999267578125,392.2799987792969,388.17498779296875,388.57000732421875,248296.0
2026-02-18T11:30:00-05:00,388.5799865722656,388.9700012207031,386.3699951171875,386.9700012207031,223716.0
2026-02-18T12:30:00-05:00,386.9700012207031,387.2699890136719,384.8399963378906,385.17999267578125,148330.0
2026-02-18T13:30:00-05:00,385.2200012207031,385.2749938964844,381.19000244140625,382.2799987792969,338780.0
2026-02-18T14:30:00-05:00,382.45001220703125,382.5,379.0199890136719,379.9100036621094,360955.0
2026-02-18T15:30:00-05:00,379.92999267578125,382.7300109863281,379.9200134277344,380.3399963378906,451555.0
2026-02-19T09:30:00-05:00,379.0,382.8999938964844,377.79998779296875,379.05999755859375,308285.0
2026-02-19T10:30:00-05:00,379.1400146484375,381.7300109863281,378.92498779296875,380.29998779296875,215082.0
2026-02-19T11:30:00-05:00,380.2900085449219,381.1499938964844,377.70001220703125,378.2850036621094,197162.0
2026-02-19T12:30:00-05:00,378.260009765625,378.79998779296875,375.739990234375,376.6199951171875,248989.0
2026-02-19T13:30:00-05:00,376.6199951171875,379.2950134277344,376.3399963378906,378.1499938964844,244324.0
2026-02-19T14:30:00-05:00,378.0199890136719,378.54998779296875,376.239990234375,376.4700012207031,303130.0
2026-02-19T15:30:00-05:00,376.4200134277344,377.9100036621094,376.4200134277344,377.30999755859375,418142.0
2026-02-20T09:30:00-05:00,375.1700134277344,378.4999084472656,371.25,376.885009765625,388300.0
2026-02-20T10:30:00-05:00,376.885009765625,378.2799987792969,372.7749938964844,372.7749938964844,315377.0
2026-02-20T11:30:00-05:00,372.5,373.1400146484375,370.0199890136719,370.1499938964844,218476.0
2026-02-20T12:30:00-05:00,370.260009765625,372.6099853515625,370.1499938964844,371.135009765625,216780.0
2026-02-20T13:30:00-05:00,370.9700012207031,373.4700012207031,370.760009765625,371.9849853515625,188363.0
2026-02-20T14:30:00-05:00,372.04998779296875,372.6925048828125,371.3999938964844,372.1600036621094,277151.0
2026-02-20T15:30:00-05:00,372.1449890136719,373.5299987792969,371.75,373.5299987792969,376173.0
2026-02-23T09:30:00-05:00,367.1199951171875,368.5799865722656,362.0199890136719,362.7900085449219,561920.0
2026-02-23T10:30:00-05:00,362.7799987792969,363.6400146484375,360.1700134277344,361.0299987792969,405203.0
2026-02-23T11:30:00-05:00,361.135009765625,361.67498779296875,359.8399963378906,360.79998779296875,287961.0
2026-02-23T12:30:00-05:00,360.739990234375,363.5199890136719,360.3800048828125,363.510009765625,286812.0
2026-02-23T13:30:00-05:00,363.5199890136719,363.5199890136719,361.9700012207031,362.052490234375,175905.0
2026-02-23T14:30:00-05:00,361.9800109863281,362.75,361.5,362.625,311586.0
2026-02-23T15:30:00-05:00,362.5799865722656,363.3399963378906,360.989990234375,362.1499938964844,451338.0
2026-02-24T09:30:00-05:00,364.0,375.80999755859375,363.1700134277344,375.80999755859375,362150.0
2026-02-24T10:30:00-05:00,375.3999938964844,377.7499084472656,372.8500061035156,373.0732116699219,333784.0
2026-02-24T11:30:00-05:00,373.0199890136719,375.8800048828125,372.3699951171875,375.5450134277344,185074.0
2026-02-24T12:30:00-05:00,375.62890625,376.5494079589844,374.92010498046875,376.0400085449219,155244.0
2026-02-24T13:30:00-05:00,376.07000732421875,376.82501220703125,374.760009765625,375.3900146484375,139231.0
2026-02-24T14:30:00-05:00,375.3500061035156,375.5199890136719,373.010009765625,373.739990234375,203503.0
2026-02-24T15:30:00-05:00,373.7449951171875,375.0400085449219,373.3699951171875,374.5299987792969,335225.0
2026-02-25T09:30:00-05:00,374.17999267578125,377.05999755859375,368.8500061035156,370.3800048828125,484318.0
2026-02-25T10:30:00-05:00,369.8999938964844,374.2901916503906,369.43011474609375,374.0799865722656,203974.0
2026-02-25T11:30:00-05:00,374.1499938964844,375.8599853515625,373.70001220703125,374.8450012207031,196744.0
2026-02-25T12:30:00-05:00,374.8450012207031,375.54998779296875,374.4179992675781,374.9649963378906,124977.0
2026-02-25T13:30:00-05:00,375.010009765625,376.1300048828125,374.8399963378906,375.7200012207031,105475.0
2026-02-25T14:30:00-05:00,375.7099914550781,376.4100036621094,374.82000732421875,374.9599914550781,159451.0
2026-02-25T15:30:00-05:00,374.9200134277344,375.0199890136719,373.1700134277344,373.5299987792969,306314.0
2026-02-26T09:30:00-05:00,373.1499938964844,374.7200012207031,360.260009765625,361.8399963378906,332576.0
2026-02-26T10:30:00-05:00,361.67999267578125,370.5199890136719,361.45001220703125,370.4200134277344,237302.0
2026-02-26T11:30:00-05:00,370.42498779296875,370.5199890136719,367.3900146484375,367.5299987792969,155233.0
2026-02-26T12:30:00-05:00,367.6000061035156,368.82501220703125,367.0212097167969,368.7300109863281,116138.0
2026-02-26T13:30:00-05:00,368.8900146484375,371.5899963378906,368.5199890136719,371.1400146484375,121035.0
2026-02-26T14:30:00-05:00,371.18499755859375,374.2699890136719,371.1200866699219,373.510009765625,159587.0
2026-02-26T15:30:00-05:00,373.5199890136719,374.7200012207031,373.45001220703125,374.6099853515625,234768.0
2026-02-27T09:30:00-05:00,366.7799987792969,374.3299865722656,365.29998779296875,373.1600036621094,304050.0
2026-02-27T10:30:00-05:00,373.1650085449219,374.6000061035156,371.8399963378906,373.3699951171875,158021.0
2026-02-27T11:30:00-05:00,373.5299987792969,374.5400085449219,369.2900085449219,369.2900085449219,159679.0
2026-02-27T12:30:00-05:00,369.2900085449219,370.8598937988281,369.2301025390625,370.625,107436.0
2026-02-27T13:30:00-05:00,370.635009765625,373.1400146484375,370.0899963378906,372.0950012207031,132059.0
2026-02-27T14:30:00-05:00,372.1099853515625,374.1581115722656,371.29998779296875,373.67498779296875,170901.0
2026-02-27T15:30:00-05:00,373.6650085449219,376.45989990234375,373.6650085449219,375.8699951171875,304277.0
2026-03-02T09:30:00-05:00,369.8399963378906,377.7900085449219,367.6199951171875,375.32000732421875,328819.0
2026-03-02T10:30:00-05:00,375.2200012207031,375.55999755859375,372.9200134277344,373.45001220703125,188003.0
2026-03-02T11:30:00-05:00,373.4150085449219,376.0,372.80999755859375,375.5,141837.0
2026-03-02T12:30:00-05:00,375.4648132324219,377.0,374.9599914550781,376.29998779296875,224944.0
2026-03-02T13:30:00-05:00,376.5216979980469,377.0299987792969,374.8699951171875,376.9599914550781,157201.0
2026-03-02T14:30:00-05:00,376.9200134277344,377.70001220703125,375.0950012207031,376.2900085449219,191023.0
2026-03-02T15:30:00-05:00,376.2200012207031,378.07000732421875,376.1199951171875,377.3900146484375,290998.0
2026-03-03T09:30:00-05:00,362.80999755859375,365.8299865722656,350.75,350.8900146484375,760260.0
2026-03-03T10:30:00-05:00,351.3299865722656,357.5899963378906,351.010009765625,356.864990234375,377561.0
2026-03-03T11:30:00-05:00,356.864990234375,360.8299865722656,356.17498779296875,360.4649963378906,225415.0
2026-03-03T12:30:00-05:00,360.19000244140625,360.260009765625,356.6600036621094,357.7300109863281,148046.0
2026-03-03T13:30:00-05:00,357.74920654296875,359.3299865722656,355.110107421875,355.25,245339.0
2026-03-03T14:30:00-05:00,355.3550109863281,357.51690673828125,354.3900146484375,356.7099914550781,232145.0
2026-03-03T15:30:00-05:00,356.7200012207031,356.7449951171875,354.29998779296875,355.55999755859375,359710.0
2026-03-04T09:30:00-05:00,357.9200134277344,360.989990234375,351.3089904785156,358.3399963378906,390104.0
2026-03-04T10:30:00-05:00,358.510009765625,359.0150146484375,354.2099914550781,355.0799865722656,209164.0
2026-03-04T11:30:00-05:00,355.20001220703125,357.0799865722656,354.7644958496094,355.1050109863281,148042.0
2026-03-04T12:30:00-05:00,355.1050109863281,356.6499938964844,353.9700012207031,354.19000244140625,162820.0
2026-03-04T13:30:00-05:00,354.3299865722656,357.4986877441406,354.1199951171875,356.9800109863281,123746.0
2026-03-04T14:30:00-05:00,356.9800109863281,357.7898864746094,356.2799987792969,356.44000244140625,140385.0
2026-03-04T15:30:00-05:00,356.4100036621094,356.5229797363281,354.44000244140625,354.45001220703125,246269.0
2026-03-05T09:30:00-05:00,351.2799987792969,356.2950134277344,350.1000061035156,354.9200134277344,314808.0
2026-03-05T10:30:00-05:00,354.739990234375,355.0199890136719,349.5,349.70001220703125,239979.0
2026-03-05T11:30:00-05:00,349.7200012207031,352.614990234375,349.3299865722656,349.69000244140625,274137.0
2026-03-05T12:30:00-05:00,349.7200012207031,349.7300109863281,345.7699890136719,346.9100036621094,506183.0
2026-03-05T13:30:00-05:00,346.92498779296875,349.364990234375,346.1099853515625,349.364990234375,254646.0
2026-03-05T14:30:00-05:00,349.1499938964844,352.9700012207031,348.1499938964844,352.010009765625,295655.0
2026-03-05T15:30:00-05:00,352.0199890136719,355.7099914550781,351.1099853515625,354.6300048828125,533487.0
2026-03-06T09:30:00-05:00,346.29998779296875,349.94000244140625,340.6549987792969,349.2025146484375,612111.0
2026-03-06T10:30:00-05:00,349.3500061035156,350.57000732421875,347.4574890136719,348.2200012207031,329419.0
2026-03-06T11:30:00-05:00,348.2200012207031,351.5,347.7099914550781,350.55499267578125,222134.0
2026-03-06T12:30:00-05:00,350.3900146484375,353.3900146484375,349.0,351.7650146484375,344738.0
2026-03-06T13:30:00-05:00,351.8399963378906,352.2550048828125,350.0400085449219,351.1300048828125,227398.0
2026-03-06T14:30:00-05:00,350.9200134277344,353.8500061035156,349.3500061035156,349.7900085449219,634625.0
2026-03-06T15:30:00-05:00,349.8999938964844,350.7749938964844,347.75,347.79998779296875,711220.0
2026-03-09T09:30:00-04:00,343.32000732421875,344.6600036621094,338.25,342.57000732421875,409725.0
2026-03-09T10:30:00-04:00,342.50030517578125,344.2699890136719,340.4700012207031,342.2099914550781,325274.0
2026-03-09T11:30:00-04:00,342.20001220703125,344.4100036621094,340.9100036621094,343.3564147949219,206328.0
2026-03-09T12:30:00-04:00,343.30999755859375,346.8599853515625,342.57000732421875,343.67999267578125,237246.0
2026-03-09T13:30:00-04:00,343.7850036621094,349.0050048828125,343.2200012207031,348.82000732421875,375240.0
2026-03-09T14:30:00-04:00,348.989990234375,354.3800048828125,347.3550109863281,354.25,449898.0
2026-03-09T15:30:00-04:00,354.239990234375,355.54998779296875,352.739990234375,353.9599914550781,661135.0
2026-03-10T09:30:00-04:00,353.6700134277344,360.7099914550781,351.5799865722656,360.260009765625,327841.0
2026-03-10T10:30:00-04:00,360.2699890136719,363.6199951171875,360.1000061035156,360.760009765625,384005.0
2026-03-10T11:30:00-04:00,360.9200134277344,363.3599853515625,360.4700012207031,362.614990234375,444475.0
2026-03-10T12:30:00-04:00,362.6600036621094,368.1600036621094,362.29998779296875,368.1600036621094,422463.0
2026-03-10T13:30:00-04:00,368.07000732421875,368.2900085449219,362.6600036621094,362.67999267578125,490948.0
2026-03-10T14:30:00-04:00,362.7799987792969,364.0,361.94000244140625,362.3299865722656,381415.0
2026-03-10T15:30:00-04:00,362.1099853515625,362.9100036621094,360.2200012207031,361.07000732421875,477675.0
2026-03-11T09:30:00-04:00,361.010009765625,361.7099914550781,356.7200012207031,358.1099853515625,319800.0
2026-03-11T10:30:00-04:00,358.1199951171875,362.6199951171875,357.8999938964844,359.31500244140625,207584.0
2026-03-11T11:30:00-04:00,359.2900085449219,360.5899963378906,358.5400085449219,359.94000244140625,292379.0
2026-03-11T12:30:00-04:00,359.94000244140625,362.44000244140625,359.8951110839844,362.0,367878.0
2026-03-11T13:30:00-04:00,362.0199890136719,362.9700012207031,358.8299865722656,360.07000732421875,305266.0
2026-03-11T14:30:00-04:00,360.1099853515625,360.1300048828125,356.05499267578125,356.3800048828125,254787.0
2026-03-11T15:30:00-04:00,356.3500061035156,357.239990234375,355.3949890136719,355.7900085449219,496648.0
2026-03-12T09:30:00-04:00,352.1700134277344,355.1300048828125,349.7699890136719,349.8900146484375,383914.0
2026-03-12T10:30:00-04:00,349.885009765625,349.8900146484375,345.44000244140625,348.7449951171875,258779.0
2026-03-12T11:30:00-04:00,349.0498962402344,354.2650146484375,348.44000244140625,352.92999267578125,324173.0
2026-03-12T12:30:00-04:00,352.9949951171875,354.5398864746094,351.5,351.9013977050781,201114.0
2026-03-12T13:30:00-04:00,352.260009765625,353.57000732421875,350.6199951171875,351.2799987792969,216158.0
2026-03-12T14:30:00-04:00,351.2701110839844,352.1400146484375,349.864990234375,350.2850036621094,202695.0
2026-03-12T15:30:00-04:00,350.19000244140625,350.8900146484375,347.8699951171875,348.7300109863281,377737.0
2026-03-13T09:30:00-04:00,354.17999267578125,354.17999267578125,347.510009765625,349.239990234375,386113.0
2026-03-13T10:30:00-04:00,349.2699890136719,350.2449951171875,346.0,348.2850036621094,254001.0
2026-03-13T11:30:00-04:00,348.42999267578125,349.8599853515625,347.2699890136719,349.3699951171875,237603.0
2026-03-13T12:30:00-04:00,349.4800109863281,355.4700012207031,347.9200134277344,354.44000244140625,488294.0
2026-03-13T13:30:00-04:00,354.7099914550781,360.989990234375,353.3999938964844,353.625,600750.0
2026-03-13T14:30:00-04:00,353.75,356.2200012207031,353.29998779296875,353.4649963378906,588414.0
2026-03-13T15:30:00-04:00,353.4200134277344,356.0299987792969,351.8800048828125,355.3299865722656,581253.0
2026-03-16T09:30:00-04:00,360.9700012207031,368.0,360.0,366.8301086425781,559401.0
2026-03-16T10:30:00-04:00,366.8900146484375,366.9100036621094,364.4800109863281,366.30999755859375,384454.0
2026-03-16T11:30:00-04:00,366.2250061035156,367.7300109863281,362.1099853515625,363.0950012207031,404366.0
2026-03-16T12:30:00-04:00,363.0849914550781,363.2200012207031,360.510009765625,360.7300109863281,402403.0
2026-03-16T13:30:00-04:00,360.7250061035156,362.20001220703125,359.4700012207031,361.8399963378906,247094.0
2026-03-16T14:30:00-04:00,361.8450012207031,363.6600036621094,361.3599853515625,361.67999267578125,346807.0
2026-03-16T15:30:00-04:00,361.760009765625,362.2200012207031,359.3599853515625,361.0400085449219,563541.0
2026-03-17T09:30:00-04:00,365.7300109863281,366.6300048828125,355.260009765625,356.2799987792969,298874.0
2026-03-17T10:30:00-04:00,356.67999267578125,361.3599853515625,356.3699951171875,359.44000244140625,189410.0
2026-03-17T11:30:00-04:00,359.3599853515625,360.864990234375,358.2099914550781,360.7749938964844,217816.0
2026-03-17T12:30:00-04:00,360.7749938964844,361.8900146484375,360.05999755859375,361.1449890136719,123514.0
2026-03-17T13:30:00-04:00,361.05999755859375,363.44171142578125,360.9599914550781,362.3900146484375,182162.0
2026-03-17T14:30:00-04:00,362.4949951171875,363.8399963378906,362.3900146484375,363.2550048828125,201426.0
2026-03-17T15:30:00-04:00,363.2699890136719,364.0400085449219,362.57000732421875,363.9700012207031,341540.0
2026-03-18T09:30:00-04:00,365.0,370.3800048828125,362.93499755859375,364.0849914550781,405507.0
2026-03-18T10:30:00-04:00,363.8999938964844,366.04998779296875,361.8599853515625,362.3500061035156,278358.0
2026-03-18T11:30:00-04:00,362.3349914550781,363.6400146484375,361.5,362.8399963378906,197734.0
2026-03-18T12:30:00-04:00,362.8399963378906,365.2799987792969,362.1400146484375,365.2550048828125,161582.0
2026-03-18T13:30:00-04:00,365.260009765625,366.92498779296875,364.4200134277344,366.1300048828125,185855.0
2026-03-18T14:30:00-04:00,366.1300048828125,366.2099914550781,361.2900085449219,361.52349853515625,244009.0
2026-03-18T15:30:00-04:00,361.5325012207031,361.864990234375,359.8399963378906,360.4599914550781,246524.0
2026-03-19T09:30:00-04:00,353.8800048828125,356.2799987792969,348.8500061035156,351.7200012207031,426942.0
2026-03-19T10:30:00-04:00,351.8349914550781,358.2829895019531,351.8349914550781,355.96990966796875,249980.0
2026-03-19T11:30:00-04:00,355.7749938964844,356.8800048828125,354.3550109863281,356.760009765625,163676.0
2026-03-19T12:30:00-04:00,356.7699890136719,358.4599914550781,355.7601013183594,356.7699890136719,135185.0
2026-03-19T13:30:00-04:00,356.7950134277344,358.9800109863281,355.70001220703125,357.8299865722656,117338.0
2026-03-19T14:30:00-04:00,357.92999267578125,362.9915466308594,356.8900146484375,360.20001220703125,196843.0
2026-03-19T15:30:00-04:00,360.2099914550781,361.0899963378906,358.9100036621094,360.1600036621094,354870.0
2026-03-20T09:30:00-04:00,361.489990234375,367.05419921875,358.42999267578125,359.1300048828125,1288333.0
2026-03-20T10:30:00-04:00,359.1400146484375,363.239990234375,357.4700012207031,361.1600036621094,285654.0
2026-03-20T11:30:00-04:00,361.2449951171875,362.2200012207031,360.6000061035156,361.2250061035156,196565.0
2026-03-20T12:30:00-04:00,361.2250061035156,361.2250061035156,358.16009521484375,358.32501220703125,370651.0
2026-03-20T13:30:00-04:00,358.3699951171875,358.69000244140625,353.79010009765625,355.6600036621094,254260.0
2026-03-20T14:30:00-04:00,355.6600036621094,356.989990234375,354.0899963378906,354.8599853515625,374096.0
2026-03-20T15:30:00-04:00,354.94000244140625,357.3699951171875,353.65008544921875,356.8599853515625,434520.0
2026-03-23T09:30:00-04:00,362.69000244140625,369.8949890136719,360.3599853515625,368.7250061035156,413198.0
2026-03-23T10:30:00-04:00,368.7250061035156,370.9700012207031,367.7099914550781,369.5799865722656,323040.0
2026-03-23T11:30:00-04:00,369.69000244140625,369.79998779296875,360.32000732421875,360.5,351173.0
2026-03-23T12:30:00-04:00,360.05010986328125,363.489990234375,360.05010986328125,361.6099853515625,200542.0
2026-03-23T13:30:00-04:00,361.5400085449219,364.07000732421875,361.1050109863281,363.0,205639.0
2026-03-23T14:30:00-04:00,363.0150146484375,364.9624938964844,362.5,362.5899963378906,302393.0
2026-03-23T15:30:00-04:00,362.5899963378906,363.239990234375,359.55999755859375,359.80499267578125,413070.0
2026-03-24T09:30:00-04:00,359.67999267578125,364.8599853515625,356.6424865722656,364.135009765625,285987.0
2026-03-24T10:30:00-04:00,364.135009765625,370.2300109863281,362.1000061035156,369.7449951171875,282508.0
2026-03-24T11:30:00-04:00,369.7049865722656,371.92999267578125,369.25,371.5350036621094,244130.0
2026-03-24T12:30:00-04:00,371.6059265136719,373.3500061035156,370.7659912109375,371.0450134277344,276218.0
2026-03-24T13:30:00-04:00,371.0450134277344,372.7900085449219,369.6050109863281,372.6700134277344,219791.0
2026-03-24T14:30:00-04:00,372.6700134277344,375.7799987792969,372.3999938964844,375.25,275434.0
2026-03-24T15:30:00-04:00,375.17498779296875,375.92999267578125,373.6499938964844,374.07000732421875,397004.0
2026-03-25T09:30:00-04:00,378.4700012207031,380.44500732421875,373.0400085449219,375.2799987792969,512307.0
2026-03-25T10:30:00-04:00,375.2200012207031,376.260009765625,372.7699890136719,375.3450012207031,274580.0
2026-03-25T11:30:00-04:00,375.3800048828125,375.67999267578125,372.7674865722656,373.7149963378906,272596.0
2026-03-25T12:30:00-04:00,373.7149963378906,376.1199951171875,373.5400085449219,375.20001220703125,136303.0
2026-03-25T13:30:00-04:00,375.30999755859375,377.69000244140625,374.94000244140625,377.30499267578125,193158.0
2026-03-25T14:30:00-04:00,377.4200134277344,377.6600036621094,375.2149963378906,376.0400085449219,217010.0
2026-03-25T15:30:00-04:00,375.9700012207031,376.06500244140625,374.8900146484375,375.1400146484375,401109.0
2026-03-26T09:30:00-04:00,370.75,373.3800048828125,367.55999755859375,369.9200134277344,352110.0
2026-03-26T10:30:00-04:00,369.6000061035156,370.8999938964844,363.4200134277344,365.2850036621094,289454.0
2026-03-26T11:30:00-04:00,365.17999267578125,365.3500061035156,361.0799865722656,361.1300048828125,162280.0
2026-03-26T12:30:00-04:00,361.2550048828125,361.6000061035156,356.7799987792969,360.4601135253906,223333.0
2026-03-26T13:30:00-04:00,360.4599914550781,361.3500061035156,358.8800048828125,359.7300109863281,169363.0
2026-03-26T14:30:00-04:00,359.9049987792969,360.7745056152344,358.1600036621094,358.9200134277344,190526.0
2026-03-26T15:30:00-04:00,358.8999938964844,359.239990234375,356.6700134277344,357.19000244140625,322086.0
2026-03-27T09:30:00-04:00,356.5799865722656,363.32000732421875,356.5,359.8999938964844,389428.0
2026-03-27T10:30:00-04:00,359.5899963378906,359.8299865722656,356.7699890136719,358.7300109863281,192525.0
2026-03-27T11:30:00-04:00,358.6700134277344,361.6099853515625,357.9750061035156,358.29998779296875,182300.0
2026-03-27T12:30:00-04:00,358.30999755859375,360.6099853515625,357.79998779296875,357.9599914550781,186842.0
2026-03-27T13:30:00-04:00,357.94500732421875,358.6199951171875,356.5209045410156,357.29998779296875,165527.0
2026-03-27T14:30:00-04:00,357.2699890136719,358.3599853515625,356.9150085449219,357.1300048828125,247520.0
2026-03-27T15:30:00-04:00,357.20001220703125,357.9700012207031,355.5400085449219,357.19000244140625,357598.0
2026-03-30T09:30:00-04:00,359.8900146484375,363.9150085449219,347.3599853515625,349.6099853515625,616434.0
2026-03-30T10:30:00-04:00,349.739990234375,350.5400085449219,342.0,346.8699951171875,440434.0
2026-03-30T11:30:00-04:00,346.8800048828125,349.8599853515625,345.3550109863281,346.2850036621094,291832.0
2026-03-30T12:30:00-04:00,346.1400146484375,348.5899963378906,345.4700012207031,345.5,218558.0
2026-03-30T13:30:00-04:00,345.5,346.82000732421875,344.4599914550781,345.1000061035156,180703.0
2026-03-30T14:30:00-04:00,345.2099914550781,346.2040100097656,342.3599853515625,343.0950012207031,250273.0
2026-03-30T15:30:00-04:00,343.17999267578125,344.6300048828125,342.80999755859375,343.57000732421875,442354.0
2026-03-31T09:30:00-04:00,347.2850036621094,353.44000244140625,346.1000061035156,352.5299987792969,274674.0
2026-03-31T10:30:00-04:00,352.5299987792969,352.7099914550781,348.1499938964844,350.760009765625,167511.0
2026-03-31T11:30:00-04:00,350.68499755859375,351.2099914550781,348.95001220703125,350.614990234375,200659.0
2026-03-31T12:30:00-04:00,350.6099853515625,359.2799987792969,350.3699951171875,355.7225036621094,229554.0
2026-03-31T13:30:00-04:00,355.9700012207031,356.9800109863281,354.6300048828125,355.81500244140625,166865.0
2026-03-31T14:30:00-04:00,355.79998779296875,357.7650146484375,355.7300109863281,357.2049865722656,236957.0
2026-03-31T15:30:00-04:00,357.1499938964844,358.4100036621094,356.85009765625,357.6700134277344,370828.0
2026-04-01T09:30:00-04:00,362.05999755859375,367.6499938964844,361.739990234375,366.3800048828125,289856.0
2026-04-01T10:30:00-04:00,366.36749267578125,367.010009765625,364.739990234375,365.75,181027.0
2026-04-01T11:30:00-04:00,365.6499938964844,367.69000244140625,364.9501037597656,366.4599914550781,137288.0
2026-04-01T12:30:00-04:00,366.42999267578125,368.3999938964844,365.9100036621094,368.31500244140625,120415.0
2026-04-01T13:30:00-04:00,368.25,368.42999267578125,363.8999938964844,364.4599914550781,201475.0
2026-04-01T14:30:00-04:00,364.57989501953125,366.0199890136719,364.0,365.8599853515625,251444.0
2026-04-01T15:30:00-04:00,365.8699951171875,366.4599914550781,364.9599914550781,365.5400085449219,401922.0
2026-04-02T09:30:00-04:00,354.31500244140625,360.0,351.6400146484375,358.32000732421875,310818.0
2026-04-02T10:30:00-04:00,358.2650146484375,365.9849853515625,357.9700012207031,362.70001220703125,148437.0
2026-04-02T11:30:00-04:00,362.7650146484375,363.1400146484375,360.5050048828125,361.2550048828125,106483.0
2026-04-02T12:30:00-04:00,361.2149963378906,363.5,360.5899963378906,362.1700134277344,99550.0
2026-04-02T13:30:00-04:00,362.1600036621094,362.1600036621094,360.340087890625,360.6000061035156,95447.0
2026-04-02T14:30:00-04:00,360.6099853515625,361.95001220703125,360.43341064453125,361.9100036621094,109932.0
2026-04-02T15:30:00-04:00,361.7799987792969,362.6700134277344,360.9100036621094,361.2799987792969,253198.0
2026-04-06T09:30:00-04:00,361.0,362.3999938964844,357.0700988769531,359.92999267578125,151661.0
2026-04-06T10:30:00-04:00,359.92498779296875,361.0,359.0,360.43499755859375,153941.0
2026-04-06T11:30:00-04:00,360.510009765625,361.7349853515625,359.7200012207031,360.9599914550781,142511.0
2026-04-06T12:30:00-04:00,360.8699951171875,361.6000061035156,360.19000244140625,361.0899963378906,93574.0
2026-04-06T13:30:00-04:00,361.0899963378906,363.2300109863281,360.1700134277344,362.79998779296875,88656.0
2026-04-06T14:30:00-04:00,362.94989013671875,363.1700134277344,362.2900085449219,362.9949951171875,147008.0
2026-04-06T15:30:00-04:00,362.9949951171875,364.2099914550781,362.79998779296875,364.0899963378906,298521.0
2026-04-07T09:30:00-04:00,363.0,364.2099914550781,359.7099914550781,362.6549987792969,201224.0
2026-04-07T10:30:00-04:00,362.8399963378906,364.6300048828125,361.0899963378906,362.2799987792969,149809.0
2026-04-07T11:30:00-04:00,362.2440490722656,365.95001220703125,361.3699951171875,364.760009765625,175531.0
2026-04-07T12:30:00-04:00,364.6600036621094,365.8999938964844,364.5350036621094,364.7850036621094,100882.0
2026-04-07T13:30:00-04:00,364.7900085449219,366.95001220703125,364.7900085449219,364.94000244140625,129160.0
2026-04-07T14:30:00-04:00,364.8800048828125,366.55999755859375,362.8599853515625,365.6400146484375,299958.0
2026-04-07T15:30:00-04:00,365.489990234375,369.1099853515625,365.1499938964844,368.9150085449219,447220.0
2026-04-08T09:30:00-04:00,388.5,390.9700012207031,385.3301086425781,385.489990234375,517307.0
2026-04-08T10:30:00-04:00,385.6400146484375,385.8500061035156,381.1700134277344,384.2099914550781,209867.0
2026-04-08T11:30:00-04:00,384.2099914550781,384.5899963378906,383.1499938964844,383.9200134277344,215692.0
2026-04-08T12:30:00-04:00,383.8992919921875,384.260009765625,383.3299865722656,383.67999267578125,136627.0
2026-04-08T13:30:00-04:00,383.68499755859375,386.3900146484375,383.635009765625,385.2699890136719,145582.0
2026-04-08T14:30:00-04:00,385.2799987792969,385.9800109863281,383.7200012207031,385.6099853515625,186323.0
2026-04-08T15:30:00-04:00,385.5874938964844,387.0899963378906,385.489990234375,385.5899963378906,314511.0
2026-04-09T09:30:00-04:00,386.0,391.7699890136719,385.7099914550781,388.07000732421875,255853.0
2026-04-09T10:30:00-04:00,388.0,391.4800109863281,387.45001220703125,390.80999755859375,277643.0
2026-04-09T11:30:00-04:00,390.8500061035156,395.739990234375,390.69000244140625,395.56500244140625,224903.0
2026-04-09T12:30:00-04:00,395.5899963378906,398.3699951171875,395.5299987792969,398.1099853515625,197483.0
2026-04-09T13:30:00-04:00,398.1099853515625,399.6700134277344,397.4800109863281,398.385009765625,220994.0
2026-04-09T14:30:00-04:00,398.3999938964844,400.5450134277344,397.92999267578125,399.8299865722656,256583.0
2026-04-09T15:30:00-04:00,399.739990234375,401.1099853515625,399.7300109863281,400.510009765625,371639.0
2026-04-10T09:30:00-04:00,404.2200012207031,406.5,401.1000061035156,405.9100036621094,409384.0
2026-04-10T10:30:00-04:00,405.8900146484375,406.7099914550781,404.3999938964844,406.29998779296875,226438.0
2026-04-10T11:30:00-04:00,406.30999755859375,406.9200134277344,404.5199890136719,405.6300048828125,310750.0
2026-04-10T12:30:00-04:00,405.6300048828125,406.1098937988281,404.4800109863281,405.3949890136719,157571.0
2026-04-10T13:30:00-04:00,405.4200134277344,407.010009765625,405.10009765625,406.1300048828125,176703.0
2026-04-10T14:30:00-04:00,406.1050109863281,406.19000244140625,404.16009521484375,404.2799987792969,241298.0
2026-04-10T15:30:00-04:00,404.2449951171875,404.42999267578125,402.5,403.1099853515625,384489.0
2026-04-13T09:30:00-04:00,403.8500061035156,404.75,396.45001220703125,398.6000061035156,306766.0
2026-04-13T10:30:00-04:00,398.9200134277344,399.05999755859375,396.2225036621094,396.2225036621094,210596.0
2026-04-13T11:30:00-04:00,396.1499938964844,398.30999755859375,395.17999267578125,398.2200012207031,167960.0
2026-04-13T12:30:00-04:00,398.29998779296875,401.489990234375,398.1199951171875,400.6300048828125,196908.0
2026-04-13T13:30:00-04:00,400.6449890136719,401.42999267578125,400.5,401.0400085449219,134809.0
2026-04-13T14:30:00-04:00,401.0299987792969,402.69000244140625,400.79998779296875,401.92999267578125,166281.0
2026-04-13T15:30:00-04:00,401.8299865722656,403.54998779296875,401.4700012207031,403.2300109863281,267149.0
2026-04-14T09:30:00-04:00,402.760009765625,406.5,397.489990234375,404.9049987792969,361757.0
2026-04-14T10:30:00-04:00,404.90509033203125,407.8299865722656,404.17999267578125,406.3399963378906,171178.0
2026-04-14T11:30:00-04:00,406.4674987792969,406.9100036621094,404.19000244140625,404.5400085449219,137425.0
2026-04-14T12:30:00-04:00,404.4700012207031,404.58990478515625,402.82000732421875,404.3500061035156,124389.0
2026-04-14T13:30:00-04:00,404.375,404.9599914550781,402.6300048828125,402.6400146484375,125721.0
2026-04-14T14:30:00-04:00,402.42999267578125,403.7799987792969,402.42999267578125,403.739990234375,177309.0
2026-04-14T15:30:00-04:00,403.67999267578125,404.0,401.42999267578125,401.7799987792969,309883.0
2026-04-15T09:30:00-04:00,400.44000244140625,401.3349914550781,392.5090026855469,396.5060119628906,494968.0
2026-04-15T10:30:00-04:00,396.42999267578125,396.8550109863281,392.1700134277344,392.7850036621094,250498.0
2026-04-15T11:30:00-04:00,392.7300109863281,392.9100036621094,389.82000732421875,390.0350036621094,188659.0
2026-04-15T12:30:00-04:00,390.1199951171875,392.44000244140625,389.3999938964844,391.95001220703125,163756.0
2026-04-15T13:30:00-04:00,391.9599914550781,394.6600036621094,391.94500732421875,394.5,140681.0
2026-04-15T14:30:00-04:00,394.4200134277344,395.4200134277344,393.9200134277344,395.2550048828125,201760.0
2026-04-15T15:30:00-04:00,395.25,396.260009765625,394.25,395.04998779296875,311474.0
2026-04-16T09:30:00-04:00,394.010009765625,395.9549865722656,388.2900085449219,389.6000061035156,375419.0
2026-04-16T10:30:00-04:00,389.6000061035156,392.8891906738281,387.6600036621094,391.7799987792969,171515.0
2026-04-16T11:30:00-04:00,391.7900085449219,394.45001220703125,390.75,394.0,155338.0
2026-04-16T12:30:00-04:00,393.989990234375,394.1199951171875,391.7900085449219,392.32501220703125,120910.0
2026-04-16T13:30:00-04:00,392.19000244140625,393.57000732421875,391.3399963378906,392.3399963378906,108373.0
2026-04-16T14:30:00-04:00,392.4049987792969,393.6300048828125,391.8020935058594,392.8900146484375,144069.0
2026-04-16T15:30:00-04:00,392.94500732421875,393.6099853515625,392.739990234375,392.75,185666.0
2026-04-17T09:30:00-04:00,395.260009765625,403.84991455078125,394.2799987792969,403.5,580872.0
2026-04-17T10:30:00-04:00,403.3999938964844,406.69158935546875,403.3500061035156,404.70001220703125,266757.0
2026-04-17T11:30:00-04:00,404.635009765625,409.8999938964844,404.635009765625,409.8500061035156,255682.0
2026-04-17T12:30:00-04:00,409.8500061035156,410.9100036621094,405.93499755859375,406.6549987792969,168090.0
2026-04-17T13:30:00-04:00,406.5199890136719,408.2499084472656,406.0899963378906,407.114990234375,167428.0
2026-04-17T14:30:00-04:00,407.0299987792969,407.5199890136719,405.5899963378906,405.6400146484375,165176.0
2026-04-17T15:30:00-04:00,405.635009765625,406.7900085449219,405.5299987792969,406.25,286882.0
2026-04-20T09:30:00-04:00,407.0,409.6600036621094,404.9200134277344,407.8699951171875,451794.0
2026-04-20T10:30:00-04:00,407.68499755859375,408.17999267578125,405.18011474609375,407.1300048828125,243513.0
2026-04-20T11:30:00-04:00,406.8699951171875,407.4898986816406,404.3599853515625,404.8550109863281,181563.0
2026-04-20T12:30:00-04:00,404.8575134277344,405.9299011230469,403.9200134277344,405.6700134277344,130727.0
2026-04-20T13:30:00-04:00,405.5799865722656,406.3869934082031,405.1400146484375,405.67999267578125,130628.0
2026-04-20T14:30:00-04:00,405.7799987792969,407.0,405.2650146484375,406.9049987792969,184684.0
2026-04-20T15:30:00-04:00,406.8299865722656,408.25,406.7049865722656,407.80999755859375,350743.0
2026-04-21T09:30:00-04:00,410.6199951171875,418.3800048828125,410.2900085449219,417.1549987792969,400318.0
2026-04-21T10:30:00-04:00,417.1000061035156,417.32000732421875,410.5299987792969,411.39990234375,249499.0
2026-04-21T11:30:00-04:00,411.3999938964844,412.9200134277344,410.1300048828125,411.79998779296875,220424.0
2026-04-21T12:30:00-04:00,411.7889099121094,412.3299865722656,409.260009765625,410.375,142695.0
2026-04-21T13:30:00-04:00,410.3800048828125,412.1199951171875,409.1300048828125,409.5849914550781,164025.0
2026-04-21T14:30:00-04:00,409.6400146484375,413.95001220703125,409.6400146484375,413.8599853515625,205036.0
2026-04-21T15:30:00-04:00,413.79998779296875,414.1000061035156,409.2099914550781,409.70001220703125,304076.0
2026-04-22T09:30:00-04:00,417.30999755859375,419.4700012207031,412.28009033203125,414.2099914550781,445618.0
2026-04-22T10:30:00-04:00,414.1700134277344,416.25,412.760009765625,414.1000061035156,277103.0
2026-04-22T11:30:00-04:00,414.2550048828125,414.9599914550781,411.8900146484375,412.4599914550781,224608.0
2026-04-22T12:30:00-04:00,412.4599914550781,415.5013122558594,412.07000732421875,415.29998779296875,216792.0
2026-04-22T13:30:00-04:00,415.29998779296875,415.69989013671875,414.44000244140625,414.95001220703125,189207.0
2026-04-22T14:30:00-04:00,414.92498779296875,415.3599853515625,412.5950012207031,412.79998779296875,408487.0
2026-04-22T15:30:00-04:00,412.7200012207031,415.3900146484375,412.54998779296875,413.8699951171875,486412.0
2026-04-23T09:30:00-04:00,417.2300109863281,427.5,416.260009765625,427.2049865722656,474891.0
2026-04-23T10:30:00-04:00,427.239990234375,428.6050109863281,425.1224060058594,427.8699951171875,329242.0
2026-04-23T11:30:00-04:00,427.9700012207031,429.30999755859375,424.6050109863281,426.55499267578125,420943.0
2026-04-23T12:30:00-04:00,426.54998779296875,428.6400146484375,421.70001220703125,422.3500061035156,245415.0
2026-04-23T13:30:00-04:00,422.2049865722656,426.4200134277344,419.42498779296875,426.3800048828125,312771.0
2026-04-23T14:30:00-04:00,426.4700012207031,427.3349914550781,423.8900146484375,424.82000732421875,287113.0
2026-04-23T15:30:00-04:00,424.82000732421875,425.8500061035156,423.9599914550781,424.6400146484375,433853.0
2026-04-24T09:30:00-04:00,430.04998779296875,432.3399963378906,424.239990234375,425.6300048828125,468535.0
2026-04-24T10:30:00-04:00,425.4200134277344,426.1099853515625,422.20001220703125,424.875,441036.0
2026-04-24T11:30:00-04:00,425.0299987792969,427.3299865722656,423.8301086425781,426.2950134277344,178201.0
2026-04-24T12:30:00-04:00,426.4599914550781,426.9100036621094,424.1099853515625,424.739990234375,145274.0
2026-04-24T13:30:00-04:00,424.739990234375,425.2200012207031,422.15008544921875,422.4549865722656,275808.0
2026-04-24T14:30:00-04:00,422.45001220703125,425.92999267578125,422.45001220703125,424.4100036621094,257294.0
2026-04-24T15:30:00-04:00,424.3999938964844,424.7300109863281,422.0299987792969,423.8900146484375,418768.0
2026-04-27T09:30:00-04:00,425.3999938964844,426.3800048828125,415.4200134277344,417.20001220703125,464017.0
2026-04-27T10:30:00-04:00,417.4299011230469,419.7200012207031,416.510009765625,416.6499938964844,190634.0
2026-04-27T11:30:00-04:00,416.7850036621094,419.19000244140625,416.7449951171875,417.4949951171875,182699.0
2026-04-27T12:30:00-04:00,417.6199951171875,417.8500061035156,415.1700134277344,415.4949951171875,189618.0
2026-04-27T13:30:00-04:00,415.3900146484375,416.45001220703125,414.5,414.5,204549.0
2026-04-27T14:30:00-04:00,414.5350036621094,417.29998779296875,414.20220947265625,416.8399963378906,230126.0
2026-04-27T15:30:00-04:00,416.8399963378906,417.3599853515625,415.67999267578125,416.7900085449219,404142.0
2026-04-28T09:30:00-04:00,408.0,410.92999267578125,402.6000061035156,404.75,410759.0
2026-04-28T10:30:00-04:00,404.8500061035156,408.5450134277344,401.6499938964844,408.1650085449219,360407.0
2026-04-28T11:30:00-04:00,408.1600036621094,412.6300048828125,407.82000732421875,412.3599853515625,309274.0
2026-04-28T12:30:00-04:00,412.3550109863281,413.3399963378906,412.07501220703125,412.44000244140625,186360.0
2026-04-28T13:30:00-04:00,412.45001220703125,416.4100036621094,412.1000061035156,415.1700134277344,229292.0
2026-04-28T14:30:00-04:00,415.1600036621094,415.9750061035156,414.260009765625,414.4800109863281,240192.0
2026-04-28T15:30:00-04:00,414.5400085449219,415.2099914550781,413.1499938964844,413.1600036621094,379590.0
2026-04-29T09:30:00-04:00,416.8599853515625,418.6300048828125,413.510986328125,414.67999267578125,269764.0
2026-04-29T10:30:00-04:00,414.9200134277344,415.2200012207031,411.1300048828125,411.1300048828125,162768.0
2026-04-29T11:30:00-04:00,411.1449890136719,411.2300109863281,408.79998779296875,408.79998779296875,172390.0
2026-04-29T12:30:00-04:00,408.79998779296875,409.34991455078125,407.3599853515625,408.4100036621094,205249.0
2026-04-29T13:30:00-04:00,408.6499938964844,410.5899963378906,408.54998779296875,410.2200012207031,189417.0
2026-04-29T14:30:00-04:00,410.0299987792969,410.8999938964844,409.32000732421875,409.45001220703125,236621.0
2026-04-29T15:30:00-04:00,409.510009765625,411.14990234375,408.7099914550781,410.92999267578125,419469.0
2026-04-30T09:30:00-04:00,417.6600036621094,424.6400146484375,417.6499938964844,423.4200134277344,456788.0
2026-04-30T10:30:00-04:00,423.42999267578125,426.5299987792969,422.4800109863281,426.3299865722656,250015.0
2026-04-30T11:30:00-04:00,426.2300109863281,429.9700012207031,425.90570068359375,429.8924865722656,264263.0
2026-04-30T12:30:00-04:00,429.8699951171875,431.2749938964844,428.3999938964844,429.4200134277344,299689.0
2026-04-30T13:30:00-04:00,429.45001220703125,431.2699890136719,429.4234924316406,430.55999755859375,295869.0
2026-04-30T14:30:00-04:00,430.55999755859375,433.4700012207031,430.55999755859375,433.4700012207031,340813.0
2026-04-30T15:30:00-04:00,433.4700012207031,434.29998779296875,432.7250061035156,433.1400146484375,697990.0
2026-05-01T09:30:00-04:00,435.0,435.42999267578125,427.1600036621094,427.8450012207031,470165.0
2026-05-01T10:30:00-04:00,427.8699951171875,427.9800109863281,423.0199890136719,424.1600036621094,321635.0
2026-05-01T11:30:00-04:00,424.2749938964844,426.1499938964844,422.8349914550781,424.44000244140625,245101.0
2026-05-01T12:30:00-04:00,424.2099914550781,427.8599853515625,424.2099914550781,427.4100036621094,162613.0
2026-05-01T13:30:00-04:00,427.4200134277344,427.659912109375,426.07000732421875,426.7900085449219,223555.0
2026-05-01T14:30:00-04:00,426.7049865722656,427.45001220703125,425.19000244140625,426.18499755859375,243839.0
2026-05-01T15:30:00-04:00,426.04998779296875,427.7300109863281,425.260009765625,425.44000244140625,468348.0
2026-05-04T09:30:00-04:00,426.2300109863281,434.75,424.8349914550781,430.94000244140625,580886.0
2026-05-04T10:30:00-04:00,430.8450012207031,433.32501220703125,426.0,426.760009765625,347598.0
2026-05-04T11:30:00-04:00,426.67999267578125,428.79998779296875,424.6099853515625,427.55999755859375,356054.0
2026-05-04T12:30:00-04:00,427.55499267578125,428.3999938964844,425.1000061035156,428.3900146484375,477308.0
2026-05-04T13:30:00-04:00,428.55499267578125,428.989990234375,426.7601013183594,427.159912109375,227749.0
2026-05-04T14:30:00-04:00,426.8349914550781,427.0400085449219,423.7099914550781,423.9200134277344,341867.0
2026-05-04T15:30:00-04:00,423.9200134277344,424.7699890136719,421.92999267578125,422.5799865722656,502284.0
2026-05-05T09:30:00-04:00,397.7699890136719,406.639892578125,388.260009765625,406.510009765625,1984596.0
2026-05-05T10:30:00-04:00,406.32000732421875,411.7699890136719,400.8599853515625,411.04266357421875,1122509.0
2026-05-05T11:30:00-04:00,411.2799987792969,413.75,405.7950134277344,410.6300048828125,811815.0
2026-05-05T12:30:00-04:00,411.0,415.92999267578125,410.0,413.6400146484375,500851.0
2026-05-05T13:30:00-04:00,413.6000061035156,413.83990478515625,410.2900085449219,411.260009765625,549902.0
2026-05-05T14:30:00-04:00,411.2149963378906,412.8399963378906,406.82000732421875,407.3999938964844,646598.0
2026-05-05T15:30:00-04:00,407.3699951171875,412.3900146484375,407.1000061035156,411.0,635274.0
2026-05-06T09:30:00-04:00,423.9700012207031,423.9700012207031,409.0199890136719,411.0400085449219,841395.0
2026-05-06T10:30:00-04:00,411.0400085449219,422.3800048828125,410.5199890136719,421.2749938964844,418701.0
2026-05-06T11:30:00-04:00,421.1400146484375,421.760009765625,417.32000732421875,418.4649963378906,237082.0
2026-05-06T12:30:00-04:00,418.5400085449219,420.260009765625,417.4599914550781,418.32501220703125,215284.0
2026-05-06T13:30:00-04:00,418.19000244140625,418.4999084472656,416.3800048828125,416.7650146484375,222615.0
2026-05-06T14:30:00-04:00,416.7950134277344,419.7799987792969,416.7200012207031,419.239990234375,293879.0
2026-05-06T15:30:00-04:00,419.2250061035156,421.4700012207031,419.1300964355469,421.2650146484375,480279.0
2026-05-07T09:30:00-04:00,419.0,419.8949890136719,405.610107421875,411.0400085449219,600454.0
2026-05-07T10:30:00-04:00,411.125,412.5,406.5,406.9200134277344,273134.0
2026-05-07T11:30:00-04:00,406.8275146484375,407.32000732421875,403.0899963378906,404.6300048828125,346055.0
2026-05-07T12:30:00-04:00,404.6300048828125,405.67498779296875,401.0,401.5849914550781,325425.0
2026-05-07T13:30:00-04:00,401.5325012207031,402.5400085449219,399.0400085449219,399.4949951171875,267439.0
2026-05-07T14:30:00-04:00,399.5174865722656,399.8949890136719,396.2099914550781,398.8550109863281,485523.0
2026-05-07T15:30:00-04:00,398.82000732421875,399.9382019042969,398.1199951171875,399.0899963378906,715644.0
2026-05-08T09:30:00-04:00,400.55999755859375,406.8500061035156,400.3800048828125,401.3599853515625,368440.0
2026-05-08T10:30:00-04:00,401.2749938964844,402.5899963378906,399.1700134277344,400.42816162109375,350305.0
2026-05-08T11:30:00-04:00,400.5599060058594,404.3399963378906,400.2099914550781,401.45001220703125,285921.0
2026-05-08T12:30:00-04:00,401.5899963378906,402.3800048828125,399.0,402.2850036621094,223389.0
2026-05-08T13:30:00-04:00,402.04998779296875,403.6000061035156,401.0350036621094,403.510009765625,140542.0
2026-05-08T14:30:00-04:00,403.6000061035156,403.7499084472656,401.1000061035156,401.4800109863281,319140.0
2026-05-08T15:30:00-04:00,401.62298583984375,402.7699890136719,400.94000244140625,401.7099914550781,343967.0
2026-05-11T09:30:00-04:00,402.0400085449219,403.989990234375,396.44000244140625,403.2099914550781,439677.0
2026-05-11T10:30:00-04:00,403.1499938964844,409.2900085449219,403.010009765625,408.0299987792969,396761.0
2026-05-11T11:30:00-04:00,408.0199890136719,416.260009765625,407.7569885253906,415.2900085449219,414489.0
2026-05-11T12:30:00-04:00,415.6000061035156,418.6600036621094,414.1528015136719,418.6600036621094,382039.0
2026-05-11T13:30:00-04:00,418.739990234375,420.8800048828125,417.79998779296875,419.3599853515625,433259.0
2026-05-11T14:30:00-04:00,419.70001220703125,420.2099914550781,416.9049987792969,417.6050109863281,385600.0
2026-05-11T15:30:00-04:00,417.6050109863281,419.7300109863281,417.45001220703125,419.1400146484375,593224.0
2026-05-12T09:30:00-04:00,415.4800109863281,415.9800109863281,400.510009765625,401.81500244140625,540005.0
2026-05-12T10:30:00-04:00,401.3349914550781,401.9800109863281,396.19000244140625,397.2300109863281,328721.0
2026-05-12T11:30:00-04:00,397.3299865722656,399.5799865722656,396.3949890136719,398.07501220703125,312954.0
2026-05-12T12:30:00-04:00,398.25,400.9700012207031,396.4599914550781,400.17999267578125,228884.0
2026-05-12T13:30:00-04:00,400.1400146484375,402.0299987792969,399.2200012207031,401.4100036621094,223749.0
2026-05-12T14:30:00-04:00,401.5950012207031,401.94989013671875,398.9700012207031,400.3599853515625,345435.0
2026-05-12T15:30:00-04:00,400.1099853515625,402.6000061035156,399.9200134277344,401.6499938964844,457440.0
2026-05-13T09:30:00-04:00,406.1700134277344,406.8399963378906,400.5592956542969,403.55499267578125,387972.0
2026-05-13T10:30:00-04:00,403.30999755859375,407.4999084472656,403.17999267578125,407.4999084472656,237876.0
2026-05-13T11:30:00-04:00,407.5,409.09991455078125,406.2300109863281,408.69000244140625,224172.0
2026-05-13T12:30:00-04:00,408.6000061035156,408.6000061035156,405.4100036621094,406.7799987792969,198330.0
2026-05-13T13:30:00-04:00,406.8999938964844,409.6000061035156,406.5199890136719,409.0899963378906,127027.0
2026-05-13T14:30:00-04:00,409.07000732421875,409.2250061035156,408.0,408.7200012207031,202213.0
2026-05-13T15:30:00-04:00,408.6499938964844,409.44000244140625,406.94000244140625,407.07000732421875,341215.0
2026-05-14T09:30:00-04:00,409.989990234375,409.989990234375,403.360107421875,404.5,259453.0
2026-05-14T10:30:00-04:00,404.3699951171875,407.1300048828125,403.07501220703125,405.6600036621094,222872.0
2026-05-14T11:30:00-04:00,405.3399963378906,408.5400085449219,405.3399963378906,406.94500732421875,202665.0
2026-05-14T12:30:00-04:00,406.94500732421875,407.3999938964844,404.5400085449219,405.1600036621094,141413.0
2026-05-14T13:30:00-04:00,405.1474914550781,407.94000244140625,404.79998779296875,406.7099914550781,266060.0
2026-05-14T14:30:00-04:00,406.7699890136719,408.4599914550781,406.6099853515625,407.6700134277344,205344.0
2026-05-14T15:30:00-04:00,407.7250061035156,408.4999084472656,407.3299865722656,408.2300109863281,362359.0
2026-05-15T09:30:00-04:00,398.95001220703125,402.1199951171875,395.3500061035156,400.0299987792969,1017360.0
2026-05-15T10:30:00-04:00,400.0400085449219,400.82989501953125,396.6199951171875,398.5249938964844,233371.0
2026-05-15T11:30:00-04:00,398.5249938964844,399.7300109863281,397.3699951171875,399.32000732421875,183502.0
2026-05-15T12:30:00-04:00,399.3999938964844,399.55499267578125,397.2300109863281,398.29998779296875,257010.0
2026-05-15T13:30:00-04:00,398.29998779296875,399.29998779296875,397.2760925292969,397.3999938964844,294357.0
2026-05-15T14:30:00-04:00,397.43499755859375,398.8900146484375,396.510009765625,398.2500915527344,177209.0
2026-05-15T15:30:00-04:00,398.364990234375,400.6400146484375,398.364990234375,399.57000732421875,347678.0
2026-05-18T09:30:00-04:00,398.2099914550781,398.2099914550781,383.625,384.3599853515625,566382.0
2026-05-18T10:30:00-04:00,384.57000732421875,385.3800048828125,380.7799987792969,381.010009765625,435584.0
2026-05-18T11:30:00-04:00,381.0,382.9100036621094,378.04998779296875,378.44000244140625,277921.0
2026-05-18T12:30:00-04:00,378.260009765625,379.8800048828125,377.95001220703125,379.5151062011719,286081.0
2026-05-18T13:30:00-04:00,379.6650085449219,379.70001220703125,375.989990234375,376.4601135253906,183562.0
2026-05-18T14:30:00-04:00,376.54998779296875,381.20001220703125,375.55999755859375,377.7749938964844,292361.0
2026-05-18T15:30:00-04:00,377.6600036621094,382.2799987792969,377.54998779296875,381.9100036621094,436252.0
2026-05-19T09:30:00-04:00,372.4100036621094,376.3800048828125,368.20001220703125,369.1199951171875,635134.0
2026-05-19T10:30:00-04:00,369.7099914550781,373.5,367.6400146484375,371.9599914550781,347659.0
2026-05-19T11:30:00-04:00,372.0299987792969,374.75,371.7699890136719,374.739990234375,192731.0
2026-05-19T12:30:00-04:00,374.4599914550781,377.1698913574219,374.28009033203125,376.3299865722656,185036.0
2026-05-19T13:30:00-04:00,376.4100036621094,376.4100036621094,371.8299865722656,373.0799865722656,327952.0
2026-05-19T14:30:00-04:00,373.1700134277344,374.2099914550781,371.57000732421875,372.2699890136719,278427.0
2026-05-19T15:30:00-04:00,372.25,372.5799865722656,371.3699951171875,371.8900146484375,399595.0
2026-05-20T09:30:00-04:00,373.7699890136719,378.8599853515625,371.4599914550781,378.239990234375,444550.0
2026-05-20T10:30:00-04:00,378.5400085449219,380.739990234375,377.29779052734375,378.6400146484375,336892.0
2026-05-20T11:30:00-04:00,378.67999267578125,382.4549865722656,378.67999267578125,379.80999755859375,267114.0
2026-05-20T12:30:00-04:00,379.80999755859375,381.80499267578125,379.5000915527344,381.05999755859375,171249.0
2026-05-20T13:30:00-04:00,381.1549987792969,381.1700134277344,378.07000732421875,378.7300109863281,185158.0
2026-05-20T14:30:00-04:00,378.8900146484375,379.82000732421875,378.0899963378906,379.44500732421875,189917.0
2026-05-20T15:30:00-04:00,379.45001220703125,380.1400146484375,378.5000915527344,379.7099914550781,332766.0
2026-05-21T09:30:00-04:00,380.0,383.2099914550781,377.20001220703125,382.7900085449219,335809.0
2026-05-21T10:30:00-04:00,382.875,383.30999755859375,380.3349914550781,380.8800048828125,180850.0
2026-05-21T11:30:00-04:00,380.6099853515625,380.94000244140625,379.385009765625,380.6400146484375,153787.0
2026-05-21T12:30:00-04:00,380.760009765625,383.5,379.25,383.1119079589844,152969.0
2026-05-21T13:30:00-04:00,383.2699890136719,384.95001220703125,383.0899963378906,384.30999755859375,164694.0
2026-05-21T14:30:00-04:00,384.30999755859375,384.6000061035156,381.635009765625,383.010009765625,193589.0
2026-05-21T15:30:00-04:00,383.010009765625,383.1400146484375,380.6099853515625,381.5199890136719,316902.0
2026-05-22T09:30:00-04:00,385.3500061035156,388.9100036621094,380.55999755859375,388.6625061035156,330612.0
2026-05-22T10:30:00-04:00,388.6549987792969,389.80999755859375,387.93499755859375,389.75,218669.0
2026-05-22T11:30:00-04:00,389.7850036621094,390.5,389.0,390.2449951171875,163668.0
2026-05-22T12:30:00-04:00,390.25,395.2099914550781,390.0299987792969,395.1300048828125,230736.0
2026-05-22T13:30:00-04:00,395.04998779296875,395.04998779296875,392.6300048828125,393.8500061035156,271022.0
2026-05-22T14:30:00-04:00,393.7372131347656,394.5,392.18499755859375,392.25,282974.0
2026-05-22T15:30:00-04:00,392.25,392.5799865722656,390.7799987792969,391.3900146484375,344446.0
2026-05-26T09:30:00-04:00,400.07000732421875,408.0,398.0,407.17999267578125,573365.0
2026-05-26T10:30:00-04:00,407.17999267578125,409.6499938964844,406.6700134277344,407.7250061035156,402604.0
2026-05-26T11:30:00-04:00,407.7300109863281,408.5450134277344,406.69000244140625,408.489990234375,282994.0
2026-05-26T12:30:00-04:00,408.4100036621094,408.75,404.8299865722656,405.32000732421875,234213.0
2026-05-26T13:30:00-04:00,405.3500061035156,405.9599914550781,404.3009948730469,404.8500061035156,179197.0
2026-05-26T14:30:00-04:00,404.8550109863281,405.2900085449219,403.79998779296875,404.49749755859375,254195.0
2026-05-26T15:30:00-04:00,404.49749755859375,404.69000244140625,402.8399963378906,403.30999755859375,536248.0
2026-05-27T09:30:00-04:00,402.7200012207031,403.30499267578125,395.29998779296875,401.0950012207031,620122.0
2026-05-27T10:30:00-04:00,401.1000061035156,404.92999267578125,400.53009033203125,404.6700134277344,387605.0
2026-05-27T11:30:00-04:00,404.54998779296875,405.32000732421875,402.28680419921875,403.8900146484375,237448.0
2026-05-27T12:30:00-04:00,403.9200134277344,406.30999755859375,403.3900146484375,406.1499938964844,238209.0
2026-05-27T13:30:00-04:00,406.0,406.2149963378906,404.3949890136719,405.2799987792969,201612.0
2026-05-27T14:30:00-04:00,405.32501220703125,406.5400085449219,404.7300109863281,405.010009765625,254186.0
2026-05-27T15:30:00-04:00,405.010009765625,406.8299865722656,404.7799987792969,406.45001220703125,420522.0
2026-05-28T09:30:00-04:00,403.20001220703125,406.4800109863281,389.0,398.95001220703125,571748.0
2026-05-28T10:30:00-04:00,399.1499938964844,402.8399963378906,397.2850036621094,402.6600036621094,247771.0
2026-05-28T11:30:00-04:00,402.6600036621094,405.7099914550781,402.510009765625,404.3500061035156,268632.0
2026-05-28T12:30:00-04:00,404.3450012207031,405.80999755859375,403.7106018066406,404.0849914550781,169656.0
2026-05-28T13:30:00-04:00,404.0000915527344,404.2898864746094,402.7200012207031,402.989990234375,184692.0
2026-05-28T14:30:00-04:00,403.0350036621094,403.0899963378906,401.4845886230469,402.0450134277344,188871.0
2026-05-28T15:30:00-04:00,402.07000732421875,402.6700134277344,401.6099853515625,401.9599914550781,277699.0
2026-05-29T09:30:00-04:00,402.3900146484375,404.2799987792969,398.9599914550781,399.3399963378906,340714.0
2026-05-29T10:30:00-04:00,399.5400085449219,403.67999267578125,397.5,403.2149963378906,266520.0
2026-05-29T11:30:00-04:00,403.2149963378906,403.70001220703125,399.0000915527344,399.79998779296875,186162.0
2026-05-29T12:30:00-04:00,399.8349914550781,401.1700134277344,398.989990234375,399.29998779296875,163252.0
2026-05-29T13:30:00-04:00,399.2699890136719,400.1000061035156,398.090087890625,399.32000732421875,226529.0
2026-05-29T14:30:00-04:00,399.32501220703125,401.7200012207031,398.760009765625,401.67999267578125,235068.0
2026-05-29T15:30:00-04:00,401.7200012207031,401.7300109863281,399.3800048828125,400.82000732421875,405333.0
2026-06-01T09:30:00-04:00,396.0799865722656,402.2699890136719,393.5950012207031,399.2699890136719,376793.0
2026-06-01T10:30:00-04:00,399.42999267578125,400.7200012207031,397.42999267578125,399.6099853515625,206614.0
2026-06-01T11:30:00-04:00,399.6199951171875,400.3500061035156,398.75,399.8999938964844,167421.0
2026-06-01T12:30:00-04:00,400.010009765625,403.54998779296875,399.9100036621094,403.4849853515625,173161.0
2026-06-01T13:30:00-04:00,403.5400085449219,404.2300109863281,401.8900146484375,403.0899963378906,173596.0
2026-06-01T14:30:00-04:00,402.9800109863281,403.17999267578125,397.25,397.4700012207031,400925.0
2026-06-01T15:30:00-04:00,397.6650085449219,400.8599853515625,396.5299987792969,400.1400146484375,369839.0
2026-06-02T09:30:00-04:00,405.6099853515625,415.4901123046875,404.7500915527344,413.68499755859375,382639.0
2026-06-02T10:30:00-04:00,413.81500244140625,417.9494934082031,413.80010986328125,416.3900146484375,312895.0
2026-06-02T11:30:00-04:00,416.3399963378906,417.5,415.07000732421875,415.1700134277344,189397.0
2026-06-02T12:30:00-04:00,415.44989013671875,415.4599914550781,412.510009765625,412.9800109863281,117067.0
2026-06-02T13:30:00-04:00,413.0299987792969,416.3599853515625,413.0299987792969,416.18499755859375,194323.0
2026-06-02T14:30:00-04:00,416.0899963378906,417.94000244140625,416.04998779296875,417.6050109863281,201103.0
2026-06-02T15:30:00-04:00,417.6400146484375,419.67999267578125,417.510009765625,417.7300109863281,309841.0
2026-06-03T09:30:00-04:00,420.0,422.79998779296875,414.6549987792969,420.739990234375,385299.0
2026-06-03T10:30:00-04:00,420.8699951171875,426.5849914550781,420.739990234375,425.94000244140625,237155.0
2026-06-03T11:30:00-04:00,425.9949951171875,426.3800048828125,419.3699951171875,419.7099914550781,175857.0
2026-06-03T12:30:00-04:00,419.92999267578125,420.5,418.8900146484375,420.1199951171875,136613.0
2026-06-03T13:30:00-04:00,420.20001220703125,421.0498962402344,419.6400146484375,420.95001220703125,114803.0
2026-06-03T14:30:00-04:00,420.8749084472656,421.6099853515625,419.79998779296875,420.4100036621094,175174.0
2026-06-03T15:30:00-04:00,420.3999938964844,423.94500732421875,420.1700134277344,421.3800048828125,375969.0
2026-06-04T09:30:00-04:00,416.739990234375,416.75,408.7626037597656,414.20001220703125,412468.0
2026-06-04T10:30:00-04:00,414.5400085449219,417.18499755859375,410.010009765625,416.7300109863281,195822.0
2026-06-04T11:30:00-04:00,416.6499938964844,417.20001220703125,415.1650085449219,417.19000244140625,118714.0
2026-06-04T12:30:00-04:00,417.0400085449219,417.7799987792969,416.32000732421875,417.1099853515625,183725.0
2026-06-04T13:30:00-04:00,417.2300109863281,420.4849853515625,417.18499755859375,419.677490234375,157220.0
2026-06-04T14:30:00-04:00,419.69500732421875,421.54998779296875,418.8999938964844,421.54998779296875,161684.0
2026-06-04T15:30:00-04:00,421.5,421.57000732421875,418.04998779296875,418.6199951171875,285281.0
2026-06-05T09:30:00-04:00,408.54998779296875,410.6099853515625,397.8599853515625,405.6499938964844,605765.0
2026-06-05T10:30:00-04:00,405.7449951171875,407.7799987792969,403.4800109863281,403.7250061035156,206252.0
2026-06-05T11:30:00-04:00,403.7200012207031,404.1400146484375,400.20001220703125,400.989990234375,154320.0
2026-06-05T12:30:00-04:00,400.5899963378906,401.5199890136719,398.0350036621094,399.739990234375,183070.0
2026-06-05T13:30:00-04:00,400.1000061035156,400.7799987792969,396.17498779296875,396.5899963378906,195742.0
2026-06-05T14:30:00-04:00,396.44000244140625,396.6499938964844,393.1700134277344,394.94000244140625,414278.0
2026-06-05T15:30:00-04:00,394.94000244140625,398.30999755859375,394.1499938964844,395.94500732421875,410177.0
2026-06-08T09:30:00-04:00,400.1300048828125,404.5,398.1000061035156,402.4700012207031,367912.0
2026-06-08T10:30:00-04:00,402.5,406.135009765625,402.1099853515625,404.2590026855469,181978.0
2026-06-08T11:30:00-04:00,404.18499755859375,405.989990234375,402.8999938964844,404.7699890136719,157508.0
2026-06-08T12:30:00-04:00,404.7650146484375,404.9100036621094,401.40008544921875,402.2349853515625,124852.0
2026-06-08T13:30:00-04:00,402.2149963378906,404.989990234375,400.80999755859375,404.8800048828125,147664.0
2026-06-08T14:30:00-04:00,404.8800048828125,406.510009765625,404.42999267578125,405.3599853515625,290914.0
2026-06-08T15:30:00-04:00,405.3900146484375,406.1300048828125,403.0799865722656,403.2699890136719,319988.0
2026-06-09T09:30:00-04:00,407.0,413.25,404.07000732421875,406.5799865722656,278678.0
2026-06-09T10:30:00-04:00,406.2300109863281,406.652587890625,393.010009765625,393.30999755859375,270816.0
2026-06-09T11:30:00-04:00,393.32000732421875,396.1000061035156,388.5,391.6300048828125,318471.0
2026-06-09T12:30:00-04:00,391.3500061035156,395.0799865722656,386.6200866699219,394.739990234375,289224.0
2026-06-09T13:30:00-04:00,394.88250732421875,397.3699951171875,394.1700134277344,397.1400146484375,215973.0
2026-06-09T14:30:00-04:00,397.29998779296875,399.6600036621094,396.94000244140625,398.489990234375,244012.0
2026-06-09T15:30:00-04:00,398.3399963378906,401.8900146484375,397.4649963378906,401.6650085449219,244398.0
2026-06-10T09:30:00-04:00,395.54998779296875,399.8299865722656,390.6099853515625,391.8699951171875,502293.0
2026-06-10T10:30:00-04:00,391.6650085449219,392.19000244140625,376.3399963378906,378.739990234375,582302.0
2026-06-10T11:30:00-04:00,378.5299987792969,380.0895080566406,375.0400085449219,376.4599914550781,332132.0
2026-06-10T12:30:00-04:00,376.4200134277344,378.0,375.04998779296875,377.80999755859375,269234.0
2026-06-10T13:30:00-04:00,377.7535095214844,379.635009765625,376.0299987792969,378.17999267578125,214921.0
2026-06-10T14:30:00-04:00,378.0799865722656,378.2449951171875,376.2200012207031,376.3949890136719,245545.0
2026-06-10T15:30:00-04:00,376.364990234375,378.0,375.2900085449219,375.4700012207031,615670.0
2026-06-11T09:30:00-04:00,382.0,384.5199890136719,378.05999755859375,383.3399963378906,381100.0
2026-06-11T10:30:00-04:00,383.3500061035156,384.6300048828125,380.3500061035156,383.2850036621094,343877.0
2026-06-11T11:30:00-04:00,383.2850036621094,384.93499755859375,382.2200012207031,383.260009765625,242994.0
2026-06-11T12:30:00-04:00,383.2200012207031,387.1099853515625,381.1600036621094,386.6600036621094,293611.0
2026-06-11T13:30:00-04:00,389.4200134277344,392.9200134277344,386.7550048828125,391.6449890136719,322311.0
2026-06-11T14:30:00-04:00,391.6050109863281,394.4549865722656,391.0799865722656,393.8399963378906,273554.0
2026-06-11T15:30:00-04:00,393.8599853515625,396.17999267578125,393.45001220703125,393.7200012207031,470647.0
2026-06-12T09:30:00-04:00,396.54998779296875,399.1300048828125,392.1499938964844,393.8800048828125,314759.0
2026-06-12T10:30:00-04:00,394.05999755859375,395.7749938964844,391.364990234375,393.1549987792969,257836.0
2026-06-12T11:30:00-04:00,393.2699890136719,393.3500061035156,388.33599853515625,391.17999267578125,221870.0
2026-06-12T12:30:00-04:00,390.9800109863281,392.5899963378906,390.489990234375,391.8125,185498.0
2026-06-12T13:30:00-04:00,391.75201416015625,392.135009765625,390.5,391.7049865722656,148529.0
2026-06-12T14:30:00-04:00,391.7049865722656,391.95001220703125,390.5,390.9599914550781,193160.0
2026-06-12T15:30:00-04:00,390.9599914550781,392.20001220703125,390.4100036621094,391.44000244140625,266762.0
2026-06-15T09:30:00-04:00,403.0799865722656,411.0,402.95001220703125,406.3799133300781,438741.0
2026-06-15T10:30:00-04:00,406.0849914550781,409.80999755859375,404.8489074707031,409.25,309548.0
2026-06-15T11:30:00-04:00,409.07000732421875,410.0400085449219,408.2799987792969,408.6549987792969,140231.0
2026-06-15T12:30:00-04:00,408.7900085449219,410.6199951171875,407.9049987792969,410.1650085449219,210008.0
2026-06-15T13:30:00-04:00,410.1700134277344,411.2300109863281,409.75,410.7200012207031,182354.0
2026-06-15T14:30:00-04:00,410.75,412.0400085449219,409.80999755859375,410.0,231103.0
2026-06-15T15:30:00-04:00,409.8500061035156,410.20001220703125,406.7099914550781,407.1600036621094,315249.0
2026-06-16T09:30:00-04:00,409.2799987792969,415.6199951171875,408.0093994140625,411.3550109863281,250484.0
2026-06-16T10:30:00-04:00,411.5,412.43499755859375,409.0400085449219,411.05999755859375,199755.0
2026-06-16T11:30:00-04:00,411.260009765625,414.2850036621094,410.5950012207031,412.0899963378906,202219.0
2026-06-16T12:30:00-04:00,411.8699951171875,412.9700012207031,410.67999267578125,412.29998779296875,151268.0
2026-06-16T13:30:00-04:00,412.4100036621094,413.3800048828125,411.4468994140625,413.0150146484375,122257.0
2026-06-16T14:30:00-04:00,413.0299987792969,413.0299987792969,409.9150085449219,410.477294921875,155617.0
2026-06-16T15:30:00-04:00,410.4075012207031,410.5700988769531,407.2300109863281,407.6199951171875,246944.0
2026-06-17T09:30:00-04:00,414.1400146484375,418.7799987792969,411.81500244140625,414.17498779296875,357308.0
2026-06-17T10:30:00-04:00,414.1400146484375,415.2200012207031,410.2699890136719,415.2200012207031,287778.0
2026-06-17T11:30:00-04:00,415.2174987792969,417.4198913574219,415.0400085449219,417.3323974609375,199765.0
2026-06-17T12:30:00-04:00,417.2099914550781,418.3800048828125,415.3900146484375,415.5450134277344,187586.0
2026-06-17T13:30:00-04:00,415.42999267578125,417.1300048828125,411.06500244140625,414.5098876953125,216511.0
2026-06-17T14:30:00-04:00,414.04998779296875,419.1700134277344,410.6499938964844,411.69000244140625,293779.0
2026-06-17T15:30:00-04:00,411.5400085449219,412.2149963378906,408.0,409.70001220703125,267355.0
2026-06-18T09:30:00-04:00,420.8399963378906,424.9700012207031,414.7300109863281,420.79998779296875,699714.0
2026-06-18T10:30:00-04:00,420.54998779296875,424.1449890136719,419.5000915527344,422.6499938964844,326729.0
2026-06-18T11:30:00-04:00,422.4649963378906,423.2099914550781,420.75,422.7799987792969,149663.0
2026-06-18T12:30:00-04:00,422.7099914550781,425.9200134277344,422.25,424.2900085449219,142364.0
2026-06-18T13:30:00-04:00,424.2900085449219,425.17999267578125,423.0199890136719,423.364990234375,175834.0
2026-06-18T14:30:00-04:00,423.44000244140625,423.8299865722656,420.9100036621094,421.1400146484375,186626.0
2026-06-18T15:30:00-04:00,421.125,423.4700012207031,420.5799865722656,421.6499938964844,380046.0
2026-06-22T09:30:00-04:00,426.9800109863281,431.8500061035156,423.0,427.9949951171875,385226.0
2026-06-22T10:30:00-04:00,427.9750061035156,432.25,426.68829345703125,431.7749938964844,169296.0
2026-06-22T11:30:00-04:00,431.57000732421875,433.8299865722656,422.6099853515625,433.3200988769531,218111.0
2026-06-22T12:30:00-04:00,433.55999755859375,434.4200134277344,431.9599914550781,434.19000244140625,188590.0
2026-06-22T13:30:00-04:00,434.2699890136719,435.6400146484375,433.6700134277344,434.79998779296875,189022.0
2026-06-22T14:30:00-04:00,434.79998779296875,435.25,433.4901123046875,434.0899963378906,275493.0
2026-06-22T15:30:00-04:00,434.1700134277344,436.739990234375,434.0150146484375,435.69000244140625,407609.0
2026-06-23T09:30:00-04:00,421.54998779296875,421.54998779296875,406.57000732421875,414.29998779296875,515139.0
2026-06-23T10:30:00-04:00,414.1499938964844,414.5299987792969,407.7699890136719,409.4800109863281,444959.0
2026-06-23T11:30:00-04:00,409.5199890136719,413.1300048828125,409.2431945800781,412.0799865722656,147544.0
2026-06-23T12:30:00-04:00,412.0400085449219,413.0849914550781,410.57501220703125,412.26904296875,116974.0
2026-06-23T13:30:00-04:00,412.2049865722656,412.2560119628906,407.510009765625,408.3599853515625,150117.0
2026-06-23T14:30:00-04:00,408.3500061035156,408.82281494140625,406.3900146484375,407.6449890136719,241777.0
2026-06-23T15:30:00-04:00,407.5799865722656,408.2200012207031,405.30999755859375,405.30999755859375,439703.0
2026-06-24T09:30:00-04:00,405.010009765625,409.54998779296875,401.0,407.9549865722656,287302.0
2026-06-24T10:30:00-04:00,407.9549865722656,412.7300109863281,407.489990234375,411.1600036621094,323431.0
2026-06-24T11:30:00-04:00,411.1050109863281,411.4100036621094,408.7749938964844,410.6650085449219,154481.0
2026-06-24T12:30:00-04:00,410.5,410.5,402.6600036621094,403.19000244140625,186649.0
2026-06-24T13:30:00-04:00,403.18499755859375,404.0450134277344,400.510009765625,403.5899963378906,279077.0
2026-06-24T14:30:00-04:00,403.69000244140625,403.92999267578125,401.7799987792969,402.7799987792969,250983.0
2026-06-24T15:30:00-04:00,402.82501220703125,405.5299987792969,402.29010009765625,404.7699890136719,321807.0
2026-06-25T09:30:00-04:00,414.9100036621094,424.8799133300781,413.9700012207031,424.239990234375,385214.0
2026-06-25T10:30:00-04:00,424.0,426.0,420.0899963378906,420.0899963378906,249093.0
2026-06-25T11:30:00-04:00,420.2799987792969,423.5625,418.95001220703125,422.510009765625,129744.0
2026-06-25T12:30:00-04:00,421.94000244140625,421.9750061035156,418.8200988769531,420.114990234375,99213.0
2026-06-25T13:30:00-04:00,420.114990234375,420.4800109863281,418.2900085449219,419.82000732421875,116914.0
2026-06-25T14:30:00-04:00,419.6300048828125,419.6300048828125,416.7799987792969,417.3599853515625,172110.0
2026-06-25T15:30:00-04:00,417.3949890136719,419.8800048828125,416.760009765625,419.8800048828125,250549.0
2026-06-26T09:30:00-04:00,410.54998779296875,413.1438903808594,404.0,406.2200012207031,405718.0
2026-06-26T10:30:00-04:00,406.31500244140625,406.5400085449219,399.0299987792969,401.2449951171875,442104.0
2026-06-26T11:30:00-04:00,401.2099914550781,404.4132995605469,398.1199951171875,399.8999938964844,249838.0
2026-06-26T12:30:00-04:00,399.9599914550781,403.4599914550781,399.5899963378906,401.19500732421875,210218.0
2026-06-26T13:30:00-04:00,401.3999938964844,402.3099060058594,399.4200134277344,401.9100036621094,170588.0
2026-06-26T14:30:00-04:00,402.0150146484375,402.55999755859375,399.6499938964844,401.3999938964844,281690.0
2026-06-26T15:30:00-04:00,401.5,403.75,400.2200012207031,402.260009765625,736598.0
2026-06-29T09:30:00-04:00,404.05999755859375,409.5899963378906,401.80999755859375,404.7850036621094,422505.0
2026-06-29T10:30:00-04:00,404.7900085449219,406.2699890136719,401.32501220703125,402.2799987792969,186758.0
2026-06-29T11:30:00-04:00,402.4049987792969,410.7300109863281,402.2799987792969,410.30499267578125,212164.0
2026-06-29T12:30:00-04:00,410.30499267578125,411.739990234375,409.2699890136719,411.6000061035156,161983.0
2026-06-29T13:30:00-04:00,411.510009765625,411.7309875488281,410.4049987792969,410.7401123046875,162390.0
2026-06-29T14:30:00-04:00,410.8500061035156,411.6000061035156,408.3999938964844,409.3699951171875,219763.0
2026-06-29T15:30:00-04:00,409.19000244140625,409.3500061035156,407.8999938964844,408.260009765625,277798.0
2026-06-30T09:30:00-04:00,411.0,421.3500061035156,409.92999267578125,420.739990234375,319628.0
2026-06-30T10:30:00-04:00,420.67999267578125,424.4800109863281,419.9100036621094,423.38250732421875,316871.0
2026-06-30T11:30:00-04:00,423.2349853515625,423.4049987792969,421.75,422.7300109863281,236264.0
2026-06-30T12:30:00-04:00,422.7200012207031,425.4200134277344,422.42498779296875,425.1099853515625,179115.0
2026-06-30T13:30:00-04:00,425.1099853515625,426.92999267578125,424.95001220703125,426.8299865722656,238692.0
2026-06-30T14:30:00-04:00,426.92999267578125,427.92999267578125,425.260009765625,425.3699951171875,276449.0
2026-06-30T15:30:00-04:00,425.20001220703125,427.2699890136719,424.6000061035156,425.989990234375,322074.0
2026-07-01T09:30:00-04:00,419.989990234375,419.989990234375,404.739990234375,417.04998779296875,354601.0
2026-07-01T10:30:00-04:00,416.92498779296875,419.95001220703125,411.20001220703125,419.5150146484375,290194.0
2026-07-01T11:30:00-04:00,419.6700134277344,423.45001220703125,419.4800109863281,423.0799865722656,155870.0
2026-07-01T12:30:00-04:00,422.9150085449219,423.07000732421875,416.70001220703125,416.9049987792969,165333.0
2026-07-01T13:30:00-04:00,416.8999938964844,417.55999755859375,413.6700134277344,414.20001220703125,213155.0
2026-07-01T14:30:00-04:00,414.1400146484375,415.8599853515625,412.510009765625,414.760009765625,255486.0
2026-07-01T15:30:00-04:00,414.82000732421875,414.82000732421875,412.1000061035156,412.4700012207031,444946.0
2026-07-02T09:30:00-04:00,408.7699890136719,414.739990234375,405.20001220703125,407.5400085449219,350691.0
2026-07-02T10:30:00-04:00,407.5400085449219,407.8999938964844,396.7001037597656,397.4150085449219,409036.0
2026-07-02T11:30:00-04:00,397.3450012207031,401.114990234375,394.0450134277344,394.82000732421875,286455.0
2026-07-02T12:30:00-04:00,394.69000244140625,395.9649963378906,393.3999938964844,393.8109130859375,227450.0
2026-07-02T13:30:00-04:00,393.9849853515625,396.885009765625,392.29998779296875,396.510009765625,233801.0
2026-07-02T14:30:00-04:00,396.3771057128906,397.8999938964844,393.7349853515625,395.1300048828125,304937.0
2026-07-02T15:30:00-04:00,394.9750061035156,399.010009765625,394.8399963378906,398.6700134277344,409713.0
2026-07-06T09:30:00-04:00,405.5899963378906,420.2449951171875,404.3999938964844,417.44000244140625,385644.0
2026-07-06T10:30:00-04:00,417.3599853515625,417.8799133300781,413.0,413.7699890136719,200394.0
2026-07-06T11:30:00-04:00,413.760009765625,416.0299987792969,412.67999267578125,414.70001220703125,143488.0
2026-07-06T12:30:00-04:00,414.92999267578125,414.92999267578125,413.010009765625,413.3900146484375,111441.0
2026-07-06T13:30:00-04:00,413.2799987792969,414.5747985839844,412.86151123046875,413.7850036621094,118108.0
2026-07-06T14:30:00-04:00,413.7799987792969,414.4800109863281,412.2349853515625,412.989990234375,172380.0
2026-07-06T15:30:00-04:00,413.010009765625,413.8399963378906,412.1700134277344,413.4100036621094,268330.0
2026-07-07T09:30:00-04:00,404.04998779296875,406.0,389.3999938964844,390.625,458121.0
2026-07-07T10:30:00-04:00,390.8699951171875,392.1000061035156,388.097412109375,390.30999755859375,309749.0
2026-07-07T11:30:00-04:00,390.2900085449219,393.32000732421875,389.25,392.9800109863281,225975.0
2026-07-07T12:30:00-04:00,392.7749938964844,393.010009765625,390.2900085449219,391.7699890136719,144024.0
2026-07-07T13:30:00-04:00,391.95001220703125,394.32000732421875,391.9100036621094,393.55999755859375,173496.0
2026-07-07T14:30:00-04:00,393.5450134277344,396.0,392.0899963378906,393.3450012207031,265060.0
2026-07-07T15:30:00-04:00,393.1300048828125,397.260009765625,392.75,395.5899963378906,398100.0
2026-07-08T09:30:00-04:00,391.6199951171875,401.6098937988281,390.70001220703125,396.4200134277344,359570.0
2026-07-08T10:30:00-04:00,396.9800109863281,397.3699951171875,391.4901123046875,392.5899963378906,162803.0
2026-07-08T11:30:00-04:00,392.7799987792969,394.010009765625,390.75,394.010009765625,187822.0
2026-07-08T12:30:00-04:00,394.0199890136719,396.55999755859375,392.79998779296875,396.25,134632.0
2026-07-08T13:30:00-04:00,396.3500061035156,398.6400146484375,396.3500061035156,398.0799865722656,149053.0
2026-07-08T14:30:00-04:00,397.92498779296875,399.0799865722656,397.6867980957031,398.6050109863281,121761.0
2026-07-08T15:30:00-04:00,398.56439208984375,400.2099914550781,397.902587890625,399.42999267578125,224224.0
2026-07-09T09:30:00-04:00,411.54998779296875,414.85589599609375,403.6499938964844,407.4800109863281,355117.0
2026-07-09T10:30:00-04:00,406.9800109863281,409.8800048828125,406.6000061035156,407.42999267578125,128101.0
2026-07-09T11:30:00-04:00,407.6050109863281,410.05999755859375,407.20001220703125,408.4599914550781,93378.0
2026-07-09T12:30:00-04:00,408.364990234375,409.1700134277344,407.9599914550781,408.7650146484375,68490.0
2026-07-09T13:30:00-04:00,408.8399963378906,411.2099914550781,408.1199951171875,410.2300109863281,162862.0
2026-07-09T14:30:00-04:00,410.2300109863281,411.95001220703125,407.1300048828125,407.1499938964844,200616.0
2026-07-09T15:30:00-04:00,407.1499938964844,407.1499938964844,404.739990234375,405.79998779296875,316078.0
2026-07-10T09:30:00-04:00,403.0199890136719,408.4200134277344,401.8399963378906,407.0899963378906,229995.0
2026-07-10T10:30:00-04:00,407.4200134277344,410.260009765625,403.1700134277344,409.6300048828125,274452.0
2026-07-10T11:30:00-04:00,409.875,410.0199890136719,407.6499938964844,409.2200012207031,128626.0
2026-07-10T12:30:00-04:00,409.32000732421875,411.6726989746094,409.0,410.239990234375,107297.0
2026-07-10T13:30:00-04:00,410.3699951171875,411.3699951171875,409.4100036621094,409.6499938964844,89569.0
2026-07-10T14:30:00-04:00,409.7349853515625,410.2699890136719,407.75,408.010009765625,105784.0
2026-07-10T15:30:00-04:00,408.0,408.8699951171875,406.79998779296875,407.1300048828125,188246.0
2026-07-13T09:30:00-04:00,403.1099853515625,407.2300109863281,400.32000732421875,404.8349914550781,348406.0
2026-07-13T10:30:00-04:00,405.010009765625,405.5199890136719,401.20001220703125,401.9800109863281,138842.0
2026-07-13T11:30:00-04:00,401.67999267578125,402.4150085449219,398.2900085449219,398.6600036621094,149376.0
2026-07-13T12:30:00-04:00,398.6600036621094,400.1000061035156,397.1000061035156,398.5849914550781,120720.0
2026-07-13T13:30:00-04:00,398.5874938964844,399.6000061035156,398.2101135253906,398.635009765625,122371.0
2026-07-13T14:30:00-04:00,398.7799987792969,400.3500061035156,398.1499938964844,400.25,175899.0
2026-07-13T15:30:00-04:00,400.1600036621094,403.0299987792969,400.1549987792969,402.760009765625,282483.0
2026-07-14T09:30:00-04:00,411.3999938964844,417.0,407.5,410.760009765625,246252.0
2026-07-14T10:30:00-04:00,410.80499267578125,413.7699890136719,409.5199890136719,413.1400146484375,302531.0
2026-07-14T11:30:00-04:00,413.2799987792969,413.4599914550781,409.25,410.7049865722656,161707.0
2026-07-14T12:30:00-04:00,410.5199890136719,411.2099914550781,409.32000732421875,410.69000244140625,129867.0
2026-07-14T13:30:00-04:00,410.7699890136719,412.6549987792969,410.614990234375,412.0249938964844,159658.0
2026-07-14T14:30:00-04:00,412.0939025878906,414.6400146484375,411.4599914550781,414.1000061035156,218275.0
2026-07-14T15:30:00-04:00,413.8900146484375,416.2300109863281,413.3399963378906,415.6700134277344,324407.0
2026-07-15T09:30:00-04:00,419.0,419.0,408.1549987792969,409.8299865722656,272747.0
2026-07-15T10:30:00-04:00,410.07000732421875,412.04998779296875,406.0899963378906,409.6000061035156,259352.0
2026-07-15T11:30:00-04:00,409.42999267578125,409.5350036621094,401.4599914550781,402.260009765625,184775.0
2026-07-15T12:30:00-04:00,402.5450134277344,408.4100036621094,401.5101013183594,408.04998779296875,150491.0
2026-07-15T13:30:00-04:00,408.2900085449219,412.1400146484375,408.20001220703125,410.94000244140625,136203.0
2026-07-15T14:30:00-04:00,411.05999755859375,412.8500061035156,410.0899963378906,411.9849853515625,128877.0
2026-07-15T15:30:00-04:00,412.1700134277344,414.17999267578125,411.510009765625,412.8599853515625,239303.0
2026-07-16T09:30:00-04:00,401.7900085449219,406.6199951171875,397.1050109863281,404.3900146484375,560638.0
2026-07-16T10:30:00-04:00,404.489990234375,404.92999267578125,395.3500061035156,396.4100036621094,319759.0
2026-07-16T11:30:00-04:00,396.29998779296875,397.6300048828125,392.0199890136719,392.44500732421875,319540.0
2026-07-16T12:30:00-04:00,392.44000244140625,397.8699951171875,390.864990234375,395.125,391592.0
2026-07-16T13:30:00-04:00,395.2799987792969,396.92999267578125,393.55999755859375,395.3699951171875,212390.0
2026-07-16T14:30:00-04:00,395.5849914550781,397.80999755859375,394.55999755859375,396.7900085449219,334013.0
2026-07-16T15:30:00-04:00,396.739990234375,397.6549987792969,395.760009765625,396.1499938964844,492616.0
2026-07-17T09:30:00-04:00,385.4599914550781,401.5299987792969,382.0,397.8599853515625,652707.0
2026-07-17T10:30:00-04:00,397.6300048828125,399.7799987792969,396.17999267578125,399.3999938964844,154855.0
2026-07-17T11:30:00-04:00,399.3999938964844,404.7099914550781,397.8901062011719,402.3399963378906,445288.0
2026-07-17T12:30:00-04:00,402.3399963378906,404.4700012207031,401.54998779296875,403.95001220703125,247797.0
2026-07-17T13:30:00-04:00,403.989990234375,404.3800048828125,400.0899963378906,400.4049987792969,154301.0
2026-07-17T14:30:00-04:00,400.4049987792969,401.5899963378906,397.9100036621094,400.2449951171875,260524.0
2026-07-17T15:30:00-04:00,400.4700012207031,402.8699951171875,399.8500061035156,399.9100036621094,286962.0
2026-07-20T09:30:00-04:00,408.2099914550781,413.4599914550781,401.7250061035156,404.989990234375,236736.0
2026-07-20T10:30:00-04:00,404.8399963378906,405.2300109863281,401.1000061035156,401.3699951171875,180541.0
2026-07-20T11:30:00-04:00,401.5400085449219,403.82501220703125,400.6300048828125,403.7243957519531,127577.0
2026-07-20T12:30:00-04:00,403.70001220703125,403.739990234375,401.69000244140625,401.8399963378906,113936.0
2026-07-20T13:30:00-04:00,401.82501220703125,403.5849914550781,401.6549987792969,402.6099853515625,121099.0
2026-07-20T14:30:00-04:00,402.6700134277344,402.9700012207031,399.2699890136719,400.4200134277344,173972.0
2026-07-20T15:30:00-04:00,400.3599853515625,401.5899963378906,399.79901123046875,401.57000732421875,289263.0
2026-07-21T09:30:00-04:00,410.3800048828125,412.2099914550781,403.5299987792969,406.5098876953125,344170.0
2026-07-21T10:30:00-04:00,406.0799865722656,408.1199951171875,404.42498779296875,405.8299865722656,203127.0
2026-07-21T11:30:00-04:00,405.8299865722656,408.5299987792969,405.5249938964844,407.82000732421875,121420.0
2026-07-21T12:30:00-04:00,407.8299865722656,408.1000061035156,405.3399963378906,405.5450134277344,140727.0
2026-07-21T13:30:00-04:00,405.70001220703125,406.760009765625,403.6650085449219,403.8399963378906,185527.0
2026-07-21T14:30:00-04:00,403.6700134277344,404.0,402.2200012207031,402.5400085449219,168005.0
2026-07-21T15:30:00-04:00,402.5299987792969,404.0,401.8999938964844,402.9200134277344,337463.0
2026-07-22T09:30:00-04:00,398.04998779296875,412.4800109863281,397.8599853515625,408.42999267578125,342261.0
2026-07-22T10:30:00-04:00,408.239990234375,408.989990234375,406.6400146484375,407.8500061035156,148030.0
2026-07-22T11:30:00-04:00,407.8500061035156,408.1099853515625,406.360107421875,407.602294921875,113091.0
2026-07-22T12:30:00-04:00,407.3999938964844,410.0,407.3999938964844,408.625,198444.0
2026-07-22T13:30:00-04:00,408.7300109863281,408.8800048828125,407.010009765625,407.5775146484375,109443.0
2026-07-22T14:30:00-04:00,407.5799865722656,408.2300109863281,405.6300048828125,407.1050109863281,190441.0
2026-07-22T15:30:00-04:00,407.2300109863281,408.29998779296875,406.19000244140625,406.9800109863281,305988.0
2026-07-23T09:30:00-04:00,402.69000244140625,417.42498779296875,402.69000244140625,413.8550109863281,342795.0
2026-07-23T10:30:00-04:00,413.7099914550781,415.1099853515625,410.19000244140625,411.2250061035156,232484.0
2026-07-23T11:30:00-04:00,411.2300109863281,415.2099914550781,410.3999938964844,415.0150146484375,127457.0
2026-07-23T12:30:00-04:00,414.8900146484375,415.0400085449219,412.5950012207031,414.2950134277344,105020.0
2026-07-23T13:30:00-04:00,414.0899963378906,414.0899963378906,412.0199890136719,413.20989990234375,89393.0
2026-07-23T14:30:00-04:00,413.0299987792969,414.57000732421875,412.3500061035156,413.8699951171875,147807.0
2026-07-23T15:30:00-04:00,414.05499267578125,415.3699951171875,412.5,415.07000732421875,353595.0
2026-07-24T09:30:00-04:00,409.8299865722656,414.7200012207031,406.8800048828125,412.29998779296875,239237.0
2026-07-24T10:30:00-04:00,411.95001220703125,412.54998779296875,407.32000732421875,411.7200012207031,183391.0
2026-07-24T11:30:00-04:00,411.4949951171875,412.82000732421875,409.5199890136719,410.7699890136719,108851.0
2026-07-24T12:30:00-04:00,411.0450134277344,411.0450134277344,406.6199951171875,408.6050109863281,112124.0
2026-07-24T13:30:00-04:00,408.71990966796875,409.010009765625,403.6700134277344,404.1499938964844,166441.0
2026-07-24T14:30:00-04:00,403.96612548828125,404.3438415527344,400.8699951171875,402.0199890136719,170795.0
2026-07-24T15:30:00-04:00,402.0249938964844,404.0899963378906,401.6600036621094,404.0199890136719,285690.0
2026-07-27T09:30:00-04:00,404.0,407.6600036621094,390.3599853515625,391.5950012207031,303466.0
2026-07-27T10:30:00-04:00,391.9200134277344,394.54241943359375,387.5,389.1199951171875,285003.0
2026-07-27T11:30:00-04:00,389.1099853515625,393.9599914550781,387.6499938964844,393.0874938964844,211361.0
2026-07-27T12:30:00-04:00,393.1000061035156,394.55499267578125,390.9700927734375,391.3900146484375,139573.0
2026-07-27T13:30:00-04:00,391.42999267578125,393.8699951171875,391.25,392.65008544921875,183227.0
2026-07-27T14:30:00-04:00,392.79998779296875,396.7900085449219,391.7799987792969,396.7090148925781,253403.0
2026-07-27T15:30:00-04:00,396.68499755859375,399.0799865722656,396.32000732421875,398.57000732421875,354526.0
2026-07-28T09:30:00-04:00,383.2699890136719,385.0975036621094,375.75,376.760009765625,740355.0
2026-07-28T10:30:00-04:00,376.760009765625,385.20001220703125,376.1099853515625,383.6499938964844,436439.0
2026-07-28T11:30:00-04:00,384.0299987792969,387.7598876953125,383.1099853515625,386.19000244140625,332091.0
2026-07-28T12:30:00-04:00,386.0400085449219,386.43499755859375,383.29998779296875,383.67999267578125,219684.0
2026-07-28T13:30:00-04:00,383.6000061035156,385.5299987792969,383.2900085449219,383.8599853515625,255519.0
2026-07-28T14:30:00-04:00,383.94500732421875,388.57000732421875,383.8399963378906,388.2099914550781,289527.0
2026-07-28T15:30:00-04:00,388.29998779296875,388.3599853515625,386.0,386.2900085449219,318358.0
2026-07-29T09:30:00-04:00,382.20001220703125,386.5199890136719,368.3399963378906,368.6499938964844,634877.0
2026-07-29T10:30:00-04:00,368.6499938964844,369.6650085449219,363.0,363.090087890625,794217.0
2026-07-29T11:30:00-04:00,362.9700012207031,364.0611877441406,358.125,360.7900085449219,576559.0
2026-07-29T12:30:00-04:00,360.7950134277344,365.0398864746094,359.4700012207031,363.1449890136719,409356.0
2026-07-29T13:30:00-04:00,363.1449890136719,369.989990234375,362.6000061035156,362.8251037597656,503034.0
2026-07-29T14:30:00-04:00,362.6600036621094,371.7850036621094,361.3999938964844,364.3500061035156,425864.0
2026-07-29T15:30:00-04:00,364.4700012207031,365.6199951171875,361.3999938964844,361.739990234375,569167.0
2026-07-30T09:30:00-04:00,381.5,386.6499938964844,378.5799865722656,385.5,722203.0
2026-07-30T10:30:00-04:00,385.625,386.5400085449219,379.010009765625,380.6000061035156,337006.0
2026-07-30T11:30:00-04:00,380.6050109863281,384.260009765625,380.05999755859375,383.6600036621094,179808.0
2026-07-30T12:30:00-04:00,383.5,386.80999755859375,381.8599853515625,386.0199890136719,256031.0
2026-07-30T13:30:00-04:00,386.1300048828125,386.8500061035156,384.82000732421875,386.6650085449219,335190.0
2026-07-30T14:30:00-04:00,386.75,389.1499938964844,386.19000244140625,387.80499267578125,397562.0
2026-07-30T15:30:00-04:00,387.75,389.385009765625,386.8599853515625,387.2200012207031,689310.0
2026-07-31T09:30:00-04:00,420.0,420.0,396.0799865722656,402.7799987792969,912524.0
2026-07-31T10:30:00-04:00,402.32501220703125,406.1549987792969,394.4100036621094,398.2200012207031,601773.0
2026-07-31T11:30:00-04:00,398.2200012207031,411.1700134277344,396.7300109863281,410.4750061035156,599920.0
2026-07-31T12:30:00-04:00,410.4750061035156,417.239990234375,410.3299865722656,416.8599853515625,483517.0
2026-07-31T13:30:00-04:00,416.67999267578125,417.9200134277344,414.05999755859375,415.260009765625,272831.0
2026-07-31T14:30:00-04:00,415.2799987792969,417.5400085449219,414.8900146484375,417.20001220703125,309229.0
2026-07-31T15:30:00-04:00,417.0299987792969,417.989990234375,414.4800109863281,415.6199951171875,544351.0
2026-08-03T09:30:00-04:00,413.94000244140625,429.3800048828125,410.1499938964844,429.06500244140625,674498.0
2026-08-03T10:30:00-04:00,429.06500244140625,435.7799987792969,428.4700927734375,430.260009765625,561709.0
2026-08-03T11:30:00-04:00,430.1549987792969,434.29998779296875,429.9599914550781,433.45001220703125,396000.0
2026-08-03T12:30:00-04:00,433.45001220703125,434.3599853515625,429.82000732421875,431.510009765625,241104.0
2026-08-03T13:30:00-04:00,431.6600036621094,436.6199951171875,431.54998779296875,435.32501220703125,255248.0
2026-08-03T14:30:00-04:00,435.45001220703125,436.4750061035156,432.8500061035156,434.3699951171875,435250.0
2026-08-03T15:30:00-04:00,434.4200134277344,438.760009765625,433.71990966796875,438.239990234375,597191.0
2026-08-04T09:30:00-04:00,451.2900085449219,451.9549865722656,434.29998779296875,436.010009765625,680014.0
2026-08-04T10:30:00-04:00,436.010009765625,441.0799865722656,435.489990234375,438.82000732421875,404476.0
2026-08-04T11:30:00-04:00,438.57000732421875,441.5299987792969,437.81500244140625,439.32501220703125,268034.0
2026-08-04T12:30:00-04:00,439.3500061035156,443.3699951171875,439.04998779296875,442.9700927734375,239289.0
2026-08-04T13:30:00-04:00,443.1600036621094,444.4200134277344,441.5199890136719,443.70001220703125,210067.0
2026-08-04T14:30:00-04:00,443.80999755859375,446.0050048828125,442.17999267578125,444.8299865722656,267030.0
2026-08-04T15:30:00-04:00,444.8349914550781,445.4299011230469,443.17999267578125,444.5799865722656,422263.0
2026-08-05T09:30:00-04:00,445.20001220703125,453.4999084472656,443.67010498046875,453.0150146484375,364802.0
2026-08-05T10:30:00-04:00,452.80999755859375,453.44000244140625,448.0578918457031,449.3995666503906,353315.0
2026-08-05T11:30:00-04:00,449.3349914550781,452.0,448.5400085449219,450.17498779296875,220650.0
2026-08-05T12:30:00-04:00,450.1700134277344,450.29998779296875,448.510009765625,449.29998779296875,163158.0
2026-08-05T13:30:00-04:00,449.42999267578125,450.3290100097656,448.760009765625,450.04998779296875,142447.0
2026-08-05T14:30:00-04:00,450.0450134277344,450.6099853515625,449.19000244140625,449.70001220703125,157192.0
2026-08-05T15:30:00-04:00,449.489990234375,450.1600036621094,447.010009765625,447.2900085449219,326989.0
2026-08-06T09:30:00-04:00,444.95001220703125,457.7799987792969,442.0,455.0350036621094,360051.0
2026-08-06T10:30:00-04:00,455.1000061035156,456.6462097167969,451.4049987792969,452.6499938964844,278592.0
2026-08-06T11:30:00-04:00,452.6099853515625,452.8399963378906,448.7799987792969,449.872802734375,154292.0
2026-08-06T12:30:00-04:00,449.6400146484375,452.989990234375,449.4849853515625,449.4849853515625,124303.0
2026-08-06T13:30:00-04:00,449.1449890136719,451.06243896484375,448.30499267578125,449.8410949707031,190105.0
2026-08-06T14:30:00-04:00,449.87799072265625,451.4800109863281,449.05999755859375,449.05999755859375,126674.0
2026-08-06T15:30:00-04:00,449.1000061035156,449.2799987792969,446.54998779296875,448.1700134277344,249320.0
2026-08-07T09:30:00-04:00,451.7699890136719,455.82000732421875,444.54998779296875,449.7749938964844,259635.0
2026-08-07T10:30:00-04:00,449.5199890136719,451.2200012207031,447.3699951171875,450.82000732421875,151942.0
2026-08-07T11:30:00-04:00,451.1000061035156,451.19989013671875,446.7099914550781,449.0899963378906,135952.0
2026-08-07T12:30:00-04:00,448.8399963378906,450.92999267578125,448.0799865722656,449.8349914550781,110671.0
2026-08-07T13:30:00-04:00,449.760009765625,450.0400085449219,448.79998779296875,448.81500244140625,109420.0
2026-08-07T14:30:00-04:00,448.8299865722656,450.7699890136719,448.25,448.42999267578125,150727.0
2026-08-07T15:30:00-04:00,448.42999267578125,449.3699951171875,447.5199890136719,448.6700134277344,235359.0
2026-08-10T09:30:00-04:00,453.8999938964844,453.92999267578125,445.2200012207031,450.151611328125,162848.0
2026-08-10T10:30:00-04:00,449.4599914550781,450.3900146484375,446.04998779296875,446.94000244140625,132864.0
2026-08-10T11:30:00-04:00,446.94000244140625,448.39990234375,445.7300109863281,445.739990234375,124389.0
2026-08-10T12:30:00-04:00,445.739990234375,447.0400085449219,444.07000732421875,446.82000732421875,95726.0
2026-08-10T13:30:00-04:00,447.04998779296875,447.4800109863281,446.0,446.07501220703125,121974.0
2026-08-10T14:30:00-04:00,446.0799865722656,447.6700134277344,445.989990234375,447.3299865722656,115734.0
2026-08-10T15:30:00-04:00,447.3349914550781,447.3699951171875,444.6700134277344,444.9800109863281,246406.0
2026-08-11T09:30:00-04:00,446.9700012207031,463.75,446.5,463.2349853515625,335137.0
2026-08-11T10:30:00-04:00,463.2674865722656,463.2674865722656,459.75860595703125,460.510009765625,226159.0
2026-08-11T11:30:00-04:00,460.54998779296875,461.0799865722656,459.1700134277344,459.31500244140625,153280.0
2026-08-11T12:30:00-04:00,459.32501220703125,459.70001220703125,458.1490173339844,458.5,146727.0
2026-08-11T13:30:00-04:00,458.5,459.1400146484375,457.3299865722656,457.5899963378906,148176.0
2026-08-11T14:30:00-04:00,457.6099853515625,459.7799987792969,457.6099853515625,459.3598327636719,200216.0
2026-08-11T15:30:00-04:00,459.4100036621094,460.70001220703125,458.0,459.4100036621094,317333.0
2026-08-12T09:30:00-04:00,476.0199890136719,478.0,464.6000061035156,465.1300048828125,507774.0
2026-08-12T10:30:00-04:00,464.9100036621094,465.5799865722656,462.0,464.6099853515625,168090.0
2026-08-12T11:30:00-04:00,464.989990234375,465.5599060058594,463.05010986328125,463.05010986328125,123419.0
2026-08-12T12:30:00-04:00,463.04998779296875,464.2298889160156,461.30499267578125,462.4599914550781,105163.0
2026-08-12T13:30:00-04:00,462.2650146484375,463.989990234375,461.9049987792969,463.5249938964844,121546.0
2026-08-12T14:30:00-04:00,463.5249938964844,463.6700134277344,461.30999755859375,461.30999755859375,141144.0
2026-08-12T15:30:00-04:00,461.30999755859375,461.30999755859375,459.0299987792969,459.9100036621094,250232.0
2026-08-13T09:30:00-04:00,459.30999755859375,459.380615234375,452.5,455.6400146484375,210175.0
2026-08-13T10:30:00-04:00,455.55999755859375,456.375,452.7049865722656,453.3699951171875,177294.0
2026-08-13T11:30:00-04:00,453.385009765625,456.1099853515625,452.5249938964844,455.4849853515625,102840.0
2026-08-13T12:30:00-04:00,455.4849853515625,457.9750061035156,455.30999755859375,457.31500244140625,93686.0
2026-08-13T13:30:00-04:00,457.29998779296875,457.9700012207031,456.20001220703125,457.5943908691406,105827.0
2026-08-13T14:30:00-04:00,457.55999755859375,457.6700134277344,455.04998779296875,455.04998779296875,143398.0
2026-08-13T15:30:00-04:00,455.0400085449219,455.0400085449219,453.07000732421875,453.3399963378906,302575.0
2026-08-14T09:30:00-04:00,453.760009765625,456.6700134277344,449.010009765625,451.2799987792969,355387.0
2026-08-14T10:30:00-04:00,451.2799987792969,454.1700134277344,449.6300048828125,451.0,204810.0
2026-08-14T11:30:00-04:00,451.0299987792969,453.9999084472656,449.75,453.4849853515625,122103.0
2026-08-14T12:30:00-04:00,453.25,453.79901123046875,452.5450134277344,452.80010986328125,71103.0
2026-08-14T13:30:00-04:00,453.0400085449219,453.760009765625,452.2799987792969,453.30999755859375,74543.0
2026-08-14T14:30:00-04:00,453.19500732421875,454.1300048828125,452.6000061035156,453.57000732421875,84565.0
2026-08-14T15:30:00-04:00,453.54998779296875,453.54998779296875,451.3999938964844,451.510009765625,209369.0
2026-08-17T09:30:00-04:00,458.9599914550781,458.9599914550781,449.0,454.510009765625,223100.0
2026-08-17T10:30:00-04:00,454.5375061035156,455.3822937011719,452.9100036621094,454.18499755859375,144054.0
2026-08-17T11:30:00-04:00,454.19000244140625,455.7698974609375,453.25,455.2449951171875,186666.0
2026-08-17T12:30:00-04:00,455.239990234375,458.0199890136719,454.6300048828125,456.2799987792969,182662.0
2026-08-17T13:30:00-04:00,456.2850036621094,458.6400146484375,456.2850036621094,457.760009765625,126878.0
2026-08-17T14:30:00-04:00,457.760009765625,457.80499267578125,455.3599853515625,456.4800109863281,161941.0
2026-08-17T15:30:00-04:00,456.5000915527344,457.6000061035156,455.2799987792969,455.55999755859375,227370.0
2026-08-18T09:30:00-04:00,444.19000244140625,444.8900146484375,435.1400146484375,436.4905090332031,364420.0
2026-08-18T10:30:00-04:00,437.0899963378906,437.9999084472656,429.10198974609375,430.3599853515625,319116.0
2026-08-18T11:30:00-04:00,430.5199890136719,431.6300048828125,428.8999938964844,429.3699035644531,138159.0
2026-08-18T12:30:00-04:00,429.2749938964844,431.32000732421875,429.2749938964844,430.69500732421875,143052.0
2026-08-18T13:30:00-04:00,430.5899963378906,431.1499938964844,429.3599853515625,430.125,162003.0
2026-08-18T14:30:00-04:00,430.0,431.6000061035156,428.9700012207031,430.4700012207031,229688.0
2026-08-18T15:30:00-04:00,430.4200134277344,431.57000732421875,429.69000244140625,431.30999755859375,355072.0
2026-08-19T09:30:00-04:00,435.1199951171875,436.95001220703125,417.2200012207031,422.8399963378906,360857.0
2026-08-19T10:30:00-04:00,422.572509765625,425.8699951171875,421.57501220703125,423.1199951171875,269761.0
2026-08-19T11:30:00-04:00,423.1199951171875,424.0199890136719,421.6199951171875,423.20001220703125,130246.0
2026-08-19T12:30:00-04:00,423.1700134277344,425.6400146484375,423.0299987792969,425.0299987792969,96399.0
2026-08-19T13:30:00-04:00,425.1099853515625,425.1600036621094,422.55499267578125,423.0849914550781,102767.0
2026-08-19T14:30:00-04:00,423.3599853515625,423.70001220703125,421.3399963378906,422.2749938964844,157736.0
2026-08-19T15:30:00-04:00,422.32000732421875,424.80999755859375,422.32000732421875,424.5400085449219,263515.0
2026-08-20T09:30:00-04:00,422.04998779296875,425.4208984375,416.0299987792969,420.17498779296875,342703.0
2026-08-20T10:30:00-04:00,420.17498779296875,422.7300109863281,419.6499938964844,421.2799987792969,174280.0
2026-08-20T11:30:00-04:00,421.29998779296875,421.55999755859375,417.5299987792969,418.239990234375,155500.0
2026-08-20T12:30:00-04:00,418.4150085449219,419.54998779296875,417.2900085449219,417.4700012207031,115431.0
2026-08-20T13:30:00-04:00,417.3699951171875,418.2782897949219,416.5899963378906,417.2799987792969,154109.0
2026-08-20T14:30:00-04:00,417.20001220703125,417.6499938964844,415.6600036621094,415.8800048828125,132716.0
2026-08-20T15:30:00-04:00,415.93499755859375,416.5,415.1499938964844,415.5,309925.0
2026-08-21T09:30:00-04:00,419.5,423.510009765625,416.2099914550781,421.92999267578125,418681.0
2026-08-21T10:30:00-04:00,421.7200012207031,423.5,420.3450012207031,421.1499938964844,236931.0
2026-08-21T11:30:00-04:00,420.7101135253906,423.29998779296875,419.19000244140625,419.69000244140625,147088.0
2026-08-21T12:30:00-04:00,419.989990234375,421.0899963378906,418.6600036621094,420.9949951171875,105916.0
2026-08-21T13:30:00-04:00,420.9949951171875,422.0299987792969,420.260009765625,421.8424987792969,119751.0
2026-08-21T14:30:00-04:00,421.7300109863281,421.9100036621094,420.6099853515625,421.3299865722656,126037.0
2026-08-21T15:30:00-04:00,421.2900085449219,421.4599914550781,419.0899963378906,419.239990234375,186950.0
2026-08-24T09:30:00-04:00,415.2300109863281,417.9898986816406,407.6300048828125,409.0,238174.0
2026-08-24T10:30:00-04:00,409.0799865722656,411.1098937988281,407.5101013183594,408.375,156679.0
2026-08-24T11:30:00-04:00,408.375,411.510009765625,408.010009765625,410.7799072265625,101996.0
2026-08-24T12:30:00-04:00,410.7799987792969,410.8699951171875,408.375,408.3900146484375,133051.0
2026-08-24T13:30:00-04:00,408.44000244140625,410.2898864746094,407.1099853515625,410.05999755859375,96043.0
2026-08-24T14:30:00-04:00,410.0150146484375,410.7998962402344,408.4100036621094,408.4599914550781,186705.0
2026-08-24T15:30:00-04:00,408.45001220703125,408.8399963378906,406.95001220703125,408.7099914550781,272329.0
2026-08-25T09:30:00-04:00,418.3299865722656,419.989990234375,411.8800048828125,411.8999938964844,318858.0
2026-08-25T10:30:00-04:00,411.68499755859375,413.1700134277344,409.7200012207031,412.57000732421875,147804.0
2026-08-25T11:30:00-04:00,412.54998779296875,414.57000732421875,411.7300109863281,413.1199951171875,158220.0
2026-08-25T12:30:00-04:00,413.0299987792969,413.3599853515625,410.510009765625,411.05999755859375,147040.0
2026-08-25T13:30:00-04:00,410.9700012207031,411.2499084472656,408.6000061035156,409.70001220703125,178669.0
2026-08-25T14:30:00-04:00,409.8799133300781,410.4800109863281,407.4700927734375,407.9949951171875,154775.0
2026-08-25T15:30:00-04:00,408.0199890136719,409.5299987792969,407.5902099609375,409.510009765625,212370.0
2026-08-26T09:30:00-04:00,411.9700012207031,419.1600036621094,409.7749938964844,415.0299987792969,227358.0
2026-08-26T10:30:00-04:00,415.010009765625,417.9627990722656,414.239990234375,417.75,202957.0
2026-08-26T11:30:00-04:00,417.6199951171875,417.8900146484375,415.6400146484375,416.69000244140625,128072.0
2026-08-26T12:30:00-04:00,416.69000244140625,418.5899963378906,416.0400085449219,417.9599914550781,246374.0
2026-08-26T13:30:00-04:00,418.0647888183594,418.3399963378906,416.5000915527344,416.68499755859375,125856.0
2026-08-26T14:30:00-04:00,416.5799865722656,418.2699890136719,416.0799865722656,417.9599914550781,187917.0
2026-08-26T15:30:00-04:00,417.9100036621094,420.92999267578125,417.8399963378906,419.6300048828125,286887.0
2026-08-27T09:30:00-04:00,427.6199951171875,427.9599914550781,417.3599853515625,420.92999267578125,397200.0
2026-08-27T10:30:00-04:00,421.0799865722656,421.8299865722656,418.75,420.385009765625,202245.0
2026-08-27T11:30:00-04:00,420.385009765625,420.760009765625,416.3999938964844,416.55999755859375,114968.0
2026-08-27T12:30:00-04:00,416.5899963378906,417.8900146484375,416.1940002441406,417.82501220703125,111893.0
2026-08-27T13:30:00-04:00,417.8599853515625,418.1300048828125,415.3299865722656,415.4549865722656,97300.0
2026-08-27T14:30:00-04:00,415.5,416.8699951171875,415.2101135253906,415.8699951171875,156035.0
2026-08-27T15:30:00-04:00,415.864990234375,416.31500244140625,415.3699951171875,415.8900146484375,259325.0
2026-08-28T09:30:00-04:00,417.5,419.0299987792969,409.9150085449219,410.7149963378906,386207.0
2026-08-28T10:30:00-04:00,410.7099914550781,412.8799133300781,409.0400085449219,409.6414489746094,232259.0
2026-08-28T11:30:00-04:00,409.6050109863281,409.8699951171875,403.010009765625,403.19500732421875,289508.0
2026-08-28T12:30:00-04:00,403.20001220703125,405.2799987792969,402.8500061035156,403.260009765625,177126.0
2026-08-28T13:30:00-04:00,403.3399963378906,404.7650146484375,402.80010986328125,403.6300048828125,102724.0
2026-08-28T14:30:00-04:00,403.5801086425781,404.1300048828125,402.3500061035156,403.6300048828125,134469.0
2026-08-28T15:30:00-04:00,403.69000244140625,404.8299865722656,402.30999755859375,402.6700134277344,256103.0
2026-08-31T09:30:00-04:00,403.0,406.9800109863281,400.1600036621094,400.6000061035156,310722.0
2026-08-31T10:30:00-04:00,400.45001220703125,401.42999267578125,399.75,400.7200012207031,132148.0
2026-08-31T11:30:00-04:00,400.7300109863281,401.3500061035156,399.8299865722656,400.8949890136719,78730.0
2026-08-31T12:30:00-04:00,401.0,401.8500061035156,400.5155029296875,401.6000061035156,99213.0
2026-08-31T13:30:00-04:00,401.6700134277344,403.32501220703125,401.1553955078125,403.25,112647.0
2026-08-31T14:30:00-04:00,403.260009765625,404.3599853515625,402.66937255859375,403.9949951171875,142293.0
2026-08-31T15:30:00-04:00,404.07000732421875,404.1099853515625,400.989990234375,401.8800048828125,301563.0
2026-09-01T09:30:00-04:00,397.989990234375,401.0,387.0,389.1400146484375,460806.0
2026-09-01T10:30:00-04:00,389.17999267578125,393.30999755859375,389.17999267578125,391.4599914550781,207351.0
2026-09-01T11:30:00-04:00,391.3450012207031,392.3800048828125,389.1216125488281,389.19000244140625,218712.0
2026-09-01T12:30:00-04:00,389.260009765625,389.2900085449219,387.1499938964844,389.260009765625,235891.0
2026-09-01T13:30:00-04:00,389.260009765625,389.9200134277344,388.56451416015625,389.32501220703125,138828.0
2026-09-01T14:30:00-04:00,389.42999267578125,389.989990234375,388.4599914550781,389.8550109863281,248899.0
2026-09-01T15:30:00-04:00,389.989990234375,390.7099914550781,389.4100036621094,390.7099914550781,223784.0
2026-09-02T09:30:00-04:00,391.2749938964844,393.9700012207031,386.0,393.5400085449219,274556.0
2026-09-02T10:30:00-04:00,393.2550048828125,394.8900146484375,391.70001220703125,393.239990234375,191098.0
2026-09-02T11:30:00-04:00,393.2300109863281,394.4800109863281,391.3399963378906,391.4649963378906,83128.0
2026-09-02T12:30:00-04:00,391.42779541015625,392.44500732421875,390.1600036621094,390.2799987792969,173748.0
2026-09-02T13:30:00-04:00,390.4368896484375,390.9599914550781,388.6700134277344,388.739990234375,149874.0
2026-09-02T14:30:00-04:00,388.739990234375,390.5400085449219,388.5227966308594,390.44500732421875,192209.0
2026-09-02T15:30:00-04:00,390.4649963378906,391.04998779296875,389.9010009765625,390.8500061035156,274164.0
2026-09-03T09:30:00-04:00,390.0299987792969,392.0,384.7701110839844,389.1700134277344,312137.0
2026-09-03T10:30:00-04:00,388.8999938964844,397.30999755859375,388.4599914550781,396.94000244140625,229362.0
2026-09-03T11:30:00-04:00,397.1700134277344,397.8699951171875,394.3800048828125,395.6099853515625,172207.0
2026-09-03T12:30:00-04:00,395.6099853515625,396.56500244140625,394.8999938964844,395.4599914550781,79635.0
2026-09-03T13:30:00-04:00,395.4549865722656,396.1499938964844,394.739990234375,394.8924865722656,115759.0
2026-09-03T14:30:00-04:00,394.9049987792969,396.04998779296875,394.82000732421875,396.0400085449219,104346.0
2026-09-03T15:30:00-04:00,396.2300109863281,397.2699890136719,395.8299865722656,397.0,215759.0
2026-09-04T09:30:00-04:00,400.8999938964844,408.79998779296875,400.04998779296875,408.20001220703125,366293.0
2026-09-04T10:30:00-04:00,408.18341064453125,409.7300109863281,407.19000244140625,407.4949951171875,224301.0
2026-09-04T11:30:00-04:00,407.4949951171875,408.389892578125,406.8800048828125,407.2099914550781,131519.0
2026-09-04T12:30:00-04:00,407.2699890136719,408.4599914550781,406.79998779296875,406.9800109863281,99357.0
2026-09-04T13:30:00-04:00,406.80999755859375,408.53900146484375,406.17999267578125,408.19000244140625,115454.0
2026-09-04T14:30:00-04:00,408.2099914550781,409.8699951171875,407.8599853515625,409.54998779296875,215222.0
2026-09-04T15:30:00-04:00,409.5400085449219,411.2349853515625,409.44000244140625,410.8599853515625,361068.0
2026-09-08T09:30:00-04:00,423.67999267578125,426.06500244140625,419.5,423.94000244140625,369292.0
2026-09-08T10:30:00-04:00,423.6199951171875,430.25,423.54998779296875,429.0849914550781,237587.0
2026-09-08T11:30:00-04:00,429.1400146484375,429.9200134277344,426.8599853515625,427.5299987792969,181098.0
2026-09-08T12:30:00-04:00,427.5350036621094,429.5799865722656,426.7699890136719,429.1000061035156,125074.0
2026-09-08T13:30:00-04:00,429.1000061035156,429.1000061035156,426.9316101074219,427.38751220703125,132700.0
2026-09-08T14:30:00-04:00,427.2550048828125,427.30999755859375,424.4200134277344,425.9125061035156,189585.0
2026-09-08T15:30:00-04:00,425.9849853515625,425.9849853515625,421.9200134277344,422.1400146484375,342131.0
2026-09-09T09:30:00-04:00,420.04998779296875,424.2250061035156,415.5899963378906,418.29998779296875,279641.0
2026-09-09T10:30:00-04:00,418.5199890136719,419.4949951171875,415.7850036621094,416.05999755859375,205802.0
2026-09-09T11:30:00-04:00,416.1400146484375,418.2699890136719,415.6499938964844,416.010009765625,188825.0
2026-09-09T12:30:00-04:00,416.010009765625,418.1600036621094,416.010009765625,417.4849853515625,114965.0
2026-09-09T13:30:00-04:00,417.4800109863281,417.82000732421875,415.9200134277344,416.1300048828125,210356.0
2026-09-09T14:30:00-04:00,416.1400146484375,417.13629150390625,415.17999267578125,416.6300048828125,165892.0
2026-09-09T15:30:00-04:00,416.510009765625,416.5790100097656,415.1600036621094,415.3399963378906,303027.0
2026-09-10T09:30:00-04:00,410.0,414.1698913574219,405.70001220703125,411.9800109863281,299194.0
2026-09-10T10:30:00-04:00,411.57501220703125,414.3599853515625,410.6600036621094,414.0874938964844,145410.0
2026-09-10T11:30:00-04:00,414.0899963378906,414.3699951171875,407.95001220703125,408.34027099609375,133550.0
2026-09-10T12:30:00-04:00,408.4800109863281,409.5799865722656,406.7699890136719,408.1499938964844,125293.0
2026-09-10T13:30:00-04:00,408.1499938964844,410.07501220703125,407.7300109863281,409.260009765625,107995.0
2026-09-10T14:30:00-04:00,409.07000732421875,409.510009765625,407.4949951171875,407.4949951171875,141881.0
2026-09-10T15:30:00-04:00,407.4949951171875,410.0899963378906,407.239990234375,409.19000244140625,243582.0
2026-09-11T09:30:00-04:00,415.3999938964844,427.1400146484375,414.0,423.9200134277344,347038.0
2026-09-11T10:30:00-04:00,423.9200134277344,425.79998779296875,422.6600036621094,424.8399963378906,183354.0
2026-09-11T11:30:00-04:00,425.1449890136719,425.4549865722656,423.06500244140625,423.06500244140625,92190.0
2026-09-11T12:30:00-04:00,423.06500244140625,424.1199951171875,422.2349853515625,422.375,94389.0
2026-09-11T13:30:00-04:00,422.3550109863281,424.5950012207031,422.0799865722656,423.6099853515625,116267.0
2026-09-11T14:30:00-04:00,423.510009765625,423.8866882324219,422.6099853515625,423.8599853515625,115562.0
2026-09-11T15:30:00-04:00,423.7300109863281,426.0400085449219,423.7300109863281,425.2850036621094,312936.0
2026-09-14T09:30:00-04:00,393.010009765625,400.65899658203125,387.0,398.4700012207031,613005.0
2026-09-14T10:30:00-04:00,398.55999755859375,398.80999755859375,390.75,395.510009765625,574135.0
2026-09-14T11:30:00-04:00,395.68499755859375,397.25,394.2130126953125,395.1549987792969,275683.0
2026-09-14T12:30:00-04:00,395.1549987792969,395.54998779296875,393.4849853515625,394.1400146484375,237030.0
2026-09-14T13:30:00-04:00,394.05999755859375,394.1099853515625,391.3299865722656,392.7099914550781,287337.0
2026-09-14T14:30:00-04:00,392.6860046386719,395.8900146484375,392.45001220703125,393.92999267578125,327448.0
2026-09-14T15:30:00-04:00,393.8599853515625,394.5899963378906,392.80999755859375,393.07000732421875,433752.0
2026-09-15T09:30:00-04:00,398.79998779296875,400.2699890136719,393.3399963378906,393.8699951171875,367796.0
2026-09-15T10:30:00-04:00,393.7850036621094,394.6700134277344,390.3399963378906,391.2099914550781,229945.0
2026-09-15T11:30:00-04:00,391.3699951171875,391.760009765625,389.3999938964844,390.489990234375,174658.0
2026-09-15T12:30:00-04:00,390.489990234375,392.8900146484375,390.07000732421875,392.1600036621094,189590.0
2026-09-15T13:30:00-04:00,392.2950134277344,393.04998779296875,391.3800048828125,391.7850036621094,206906.0
2026-09-15T14:30:00-04:00,391.7449951171875,393.2200012207031,391.489990234375,391.82000732421875,332964.0
2026-09-15T15:30:00-04:00,391.80499267578125,392.3800048828125,390.69000244140625,392.32000732421875,472226.0
2026-09-16T09:30:00-04:00,397.6499938964844,399.75,396.2192077636719,396.9800109863281,219876.0
2026-09-16T10:30:00-04:00,397.1300048828125,399.8900146484375,397.1300048828125,398.8800048828125,202836.0
2026-09-16T11:30:00-04:00,399.010009765625,401.1099853515625,398.82000732421875,400.760009765625,151660.0
2026-09-16T12:30:00-04:00,400.75,401.8799133300781,400.4700012207031,401.7749938964844,150485.0
2026-09-16T13:30:00-04:00,401.760009765625,403.322509765625,398.32000732421875,398.8163146972656,259394.0
2026-09-16T14:30:00-04:00,399.3299865722656,399.45001220703125,393.6000061035156,395.7049865722656,327251.0
2026-09-16T15:30:00-04:00,395.8299865722656,398.95001220703125,395.8299865722656,397.875,243199.0
2026-09-17T09:30:00-04:00,415.0799865722656,418.8599853515625,409.0,412.42999267578125,714264.0
2026-09-17T10:30:00-04:00,412.42999267578125,414.4100036621094,408.7300109863281,410.4800109863281,362884.0
2026-09-17T11:30:00-04:00,410.5299987792969,411.82000732421875,409.67999267578125,411.3900146484375,177623.0
2026-09-17T12:30:00-04:00,411.4100036621094,412.260009765625,410.6199951171875,410.8909912109375,196792.0
2026-09-17T13:30:00-04:00,411.0299987792969,411.1099853515625,408.8999938964844,410.06500244140625,189803.0
2026-09-17T14:30:00-04:00,410.1400146484375,410.8800048828125,409.3999938964844,409.75,186421.0
2026-09-17T15:30:00-04:00,409.7799987792969,411.260009765625,409.3399963378906,409.3699951171875,327990.0
2026-09-18T09:30:00-04:00,411.4800109863281,419.07000732421875,410.92498779296875,416.260009765625,626780.0
2026-09-18T10:30:00-04:00,416.19500732421875,418.4201965332031,416.0400085449219,418.0199890136719,170193.0
2026-09-18T11:30:00-04:00,418.07000732421875,419.29998779296875,417.364990234375,418.364990234375,191015.0
2026-09-18T12:30:00-04:00,418.3349914550781,420.7699890136719,418.0849914550781,420.4049987792969,155825.0
2026-09-18T13:30:00-04:00,420.4150085449219,421.79998779296875,419.8500061035156,421.2550048828125,292603.0
2026-09-18T14:30:00-04:00,421.2550048828125,423.2099914550781,420.94000244140625,422.8699951171875,245011.0
2026-09-18T15:30:00-04:00,422.8175048828125,425.3399963378906,422.5,424.8399963378906,464734.0
2026-09-21T09:30:00-04:00,430.2099914550781,432.75,426.05999755859375,432.1955871582031,233539.0
2026-09-21T10:30:00-04:00,432.3550109863281,433.7900085449219,431.5299987792969,432.79998779296875,249167.0
2026-09-21T11:30:00-04:00,432.8699951171875,437.239990234375,432.2099914550781,437.0299987792969,247381.0
2026-09-21T12:30:00-04:00,437.1199951171875,438.1099853515625,434.5050048828125,434.7449951171875,216437.0
2026-09-21T13:30:00-04:00,434.7449951171875,435.69000244140625,434.0799865722656,435.45001220703125,165140.0
2026-09-21T14:30:00-04:00,435.3800048828125,438.1199951171875,435.3039855957031,437.9599914550781,242197.0
2026-09-21T15:30:00-04:00,437.9599914550781,438.2550048828125,433.57000732421875,435.4200134277344,471716.0
2026-09-22T09:30:00-04:00,434.6700134277344,440.57000732421875,433.17999267578125,438.8699951171875,363878.0
2026-09-22T10:30:00-04:00,438.7099914550781,442.1600036621094,438.1199951171875,441.239990234375,163573.0
2026-09-22T11:30:00-04:00,441.239990234375,443.2799987792969,440.3299865722656,441.04998779296875,157915.0
2026-09-22T12:30:00-04:00,440.94000244140625,441.3699951171875,438.8399963378906,439.7449951171875,126329.0
2026-09-22T13:30:00-04:00,439.6700134277344,441.1199951171875,439.0299987792969,440.6300048828125,228790.0
2026-09-22T14:30:00-04:00,440.57000732421875,441.84991455078125,440.0,440.6600036621094,184862.0
2026-09-22T15:30:00-04:00,440.6499938964844,443.6400146484375,440.6199951171875,442.4700012207031,259779.0
2026-09-23T09:30:00-04:00,442.55999755859375,443.489990234375,436.0950012207031,439.0050048828125,263427.0
2026-09-23T10:30:00-04:00,438.6600036621094,441.33990478515625,437.4700012207031,439.6650085449219,174881.0
2026-09-23T11:30:00-04:00,439.6600036621094,440.6099853515625,438.32000732421875,439.7250061035156,136160.0
2026-09-23T12:30:00-04:00,439.7149963378906,440.1400146484375,437.25,439.0899963378906,106062.0
2026-09-23T13:30:00-04:00,438.95001220703125,439.5150146484375,437.5249938964844,438.4200134277344,166828.0
2026-09-23T14:30:00-04:00,438.3550109863281,438.9200134277344,437.1400146484375,437.25,188928.0
2026-09-23T15:30:00-04:00,437.2699890136719,439.07000732421875,437.010009765625,439.07000732421875,331694.0
2026-09-24T09:30:00-04:00,429.3599853515625,437.20001220703125,427.9599914550781,434.9750061035156,210170.0
2026-09-24T10:30:00-04:00,434.9750061035156,436.30999755859375,432.989990234375,434.9200134277344,102655.0
2026-09-24T11:30:00-04:00,434.989990234375,439.2749938964844,434.19000244140625,437.75,111066.0
2026-09-24T12:30:00-04:00,437.7850036621094,441.3800048828125,437.2900085449219,438.2049865722656,115356.0
2026-09-24T13:30:00-04:00,438.2049865722656,438.739990234375,434.42999267578125,437.0400085449219,190221.0
2026-09-24T14:30:00-04:00,437.05999755859375,438.75,436.5299987792969,438.19500732421875,108403.0
2026-09-24T15:30:00-04:00,438.19500732421875,440.20001220703125,438.1300048828125,439.80999755859375,145897.0
2026-09-25T09:30:00-04:00,444.3999938964844,447.3299865722656,438.7799987792969,438.8550109863281,216178.0
2026-09-25T10:30:00-04:00,438.7200012207031,440.2803955078125,438.0,439.135009765625,152795.0
2026-09-25T11:30:00-04:00,439.30999755859375,442.8999938964844,437.44000244140625,442.1152038574219,107694.0
2026-09-25T12:30:00-04:00,442.3500061035156,442.3500061035156,438.510009765625,439.45001220703125,139974.0
2026-09-25T13:30:00-04:00,439.44000244140625,439.5799865722656,437.3500061035156,438.1300048828125,129690.0
2026-09-25T14:30:00-04:00,438.125,439.39990234375,436.17510986328125,439.3399963378906,169332.0
2026-09-25T15:30:00-04:00,439.3999938964844,440.94000244140625,439.0,439.989990234375,212873.0
2026-09-28T09:30:00-04:00,437.7099914550781,441.94000244140625,435.0199890136719,437.6099853515625,288907.0
2026-09-28T10:30:00-04:00,437.6300048828125,437.6300048828125,423.8299865722656,425.7950134277344,478125.0
2026-09-28T11:30:00-04:00,425.8599853515625,432.29998779296875,424.1099853515625,431.17498779296875,215982.0
2026-09-28T12:30:00-04:00,430.9200134277344,431.989990234375,427.4100036621094,430.1099853515625,160967.0
2026-09-28T13:30:00-04:00,430.1300048828125,432.1090087890625,429.8900146484375,430.8900146484375,109529.0
2026-09-28T14:30:00-04:00,430.8900146484375,431.75,429.4100036621094,429.6300048828125,178288.0
2026-09-28T15:30:00-04:00,429.6499938964844,431.5899963378906,429.20001220703125,431.29998779296875,320249.0
2026-09-29T09:30:00-04:00,436.6199951171875,437.04998779296875,432.70001220703125,433.8999938964844,449335.0
2026-09-29T10:30:00-04:00,433.875,434.55499267578125,430.5600891113281,430.6629943847656,121158.0
2026-09-29T11:30:00-04:00,430.7550048828125,433.1600036621094,430.7550048828125,433.05999755859375,110325.0
2026-09-29T12:30:00-04:00,432.9200134277344,433.3299865722656,431.510009765625,432.92999267578125,80728.0
2026-09-29T13:30:00-04:00,432.95330810546875,434.30499267578125,432.2850036621094,432.7149963378906,102806.0
2026-09-29T14:30:00-04:00,432.5899963378906,434.9800109863281,432.0899963378906,433.0400085449219,132173.0
2026-09-29T15:30:00-04:00,432.9599914550781,434.29998779296875,432.2401123046875,433.2200012207031,167823.0
