t,o,h,l,c,v
2025-05-16T09:30:00-04:00,23.5,24.149999618530273,22.100000381469727,22.600000381469727,0.0
2025-05-16T10:30:00-04:00,22.600000381469727,24.899999618530273,22.235000610351562,23.65999984741211,1261769.0
2025-05-16T11:30:00-04:00,23.65999984741211,25.260000228881836,23.65999984741211,24.89299964904785,863351.0
2025-05-16T12:30:00-04:00,24.91950035095215,25.190000534057617,23.1200008392334,23.920000076293945,800522.0
2025-05-16T13:30:00-04:00,23.864999771118164,24.84000015258789,23.43000030517578,24.795000076293945,650476.0
2025-05-16T14:30:00-04:00,24.84000015258789,24.860000610351562,23.530000686645508,23.56999969482422,567753.0
2025-05-16T15:30:00-04:00,23.579999923706055,23.739999771118164,22.09000015258789,22.559999465942383,872320.0
2025-05-19T09:30:00-04:00,23.020000457763672,25.0,22.5,24.69499969482422,707843.0
2025-05-19T10:30:00-04:00,24.6299991607666,25.239999771118164,24.0,24.999900817871094,314570.0
2025-05-19T11:30:00-04:00,24.96500015258789,26.59000015258789,24.799999237060547,25.799999237060547,406301.0
2025-05-19T12:30:00-04:00,26.024999618530273,26.24370002746582,25.52750015258789,25.600000381469727,213656.0
2025-05-19T13:30:00-04:00,25.639999389648438,25.639999389648438,23.344999313354492,24.0,375354.0
2025-05-19T14:30:00-04:00,23.961000442504883,24.149999618530273,23.510000228881836,23.940000534057617,308212.0
2025-05-19T15:30:00-04:00,23.88990020751953,24.399999618530273,23.850000381469727,24.219999313354492,224003.0
2025-05-20T09:30:00-04:00,23.649999618530273,23.722299575805664,21.510000228881836,22.075000762939453,1238927.0
2025-05-20T10:30:00-04:00,22.049999237060547,22.600000381469727,22.020000457763672,22.399999618530273,343049.0
2025-05-20T11:30:00-04:00,22.440000534057617,22.639999389648438,22.010000228881836,22.014999389648438,337329.0
2025-05-20T12:30:00-04:00,22.010000228881836,22.329999923706055,22.0,22.190000534057617,331045.0
2025-05-20T13:30:00-04:00,22.18000030517578,22.219999313354492,21.899999618530273,21.93000030517578,365080.0
2025-05-20T14:30:00-04:00,21.969999313354492,22.1023006439209,21.549999237060547,21.774999618530273,346500.0
2025-05-20T15:30:00-04:00,21.760000228881836,22.288400650024414,21.75,21.913400650024414,327332.0
2025-05-21T09:30:00-04:00,21.514999389648438,22.59000015258789,21.030000686645508,21.882600784301758,547576.0
2025-05-21T10:30:00-04:00,21.842100143432617,23.559999465942383,21.440000534057617,23.364999771118164,940156.0
2025-05-21T11:30:00-04:00,23.33650016784668,24.014999389648438,23.270999908447266,23.709999084472656,750798.0
2025-05-21T12:30:00-04:00,23.709999084472656,23.899999618530273,22.0,22.059999465942383,612044.0
2025-05-21T13:30:00-04:00,22.065000534057617,22.639999389648438,21.549999237060547,21.885000228881836,660637.0
2025-05-21T14:30:00-04:00,21.860000610351562,22.3700008392334,21.850000381469727,22.049999237060547,225013.0
2025-05-21T15:30:00-04:00,22.065000534057617,22.510000228881836,22.065000534057617,22.325000762939453,233364.0
2025-05-22T09:30:00-04:00,23.68000030517578,23.94499969482422,22.700000762939453,22.85140037536621,934403.0
2025-05-22T10:30:00-04:00,22.8700008392334,23.489999771118164,22.25,23.230100631713867,671816.0
2025-05-22T11:30:00-04:00,23.30900001525879,24.086299896240234,23.130699157714844,23.809999465942383,497816.0
2025-05-22T12:30:00-04:00,23.829999923706055,25.0,23.639999389648438,24.670000076293945,898738.0
2025-05-22T13:30:00-04:00,24.609500885009766,24.799999237060547,24.25,24.359800338745117,538853.0
2025-05-22T14:30:00-04:00,24.40999984741211,24.914899826049805,24.34000015258789,24.884599685668945,550958.0
2025-05-22T15:30:00-04:00,24.860599517822266,24.948999404907227,24.309999465942383,24.399999618530273,495515.0
2025-05-23T09:30:00-04:00,23.190000534057617,24.239999771118164,22.799999237060547,23.309999465942383,735733.0
2025-05-23T10:30:00-04:00,23.354999542236328,23.58880043029785,23.13990020751953,23.360000610351562,348271.0
2025-05-23T11:30:00-04:00,23.375,23.405000686645508,22.6299991607666,23.029600143432617,391881.0
2025-05-23T12:30:00-04:00,23.0,23.110000610351562,22.90999984741211,23.014799118041992,147535.0
2025-05-23T13:30:00-04:00,23.0,23.5,23.0,23.16900062561035,225746.0
2025-05-23T14:30:00-04:00,23.174400329589844,23.309999465942383,22.8700008392334,22.975000381469727,387882.0
2025-05-23T15:30:00-04:00,22.959999084472656,23.110000610351562,22.850000381469727,22.934999465942383,287165.0
2025-05-27T09:30:00-04:00,23.299999237060547,23.479999542236328,22.42009925842285,22.42009925842285,838808.0
2025-05-27T10:30:00-04:00,22.450000762939453,22.670000076293945,22.15999984741211,22.459999084472656,437992.0
2025-05-27T11:30:00-04:00,22.459999084472656,22.56999969482422,22.200000762939453,22.239999771118164,328225.0
2025-05-27T12:30:00-04:00,22.24250030517578,22.440000534057617,21.920000076293945,22.2450008392334,622283.0
2025-05-27T13:30:00-04:00,22.239999771118164,22.239999771118164,21.950000762939453,22.06999969482422,200559.0
2025-05-27T14:30:00-04:00,22.06999969482422,22.08989906311035,21.799999237060547,21.893800735473633,180733.0
2025-05-27T15:30:00-04:00,21.8799991607666,21.93000030517578,21.670000076293945,21.709999084472656,287362.0
2025-05-28T09:30:00-04:00,19.5,20.072500228881836,18.799999237060547,19.239999771118164,1655636.0
2025-05-28T10:30:00-04:00,19.260000228881836,19.56999969482422,18.954999923706055,19.350000381469727,607054.0
2025-05-28T11:30:00-04:00,19.34000015258789,19.860000610351562,19.25,19.844999313354492,321253.0
2025-05-28T12:30:00-04:00,19.844999313354492,20.270000457763672,19.809999465942383,20.200000762939453,453027.0
2025-05-28T13:30:00-04:00,20.190500259399414,20.85300064086914,20.15999984741211,20.739999771118164,365053.0
2025-05-28T14:30:00-04:00,20.738000869750977,20.850000381469727,20.360000610351562,20.788999557495117,268129.0
2025-05-28T15:30:00-04:00,20.770000457763672,20.770000457763672,20.31999969482422,20.350000381469727,305818.0
2025-05-29T09:30:00-04:00,20.809999465942383,20.926000595092773,20.160499572753906,20.59000015258789,728548.0
2025-05-29T10:30:00-04:00,20.56999969482422,20.60849952697754,19.6200008392334,20.205699920654297,513033.0
2025-05-29T11:30:00-04:00,20.199499130249023,20.309999465942383,19.520000457763672,19.599899291992188,504133.0
2025-05-29T12:30:00-04:00,19.549999237060547,19.850000381469727,19.209999084472656,19.309999465942383,482385.0
2025-05-29T13:30:00-04:00,19.309999465942383,19.790000915527344,19.290000915527344,19.74519920349121,276559.0
2025-05-29T14:30:00-04:00,19.75,20.084999084472656,19.670000076293945,20.0,544322.0
2025-05-29T15:30:00-04:00,19.959999084472656,20.06999969482422,19.559999465942383,19.594999313354492,596448.0
2025-05-30T09:30:00-04:00,18.850000381469727,18.87619972229004,18.0,18.350000381469727,6391988.0
2025-05-30T10:30:00-04:00,18.354999542236328,18.6299991607666,18.34000015258789,18.600000381469727,837345.0
2025-05-30T11:30:00-04:00,18.600000381469727,18.68000030517578,18.220500946044922,18.2450008392334,762874.0
2025-05-30T12:30:00-04:00,18.219999313354492,18.42959976196289,18.0,18.15999984741211,822064.0
2025-05-30T13:30:00-04:00,18.170000076293945,18.420000076293945,18.149999618530273,18.290000915527344,617760.0
2025-05-30T14:30:00-04:00,18.299999237060547,18.5,18.149999618530273,18.405000686645508,1050372.0
2025-05-30T15:30:00-04:00,18.405000686645508,18.5,18.139999389648438,18.149999618530273,1349368.0
2025-06-02T09:30:00-04:00,18.479999542236328,18.75,18.200000762939453,18.40999984741211,850738.0
2025-06-02T10:30:00-04:00,18.395000457763672,18.5,18.25,18.469999313354492,519153.0
2025-06-02T11:30:00-04:00,18.469999313354492,18.639999389648438,18.440000534057617,18.59000015258789,665250.0
2025-06-02T12:30:00-04:00,18.56999969482422,18.770000457763672,18.469999313354492,18.469999313354492,781769.0
2025-06-02T13:30:00-04:00,18.469999313354492,18.719999313354492,18.459999084472656,18.65999984741211,523452.0
2025-06-02T14:30:00-04:00,18.6299991607666,18.747100830078125,18.5,18.704999923706055,1134673.0
2025-06-02T15:30:00-04:00,18.704999923706055,18.764999389648438,18.5,18.5,863119.0
2025-06-03T09:30:00-04:00,18.649999618530273,19.030000686645508,18.290000915527344,19.0,1074580.0
2025-06-03T10:30:00-04:00,19.0,19.42490005493164,18.959999084472656,19.295000076293945,787336.0
2025-06-03T11:30:00-04:00,19.299999237060547,19.56999969482422,19.149999618530273,19.530000686645508,661196.0
2025-06-03T12:30:00-04:00,19.520000457763672,19.562999725341797,19.229999542236328,19.389999389648438,412447.0
2025-06-03T13:30:00-04:00,19.389999389648438,19.5,19.1299991607666,19.299999237060547,479036.0
2025-06-03T14:30:00-04:00,19.299999237060547,19.399999618530273,19.25,19.260000228881836,415088.0
2025-06-03T15:30:00-04:00,19.264999389648438,19.34000015258789,19.100000381469727,19.1200008392334,714318.0
2025-06-04T09:30:00-04:00,19.399999618530273,19.649999618530273,18.921100616455078,19.638399124145508,1135894.0
2025-06-04T10:30:00-04:00,19.649999618530273,19.86039924621582,19.420000076293945,19.78350067138672,663841.0
2025-06-04T11:30:00-04:00,19.770000457763672,19.81999969482422,19.290000915527344,19.3700008392334,629522.0
2025-06-04T12:30:00-04:00,19.3700008392334,19.59000015258789,19.350000381469727,19.479999542236328,245106.0
2025-06-04T13:30:00-04:00,19.459999084472656,19.75,19.459999084472656,19.700000762939453,212572.0
2025-06-04T14:30:00-04:00,19.700000762939453,20.040000915527344,19.690000534057617,19.950000762939453,1229479.0
2025-06-04T15:30:00-04:00,19.959999084472656,20.149999618530273,19.81999969482422,20.100000381469727,1514387.0
2025-06-05T09:30:00-04:00,20.725000381469727,20.829999923706055,19.399999618530273,19.764999389648438,1654908.0
2025-06-05T10:30:00-04:00,19.799999237060547,20.040000915527344,19.618900299072266,19.844999313354492,911634.0
2025-06-05T11:30:00-04:00,19.864999771118164,20.110000610351562,19.799999237060547,20.003000259399414,486763.0
2025-06-05T12:30:00-04:00,20.030000686645508,20.170000076293945,19.530000686645508,19.9950008392334,827615.0
2025-06-05T13:30:00-04:00,19.969999313354492,20.100000381469727,19.68000030517578,19.790000915527344,550005.0
2025-06-05T14:30:00-04:00,19.770000457763672,19.860000610351562,19.149999618530273,19.280000686645508,1142966.0
2025-06-05T15:30:00-04:00,19.239999771118164,19.440000534057617,19.049999237060547,19.059999465942383,885611.0
2025-06-06T09:30:00-04:00,19.049999237060547,19.579999923706055,18.959999084472656,18.9950008392334,865676.0
2025-06-06T10:30:00-04:00,19.030000686645508,19.75,19.030000686645508,19.530000686645508,665460.0
2025-06-06T11:30:00-04:00,19.545000076293945,19.719999313354492,19.5,19.635000228881836,274784.0
2025-06-06T12:30:00-04:00,19.64940071105957,19.82979965209961,19.645000457763672,19.719999313354492,468847.0
2025-06-06T13:30:00-04:00,19.729999542236328,19.84000015258789,19.657499313354492,19.7549991607666,298281.0
2025-06-06T14:30:00-04:00,19.7549991607666,19.889999389648438,19.709999084472656,19.770000457763672,464684.0
2025-06-06T15:30:00-04:00,19.770000457763672,20.020000457763672,19.700000762939453,19.989999771118164,950919.0
2025-06-09T09:30:00-04:00,20.594999313354492,20.8700008392334,19.829999923706055,20.424999237060547,1050902.0
2025-06-09T10:30:00-04:00,20.420000076293945,20.770000457763672,20.34000015258789,20.610000610351562,781278.0
2025-06-09T11:30:00-04:00,20.6200008392334,20.68000030517578,20.260000228881836,20.295000076293945,415502.0
2025-06-09T12:30:00-04:00,20.295000076293945,20.520000457763672,20.211000442504883,20.489999771118164,284337.0
2025-06-09T13:30:00-04:00,20.489999771118164,20.639999389648438,20.341999053955078,20.489999771118164,545702.0
2025-06-09T14:30:00-04:00,20.487600326538086,21.1299991607666,20.487600326538086,20.78499984741211,1290603.0
2025-06-09T15:30:00-04:00,20.799999237060547,21.100000381469727,20.670000076293945,20.922000885009766,1552649.0
2025-06-10T09:30:00-04:00,21.200000762939453,21.299999237060547,20.110000610351562,20.190099716186523,1130224.0
2025-06-10T10:30:00-04:00,20.190000534057617,20.350000381469727,19.899999618530273,19.975000381469727,607856.0
2025-06-10T11:30:00-04:00,19.989999771118164,20.239999771118164,19.75,20.049999237060547,389550.0
2025-06-10T12:30:00-04:00,20.049999237060547,20.100000381469727,19.924999237060547,19.975000381469727,219629.0
2025-06-10T13:30:00-04:00,19.96619987487793,20.010000228881836,19.850000381469727,19.975000381469727,278192.0
2025-06-10T14:30:00-04:00,19.975000381469727,20.170000076293945,19.934999465942383,20.079999923706055,429748.0
2025-06-10T15:30:00-04:00,20.1200008392334,20.239999771118164,19.975000381469727,19.979999542236328,397866.0
2025-06-11T09:30:00-04:00,19.8700008392334,20.0,19.420000076293945,19.899999618530273,569351.0
2025-06-11T10:30:00-04:00,19.899999618530273,20.030000686645508,19.795000076293945,19.90999984741211,361331.0
2025-06-11T11:30:00-04:00,19.950000762939453,20.0049991607666,19.59000015258789,19.790000915527344,259818.0
2025-06-11T12:30:00-04:00,19.790000915527344,19.81999969482422,19.6299991607666,19.704999923706055,266520.0
2025-06-11T13:30:00-04:00,19.704999923706055,19.729999542236328,19.260000228881836,19.420000076293945,419629.0
2025-06-11T14:30:00-04:00,19.420000076293945,19.6200008392334,19.31999969482422,19.405000686645508,410407.0
2025-06-11T15:30:00-04:00,19.405000686645508,19.459999084472656,19.200000762939453,19.34000015258789,770914.0
2025-06-12T09:30:00-04:00,19.1299991607666,20.229999542236328,19.08009910583496,20.139999389648438,1060999.0
2025-06-12T10:30:00-04:00,20.139999389648438,20.6200008392334,19.75,19.770000457763672,978091.0
2025-06-12T11:30:00-04:00,19.760000228881836,19.979999542236328,19.559999465942383,19.854999542236328,420886.0
2025-06-12T12:30:00-04:00,19.8799991607666,19.969999313354492,19.639999389648438,19.764999389648438,326986.0
2025-06-12T13:30:00-04:00,19.764999389648438,19.834999084472656,19.56999969482422,19.59000015258789,373561.0
2025-06-12T14:30:00-04:00,19.59000015258789,19.6299991607666,19.360000610351562,19.5,789166.0
2025-06-12T15:30:00-04:00,19.5,19.530000686645508,19.3799991607666,19.424999237060547,622489.0
2025-06-13T09:30:00-04:00,19.010000228881836,19.239999771118164,18.440000534057617,18.510000228881836,885448.0
2025-06-13T10:30:00-04:00,18.540000915527344,18.90999984741211,18.520000457763672,18.850000381469727,349384.0
2025-06-13T11:30:00-04:00,18.8799991607666,19.1200008392334,18.836200714111328,19.059999465942383,273021.0
2025-06-13T12:30:00-04:00,19.07990074157715,19.269399642944336,18.93000030517578,18.980499267578125,279208.0
2025-06-13T13:30:00-04:00,19.01140022277832,19.18000030517578,18.850000381469727,18.864999771118164,288220.0
2025-06-13T14:30:00-04:00,18.868600845336914,19.0,18.760000228881836,18.920000076293945,284554.0
2025-06-13T15:30:00-04:00,18.90999984741211,18.969999313354492,18.75,18.850000381469727,667237.0
2025-06-16T09:30:00-04:00,19.229999542236328,19.690000534057617,18.920000076293945,19.68199920654297,707393.0
2025-06-16T10:30:00-04:00,19.673799514770508,19.850000381469727,19.459999084472656,19.459999084472656,470135.0
2025-06-16T11:30:00-04:00,19.489999771118164,19.74370002746582,19.485000610351562,19.65250015258789,329856.0
2025-06-16T12:30:00-04:00,19.6200008392334,19.689599990844727,19.459999084472656,19.559999465942383,246493.0
2025-06-16T13:30:00-04:00,19.549999237060547,19.579999923706055,19.44499969482422,19.510000228881836,229943.0
2025-06-16T14:30:00-04:00,19.510000228881836,19.549999237060547,19.280000686645508,19.459999084472656,468111.0
2025-06-16T15:30:00-04:00,19.459999084472656,19.5,19.309999465942383,19.389999389648438,428882.0
2025-06-17T09:30:00-04:00,19.0,19.327999114990234,18.979999542236328,19.165000915527344,448421.0
2025-06-17T10:30:00-04:00,19.15999984741211,19.15999984741211,18.850000381469727,18.899999618530273,449931.0
2025-06-17T11:30:00-04:00,18.899999618530273,19.010000228881836,18.850000381469727,18.940000534057617,261978.0
2025-06-17T12:30:00-04:00,18.94499969482422,19.069499969482422,18.75,18.80500030517578,503324.0
2025-06-17T13:30:00-04:00,18.80500030517578,18.80500030517578,18.299999237060547,18.405000686645508,838834.0
2025-06-17T14:30:00-04:00,18.41670036315918,18.579999923706055,18.399999618530273,18.56999969482422,484242.0
2025-06-17T15:30:00-04:00,18.559999465942383,18.610000610351562,18.434999465942383,18.469999313354492,834590.0
2025-06-18T09:30:00-04:00,18.610000610351562,18.8799991607666,17.950000762939453,18.094999313354492,793219.0
2025-06-18T10:30:00-04:00,18.059999465942383,18.350000381469727,17.950000762939453,18.30500030517578,486985.0
2025-06-18T11:30:00-04:00,18.350000381469727,18.690000534057617,18.323400497436523,18.68000030517578,604459.0
2025-06-18T12:30:00-04:00,18.690000534057617,19.209999084472656,18.68000030517578,18.84000015258789,752895.0
2025-06-18T13:30:00-04:00,18.84000015258789,19.280000686645508,18.760000228881836,19.170000076293945,509773.0
2025-06-18T14:30:00-04:00,19.207599639892578,19.469999313354492,18.780000686645508,18.899999618530273,828655.0
2025-06-18T15:30:00-04:00,18.899999618530273,19.190000534057617,18.885000228881836,19.05500030517578,723143.0
2025-06-20T09:30:00-04:00,20.5,21.049999237060547,19.59000015258789,20.229999542236328,3912296.0
2025-06-20T10:30:00-04:00,20.239999771118164,20.239999771118164,19.65999984741211,20.152000427246094,1198203.0
2025-06-20T11:30:00-04:00,20.174999237060547,20.299999237060547,19.520000457763672,19.645000457763672,1119042.0
2025-06-20T12:30:00-04:00,19.639999389648438,20.0,19.600000381469727,19.7549991607666,1034614.0
2025-06-20T13:30:00-04:00,19.75,19.854999542236328,19.332000732421875,19.39310073852539,843376.0
2025-06-20T14:30:00-04:00,19.39229965209961,19.540000915527344,19.25,19.260000228881836,723292.0
2025-06-20T15:30:00-04:00,19.260000228881836,19.3700008392334,18.809999465942383,18.81999969482422,2026085.0
2025-06-23T09:30:00-04:00,18.280000686645508,19.040000915527344,17.399999618530273,18.614999771118164,2139591.0
2025-06-23T10:30:00-04:00,18.614999771118164,18.690000534057617,18.360000610351562,18.549999237060547,532772.0
2025-06-23T11:30:00-04:00,18.528600692749023,18.674999237060547,17.75,17.770000457763672,859287.0
2025-06-23T12:30:00-04:00,17.809999465942383,18.279499053955078,17.479999542236328,18.2549991607666,704046.0
2025-06-23T13:30:00-04:00,18.2549991607666,18.80500030517578,18.2549991607666,18.709999084472656,605840.0
2025-06-23T14:30:00-04:00,18.700000762939453,18.829999923706055,18.56999969482422,18.600000381469727,381090.0
2025-06-23T15:30:00-04:00,18.59000015258789,18.645000457763672,18.34000015258789,18.489999771118164,707917.0
2025-06-24T09:30:00-04:00,18.99799919128418,19.829999923706055,18.700000762939453,19.719999313354492,1293029.0
2025-06-24T10:30:00-04:00,19.690000534057617,19.757999420166016,19.31999969482422,19.31999969482422,486184.0
2025-06-24T11:30:00-04:00,19.293500900268555,19.479999542236328,19.26059913635254,19.43000030517578,259153.0
2025-06-24T12:30:00-04:00,19.450000762939453,19.510000228881836,19.329999923706055,19.360000610351562,389732.0
2025-06-24T13:30:00-04:00,19.3700008392334,19.489299774169922,19.280000686645508,19.3700008392334,251410.0
2025-06-24T14:30:00-04:00,19.399999618530273,19.649999618530273,19.219999313354492,19.3799991607666,538097.0
2025-06-24T15:30:00-04:00,19.3799991607666,19.790000915527344,19.350000381469727,19.729999542236328,1672909.0
2025-06-25T09:30:00-04:00,20.0,20.110000610351562,19.559999465942383,19.68000030517578,996238.0
2025-06-25T10:30:00-04:00,19.65999984741211,19.899999618530273,19.44029998779297,19.587299346923828,354695.0
2025-06-25T11:30:00-04:00,19.59749984741211,19.662500381469727,19.25,19.459999084472656,315310.0
2025-06-25T12:30:00-04:00,19.459999084472656,19.600000381469727,19.3700008392334,19.565000534057617,147820.0
2025-06-25T13:30:00-04:00,19.566999435424805,19.639999389648438,19.389999389648438,19.563800811767578,201666.0
2025-06-25T14:30:00-04:00,19.549999237060547,19.55500030517578,19.139999389648438,19.450000762939453,446211.0
2025-06-25T15:30:00-04:00,19.440000534057617,19.44499969482422,19.18000030517578,19.389999389648438,653307.0
2025-06-26T09:30:00-04:00,19.565000534057617,19.799999237060547,19.010000228881836,19.610000610351562,630320.0
2025-06-26T10:30:00-04:00,19.600000381469727,19.75,19.40999984741211,19.44499969482422,387541.0
2025-06-26T11:30:00-04:00,19.451499938964844,20.0,19.350000381469727,20.0,348555.0
2025-06-26T12:30:00-04:00,19.950000762939453,20.8700008392334,19.93000030517578,20.639999389648438,2377198.0
2025-06-26T13:30:00-04:00,20.602500915527344,21.06999969482422,20.450000762939453,20.649999618530273,798689.0
2025-06-26T14:30:00-04:00,20.674999237060547,20.760000228881836,20.360000610351562,20.545000076293945,653444.0
2025-06-26T15:30:00-04:00,20.540000915527344,20.56999969482422,20.290000915527344,20.481000900268555,606354.0
2025-06-27T09:30:00-04:00,21.100000381469727,21.14739990234375,20.020000457763672,20.040000915527344,1565834.0
2025-06-27T10:30:00-04:00,20.040800094604492,20.350000381469727,19.950000762939453,20.0,489155.0
2025-06-27T11:30:00-04:00,20.010000228881836,20.514999389648438,19.979999542236328,20.31999969482422,343618.0
2025-06-27T12:30:00-04:00,20.309999465942383,20.329999923706055,20.114999771118164,20.149999618530273,174596.0
2025-06-27T13:30:00-04:00,20.155000686645508,20.260000228881836,19.770000457763672,19.81999969482422,370317.0
2025-06-27T14:30:00-04:00,19.809999465942383,19.921199798583984,19.639999389648438,19.829999923706055,331265.0
2025-06-27T15:30:00-04:00,19.80500030517578,20.020000457763672,19.719999313354492,19.969999313354492,685023.0
2025-06-30T09:30:00-04:00,20.5,22.200000762939453,20.40999984741211,22.1200008392334,3034360.0
2025-06-30T10:30:00-04:00,22.079999923706055,22.200000762939453,21.53499984741211,21.604999542236328,929160.0
2025-06-30T11:30:00-04:00,21.614999771118164,22.33989906311035,21.600000381469727,22.219999313354492,1259267.0
2025-06-30T12:30:00-04:00,22.200000762939453,22.399999618530273,21.950000762939453,22.309999465942383,901433.0
2025-06-30T13:30:00-04:00,22.309999465942383,22.309999465942383,21.799999237060547,21.915000915527344,781112.0
2025-06-30T14:30:00-04:00,21.915000915527344,22.0,21.71470069885254,21.969999313354492,786229.0
2025-06-30T15:30:00-04:00,21.959999084472656,22.020000457763672,21.850000381469727,21.916000366210938,828189.0
2025-07-01T09:30:00-04:00,21.850000381469727,22.149900436401367,21.110000610351562,21.190000534057617,1533733.0
2025-07-01T10:30:00-04:00,21.229999542236328,21.639999389648438,20.899999618530273,21.15999984741211,983819.0
2025-07-01T11:30:00-04:00,21.110000610351562,21.39699935913086,20.799999237060547,21.25830078125,841859.0
2025-07-01T12:30:00-04:00,21.25,21.579999923706055,21.170000076293945,21.280000686645508,313614.0
2025-07-01T13:30:00-04:00,21.280000686645508,21.71500015258789,21.219999313354492,21.56999969482422,410204.0
2025-07-01T14:30:00-04:00,21.575000762939453,21.729999542236328,21.06999969482422,21.299999237060547,952928.0
2025-07-01T15:30:00-04:00,21.299999237060547,21.399999618530273,21.040000915527344,21.329999923706055,646510.0
2025-07-02T09:30:00-04:00,21.510000228881836,21.979999542236328,20.917600631713867,21.829999923706055,1988605.0
2025-07-02T10:30:00-04:00,21.829999923706055,22.350000381469727,21.729999542236328,22.169300079345703,920433.0
2025-07-02T11:30:00-04:00,22.15999984741211,22.700000762939453,22.0,22.555599212646484,916538.0
2025-07-02T12:30:00-04:00,22.55500030517578,22.82990074157715,22.389999389648438,22.450000762939453,719298.0
2025-07-02T13:30:00-04:00,22.450000762939453,22.600000381469727,22.356300354003906,22.440000534057617,474003.0
2025-07-02T14:30:00-04:00,22.450000762939453,22.549999237060547,22.260000228881836,22.399999618530273,672771.0
2025-07-02T15:30:00-04:00,22.440000534057617,22.56999969482422,22.100099563598633,22.219999313354492,1004059.0
2025-07-03T09:30:00-04:00,22.280000686645508,22.649999618530273,21.940000534057617,22.009599685668945,1170453.0
2025-07-03T10:30:00-04:00,22.010000228881836,22.350000381469727,21.940000534057617,22.280000686645508,537248.0
2025-07-03T11:30:00-04:00,22.270000457763672,22.415000915527344,21.709999084472656,21.740400314331055,802181.0
2025-07-07T09:30:00-04:00,21.334999084472656,21.43630027770996,20.06999969482422,20.190000534057617,2020089.0
2025-07-07T10:30:00-04:00,20.184999465942383,20.489999771118164,20.139999389648438,20.275699615478516,416430.0
2025-07-07T11:30:00-04:00,20.290000915527344,20.354999542236328,19.850000381469727,20.000499725341797,1004690.0
2025-07-07T12:30:00-04:00,20.010000228881836,20.071500778198242,19.639999389648438,19.740100860595703,601984.0
2025-07-07T13:30:00-04:00,19.75,19.869400024414062,19.290000915527344,19.315000534057617,854510.0
2025-07-07T14:30:00-04:00,19.31999969482422,19.520000457763672,19.200000762939453,19.469999313354492,828865.0
2025-07-07T15:30:00-04:00,19.459999084472656,19.704999923706055,19.434999465942383,19.690000534057617,704686.0
2025-07-08T09:30:00-04:00,20.079999923706055,20.079999923706055,19.3700008392334,19.7549991607666,1150187.0
2025-07-08T10:30:00-04:00,19.7549991607666,19.889999389648438,19.3700008392334,19.440099716186523,336770.0
2025-07-08T11:30:00-04:00,19.450000762939453,19.56999969482422,19.31999969482422,19.450000762939453,253056.0
2025-07-08T12:30:00-04:00,19.449800491333008,19.59000015258789,19.350000381469727,19.565000534057617,238086.0
2025-07-08T13:30:00-04:00,19.565000534057617,19.579999923706055,19.399999618530273,19.4596004486084,221983.0
2025-07-08T14:30:00-04:00,19.459999084472656,19.469999313354492,19.149999618530273,19.149999618530273,588922.0
2025-07-08T15:30:00-04:00,19.15999984741211,19.489999771118164,19.149999618530273,19.459999084472656,522878.0
2025-07-09T09:30:00-04:00,19.920000076293945,20.100000381469727,19.290000915527344,19.290000915527344,888727.0
2025-07-09T10:30:00-04:00,19.299999237060547,19.309999465942383,19.09000015258789,19.209999084472656,686830.0
2025-07-09T11:30:00-04:00,19.225000381469727,19.290000915527344,19.049999237060547,19.149999618530273,372337.0
2025-07-09T12:30:00-04:00,19.15999984741211,19.3700008392334,19.15999984741211,19.270099639892578,263532.0
2025-07-09T13:30:00-04:00,19.270000457763672,19.545000076293945,19.1299991607666,19.389999389648438,1265913.0
2025-07-09T14:30:00-04:00,19.40999984741211,19.635000228881836,19.309999465942383,19.6299991607666,442748.0
2025-07-09T15:30:00-04:00,19.6299991607666,20.260000228881836,19.579999923706055,20.16469955444336,1370121.0
2025-07-10T09:30:00-04:00,20.110000610351562,20.188600540161133,19.350500106811523,19.780000686645508,927733.0
2025-07-10T10:30:00-04:00,19.760000228881836,20.079999923706055,19.729999542236328,20.020000457763672,337412.0
2025-07-10T11:30:00-04:00,20.024999618530273,20.389999389648438,19.989999771118164,20.34000015258789,350311.0
2025-07-10T12:30:00-04:00,20.34000015258789,20.549999237060547,20.219999313354492,20.479999542236328,474477.0
2025-07-10T13:30:00-04:00,20.479999542236328,20.600000381469727,20.270000457763672,20.278099060058594,366437.0
2025-07-10T14:30:00-04:00,20.280000686645508,20.450000762939453,20.209999084472656,20.434999465942383,298800.0
2025-07-10T15:30:00-04:00,20.420000076293945,20.56999969482422,20.3799991607666,20.423900604248047,842239.0
2025-07-11T09:30:00-04:00,20.5,21.84000015258789,20.5,21.7549991607666,1620226.0
2025-07-11T10:30:00-04:00,21.739999771118164,21.780000686645508,20.975000381469727,21.06999969482422,773553.0
2025-07-11T11:30:00-04:00,21.060100555419922,21.280000686645508,20.829999923706055,20.989999771118164,500069.0
2025-07-11T12:30:00-04:00,20.9950008392334,21.389999389648438,20.889999389648438,21.100299835205078,574736.0
2025-07-11T13:30:00-04:00,21.09000015258789,21.190000534057617,20.75,20.795000076293945,420161.0
2025-07-11T14:30:00-04:00,20.80500030517578,20.860000610351562,20.360000610351562,20.59000015258789,640383.0
2025-07-11T15:30:00-04:00,20.59000015258789,20.739999771118164,20.565000534057617,20.639999389648438,539279.0
2025-07-14T09:30:00-04:00,20.950000762939453,21.649999618530273,20.854999542236328,21.274999618530273,1143152.0
2025-07-14T10:30:00-04:00,21.280000686645508,21.520000457763672,21.110000610351562,21.354999542236328,451468.0
2025-07-14T11:30:00-04:00,21.3700008392334,21.479999542236328,20.989999771118164,21.224899291992188,381691.0
2025-07-14T12:30:00-04:00,21.221799850463867,21.934999465942383,21.18000030517578,21.934999465942383,894935.0
2025-07-14T13:30:00-04:00,21.934999465942383,21.950000762939453,21.559999465942383,21.580699920654297,456396.0
2025-07-14T14:30:00-04:00,21.6200008392334,21.670000076293945,21.450000762939453,21.479999542236328,230092.0
2025-07-14T15:30:00-04:00,21.489999771118164,21.5,21.310199737548828,21.440000534057617,457350.0
2025-07-15T09:30:00-04:00,21.0,21.239999771118164,20.399999618530273,20.639999389648438,1058134.0
2025-07-15T10:30:00-04:00,20.635000228881836,20.690000534057617,20.44499969482422,20.524999618530273,556340.0
2025-07-15T11:30:00-04:00,20.524999618530273,21.1200008392334,20.469999313354492,20.969999313354492,417644.0
2025-07-15T12:30:00-04:00,20.959999084472656,21.25,20.850000381469727,21.239999771118164,417298.0
2025-07-15T13:30:00-04:00,21.260000228881836,21.56999969482422,21.260000228881836,21.515899658203125,370518.0
2025-07-15T14:30:00-04:00,21.540000915527344,21.540000915527344,20.860000610351562,21.05500030517578,597103.0
2025-07-15T15:30:00-04:00,21.06999969482422,21.084999084472656,20.860000610351562,20.860000610351562,427984.0
2025-07-16T09:30:00-04:00,21.15999984741211,22.639999389648438,21.149999618530273,22.549999237060547,2003976.0
2025-07-16T10:30:00-04:00,22.559900283813477,22.979999542236328,22.350000381469727,22.639999389648438,1963467.0
2025-07-16T11:30:00-04:00,22.6781005859375,22.969999313354492,22.049999237060547,22.969999313354492,1104671.0
2025-07-16T12:30:00-04:00,22.979999542236328,23.219999313354492,22.719999313354492,23.141000747680664,917582.0
2025-07-16T13:30:00-04:00,23.149900436401367,24.520000457763672,23.1200008392334,24.49970054626465,3803729.0
2025-07-16T14:30:00-04:00,24.469999313354492,24.719999313354492,24.075000762939453,24.239999771118164,1675869.0
2025-07-16T15:30:00-04:00,24.229999542236328,24.75,24.229999542236328,24.350000381469727,2253687.0
2025-07-17T09:30:00-04:00,24.360000610351562,24.66629981994629,23.670000076293945,24.635000228881836,2594016.0
2025-07-17T10:30:00-04:00,24.600000381469727,25.530000686645508,24.600000381469727,25.024999618530273,2198687.0
2025-07-17T11:30:00-04:00,25.040000915527344,25.549999237060547,24.90999984741211,25.04990005493164,1132191.0
2025-07-17T12:30:00-04:00,25.012699127197266,25.200000762939453,24.700000762939453,25.104999542236328,811818.0
2025-07-17T13:30:00-04:00,25.114999771118164,25.780000686645508,24.8799991607666,25.6427001953125,714626.0
2025-07-17T14:30:00-04:00,25.6200008392334,26.170000076293945,25.469999313354492,25.780000686645508,1898388.0
2025-07-17T15:30:00-04:00,25.780000686645508,26.125,25.600400924682617,26.030000686645508,1268726.0
2025-07-18T09:30:00-04:00,27.684999465942383,28.200000762939453,26.479999542236328,26.950000762939453,7042578.0
2025-07-18T10:30:00-04:00,26.950000762939453,27.760000228881836,26.600000381469727,27.34000015258789,2857451.0
2025-07-18T11:30:00-04:00,27.3799991607666,27.65999984741211,26.65999984741211,26.860000610351562,1869482.0
2025-07-18T12:30:00-04:00,26.850000381469727,26.93000030517578,25.31999969482422,25.999900817871094,3360076.0
2025-07-18T13:30:00-04:00,25.989999771118164,26.409900665283203,25.780000686645508,26.34000015258789,1193544.0
2025-07-18T14:30:00-04:00,26.315000534057617,27.150699615478516,26.309999465942383,27.12929916381836,1679371.0
2025-07-18T15:30:00-04:00,27.1200008392334,27.260000228881836,26.934999465942383,27.1200008392334,1467083.0
2025-07-21T09:30:00-04:00,29.200000762939453,31.299999237060547,28.989999771118164,30.578100204467773,6828307.0
2025-07-21T10:30:00-04:00,30.549999237060547,31.75,30.5,31.274999618530273,3006873.0
2025-07-21T11:30:00-04:00,31.260000228881836,31.31999969482422,28.95359992980957,29.219900131225586,4295619.0
2025-07-21T12:30:00-04:00,29.19499969482422,29.674999237060547,28.799999237060547,29.03499984741211,1863442.0
2025-07-21T13:30:00-04:00,29.045799255371094,29.09040069580078,28.520000457763672,28.770000457763672,1585301.0
2025-07-21T14:30:00-04:00,28.760000228881836,28.780000686645508,27.700000762939453,27.762800216674805,2262925.0
2025-07-21T15:30:00-04:00,27.735000610351562,27.799999237060547,27.270000457763672,27.450000762939453,1784402.0
2025-07-22T09:30:00-04:00,28.200000762939453,28.93000030517578,26.68000030517578,27.040000915527344,3985665.0
2025-07-22T10:30:00-04:00,27.010000228881836,28.459999084472656,26.88010025024414,27.84000015258789,1627194.0
2025-07-22T11:30:00-04:00,27.8799991607666,28.31999969482422,27.399999618530273,27.450000762939453,1269713.0
2025-07-22T12:30:00-04:00,27.476999282836914,28.405000686645508,27.450000762939453,28.350000381469727,992443.0
2025-07-22T13:30:00-04:00,28.375,29.1200008392334,28.290000915527344,29.110000610351562,1008171.0
2025-07-22T14:30:00-04:00,29.110000610351562,29.187000274658203,28.889999389648438,29.030000686645508,949663.0
2025-07-22T15:30:00-04:00,28.9950008392334,29.215999603271484,28.700000762939453,29.09000015258789,1285489.0
2025-07-23T09:30:00-04:00,29.614999771118164,29.700000762939453,28.40999984741211,29.399999618530273,3013210.0
2025-07-23T10:30:00-04:00,29.3799991607666,30.639999389648438,29.170000076293945,30.63089942932129,2922200.0
2025-07-23T11:30:00-04:00,30.631500244140625,31.184999465942383,30.25,30.43000030517578,2368018.0
2025-07-23T12:30:00-04:00,30.45800018310547,30.6200008392334,29.440099716186523,30.137300491333008,1267188.0
2025-07-23T13:30:00-04:00,30.100000381469727,31.0,29.93000030517578,30.760000228881836,1404901.0
2025-07-23T14:30:00-04:00,30.739999771118164,31.190000534057617,30.639999389648438,30.889999389648438,1083561.0
2025-07-23T15:30:00-04:00,30.909500122070312,31.09950065612793,30.735000610351562,31.049999237060547,1213567.0
2025-07-24T09:30:00-04:00,30.315000534057617,31.110000610351562,30.079999923706055,30.565000534057617,2067088.0
2025-07-24T10:30:00-04:00,30.59000015258789,32.439998626708984,30.59000015258789,31.93000030517578,2547293.0
2025-07-24T11:30:00-04:00,31.898799896240234,32.54999923706055,31.54400062561035,32.0,2252688.0
2025-07-24T12:30:00-04:00,32.0,32.38999938964844,31.600000381469727,32.25,1142515.0
2025-07-24T13:30:00-04:00,32.290000915527344,33.154998779296875,32.230098724365234,32.959999084472656,1784265.0
2025-07-24T14:30:00-04:00,32.970001220703125,33.150001525878906,32.46009826660156,32.48500061035156,1214588.0
2025-07-24T15:30:00-04:00,32.4900016784668,32.630001068115234,31.799999237060547,31.899999618530273,1130777.0
2025-07-25T09:30:00-04:00,31.40999984741211,31.420000076293945,29.510000228881836,29.690000534057617,3315941.0
2025-07-25T10:30:00-04:00,29.69499969482422,29.880800247192383,29.150100708007812,29.729299545288086,1526140.0
2025-07-25T11:30:00-04:00,29.760000228881836,30.579999923706055,29.690000534057617,30.565000534057617,1111222.0
2025-07-25T12:30:00-04:00,30.56999969482422,30.59000015258789,30.235000610351562,30.34000015258789,499561.0
2025-07-25T13:30:00-04:00,30.34000015258789,30.940000534057617,30.219999313354492,30.790000915527344,1183311.0
2025-07-25T14:30:00-04:00,30.809999465942383,30.90999984741211,30.31999969482422,30.665000915527344,692851.0
2025-07-25T15:30:00-04:00,30.665000915527344,30.90999984741211,30.56999969482422,30.59000015258789,775972.0
2025-07-28T09:30:00-04:00,31.3700008392334,31.520000457763672,30.39349937438965,30.520000457763672,1770372.0
2025-07-28T10:30:00-04:00,30.549999237060547,30.63319969177246,29.8799991607666,30.389999389648438,1424768.0
2025-07-28T11:30:00-04:00,30.395000457763672,30.674999237060547,30.059999465942383,30.06999969482422,856635.0
2025-07-28T12:30:00-04:00,30.079999923706055,30.424999237060547,30.06999969482422,30.290000915527344,381483.0
2025-07-28T13:30:00-04:00,30.284299850463867,30.65999984741211,29.84000015258789,30.024999618530273,707514.0
2025-07-28T14:30:00-04:00,30.025299072265625,30.165599822998047,29.75,29.770000457763672,1063869.0
2025-07-28T15:30:00-04:00,29.780000686645508,29.850000381469727,29.479999542236328,29.600000381469727,902043.0
2025-07-29T09:30:00-04:00,29.170000076293945,29.479999542236328,28.06999969482422,28.15999984741211,2442153.0
2025-07-29T10:30:00-04:00,28.155000686645508,28.34000015258789,27.15999984741211,27.219999313354492,2367472.0
2025-07-29T11:30:00-04:00,27.200000762939453,27.420000076293945,25.93199920654297,26.290000915527344,2518668.0
2025-07-29T12:30:00-04:00,26.299999237060547,27.149999618530273,26.0,26.920000076293945,2061691.0
2025-07-29T13:30:00-04:00,26.920000076293945,27.579999923706055,26.90999984741211,27.377300262451172,1366540.0
2025-07-29T14:30:00-04:00,27.3843994140625,27.539899826049805,26.899999618530273,26.97010040283203,905005.0
2025-07-29T15:30:00-04:00,26.96500015258789,27.0,26.68000030517578,26.759000778198242,1121061.0
2025-07-30T09:30:00-04:00,27.18000030517578,28.609899520874023,27.18000030517578,28.520000457763672,2553286.0
2025-07-30T10:30:00-04:00,28.549999237060547,28.844999313354492,28.3700008392334,28.395000457763672,1228994.0
2025-07-30T11:30:00-04:00,28.395000457763672,28.649999618530273,28.143999099731445,28.510000228881836,761995.0
2025-07-30T12:30:00-04:00,28.559999465942383,28.8700008392334,28.520000457763672,28.735000610351562,591554.0
2025-07-30T13:30:00-04:00,28.739999771118164,29.489999771118164,28.708499908447266,29.48940086364746,2004763.0
2025-07-30T14:30:00-04:00,29.489999771118164,29.5,28.280000686645508,28.489999771118164,1961101.0
2025-07-30T15:30:00-04:00,28.485000610351562,28.954999923706055,28.47480010986328,28.8799991607666,1245239.0
2025-07-31T09:30:00-04:00,29.344999313354492,30.420000076293945,28.864999771118164,29.665000915527344,1847185.0
2025-07-31T10:30:00-04:00,29.665000915527344,29.940000534057617,29.360000610351562,29.594999313354492,947769.0
2025-07-31T11:30:00-04:00,29.570100784301758,29.940000534057617,29.530000686645508,29.790000915527344,436244.0
2025-07-31T12:30:00-04:00,29.760400772094727,30.18000030517578,29.350000381469727,29.479999542236328,981022.0
2025-07-31T13:30:00-04:00,29.467199325561523,29.88990020751953,28.799999237060547,29.18000030517578,1046166.0
2025-07-31T14:30:00-04:00,29.170000076293945,29.780000686645508,29.010000228881836,29.022499084472656,1594296.0
2025-07-31T15:30:00-04:00,29.03499984741211,29.115999221801758,28.309999465942383,28.40999984741211,977253.0
2025-08-01T09:30:00-04:00,26.06999969482422,27.5,26.0,27.5,3528238.0
2025-08-01T10:30:00-04:00,27.510000228881836,27.729999542236328,27.17020034790039,27.214399337768555,1007557.0
2025-08-01T11:30:00-04:00,27.239999771118164,27.889400482177734,27.219999313354492,27.780000686645508,670266.0
2025-08-01T12:30:00-04:00,27.790000915527344,27.8799991607666,26.989999771118164,27.091699600219727,672453.0
2025-08-01T13:30:00-04:00,27.104999542236328,27.219999313354492,26.510000228881836,26.940000534057617,718891.0
2025-08-01T14:30:00-04:00,26.94499969482422,27.200000762939453,26.56760025024414,27.0,1816374.0
2025-08-01T15:30:00-04:00,27.020000457763672,27.219999313354492,26.860000610351562,26.8700008392334,739019.0
2025-08-04T09:30:00-04:00,27.610000610351562,28.260000228881836,27.010000228881836,28.149999618530273,1622491.0
2025-08-04T10:30:00-04:00,28.110000610351562,28.459999084472656,27.559999465942383,28.079999923706055,838377.0
2025-08-04T11:30:00-04:00,28.075000762939453,28.649999618530273,27.93000030517578,28.552600860595703,559297.0
2025-08-04T12:30:00-04:00,28.530000686645508,29.06999969482422,28.530000686645508,28.795000076293945,647874.0
2025-08-04T13:30:00-04:00,28.81999969482422,29.700000762939453,28.719999313354492,29.625,1413350.0
2025-08-04T14:30:00-04:00,29.625,29.75,29.09000015258789,29.309999465942383,1497961.0
2025-08-04T15:30:00-04:00,29.329999923706055,29.440000534057617,28.799999237060547,28.799999237060547,1138335.0
2025-08-05T09:30:00-04:00,28.44729995727539,29.03499984741211,26.420000076293945,26.729999542236328,4966592.0
2025-08-05T10:30:00-04:00,26.75,26.949899673461914,25.799999237060547,25.881999969482422,1827381.0
2025-08-05T11:30:00-04:00,25.8799991607666,26.790000915527344,25.549999237060547,26.764999389648438,1624075.0
2025-08-05T12:30:00-04:00,26.760000228881836,27.010000228881836,26.3799991607666,26.844999313354492,740710.0
2025-08-05T13:30:00-04:00,26.80500030517578,27.63990020751953,26.80500030517578,27.3700008392334,1137269.0
2025-08-05T14:30:00-04:00,27.3799991607666,27.6200008392334,26.92259979248047,27.559999465942383,850280.0
2025-08-05T15:30:00-04:00,27.55069923400879,27.739999771118164,27.350000381469727,27.68000030517578,971166.0
2025-08-06T09:30:00-04:00,27.412700653076172,28.0,26.55500030517578,26.90999984741211,2433586.0
2025-08-06T10:30:00-04:00,26.889999389648438,27.350000381469727,26.021299362182617,27.260000228881836,1223417.0
2025-08-06T11:30:00-04:00,27.260000228881836,27.649999618530273,27.139999389648438,27.415000915527344,1317541.0
2025-08-06T12:30:00-04:00,27.43000030517578,27.440000534057617,26.940000534057617,26.989999771118164,785577.0
2025-08-06T13:30:00-04:00,26.959999084472656,27.700000762939453,26.959999084472656,27.65999984741211,1224037.0
2025-08-06T14:30:00-04:00,27.6299991607666,27.75,27.180099487304688,27.354999542236328,1244719.0
2025-08-06T15:30:00-04:00,27.354999542236328,27.5049991607666,27.139999389648438,27.325000762939453,691735.0
2025-08-07T09:30:00-04:00,28.5,30.350000381469727,28.399999618530273,28.93000030517578,3363746.0
2025-08-07T10:30:00-04:00,28.809999465942383,28.90290069580078,28.010000228881836,28.614999771118164,1910572.0
2025-08-07T11:30:00-04:00,28.6299991607666,28.700000762939453,27.770000457763672,28.25,1239867.0
2025-08-07T12:30:00-04:00,28.209999084472656,28.309999465942383,27.34000015258789,27.790000915527344,950331.0
2025-08-07T13:30:00-04:00,27.774999618530273,28.09000015258789,27.530000686645508,27.84000015258789,1076978.0
2025-08-07T14:30:00-04:00,27.81999969482422,27.979999542236328,27.45240020751953,27.579999923706055,887562.0
2025-08-07T15:30:00-04:00,27.579999923706055,28.200000762939453,27.566099166870117,28.100000381469727,1000273.0
2025-08-08T09:30:00-04:00,28.0,28.199899673461914,26.950000762939453,27.03499984741211,2275508.0
2025-08-08T10:30:00-04:00,27.010000228881836,27.219999313354492,26.549999237060547,26.709999084472656,1979493.0
2025-08-08T11:30:00-04:00,26.690000534057617,27.100000381469727,26.459999084472656,26.916000366210938,1501708.0
2025-08-08T12:30:00-04:00,26.920000076293945,27.35759925842285,26.83930015563965,27.110000610351562,869274.0
2025-08-08T13:30:00-04:00,27.149999618530273,27.739999771118164,27.100400924682617,27.600000381469727,929785.0
2025-08-08T14:30:00-04:00,27.600000381469727,28.3799991607666,27.600000381469727,28.299999237060547,1263741.0
2025-08-08T15:30:00-04:00,28.291000366210938,28.29990005493164,27.770000457763672,27.780000686645508,1106066.0
2025-08-11T09:30:00-04:00,28.6299991607666,30.459999084472656,28.579999923706055,29.969999313354492,4129178.0
2025-08-11T10:30:00-04:00,29.969999313354492,30.0,29.030000686645508,29.600000381469727,1179512.0
2025-08-11T11:30:00-04:00,29.575000762939453,30.84000015258789,29.56999969482422,30.43000030517578,1571691.0
2025-08-11T12:30:00-04:00,30.43000030517578,30.510000228881836,29.350000381469727,29.469999313354492,1375537.0
2025-08-11T13:30:00-04:00,29.486799240112305,29.489700317382812,28.860000610351562,28.989999771118164,878562.0
2025-08-11T14:30:00-04:00,28.980100631713867,29.059999465942383,28.350099563598633,28.600000381469727,1022872.0
2025-08-11T15:30:00-04:00,28.59000015258789,28.75,28.395000457763672,28.469999313354492,1000383.0
2025-08-12T09:30:00-04:00,28.770000457763672,29.420000076293945,27.3700008392334,27.899999618530273,2334341.0
2025-08-12T10:30:00-04:00,27.895000457763672,28.309999465942383,27.600000381469727,28.12030029296875,1048893.0
2025-08-12T11:30:00-04:00,28.149999618530273,28.25,27.709999084472656,27.84000015258789,571901.0
2025-08-12T12:30:00-04:00,27.854999542236328,27.940000534057617,27.430099487304688,27.530000686645508,860067.0
2025-08-12T13:30:00-04:00,27.514999389648438,27.829999923706055,27.360000610351562,27.6200008392334,776169.0
2025-08-12T14:30:00-04:00,27.6200008392334,28.020000457763672,27.540000915527344,27.959999084472656,485050.0
2025-08-12T15:30:00-04:00,27.9335994720459,28.040000915527344,27.813600540161133,27.899999618530273,757300.0
2025-08-13T09:30:00-04:00,28.174699783325195,30.190000534057617,28.049999237060547,29.350000381469727,3174376.0
2025-08-13T10:30:00-04:00,29.350000381469727,29.501800537109375,28.25779914855957,28.710500717163086,1306446.0
2025-08-13T11:30:00-04:00,28.709999084472656,29.030000686645508,28.329999923706055,28.44179916381836,673222.0
2025-08-13T12:30:00-04:00,28.420000076293945,28.83989906311035,28.270000457763672,28.58009910583496,647543.0
2025-08-13T13:30:00-04:00,28.56999969482422,28.6200008392334,27.809999465942383,28.190000534057617,1065167.0
2025-08-13T14:30:00-04:00,28.186599731445312,28.454999923706055,28.06999969482422,28.264999389648438,890252.0
2025-08-13T15:30:00-04:00,28.260000228881836,28.360000610351562,28.110000610351562,28.33099937438965,771260.0
2025-08-14T09:30:00-04:00,27.704999923706055,29.309999465942383,27.420000076293945,29.309999465942383,2164188.0
2025-08-14T10:30:00-04:00,29.299999237060547,29.920000076293945,28.520000457763672,28.719999313354492,1984099.0
2025-08-14T11:30:00-04:00,28.729999542236328,28.829999923706055,27.3799991607666,27.450000762939453,1363674.0
2025-08-14T12:30:00-04:00,27.46500015258789,28.149999618530273,27.25,28.09000015258789,848433.0
2025-08-14T13:30:00-04:00,28.118000030517578,28.270000457763672,27.739999771118164,27.940000534057617,504988.0
2025-08-14T14:30:00-04:00,27.959999084472656,28.731000900268555,27.899999618530273,28.56999969482422,817290.0
2025-08-14T15:30:00-04:00,28.579999923706055,28.729999542236328,28.5,28.570999145507812,670654.0
2025-08-15T09:30:00-04:00,28.84000015258789,28.920000076293945,26.510000228881836,26.559999465942383,3286566.0
2025-08-15T10:30:00-04:00,26.579999923706055,26.719999313354492,26.065000534057617,26.079999923706055,1935751.0
2025-08-15T11:30:00-04:00,26.1299991607666,26.540000915527344,25.799999237060547,26.479999542236328,1410445.0
2025-08-15T12:30:00-04:00,26.489999771118164,26.81999969482422,26.389999389648438,26.737499237060547,897030.0
2025-08-15T13:30:00-04:00,26.770000457763672,26.93000030517578,26.549999237060547,26.809999465942383,585800.0
2025-08-15T14:30:00-04:00,26.799999237060547,26.822500228881836,26.329999923706055,26.440000534057617,704262.0
2025-08-15T15:30:00-04:00,26.440000534057617,26.479999542236328,26.084999084472656,26.100000381469727,1219448.0
2025-08-18T09:30:00-04:00,25.704999923706055,26.34000015258789,25.53730010986328,26.1299991607666,1612747.0
2025-08-18T10:30:00-04:00,26.1299991607666,26.799999237060547,26.084999084472656,26.63010025024414,1059868.0
2025-08-18T11:30:00-04:00,26.670000076293945,26.850000381469727,26.510000228881836,26.71500015258789,581820.0
2025-08-18T12:30:00-04:00,26.729999542236328,26.799999237060547,26.5,26.670000076293945,678574.0
2025-08-18T13:30:00-04:00,26.655000686645508,26.790000915527344,26.40559959411621,26.489999771118164,453939.0
2025-08-18T14:30:00-04:00,26.5,26.58329963684082,26.329999923706055,26.58300018310547,401930.0
2025-08-18T15:30:00-04:00,26.575000762939453,26.790000915527344,26.405000686645508,26.790000915527344,733037.0
2025-08-19T09:30:00-04:00,26.6299991607666,26.739999771118164,24.920000076293945,24.920700073242188,1983064.0
2025-08-19T10:30:00-04:00,24.934999465942383,25.0,24.3799991607666,24.650100708007812,2286533.0
2025-08-19T11:30:00-04:00,24.649999618530273,24.719999313354492,24.059999465942383,24.139999389648438,1352531.0
2025-08-19T12:30:00-04:00,24.139999389648438,24.239999771118164,23.649999618530273,23.989999771118164,2088476.0
2025-08-19T13:30:00-04:00,23.9950008392334,24.260000228881836,23.950000762939453,24.149999618530273,1141854.0
2025-08-19T14:30:00-04:00,24.149999618530273,24.174999237060547,23.809999465942383,24.1299991607666,1352479.0
2025-08-19T15:30:00-04:00,24.1299991607666,24.329999923706055,24.06999969482422,24.155000686645508,1252665.0
2025-08-20T09:30:00-04:00,23.81999969482422,24.43000030517578,22.989999771118164,23.15999984741211,1778442.0
2025-08-20T10:30:00-04:00,23.190000534057617,24.014999389648438,23.100000381469727,23.959999084472656,1042882.0
2025-08-20T11:30:00-04:00,23.950000762939453,24.170000076293945,23.6299991607666,24.020000457763672,1414254.0
2025-08-20T12:30:00-04:00,23.992799758911133,24.139999389648438,23.825000762939453,23.959999084472656,559645.0
2025-08-20T13:30:00-04:00,23.969999313354492,24.219999313354492,23.799999237060547,23.825000762939453,872780.0
2025-08-20T14:30:00-04:00,23.799999237060547,24.399999618530273,23.770000457763672,24.3125,826503.0
2025-08-20T15:30:00-04:00,24.309999465942383,24.510000228881836,24.210100173950195,24.5,902254.0
2025-08-21T09:30:00-04:00,24.0,24.239599227905273,23.6200008392334,24.1200008392334,899917.0
2025-08-21T10:30:00-04:00,24.1200008392334,24.454999923706055,23.93000030517578,24.350000381469727,951495.0
2025-08-21T11:30:00-04:00,24.369600296020508,24.479999542236328,24.0049991607666,24.030000686645508,578852.0
2025-08-21T12:30:00-04:00,24.049999237060547,24.209999084472656,23.75,23.8700008392334,762625.0
2025-08-21T13:30:00-04:00,23.850000381469727,23.99209976196289,23.736799240112305,23.92840003967285,698139.0
2025-08-21T14:30:00-04:00,23.93000030517578,24.229999542236328,23.857200622558594,24.100000381469727,518496.0
2025-08-21T15:30:00-04:00,24.100000381469727,24.100000381469727,23.8700008392334,23.889999389648438,3714827.0
2025-08-22T09:30:00-04:00,23.610000610351562,25.479999542236328,23.34000015258789,25.135000228881836,2364616.0
2025-08-22T10:30:00-04:00,25.125,25.58139991760254,25.010400772094727,25.469999313354492,1344788.0
2025-08-22T11:30:00-04:00,25.479999542236328,25.599899291992188,25.239999771118164,25.350000381469727,1015652.0
2025-08-22T12:30:00-04:00,25.350000381469727,25.670000076293945,25.280000686645508,25.4950008392334,730855.0
2025-08-22T13:30:00-04:00,25.4950008392334,25.690000534057617,25.45050048828125,25.510000228881836,590115.0
2025-08-22T14:30:00-04:00,25.520000457763672,25.700000762939453,25.459999084472656,25.6299991607666,515067.0
2025-08-22T15:30:00-04:00,25.6200008392334,25.6299991607666,25.450000762939453,25.56999969482422,941780.0
2025-08-25T09:30:00-04:00,24.549999237060547,24.759000778198242,24.020099639892578,24.645000457763672,1127513.0
2025-08-25T10:30:00-04:00,24.645000457763672,24.889999389648438,24.520000457763672,24.850000381469727,624738.0
2025-08-25T11:30:00-04:00,24.850000381469727,25.09000015258789,24.739999771118164,24.954999923706055,810908.0
2025-08-25T12:30:00-04:00,24.93000030517578,25.1299991607666,24.899999618530273,25.010000228881836,506020.0
2025-08-25T13:30:00-04:00,25.020000457763672,25.049999237060547,24.75,24.940000534057617,529314.0
2025-08-25T14:30:00-04:00,24.934999465942383,24.989999771118164,24.739999771118164,24.780000686645508,403455.0
2025-08-25T15:30:00-04:00,24.780000686645508,24.93000030517578,24.510000228881836,24.5310001373291,857983.0
2025-08-26T09:30:00-04:00,24.399999618530273,24.68000030517578,24.25,24.56999969482422,935722.0
2025-08-26T10:30:00-04:00,24.56999969482422,24.56999969482422,23.90999984741211,23.90999984741211,880200.0
2025-08-26T11:30:00-04:00,23.90999984741211,24.229999542236328,23.90999984741211,24.06999969482422,483639.0
2025-08-26T12:30:00-04:00,24.06999969482422,24.270000457763672,23.91010093688965,24.170000076293945,495584.0
2025-08-26T13:30:00-04:00,24.170000076293945,24.415000915527344,24.030000686645508,24.290000915527344,445876.0
2025-08-26T14:30:00-04:00,24.290000915527344,24.65999984741211,24.260000228881836,24.635000228881836,879009.0
2025-08-26T15:30:00-04:00,24.635000228881836,24.8799991607666,24.489999771118164,24.709999084472656,1005483.0
2025-08-27T09:30:00-04:00,24.649999618530273,24.84000015258789,24.395000457763672,24.757299423217773,601799.0
2025-08-27T10:30:00-04:00,24.760000228881836,24.8700008392334,24.459999084472656,24.721599578857422,843794.0
2025-08-27T11:30:00-04:00,24.719999313354492,25.272499084472656,24.670000076293945,24.850000381469727,567344.0
2025-08-27T12:30:00-04:00,24.829999923706055,25.010000228881836,24.68000030517578,24.93280029296875,393774.0
2025-08-27T13:30:00-04:00,24.940000534057617,25.05500030517578,24.8302001953125,24.867399215698242,493832.0
2025-08-27T14:30:00-04:00,24.864099502563477,24.950000762939453,24.399999618530273,24.489999771118164,914713.0
2025-08-27T15:30:00-04:00,24.5,24.56999969482422,24.360000610351562,24.399999618530273,772893.0
2025-08-28T09:30:00-04:00,24.75,25.18000030517578,24.610000610351562,24.670000076293945,872468.0
2025-08-28T10:30:00-04:00,24.68000030517578,24.940000534057617,24.674999237060547,24.75,508873.0
2025-08-28T11:30:00-04:00,24.760000228881836,25.34000015258789,24.690000534057617,25.300100326538086,565339.0
2025-08-28T12:30:00-04:00,25.309999465942383,25.309999465942383,24.739999771118164,24.979999542236328,656566.0
2025-08-28T13:30:00-04:00,24.979999542236328,25.079999923706055,24.82550048828125,24.90999984741211,454330.0
2025-08-28T14:30:00-04:00,24.91990089416504,25.0,24.489999771118164,24.520000457763672,690907.0
2025-08-28T15:30:00-04:00,24.520000457763672,24.645000457763672,24.5,24.530000686645508,555653.0
2025-08-29T09:30:00-04:00,24.3700008392334,24.3700008392334,23.010000228881836,23.1200008392334,3523596.0
2025-08-29T10:30:00-04:00,23.133499145507812,23.549999237060547,23.079999923706055,23.440000534057617,929275.0
2025-08-29T11:30:00-04:00,23.440000534057617,23.68000030517578,23.260000228881836,23.610000610351562,551665.0
2025-08-29T12:30:00-04:00,23.6299991607666,23.889999389648438,23.540000915527344,23.829999923706055,483404.0
2025-08-29T13:30:00-04:00,23.834999084472656,23.979000091552734,23.700000762939453,23.729999542236328,649594.0
2025-08-29T14:30:00-04:00,23.729999542236328,23.81999969482422,23.549999237060547,23.645000457763672,848837.0
2025-08-29T15:30:00-04:00,23.649999618530273,23.684999465942383,23.450000762939453,23.490999221801758,981838.0
2025-09-02T09:30:00-04:00,22.670000076293945,23.739999771118164,22.420000076293945,23.729999542236328,1330295.0
2025-09-02T10:30:00-04:00,23.735000610351562,24.030000686645508,23.6200008392334,23.739999771118164,1020576.0
2025-09-02T11:30:00-04:00,23.739999771118164,23.7450008392334,23.079999923706055,23.110000610351562,729423.0
2025-09-02T12:30:00-04:00,23.1200008392334,23.472000122070312,23.1200008392334,23.34000015258789,450792.0
2025-09-02T13:30:00-04:00,23.3700008392334,23.725000381469727,23.3700008392334,23.6299991607666,694785.0
2025-09-02T14:30:00-04:00,23.625,23.949899673461914,23.6200008392334,23.915000915527344,617234.0
2025-09-02T15:30:00-04:00,23.93000030517578,24.190000534057617,23.920000076293945,24.18000030517578,922761.0
2025-09-03T09:30:00-04:00,24.40999984741211,25.3799991607666,24.40999984741211,25.190000534057617,2296750.0
2025-09-03T10:30:00-04:00,25.17840003967285,25.549999237060547,24.959999084472656,25.0,1425154.0
2025-09-03T11:30:00-04:00,25.0,25.239999771118164,24.790000915527344,24.815000534057617,617013.0
2025-09-03T12:30:00-04:00,24.829999923706055,25.139999389648438,24.672000885009766,25.07200050354004,490914.0
2025-09-03T13:30:00-04:00,25.08009910583496,25.18000030517578,24.610000610351562,24.850000381469727,909543.0
2025-09-03T14:30:00-04:00,24.84000015258789,24.850000381469727,24.441999435424805,24.450000762939453,729729.0
2025-09-03T15:30:00-04:00,24.459999084472656,24.600000381469727,24.34000015258789,24.424999237060547,745427.0
2025-09-04T09:30:00-04:00,24.360000610351562,24.399999618530273,23.59000015258789,23.645000457763672,776108.0
2025-09-04T10:30:00-04:00,23.649999618530273,23.84000015258789,22.829999923706055,23.040000915527344,1410592.0
2025-09-04T11:30:00-04:00,23.059999465942383,23.219999313354492,23.0,23.093799591064453,544712.0
2025-09-04T12:30:00-04:00,23.096099853515625,23.399999618530273,23.079999923706055,23.170000076293945,466197.0
2025-09-04T13:30:00-04:00,23.19499969482422,23.239999771118164,22.950000762939453,23.040000915527344,475288.0
2025-09-04T14:30:00-04:00,23.030000686645508,23.235000610351562,23.0,23.006500244140625,520257.0
2025-09-04T15:30:00-04:00,23.0,23.03700065612793,22.809999465942383,22.899999618530273,686388.0
2025-09-05T09:30:00-04:00,23.40999984741211,23.778099060058594,22.18000030517578,22.229999542236328,2481985.0
2025-09-05T10:30:00-04:00,22.2273006439209,22.75,22.170000076293945,22.729900360107422,859557.0
2025-09-05T11:30:00-04:00,22.729999542236328,23.049999237060547,22.59000015258789,22.940000534057617,494309.0
2025-09-05T12:30:00-04:00,22.94499969482422,23.149999618530273,22.8700008392334,22.950000762939453,673394.0
2025-09-05T13:30:00-04:00,22.940000534057617,23.079999923706055,22.770000457763672,23.0,310012.0
2025-09-05T14:30:00-04:00,23.0,23.270000457763672,22.899999618530273,23.229999542236328,426981.0
2025-09-05T15:30:00-04:00,23.229999542236328,23.5,23.15999984741211,23.5,617995.0
2025-09-08T09:30:00-04:00,23.739999771118164,24.237699508666992,23.5,24.235000610351562,1308651.0
2025-09-08T10:30:00-04:00,24.239999771118164,24.290000915527344,23.75,24.09000015258789,733381.0
2025-09-08T11:30:00-04:00,24.094999313354492,24.15999984741211,23.810100555419922,24.110000610351562,913628.0
2025-09-08T12:30:00-04:00,24.110000610351562,24.540000915527344,23.959999084472656,24.479900360107422,800262.0
2025-09-08T13:30:00-04:00,24.479999542236328,24.56999969482422,24.270000457763672,24.37969970703125,598227.0
2025-09-08T14:30:00-04:00,24.371400833129883,24.540000915527344,24.229999542236328,24.280000686645508,764166.0
2025-09-08T15:30:00-04:00,24.280000686645508,24.329999923706055,24.170000076293945,24.229999542236328,615638.0
2025-09-09T09:30:00-04:00,25.604999542236328,25.61750030517578,24.559999465942383,25.184999465942383,2652397.0
2025-09-09T10:30:00-04:00,25.170000076293945,25.299999237060547,24.770000457763672,25.059999465942383,870785.0
2025-09-09T11:30:00-04:00,25.065000534057617,25.48189926147461,24.860000610351562,25.469999313354492,673459.0
2025-09-09T12:30:00-04:00,25.459999084472656,25.6200008392334,25.151100158691406,25.225000381469727,976790.0
2025-09-09T13:30:00-04:00,25.227699279785156,25.579999923706055,25.22760009765625,25.540000915527344,783607.0
2025-09-09T14:30:00-04:00,25.549999237060547,26.389999389648438,25.514999389648438,26.170000076293945,2440903.0
2025-09-09T15:30:00-04:00,26.170000076293945,26.600000381469727,26.152000427246094,26.59000015258789,1523995.0
2025-09-10T09:30:00-04:00,26.760000228881836,27.780000686645508,26.450000762939453,27.680099487304688,3396288.0
2025-09-10T10:30:00-04:00,27.68400001525879,27.979999542236328,27.104999542236328,27.170000076293945,1538076.0
2025-09-10T11:30:00-04:00,27.18000030517578,27.299999237060547,26.8799991607666,26.96500015258789,964801.0
2025-09-10T12:30:00-04:00,26.960500717163086,27.25,26.710100173950195,26.75,748254.0
2025-09-10T13:30:00-04:00,26.739999771118164,26.947500228881836,26.25,26.399999618530273,959189.0
2025-09-10T14:30:00-04:00,26.450000762939453,26.469999313354492,26.010000228881836,26.094999313354492,1260041.0
2025-09-10T15:30:00-04:00,26.100000381469727,26.18000030517578,25.8700008392334,26.079999923706055,1473281.0
2025-09-11T09:30:00-04:00,26.3700008392334,29.239999771118164,26.190000534057617,28.860000610351562,5007940.0
2025-09-11T10:30:00-04:00,28.950000762939453,29.729999542236328,28.809999465942383,28.969999313354492,423832.0
2025-09-11T11:30:00-04:00,28.954999923706055,29.049999237060547,28.520000457763672,28.545000076293945,3408728.0
2025-09-11T12:30:00-04:00,28.545000076293945,28.600000381469727,27.860000610351562,27.8799991607666,1434089.0
2025-09-11T13:30:00-04:00,27.899999618530273,28.56999969482422,27.864999771118164,28.352500915527344,911392.0
2025-09-11T14:30:00-04:00,28.354999542236328,28.670000076293945,28.31999969482422,28.610000610351562,1107384.0
2025-09-11T15:30:00-04:00,28.600000381469727,29.020000457763672,28.55699920654297,28.8700008392334,1401395.0
2025-09-12T09:30:00-04:00,28.899999618530273,30.290000915527344,28.899999618530273,29.68000030517578,2837967.0
2025-09-12T10:30:00-04:00,29.700000762939453,30.1299991607666,29.450000762939453,29.84000015258789,1219833.0
2025-09-12T11:30:00-04:00,29.860000610351562,29.920000076293945,29.385000228881836,29.510000228881836,1072682.0
2025-09-12T12:30:00-04:00,29.510000228881836,29.510000228881836,28.81999969482422,29.40999984741211,803786.0
2025-09-12T13:30:00-04:00,29.420000076293945,29.899999618530273,29.299999237060547,29.729999542236328,1095682.0
2025-09-12T14:30:00-04:00,29.739999771118164,29.969999313354492,29.68000030517578,29.844999313354492,860647.0
2025-09-12T15:30:00-04:00,29.860000610351562,29.8799991607666,29.632299423217773,29.690000534057617,1030426.0
2025-09-15T09:30:00-04:00,29.649999618530273,30.690000534057617,29.200000762939453,29.825000762939453,2638543.0
2025-09-15T10:30:00-04:00,29.809999465942383,29.959999084472656,29.440000534057617,29.575000762939453,979018.0
2025-09-15T11:30:00-04:00,29.559999465942383,30.139999389648438,29.5049991607666,29.93000030517578,918910.0
2025-09-15T12:30:00-04:00,29.9237003326416,30.23509979248047,29.9237003326416,30.06999969482422,658900.0
2025-09-15T13:30:00-04:00,30.079999923706055,30.389999389648438,30.020000457763672,30.33009910583496,571489.0
2025-09-15T14:30:00-04:00,30.350000381469727,30.75,30.28499984741211,30.73590087890625,670930.0
2025-09-15T15:30:00-04:00,30.729999542236328,30.829999923706055,30.459999084472656,30.780000686645508,1078375.0
2025-09-16T09:30:00-04:00,31.0,31.5,29.465099334716797,29.58989906311035,2515993.0
2025-09-16T10:30:00-04:00,29.59000015258789,30.149999618530273,29.520000457763672,30.020000457763672,861279.0
2025-09-16T11:30:00-04:00,30.01099967956543,30.541000366210938,29.854700088500977,30.541000366210938,639346.0
2025-09-16T12:30:00-04:00,30.510000228881836,31.360000610351562,30.40999984741211,31.159799575805664,925594.0
2025-09-16T13:30:00-04:00,31.15999984741211,31.389999389648438,31.010000228881836,31.29010009765625,675338.0
2025-09-16T14:30:00-04:00,31.295000076293945,31.686199188232422,31.149999618530273,31.610000610351562,2280264.0
2025-09-16T15:30:00-04:00,31.6200008392334,31.950000762939453,31.559999465942383,31.81999969482422,1205353.0
2025-09-17T09:30:00-04:00,31.604999542236328,32.23500061035156,31.170000076293945,31.729999542236328,1698701.0
2025-09-17T10:30:00-04:00,31.729999542236328,33.150001525878906,31.540000915527344,32.86000061035156,1393058.0
2025-09-17T11:30:00-04:00,32.86000061035156,33.650001525878906,32.81999969482422,32.869998931884766,1521601.0
2025-09-17T12:30:00-04:00,32.84000015258789,32.84000015258789,32.20000076293945,32.52000045776367,1070734.0
2025-09-17T13:30:00-04:00,32.53499984741211,33.290000915527344,31.40999984741211,32.68000030517578,1361212.0
2025-09-17T14:30:00-04:00,32.65999984741211,33.220001220703125,31.530000686645508,33.13999938964844,1553625.0
2025-09-17T15:30:00-04:00,33.099998474121094,33.275001525878906,32.880001068115234,33.005001068115234,1278579.0
2025-09-18T09:30:00-04:00,33.47999954223633,34.25,32.834999084472656,33.7400016784668,1939044.0
2025-09-18T10:30:00-04:00,33.75,34.060001373291016,33.439998626708984,33.77000045776367,925722.0
2025-09-18T11:30:00-04:00,33.790000915527344,34.119998931884766,33.34000015258789,33.474998474121094,1106226.0
2025-09-18T12:30:00-04:00,33.470001220703125,33.560001373291016,32.849998474121094,33.02000045776367,1291578.0
2025-09-18T13:30:00-04:00,33.0099983215332,33.65999984741211,32.79999923706055,33.57500076293945,1028050.0
2025-09-18T14:30:00-04:00,33.58000183105469,33.70140075683594,33.290000915527344,33.33000183105469,743811.0
2025-09-18T15:30:00-04:00,33.31999969482422,33.380001068115234,33.0,33.09000015258789,800997.0
2025-09-19T09:30:00-04:00,32.310001373291016,32.929901123046875,31.940099716186523,32.72999954223633,1096852.0
2025-09-19T10:30:00-04:00,32.720001220703125,32.81999969482422,32.130001068115234,32.54999923706055,836658.0
2025-09-19T11:30:00-04:00,32.529998779296875,32.66999816894531,32.36920166015625,32.55500030517578,405632.0
2025-09-19T12:30:00-04:00,32.55500030517578,32.959999084472656,32.44499969482422,32.529998779296875,752068.0
2025-09-19T13:30:00-04:00,32.529998779296875,32.529998779296875,31.799999237060547,31.90999984741211,724189.0
2025-09-19T14:30:00-04:00,31.90999984741211,32.904998779296875,31.860000610351562,32.86989974975586,733683.0
2025-09-19T15:30:00-04:00,32.869998931884766,33.08000183105469,32.709999084472656,32.849998474121094,1155990.0
2025-09-22T09:30:00-04:00,31.190000534057617,32.099998474121094,30.360000610351562,32.08000183105469,1963242.0
2025-09-22T10:30:00-04:00,32.029998779296875,32.08000183105469,31.50749969482422,31.69499969482422,663920.0
2025-09-22T11:30:00-04:00,31.684999465942383,32.150001525878906,31.360000610351562,32.0265007019043,727883.0
2025-09-22T12:30:00-04:00,32.025001525878906,32.75,31.999399185180664,32.70000076293945,635833.0
2025-09-22T13:30:00-04:00,32.709999084472656,33.154998779296875,32.61000061035156,33.10499954223633,566609.0
2025-09-22T14:30:00-04:00,33.099998474121094,33.63999938964844,33.04999923706055,33.6349983215332,777081.0
2025-09-22T15:30:00-04:00,33.6349983215332,33.84000015258789,33.43000030517578,33.689998626708984,1175099.0
2025-09-23T09:30:00-04:00,34.709999084472656,35.599998474121094,34.0099983215332,34.58000183105469,2236898.0
2025-09-23T10:30:00-04:00,34.566001892089844,35.09000015258789,34.22999954223633,34.51499938964844,643494.0
2025-09-23T11:30:00-04:00,34.51499938964844,34.6598014831543,33.81999969482422,33.974998474121094,784590.0
2025-09-23T12:30:00-04:00,33.96500015258789,34.185001373291016,33.63199996948242,33.80500030517578,487688.0
2025-09-23T13:30:00-04:00,33.80500030517578,33.849998474121094,33.095001220703125,33.20000076293945,866854.0
2025-09-23T14:30:00-04:00,33.17499923706055,33.52299880981445,32.790000915527344,32.79999923706055,2315945.0
2025-09-23T15:30:00-04:00,32.80500030517578,33.220001220703125,32.619998931884766,33.13999938964844,911137.0
2025-09-24T09:30:00-04:00,34.119998931884766,34.91830062866211,33.689998626708984,34.400001525878906,1174516.0
2025-09-24T10:30:00-04:00,34.369998931884766,35.790000915527344,34.290000915527344,35.47999954223633,1146849.0
2025-09-24T11:30:00-04:00,35.439998626708984,35.47999954223633,34.43000030517578,34.900001525878906,656225.0
2025-09-24T12:30:00-04:00,34.95000076293945,35.15999984741211,34.560001373291016,35.15999984741211,423441.0
2025-09-24T13:30:00-04:00,35.13999938964844,35.47999954223633,34.404998779296875,34.529998779296875,489093.0
2025-09-24T14:30:00-04:00,34.540000915527344,34.904998779296875,34.439998626708984,34.459999084472656,374443.0
2025-09-24T15:30:00-04:00,34.45500183105469,34.45500183105469,33.790000915527344,34.29999923706055,653711.0
2025-09-25T09:30:00-04:00,32.10879898071289,33.571800231933594,32.0,33.39500045776367,1439556.0
2025-09-25T10:30:00-04:00,33.38999938964844,33.56999969482422,32.900001525878906,32.910099029541016,546507.0
2025-09-25T11:30:00-04:00,32.91999816894531,33.41999816894531,32.77009963989258,32.83000183105469,322047.0
2025-09-25T12:30:00-04:00,32.869998931884766,33.150001525878906,32.099998474121094,32.244998931884766,549946.0
2025-09-25T13:30:00-04:00,32.244998931884766,32.310001373291016,31.11590003967285,31.737499237060547,1152620.0
2025-09-25T14:30:00-04:00,31.75,32.130001068115234,31.670000076293945,32.064998626708984,502680.0
2025-09-25T15:30:00-04:00,32.06999969482422,32.130001068115234,31.899999618530273,32.1150016784668,1002462.0
2025-09-26T09:30:00-04:00,31.790000915527344,32.220001220703125,29.709999084472656,30.46500015258789,1718465.0
2025-09-26T10:30:00-04:00,30.46500015258789,30.954999923706055,30.299999237060547,30.434999465942383,863591.0
2025-09-26T11:30:00-04:00,30.434999465942383,30.729999542236328,29.96500015258789,30.655000686645508,496433.0
2025-09-26T12:30:00-04:00,30.655000686645508,31.565000534057617,30.610000610351562,31.43000030517578,594678.0
2025-09-26T13:30:00-04:00,31.420000076293945,31.56999969482422,31.209999084472656,31.260700225830078,213156.0
2025-09-26T14:30:00-04:00,31.270000457763672,31.31999969482422,30.860000610351562,30.940000534057617,355155.0
2025-09-26T15:30:00-04:00,30.950000762939453,31.1200008392334,30.799999237060547,30.899999618530273,2438624.0
2025-09-29T09:30:00-04:00,32.32500076293945,33.81079864501953,32.0,33.6349983215332,1581649.0
2025-09-29T10:30:00-04:00,33.6150016784668,34.17499923706055,33.21009826660156,33.72999954223633,749490.0
2025-09-29T11:30:00-04:00,33.720001220703125,34.3849983215332,33.580101013183594,34.33000183105469,596388.0
2025-09-29T12:30:00-04:00,34.34000015258789,34.36000061035156,33.61000061035156,33.875,347420.0
2025-09-29T13:30:00-04:00,33.875,34.235599517822266,33.802398681640625,34.224998474121094,337757.0
2025-09-29T14:30:00-04:00,34.220001220703125,34.7599983215332,34.01499938964844,34.16999816894531,737514.0
2025-09-29T15:30:00-04:00,34.17499923706055,34.52000045776367,34.130001068115234,34.27000045776367,621532.0
2025-09-30T09:30:00-04:00,34.2400016784668,35.70000076293945,34.119998931884766,34.32500076293945,1500386.0
2025-09-30T10:30:00-04:00,34.310001373291016,34.507198333740234,33.88999938964844,34.029998779296875,460907.0
2025-09-30T11:30:00-04:00,34.0099983215332,34.119998931884766,33.650001525878906,33.83000183105469,283351.0
2025-09-30T12:30:00-04:00,33.8650016784668,33.97999954223633,33.709999084472656,33.788700103759766,265684.0
2025-09-30T13:30:00-04:00,33.7599983215332,33.810001373291016,33.560001373291016,33.63999938964844,345560.0
2025-09-30T14:30:00-04:00,33.63999938964844,33.90999984741211,33.52000045776367,33.779998779296875,362171.0
2025-09-30T15:30:00-04:00,33.81999969482422,34.150001525878906,33.775001525878906,33.79999923706055,535340.0
2025-10-01T09:30:00-04:00,34.90999984741211,35.68000030517578,33.97999954223633,35.45000076293945,1316785.0
2025-10-01T10:30:00-04:00,35.5,35.619998931884766,34.900001525878906,35.4900016784668,753411.0
2025-10-01T11:30:00-04:00,35.5,36.2599983215332,35.36000061035156,35.8650016784668,1024180.0
2025-10-01T12:30:00-04:00,35.820098876953125,36.40999984741211,35.7400016784668,36.20000076293945,703748.0
2025-10-01T13:30:00-04:00,36.18000030517578,36.18000030517578,35.07870101928711,35.209999084472656,3037165.0
2025-10-01T14:30:00-04:00,35.189998626708984,35.744998931884766,35.189998626708984,35.709999084472656,844608.0
2025-10-01T15:30:00-04:00,35.720001220703125,35.959999084472656,35.654998779296875,35.81100082397461,1127867.0
2025-10-02T09:30:00-04:00,36.41999816894531,36.720001220703125,34.810001373291016,35.52989959716797,2359927.0
2025-10-02T10:30:00-04:00,35.51499938964844,35.935001373291016,35.04999923706055,35.83000183105469,1047056.0
2025-10-02T11:30:00-04:00,35.81999969482422,36.720001220703125,35.56999969482422,36.715599060058594,660242.0
2025-10-02T12:30:00-04:00,36.72999954223633,36.9900016784668,36.459999084472656,36.619998931884766,620654.0
2025-10-02T13:30:00-04:00,36.630001068115234,37.099998474121094,36.595001220703125,36.98500061035156,540950.0
2025-10-02T14:30:00-04:00,36.9900016784668,37.380001068115234,36.83000183105469,36.9900016784668,1230953.0
2025-10-02T15:30:00-04:00,36.98500061035156,37.0,36.474998474121094,36.520999908447266,892278.0
2025-10-03T09:30:00-04:00,36.935001373291016,37.119998931884766,36.130001068115234,37.005001068115234,1198359.0
2025-10-03T10:30:00-04:00,37.0099983215332,37.54999923706055,36.72999954223633,37.00529861450195,729736.0
2025-10-03T11:30:00-04:00,36.99570083618164,37.66999816894531,36.99570083618164,37.39500045776367,686684.0
2025-10-03T12:30:00-04:00,37.39500045776367,37.45000076293945,36.18000030517578,36.349998474121094,716788.0
2025-10-03T13:30:00-04:00,36.36000061035156,36.7599983215332,35.79999923706055,36.38999938964844,610682.0
2025-10-03T14:30:00-04:00,36.38999938964844,36.529998779296875,36.23500061035156,36.40999984741211,370711.0
2025-10-03T15:30:00-04:00,36.41999816894531,36.43000030517578,36.130001068115234,36.154998779296875,578558.0
2025-10-06T09:30:00-04:00,38.630001068115234,39.625,37.59000015258789,39.625,3140539.0
2025-10-06T10:30:00-04:00,39.630001068115234,39.67499923706055,38.599998474121094,39.060001373291016,1296661.0
2025-10-06T11:30:00-04:00,39.04999923706055,39.099998474121094,38.349998474121094,38.47999954223633,637438.0
2025-10-06T12:30:00-04:00,38.459999084472656,39.2599983215332,38.402400970458984,39.099998474121094,580349.0
2025-10-06T13:30:00-04:00,39.11000061035156,39.1599006652832,38.560001373291016,38.6150016784668,578426.0
2025-10-06T14:30:00-04:00,38.6150016784668,39.0099983215332,38.189998626708984,38.970001220703125,536580.0
2025-10-06T15:30:00-04:00,38.970001220703125,39.0099983215332,38.55400085449219,38.82500076293945,822254.0
2025-10-07T09:30:00-04:00,39.91999816894531,42.220001220703125,39.54999923706055,40.619998931884766,4863965.0
2025-10-07T10:30:00-04:00,40.650001525878906,40.970001220703125,39.31999969482422,39.5099983215332,1634262.0
2025-10-07T11:30:00-04:00,39.52000045776367,39.599998474121094,38.310001373291016,39.209999084472656,1533681.0
2025-10-07T12:30:00-04:00,39.209999084472656,40.400001525878906,39.209999084472656,40.14659881591797,1085851.0
2025-10-07T13:30:00-04:00,40.189998626708984,40.56999969482422,39.87179946899414,39.91999816894531,794476.0
2025-10-07T14:30:00-04:00,39.90999984741211,40.29999923706055,39.720001220703125,39.720001220703125,883909.0
2025-10-07T15:30:00-04:00,39.720001220703125,39.94499969482422,39.54999923706055,39.560001373291016,791220.0
2025-10-08T09:30:00-04:00,41.02000045776367,41.29999923706055,39.420101165771484,40.189998626708984,1967392.0
2025-10-08T10:30:00-04:00,40.119998931884766,40.33000183105469,39.2599983215332,39.45140075683594,949902.0
2025-10-08T11:30:00-04:00,39.459999084472656,39.68000030517578,39.0099983215332,39.53010177612305,601502.0
2025-10-08T12:30:00-04:00,39.55500030517578,41.01139831542969,39.41999816894531,40.79999923706055,895651.0
2025-10-08T13:30:00-04:00,40.79999923706055,40.915000915527344,40.33000183105469,40.4900016784668,620402.0
2025-10-08T14:30:00-04:00,40.5,40.69499969482422,40.04999923706055,40.63999938964844,583490.0
2025-10-08T15:30:00-04:00,40.63999938964844,41.46500015258789,40.630001068115234,41.369998931884766,1018584.0
2025-10-09T09:30:00-04:00,40.775001525878906,41.36000061035156,40.150001525878906,40.189998626708984,1625990.0
2025-10-09T10:30:00-04:00,40.189998626708984,40.72999954223633,39.79999923706055,39.939998626708984,912291.0
2025-10-09T11:30:00-04:00,39.922000885009766,40.28990173339844,39.54999923706055,40.27000045776367,657981.0
2025-10-09T12:30:00-04:00,40.25,40.29999923706055,39.650001525878906,39.90999984741211,445413.0
2025-10-09T13:30:00-04:00,39.869998931884766,41.060001373291016,39.849998474121094,40.95500183105469,518129.0
2025-10-09T14:30:00-04:00,40.97999954223633,41.67250061035156,40.769798278808594,41.5,589680.0
2025-10-09T15:30:00-04:00,41.5,42.310001373291016,41.380001068115234,42.220001220703125,1066157.0
2025-10-10T09:30:00-04:00,42.77000045776367,44.33000183105469,42.40999984741211,42.970001220703125,2828434.0
2025-10-10T10:30:00-04:00,42.96500015258789,43.064998626708984,40.849998474121094,40.900001525878906,2510144.0
2025-10-10T11:30:00-04:00,40.94499969482422,41.88999938964844,39.821800231933594,41.6349983215332,1901996.0
2025-10-10T12:30:00-04:00,41.6349983215332,41.96989822387695,40.40010070800781,41.005001068115234,834632.0
2025-10-10T13:30:00-04:00,41.0099983215332,41.0802001953125,39.97999954223633,40.129398345947266,667870.0
2025-10-10T14:30:00-04:00,40.13999938964844,40.290000915527344,39.4911003112793,39.51319885253906,856580.0
2025-10-10T15:30:00-04:00,39.529998779296875,39.69499969482422,38.9900016784668,39.380001068115234,1540341.0
2025-10-13T09:30:00-04:00,40.158199310302734,40.977699279785156,38.61000061035156,40.279998779296875,2562527.0
2025-10-13T10:30:00-04:00,40.310001373291016,40.689998626708984,39.27000045776367,39.650001525878906,974369.0
2025-10-13T11:30:00-04:00,39.650001525878906,40.745399475097656,39.454498291015625,40.375999450683594,591074.0
2025-10-13T12:30:00-04:00,40.36000061035156,40.939998626708984,40.06999969482422,40.20349884033203,438940.0
2025-10-13T13:30:00-04:00,40.18000030517578,40.685001373291016,39.9900016784668,40.650001525878906,418601.0
2025-10-13T14:30:00-04:00,40.64500045776367,40.689998626708984,40.13999938964844,40.62990188598633,446909.0
2025-10-13T15:30:00-04:00,40.6150016784668,41.314998626708984,40.540000915527344,41.2400016784668,766287.0
2025-10-14T09:30:00-04:00,38.9900016784668,40.290000915527344,37.400001525878906,40.25,2232441.0
2025-10-14T10:30:00-04:00,40.25,40.34400177001953,39.2400016784668,39.6349983215332,823185.0
2025-10-14T11:30:00-04:00,39.650001525878906,40.649200439453125,39.41680145263672,40.540000915527344,691373.0
2025-10-14T12:30:00-04:00,40.525001525878906,41.380001068115234,40.349998474121094,41.25,872711.0
2025-10-14T13:30:00-04:00,41.25,41.619998931884766,41.11140060424805,41.525001525878906,555429.0
2025-10-14T14:30:00-04:00,41.525001525878906,42.529998779296875,41.470001220703125,42.380001068115234,884309.0
2025-10-14T15:30:00-04:00,42.38999938964844,42.439998626708984,41.130001068115234,41.14500045776367,1316102.0
2025-10-15T09:30:00-04:00,41.76499938964844,42.14540100097656,40.459999084472656,41.459999084472656,1367265.0
2025-10-15T10:30:00-04:00,41.45500183105469,41.744998931884766,40.72999954223633,41.2599983215332,949615.0
2025-10-15T11:30:00-04:00,41.2599983215332,41.44300079345703,40.550201416015625,41.189998626708984,679615.0
2025-10-15T12:30:00-04:00,41.165000915527344,41.400001525878906,40.06999969482422,40.869998931884766,702150.0
2025-10-15T13:30:00-04:00,40.970001220703125,42.027099609375,40.77000045776367,41.75,568376.0
2025-10-15T14:30:00-04:00,41.76499938964844,42.720001220703125,41.68000030517578,42.599998474121094,711342.0
2025-10-15T15:30:00-04:00,42.61000061035156,42.689998626708984,41.869998931884766,41.90999984741211,787930.0
2025-10-16T09:30:00-04:00,42.279998779296875,42.52000045776367,39.79999923706055,40.7400016784668,1562279.0
2025-10-16T10:30:00-04:00,40.77000045776367,41.51499938964844,40.369998931884766,40.47999954223633,579389.0
2025-10-16T11:30:00-04:00,40.4900016784668,40.970001220703125,39.67499923706055,39.81999969482422,800763.0
2025-10-16T12:30:00-04:00,39.81999969482422,41.099998474121094,39.349998474121094,40.970001220703125,912865.0
2025-10-16T13:30:00-04:00,40.98500061035156,41.09000015258789,40.000099182128906,40.09000015258789,567631.0
2025-10-16T14:30:00-04:00,40.09000015258789,40.45000076293945,39.70000076293945,39.72999954223633,584867.0
2025-10-16T15:30:00-04:00,39.75,39.97999954223633,39.529998779296875,39.939998626708984,898675.0
2025-10-17T09:30:00-04:00,38.584999084472656,39.400001525878906,37.5099983215332,37.650001525878906,2207096.0
2025-10-17T10:30:00-04:00,37.650001525878906,38.20000076293945,36.77399826049805,37.6150016784668,2354236.0
2025-10-17T11:30:00-04:00,37.630001068115234,38.34000015258789,36.96189880371094,38.2495002746582,840598.0
2025-10-17T12:30:00-04:00,38.2599983215332,38.27000045776367,37.404998779296875,37.439998626708984,538014.0
2025-10-17T13:30:00-04:00,37.45000076293945,37.91999816894531,37.2599983215332,37.875,573684.0
2025-10-17T14:30:00-04:00,37.88999938964844,38.08000183105469,37.7599983215332,37.959999084472656,643273.0
2025-10-17T15:30:00-04:00,37.959999084472656,38.0,37.63999938964844,37.790000915527344,1040074.0
2025-10-20T09:30:00-04:00,39.15999984741211,40.189998626708984,38.96039962768555,39.970001220703125,1739880.0
2025-10-20T10:30:00-04:00,39.970001220703125,41.220001220703125,39.720001220703125,41.15999984741211,806230.0
2025-10-20T11:30:00-04:00,41.220001220703125,41.70989990234375,41.060001373291016,41.31999969482422,1043228.0
2025-10-20T12:30:00-04:00,41.314998626708984,41.66999816894531,40.63999938964844,41.209999084472656,579214.0
2025-10-20T13:30:00-04:00,41.209999084472656,41.27000045776367,39.52000045776367,39.81460189819336,774868.0
2025-10-20T14:30:00-04:00,39.86000061035156,40.29999923706055,39.220001220703125,39.939998626708984,1139631.0
2025-10-20T15:30:00-04:00,39.91999816894531,40.11000061035156,39.56999969482422,39.61000061035156,1003589.0
2025-10-21T09:30:00-04:00,43.7599983215332,45.91999816894531,40.68000030517578,40.82939910888672,10854874.0
2025-10-21T10:30:00-04:00,40.83000183105469,44.1244010925293,40.36000061035156,43.720001220703125,3283097.0
2025-10-21T11:30:00-04:00,43.755001068115234,44.34000015258789,42.70000076293945,43.669898986816406,2229800.0
2025-10-21T12:30:00-04:00,43.65999984741211,43.709999084472656,41.31999969482422,41.79999923706055,1325630.0
2025-10-21T13:30:00-04:00,41.869998931884766,42.81999969482422,41.459999084472656,42.040000915527344,1171220.0
2025-10-21T14:30:00-04:00,42.05500030517578,42.31990051269531,41.52000045776367,41.915000915527344,944666.0
2025-10-21T15:30:00-04:00,41.91999816894531,43.119998931884766,41.869998931884766,42.88999938964844,1712588.0
2025-10-22T09:30:00-04:00,40.9900016784668,41.25,37.25,37.369998931884766,4704325.0
2025-10-22T10:30:00-04:00,37.38999938964844,37.9900016784668,36.470001220703125,36.93130111694336,3361560.0
2025-10-22T11:30:00-04:00,37.0099983215332,37.13999938964844,36.209999084472656,36.349998474121094,1545646.0
2025-10-22T12:30:00-04:00,36.34000015258789,36.6150016784668,35.810001373291016,36.119998931884766,1586892.0
2025-10-22T13:30:00-04:00,36.09000015258789,36.619998931884766,35.900001525878906,36.459999084472656,968836.0
2025-10-22T14:30:00-04:00,36.46500015258789,37.4900016784668,36.18619918823242,37.130001068115234,1491882.0
2025-10-22T15:30:00-04:00,37.130001068115234,37.4900016784668,36.9900016784668,37.31999969482422,1338383.0
2025-10-23T09:30:00-04:00,38.310001373291016,38.310001373291016,37.02450180053711,37.439998626708984,1438779.0
2025-10-23T10:30:00-04:00,37.459999084472656,37.459999084472656,36.62350082397461,36.95000076293945,900225.0
2025-10-23T11:30:00-04:00,36.970001220703125,37.68000030517578,36.96049880981445,37.25,825664.0
2025-10-23T12:30:00-04:00,37.22999954223633,38.637901306152344,37.029998779296875,38.525001525878906,1029463.0
2025-10-23T13:30:00-04:00,38.5,39.459999084472656,38.470001220703125,39.38999938964844,1207529.0
2025-10-23T14:30:00-04:00,39.38999938964844,39.45000076293945,38.599998474121094,39.040000915527344,662330.0
2025-10-23T15:30:00-04:00,39.060001373291016,39.08000183105469,38.5099983215332,38.59000015258789,735467.0
2025-10-24T09:30:00-04:00,40.040000915527344,41.25,39.650001525878906,40.724998474121094,1991476.0
2025-10-24T10:30:00-04:00,40.709999084472656,41.2400016784668,40.099998474121094,41.09320068359375,761213.0
2025-10-24T11:30:00-04:00,41.08000183105469,41.470001220703125,40.66999816894531,41.11000061035156,591958.0
2025-10-24T12:30:00-04:00,41.08000183105469,41.150001525878906,40.599998474121094,40.88999938964844,422087.0
2025-10-24T13:30:00-04:00,40.880001068115234,40.900001525878906,40.252899169921875,40.56999969482422,457728.0
2025-10-24T14:30:00-04:00,40.58000183105469,40.58000183105469,39.849998474121094,39.959999084472656,939622.0
2025-10-24T15:30:00-04:00,39.93000030517578,40.0,39.709999084472656,39.81999969482422,818571.0
2025-10-27T09:30:00-04:00,40.77000045776367,41.12459945678711,39.560001373291016,40.09000015258789,2147716.0
2025-10-27T10:30:00-04:00,40.02000045776367,40.47999954223633,39.529998779296875,40.400001525878906,589548.0
2025-10-27T11:30:00-04:00,40.380001068115234,40.935001373291016,39.86000061035156,40.75,511096.0
2025-10-27T12:30:00-04:00,40.769901275634766,41.150001525878906,40.459999084472656,40.57500076293945,794148.0
2025-10-27T13:30:00-04:00,40.560001373291016,41.1349983215332,40.560001373291016,40.9900016784668,586347.0
2025-10-27T14:30:00-04:00,40.9900016784668,41.25,40.63999938964844,40.810001373291016,497364.0
2025-10-27T15:30:00-04:00,40.810001373291016,40.90999984741211,40.540000915527344,40.560001373291016,449708.0
2025-10-28T09:30:00-04:00,36.85499954223633,38.54499816894531,36.79999923706055,38.04999923706055,13125658.0
2025-10-28T10:30:00-04:00,38.02000045776367,38.06869888305664,37.029998779296875,37.1349983215332,4117110.0
2025-10-28T11:30:00-04:00,37.1349983215332,37.66999816894531,36.9900016784668,37.60499954223633,2777924.0
2025-10-28T12:30:00-04:00,37.59000015258789,37.970001220703125,37.34000015258789,37.459999084472656,2087836.0
2025-10-28T13:30:00-04:00,37.459999084472656,37.97999954223633,37.20000076293945,37.79079818725586,2035378.0
2025-10-28T14:30:00-04:00,37.779998779296875,37.880001068115234,37.43000030517578,37.52000045776367,2578629.0
2025-10-28T15:30:00-04:00,37.52000045776367,37.709999084472656,37.189998626708984,37.29999923706055,3296335.0
2025-10-29T09:30:00-04:00,37.630001068115234,38.0,36.8213996887207,37.75360107421875,2439745.0
2025-10-29T10:30:00-04:00,37.79999923706055,37.97999954223633,37.279998779296875,37.584999084472656,970418.0
2025-10-29T11:30:00-04:00,37.56999969482422,37.869998931884766,37.20000076293945,37.29499816894531,1136861.0
2025-10-29T12:30:00-04:00,37.279998779296875,37.369998931884766,36.720001220703125,36.869998931884766,750545.0
2025-10-29T13:30:00-04:00,36.869998931884766,37.38999938964844,36.29999923706055,36.48830032348633,934501.0
2025-10-29T14:30:00-04:00,36.459999084472656,37.25199890136719,35.72999954223633,36.68000030517578,1736796.0
2025-10-29T15:30:00-04:00,36.630001068115234,36.75,36.38999938964844,36.43000030517578,1088374.0
2025-10-30T09:30:00-04:00,34.8849983215332,35.47999954223633,33.900001525878906,35.11000061035156,1903192.0
2025-10-30T10:30:00-04:00,35.119998931884766,35.36000061035156,34.54999923706055,34.790000915527344,520472.0
2025-10-30T11:30:00-04:00,34.779998779296875,35.02000045776367,34.39540100097656,34.75,454557.0
2025-10-30T12:30:00-04:00,34.75,35.060001373291016,34.570098876953125,34.64500045776367,372517.0
2025-10-30T13:30:00-04:00,34.630001068115234,35.150001525878906,34.540000915527344,35.06999969482422,310427.0
2025-10-30T14:30:00-04:00,35.08000183105469,35.209999084472656,34.52000045776367,34.79999923706055,583790.0
2025-10-30T15:30:00-04:00,34.79999923706055,34.85499954223633,34.11000061035156,34.119998931884766,812934.0
2025-10-31T09:30:00-04:00,35.15999984741211,35.40999984741211,34.709999084472656,35.02000045776367,1006361.0
2025-10-31T10:30:00-04:00,35.042301177978516,35.970001220703125,34.970001220703125,35.84000015258789,1020748.0
2025-10-31T11:30:00-04:00,35.869998931884766,36.029998779296875,34.7504997253418,34.88999938964844,821085.0
2025-10-31T12:30:00-04:00,34.90999984741211,35.209999084472656,34.27000045776367,34.5099983215332,594911.0
2025-10-31T13:30:00-04:00,34.5,35.22999954223633,34.45500183105469,35.09000015258789,400039.0
2025-10-31T14:30:00-04:00,35.09000015258789,35.162498474121094,34.81999969482422,35.095001220703125,1991137.0
2025-10-31T15:30:00-04:00,35.099998474121094,35.279998779296875,34.939998626708984,34.939998626708984,0.0
2025-11-03T09:30:00-05:00,36.665000915527344,36.769901275634766,34.56050109863281,34.834999084472656,2111109.0
2025-11-03T10:30:00-05:00,34.86000061035156,34.88999938964844,34.16999816894531,34.56700134277344,1008692.0
2025-11-03T11:30:00-05:00,34.599998474121094,35.33000183105469,34.595001220703125,34.88999938964844,509054.0
2025-11-03T12:30:00-05:00,34.88999938964844,35.119998931884766,34.66999816894531,34.7776985168457,439652.0
2025-11-03T13:30:00-05:00,34.790000915527344,35.04999923706055,34.63100051879883,34.90999984741211,284402.0
2025-11-03T14:30:00-05:00,34.915000915527344,35.279998779296875,34.630001068115234,34.69029998779297,510125.0
2025-11-03T15:30:00-05:00,34.689998626708984,35.040000915527344,34.64500045776367,34.880001068115234,837036.0
2025-11-04T09:30:00-05:00,32.91999816894531,34.0099983215332,32.33000183105469,33.849998474121094,1824194.0
2025-11-04T10:30:00-05:00,33.849998474121094,33.900001525878906,33.150001525878906,33.19499969482422,594917.0
2025-11-04T11:30:00-05:00,33.18000030517578,33.310001373291016,32.17060089111328,32.560001373291016,815232.0
2025-11-04T12:30:00-05:00,32.560001373291016,32.58000183105469,31.940000534057617,32.119998931884766,879753.0
2025-11-04T13:30:00-05:00,32.11000061035156,32.400001525878906,31.719999313354492,31.7893009185791,774235.0
2025-11-04T14:30:00-05:00,31.7810001373291,31.81999969482422,31.31999969482422,31.50029945373535,1115287.0
2025-11-04T15:30:00-05:00,31.5,31.665000915527344,31.059999465942383,31.139999389648438,1175018.0
2025-11-05T09:30:00-05:00,32.18000030517578,32.18000030517578,30.780000686645508,31.269500732421875,1856512.0
2025-11-05T10:30:00-05:00,31.270000457763672,31.58810043334961,30.639999389648438,30.860000610351562,774831.0
2025-11-05T11:30:00-05:00,30.850000381469727,31.479999542236328,30.834999084472656,31.06999969482422,467696.0
2025-11-05T12:30:00-05:00,31.06999969482422,31.229999542236328,30.90999984741211,30.959999084472656,466485.0
2025-11-05T13:30:00-05:00,30.959999084472656,31.360000610351562,30.959999084472656,31.295000076293945,482265.0
2025-11-05T14:30:00-05:00,31.295000076293945,31.690000534057617,31.25,31.59000015258789,2686693.0
2025-11-05T15:30:00-05:00,31.584999084472656,31.799999237060547,31.31999969482422,31.43000030517578,0.0
2025-11-06T09:30:00-05:00,32.77000045776367,32.97999954223633,30.399999618530273,30.649999618530273,2147702.0
2025-11-06T10:30:00-05:00,30.665000915527344,30.665000915527344,29.540000915527344,29.829999923706055,1928963.0
2025-11-06T11:30:00-05:00,29.81999969482422,30.135000228881836,29.486499786376953,29.729999542236328,1330329.0
2025-11-06T12:30:00-05:00,29.709999084472656,30.6200008392334,29.698999404907227,30.29010009765625,971515.0
2025-11-06T13:30:00-05:00,30.290000915527344,30.799999237060547,30.06999969482422,30.779699325561523,681341.0
2025-11-06T14:30:00-05:00,30.75,30.940000534057617,30.364500045776367,30.420000076293945,630765.0
2025-11-06T15:30:00-05:00,30.40999984741211,30.520000457763672,30.241100311279297,30.385000228881836,756014.0
2025-11-07T09:30:00-05:00,29.239999771118164,29.8700008392334,28.540000915527344,29.610000610351562,1518963.0
2025-11-07T10:30:00-05:00,29.59000015258789,29.690000534057617,28.899999618530273,29.219999313354492,588655.0
2025-11-07T11:30:00-05:00,29.209999084472656,29.769899368286133,28.799999237060547,29.665000915527344,745659.0
2025-11-07T12:30:00-05:00,29.68000030517578,30.450000762939453,29.360000610351562,30.30500030517578,1126963.0
2025-11-07T13:30:00-05:00,30.309999465942383,31.029800415039062,30.299999237060547,30.895000457763672,809222.0
2025-11-07T14:30:00-05:00,30.90999984741211,31.790000915527344,30.899999618530273,31.165000915527344,1222657.0
2025-11-07T15:30:00-05:00,31.155000686645508,31.579999923706055,31.139999389648438,31.56999969482422,662361.0
2025-11-10T09:30:00-05:00,32.5,33.06999969482422,31.717500686645508,31.84000015258789,1638688.0
2025-11-10T10:30:00-05:00,31.829999923706055,31.93000030517578,30.8799991607666,31.190000534057617,602656.0
2025-11-10T11:30:00-05:00,31.215999603271484,31.790000915527344,31.098499298095703,31.70989990234375,328531.0
2025-11-10T12:30:00-05:00,31.709999084472656,32.09000015258789,31.59000015258789,31.6200008392334,384312.0
2025-11-10T13:30:00-05:00,31.639999389648438,31.719999313354492,31.230300903320312,31.510000228881836,397693.0
2025-11-10T14:30:00-05:00,31.510000228881836,31.6200008392334,31.049999237060547,31.350000381469727,353252.0
2025-11-10T15:30:00-05:00,31.350000381469727,31.8799991607666,31.260000228881836,31.770000457763672,623108.0
2025-11-11T09:30:00-05:00,30.920000076293945,31.270000457763672,30.440000534057617,30.729999542236328,1243547.0
2025-11-11T10:30:00-05:00,30.690000534057617,31.209999084472656,30.520000457763672,30.940000534057617,425506.0
2025-11-11T11:30:00-05:00,30.940000534057617,31.440000534057617,30.770000457763672,31.030000686645508,393265.0
2025-11-11T12:30:00-05:00,31.045000076293945,31.30500030517578,30.84000015258789,30.969999313354492,217766.0
2025-11-11T13:30:00-05:00,31.0,31.15999984741211,30.770000457763672,30.829999923706055,277155.0
2025-11-11T14:30:00-05:00,30.829999923706055,30.8799991607666,30.440000534057617,30.610000610351562,388986.0
2025-11-11T15:30:00-05:00,30.610000610351562,30.84000015258789,30.489999771118164,30.75,559260.0
2025-11-12T09:30:00-05:00,30.989999771118164,31.59000015258789,30.770000457763672,30.940000534057617,746095.0
2025-11-12T10:30:00-05:00,30.969999313354492,31.100000381469727,30.06999969482422,30.46299934387207,730608.0
2025-11-12T11:30:00-05:00,30.459999084472656,30.72949981689453,29.979999542236328,30.260000228881836,579910.0
2025-11-12T12:30:00-05:00,30.295000076293945,30.59000015258789,30.170000076293945,30.360000610351562,284352.0
2025-11-12T13:30:00-05:00,30.34000015258789,30.809999465942383,30.270099639892578,30.389999389648438,775207.0
2025-11-12T14:30:00-05:00,30.344999313354492,31.3799991607666,30.329999923706055,31.290000915527344,536322.0
2025-11-12T15:30:00-05:00,31.299999237060547,31.420000076293945,31.079999923706055,31.299999237060547,616590.0
2025-11-13T09:30:00-05:00,30.989999771118164,30.989999771118164,29.56999969482422,29.709999084472656,1092878.0
2025-11-13T10:30:00-05:00,29.690000534057617,29.729999542236328,28.65999984741211,28.934999465942383,1429602.0
2025-11-13T11:30:00-05:00,28.950000762939453,29.09000015258789,28.31999969482422,28.649999618530273,799081.0
2025-11-13T12:30:00-05:00,28.65999984741211,28.809999465942383,27.892000198364258,27.957399368286133,769758.0
2025-11-13T13:30:00-05:00,27.954999923706055,28.040000915527344,27.43000030517578,27.920000076293945,1176384.0
2025-11-13T14:30:00-05:00,27.93000030517578,27.979999542236328,27.149900436401367,27.325000762939453,891640.0
2025-11-13T15:30:00-05:00,27.34000015258789,27.510000228881836,27.059999465942383,27.229999542236328,941100.0
2025-11-14T09:30:00-05:00,25.1299991607666,27.239999771118164,25.06999969482422,26.960100173950195,2489649.0
2025-11-14T10:30:00-05:00,26.979999542236328,27.850000381469727,26.979999542236328,27.739999771118164,1274905.0
2025-11-14T11:30:00-05:00,27.74799919128418,27.950000762939453,27.34000015258789,27.400100708007812,749482.0
2025-11-14T12:30:00-05:00,27.40999984741211,27.420000076293945,26.924999237060547,27.059999465942383,629321.0
2025-11-14T13:30:00-05:00,27.040000915527344,27.06999969482422,26.610000610351562,26.799999237060547,584240.0
2025-11-14T14:30:00-05:00,26.79789924621582,26.860000610351562,26.354999542236328,26.479999542236328,576930.0
2025-11-14T15:30:00-05:00,26.469999313354492,26.510000228881836,26.2549991607666,26.34000015258789,856119.0
2025-11-17T09:30:00-05:00,25.420000076293945,26.475000381469727,25.190000534057617,25.610000610351562,1591157.0
2025-11-17T10:30:00-05:00,25.565000534057617,25.6200008392334,24.760000228881836,25.300500869750977,1060773.0
2025-11-17T11:30:00-05:00,25.31999969482422,25.395000457763672,24.940000534057617,25.100000381469727,432503.0
2025-11-17T12:30:00-05:00,25.1200008392334,25.159900665283203,24.34000015258789,24.3700008392334,759505.0
2025-11-17T13:30:00-05:00,24.3700008392334,24.75,24.250099182128906,24.350000381469727,846955.0
2025-11-17T14:30:00-05:00,24.329999923706055,24.809999465942383,24.06999969482422,24.739999771118164,995883.0
2025-11-17T15:30:00-05:00,24.75,25.110000610351562,24.700000762939453,25.059999465942383,2688262.0
2025-11-18T09:30:00-05:00,24.530000686645508,25.459999084472656,24.3700008392334,24.860000610351562,1149829.0
2025-11-18T10:30:00-05:00,24.889999389648438,25.270000457763672,24.5,25.209999084472656,524972.0
2025-11-18T11:30:00-05:00,25.209999084472656,25.479900360107422,24.889999389648438,25.110000610351562,729120.0
2025-11-18T12:30:00-05:00,25.1200008392334,25.969999313354492,25.042999267578125,25.780000686645508,1229948.0
2025-11-18T13:30:00-05:00,25.799999237060547,26.100000381469727,25.690000534057617,25.834999084472656,650999.0
2025-11-18T14:30:00-05:00,25.850000381469727,26.280000686645508,25.770000457763672,25.81999969482422,683027.0
2025-11-18T15:30:00-05:00,25.829999923706055,25.90999984741211,25.450000762939453,25.600000381469727,875411.0
2025-11-19T09:30:00-05:00,25.09000015258789,26.1299991607666,24.940000534057617,25.69499969482422,1096018.0
2025-11-19T10:30:00-05:00,25.700000762939453,26.059999465942383,25.360000610351562,25.674999237060547,2675658.0
2025-11-19T11:30:00-05:00,25.709999084472656,25.879899978637695,25.3799991607666,25.719999313354492,823971.0
2025-11-19T12:30:00-05:00,25.719999313354492,25.799999237060547,25.395000457763672,25.415000915527344,877505.0
2025-11-19T13:30:00-05:00,25.40999984741211,25.790000915527344,25.270000457763672,25.59000015258789,578141.0
2025-11-19T14:30:00-05:00,25.600000381469727,26.030000686645508,25.280000686645508,26.0049991607666,810267.0
2025-11-19T15:30:00-05:00,26.0049991607666,26.149999618530273,25.719999313354492,25.780000686645508,657897.0
2025-11-20T09:30:00-05:00,26.975000381469727,27.610000610351562,26.770000457763672,27.010000228881836,2238019.0
2025-11-20T10:30:00-05:00,27.010000228881836,27.06999969482422,25.899999618530273,25.934999465942383,2992067.0
2025-11-20T11:30:00-05:00,25.934999465942383,25.950000762939453,24.700000762939453,24.895000457763672,73560.0
2025-11-20T12:30:00-05:00,24.860000610351562,25.280000686645508,24.549999237060547,24.729999542236328,1185527.0
2025-11-20T13:30:00-05:00,24.729999542236328,24.81999969482422,24.209999084472656,24.725000381469727,1058130.0
2025-11-20T14:30:00-05:00,24.700000762939453,25.030000686645508,24.592500686645508,24.940000534057617,697970.0
2025-11-20T15:30:00-05:00,24.93000030517578,24.979999542236328,23.979999542236328,24.020000457763672,1651861.0
2025-11-21T09:30:00-05:00,23.34000015258789,23.850000381469727,22.36009979248047,22.390100479125977,2661968.0
2025-11-21T10:30:00-05:00,22.389999389648438,22.96500015258789,22.110000610351562,22.68000030517578,1432918.0
2025-11-21T11:30:00-05:00,22.690000534057617,23.459999084472656,22.65999984741211,23.262800216674805,1535221.0
2025-11-21T12:30:00-05:00,23.280000686645508,23.464599609375,22.809999465942383,22.889999389648438,736471.0
2025-11-21T13:30:00-05:00,22.864999771118164,23.600000381469727,22.864999771118164,23.530000686645508,990279.0
2025-11-21T14:30:00-05:00,23.530000686645508,23.610000610351562,23.165300369262695,23.354999542236328,674240.0
2025-11-21T15:30:00-05:00,23.354999542236328,23.725000381469727,23.34000015258789,23.450000762939453,1342848.0
2025-11-24T09:30:00-05:00,23.905000686645508,24.8700008392334,23.770000457763672,24.010000228881836,2718342.0
2025-11-24T10:30:00-05:00,24.0,24.299999237060547,23.90999984741211,24.110000610351562,1043720.0
2025-11-24T11:30:00-05:00,24.110000610351562,24.309999465942383,24.010000228881836,24.229999542236328,524049.0
2025-11-24T12:30:00-05:00,24.219999313354492,24.600000381469727,24.139999389648438,24.540000915527344,911847.0
2025-11-24T13:30:00-05:00,24.549999237060547,25.0,24.440000534057617,24.75,705132.0
2025-11-24T14:30:00-05:00,24.75,24.76110076904297,24.3700008392334,24.510000228881836,419486.0
2025-11-24T15:30:00-05:00,24.510000228881836,24.899999618530273,24.420900344848633,24.770000457763672,722050.0
2025-11-25T09:30:00-05:00,24.399999618530273,24.59000015258789,23.473400115966797,24.3799991607666,1024650.0
2025-11-25T10:30:00-05:00,24.385000228881836,24.969999313354492,24.27750015258789,24.8799991607666,570870.0
2025-11-25T11:30:00-05:00,24.899999618530273,25.46500015258789,24.809999465942383,25.450000762939453,2950636.0
2025-11-25T12:30:00-05:00,25.469999313354492,25.770000457763672,25.170000076293945,25.329999923706055,494224.0
2025-11-25T13:30:00-05:00,25.34000015258789,25.469999313354492,24.90999984741211,24.950000762939453,447366.0
2025-11-25T14:30:00-05:00,24.959999084472656,25.360000610351562,24.829999923706055,25.139999389648438,448537.0
2025-11-25T15:30:00-05:00,25.149999618530273,25.489999771118164,25.125,25.479999542236328,536964.0
2025-11-26T09:30:00-05:00,26.360000610351562,26.479999542236328,25.450000762939453,26.030000686645508,1005347.0
2025-11-26T10:30:00-05:00,26.059999465942383,26.172500610351562,25.770000457763672,25.81999969482422,398070.0
2025-11-26T11:30:00-05:00,25.829999923706055,26.020000457763672,25.6200008392334,25.8799991607666,305376.0
2025-11-26T12:30:00-05:00,25.889999389648438,26.700000762939453,25.889999389648438,26.420000076293945,802168.0
2025-11-26T13:30:00-05:00,26.440000534057617,26.600000381469727,26.149999618530273,26.479999542236328,492323.0
2025-11-26T14:30:00-05:00,26.479999542236328,26.690000534057617,26.370100021362305,26.420000076293945,416833.0
2025-11-26T15:30:00-05:00,26.40999984741211,26.440000534057617,26.100000381469727,26.25,641474.0
2025-11-28T09:30:00-05:00,27.43000030517578,27.43000030517578,26.690000534057617,27.030000686645508,1033218.0
2025-11-28T10:30:00-05:00,27.040000915527344,27.204999923706055,26.700000762939453,26.854999542236328,524778.0
2025-11-28T11:30:00-05:00,26.854999542236328,27.030000686645508,26.579999923706055,26.596500396728516,462593.0
2025-12-01T09:30:00-05:00,25.09000015258789,25.260000228881836,24.389999389648438,24.399999618530273,1280598.0
2025-12-01T10:30:00-05:00,24.3799991607666,24.639999389648438,23.950000762939453,24.50200080871582,947164.0
2025-12-01T11:30:00-05:00,24.510000228881836,24.649999618530273,24.329999923706055,24.600000381469727,469449.0
2025-12-01T12:30:00-05:00,24.600000381469727,25.020000457763672,24.51020050048828,24.889999389648438,287748.0
2025-12-01T13:30:00-05:00,24.899999618530273,25.06999969482422,24.760000228881836,24.780000686645508,406307.0
2025-12-01T14:30:00-05:00,24.799999237060547,25.0,24.65999984741211,24.924999237060547,480291.0
2025-12-01T15:30:00-05:00,24.920000076293945,25.0,24.709999084472656,24.815000534057617,815530.0
2025-12-02T09:30:00-05:00,25.549999237060547,26.079999923706055,25.280000686645508,25.56999969482422,1107741.0
2025-12-02T10:30:00-05:00,25.579999923706055,25.760000228881836,25.170000076293945,25.270000457763672,811638.0
2025-12-02T11:30:00-05:00,25.270000457763672,25.959999084472656,25.18000030517578,25.90999984741211,416700.0
2025-12-02T12:30:00-05:00,25.899999618530273,26.059999465942383,25.71500015258789,25.760000228881836,389439.0
2025-12-02T13:30:00-05:00,25.739999771118164,25.904800415039062,25.540000915527344,25.799999237060547,258109.0
2025-12-02T14:30:00-05:00,25.799999237060547,26.156999588012695,25.700000762939453,25.709999084472656,450330.0
2025-12-02T15:30:00-05:00,25.709999084472656,25.799999237060547,25.350000381469727,25.360000610351562,534487.0
2025-12-03T09:30:00-05:00,25.84000015258789,26.239999771118164,25.5,25.639999389648438,540991.0
2025-12-03T10:30:00-05:00,25.649999618530273,26.2549991607666,25.56999969482422,26.229999542236328,601532.0
2025-12-03T11:30:00-05:00,26.261999130249023,26.36989974975586,25.84000015258789,26.30500030517578,343110.0
2025-12-03T12:30:00-05:00,26.30500030517578,26.84000015258789,26.2450008392334,26.75659942626953,385719.0
2025-12-03T13:30:00-05:00,26.760000228881836,26.825000762939453,26.309999465942383,26.6299991607666,337736.0
2025-12-03T14:30:00-05:00,26.6299991607666,27.03499984741211,26.6200008392334,27.0049991607666,293878.0
2025-12-03T15:30:00-05:00,27.0,27.100000381469727,26.940000534057617,27.049999237060547,666809.0
2025-12-04T09:30:00-05:00,26.889999389648438,27.780000686645508,26.59000015258789,27.760000228881836,1000581.0
2025-12-04T10:30:00-05:00,27.739999771118164,27.959999084472656,27.530000686645508,27.915000915527344,901754.0
2025-12-04T11:30:00-05:00,27.91349983215332,28.100000381469727,27.854999542236328,27.99799919128418,498475.0
2025-12-04T12:30:00-05:00,28.0049991607666,28.25,27.940000534057617,28.204999923706055,464994.0
2025-12-04T13:30:00-05:00,28.209999084472656,28.270000457763672,27.520000457763672,27.559999465942383,711821.0
2025-12-04T14:30:00-05:00,27.549999237060547,28.06999969482422,27.520000457763672,27.709999084472656,478746.0
2025-12-04T15:30:00-05:00,27.704999923706055,27.969999313354492,27.530000686645508,27.579999923706055,894073.0
2025-12-05T09:30:00-05:00,27.049999237060547,27.110000610351562,26.0,26.809999465942383,1078934.0
2025-12-05T10:30:00-05:00,26.795000076293945,26.889999389648438,26.240100860595703,26.309999465942383,592596.0
2025-12-05T11:30:00-05:00,26.30500030517578,26.31130027770996,25.81999969482422,25.840099334716797,678442.0
2025-12-05T12:30:00-05:00,25.834999084472656,26.170000076293945,25.674999237060547,26.030000686645508,406181.0
2025-12-05T13:30:00-05:00,26.020000457763672,26.059999465942383,25.514999389648438,25.799999237060547,411235.0
2025-12-05T14:30:00-05:00,25.799999237060547,25.999900817871094,25.719999313354492,25.790000915527344,308901.0
2025-12-05T15:30:00-05:00,25.780000686645508,25.780000686645508,25.475000381469727,25.5,793159.0
2025-12-08T09:30:00-05:00,26.350000381469727,26.6299991607666,25.34000015258789,25.420000076293945,1042901.0
2025-12-08T10:30:00-05:00,25.399999618530273,25.860000610351562,25.30120086669922,25.827299118041992,377298.0
2025-12-08T11:30:00-05:00,25.81999969482422,25.8799991607666,25.56999969482422,25.719999313354492,207002.0
2025-12-08T12:30:00-05:00,25.71500015258789,26.110000610351562,25.610000610351562,25.899999618530273,313870.0
2025-12-08T13:30:00-05:00,25.889999389648438,25.989999771118164,25.709999084472656,25.899999618530273,235656.0
2025-12-08T14:30:00-05:00,25.90999984741211,26.06999969482422,25.8799991607666,25.989999771118164,206549.0
2025-12-08T15:30:00-05:00,25.979999542236328,26.219999313354492,25.940000534057617,26.09000015258789,422180.0
2025-12-09T09:30:00-05:00,26.09000015258789,27.579999923706055,26.049999237060547,27.549999237060547,779560.0
2025-12-09T10:30:00-05:00,27.540000915527344,29.084999084472656,27.479999542236328,28.793500900268555,1545855.0
2025-12-09T11:30:00-05:00,28.793500900268555,29.25,28.690000534057617,28.8700008392334,1082042.0
2025-12-09T12:30:00-05:00,28.8700008392334,29.329999923706055,28.649999618530273,29.30500030517578,688405.0
2025-12-09T13:30:00-05:00,29.309999465942383,29.350000381469727,28.739999771118164,28.950000762939453,432528.0
2025-12-09T14:30:00-05:00,28.950000762939453,29.71500015258789,28.950000762939453,29.381000518798828,767729.0
2025-12-09T15:30:00-05:00,29.3799991607666,29.59000015258789,26.09000015258789,29.420000076293945,760440.0
2025-12-10T09:30:00-05:00,28.670000076293945,29.12019920349121,28.270000457763672,28.739999771118164,821574.0
2025-12-10T10:30:00-05:00,28.700000762939453,29.030000686645508,28.59000015258789,28.940000534057617,296433.0
2025-12-10T11:30:00-05:00,28.90999984741211,28.90999984741211,28.649999618530273,28.790000915527344,279360.0
2025-12-10T12:30:00-05:00,28.774999618530273,29.350000381469727,28.760000228881836,29.239999771118164,403393.0
2025-12-10T13:30:00-05:00,29.229999542236328,30.1299991607666,29.200000762939453,29.700000762939453,1119416.0
2025-12-10T14:30:00-05:00,29.674999237060547,30.079999923706055,29.360000610351562,29.854999542236328,1119969.0
2025-12-10T15:30:00-05:00,29.850000381469727,29.93000030517578,29.469999313354492,29.510000228881836,2636371.0
2025-12-11T09:30:00-05:00,28.704999923706055,29.18000030517578,28.18000030517578,28.895000457763672,885739.0
2025-12-11T10:30:00-05:00,28.895000457763672,28.959999084472656,28.3700008392334,28.489999771118164,246735.0
2025-12-11T11:30:00-05:00,28.530000686645508,29.1200008392334,28.440000534057617,28.982900619506836,237584.0
2025-12-11T12:30:00-05:00,28.98069953918457,29.036500930786133,28.850000381469727,28.934999465942383,193451.0
2025-12-11T13:30:00-05:00,28.90999984741211,29.16349983215332,28.84000015258789,29.079999923706055,235174.0
2025-12-11T14:30:00-05:00,29.100000381469727,29.639999389648438,29.100000381469727,29.610000610351562,344200.0
2025-12-11T15:30:00-05:00,29.611000061035156,29.979999542236328,29.600000381469727,29.850000381469727,482254.0
2025-12-12T09:30:00-05:00,30.190000534057617,30.290000915527344,28.799999237060547,28.889999389648438,864675.0
2025-12-12T10:30:00-05:00,28.850000381469727,29.20989990234375,27.829999923706055,28.100000381469727,1917500.0
2025-12-12T11:30:00-05:00,28.079999923706055,28.079999923706055,27.225000381469727,27.579999923706055,221583.0
2025-12-12T12:30:00-05:00,27.600000381469727,27.969999313354492,27.344999313354492,27.825000762939453,380799.0
2025-12-12T13:30:00-05:00,27.829999923706055,27.989999771118164,27.5,27.575000762939453,287437.0
2025-12-12T14:30:00-05:00,27.579999923706055,27.719999313354492,27.325000762939453,27.34000015258789,382367.0
2025-12-12T15:30:00-05:00,27.344999313354492,27.399999618530273,26.729999542236328,26.729999542236328,1144596.0
2025-12-15T09:30:00-05:00,26.762699127197266,26.899999618530273,24.739999771118164,24.809999465942383,2180729.0
2025-12-15T10:30:00-05:00,24.809999465942383,25.6299991607666,24.700000762939453,24.850099563598633,1242277.0
2025-12-15T11:30:00-05:00,24.8700008392334,24.885000228881836,24.40999984741211,24.610000610351562,755600.0
2025-12-15T12:30:00-05:00,24.600000381469727,24.790000915527344,24.270000457763672,24.34000015258789,802083.0
2025-12-15T13:30:00-05:00,24.34000015258789,25.0,24.16010093688965,24.770000457763672,648392.0
2025-12-15T14:30:00-05:00,24.770000457763672,24.9950008392334,24.575000762939453,24.729999542236328,1506718.0
2025-12-15T15:30:00-05:00,24.729999542236328,24.889999389648438,24.441200256347656,24.540000915527344,1303715.0
2025-12-16T09:30:00-05:00,24.549999237060547,25.359899520874023,24.489999771118164,24.850099563598633,884542.0
2025-12-16T10:30:00-05:00,24.860000610351562,25.18000030517578,24.649999618530273,24.829999923706055,584195.0
2025-12-16T11:30:00-05:00,24.81999969482422,24.920000076293945,24.545000076293945,24.545000076293945,391759.0
2025-12-16T12:30:00-05:00,24.559999465942383,24.604999542236328,24.209999084472656,24.410999298095703,483396.0
2025-12-16T13:30:00-05:00,24.43000030517578,24.479999542236328,24.059999465942383,24.139999389648438,719249.0
2025-12-16T14:30:00-05:00,24.155000686645508,24.420000076293945,23.979999542236328,24.385799407958984,639039.0
2025-12-16T15:30:00-05:00,24.385000228881836,24.469999313354492,24.27989959716797,24.295000076293945,757825.0
2025-12-17T09:30:00-05:00,24.399999618530273,25.170000076293945,24.280000686645508,24.709999084472656,1011469.0
2025-12-17T10:30:00-05:00,24.719999313354492,24.809999465942383,23.784799575805664,23.889999389648438,793938.0
2025-12-17T11:30:00-05:00,23.8799991607666,23.8799991607666,23.56999969482422,23.690000534057617,755628.0
2025-12-17T12:30:00-05:00,23.690000534057617,23.809999465942383,23.524999618530273,23.59000015258789,411432.0
2025-12-17T13:30:00-05:00,23.610000610351562,23.6299991607666,23.18000030517578,23.290000915527344,484826.0
2025-12-17T14:30:00-05:00,23.290000915527344,23.329999923706055,22.809999465942383,22.940000534057617,858056.0
2025-12-17T15:30:00-05:00,22.940000534057617,22.940000534057617,22.690000534057617,22.809999465942383,921862.0
2025-12-18T09:30:00-05:00,23.252599716186523,23.850000381469727,22.8700008392334,23.40999984741211,1039021.0
2025-12-18T10:30:00-05:00,23.40999984741211,23.655000686645508,22.850000381469727,22.90999984741211,671653.0
2025-12-18T11:30:00-05:00,22.920000076293945,23.040000915527344,22.549999237060547,22.674999237060547,499495.0
2025-12-18T12:30:00-05:00,22.674999237060547,22.969999313354492,22.649999618530273,22.770000457763672,442052.0
2025-12-18T13:30:00-05:00,22.790000915527344,22.91990089416504,22.639999389648438,22.75,227159.0
2025-12-18T14:30:00-05:00,22.739999771118164,22.790000915527344,22.360000610351562,22.5,577441.0
2025-12-18T15:30:00-05:00,22.489999771118164,22.65999984741211,22.420000076293945,22.489999771118164,728305.0
2025-12-19T09:30:00-05:00,22.8799991607666,24.0,22.8799991607666,23.3700008392334,1255432.0
2025-12-19T10:30:00-05:00,23.350000381469727,23.6200008392334,23.229999542236328,23.555500030517578,392923.0
2025-12-19T11:30:00-05:00,23.549999237060547,23.709999084472656,23.382699966430664,23.649999618530273,552027.0
2025-12-19T12:30:00-05:00,23.649999618530273,23.704999923706055,23.479999542236328,23.670000076293945,425593.0
2025-12-19T13:30:00-05:00,23.670000076293945,23.739900588989258,23.489999771118164,23.709999084472656,371150.0
2025-12-19T14:30:00-05:00,23.719999313354492,23.94499969482422,23.6200008392334,23.940000534057617,464436.0
2025-12-19T15:30:00-05:00,23.93000030517578,24.219999313354492,23.8435001373291,24.020000457763672,693708.0
2025-12-22T09:30:00-05:00,24.510000228881836,25.43000030517578,24.229999542236328,25.18000030517578,1040865.0
2025-12-22T10:30:00-05:00,25.170000076293945,25.31999969482422,24.809999465942383,25.2549991607666,480095.0
2025-12-22T11:30:00-05:00,25.25,25.34000015258789,25.079999923706055,25.149999618530273,254097.0
2025-12-22T12:30:00-05:00,25.15839958190918,25.219999313354492,24.93000030517578,25.020000457763672,256673.0
2025-12-22T13:30:00-05:00,25.030000686645508,25.079999923706055,24.75,24.844999313354492,226377.0
2025-12-22T14:30:00-05:00,24.860000610351562,24.959999084472656,24.53499984741211,24.59000015258789,410938.0
2025-12-22T15:30:00-05:00,24.600000381469727,24.665000915527344,24.47260093688965,24.6200008392334,433631.0
2025-12-23T09:30:00-05:00,24.2450008392334,24.690000534057617,24.149999618530273,24.610000610351562,388862.0
2025-12-23T10:30:00-05:00,24.639999389648438,24.73189926147461,24.430099487304688,24.520000457763672,184088.0
2025-12-23T11:30:00-05:00,24.510000228881836,24.739999771118164,24.40999984741211,24.540000915527344,181632.0
2025-12-23T12:30:00-05:00,24.53499984741211,24.579999923706055,24.364999771118164,24.510000228881836,154979.0
2025-12-23T13:30:00-05:00,24.510000228881836,24.729999542236328,24.5,24.604999542236328,182820.0
2025-12-23T14:30:00-05:00,24.610000610351562,24.739999771118164,24.459999084472656,24.640199661254883,334481.0
2025-12-23T15:30:00-05:00,24.63990020751953,24.63990020751953,24.40999984741211,24.610000610351562,470813.0
2025-12-24T09:30:00-05:00,24.5,24.56999969482422,24.010000228881836,24.1200008392334,410406.0
2025-12-24T10:30:00-05:00,24.1299991607666,24.3700008392334,24.1200008392334,24.180200576782227,185860.0
2025-12-24T11:30:00-05:00,24.190000534057617,24.420000076293945,24.18000030517578,24.350000381469727,267270.0
2025-12-26T09:30:00-05:00,24.59000015258789,24.6299991607666,23.510000228881836,23.725000381469727,509214.0
2025-12-26T10:30:00-05:00,23.725000381469727,23.75,23.4507999420166,23.540000915527344,239973.0
2025-12-26T11:30:00-05:00,23.53499984741211,23.608299255371094,23.350000381469727,23.55500030517578,331194.0
2025-12-26T12:30:00-05:00,23.600000381469727,23.659900665283203,23.5,23.610000610351562,199559.0
2025-12-26T13:30:00-05:00,23.600000381469727,23.68000030517578,23.479999542236328,23.520000457763672,163747.0
2025-12-26T14:30:00-05:00,23.510099411010742,23.639999389648438,23.43000030517578,23.6299991607666,171395.0
2025-12-26T15:30:00-05:00,23.6299991607666,23.639999389648438,23.3700008392334,23.395000457763672,310016.0
2025-12-29T09:30:00-05:00,23.25,24.290000915527344,23.139999389648438,23.489999771118164,642412.0
2025-12-29T10:30:00-05:00,23.469999313354492,23.509000778198242,23.2549991607666,23.290000915527344,197583.0
2025-12-29T11:30:00-05:00,23.309999465942383,23.389999389648438,23.15999984741211,23.170000076293945,146762.0
2025-12-29T12:30:00-05:00,23.18000030517578,23.334999084472656,23.18000030517578,23.270000457763672,222748.0
2025-12-29T13:30:00-05:00,23.280000686645508,23.309999465942383,23.010000228881836,23.1200008392334,199574.0
2025-12-29T14:30:00-05:00,23.1200008392334,23.2549991607666,23.06999969482422,23.15999984741211,209364.0
2025-12-29T15:30:00-05:00,23.15999984741211,23.18000030517578,23.020000457763672,23.149999618530273,525522.0
2025-12-30T09:30:00-05:00,23.25,23.379899978637695,23.020000457763672,23.09000015258789,362852.0
2025-12-30T10:30:00-05:00,23.09000015258789,23.270000457763672,23.020000457763672,23.100000381469727,229653.0
2025-12-30T11:30:00-05:00,23.09000015258789,23.109899520874023,22.899999618530273,22.920000076293945,270441.0
2025-12-30T12:30:00-05:00,22.920000076293945,22.979999542236328,22.850000381469727,22.905000686645508,211940.0
2025-12-30T13:30:00-05:00,22.91550064086914,22.959999084472656,22.79010009765625,22.889999389648438,239142.0
2025-12-30T14:30:00-05:00,22.895000457763672,22.96500015258789,22.625999450683594,22.709999084472656,295968.0
2025-12-30T15:30:00-05:00,22.70639991760254,22.790000915527344,22.6299991607666,22.780000686645508,579818.0
2025-12-31T09:30:00-05:00,22.84000015258789,23.079999923706055,22.520000457763672,22.610000610351562,319187.0
2025-12-31T10:30:00-05:00,22.624799728393555,22.739999771118164,22.549999237060547,22.549999237060547,218070.0
2025-12-31T11:30:00-05:00,22.551000595092773,22.617799758911133,22.47010040283203,22.524999618530273,280160.0
2025-12-31T12:30:00-05:00,22.520099639892578,22.575000762939453,22.454999923706055,22.469999313354492,358532.0
2025-12-31T13:30:00-05:00,22.479999542236328,22.735000610351562,22.390600204467773,22.520000457763672,380231.0
2025-12-31T14:30:00-05:00,22.522300720214844,22.540000915527344,22.270000457763672,22.350000381469727,325779.0
2025-12-31T15:30:00-05:00,22.350000381469727,22.450000762939453,22.25,22.3799991607666,457692.0
2026-01-02T09:30:00-05:00,22.889999389648438,23.540000915527344,22.40999984741211,23.5,753962.0
2026-01-02T10:30:00-05:00,23.492000579833984,24.469999313354492,23.489999771118164,24.405000686645508,741117.0
2026-01-02T11:30:00-05:00,24.40999984741211,24.520000457763672,24.049999237060547,24.149999618530273,458198.0
2026-01-02T12:30:00-05:00,24.15999984741211,24.53499984741211,24.1200008392334,24.454999923706055,425501.0
2026-01-02T13:30:00-05:00,24.45009994506836,24.864999771118164,24.40999984741211,24.790000915527344,353691.0
2026-01-02T14:30:00-05:00,24.78499984741211,24.882999420166016,24.729999542236328,24.829999923706055,328562.0
2026-01-02T15:30:00-05:00,24.834999084472656,24.875,24.690000534057617,24.770000457763672,617520.0
2026-01-05T09:30:00-05:00,25.299999237060547,26.519899368286133,25.25,26.309999465942383,970044.0
2026-01-05T10:30:00-05:00,26.309999465942383,26.479999542236328,26.120399475097656,26.440000534057617,449707.0
2026-01-05T11:30:00-05:00,26.449100494384766,26.520000457763672,26.170000076293945,26.270000457763672,385625.0
2026-01-05T12:30:00-05:00,26.280000686645508,26.610000610351562,26.260000228881836,26.454999923706055,465390.0
2026-01-05T13:30:00-05:00,26.440000534057617,27.020000457763672,26.3799991607666,26.981599807739258,441142.0
2026-01-05T14:30:00-05:00,26.969999313354492,27.020000457763672,26.33099937438965,26.458999633789062,897510.0
2026-01-05T15:30:00-05:00,26.450000762939453,26.454999923706055,26.1742000579834,26.280000686645508,711401.0
2026-01-06T09:30:00-05:00,26.674999237060547,27.149900436401367,26.020000457763672,26.389999389648438,500455.0
2026-01-06T10:30:00-05:00,26.3799991607666,26.389999389648438,25.869199752807617,25.8799991607666,343916.0
2026-01-06T11:30:00-05:00,25.862300872802734,25.950000762939453,25.7549991607666,25.808700561523438,266781.0
2026-01-06T12:30:00-05:00,25.809999465942383,25.81800079345703,25.2549991607666,25.350000381469727,331596.0
2026-01-06T13:30:00-05:00,25.3799991607666,26.06999969482422,25.3700008392334,26.040000915527344,334399.0
2026-01-06T14:30:00-05:00,26.049999237060547,26.287900924682617,25.899999618530273,26.270000457763672,334593.0
2026-01-06T15:30:00-05:00,26.260000228881836,26.329999923706055,26.110000610351562,26.14900016784668,182497.0
2026-01-07T09:30:00-05:00,25.600000381469727,26.325000762939453,25.510000228881836,26.079999923706055,453318.0
2026-01-07T10:30:00-05:00,26.079999923706055,26.315000534057617,26.014999389648438,26.25,267408.0
2026-01-07T11:30:00-05:00,26.25200080871582,26.489999771118164,26.079999923706055,26.079999923706055,186997.0
2026-01-07T12:30:00-05:00,26.059999465942383,26.295000076293945,25.81999969482422,25.850000381469727,236794.0
2026-01-07T13:30:00-05:00,25.8799991607666,25.93000030517578,25.579999923706055,25.799999237060547,196997.0
2026-01-07T14:30:00-05:00,25.84000015258789,25.93000030517578,25.636600494384766,25.649999618530273,262997.0
2026-01-07T15:30:00-05:00,25.65999984741211,25.684999465942383,25.510000228881836,25.520000457763672,390405.0
2026-01-08T09:30:00-05:00,25.334999084472656,25.774999618530273,24.8700008392334,25.760000228881836,467855.0
2026-01-08T10:30:00-05:00,25.765499114990234,25.940000534057617,25.399999618530273,25.780000686645508,309575.0
2026-01-08T11:30:00-05:00,25.809999465942383,26.219999313354492,25.690000534057617,25.950000762939453,295229.0
2026-01-08T12:30:00-05:00,25.979999542236328,26.209999084472656,25.739999771118164,25.87809944152832,182903.0
2026-01-08T13:30:00-05:00,25.87980079650879,25.959999084472656,25.65999984741211,25.760000228881836,137206.0
2026-01-08T14:30:00-05:00,25.770000457763672,25.860000610351562,25.260000228881836,25.290000915527344,179645.0
2026-01-08T15:30:00-05:00,25.299999237060547,25.559999465942383,25.270000457763672,25.5049991607666,283156.0
2026-01-09T09:30:00-05:00,26.100000381469727,26.239999771118164,24.881399154663086,25.90999984741211,459366.0
2026-01-09T10:30:00-05:00,25.950000762939453,26.145000457763672,25.450000762939453,25.4950008392334,456990.0
2026-01-09T11:30:00-05:00,25.514999389648438,25.6200008392334,25.44499969482422,25.479999542236328,189202.0
2026-01-09T12:30:00-05:00,25.479999542236328,25.56999969482422,25.240100860595703,25.264999389648438,178095.0
2026-01-09T13:30:00-05:00,25.280000686645508,25.510000228881836,25.170000076293945,25.250200271606445,264879.0
2026-01-09T14:30:00-05:00,25.25,25.280000686645508,24.889999389648438,24.940000534057617,303899.0
2026-01-09T15:30:00-05:00,24.940000534057617,25.114299774169922,24.920000076293945,24.93000030517578,433908.0
2026-01-12T09:30:00-05:00,25.0,25.270000457763672,24.6200008392334,25.24250030517578,569115.0
2026-01-12T10:30:00-05:00,25.235000610351562,25.770000457763672,25.110000610351562,25.770000457763672,410553.0
2026-01-12T11:30:00-05:00,25.760099411010742,25.83180046081543,25.450000762939453,25.489999771118164,282293.0
2026-01-12T12:30:00-05:00,25.48900032043457,25.600000381469727,25.31999969482422,25.59000015258789,178290.0
2026-01-12T13:30:00-05:00,25.579999923706055,25.700000762939453,25.469999313354492,25.5137996673584,226179.0
2026-01-12T14:30:00-05:00,25.530000686645508,25.75,25.440000534057617,25.655000686645508,286754.0
2026-01-12T15:30:00-05:00,25.639999389648438,25.639999389648438,25.469999313354492,25.469999313354492,381848.0
2026-01-13T09:30:00-05:00,25.610000610351562,26.280000686645508,25.479999542236328,25.940000534057617,611048.0
2026-01-13T10:30:00-05:00,25.940000534057617,26.510000228881836,25.8700008392334,26.190000534057617,531163.0
2026-01-13T11:30:00-05:00,26.18000030517578,26.350000381469727,26.114999771118164,26.280000686645508,334546.0
2026-01-13T12:30:00-05:00,26.280000686645508,26.3799991607666,26.059999465942383,26.19499969482422,306574.0
2026-01-13T13:30:00-05:00,26.209999084472656,26.5049991607666,26.18000030517578,26.440000534057617,281960.0
2026-01-13T14:30:00-05:00,26.450000762939453,27.059999465942383,26.43000030517578,26.649999618530273,717347.0
2026-01-13T15:30:00-05:00,26.639999389648438,26.85460090637207,26.489999771118164,26.790000915527344,683683.0
2026-01-14T09:30:00-05:00,26.934999465942383,27.90999984741211,26.270000457763672,27.7549991607666,1599502.0
2026-01-14T10:30:00-05:00,27.731399536132812,28.1200008392334,27.049999237060547,27.985000610351562,745473.0
2026-01-14T11:30:00-05:00,27.969999313354492,28.139999389648438,27.31999969482422,27.729999542236328,790784.0
2026-01-14T12:30:00-05:00,27.719999313354492,27.719999313354492,27.1200008392334,27.59000015258789,749919.0
2026-01-14T13:30:00-05:00,27.610000610351562,28.010000228881836,27.3700008392334,27.885000228881836,468749.0
2026-01-14T14:30:00-05:00,27.899999618530273,28.110000610351562,27.670000076293945,27.900100708007812,567315.0
2026-01-14T15:30:00-05:00,27.889999389648438,28.270000457763672,27.854999542236328,28.18000030517578,871106.0
2026-01-15T09:30:00-05:00,30.035999298095703,30.280000686645508,28.920000076293945,30.1200008392334,3087604.0
2026-01-15T10:30:00-05:00,30.09000015258789,31.15999984741211,29.93000030517578,31.024999618530273,2046597.0
2026-01-15T11:30:00-05:00,31.024599075317383,31.760000228881836,31.024599075317383,31.729999542236328,2006703.0
2026-01-15T12:30:00-05:00,31.75,32.38999938964844,31.220699310302734,32.12990188598633,2266631.0
2026-01-15T13:30:00-05:00,32.1349983215332,32.88999938964844,32.02000045776367,32.560001373291016,1654408.0
2026-01-15T14:30:00-05:00,32.56999969482422,32.56999969482422,31.5,31.729999542236328,2099697.0
2026-01-15T15:30:00-05:00,31.725000381469727,32.119998931884766,31.684999465942383,31.985000610351562,1690055.0
2026-01-16T09:30:00-05:00,32.939998626708984,34.14500045776367,32.380001068115234,34.1150016784668,3747172.0
2026-01-16T10:30:00-05:00,34.11000061035156,34.36000061035156,33.209999084472656,34.349998474121094,1425033.0
2026-01-16T11:30:00-05:00,34.349998474121094,34.65999984741211,33.75,33.869998931884766,1992991.0
2026-01-16T12:30:00-05:00,33.869998931884766,34.54999923706055,33.85900115966797,34.529998779296875,516383.0
2026-01-16T13:30:00-05:00,34.52000045776367,34.72999954223633,34.040000915527344,34.09000015258789,815400.0
2026-01-16T14:30:00-05:00,34.099998474121094,34.380001068115234,33.560001373291016,33.90999984741211,901869.0
2026-01-16T15:30:00-05:00,33.869998931884766,34.400001525878906,33.72999954223633,34.29999923706055,1205414.0
2026-01-20T09:30:00-05:00,31.522499084472656,33.40999984741211,31.399999618530273,32.845001220703125,2029643.0
2026-01-20T10:30:00-05:00,32.83000183105469,33.75,32.790000915527344,33.560001373291016,811091.0
2026-01-20T11:30:00-05:00,33.56999969482422,33.599998474121094,32.849998474121094,33.01300048828125,537912.0
2026-01-20T12:30:00-05:00,33.0099983215332,33.0099983215332,32.084999084472656,32.244998931884766,631135.0
2026-01-20T13:30:00-05:00,32.25,32.5,31.790000915527344,31.969999313354492,681128.0
2026-01-20T14:30:00-05:00,31.959999084472656,32.435001373291016,31.459999084472656,32.43000030517578,762445.0
2026-01-20T15:30:00-05:00,32.439998626708984,32.439998626708984,32.04999923706055,32.099998474121094,519007.0
2026-01-21T09:30:00-05:00,32.2599983215332,33.599998474121094,31.747499465942383,32.91999816894531,998495.0
2026-01-21T10:30:00-05:00,32.939998626708984,33.21989822387695,32.1609001159668,32.380001068115234,567225.0
2026-01-21T11:30:00-05:00,32.36000061035156,32.36000061035156,30.969999313354492,31.075000762939453,1160040.0
2026-01-21T12:30:00-05:00,31.059999465942383,31.3799991607666,30.729999542236328,31.0575008392334,589790.0
2026-01-21T13:30:00-05:00,31.049999237060547,32.13999938964844,30.850000381469727,31.885000228881836,450674.0
2026-01-21T14:30:00-05:00,31.860000610351562,32.44499969482422,31.729999542236328,32.060001373291016,743052.0
2026-01-21T15:30:00-05:00,32.04499816894531,32.52000045776367,31.950000762939453,32.470001220703125,410266.0
2026-01-22T09:30:00-05:00,33.11000061035156,33.1260986328125,30.989999771118164,31.014999389648438,776778.0
2026-01-22T10:30:00-05:00,31.0,31.440000534057617,30.80500030517578,31.0,452756.0
2026-01-22T11:30:00-05:00,31.014999389648438,31.229999542236328,30.780000686645508,30.90999984741211,317695.0
2026-01-22T12:30:00-05:00,30.90999984741211,31.229999542236328,30.719999313354492,30.84000015258789,236667.0
2026-01-22T13:30:00-05:00,30.84000015258789,30.940000534057617,30.329999923706055,30.59000015258789,602811.0
2026-01-22T14:30:00-05:00,30.579999923706055,31.079099655151367,30.579999923706055,30.6200008392334,787701.0
2026-01-22T15:30:00-05:00,30.610000610351562,30.93000030517578,30.560100555419922,30.90999984741211,438376.0
2026-01-23T09:30:00-05:00,30.329999923706055,31.299999237060547,29.670000076293945,31.139999389648438,1254574.0
2026-01-23T10:30:00-05:00,31.149999618530273,31.71980094909668,31.125,31.665000915527344,418761.0
2026-01-23T11:30:00-05:00,31.610000610351562,32.459999084472656,31.540000915527344,32.459999084472656,435436.0
2026-01-23T12:30:00-05:00,32.459999084472656,32.900001525878906,32.060001373291016,32.31999969482422,714217.0
2026-01-23T13:30:00-05:00,32.310001373291016,32.41999816894531,32.06999969482422,32.209999084472656,464905.0
2026-01-23T14:30:00-05:00,32.189998626708984,32.34000015258789,31.979999542236328,32.040000915527344,331760.0
2026-01-23T15:30:00-05:00,32.029998779296875,32.18000030517578,31.770000457763672,31.915000915527344,510103.0
2026-01-26T09:30:00-05:00,31.540000915527344,32.669898986816406,31.260000228881836,31.799999237060547,748697.0
2026-01-26T10:30:00-05:00,31.790000915527344,31.790000915527344,31.1200008392334,31.340299606323242,335962.0
2026-01-26T11:30:00-05:00,31.389999389648438,31.55500030517578,31.229999542236328,31.389999389648438,411709.0
2026-01-26T12:30:00-05:00,31.389999389648438,31.635000228881836,31.280000686645508,31.6299991607666,160073.0
2026-01-26T13:30:00-05:00,31.610000610351562,31.850000381469727,31.309999465942383,31.399999618530273,239016.0
2026-01-26T14:30:00-05:00,31.3799991607666,31.420000076293945,30.969999313354492,31.200000762939453,297182.0
2026-01-26T15:30:00-05:00,31.18000030517578,31.309999465942383,31.059999465942383,31.270099639892578,395804.0
2026-01-27T09:30:00-05:00,31.719999313354492,32.29499816894531,31.110000610351562,31.65999984741211,564960.0
2026-01-27T10:30:00-05:00,31.68000030517578,32.61000061035156,31.229999542236328,32.060001373291016,808242.0
2026-01-27T11:30:00-05:00,32.07500076293945,32.46500015258789,31.6299991607666,32.060001373291016,660354.0
2026-01-27T12:30:00-05:00,32.04999923706055,32.29750061035156,31.860000610351562,32.034000396728516,311506.0
2026-01-27T13:30:00-05:00,32.04999923706055,32.775001525878906,32.04999923706055,32.619998931884766,437479.0
2026-01-27T14:30:00-05:00,32.61009979248047,33.15999984741211,32.58000183105469,32.98500061035156,692295.0
2026-01-27T15:30:00-05:00,32.959999084472656,33.20500183105469,32.3400993347168,33.18000030517578,965161.0
2026-01-28T09:30:00-05:00,33.599998474121094,33.70000076293945,32.000999450683594,32.08380126953125,1045632.0
2026-01-28T10:30:00-05:00,32.099998474121094,32.22999954223633,31.68000030517578,31.950000762939453,474874.0
2026-01-28T11:30:00-05:00,31.924999237060547,32.08000183105469,31.670000076293945,31.760000228881836,282562.0
2026-01-28T12:30:00-05:00,31.729999542236328,31.920000076293945,31.3700008392334,31.860000610351562,495890.0
2026-01-28T13:30:00-05:00,31.860000610351562,32.33000183105469,31.510000228881836,31.510000228881836,548451.0
2026-01-28T14:30:00-05:00,31.510000228881836,32.209999084472656,31.239999771118164,31.75,923272.0
2026-01-28T15:30:00-05:00,31.729999542236328,32.05500030517578,31.649999618530273,31.920000076293945,735388.0
2026-01-29T09:30:00-05:00,30.98900032043457,31.489999771118164,29.93000030517578,29.950000762939453,915641.0
2026-01-29T10:30:00-05:00,29.954999923706055,30.170000076293945,29.170000076293945,29.579999923706055,742277.0
2026-01-29T11:30:00-05:00,29.600000381469727,30.56999969482422,29.43000030517578,30.479999542236328,374093.0
2026-01-29T12:30:00-05:00,30.469999313354492,30.635000228881836,30.116199493408203,30.280000686645508,238074.0
2026-01-29T13:30:00-05:00,30.209999084472656,30.209999084472656,29.639999389648438,29.817399978637695,292165.0
2026-01-29T14:30:00-05:00,29.809999465942383,29.84000015258789,29.299999237060547,29.510000228881836,417196.0
2026-01-29T15:30:00-05:00,29.520000457763672,30.010000228881836,29.450000762939453,29.979999542236328,653360.0
2026-01-30T09:30:00-05:00,29.094999313354492,30.010000228881836,28.6200008392334,28.650699615478516,674516.0
2026-01-30T10:30:00-05:00,28.65999984741211,28.65999984741211,28.530099868774414,28.549999237060547,62688.0
2026-02-02T13:30:00-05:00,27.239999771118164,27.239999771118164,26.860000610351562,27.114999771118164,3945036.0
2026-02-02T14:30:00-05:00,27.1200008392334,27.329999923706055,26.6299991607666,26.655000686645508,1209922.0
2026-02-02T15:30:00-05:00,26.655000686645508,26.690000534057617,26.399999618530273,26.459999084472656,3759053.0
2026-02-03T09:30:00-05:00,25.229999542236328,25.959999084472656,22.479999542236328,23.545000076293945,4031959.0
2026-02-03T10:30:00-05:00,23.559999465942383,23.665000915527344,22.270099639892578,22.280000686645508,1645915.0
2026-02-03T11:30:00-05:00,22.270000457763672,22.729999542236328,21.489999771118164,21.749900817871094,1781791.0
2026-02-03T12:30:00-05:00,21.739999771118164,21.780000686645508,20.950000762939453,21.434999465942383,1752496.0
2026-02-03T13:30:00-05:00,21.434999465942383,21.514999389648438,20.81999969482422,21.145000457763672,1425572.0
2026-02-03T14:30:00-05:00,21.149999618530273,21.549999237060547,20.860000610351562,21.198299407958984,1125425.0
2026-02-03T15:30:00-05:00,21.200000762939453,22.020000457763672,21.15999984741211,21.969999313354492,1431312.0
2026-02-04T09:30:00-05:00,21.510000228881836,21.7450008392334,20.3700008392334,21.139999389648438,3360701.0
2026-02-04T10:30:00-05:00,21.149999618530273,21.260000228881836,20.579999923706055,20.760000228881836,0.0
2026-02-04T11:30:00-05:00,20.760000228881836,20.860000610351562,20.200000762939453,20.219999313354492,1016238.0
2026-02-04T12:30:00-05:00,20.239900588989258,20.360000610351562,19.829999923706055,20.059999465942383,1103767.0
2026-02-04T13:30:00-05:00,20.049999237060547,20.05500030517578,19.719999313354492,20.014999389648438,720813.0
2026-02-04T14:30:00-05:00,20.020000457763672,20.610000610351562,20.010000228881836,20.155000686645508,1056826.0
2026-02-04T15:30:00-05:00,20.15999984741211,20.43000030517578,20.100000381469727,20.149999618530273,4593322.0
2026-02-05T09:30:00-05:00,19.21500015258789,19.93000030517578,18.47010040283203,18.545000076293945,2422074.0
2026-02-05T10:30:00-05:00,18.549999237060547,19.049999237060547,18.440000534057617,18.780000686645508,1148413.0
2026-02-05T11:30:00-05:00,18.78499984741211,18.837499618530273,18.209999084472656,18.389999389648438,698403.0
2026-02-05T12:30:00-05:00,18.3799991607666,18.59000015258789,18.010000228881836,18.014999389648438,967779.0
2026-02-05T13:30:00-05:00,18.014999389648438,18.110000610351562,17.575000762939453,17.590099334716797,1493752.0
2026-02-05T14:30:00-05:00,17.600000381469727,17.602500915527344,17.0049991607666,17.0049991607666,1842709.0
2026-02-05T15:30:00-05:00,17.010000228881836,17.030000686645508,16.67009925842285,16.81999969482422,1675365.0
2026-02-06T09:30:00-05:00,19.625,19.934999465942383,18.899999618530273,19.929399490356445,3208781.0
2026-02-06T10:30:00-05:00,19.920000076293945,20.170000076293945,19.579999923706055,19.735000610351562,1168416.0
2026-02-06T11:30:00-05:00,19.760000228881836,20.114999771118164,19.635000228881836,19.93000030517578,1004751.0
2026-02-06T12:30:00-05:00,19.920000076293945,20.204999923706055,19.649999618530273,19.739999771118164,729581.0
2026-02-06T13:30:00-05:00,19.760000228881836,19.899999618530273,19.58009910583496,19.790000915527344,519976.0
2026-02-06T14:30:00-05:00,19.780000686645508,20.0,19.69099998474121,19.69099998474121,748682.0
2026-02-06T15:30:00-05:00,19.68000030517578,19.8700008392334,19.59000015258789,19.7450008392334,898055.0
2026-02-09T09:30:00-05:00,19.299999237060547,21.06999969482422,19.18000030517578,20.65999984741211,1985995.0
2026-02-09T10:30:00-05:00,20.670000076293945,21.290000915527344,20.299999237060547,21.239999771118164,962468.0
2026-02-09T11:30:00-05:00,21.239999771118164,21.540000915527344,21.09000015258789,21.27039909362793,699469.0
2026-02-09T12:30:00-05:00,21.27549934387207,21.514999389648438,20.8799991607666,21.139999389648438,632096.0
2026-02-09T13:30:00-05:00,21.15999984741211,21.204999923706055,20.983299255371094,21.059999465942383,347054.0
2026-02-09T14:30:00-05:00,21.049999237060547,21.360000610351562,20.915000915527344,21.139999389648438,557951.0
2026-02-09T15:30:00-05:00,21.1299991607666,21.375,21.030000686645508,21.155000686645508,688458.0
2026-02-10T09:30:00-05:00,21.049999237060547,21.559999465942383,20.6200008392334,20.67009925842285,1149678.0
2026-02-10T10:30:00-05:00,20.670000076293945,21.209999084472656,20.670000076293945,21.024999618530273,494157.0
2026-02-10T11:30:00-05:00,21.020000457763672,21.280000686645508,20.970199584960938,21.18000030517578,359846.0
2026-02-10T12:30:00-05:00,21.170000076293945,21.450000762939453,21.020000457763672,21.045000076293945,305749.0
2026-02-10T13:30:00-05:00,21.040000915527344,21.3799991607666,20.969999313354492,21.36210060119629,314008.0
2026-02-10T14:30:00-05:00,21.399999618530273,21.479999542236328,21.200000762939453,21.209999084472656,376337.0
2026-02-10T15:30:00-05:00,21.200000762939453,21.309999465942383,21.094999313354492,21.18000030517578,773345.0
2026-02-11T09:30:00-05:00,21.06999969482422,21.579999923706055,20.350000381469727,20.5,1213771.0
2026-02-11T10:30:00-05:00,20.489999771118164,20.844999313354492,20.3700008392334,20.5,509393.0
2026-02-11T11:30:00-05:00,20.5049991607666,20.540000915527344,20.040000915527344,20.299999237060547,1749374.0
2026-02-11T12:30:00-05:00,20.299999237060547,20.489999771118164,20.079999923706055,20.149999618530273,0.0
2026-02-11T13:30:00-05:00,20.149999618530273,20.479999542236328,19.979999542236328,20.43000030517578,459605.0
2026-02-11T14:30:00-05:00,20.434999465942383,20.489999771118164,20.229999542236328,20.3700008392334,610117.0
2026-02-11T15:30:00-05:00,20.360000610351562,20.635000228881836,20.344999313354492,20.3799991607666,606588.0
2026-02-12T09:30:00-05:00,20.3700008392334,21.06999969482422,20.350000381469727,20.510000228881836,558282.0
2026-02-12T10:30:00-05:00,20.510000228881836,20.614999771118164,19.940000534057617,19.940000534057617,497563.0
2026-02-12T11:30:00-05:00,19.950000762939453,20.350000381469727,19.920000076293945,20.010000228881836,788881.0
2026-02-12T12:30:00-05:00,20.014999389648438,20.360000610351562,19.920000076293945,20.184999465942383,632831.0
2026-02-12T13:30:00-05:00,20.190000534057617,20.360000610351562,20.030000686645508,20.229999542236328,419191.0
2026-02-12T14:30:00-05:00,20.239999771118164,20.6200008392334,20.209999084472656,20.25,476227.0
2026-02-12T15:30:00-05:00,20.260000228881836,20.469999313354492,20.110000610351562,20.149999618530273,497311.0
2026-02-13T09:30:00-05:00,20.399999618530273,21.40999984741211,20.240100860595703,21.329999923706055,688778.0
2026-02-13T10:30:00-05:00,21.329999923706055,21.63990020751953,21.059999465942383,21.34000015258789,415584.0
2026-02-13T11:30:00-05:00,21.3700008392334,21.56999969482422,21.290000915527344,21.479999542236328,433548.0
2026-02-13T12:30:00-05:00,21.489999771118164,21.584999084472656,21.190000534057617,21.219999313354492,443880.0
2026-02-13T13:30:00-05:00,21.229999542236328,21.59000015258789,21.219999313354492,21.34000015258789,380582.0
2026-02-13T14:30:00-05:00,21.337200164794922,21.704999923706055,21.270000457763672,21.5,582957.0
2026-02-13T15:30:00-05:00,21.510000228881836,21.68000030517578,21.45199966430664,21.66900062561035,671191.0
2026-02-17T09:30:00-05:00,21.31999969482422,21.65999984741211,20.74250030517578,20.790000915527344,996632.0
2026-02-17T10:30:00-05:00,20.81999969482422,21.3700008392334,20.760000228881836,21.16119956970215,425122.0
2026-02-17T11:30:00-05:00,21.15999984741211,21.290000915527344,20.790000915527344,20.90999984741211,293217.0
2026-02-17T12:30:00-05:00,20.915000915527344,21.139999389648438,20.670000076293945,21.100000381469727,355761.0
2026-02-17T13:30:00-05:00,21.09000015258789,21.350000381469727,21.059999465942383,21.18000030517578,356716.0
2026-02-17T14:30:00-05:00,21.190000534057617,21.31999969482422,21.139999389648438,21.165000915527344,386955.0
2026-02-17T15:30:00-05:00,21.149999618530273,21.329999923706055,21.09000015258789,21.325000762939453,1823354.0
2026-02-18T09:30:00-05:00,21.489999771118164,22.235000610351562,21.059999465942383,22.229999542236328,545016.0
2026-02-18T10:30:00-05:00,22.229999542236328,22.559999465942383,22.060699462890625,22.065000534057617,338716.0
2026-02-18T11:30:00-05:00,22.065000534057617,22.104999542236328,21.881999969482422,21.899999618530273,265253.0
2026-02-18T12:30:00-05:00,21.899999618530273,22.0,21.829999923706055,21.9950008392334,234004.0
2026-02-18T13:30:00-05:00,21.9950008392334,22.06999969482422,21.809999465942383,21.920000076293945,411102.0
2026-02-18T14:30:00-05:00,21.93000030517578,21.93000030517578,21.399999618530273,21.5049991607666,491355.0
2026-02-18T15:30:00-05:00,21.5,21.8799991607666,21.440000534057617,21.719999313354492,663982.0
2026-02-19T09:30:00-05:00,21.43000030517578,21.559999465942383,20.8799991607666,21.219999313354492,408260.0
2026-02-19T10:30:00-05:00,21.239999771118164,21.575000762939453,21.170000076293945,21.239999771118164,191909.0
2026-02-19T11:30:00-05:00,21.239999771118164,21.469999313354492,21.15999984741211,21.31999969482422,140938.0
2026-02-19T12:30:00-05:00,21.30500030517578,21.344999313354492,21.0,21.1200008392334,182482.0
2026-02-19T13:30:00-05:00,21.125,21.299999237060547,21.079999923706055,21.139999389648438,350874.0
2026-02-19T14:30:00-05:00,21.149999618530273,21.389999389648438,21.139999389648438,21.34000015258789,272803.0
2026-02-19T15:30:00-05:00,21.329999923706055,21.700000762939453,21.260000228881836,21.6200008392334,421877.0
2026-02-20T09:30:00-05:00,21.479999542236328,22.350000381469727,21.360000610351562,22.030000686645508,637524.0
2026-02-20T10:30:00-05:00,22.020000457763672,22.049999237060547,21.610000610351562,21.625,291607.0
2026-02-20T11:30:00-05:00,21.610000610351562,21.719999313354492,21.0,21.100000381469727,323805.0
2026-02-20T12:30:00-05:00,21.100000381469727,21.299999237060547,20.885000228881836,20.969999313354492,363949.0
2026-02-20T13:30:00-05:00,20.959999084472656,21.43000030517578,20.899999618530273,21.030000686645508,339333.0
2026-02-20T14:30:00-05:00,21.049999237060547,21.149999618530273,21.0049991607666,21.075000762939453,282371.0
2026-02-20T15:30:00-05:00,21.06999969482422,21.2549991607666,21.010000228881836,21.200000762939453,348715.0
2026-02-23T09:30:00-05:00,20.530799865722656,20.790000915527344,20.274999618530273,20.530000686645508,596834.0
2026-02-23T10:30:00-05:00,20.549999237060547,20.719999313354492,20.135000228881836,20.43000030517578,355194.0
2026-02-23T11:30:00-05:00,20.440000534057617,20.510000228881836,20.190000534057617,20.204999923706055,265429.0
2026-02-23T12:30:00-05:00,20.201000213623047,20.469999313354492,20.03499984741211,20.350000381469727,218855.0
2026-02-23T13:30:00-05:00,20.34000015258789,20.530000686645508,20.309999465942383,20.315000534057617,138863.0
2026-02-23T14:30:00-05:00,20.325000762939453,20.530000686645508,20.1299991607666,20.21500015258789,308363.0
2026-02-23T15:30:00-05:00,20.21500015258789,20.3700008392334,20.184999465942383,20.34000015258789,688004.0
2026-02-24T09:30:00-05:00,19.920000076293945,20.670000076293945,19.920000076293945,20.65999984741211,806166.0
2026-02-24T10:30:00-05:00,20.68000030517578,20.7549991607666,20.440000534057617,20.530000686645508,325800.0
2026-02-24T11:30:00-05:00,20.520000457763672,20.725000381469727,20.389999389648438,20.549999237060547,499561.0
2026-02-24T12:30:00-05:00,20.549999237060547,20.780000686645508,20.549999237060547,20.780000686645508,241999.0
2026-02-24T13:30:00-05:00,20.770000457763672,21.239999771118164,20.764999389648438,21.170000076293945,813222.0
2026-02-24T14:30:00-05:00,21.15999984741211,21.329999923706055,21.049999237060547,21.100000381469727,403645.0
2026-02-24T15:30:00-05:00,21.1200008392334,21.587499618530273,21.1200008392334,21.540000915527344,660805.0
2026-02-25T09:30:00-05:00,22.309999465942383,22.663700103759766,22.010000228881836,22.6299991607666,724392.0
2026-02-25T10:30:00-05:00,22.59000015258789,23.170000076293945,22.56999969482422,23.100000381469727,482688.0
2026-02-25T11:30:00-05:00,23.110000610351562,23.489999771118164,23.09000015258789,23.184999465942383,472911.0
2026-02-25T12:30:00-05:00,23.19499969482422,23.34000015258789,23.030000686645508,23.239999771118164,250851.0
2026-02-25T13:30:00-05:00,23.219999313354492,23.40999984741211,23.209999084472656,23.270000457763672,414023.0
2026-02-25T14:30:00-05:00,23.25,23.459999084472656,23.049999237060547,23.049999237060547,379396.0
2026-02-25T15:30:00-05:00,23.045000076293945,23.216299057006836,22.809999465942383,22.829999923706055,556946.0
2026-02-26T09:30:00-05:00,22.549999237060547,23.18000030517578,21.969999313354492,22.030000686645508,1063029.0
2026-02-26T10:30:00-05:00,22.020000457763672,22.3799991607666,21.709999084472656,22.280000686645508,177103.0
2026-02-26T11:30:00-05:00,22.290000915527344,22.290000915527344,21.420000076293945,21.434999465942383,266708.0
2026-02-26T12:30:00-05:00,21.40999984741211,21.540000915527344,21.209999084472656,21.299999237060547,232785.0
2026-02-26T13:30:00-05:00,21.270000457763672,21.81999969482422,21.270000457763672,21.639999389648438,231029.0
2026-02-26T14:30:00-05:00,21.6299991607666,21.84000015258789,21.524999618530273,21.65999984741211,227251.0
2026-02-26T15:30:00-05:00,21.670000076293945,21.940000534057617,21.670000076293945,21.940000534057617,325560.0
2026-02-27T09:30:00-05:00,21.219999313354492,21.43000030517578,20.559999465942383,20.844999313354492,563343.0
2026-02-27T10:30:00-05:00,20.8799991607666,20.8799991607666,20.5,20.59000015258789,219169.0
2026-02-27T11:30:00-05:00,20.582000732421875,20.649999618530273,20.360000610351562,20.450000762939453,206056.0
2026-02-27T12:30:00-05:00,20.459999084472656,20.649999618530273,20.200000762939453,20.2450008392334,505418.0
2026-02-27T13:30:00-05:00,20.239999771118164,20.350000381469727,20.049999237060547,20.299999237060547,338584.0
2026-02-27T14:30:00-05:00,20.299999237060547,20.645000457763672,20.15999984741211,20.639999389648438,471977.0
2026-02-27T15:30:00-05:00,20.635000228881836,20.68000030517578,20.405000686645508,20.600000381469727,836004.0
2026-03-02T09:30:00-05:00,19.899999618530273,21.75,19.8700008392334,21.450000762939453,711429.0
2026-03-02T10:30:00-05:00,21.459999084472656,21.84000015258789,21.229999542236328,21.524999618530273,567983.0
2026-03-02T11:30:00-05:00,21.520000457763672,21.84000015258789,21.510000228881836,21.670000076293945,260380.0
2026-03-02T12:30:00-05:00,21.684999465942383,21.690000534057617,21.43000030517578,21.520000457763672,201695.0
2026-03-02T13:30:00-05:00,21.524999618530273,21.915000915527344,21.440000534057617,21.829999923706055,487528.0
2026-03-02T14:30:00-05:00,21.834999084472656,21.90999984741211,21.614999771118164,21.75,1635569.0
2026-03-02T15:30:00-05:00,21.719999313354492,21.739999771118164,21.579999923706055,21.729999542236328,635058.0
2026-03-03T09:30:00-05:00,20.690000534057617,20.940000534057617,19.920000076293945,20.0049991607666,835024.0
2026-03-03T10:30:00-05:00,20.0,20.799999237060547,20.0,20.684999465942383,612103.0
2026-03-03T11:30:00-05:00,20.655000686645508,20.860000610351562,20.469999313354492,20.760000228881836,342973.0
2026-03-03T12:30:00-05:00,20.739999771118164,21.1299991607666,20.649999618530273,21.059999465942383,351086.0
2026-03-03T13:30:00-05:00,21.040000915527344,21.270000457763672,21.0049991607666,21.040000915527344,265411.0
2026-03-03T14:30:00-05:00,21.059999465942383,21.170000076293945,20.71500015258789,20.729999542236328,406657.0
2026-03-03T15:30:00-05:00,20.739999771118164,20.799999237060547,20.56999969482422,20.684999465942383,484910.0
2026-03-04T09:30:00-05:00,21.770000457763672,23.43000030517578,21.764999389648438,23.43000030517578,1620086.0
2026-03-04T10:30:00-05:00,23.440000534057617,23.5,23.06999969482422,23.325000762939453,1172553.0
2026-03-04T11:30:00-05:00,23.329999923706055,23.979999542236328,23.26799964904785,23.690000534057617,1005917.0
2026-03-04T12:30:00-05:00,23.700000762939453,24.139999389648438,23.59000015258789,24.040000915527344,959939.0
2026-03-04T13:30:00-05:00,24.040000915527344,24.1200008392334,23.730100631713867,23.898000717163086,637583.0
2026-03-04T14:30:00-05:00,23.887500762939453,24.594999313354492,23.885000228881836,24.295000076293945,1002744.0
2026-03-04T15:30:00-05:00,24.290000915527344,24.3799991607666,24.145000457763672,24.329999923706055,1467314.0
2026-03-05T09:30:00-05:00,23.899999618530273,24.170000076293945,23.309999465942383,23.5,1025182.0
2026-03-05T10:30:00-05:00,23.510000228881836,23.510000228881836,22.770000457763672,23.020000457763672,709997.0
2026-03-05T11:30:00-05:00,23.020000457763672,23.290000915527344,22.68000030517578,22.729999542236328,448520.0
2026-03-05T12:30:00-05:00,22.75,22.75,22.100000381469727,22.229999542236328,531953.0
2026-03-05T13:30:00-05:00,22.209999084472656,22.71500015258789,22.190000534057617,22.5,524329.0
2026-03-05T14:30:00-05:00,22.459999084472656,22.860000610351562,22.389999389648438,22.75,512809.0
2026-03-05T15:30:00-05:00,22.739999771118164,22.899999618530273,22.6200008392334,22.739999771118164,714275.0
2026-03-06T09:30:00-05:00,21.56999969482422,22.010000228881836,21.06999969482422,21.866600036621094,1047742.0
2026-03-06T10:30:00-05:00,21.915000915527344,22.030000686645508,21.204999923706055,21.219999313354492,608252.0
2026-03-06T11:30:00-05:00,21.25,21.34000015258789,20.920000076293945,21.0,547417.0
2026-03-06T12:30:00-05:00,21.014999389648438,21.280000686645508,20.860000610351562,21.170000076293945,526110.0
2026-03-06T13:30:00-05:00,21.19499969482422,21.34000015258789,20.959999084472656,20.979999542236328,425091.0
2026-03-06T14:30:00-05:00,20.969999313354492,21.06999969482422,20.4950008392334,20.5,754541.0
2026-03-06T15:30:00-05:00,20.520000457763672,20.700000762939453,20.395000457763672,20.55500030517578,1421302.0
2026-03-09T09:30:00-04:00,20.479999542236328,20.764999389648438,20.038000106811523,20.31999969482422,1017957.0
2026-03-09T10:30:00-04:00,20.309999465942383,20.7450008392334,20.23200035095215,20.559999465942383,494378.0
2026-03-09T11:30:00-04:00,20.559999465942383,20.719999313354492,20.295000076293945,20.670000076293945,501425.0
2026-03-09T12:30:00-04:00,20.697399139404297,20.780000686645508,20.43000030517578,20.489999771118164,501561.0
2026-03-09T13:30:00-04:00,20.479999542236328,20.75,20.309999465942383,20.684999465942383,373544.0
2026-03-09T14:30:00-04:00,20.684999465942383,21.579999923706055,20.6200008392334,21.559999465942383,607457.0
2026-03-09T15:30:00-04:00,21.549999237060547,21.600000381469727,21.395000457763672,21.5,741968.0
2026-03-10T09:30:00-04:00,21.388200759887695,21.726999282836914,21.079999923706055,21.639999389648438,692838.0
2026-03-10T10:30:00-04:00,21.639999389648438,22.079999923706055,21.639999389648438,21.989999771118164,529586.0
2026-03-10T11:30:00-04:00,21.989999771118164,22.1200008392334,21.860000610351562,21.969999313354492,378157.0
2026-03-10T12:30:00-04:00,21.96500015258789,22.5,21.872800827026367,22.209999084472656,762575.0
2026-03-10T13:30:00-04:00,22.209999084472656,22.309999465942383,21.600000381469727,21.760000228881836,509216.0
2026-03-10T14:30:00-04:00,21.780000686645508,21.989999771118164,21.6299991607666,21.905000686645508,615493.0
2026-03-10T15:30:00-04:00,21.899999618530273,22.059999465942383,21.68000030517578,21.84000015258789,526121.0
2026-03-11T09:30:00-04:00,21.68000030517578,22.549999237060547,21.68000030517578,21.979999542236328,602301.0
2026-03-11T10:30:00-04:00,21.979999542236328,22.18000030517578,21.450000762939453,21.459999084472656,622052.0
2026-03-11T11:30:00-04:00,21.459999084472656,21.649999618530273,21.274999618530273,21.579999923706055,551160.0
2026-03-11T12:30:00-04:00,21.579999923706055,21.920000076293945,21.549999237060547,21.920000076293945,394354.0
2026-03-11T13:30:00-04:00,21.924999237060547,21.924999237060547,21.479999542236328,21.709999084472656,329803.0
2026-03-11T14:30:00-04:00,21.71500015258789,21.790000915527344,21.329999923706055,21.40999984741211,561902.0
2026-03-11T15:30:00-04:00,21.405000686645508,21.5,21.3700008392334,21.459999084472656,626558.0
2026-03-12T09:30:00-04:00,21.200000762939453,21.25,20.59000015258789,20.600000381469727,430705.0
2026-03-12T10:30:00-04:00,20.604999542236328,20.77910041809082,20.389999389648438,20.68000030517578,540491.0
2026-03-12T11:30:00-04:00,20.670000076293945,21.020000457763672,20.610000610351562,20.72330093383789,361645.0
2026-03-12T12:30:00-04:00,20.760000228881836,21.030000686645508,20.700000762939453,20.809999465942383,186023.0
2026-03-12T13:30:00-04:00,20.829999923706055,20.950000762939453,20.75,20.78499984741211,266880.0
2026-03-12T14:30:00-04:00,20.799999237060547,20.8700008392334,20.65999984741211,20.760000228881836,218121.0
2026-03-12T15:30:00-04:00,20.760099411010742,20.81999969482422,20.559999465942383,20.6299991607666,552878.0
2026-03-13T09:30:00-04:00,21.700000762939453,22.170000076293945,21.510000228881836,22.094999313354492,1208666.0
2026-03-13T10:30:00-04:00,22.079999923706055,22.280000686645508,21.649999618530273,22.102500915527344,854841.0
2026-03-13T11:30:00-04:00,22.100000381469727,22.334999084472656,21.65999984741211,21.75,741993.0
2026-03-13T12:30:00-04:00,21.739999771118164,22.360000610351562,21.719999313354492,22.267000198364258,738970.0
2026-03-13T13:30:00-04:00,22.290000915527344,22.299999237060547,21.825000762939453,22.100000381469727,732023.0
2026-03-13T14:30:00-04:00,22.110000610351562,22.25,21.84000015258789,22.020000457763672,766400.0
2026-03-13T15:30:00-04:00,22.010000228881836,22.389999389648438,22.0,22.360000610351562,1459770.0
2026-03-16T09:30:00-04:00,23.4950008392334,24.399999618530273,23.479999542236328,23.8700008392334,1161843.0
2026-03-16T10:30:00-04:00,23.8700008392334,24.125,23.399999618530273,24.020000457763672,1160096.0
2026-03-16T11:30:00-04:00,24.040000915527344,24.139999389648438,23.290000915527344,23.290000915527344,572283.0
2026-03-16T12:30:00-04:00,23.299999237060547,23.459999084472656,23.0,23.1299991607666,573652.0
2026-03-16T13:30:00-04:00,23.15999984741211,23.290000915527344,23.06999969482422,23.18000030517578,349282.0
2026-03-16T14:30:00-04:00,23.190000534057617,23.299999237060547,22.979999542236328,23.079999923706055,396202.0
2026-03-16T15:30:00-04:00,23.09000015258789,23.2450008392334,23.079999923706055,23.09000015258789,402952.0
2026-03-17T09:30:00-04:00,22.950000762939453,23.280000686645508,22.772499084472656,23.18000030517578,407386.0
2026-03-17T10:30:00-04:00,23.18000030517578,23.412700653076172,23.010000228881836,23.049999237060547,225330.0
2026-03-17T11:30:00-04:00,23.059999465942383,23.309999465942383,22.950000762939453,23.280000686645508,248210.0
2026-03-17T12:30:00-04:00,23.290000915527344,23.481000900268555,23.165000915527344,23.395000457763672,156348.0
2026-03-17T13:30:00-04:00,23.399999618530273,23.809999465942383,23.399999618530273,23.520000457763672,236570.0
2026-03-17T14:30:00-04:00,23.520000457763672,23.790000915527344,23.520000457763672,23.700000762939453,226095.0
2026-03-17T15:30:00-04:00,23.700000762939453,23.7007999420166,23.43000030517578,23.510000228881836,354716.0
2026-03-18T09:30:00-04:00,22.75,23.264999389648438,22.6299991607666,22.924999237060547,488212.0
2026-03-18T10:30:00-04:00,22.950000762939453,22.969999313354492,22.579999923706055,22.649999618530273,238337.0
2026-03-18T11:30:00-04:00,22.65999984741211,22.7406005859375,22.190000534057617,22.334999084472656,215624.0
2026-03-18T12:30:00-04:00,22.349899291992188,22.399999618530273,22.114999771118164,22.30500030517578,725699.0
2026-03-18T13:30:00-04:00,22.325000762939453,22.65999984741211,22.184999465942383,22.549999237060547,0.0
2026-03-18T14:30:00-04:00,22.559999465942383,22.700000762939453,22.010000228881836,22.059999465942383,317639.0
2026-03-18T15:30:00-04:00,22.079999923706055,22.110000610351562,21.559999465942383,21.559999465942383,1551715.0
2026-03-19T09:30:00-04:00,21.100000381469727,21.31999969482422,20.549999237060547,20.665000915527344,658180.0
2026-03-19T10:30:00-04:00,20.655000686645508,20.989999771118164,20.520000457763672,20.875,879892.0
2026-03-19T11:30:00-04:00,20.850000381469727,20.93000030517578,20.5,20.6200008392334,416924.0
2026-03-19T12:30:00-04:00,20.6200008392334,20.75,20.40999984741211,20.700000762939453,365162.0
2026-03-19T13:30:00-04:00,20.704999923706055,21.084999084472656,20.614999771118164,21.04990005493164,316693.0
2026-03-19T14:30:00-04:00,21.05500030517578,21.780000686645508,20.959999084472656,21.44499969482422,540230.0
2026-03-19T15:30:00-04:00,21.450000762939453,21.6200008392334,20.739999771118164,21.020000457763672,6069768.0
2026-03-20T09:30:00-04:00,20.399999618530273,20.860000610351562,20.200000762939453,20.290000915527344,672175.0
2026-03-20T10:30:00-04:00,20.299999237060547,20.559999465942383,20.059999465942383,20.229999542236328,420440.0
2026-03-20T11:30:00-04:00,20.239999771118164,20.579999923706055,20.225000381469727,20.260000228881836,232791.0
2026-03-20T12:30:00-04:00,20.25,20.3700008392334,20.139999389648438,20.170000076293945,291272.0
2026-03-20T13:30:00-04:00,20.174999237060547,20.299999237060547,20.040000915527344,20.1200008392334,310865.0
2026-03-20T14:30:00-04:00,20.1200008392334,20.1299991607666,19.799999237060547,20.010000228881836,813976.0
2026-03-20T15:30:00-04:00,20.020000457763672,20.780000686645508,19.989999771118164,20.739999771118164,1209816.0
2026-03-23T09:30:00-04:00,21.049999237060547,21.715200424194336,20.68000030517578,21.579999923706055,1480066.0
2026-03-23T10:30:00-04:00,21.559999465942383,21.84000015258789,21.360000610351562,21.62070083618164,762761.0
2026-03-23T11:30:00-04:00,21.6299991607666,21.639999389648438,21.05500030517578,21.389999389648438,558476.0
2026-03-23T12:30:00-04:00,21.3700008392334,21.579599380493164,21.139999389648438,21.34000015258789,321681.0
2026-03-23T13:30:00-04:00,21.350000381469727,21.639999389648438,21.34000015258789,21.389999389648438,351972.0
2026-03-23T14:30:00-04:00,21.385000228881836,21.670000076293945,21.3799991607666,21.610000610351562,428692.0
2026-03-23T15:30:00-04:00,21.6299991607666,21.729999542236328,21.600000381469727,21.700000762939453,583596.0
2026-03-24T09:30:00-04:00,21.540000915527344,22.014999389648438,21.090099334716797,21.1200008392334,1011449.0
2026-03-24T10:30:00-04:00,21.1299991607666,21.360000610351562,20.940000534057617,21.18000030517578,469761.0
2026-03-24T11:30:00-04:00,21.190000534057617,21.239999771118164,20.809999465942383,21.149999618530273,417607.0
2026-03-24T12:30:00-04:00,21.155000686645508,21.260000228881836,20.875,20.889999389648438,636490.0
2026-03-24T13:30:00-04:00,20.899999618530273,21.280000686645508,20.750499725341797,21.209999084472656,542306.0
2026-03-24T14:30:00-04:00,21.219999313354492,21.639999389648438,21.19499969482422,21.489999771118164,683936.0
2026-03-24T15:30:00-04:00,21.479999542236328,21.549999237060547,21.280000686645508,21.290000915527344,497686.0
2026-03-25T09:30:00-04:00,22.0,22.299999237060547,21.4950008392334,21.549999237060547,521259.0
2026-03-25T10:30:00-04:00,21.545000076293945,21.81999969482422,21.309999465942383,21.670000076293945,565712.0
2026-03-25T11:30:00-04:00,21.670000076293945,21.729999542236328,21.18000030517578,21.639999389648438,739437.0
2026-03-25T12:30:00-04:00,21.6299991607666,21.764999389648438,21.520000457763672,21.65999984741211,216001.0
2026-03-25T13:30:00-04:00,21.621700286865234,21.729999542236328,21.149999618530273,21.239999771118164,441199.0
2026-03-25T14:30:00-04:00,21.239999771118164,21.469999313354492,21.09000015258789,21.43000030517578,292725.0
2026-03-25T15:30:00-04:00,21.440000534057617,21.530000686645508,21.280000686645508,21.329999923706055,490303.0
2026-03-26T09:30:00-04:00,20.8799991607666,21.104999542236328,20.579999923706055,20.700000762939453,492941.0
2026-03-26T10:30:00-04:00,20.69499969482422,20.72170066833496,20.049999237060547,20.100000381469727,469446.0
2026-03-26T11:30:00-04:00,20.100000381469727,20.229299545288086,19.920000076293945,20.040000915527344,803661.0
2026-03-26T12:30:00-04:00,20.040000915527344,20.15999984741211,19.639999389648438,19.670000076293945,555324.0
2026-03-26T13:30:00-04:00,19.68000030517578,19.84000015258789,19.559999465942383,19.6299991607666,484237.0
2026-03-26T14:30:00-04:00,19.639999389648438,19.809999465942383,19.530000686645508,19.610000610351562,681554.0
2026-03-26T15:30:00-04:00,19.610700607299805,19.739999771118164,19.530000686645508,19.600000381469727,632398.0
2026-03-27T09:30:00-04:00,18.899999618530273,19.165000915527344,18.3799991607666,18.539899826049805,1117377.0
2026-03-27T10:30:00-04:00,18.530000686645508,18.545000076293945,18.049999237060547,18.34760093688965,1185646.0
2026-03-27T11:30:00-04:00,18.350000381469727,18.719999313354492,18.350000381469727,18.410999298095703,1055430.0
2026-03-27T12:30:00-04:00,18.420000076293945,18.43000030517578,17.969999313354492,18.010000228881836,456412.0
2026-03-27T13:30:00-04:00,18.010000228881836,18.049999237060547,17.790000915527344,17.920000076293945,616099.0
2026-03-27T14:30:00-04:00,17.929899215698242,18.09000015258789,17.90999984741211,18.059999465942383,602204.0
2026-03-27T15:30:00-04:00,18.06999969482422,18.149999618530273,17.90999984741211,18.020000457763672,766144.0
2026-03-30T09:30:00-04:00,18.5,18.989999771118164,17.809999465942383,18.030000686645508,960746.0
2026-03-30T10:30:00-04:00,18.030000686645508,18.239999771118164,17.81999969482422,17.979999542236328,646260.0
2026-03-30T11:30:00-04:00,18.0,18.189899444580078,17.889999389648438,17.915000915527344,477952.0
2026-03-30T12:30:00-04:00,17.90999984741211,17.93000030517578,17.18000030517578,17.290000915527344,602807.0
2026-03-30T13:30:00-04:00,17.299999237060547,17.344999313354492,17.075000762939453,17.084999084472656,537065.0
2026-03-30T14:30:00-04:00,17.079999923706055,17.15999984741211,16.78499984741211,16.920000076293945,1092136.0
2026-03-30T15:30:00-04:00,16.915000915527344,17.19499969482422,16.905000686645508,17.149999618530273,830820.0
2026-03-31T09:30:00-04:00,17.56999969482422,18.329999923706055,17.530000686645508,18.149999618530273,1355653.0
2026-03-31T10:30:00-04:00,18.15999984741211,18.30500030517578,17.8799991607666,17.979999542236328,796621.0
2026-03-31T11:30:00-04:00,17.959999084472656,18.010000228881836,17.770000457763672,17.899999618530273,267428.0
2026-03-31T12:30:00-04:00,17.895000457763672,18.610000610351562,17.829999923706055,18.469999313354492,797961.0
2026-03-31T13:30:00-04:00,18.489999771118164,18.610000610351562,18.219999313354492,18.415000915527344,537735.0
2026-03-31T14:30:00-04:00,18.420000076293945,18.6299991607666,18.360000610351562,18.420000076293945,714800.0
2026-03-31T15:30:00-04:00,18.424999237060547,18.559999465942383,18.28499984741211,18.459999084472656,867594.0
2026-04-01T09:30:00-04:00,18.700000762939453,18.889999389648438,18.139999389648438,18.809999465942383,1163142.0
2026-04-01T10:30:00-04:00,18.834999084472656,18.93000030517578,18.420000076293945,18.43000030517578,637568.0
2026-04-01T11:30:00-04:00,18.43000030517578,18.65999984741211,18.3799991607666,18.381000518798828,509066.0
2026-04-01T12:30:00-04:00,18.40999984741211,18.84000015258789,18.375,18.44499969482422,390319.0
2026-04-01T13:30:00-04:00,18.450000762939453,18.469999313354492,17.954999923706055,17.985000610351562,596636.0
2026-04-01T14:30:00-04:00,17.969999313354492,18.020000457763672,17.719999313354492,17.774999618530273,1169879.0
2026-04-01T15:30:00-04:00,17.780000686645508,17.795000076293945,17.309999465942383,17.360000610351562,1539258.0
2026-04-02T09:30:00-04:00,16.729999542236328,17.02989959716797,16.43000030517578,16.889999389648438,1172811.0
2026-04-02T10:30:00-04:00,16.889999389648438,17.684999465942383,16.885000228881836,17.34000015258789,1080615.0
2026-04-02T11:30:00-04:00,17.34000015258789,17.43000030517578,17.079999923706055,17.139999389648438,496471.0
2026-04-02T12:30:00-04:00,17.139999389648438,17.469999313354492,17.094999313354492,17.450000762939453,368274.0
2026-04-02T13:30:00-04:00,17.454999923706055,17.5,17.2549991607666,17.290000915527344,431223.0
2026-04-02T14:30:00-04:00,17.299999237060547,17.645000457763672,17.295000076293945,17.604999542236328,482923.0
2026-04-02T15:30:00-04:00,17.604999542236328,17.68000030517578,17.5049991607666,17.65999984741211,658831.0
2026-04-06T09:30:00-04:00,17.649999618530273,18.079999923706055,17.649999618530273,17.899999618530273,566678.0
2026-04-06T10:30:00-04:00,17.90999984741211,18.06999969482422,17.59000015258789,17.979999542236328,264592.0
2026-04-06T11:30:00-04:00,17.985000610351562,18.115299224853516,17.93000030517578,18.08989906311035,317035.0
2026-04-06T12:30:00-04:00,18.06999969482422,18.209999084472656,17.739999771118164,17.8700008392334,381734.0
2026-04-06T13:30:00-04:00,17.8799991607666,18.040000915527344,17.84000015258789,18.0,177826.0
2026-04-06T14:30:00-04:00,18.0,18.040000915527344,17.920000076293945,17.959999084472656,217291.0
2026-04-06T15:30:00-04:00,17.950000762939453,18.295000076293945,17.950000762939453,18.260000228881836,503897.0
2026-04-07T09:30:00-04:00,17.959999084472656,18.079999923706055,17.40999984741211,17.549999237060547,568940.0
2026-04-07T10:30:00-04:00,17.545000076293945,17.649999618530273,17.190000534057617,17.6299991607666,472284.0
2026-04-07T11:30:00-04:00,17.645000457763672,18.260000228881836,17.549999237060547,18.200000762939453,439888.0
2026-04-07T12:30:00-04:00,18.190000534057617,18.31999969482422,18.06999969482422,18.170000076293945,317960.0
2026-04-07T13:30:00-04:00,18.170000076293945,18.3799991607666,18.15999984741211,18.350000381469727,302650.0
2026-04-07T14:30:00-04:00,18.344999313354492,18.559999465942383,18.200000762939453,18.43000030517578,807032.0
2026-04-07T15:30:00-04:00,18.420000076293945,18.674999237060547,18.3700008392334,18.6299991607666,692582.0
2026-04-08T09:30:00-04:00,20.34000015258789,20.799999237060547,19.110000610351562,19.149999618530273,1464416.0
2026-04-08T10:30:00-04:00,19.18000030517578,19.270000457763672,18.625,19.110000610351562,719877.0
2026-04-08T11:30:00-04:00,19.125,19.51580047607422,19.059999465942383,19.46500015258789,554497.0
2026-04-08T12:30:00-04:00,19.479999542236328,19.61989974975586,19.344999313354492,19.56999969482422,367344.0
2026-04-08T13:30:00-04:00,19.579999923706055,19.679800033569336,19.239999771118164,19.260000228881836,405153.0
2026-04-08T14:30:00-04:00,19.260000228881836,19.280000686645508,18.639999389648438,18.90999984741211,776954.0
2026-04-08T15:30:00-04:00,18.920000076293945,19.030000686645508,18.8700008392334,19.030000686645508,749819.0
2026-04-09T09:30:00-04:00,18.709999084472656,19.40999984741211,18.709999084472656,19.170000076293945,550272.0
2026-04-09T10:30:00-04:00,19.149999618530273,20.06999969482422,19.075000762939453,20.040000915527344,957813.0
2026-04-09T11:30:00-04:00,20.030000686645508,21.200000762939453,20.018999099731445,21.010000228881836,2123747.0
2026-04-09T12:30:00-04:00,21.010000228881836,21.299999237060547,20.739999771118164,21.260000228881836,1074508.0
2026-04-09T13:30:00-04:00,21.2549991607666,21.489999771118164,21.06439971923828,21.104999542236328,936716.0
2026-04-09T14:30:00-04:00,21.110000610351562,21.149999618530273,20.790000915527344,21.065000534057617,717969.0
2026-04-09T15:30:00-04:00,21.05500030517578,21.2450008392334,21.05500030517578,21.138999938964844,843463.0
2026-04-10T09:30:00-04:00,21.600000381469727,22.040000915527344,21.18000030517578,21.879499435424805,1367837.0
2026-04-10T10:30:00-04:00,21.860000610351562,22.520000457763672,21.850000381469727,22.290000915527344,1096675.0
2026-04-10T11:30:00-04:00,22.290000915527344,22.299999237060547,21.43000030517578,21.639999389648438,928583.0
2026-04-10T12:30:00-04:00,21.639999389648438,21.889999389648438,21.239999771118164,21.700000762939453,671130.0
2026-04-10T13:30:00-04:00,21.690000534057617,22.170000076293945,21.690000534057617,22.149999618530273,566817.0
2026-04-10T14:30:00-04:00,22.15999984741211,22.16900062561035,21.920000076293945,21.979999542236328,724531.0
2026-04-10T15:30:00-04:00,21.969999313354492,21.979999542236328,21.600000381469727,21.670000076293945,704630.0
2026-04-13T09:30:00-04:00,21.114999771118164,22.25,20.760000228881836,22.139999389648438,1223156.0
2026-04-13T10:30:00-04:00,22.139999389648438,22.190000534057617,21.780000686645508,21.799999237060547,639529.0
2026-04-13T11:30:00-04:00,21.780000686645508,22.260000228881836,21.570100784301758,22.239999771118164,655165.0
2026-04-13T12:30:00-04:00,22.239999771118164,22.520000457763672,22.139999389648438,22.479999542236328,595510.0
2026-04-13T13:30:00-04:00,22.489999771118164,22.59000015258789,22.270000457763672,22.34000015258789,435976.0
2026-04-13T14:30:00-04:00,22.350000381469727,22.719999313354492,22.30500030517578,22.579999923706055,664258.0
2026-04-13T15:30:00-04:00,22.579999923706055,22.699499130249023,22.350000381469727,22.5,1066108.0
2026-04-14T09:30:00-04:00,23.71500015258789,24.40999984741211,23.460100173950195,24.25,2650750.0
2026-04-14T10:30:00-04:00,24.229999542236328,24.299999237060547,23.719999313354492,24.030000686645508,720680.0
2026-04-14T11:30:00-04:00,24.049999237060547,24.260000228881836,23.940000534057617,24.049999237060547,489034.0
2026-04-14T12:30:00-04:00,24.040000915527344,24.170000076293945,23.809999465942383,23.829999923706055,722139.0
2026-04-14T13:30:00-04:00,23.81999969482422,24.0,23.576400756835938,23.649999618530273,355388.0
2026-04-14T14:30:00-04:00,23.65999984741211,23.8799991607666,23.610000610351562,23.81999969482422,347899.0
2026-04-14T15:30:00-04:00,23.81999969482422,23.875,23.625,23.690000534057617,556102.0
2026-04-15T09:30:00-04:00,23.229999542236328,24.450000762939453,23.038000106811523,24.420000076293945,1328058.0
2026-04-15T10:30:00-04:00,24.43000030517578,24.450000762939453,23.93000030517578,23.969999313354492,509885.0
2026-04-15T11:30:00-04:00,23.959999084472656,23.969999313354492,23.6200008392334,23.81999969482422,498834.0
2026-04-15T12:30:00-04:00,23.81999969482422,23.829999923706055,23.260000228881836,23.545000076293945,363705.0
2026-04-15T13:30:00-04:00,23.545000076293945,23.850000381469727,23.395000457763672,23.719999313354492,394603.0
2026-04-15T14:30:00-04:00,23.719999313354492,23.790000915527344,23.520000457763672,23.579999923706055,379831.0
2026-04-15T15:30:00-04:00,23.584999084472656,24.209999084472656,23.575000762939453,24.010000228881836,682890.0
2026-04-16T09:30:00-04:00,24.75,24.75,23.600000381469727,23.850000381469727,822644.0
2026-04-16T10:30:00-04:00,23.84000015258789,24.100000381469727,23.540000915527344,24.030000686645508,348911.0
2026-04-16T11:30:00-04:00,24.020000457763672,24.399999618530273,24.020000457763672,24.149999618530273,300438.0
2026-04-16T12:30:00-04:00,24.18000030517578,24.184999465942383,23.850000381469727,24.09000015258789,186550.0
2026-04-16T13:30:00-04:00,24.079999923706055,24.200000762939453,23.8799991607666,23.909900665283203,362763.0
2026-04-16T14:30:00-04:00,23.920000076293945,24.309999465942383,23.90999984741211,24.280000686645508,375765.0
2026-04-16T15:30:00-04:00,24.280000686645508,24.450000762939453,24.25,24.440000534057617,543527.0
2026-04-17T09:30:00-04:00,25.010000228881836,26.190000534057617,24.920000076293945,26.15999984741211,1733154.0
2026-04-17T10:30:00-04:00,26.165000915527344,26.670000076293945,25.950000762939453,26.389999389648438,2168572.0
2026-04-17T11:30:00-04:00,26.399999618530273,27.100000381469727,26.399999618530273,26.799999237060547,1592789.0
2026-04-17T12:30:00-04:00,26.809999465942383,27.010000228881836,25.6200008392334,25.670000076293945,1528643.0
2026-04-17T13:30:00-04:00,25.665000915527344,26.030000686645508,25.665000915527344,25.8700008392334,496097.0
2026-04-17T14:30:00-04:00,25.8700008392334,26.06999969482422,25.600000381469727,25.729999542236328,581289.0
2026-04-17T15:30:00-04:00,25.739999771118164,25.959999084472656,25.59000015258789,25.8700008392334,794004.0
2026-04-20T09:30:00-04:00,25.040000915527344,26.01099967956543,24.959999084472656,25.3799991607666,1479923.0
2026-04-20T10:30:00-04:00,25.405000686645508,25.889999389648438,25.049999237060547,25.889999389648438,735259.0
2026-04-20T11:30:00-04:00,25.8799991607666,26.170000076293945,25.780000686645508,25.8799991607666,569628.0
2026-04-20T12:30:00-04:00,25.895000457763672,26.049999237060547,25.719999313354492,25.969999313354492,322368.0
2026-04-20T13:30:00-04:00,25.97010040283203,26.6299991607666,25.840099334716797,26.579999923706055,451276.0
2026-04-20T14:30:00-04:00,26.59000015258789,27.09000015258789,26.5,26.690000534057617,1055500.0
2026-04-20T15:30:00-04:00,26.700000762939453,27.125,26.635000228881836,26.809999465942383,1120373.0
2026-04-21T09:30:00-04:00,26.709999084472656,26.999900817871094,25.989999771118164,26.639999389648438,1123107.0
2026-04-21T10:30:00-04:00,26.639999389648438,26.690000534057617,25.489999771118164,25.5,778257.0
2026-04-21T11:30:00-04:00,25.5,25.725000381469727,25.31999969482422,25.440000534057617,426511.0
2026-04-21T12:30:00-04:00,25.440000534057617,25.65999984741211,25.170000076293945,25.274999618530273,428077.0
2026-04-21T13:30:00-04:00,25.260000228881836,25.649999618530273,25.2549991607666,25.389999389648438,300218.0
2026-04-21T14:30:00-04:00,25.40999984741211,25.610000610351562,25.309999465942383,25.584999084472656,619500.0
2026-04-21T15:30:00-04:00,25.575000762939453,25.579999923706055,24.860000610351562,24.940000534057617,1080605.0
2026-04-22T09:30:00-04:00,26.0,26.56999969482422,25.920000076293945,26.060300827026367,970895.0
2026-04-22T10:30:00-04:00,26.020000457763672,26.109899520874023,25.760000228881836,25.950000762939453,465908.0
2026-04-22T11:30:00-04:00,25.959999084472656,26.5049991607666,25.890199661254883,26.360000610351562,562718.0
2026-04-22T12:30:00-04:00,26.329999923706055,26.530000686645508,26.155000686645508,26.360000610351562,602152.0
2026-04-22T13:30:00-04:00,26.360000610351562,26.600000381469727,26.299999237060547,26.344999313354492,554647.0
2026-04-22T14:30:00-04:00,26.344999313354492,26.969999313354492,26.270000457763672,26.924999237060547,537009.0
2026-04-22T15:30:00-04:00,26.93000030517578,27.1200008392334,26.7450008392334,26.795000076293945,887915.0
2026-04-23T09:30:00-04:00,26.299999237060547,26.7450008392334,25.96500015258789,26.219999313354492,696730.0
2026-04-23T10:30:00-04:00,26.21500015258789,26.739999771118164,26.20599937438965,26.575000762939453,452739.0
2026-04-23T11:30:00-04:00,26.524999618530273,26.69499969482422,26.399999618530273,26.549999237060547,292818.0
2026-04-23T12:30:00-04:00,26.540000915527344,26.729999542236328,26.040000915527344,26.049999237060547,691617.0
2026-04-23T13:30:00-04:00,26.059999465942383,26.479999542236328,25.540000915527344,26.42970085144043,629952.0
2026-04-23T14:30:00-04:00,26.424999237060547,26.540000915527344,25.989999771118164,26.079999923706055,417899.0
2026-04-23T15:30:00-04:00,26.079999923706055,26.315000534057617,25.899999618530273,26.280000686645508,557932.0
2026-04-24T09:30:00-04:00,26.68000030517578,26.799999237060547,25.3799991607666,25.649999618530273,843361.0
2026-04-24T10:30:00-04:00,25.65999984741211,25.8700008392334,25.450000762939453,25.729999542236328,427946.0
2026-04-24T11:30:00-04:00,25.709999084472656,26.110000610351562,25.59000015258789,25.700000762939453,309737.0
2026-04-24T12:30:00-04:00,25.709999084472656,25.8799991607666,25.5,25.56999969482422,249520.0
2026-04-24T13:30:00-04:00,25.55500030517578,25.895000457763672,25.55500030517578,25.770099639892578,219687.0
2026-04-24T14:30:00-04:00,25.770000457763672,26.1200008392334,25.760000228881836,26.030000686645508,294697.0
2026-04-24T15:30:00-04:00,26.040000915527344,26.110000610351562,25.825000762939453,26.020000457763672,614589.0
2026-04-27T09:30:00-04:00,25.920000076293945,26.260000228881836,25.1200008392334,25.395000457763672,1490579.0
2026-04-27T10:30:00-04:00,25.389999389648438,25.479999542236328,24.399999618530273,24.5487003326416,971932.0
2026-04-27T11:30:00-04:00,24.530000686645508,24.8799991607666,24.299999237060547,24.739999771118164,889064.0
2026-04-27T12:30:00-04:00,24.73699951171875,24.860000610351562,24.405000686645508,24.860000610351562,693980.0
2026-04-27T13:30:00-04:00,24.834999084472656,25.09000015258789,24.709999084472656,25.09000015258789,803753.0
2026-04-27T14:30:00-04:00,25.079999923706055,25.260000228881836,24.8799991607666,24.959999084472656,708213.0
2026-04-27T15:30:00-04:00,24.954999923706055,25.084999084472656,24.770000457763672,25.030000686645508,998862.0
2026-04-28T09:30:00-04:00,24.655000686645508,25.649999618530273,23.860000610351562,25.3799991607666,1985972.0
2026-04-28T10:30:00-04:00,25.360000610351562,25.559900283813477,24.850000381469727,25.09000015258789,896913.0
2026-04-28T11:30:00-04:00,25.06999969482422,25.184999465942383,24.799999237060547,24.920000076293945,367878.0
2026-04-28T12:30:00-04:00,24.920000076293945,25.5,24.899999618530273,25.424999237060547,361133.0
2026-04-28T13:30:00-04:00,25.43000030517578,26.209400177001953,25.360000610351562,26.200000762939453,779101.0
2026-04-28T14:30:00-04:00,26.18000030517578,26.920000076293945,26.014999389648438,26.405000686645508,1433143.0
2026-04-28T15:30:00-04:00,26.389999389648438,26.649999618530273,26.0,26.36039924621582,1026776.0
2026-04-29T09:30:00-04:00,26.360000610351562,26.725000381469727,24.954999923706055,25.399999618530273,1266157.0
2026-04-29T10:30:00-04:00,25.3799991607666,25.530000686645508,25.020000457763672,25.199100494384766,546559.0
2026-04-29T11:30:00-04:00,25.209999084472656,25.440000534057617,24.850000381469727,24.891300201416016,658013.0
2026-04-29T12:30:00-04:00,24.885000228881836,25.139999389648438,24.760000228881836,25.110000610351562,528701.0
2026-04-29T13:30:00-04:00,25.110000610351562,25.170000076293945,24.700000762939453,24.989999771118164,445763.0
2026-04-29T14:30:00-04:00,24.989999771118164,25.219999313354492,24.649999618530273,24.649999618530273,655225.0
2026-04-29T15:30:00-04:00,24.645000457763672,25.450000762939453,24.530000686645508,25.420000076293945,925955.0
2026-04-30T09:30:00-04:00,25.889999389648438,26.940000534057617,25.709999084472656,26.5,1170641.0
2026-04-30T10:30:00-04:00,26.450000762939453,26.610000610351562,26.049999237060547,26.43000030517578,839701.0
2026-04-30T11:30:00-04:00,26.420000076293945,26.514999389648438,26.110000610351562,26.25,336934.0
2026-04-30T12:30:00-04:00,26.260000228881836,26.309999465942383,25.799999237060547,26.06999969482422,359830.0
2026-04-30T13:30:00-04:00,26.100000381469727,26.90999984741211,26.100000381469727,26.8799991607666,1103173.0
2026-04-30T14:30:00-04:00,26.889999389648438,27.350000381469727,26.760000228881836,26.809999465942383,1002027.0
2026-04-30T15:30:00-04:00,26.790000915527344,27.575000762939453,26.645000457763672,27.40999984741211,1319370.0
2026-05-01T09:30:00-04:00,28.239999771118164,28.799999237060547,27.68000030517578,28.520000457763672,1896836.0
2026-05-01T10:30:00-04:00,28.5,29.0,28.200000762939453,28.71500015258789,1160088.0
2026-05-01T11:30:00-04:00,28.71500015258789,29.1299991607666,28.492000579833984,28.799999237060547,944030.0
2026-05-01T12:30:00-04:00,28.799999237060547,28.979999542236328,28.510000228881836,28.68000030517578,693076.0
2026-05-01T13:30:00-04:00,28.684999465942383,28.735000610351562,28.290000915527344,28.579999923706055,705393.0
2026-05-01T14:30:00-04:00,28.565000534057617,28.56999969482422,27.764999389648438,28.2450008392334,1064391.0
2026-05-01T15:30:00-04:00,28.1299991607666,28.280000686645508,27.850000381469727,28.110000610351562,1421240.0
2026-05-04T09:30:00-04:00,28.579999923706055,29.56999969482422,28.149999618530273,29.344999313354492,1309314.0
2026-05-04T10:30:00-04:00,29.299999237060547,29.579999923706055,29.020000457763672,29.274999618530273,861969.0
2026-05-04T11:30:00-04:00,29.32990074157715,29.545000076293945,28.657499313354492,29.06999969482422,826117.0
2026-05-04T12:30:00-04:00,29.06999969482422,29.1560001373291,28.459999084472656,29.059999465942383,499205.0
2026-05-04T13:30:00-04:00,29.059999465942383,29.219999313354492,28.670000076293945,28.799999237060547,416102.0
2026-05-04T14:30:00-04:00,28.809999465942383,28.8700008392334,28.540000915527344,28.639999389648438,289829.0
2026-05-04T15:30:00-04:00,28.639999389648438,29.204999923706055,28.6299991607666,29.18000030517578,725252.0
2026-05-05T09:30:00-04:00,29.549999237060547,30.549999237060547,29.399999618530273,30.475000381469727,1278667.0
2026-05-05T10:30:00-04:00,30.489999771118164,30.5049991607666,30.1200008392334,30.424999237060547,500324.0
2026-05-05T11:30:00-04:00,30.43000030517578,30.600000381469727,30.25,30.26110076904297,381948.0
2026-05-05T12:30:00-04:00,30.2549991607666,30.386199951171875,30.010000228881836,30.3799991607666,259929.0
2026-05-05T13:30:00-04:00,30.360000610351562,30.459999084472656,29.834999084472656,30.43000030517578,453012.0
2026-05-05T14:30:00-04:00,30.364999771118164,30.68000030517578,30.139999389648438,30.18000030517578,561895.0
2026-05-05T15:30:00-04:00,30.15999984741211,30.700000762939453,30.149999618530273,30.31999969482422,756059.0
2026-05-06T09:30:00-04:00,31.0,31.55500030517578,29.824399948120117,29.985000610351562,1494709.0
2026-05-06T10:30:00-04:00,30.06999969482422,30.738800048828125,29.959999084472656,30.520000457763672,521615.0
2026-05-06T11:30:00-04:00,30.5,30.709999084472656,30.3700008392334,30.530000686645508,535908.0
2026-05-06T12:30:00-04:00,30.5,30.530000686645508,30.280000686645508,30.3799991607666,550605.0
2026-05-06T13:30:00-04:00,30.3700008392334,30.780000686645508,30.350000381469727,30.6200008392334,401320.0
2026-05-06T14:30:00-04:00,30.639999389648438,30.770000457763672,30.489999771118164,30.68000030517578,523673.0
2026-05-06T15:30:00-04:00,30.665000915527344,31.239999771118164,30.665000915527344,31.1299991607666,795335.0
2026-05-07T09:30:00-04:00,30.4950008392334,30.4950008392334,29.58009910583496,29.68000030517578,1131695.0
2026-05-07T10:30:00-04:00,29.719999313354492,29.940000534057617,29.1299991607666,29.280000686645508,666833.0
2026-05-07T11:30:00-04:00,29.280000686645508,29.44499969482422,28.65999984741211,28.93000030517578,574568.0
2026-05-07T12:30:00-04:00,28.889999389648438,29.06999969482422,28.510000228881836,28.584999084472656,348199.0
2026-05-07T13:30:00-04:00,28.600000381469727,29.239999771118164,28.540000915527344,28.790000915527344,405544.0
2026-05-07T14:30:00-04:00,28.809999465942383,29.0,28.540000915527344,28.729999542236328,527936.0
2026-05-07T15:30:00-04:00,28.75,29.31999969482422,28.75,29.309999465942383,463369.0
2026-05-08T09:30:00-04:00,29.635000228881836,29.719999313354492,28.200000762939453,28.849899291992188,1025916.0
2026-05-08T10:30:00-04:00,28.80780029296875,29.079999923706055,28.434999465942383,28.46500015258789,382642.0
2026-05-08T11:30:00-04:00,28.399999618530273,29.06999969482422,28.399999618530273,29.030000686645508,544463.0
2026-05-08T12:30:00-04:00,29.030000686645508,29.5,28.940000534057617,29.420000076293945,346927.0
2026-05-08T13:30:00-04:00,29.469999313354492,29.725000381469727,29.3799991607666,29.610000610351562,345003.0
2026-05-08T14:30:00-04:00,29.59000015258789,29.719999313354492,29.40999984741211,29.6299991607666,385509.0
2026-05-08T15:30:00-04:00,29.639999389648438,30.280000686645508,29.610000610351562,30.260000228881836,864210.0
2026-05-11T09:30:00-04:00,29.770000457763672,31.059900283813477,29.16010093688965,30.260000228881836,1147836.0
2026-05-11T10:30:00-04:00,30.280000686645508,30.90999984741211,30.06999969482422,30.895000457763672,505819.0
2026-05-11T11:30:00-04:00,30.899999618530273,31.479999542236328,30.770000457763672,31.309999465942383,699987.0
2026-05-11T12:30:00-04:00,31.309999465942383,31.93000030517578,31.010000228881836,31.889999389648438,545994.0
2026-05-11T13:30:00-04:00,31.90999984741211,32.279998779296875,31.810100555419922,32.029998779296875,672585.0
2026-05-11T14:30:00-04:00,32.029998779296875,32.18000030517578,31.450000762939453,31.5,616695.0
2026-05-11T15:30:00-04:00,31.479999542236328,31.729999542236328,31.389999389648438,31.65999984741211,634804.0
2026-05-12T09:30:00-04:00,30.899999618530273,31.600000381469727,30.799999237060547,30.84000015258789,985210.0
2026-05-12T10:30:00-04:00,30.834999084472656,30.93000030517578,30.190000534057617,30.420900344848633,965611.0
2026-05-12T11:30:00-04:00,30.440000534057617,31.110000610351562,30.440000534057617,30.934999465942383,404780.0
2026-05-12T12:30:00-04:00,30.979999542236328,31.18000030517578,30.309999465942383,31.084999084472656,325249.0
2026-05-12T13:30:00-04:00,31.110000610351562,31.190000534057617,30.690000534057617,30.854999542236328,365663.0
2026-05-12T14:30:00-04:00,30.920000076293945,31.2549991607666,30.895000457763672,31.010000228881836,447951.0
2026-05-12T15:30:00-04:00,31.010000228881836,31.450000762939453,31.010000228881836,31.3799991607666,609514.0
2026-05-13T09:30:00-04:00,31.329999923706055,31.8799991607666,30.400100708007812,31.586999893188477,1133814.0
2026-05-13T10:30:00-04:00,31.639999389648438,31.768600463867188,31.329999923706055,31.639999389648438,375591.0
2026-05-13T11:30:00-04:00,31.65999984741211,31.690000534057617,30.950000762939453,31.329999923706055,344671.0
2026-05-13T12:30:00-04:00,31.334999084472656,31.575000762939453,31.114999771118164,31.18000030517578,287482.0
2026-05-13T13:30:00-04:00,31.18000030517578,31.295000076293945,30.95400047302246,31.0,610056.0
2026-05-13T14:30:00-04:00,31.0,31.100000381469727,30.760000228881836,30.920000076293945,512518.0
2026-05-13T15:30:00-04:00,30.93000030517578,31.09000015258789,30.729999542236328,30.809999465942383,739925.0
2026-05-14T09:30:00-04:00,30.75,31.5,30.049999237060547,31.420000076293945,686799.0
2026-05-14T10:30:00-04:00,31.440000534057617,32.23500061035156,31.190000534057617,32.119998931884766,601020.0
2026-05-14T11:30:00-04:00,32.1150016784668,33.0,31.950000762939453,32.529998779296875,859182.0
2026-05-14T12:30:00-04:00,32.53499984741211,32.87099838256836,32.10300064086914,32.25,702617.0
2026-05-14T13:30:00-04:00,32.190101623535156,32.880001068115234,32.190101623535156,32.65999984741211,464059.0
2026-05-14T14:30:00-04:00,32.709999084472656,32.790000915527344,31.799999237060547,31.81999969482422,322859.0
2026-05-14T15:30:00-04:00,31.84000015258789,32.119998931884766,31.81999969482422,32.02000045776367,784085.0
2026-05-15T09:30:00-04:00,30.360000610351562,30.520000457763672,29.799999237060547,30.1200008392334,947026.0
2026-05-15T10:30:00-04:00,30.139999389648438,30.34000015258789,29.645000457763672,29.75,432267.0
2026-05-15T11:30:00-04:00,29.770000457763672,30.010000228881836,29.3799991607666,29.57990074157715,437443.0
2026-05-15T12:30:00-04:00,29.594999313354492,29.969999313354492,29.450000762939453,29.83769989013672,383295.0
2026-05-15T13:30:00-04:00,29.84000015258789,30.65999984741211,29.84000015258789,30.3700008392334,397089.0
2026-05-15T14:30:00-04:00,30.350000381469727,30.510000228881836,29.58009910583496,29.6200008392334,387490.0
2026-05-15T15:30:00-04:00,29.614999771118164,29.969999313354492,29.485000610351562,29.600000381469727,606777.0
2026-05-18T09:30:00-04:00,28.47439956665039,28.639999389648438,27.70009994506836,28.09000015258789,1473849.0
2026-05-18T10:30:00-04:00,28.06999969482422,28.100000381469727,27.53499984741211,27.610000610351562,978209.0
2026-05-18T11:30:00-04:00,27.6200008392334,27.940000534057617,27.459999084472656,27.479999542236328,304343.0
2026-05-18T12:30:00-04:00,27.469999313354492,27.860000610351562,27.399999618530273,27.665000915527344,585759.0
2026-05-18T13:30:00-04:00,27.700000762939453,27.82990074157715,27.178300857543945,27.299999237060547,229455.0
2026-05-18T14:30:00-04:00,27.291799545288086,27.75,27.06999969482422,27.739999771118164,583754.0
2026-05-18T15:30:00-04:00,27.719999313354492,28.125,27.700000762939453,27.8799991607666,749274.0
2026-05-19T09:30:00-04:00,27.399999618530273,27.759899139404297,26.350000381469727,26.520000457763672,785169.0
2026-05-19T10:30:00-04:00,26.559999465942383,26.81999969482422,26.2450008392334,26.6200008392334,378046.0
2026-05-19T11:30:00-04:00,26.600000381469727,26.950000762939453,26.600000381469727,26.789899826049805,190803.0
2026-05-19T12:30:00-04:00,26.795000076293945,28.07469940185547,26.795000076293945,27.934999465942383,504787.0
2026-05-19T13:30:00-04:00,27.939899444580078,28.0049991607666,27.559999465942383,27.782499313354492,253628.0
2026-05-19T14:30:00-04:00,27.780000686645508,27.83970069885254,27.3700008392334,27.489999771118164,265792.0
2026-05-19T15:30:00-04:00,27.510000228881836,27.665000915527344,27.40999984741211,27.545000076293945,476866.0
2026-05-20T09:30:00-04:00,27.860000610351562,28.509899139404297,27.625,28.219999313354492,620094.0
2026-05-20T10:30:00-04:00,28.28499984741211,28.599899291992188,27.80500030517578,27.899999618530273,443291.0
2026-05-20T11:30:00-04:00,27.899999618530273,28.170000076293945,27.729999542236328,27.770000457763672,342958.0
2026-05-20T12:30:00-04:00,27.790000915527344,28.020000457763672,27.7549991607666,27.960100173950195,153268.0
2026-05-20T13:30:00-04:00,27.979999542236328,28.139999389648438,27.690000534057617,27.889999389648438,364952.0
2026-05-20T14:30:00-04:00,27.940000534057617,27.940000534057617,27.6299991607666,27.844999313354492,354327.0
2026-05-20T15:30:00-04:00,27.8799991607666,28.020000457763672,27.690000534057617,27.770000457763672,381987.0
2026-05-21T09:30:00-04:00,28.079999923706055,29.323999404907227,27.980100631713867,28.860000610351562,976205.0
2026-05-21T10:30:00-04:00,28.90999984741211,28.979999542236328,28.399999618530273,28.649999618530273,457463.0
2026-05-21T11:30:00-04:00,28.670000076293945,28.7450008392334,28.280000686645508,28.34000015258789,392470.0
2026-05-21T12:30:00-04:00,28.329999923706055,28.969999313354492,28.18000030517578,28.809999465942383,457972.0
2026-05-21T13:30:00-04:00,28.790000915527344,29.264999389648438,28.790000915527344,29.15999984741211,630228.0
2026-05-21T14:30:00-04:00,29.18000030517578,29.229999542236328,28.829999923706055,29.020000457763672,336214.0
2026-05-21T15:30:00-04:00,29.049999237060547,29.639999389648438,29.0,29.559999465942383,604972.0
2026-05-22T09:30:00-04:00,29.600000381469727,29.799999237060547,28.08009910583496,28.549999237060547,1431907.0
2026-05-22T10:30:00-04:00,28.56999969482422,28.889999389648438,28.510000228881836,28.829999923706055,439900.0
2026-05-22T11:30:00-04:00,28.84000015258789,29.100000381469727,28.610000610351562,28.71500015258789,466956.0
2026-05-22T12:30:00-04:00,28.68000030517578,29.030000686645508,28.56999969482422,28.96500015258789,285330.0
2026-05-22T13:30:00-04:00,28.979999542236328,28.979999542236328,28.639999389648438,28.924999237060547,255132.0
2026-05-22T14:30:00-04:00,28.950000762939453,29.059999465942383,28.614999771118164,28.674999237060547,351907.0
2026-05-22T15:30:00-04:00,28.690000534057617,28.825000762939453,28.549999237060547,28.649999618530273,496083.0
2026-05-26T09:30:00-04:00,29.30500030517578,30.440000534057617,29.170000076293945,30.184999465942383,1142807.0
2026-05-26T10:30:00-04:00,30.229999542236328,30.81999969482422,29.980100631713867,30.375,706534.0
2026-05-26T11:30:00-04:00,30.360000610351562,30.389999389648438,29.940000534057617,30.389999389648438,369163.0
2026-05-26T12:30:00-04:00,30.3700008392334,30.440000534057617,29.8700008392334,29.959999084472656,415959.0
2026-05-26T13:30:00-04:00,29.950000762939453,30.1200008392334,29.881000518798828,29.954999923706055,244791.0
2026-05-26T14:30:00-04:00,29.969999313354492,30.014999389648438,29.709999084472656,29.795000076293945,354517.0
2026-05-26T15:30:00-04:00,29.809999465942383,29.93910026550293,29.584999084472656,29.625,546123.0
2026-05-27T09:30:00-04:00,29.34000015258789,29.34000015258789,28.65999984741211,29.049999237060547,568772.0
2026-05-27T10:30:00-04:00,29.059999465942383,29.3799991607666,28.799999237060547,28.93000030517578,270755.0
2026-05-27T11:30:00-04:00,28.920000076293945,29.149999618530273,28.670000076293945,29.100000381469727,237039.0
2026-05-27T12:30:00-04:00,29.06999969482422,29.193599700927734,28.704999923706055,28.940000534057617,261267.0
2026-05-27T13:30:00-04:00,28.940000534057617,29.5,28.920000076293945,29.485000610351562,335878.0
2026-05-27T14:30:00-04:00,29.469999313354492,30.149999618530273,29.440000534057617,29.579999923706055,447696.0
2026-05-27T15:30:00-04:00,29.551000595092773,30.06999969482422,29.549999237060547,29.969999313354492,631680.0
2026-05-28T09:30:00-04:00,29.0,29.18000030517578,28.309999465942383,28.625,971568.0
2026-05-28T10:30:00-04:00,28.600000381469727,29.75,28.450000762939453,29.704999923706055,666102.0
2026-05-28T11:30:00-04:00,29.700000762939453,29.8700008392334,29.559999465942383,29.639999389648438,255007.0
2026-05-28T12:30:00-04:00,29.6200008392334,30.252700805664062,29.6200008392334,29.920000076293945,526816.0
2026-05-28T13:30:00-04:00,29.920000076293945,30.190000534057617,29.850000381469727,30.030000686645508,236754.0
2026-05-28T14:30:00-04:00,30.069900512695312,30.439899444580078,29.93000030517578,30.219999313354492,482723.0
2026-05-28T15:30:00-04:00,30.23310089111328,30.43000030517578,30.075000762939453,30.1200008392334,456606.0
2026-05-29T09:30:00-04:00,29.584999084472656,30.114999771118164,28.81999969482422,29.079999923706055,877804.0
2026-05-29T10:30:00-04:00,29.090099334716797,29.5,28.549999237060547,29.209999084472656,723717.0
2026-05-29T11:30:00-04:00,29.219999313354492,29.849899291992188,28.980100631713867,29.049999237060547,812755.0
2026-05-29T12:30:00-04:00,29.059999465942383,29.3700008392334,28.969999313354492,29.299999237060547,330648.0
2026-05-29T13:30:00-04:00,29.309999465942383,29.5,29.132400512695312,29.21500015258789,356483.0
2026-05-29T14:30:00-04:00,29.229999542236328,29.299999237060547,28.770099639892578,28.930099487304688,600672.0
2026-05-29T15:30:00-04:00,28.948999404907227,29.649999618530273,28.948999404907227,29.600000381469727,832050.0
2026-06-01T09:30:00-04:00,28.621999740600586,28.850000381469727,28.06999969482422,28.40999984741211,1172087.0
2026-06-01T10:30:00-04:00,28.43000030517578,29.6299991607666,28.309999465942383,29.559999465942383,967536.0
2026-06-01T11:30:00-04:00,29.559999465942383,29.93000030517578,29.235000610351562,29.309999465942383,668451.0
2026-06-01T12:30:00-04:00,29.329999923706055,29.899999618530273,29.18000030517578,29.899999618530273,596528.0
2026-06-01T13:30:00-04:00,30.0,30.75,29.989999771118164,30.405000686645508,838455.0
2026-06-01T14:30:00-04:00,30.43000030517578,31.06999969482422,30.350000381469727,31.010000228881836,725557.0
2026-06-01T15:30:00-04:00,31.020000457763672,31.18000030517578,30.579999923706055,30.815000534057617,1059608.0
2026-06-02T09:30:00-04:00,30.25,30.939899444580078,29.510000228881836,29.790000915527344,1296516.0
2026-06-02T10:30:00-04:00,29.760000228881836,30.440000534057617,29.674999237060547,29.684999465942383,495044.0
2026-06-02T11:30:00-04:00,29.65999984741211,29.878000259399414,29.520000457763672,29.774999618530273,419903.0
2026-06-02T12:30:00-04:00,29.788799285888672,29.829999923706055,29.264999389648438,29.30500030517578,422360.0
2026-06-02T13:30:00-04:00,29.295000076293945,29.350000381469727,28.850000381469727,28.850000381469727,553544.0
2026-06-02T14:30:00-04:00,28.8700008392334,28.979999542236328,28.594999313354492,28.809999465942383,674233.0
2026-06-02T15:30:00-04:00,28.799999237060547,29.09000015258789,28.739999771118164,29.06999969482422,804787.0
2026-06-03T09:30:00-04:00,28.149999618530273,29.405000686645508,27.799999237060547,29.405000686645508,1548341.0
2026-06-03T10:30:00-04:00,29.420000076293945,29.59000015258789,28.66010093688965,28.969999313354492,695655.0
2026-06-03T11:30:00-04:00,28.979999542236328,29.18000030517578,28.704999923706055,28.864999771118164,731158.0
2026-06-03T12:30:00-04:00,28.850000381469727,30.040000915527344,28.790000915527344,29.780000686645508,1010837.0
2026-06-03T13:30:00-04:00,29.760000228881836,29.780000686645508,28.81999969482422,29.25749969482422,791988.0
2026-06-03T14:30:00-04:00,29.280000686645508,29.510000228881836,28.950000762939453,29.43000030517578,768577.0
2026-06-03T15:30:00-04:00,29.43000030517578,29.530000686645508,28.434999465942383,28.469999313354492,983852.0
2026-06-04T09:30:00-04:00,27.469999313354492,27.799999237060547,26.899999618530273,27.135000228881836,1872666.0
2026-06-04T10:30:00-04:00,27.1299991607666,27.719999313354492,26.959999084472656,27.315000534057617,861305.0
2026-06-04T11:30:00-04:00,27.315000534057617,27.399999618530273,26.959999084472656,27.15999984741211,549523.0
2026-06-04T12:30:00-04:00,27.18000030517578,27.530000686645508,27.1200008392334,27.510000228881836,438557.0
2026-06-04T13:30:00-04:00,27.520000457763672,28.827999114990234,27.34000015258789,28.740100860595703,1232461.0
2026-06-04T14:30:00-04:00,28.75,30.229999542236328,28.69499969482422,28.899999618530273,2349625.0
2026-06-04T15:30:00-04:00,28.93000030517578,28.96500015258789,28.360000610351562,28.399999618530273,642729.0
2026-06-05T09:30:00-04:00,27.15999984741211,27.309999465942383,24.360000610351562,24.469999313354492,2928167.0
2026-06-05T10:30:00-04:00,24.5,25.389999389648438,24.3799991607666,24.795000076293945,1672159.0
2026-06-05T11:30:00-04:00,24.790000915527344,24.979999542236328,24.049999237060547,24.350000381469727,1887885.0
2026-06-05T12:30:00-04:00,24.329999923706055,25.174999237060547,24.06999969482422,25.049999237060547,1484874.0
2026-06-05T13:30:00-04:00,25.059999465942383,25.19499969482422,24.259599685668945,24.344999313354492,1020982.0
2026-06-05T14:30:00-04:00,24.34000015258789,24.760000228881836,24.104999542236328,24.760000228881836,1112205.0
2026-06-05T15:30:00-04:00,24.770000457763672,25.229999542236328,24.639999389648438,25.139999389648438,1372773.0
2026-06-08T09:30:00-04:00,26.34000015258789,29.110000610351562,26.209999084472656,28.969999313354492,4815797.0
2026-06-08T10:30:00-04:00,28.93000030517578,30.719999313354492,28.8700008392334,29.864999771118164,4125580.0
2026-06-08T11:30:00-04:00,29.8700008392334,31.190000534057617,29.430200576782227,30.760000228881836,2432863.0
2026-06-08T12:30:00-04:00,30.770000457763672,31.1200008392334,30.479999542236328,30.8700008392334,1492877.0
2026-06-08T13:30:00-04:00,30.860000610351562,31.799999237060547,30.799999237060547,31.329999923706055,1965989.0
2026-06-08T14:30:00-04:00,31.334999084472656,31.420000076293945,30.510000228881836,30.729999542236328,1673242.0
2026-06-08T15:30:00-04:00,30.729999542236328,30.739999771118164,30.219999313354492,30.5,1700488.0
2026-06-09T09:30:00-04:00,30.75,32.849998474121094,30.6200008392334,31.684999465942383,3447116.0
2026-06-09T10:30:00-04:00,31.700000762939453,32.34989929199219,30.649999618530273,30.670000076293945,1820548.0
2026-06-09T11:30:00-04:00,30.690000534057617,31.44300079345703,29.93000030517578,30.5575008392334,1574127.0
2026-06-09T12:30:00-04:00,30.530000686645508,31.31999969482422,29.770099639892578,31.114999771118164,993135.0
2026-06-09T13:30:00-04:00,31.1200008392334,32.02989959716797,30.959999084472656,31.969999313354492,901674.0
2026-06-09T14:30:00-04:00,31.989999771118164,32.38999938964844,31.700000762939453,32.14339828491211,1149265.0
2026-06-09T15:30:00-04:00,32.16999816894531,32.72999954223633,32.040000915527344,32.68000030517578,1530033.0
2026-06-10T09:30:00-04:00,32.18000030517578,33.779998779296875,31.139999389648438,32.84000015258789,2836801.0
2026-06-10T10:30:00-04:00,32.82500076293945,32.88130187988281,30.719999313354492,31.11009979248047,1125029.0
2026-06-10T11:30:00-04:00,31.1299991607666,31.375,30.450000762939453,30.59000015258789,902143.0
2026-06-10T12:30:00-04:00,30.579999923706055,30.780000686645508,30.239999771118164,30.500999450683594,1101294.0
2026-06-10T13:30:00-04:00,30.469999313354492,31.209999084472656,30.3799991607666,30.889999389648438,569527.0
2026-06-10T14:30:00-04:00,30.850000381469727,30.920000076293945,30.43000030517578,30.579999923706055,661873.0
2026-06-10T15:30:00-04:00,30.565000534057617,30.7549991607666,30.110000610351562,30.165000915527344,832043.0
2026-06-11T09:30:00-04:00,29.920000076293945,31.729999542236328,29.635000228881836,31.25,1181716.0
2026-06-11T10:30:00-04:00,31.190000534057617,31.540000915527344,30.565000534057617,31.520000457763672,452913.0
2026-06-11T11:30:00-04:00,31.44499969482422,31.799999237060547,30.93000030517578,31.19499969482422,705476.0
2026-06-11T12:30:00-04:00,31.229900360107422,31.52989959716797,30.719999313354492,31.5,579963.0
2026-06-11T13:30:00-04:00,31.489999771118164,32.45000076293945,31.389999389648438,31.905000686645508,1128662.0
2026-06-11T14:30:00-04:00,31.924999237060547,32.88999938964844,31.924999237060547,32.81999969482422,1014696.0
2026-06-11T15:30:00-04:00,32.84000015258789,33.45000076293945,32.84000015258789,33.290000915527344,1555907.0
2026-06-12T09:30:00-04:00,33.915000915527344,35.439998626708984,32.91999816894531,35.28499984741211,1981261.0
2026-06-12T10:30:00-04:00,35.3286018371582,35.599998474121094,34.040000915527344,34.69499969482422,1788392.0
2026-06-12T11:30:00-04:00,34.68000030517578,34.70000076293945,32.7400016784668,33.375,1656275.0
2026-06-12T12:30:00-04:00,33.400001525878906,33.61989974975586,33.27000045776367,33.349998474121094,398625.0
2026-06-12T13:30:00-04:00,33.32500076293945,33.7599983215332,33.099998474121094,33.38999938964844,526593.0
2026-06-12T14:30:00-04:00,33.375,33.52989959716797,32.78799819946289,33.04999923706055,674462.0
2026-06-12T15:30:00-04:00,33.09000015258789,33.5,32.90999984741211,33.349998474121094,1243361.0
2026-06-15T09:30:00-04:00,35.439998626708984,35.439998626708984,33.3406982421875,33.619998931884766,1728103.0
2026-06-15T10:30:00-04:00,33.599998474121094,33.869998931884766,33.22999954223633,33.849998474121094,674219.0
2026-06-15T11:30:00-04:00,33.830101013183594,34.45500183105469,33.81010055541992,34.45000076293945,1083208.0
2026-06-15T12:30:00-04:00,34.439998626708984,34.63999938964844,34.02000045776367,34.2760009765625,902129.0
2026-06-15T13:30:00-04:00,34.290000915527344,34.41999816894531,33.880001068115234,34.150001525878906,517906.0
2026-06-15T14:30:00-04:00,34.16999816894531,34.16999816894531,33.880001068115234,33.970001220703125,346887.0
2026-06-15T15:30:00-04:00,33.97999954223633,34.18000030517578,33.560001373291016,33.61000061035156,657408.0
2026-06-16T09:30:00-04:00,33.30500030517578,34.0,32.619998931884766,33.029998779296875,1168134.0
2026-06-16T10:30:00-04:00,33.06999969482422,33.93000030517578,32.790000915527344,33.310001373291016,457473.0
2026-06-16T11:30:00-04:00,33.30500030517578,34.20000076293945,33.189998626708984,34.180999755859375,677061.0
2026-06-16T12:30:00-04:00,34.154998779296875,34.189998626708984,33.47999954223633,33.47999954223633,326293.0
2026-06-16T13:30:00-04:00,33.47999954223633,34.125,33.41999816894531,34.064998626708984,428683.0
2026-06-16T14:30:00-04:00,34.064998626708984,34.13990020751953,33.33000183105469,33.41999816894531,364761.0
2026-06-16T15:30:00-04:00,33.470001220703125,33.56999969482422,33.13999938964844,33.15999984741211,575612.0
2026-06-17T09:30:00-04:00,33.209999084472656,34.2599983215332,32.400001525878906,33.26499938964844,876556.0
2026-06-17T10:30:00-04:00,33.22999954223633,34.5,33.029998779296875,34.1150016784668,738052.0
2026-06-17T11:30:00-04:00,34.09000015258789,34.540000915527344,34.01559829711914,34.43000030517578,462844.0
2026-06-17T12:30:00-04:00,34.41999816894531,34.83000183105469,34.185001373291016,34.68000030517578,1092265.0
2026-06-17T13:30:00-04:00,34.630001068115234,34.9900016784668,34.02000045776367,34.63999938964844,729935.0
2026-06-17T14:30:00-04:00,34.63999938964844,35.40999984741211,34.189998626708984,34.189998626708984,1368984.0
2026-06-17T15:30:00-04:00,34.16999816894531,34.220001220703125,32.900001525878906,33.02000045776367,1033838.0
2026-06-18T09:30:00-04:00,34.314998626708984,34.900001525878906,33.47999954223633,34.3400993347168,1157435.0
2026-06-18T10:30:00-04:00,34.34000015258789,35.220001220703125,34.12179946899414,34.3849983215332,1024596.0
2026-06-18T11:30:00-04:00,34.400001525878906,35.290000915527344,34.099998474121094,34.88999938964844,735807.0
2026-06-18T12:30:00-04:00,34.85499954223633,35.0,34.029998779296875,34.22999954223633,553622.0
2026-06-18T13:30:00-04:00,34.249900817871094,34.63999938964844,33.65999984741211,33.709999084472656,595981.0
2026-06-18T14:30:00-04:00,33.720001220703125,33.97999954223633,33.45000076293945,33.88999938964844,580391.0
2026-06-18T15:30:00-04:00,33.900001525878906,34.290000915527344,33.81999969482422,34.18000030517578,725802.0
2026-06-22T09:30:00-04:00,34.52000045776367,36.099998474121094,34.27000045776367,34.529998779296875,1470669.0
2026-06-22T10:30:00-04:00,34.540000915527344,34.72999954223633,33.83000183105469,34.459999084472656,465567.0
2026-06-22T11:30:00-04:00,34.47800064086914,34.70000076293945,33.78499984741211,33.83000183105469,319328.0
2026-06-22T12:30:00-04:00,33.84000015258789,34.029998779296875,33.560001373291016,33.72999954223633,283979.0
2026-06-22T13:30:00-04:00,33.72999954223633,34.13999938964844,33.72999954223633,33.98500061035156,241896.0
2026-06-22T14:30:00-04:00,34.0,34.16999816894531,33.13999938964844,33.16999816894531,620955.0
2026-06-22T15:30:00-04:00,33.189998626708984,33.369998931884766,32.95000076293945,33.099998474121094,657572.0
2026-06-23T09:30:00-04:00,31.065000534057617,32.70000076293945,30.889999389648438,32.529998779296875,1674095.0
2026-06-23T10:30:00-04:00,32.529998779296875,32.88999938964844,31.75,31.809999465942383,729770.0
2026-06-23T11:30:00-04:00,31.84000015258789,32.310001373291016,31.690000534057617,31.959999084472656,406097.0
2026-06-23T12:30:00-04:00,31.975000381469727,31.989999771118164,31.34000015258789,31.59000015258789,324259.0
2026-06-23T13:30:00-04:00,31.607999801635742,31.780000686645508,31.190000534057617,31.25,1501161.0
2026-06-23T14:30:00-04:00,31.239999771118164,31.239999771118164,30.600000381469727,31.190000534057617,823966.0
2026-06-23T15:30:00-04:00,31.18000030517578,31.459999084472656,30.719999313354492,31.34000015258789,1279246.0
2026-06-24T09:30:00-04:00,31.459999084472656,31.675500869750977,29.440000534057617,30.260000228881836,1174005.0
2026-06-24T10:30:00-04:00,30.264999389648438,30.649999618530273,30.191200256347656,30.56999969482422,373223.0
2026-06-24T11:30:00-04:00,30.549999237060547,30.549999237060547,30.0,30.219999313354492,297734.0
2026-06-24T12:30:00-04:00,30.190000534057617,30.190000534057617,28.729999542236328,28.827499389648438,757134.0
2026-06-24T13:30:00-04:00,28.790000915527344,29.29990005493164,28.530000686645508,29.200000762939453,1041621.0
2026-06-24T14:30:00-04:00,29.184999465942383,29.21500015258789,28.020000457763672,28.399999618530273,1158149.0
2026-06-24T15:30:00-04:00,28.399999618530273,28.645000457763672,28.040000915527344,28.600000381469727,1403870.0
2026-06-25T09:30:00-04:00,30.75,30.770000457763672,27.420000076293945,28.149999618530273,2376537.0
2026-06-25T10:30:00-04:00,28.145000457763672,28.790000915527344,27.93000030517578,28.325000762939453,1803646.0
2026-06-25T11:30:00-04:00,28.350000381469727,29.229900360107422,28.31999969482422,28.889999389648438,824984.0
2026-06-25T12:30:00-04:00,28.8700008392334,28.8700008392334,28.190000534057617,28.40399932861328,545616.0
2026-06-25T13:30:00-04:00,28.420000076293945,28.6200008392334,28.139999389648438,28.290000915527344,562811.0
2026-06-25T14:30:00-04:00,28.290000915527344,28.290000915527344,27.915000915527344,28.204999923706055,826757.0
2026-06-25T15:30:00-04:00,28.219999313354492,28.674999237060547,28.059999465942383,28.260000228881836,1227537.0
2026-06-26T09:30:00-04:00,27.5,28.420000076293945,26.899999618530273,28.170000076293945,975923.0
2026-06-26T10:30:00-04:00,28.110000610351562,28.16990089416504,27.719999313354492,28.024999618530273,380016.0
2026-06-26T11:30:00-04:00,28.049999237060547,28.40999984741211,28.020000457763672,28.184999465942383,387728.0
2026-06-26T12:30:00-04:00,28.18000030517578,28.690000534057617,28.18000030517578,28.575000762939453,381074.0
2026-06-26T13:30:00-04:00,28.600000381469727,29.010000228881836,28.514999389648438,28.61400032043457,549536.0
2026-06-26T14:30:00-04:00,28.635000228881836,29.040000915527344,28.53499984741211,28.950000762939453,406969.0
2026-06-26T15:30:00-04:00,28.950000762939453,29.469999313354492,28.860000610351562,29.209999084472656,1307190.0
2026-06-29T09:30:00-04:00,29.1200008392334,29.524499893188477,27.360000610351562,27.985000610351562,1413808.0
2026-06-29T10:30:00-04:00,28.0,28.06999969482422,27.059999465942383,27.229999542236328,839875.0
2026-06-29T11:30:00-04:00,27.25,27.510000228881836,27.170000076293945,27.3700008392334,699632.0
2026-06-29T12:30:00-04:00,27.3799991607666,27.895000457763672,27.260000228881836,27.399999618530273,772613.0
2026-06-29T13:30:00-04:00,27.385000228881836,27.6299991607666,27.270000457763672,27.459999084472656,441042.0
2026-06-29T14:30:00-04:00,27.485000610351562,28.40999984741211,27.450000762939453,28.3799991607666,557382.0
2026-06-29T15:30:00-04:00,28.3700008392334,28.979999542236328,28.295000076293945,28.510000228881836,1113742.0
2026-06-30T09:30:00-04:00,27.579999923706055,27.8700008392334,27.110000610351562,27.8700008392334,834016.0
2026-06-30T10:30:00-04:00,27.899999618530273,27.95549964904785,27.1200008392334,27.235000610351562,684638.0
2026-06-30T11:30:00-04:00,27.25,27.360000610351562,26.850000381469727,27.079999923706055,793890.0
2026-06-30T12:30:00-04:00,27.079999923706055,27.3799991607666,26.860000610351562,27.049999237060547,524360.0
2026-06-30T13:30:00-04:00,27.0492000579834,27.170000076293945,26.600000381469727,26.725000381469727,769770.0
2026-06-30T14:30:00-04:00,26.729999542236328,27.049999237060547,26.36199951171875,27.010000228881836,1502112.0
2026-06-30T15:30:00-04:00,27.024999618530273,27.385000228881836,26.899999618530273,27.360000610351562,1903777.0
2026-07-01T09:30:00-04:00,26.979999542236328,27.040000915527344,25.239999771118164,26.139999389648438,2131978.0
2026-07-01T10:30:00-04:00,26.1299991607666,27.1299991607666,25.850000381469727,26.920000076293945,993015.0
2026-07-01T11:30:00-04:00,26.929899215698242,27.219999313354492,26.809999465942383,27.06999969482422,1010606.0
2026-07-01T12:30:00-04:00,27.06999969482422,27.389999389648438,27.010000228881836,27.149999618530273,835942.0
2026-07-01T13:30:00-04:00,27.145000457763672,27.252500534057617,26.360000610351562,26.46500015258789,525209.0
2026-07-01T14:30:00-04:00,26.46500015258789,26.559999465942383,26.329999923706055,26.40999984741211,479536.0
2026-07-01T15:30:00-04:00,26.389999389648438,26.424999237060547,25.801000595092773,25.84000015258789,1154291.0
2026-07-02T09:30:00-04:00,26.520000457763672,27.510000228881836,25.969999313354492,26.099899291992188,1656429.0
2026-07-02T10:30:00-04:00,26.079999923706055,26.5,25.270000457763672,25.459999084472656,1044087.0
2026-07-02T11:30:00-04:00,25.479999542236328,25.610000610351562,24.90999984741211,25.110000610351562,1580256.0
2026-07-02T12:30:00-04:00,25.110000610351562,25.110000610351562,24.639999389648438,24.729999542236328,672628.0
2026-07-02T13:30:00-04:00,24.719999313354492,24.739999771118164,24.229999542236328,24.549999237060547,1035836.0
2026-07-02T14:30:00-04:00,24.56999969482422,24.8700008392334,24.145000457763672,24.299999237060547,588858.0
2026-07-02T15:30:00-04:00,24.309999465942383,24.649999618530273,24.219999313354492,24.59000015258789,1140543.0
2026-07-06T09:30:00-04:00,24.959999084472656,25.969999313354492,24.8799991607666,25.32990074157715,1465572.0
2026-07-06T10:30:00-04:00,25.290000915527344,25.309999465942383,24.809999465942383,24.959999084472656,577345.0
2026-07-06T11:30:00-04:00,24.940000534057617,26.0049991607666,24.84000015258789,25.854999542236328,1086457.0
2026-07-06T12:30:00-04:00,25.844999313354492,25.8799991607666,25.459999084472656,25.524999618530273,262720.0
2026-07-06T13:30:00-04:00,25.520000457763672,25.549999237060547,25.079999923706055,25.239999771118164,509847.0
2026-07-06T14:30:00-04:00,25.225000381469727,25.485000610351562,25.139999389648438,25.389999389648438,267712.0
2026-07-06T15:30:00-04:00,25.389999389648438,25.40999984741211,25.274999618530273,25.399999618530273,438941.0
2026-07-07T09:30:00-04:00,24.875,25.559999465942383,23.469999313354492,23.600000381469727,1698494.0
2026-07-07T10:30:00-04:00,23.6299991607666,24.3799991607666,23.290000915527344,24.3799991607666,1756404.0
2026-07-07T11:30:00-04:00,24.399999618530273,25.3799991607666,24.219999313354492,25.18000030517578,898910.0
2026-07-07T12:30:00-04:00,25.18000030517578,25.31999969482422,24.770000457763672,25.219999313354492,557845.0
2026-07-07T13:30:00-04:00,25.25,25.629899978637695,25.239999771118164,25.360000610351562,479375.0
2026-07-07T14:30:00-04:00,25.3700008392334,25.399999618530273,24.364999771118164,24.579999923706055,1829769.0
2026-07-07T15:30:00-04:00,24.6299991607666,24.825000762939453,24.5,24.739999771118164,1665436.0
2026-07-08T09:30:00-04:00,23.989999771118164,24.940000534057617,23.600000381469727,24.360000610351562,1765434.0
2026-07-08T10:30:00-04:00,24.31999969482422,24.450000762939453,23.700000762939453,23.770000457763672,1009619.0
2026-07-08T11:30:00-04:00,23.774999618530273,24.1200008392334,23.50200080871582,23.950000762939453,831390.0
2026-07-08T12:30:00-04:00,23.940000534057617,24.030000686645508,23.690000534057617,24.010000228881836,486129.0
2026-07-08T13:30:00-04:00,24.020000457763672,24.09000015258789,23.649999618530273,23.850000381469727,501958.0
2026-07-08T14:30:00-04:00,23.84000015258789,24.2549991607666,23.760000228881836,24.18000030517578,965981.0
2026-07-08T15:30:00-04:00,24.200000762939453,24.915000915527344,24.100000381469727,24.8799991607666,1428163.0
2026-07-09T09:30:00-04:00,25.520000457763672,25.770000457763672,24.93000030517578,25.65999984741211,890770.0
2026-07-09T10:30:00-04:00,25.655000686645508,26.0,25.400100708007812,25.68000030517578,733252.0
2026-07-09T11:30:00-04:00,25.670000076293945,25.75,25.190000534057617,25.235000610351562,388029.0
2026-07-09T12:30:00-04:00,25.239999771118164,25.3799991607666,25.19499969482422,25.329999923706055,470148.0
2026-07-09T13:30:00-04:00,25.329999923706055,25.415000915527344,25.209999084472656,25.3799991607666,473091.0
2026-07-09T14:30:00-04:00,25.389999389648438,25.6299991607666,25.270000457763672,25.274999618530273,325147.0
2026-07-09T15:30:00-04:00,25.260000228881836,25.46500015258789,25.040000915527344,25.100000381469727,684237.0
2026-07-10T09:30:00-04:00,25.75,26.649999618530273,25.479999542236328,25.530000686645508,1363938.0
2026-07-10T10:30:00-04:00,25.53499984741211,25.79990005493164,24.795000076293945,25.25,670298.0
2026-07-10T11:30:00-04:00,25.239999771118164,25.25,24.959999084472656,25.1299991607666,206492.0
2026-07-10T12:30:00-04:00,25.1200008392334,25.274999618530273,25.010000228881836,25.114999771118164,271927.0
2026-07-10T13:30:00-04:00,25.100000381469727,25.235000610351562,24.980100631713867,25.059999465942383,281024.0
2026-07-10T14:30:00-04:00,25.059999465942383,25.109500885009766,24.764999389648438,24.899999618530273,535032.0
2026-07-10T15:30:00-04:00,24.909500122070312,24.9950008392334,24.790000915527344,24.889999389648438,618537.0
2026-07-13T09:30:00-04:00,24.34000015258789,25.1299991607666,23.899999618530273,24.290000915527344,861022.0
2026-07-13T10:30:00-04:00,24.280000686645508,24.385000228881836,23.920000076293945,23.989999771118164,340963.0
2026-07-13T11:30:00-04:00,23.969999313354492,24.01759910583496,23.399999618530273,23.424999237060547,506981.0
2026-07-13T12:30:00-04:00,23.424999237060547,23.424999237060547,23.15999984741211,23.184999465942383,341633.0
2026-07-13T13:30:00-04:00,23.200000762939453,23.389999389648438,23.049999237060547,23.1299991607666,339664.0
2026-07-13T14:30:00-04:00,23.110000610351562,23.450000762939453,23.03499984741211,23.290000915527344,723757.0
2026-07-13T15:30:00-04:00,23.299999237060547,23.540000915527344,23.290000915527344,23.360000610351562,669839.0
2026-07-14T09:30:00-04:00,23.8799991607666,24.489999771118164,23.110000610351562,23.299999237060547,1142047.0
2026-07-14T10:30:00-04:00,23.295000076293945,23.780000686645508,23.1299991607666,23.68000030517578,653366.0
2026-07-14T11:30:00-04:00,23.700000762939453,24.040000915527344,23.610000610351562,23.989999771118164,408289.0
2026-07-14T12:30:00-04:00,23.979999542236328,24.139999389648438,23.7450008392334,23.920000076293945,316406.0
2026-07-14T13:30:00-04:00,23.950000762939453,24.420000076293945,23.75,24.354999542236328,514354.0
2026-07-14T14:30:00-04:00,24.360000610351562,24.420000076293945,23.959999084472656,23.9950008392334,661122.0
2026-07-14T15:30:00-04:00,23.979999542236328,24.260000228881836,23.90999984741211,24.229999542236328,676499.0
2026-07-15T09:30:00-04:00,24.75,25.200000762939453,23.53499984741211,23.719999313354492,958673.0
2026-07-15T10:30:00-04:00,23.748300552368164,24.010000228881836,23.559999465942383,23.860000610351562,409839.0
2026-07-15T11:30:00-04:00,23.850000381469727,24.020000457763672,23.59000015258789,23.690000534057617,423606.0
2026-07-15T12:30:00-04:00,23.68000030517578,24.59000015258789,23.510000228881836,24.3799991607666,382488.0
2026-07-15T13:30:00-04:00,24.3799991607666,24.93000030517578,24.239999771118164,24.8700008392334,595192.0
2026-07-15T14:30:00-04:00,24.8799991607666,25.040000915527344,24.139999389648438,24.309999465942383,723083.0
2026-07-15T15:30:00-04:00,24.325000762939453,24.799999237060547,24.31999969482422,24.579999923706055,497505.0
2026-07-16T09:30:00-04:00,23.760000228881836,23.912500381469727,22.799999237060547,23.1299991607666,988015.0
2026-07-16T10:30:00-04:00,23.104999542236328,23.264999389648438,22.8700008392334,23.059999465942383,519454.0
2026-07-16T11:30:00-04:00,23.079999923706055,24.579999923706055,22.549999237060547,22.65999984741211,659060.0
2026-07-16T12:30:00-04:00,22.65999984741211,22.790000915527344,22.479999542236328,22.770000457763672,367758.0
2026-07-16T13:30:00-04:00,22.770000457763672,22.81999969482422,22.479999542236328,22.729999542236328,563620.0
2026-07-16T14:30:00-04:00,22.719999313354492,22.850000381469727,22.510000228881836,22.55500030517578,493368.0
2026-07-16T15:30:00-04:00,22.540000915527344,22.61989974975586,22.260000228881836,22.309999465942383,1043360.0
2026-07-17T09:30:00-04:00,21.5,21.969999313354492,21.010000228881836,21.575000762939453,1713293.0
2026-07-17T10:30:00-04:00,21.549999237060547,21.729900360107422,21.18000030517578,21.260000228881836,815542.0
2026-07-17T11:30:00-04:00,21.280000686645508,21.895000457763672,21.1200008392334,21.6200008392334,832281.0
2026-07-17T12:30:00-04:00,21.649999618530273,22.3700008392334,21.549999237060547,22.360000610351562,836579.0
2026-07-17T13:30:00-04:00,22.3700008392334,22.43000030517578,21.815000534057617,21.815000534057617,436340.0
2026-07-17T14:30:00-04:00,21.81999969482422,21.915000915527344,21.520000457763672,21.604999542236328,564875.0
2026-07-17T15:30:00-04:00,21.6200008392334,21.704999923706055,21.475000381469727,21.635000228881836,942562.0
2026-07-20T09:30:00-04:00,22.479999542236328,23.260000228881836,22.389999389648438,23.1299991607666,1003663.0
2026-07-20T10:30:00-04:00,23.139999389648438,23.5,22.864999771118164,23.420000076293945,687121.0
2026-07-20T11:30:00-04:00,23.43000030517578,23.90999984741211,23.309999465942383,23.829999923706055,538884.0
2026-07-20T12:30:00-04:00,23.834999084472656,24.0,23.690000534057617,23.790000915527344,460514.0
2026-07-20T13:30:00-04:00,23.790000915527344,23.959999084472656,23.670000076293945,23.719999313354492,368366.0
2026-07-20T14:30:00-04:00,23.700000762939453,23.809999465942383,23.264999389648438,23.520000457763672,549237.0
2026-07-20T15:30:00-04:00,23.540000915527344,23.760000228881836,23.399999618530273,23.674999237060547,895767.0
2026-07-21T09:30:00-04:00,24.3799991607666,25.614999771118164,24.3799991607666,25.59000015258789,1276545.0
2026-07-21T10:30:00-04:00,25.579999923706055,25.989999771118164,25.420000076293945,25.80500030517578,1524780.0
2026-07-21T11:30:00-04:00,25.809999465942383,25.969999313354492,25.58049964904785,25.860300064086914,794100.0
2026-07-21T12:30:00-04:00,25.889999389648438,26.009899139404297,25.549999237060547,25.899999618530273,501541.0
2026-07-21T13:30:00-04:00,25.889999389648438,25.950000762939453,25.479999542236328,25.579999923706055,372922.0
2026-07-21T14:30:00-04:00,25.56999969482422,25.780000686645508,25.0,25.700000762939453,852922.0
2026-07-21T15:30:00-04:00,25.729999542236328,25.829999923706055,25.399999618530273,25.40999984741211,1523656.0
2026-07-22T09:30:00-04:00,24.44499969482422,26.04990005493164,24.3302001953125,25.399999618530273,832726.0
2026-07-22T10:30:00-04:00,25.440000534057617,25.479999542236328,24.950000762939453,25.280000686645508,343311.0
2026-07-22T11:30:00-04:00,25.260000228881836,25.28499984741211,24.989999771118164,25.15999984741211,305128.0
2026-07-22T12:30:00-04:00,25.15999984741211,25.315000534057617,25.024999618530273,25.049999237060547,298428.0
2026-07-22T13:30:00-04:00,25.059999465942383,25.1299991607666,24.8799991607666,24.969999313354492,578459.0
2026-07-22T14:30:00-04:00,24.975000381469727,25.19499969482422,24.850000381469727,25.09000015258789,537821.0
2026-07-22T15:30:00-04:00,25.079999923706055,25.100000381469727,24.729999542236328,24.780000686645508,887404.0
2026-07-23T09:30:00-04:00,23.969999313354492,25.43000030517578,23.940000534057617,24.760000228881836,1108178.0
2026-07-23T10:30:00-04:00,24.799999237060547,24.809999465942383,23.66200065612793,23.825000762939453,641315.0
2026-07-23T11:30:00-04:00,23.829999923706055,24.30500030517578,23.709999084472656,24.30500030517578,349649.0
2026-07-23T12:30:00-04:00,24.315000534057617,24.5,24.09000015258789,24.43000030517578,206937.0
2026-07-23T13:30:00-04:00,24.40999984741211,24.56999969482422,23.780000686645508,24.3700008392334,559113.0
2026-07-23T14:30:00-04:00,24.3799991607666,24.450000762939453,24.06999969482422,24.2549991607666,569860.0
2026-07-23T15:30:00-04:00,24.260000228881836,24.514999389648438,24.155000686645508,24.31999969482422,486782.0
2026-07-24T09:30:00-04:00,23.989999771118164,24.40999984741211,23.299999237060547,23.440000534057617,903287.0
2026-07-24T10:30:00-04:00,23.440000534057617,23.850000381469727,23.170000076293945,23.729999542236328,494064.0
2026-07-24T11:30:00-04:00,23.721900939941406,23.8799991607666,23.6299991607666,23.65999984741211,278660.0
2026-07-24T12:30:00-04:00,23.639999389648438,23.68000030517578,23.229999542236328,23.420000076293945,274424.0
2026-07-24T13:30:00-04:00,23.389999389648438,23.489999771118164,23.1200008392334,23.139999389648438,235297.0
2026-07-24T14:30:00-04:00,23.135000228881836,23.135000228881836,22.600000381469727,22.690000534057617,510422.0
2026-07-24T15:30:00-04:00,22.690000534057617,22.860000610351562,22.600000381469727,22.68000030517578,767296.0
2026-07-27T09:30:00-04:00,23.110000610351562,23.899999618530273,22.65999984741211,22.670000076293945,930839.0
2026-07-27T10:30:00-04:00,22.65999984741211,22.700000762939453,22.280099868774414,22.334999084472656,573354.0
2026-07-27T11:30:00-04:00,22.31999969482422,22.530000686645508,21.979999542236328,22.530000686645508,427695.0
2026-07-27T12:30:00-04:00,22.530000686645508,22.68000030517578,22.209999084472656,22.31999969482422,271336.0
2026-07-27T13:30:00-04:00,22.299999237060547,22.549999237060547,22.290000915527344,22.344999313354492,303582.0
2026-07-27T14:30:00-04:00,22.350000381469727,22.68000030517578,22.15999984741211,22.540000915527344,564065.0
2026-07-27T15:30:00-04:00,22.530000686645508,22.729999542236328,22.450000762939453,22.709999084472656,1218644.0
2026-07-28T09:30:00-04:00,21.545000076293945,21.6299991607666,19.940000534057617,20.399999618530273,2152612.0
2026-07-28T10:30:00-04:00,20.415000915527344,21.045000076293945,20.2549991607666,20.969999313354492,823624.0
2026-07-28T11:30:00-04:00,20.979999542236328,21.030000686645508,20.684999465942383,20.780000686645508,582179.0
2026-07-28T12:30:00-04:00,20.7450008392334,20.93000030517578,20.69499969482422,20.7549991607666,484580.0
2026-07-28T13:30:00-04:00,20.7549991607666,20.799999237060547,20.549999237060547,20.559999465942383,459042.0
2026-07-28T14:30:00-04:00,20.559999465942383,20.860000610351562,20.389999389648438,20.815000534057617,780406.0
2026-07-28T15:30:00-04:00,20.815000534057617,20.979999542236328,20.56999969482422,20.934999465942383,1161016.0
2026-07-29T09:30:00-04:00,20.959999084472656,21.020000457763672,19.520000457763672,19.54199981689453,1250254.0
2026-07-29T10:30:00-04:00,19.545000076293945,19.690000534057617,19.280000686645508,19.369300842285156,872512.0
2026-07-29T11:30:00-04:00,19.360000610351562,19.389999389648438,18.8799991607666,19.235000610351562,1575621.0
2026-07-29T12:30:00-04:00,19.25,19.434999465942383,19.110000610351562,19.299999237060547,514961.0
2026-07-29T13:30:00-04:00,19.290000915527344,19.674999237060547,19.100500106811523,19.1200008392334,557479.0
2026-07-29T14:30:00-04:00,19.1299991607666,19.709999084472656,18.90999984741211,18.975000381469727,964944.0
2026-07-29T15:30:00-04:00,18.969999313354492,18.979999542236328,18.219999313354492,18.25,1621620.0
2026-07-30T09:30:00-04:00,19.399999618530273,21.170299530029297,19.3799991607666,21.075000762939453,2267643.0
2026-07-30T10:30:00-04:00,21.06999969482422,21.360000610351562,20.59000015258789,20.6299991607666,1461630.0
2026-07-30T11:30:00-04:00,20.610000610351562,21.219999313354492,20.610000610351562,21.209999084472656,528830.0
2026-07-30T12:30:00-04:00,21.200000762939453,21.459999084472656,21.075000762939453,21.299999237060547,711057.0
2026-07-30T13:30:00-04:00,21.309999465942383,21.639999389648438,21.22450065612793,21.549999237060547,538799.0
2026-07-30T14:30:00-04:00,21.559900283813477,21.80500030517578,21.514999389648438,21.514999389648438,698984.0
2026-07-30T15:30:00-04:00,21.514999389648438,21.65999984741211,21.28499984741211,21.5,1405260.0
2026-07-31T09:30:00-04:00,22.495100021362305,22.495100021362305,20.389999389648438,20.68000030517578,1812630.0
2026-07-31T10:30:00-04:00,20.700000762939453,21.239999771118164,20.639999389648438,20.950000762939453,717072.0
2026-07-31T11:30:00-04:00,20.959999084472656,21.049999237060547,20.739999771118164,21.049999237060547,323808.0
2026-07-31T12:30:00-04:00,21.09000015258789,21.149900436401367,20.889999389648438,21.149900436401367,257876.0
2026-07-31T13:30:00-04:00,21.1299991607666,21.315000534057617,21.110000610351562,21.299999237060547,325616.0
2026-07-31T14:30:00-04:00,21.299999237060547,21.440000534057617,21.229999542236328,21.309999465942383,499812.0
2026-07-31T15:30:00-04:00,21.309999465942383,21.31999969482422,20.9950008392334,21.010000228881836,613960.0
2026-08-03T09:30:00-04:00,20.43000030517578,21.729999542236328,20.149999618530273,21.6200008392334,1009689.0
2026-08-03T10:30:00-04:00,21.6200008392334,22.079999923706055,21.6200008392334,21.75,841892.0
2026-08-03T11:30:00-04:00,21.780000686645508,22.100000381469727,21.760000228881836,22.049999237060547,381038.0
2026-08-03T12:30:00-04:00,22.040000915527344,22.040000915527344,21.510000228881836,21.809999465942383,628156.0
2026-08-03T13:30:00-04:00,21.81999969482422,21.96500015258789,21.6299991607666,21.65999984741211,395350.0
2026-08-03T14:30:00-04:00,21.65999984741211,21.918699264526367,21.565000534057617,21.850000381469727,697158.0
2026-08-03T15:30:00-04:00,21.860000610351562,21.919300079345703,21.700000762939453,21.90999984741211,620491.0
2026-08-04T09:30:00-04:00,21.559999465942383,22.645000457763672,21.5,22.079999923706055,1120594.0
2026-08-04T10:30:00-04:00,22.100000381469727,22.3799991607666,21.959999084472656,22.308000564575195,547769.0
2026-08-04T11:30:00-04:00,22.309999465942383,22.440000534057617,22.139999389648438,22.31999969482422,1050367.0
2026-08-04T12:30:00-04:00,22.315000534057617,22.59000015258789,22.274999618530273,22.540000915527344,734810.0
2026-08-04T13:30:00-04:00,22.545000076293945,22.610000610351562,22.329999923706055,22.385000228881836,622084.0
2026-08-04T14:30:00-04:00,22.385000228881836,22.639999389648438,22.270000457763672,22.450000762939453,739021.0
2026-08-04T15:30:00-04:00,22.450000762939453,22.520000457763672,22.040000915527344,22.145000457763672,1584726.0
2026-08-05T09:30:00-04:00,20.510000228881836,20.639999389648438,18.934999465942383,19.670000076293945,4676435.0
2026-08-05T10:30:00-04:00,19.674999237060547,19.825000762939453,19.0,19.049999237060547,1748564.0
2026-08-05T11:30:00-04:00,19.059999465942383,19.57990074157715,19.010000228881836,19.5049991607666,2126135.0
2026-08-05T12:30:00-04:00,19.5049991607666,19.510000228881836,19.149999618530273,19.309999465942383,1845557.0
2026-08-05T13:30:00-04:00,19.299999237060547,19.350000381469727,19.06999969482422,19.084999084472656,1066204.0
2026-08-05T14:30:00-04:00,19.079999923706055,19.514999389648438,18.809999465942383,19.510000228881836,1796020.0
2026-08-05T15:30:00-04:00,19.510000228881836,19.530000686645508,18.9950008392334,19.06999969482422,2040870.0
2026-08-06T09:30:00-04:00,18.924999237060547,19.84000015258789,18.649999618530273,19.440000534057617,1693039.0
2026-08-06T10:30:00-04:00,19.47909927368164,20.25,19.329999923706055,20.200000762939453,812964.0
2026-08-06T11:30:00-04:00,20.219999313354492,20.270000457763672,19.510000228881836,19.540000915527344,857941.0
2026-08-06T12:30:00-04:00,19.549999237060547,20.030000686645508,19.440000534057617,19.920000076293945,529855.0
2026-08-06T13:30:00-04:00,19.920000076293945,20.399999618530273,19.90999984741211,20.260000228881836,1040582.0
2026-08-06T14:30:00-04:00,20.270000457763672,20.34000015258789,19.93000030517578,20.030000686645508,1220131.0
2026-08-06T15:30:00-04:00,20.030000686645508,20.06999969482422,19.510000228881836,19.540000915527344,2275855.0
2026-08-07T09:30:00-04:00,20.459999084472656,20.670000076293945,20.045000076293945,20.600000381469727,1894593.0
2026-08-07T10:30:00-04:00,20.584999084472656,20.823200225830078,20.350000381469727,20.760000228881836,852092.0
2026-08-07T11:30:00-04:00,20.789100646972656,20.875,20.549999237060547,20.600000381469727,406188.0
2026-08-07T12:30:00-04:00,20.594999313354492,20.594999313354492,19.815000534057617,19.861000061035156,925146.0
2026-08-07T13:30:00-04:00,19.864999771118164,20.09000015258789,19.799999237060547,20.09000015258789,427303.0
2026-08-07T14:30:00-04:00,20.110000610351562,20.209999084472656,19.875,20.138200759887695,457013.0
2026-08-07T15:30:00-04:00,20.1200008392334,20.211000442504883,19.834999084472656,20.150100708007812,970093.0
2026-08-10T09:30:00-04:00,20.395000457763672,20.459999084472656,19.44499969482422,20.065000534057617,1013934.0
2026-08-10T10:30:00-04:00,20.075000762939453,20.13990020751953,19.68000030517578,19.709999084472656,374501.0
2026-08-10T11:30:00-04:00,19.719999313354492,19.809999465942383,19.549999237060547,19.610000610351562,315672.0
2026-08-10T12:30:00-04:00,19.579999923706055,19.899999618530273,19.450000762939453,19.760000228881836,490218.0
2026-08-10T13:30:00-04:00,19.760000228881836,19.829999923706055,19.704999923706055,19.7450008392334,461130.0
2026-08-10T14:30:00-04:00,19.729999542236328,20.020000457763672,19.68000030517578,19.940000534057617,743685.0
2026-08-10T15:30:00-04:00,19.940000534057617,20.0,19.510000228881836,19.530000686645508,923811.0
2026-08-11T09:30:00-04:00,20.81999969482422,21.100000381469727,20.332000732421875,20.690000534057617,1936912.0
2026-08-11T10:30:00-04:00,20.68000030517578,20.68000030517578,20.310100555419922,20.360000610351562,695652.0
2026-08-11T11:30:00-04:00,20.350000381469727,20.399999618530273,20.204999923706055,20.290000915527344,640794.0
2026-08-11T12:30:00-04:00,20.28499984741211,20.40999984741211,20.25,20.405000686645508,529357.0
2026-08-11T13:30:00-04:00,20.405000686645508,20.530000686645508,20.3700008392334,20.399999618530273,1193443.0
2026-08-11T14:30:00-04:00,20.405000686645508,20.43000030517578,20.15239906311035,20.21500015258789,820656.0
2026-08-11T15:30:00-04:00,20.225000381469727,20.270000457763672,20.100000381469727,20.1200008392334,1128809.0
2026-08-12T09:30:00-04:00,21.704999923706055,21.969999313354492,21.049999237060547,21.34000015258789,1670997.0
2026-08-12T10:30:00-04:00,21.350000381469727,21.415000915527344,21.020000457763672,21.278200149536133,509944.0
2026-08-12T11:30:00-04:00,21.28499984741211,21.440000534057617,21.19499969482422,21.299999237060547,380086.0
2026-08-12T12:30:00-04:00,21.299999237060547,21.459999084472656,21.170000076293945,21.440000534057617,554262.0
2026-08-12T13:30:00-04:00,21.43910026550293,21.774999618530273,21.434999465942383,21.545000076293945,632522.0
2026-08-12T14:30:00-04:00,21.549999237060547,21.790000915527344,21.510000228881836,21.709999084472656,594055.0
2026-08-12T15:30:00-04:00,21.700000762939453,21.700000762939453,21.049999237060547,21.06999969482422,1089893.0
2026-08-13T09:30:00-04:00,21.0,22.56999969482422,20.90999984741211,21.950000762939453,1382708.0
2026-08-13T10:30:00-04:00,21.950000762939453,22.010000228881836,21.3799991607666,21.44499969482422,866966.0
2026-08-13T11:30:00-04:00,21.44499969482422,21.520000457763672,21.079999923706055,21.239999771118164,395667.0
2026-08-13T12:30:00-04:00,21.239999771118164,21.350000381469727,21.09000015258789,21.239999771118164,826850.0
2026-08-13T13:30:00-04:00,21.239999771118164,21.290000915527344,21.0,21.048999786376953,419892.0
2026-08-13T14:30:00-04:00,21.040000915527344,21.309999465942383,20.979999542236328,21.235000610351562,551521.0
2026-08-13T15:30:00-04:00,21.229999542236328,21.280000686645508,20.940000534057617,20.940000534057617,1196756.0
2026-08-14T09:30:00-04:00,21.0,21.719900131225586,20.959999084472656,21.239999771118164,822740.0
2026-08-14T10:30:00-04:00,21.280000686645508,21.579999923706055,21.135000228881836,21.135000228881836,408894.0
2026-08-14T11:30:00-04:00,21.149999618530273,21.313100814819336,21.110000610351562,21.209999084472656,813549.0
2026-08-14T12:30:00-04:00,21.219999313354492,21.790000915527344,21.09000015258789,21.600000381469727,876977.0
2026-08-14T13:30:00-04:00,21.610000610351562,21.860000610351562,21.510000228881836,21.809999465942383,477662.0
2026-08-14T14:30:00-04:00,21.834999084472656,21.864999771118164,21.475000381469727,21.719999313354492,507548.0
2026-08-14T15:30:00-04:00,21.739999771118164,21.829999923706055,21.559999465942383,21.639999389648438,804825.0
2026-08-17T09:30:00-04:00,21.540000915527344,21.940000534057617,21.20009994506836,21.59000015258789,807735.0
2026-08-17T10:30:00-04:00,21.584999084472656,21.84000015258789,21.43000030517578,21.81599998474121,468848.0
2026-08-17T11:30:00-04:00,21.81999969482422,22.469999313354492,21.729999542236328,22.350000381469727,826418.0
2026-08-17T12:30:00-04:00,22.350000381469727,22.59000015258789,22.084999084472656,22.09000015258789,608785.0
2026-08-17T13:30:00-04:00,22.100000381469727,22.43000030517578,21.950000762939453,22.280000686645508,532333.0
2026-08-17T14:30:00-04:00,22.290000915527344,22.31999969482422,21.809999465942383,21.940000534057617,370992.0
2026-08-17T15:30:00-04:00,21.959999084472656,22.020000457763672,21.850000381469727,21.8799991607666,710192.0
2026-08-18T09:30:00-04:00,20.94499969482422,21.5,20.790000915527344,21.1200008392334,1109328.0
2026-08-18T10:30:00-04:00,21.1299991607666,21.149999618530273,20.549999237060547,20.70989990234375,838533.0
2026-08-18T11:30:00-04:00,20.700000762939453,20.950000762939453,20.700000762939453,20.78499984741211,224333.0
2026-08-18T12:30:00-04:00,20.780000686645508,20.989999771118164,20.510000228881836,20.549999237060547,363227.0
2026-08-18T13:30:00-04:00,20.530000686645508,20.53499984741211,20.200000762939453,20.235000610351562,1117287.0
2026-08-18T14:30:00-04:00,20.239999771118164,20.5,20.139999389648438,20.454999923706055,779900.0
2026-08-18T15:30:00-04:00,20.450000762939453,20.549999237060547,20.280000686645508,20.440000534057617,925787.0
2026-08-19T09:30:00-04:00,20.40999984741211,20.71500015258789,20.010000228881836,20.5,1057286.0
2026-08-19T10:30:00-04:00,20.4950008392334,21.770000457763672,20.4950008392334,21.59000015258789,1336301.0
2026-08-19T11:30:00-04:00,21.579999923706055,22.360000610351562,21.55500030517578,22.135000228881836,1819539.0
2026-08-19T12:30:00-04:00,22.135000228881836,22.299999237060547,21.59000015258789,21.649999618530273,1082475.0
2026-08-19T13:30:00-04:00,21.670000076293945,21.739999771118164,21.43000030517578,21.520000457763672,401800.0
2026-08-19T14:30:00-04:00,21.5049991607666,21.93000030517578,21.3799991607666,21.844999313354492,902295.0
2026-08-19T15:30:00-04:00,21.84000015258789,22.155000686645508,21.790000915527344,21.905000686645508,958737.0
2026-08-20T09:30:00-04:00,23.450000762939453,23.559999465942383,22.600000381469727,22.844999313354492,1829409.0
2026-08-20T10:30:00-04:00,22.81999969482422,23.520000457763672,22.75,23.290000915527344,750991.0
2026-08-20T11:30:00-04:00,23.295000076293945,23.311899185180664,22.69070053100586,22.8700008392334,669933.0
2026-08-20T12:30:00-04:00,22.8700008392334,23.19499969482422,22.75,22.9950008392334,565931.0
2026-08-20T13:30:00-04:00,23.0,23.079999923706055,22.809999465942383,22.969999313354492,297808.0
2026-08-20T14:30:00-04:00,22.969999313354492,23.125,22.645000457763672,23.075000762939453,540883.0
2026-08-20T15:30:00-04:00,23.059999465942383,23.520000457763672,23.030000686645508,23.46500015258789,1045391.0
2026-08-21T09:30:00-04:00,24.25,25.100000381469727,23.56999969482422,23.84000015258789,2865511.0
2026-08-21T10:30:00-04:00,23.90999984741211,24.1299991607666,23.310100555419922,23.889999389648438,990703.0
2026-08-21T11:30:00-04:00,23.8799991607666,24.219999313354492,23.81999969482422,24.105499267578125,572356.0
2026-08-21T12:30:00-04:00,24.09000015258789,24.100000381469727,23.56089973449707,23.689300537109375,367292.0
2026-08-21T13:30:00-04:00,23.684999465942383,23.860000610351562,23.600000381469727,23.709999084472656,508750.0
2026-08-21T14:30:00-04:00,23.709999084472656,23.716299057006836,23.420000076293945,23.559999465942383,668453.0
2026-08-21T15:30:00-04:00,23.540000915527344,23.69499969482422,23.299999237060547,23.639999389648438,845405.0
2026-08-24T09:30:00-04:00,23.510000228881836,23.790000915527344,22.93120002746582,23.594999313354492,981409.0
2026-08-24T10:30:00-04:00,23.649700164794922,23.829999923706055,23.280000686645508,23.799999237060547,552087.0
2026-08-24T11:30:00-04:00,23.835399627685547,23.835399627685547,23.309999465942383,23.614999771118164,458819.0
2026-08-24T12:30:00-04:00,23.639999389648438,23.649999618530273,23.020000457763672,23.049999237060547,367057.0
2026-08-24T13:30:00-04:00,23.040000915527344,23.344999313354492,22.90999984741211,23.2549991607666,389952.0
2026-08-24T14:30:00-04:00,23.270000457763672,23.315000534057617,22.82069969177246,22.873600006103516,356846.0
2026-08-24T15:30:00-04:00,22.8799991607666,22.950000762939453,22.530000686645508,22.829999923706055,933417.0
2026-08-25T09:30:00-04:00,22.790000915527344,23.795000076293945,22.735000610351562,23.670000076293945,1061289.0
2026-08-25T10:30:00-04:00,23.68000030517578,23.860000610351562,23.469999313354492,23.75,587287.0
2026-08-25T11:30:00-04:00,23.750099182128906,24.18000030517578,23.614999771118164,23.985000610351562,592559.0
2026-08-25T12:30:00-04:00,23.975000381469727,24.56999969482422,23.93000030517578,24.434999465942383,763760.0
2026-08-25T13:30:00-04:00,24.434999465942383,24.885000228881836,22.84000015258789,24.829999923706055,984140.0
2026-08-25T14:30:00-04:00,24.84000015258789,25.145000457763672,24.61079978942871,24.74049949645996,1112389.0
2026-08-25T15:30:00-04:00,24.739999771118164,24.84000015258789,24.469999313354492,24.799999237060547,1812614.0
2026-08-26T09:30:00-04:00,23.860000610351562,24.520000457763672,23.709999084472656,24.06999969482422,848365.0
2026-08-26T10:30:00-04:00,24.059999465942383,24.155000686645508,23.709999084472656,24.135000228881836,521884.0
2026-08-26T11:30:00-04:00,24.125,24.125,23.850000381469727,23.899999618530273,278220.0
2026-08-26T12:30:00-04:00,23.889999389648438,24.149999618530273,23.799999237060547,24.149999618530273,215949.0
2026-08-26T13:30:00-04:00,24.145000457763672,24.5,24.110000610351562,24.309999465942383,326027.0
2026-08-26T14:30:00-04:00,24.309999465942383,24.670000076293945,24.309999465942383,24.600299835205078,506500.0
2026-08-26T15:30:00-04:00,24.604999542236328,24.809999465942383,24.5,24.670000076293945,1037862.0
2026-08-27T09:30:00-04:00,25.079999923706055,25.6299991607666,24.520000457763672,25.3700008392334,1558767.0
2026-08-27T10:30:00-04:00,25.3799991607666,26.200000762939453,25.350000381469727,25.614999771118164,1167427.0
2026-08-27T11:30:00-04:00,25.6294002532959,25.8700008392334,25.56999969482422,25.799999237060547,461427.0
2026-08-27T12:30:00-04:00,25.780000686645508,26.05940055847168,25.68000030517578,25.969999313354492,511041.0
2026-08-27T13:30:00-04:00,25.950000762939453,26.024999618530273,25.40999984741211,25.479999542236328,435094.0
2026-08-27T14:30:00-04:00,25.479999542236328,25.549999237060547,25.360000610351562,25.3700008392334,824225.0
2026-08-27T15:30:00-04:00,25.375,25.375,25.100000381469727,25.290000915527344,2195383.0
2026-08-28T09:30:00-04:00,24.665000915527344,25.05500030517578,24.100000381469727,24.434999465942383,856423.0
2026-08-28T10:30:00-04:00,24.424999237060547,24.81999969482422,24.15999984741211,24.200000762939453,393165.0
2026-08-28T11:30:00-04:00,24.226299285888672,24.229999542236328,23.389999389648438,23.393400192260742,660107.0
2026-08-28T12:30:00-04:00,23.399999618530273,23.520000457763672,23.309999465942383,23.43000030517578,328748.0
2026-08-28T13:30:00-04:00,23.424999237060547,23.489999771118164,23.184999465942383,23.25,345723.0
2026-08-28T14:30:00-04:00,23.260000228881836,23.489999771118164,23.104999542236328,23.420000076293945,789226.0
2026-08-28T15:30:00-04:00,23.405000686645508,23.440000534057617,23.139999389648438,23.21500015258789,734474.0
2026-08-31T09:30:00-04:00,23.149999618530273,23.280000686645508,22.809999465942383,23.06999969482422,669524.0
2026-08-31T10:30:00-04:00,23.08989906311035,23.309999465942383,23.020000457763672,23.200000762939453,684644.0
2026-08-31T11:30:00-04:00,23.18000030517578,23.350000381469727,23.165000915527344,23.350000381469727,230600.0
2026-08-31T12:30:00-04:00,23.360000610351562,23.78499984741211,23.338600158691406,23.700000762939453,466257.0
2026-08-31T13:30:00-04:00,23.709999084472656,23.959999084472656,23.69499969482422,23.7549991607666,351390.0
2026-08-31T14:30:00-04:00,23.752399444580078,24.739999771118164,23.729999542236328,24.670000076293945,813029.0
2026-08-31T15:30:00-04:00,24.670000076293945,24.979999542236328,24.545000076293945,24.600000381469727,1528955.0
2026-09-01T09:30:00-04:00,23.68000030517578,23.989999771118164,23.25,23.729999542236328,779386.0
2026-09-01T10:30:00-04:00,23.75,24.170000076293945,23.75,24.024999618530273,521806.0
2026-09-01T11:30:00-04:00,24.049999237060547,24.1200008392334,23.473400115966797,23.579999923706055,315557.0
2026-09-01T12:30:00-04:00,23.584999084472656,23.665000915527344,23.34000015258789,23.399999618530273,486105.0
2026-09-01T13:30:00-04:00,23.450000762939453,23.514999389648438,23.25,23.409900665283203,319471.0
2026-09-01T14:30:00-04:00,23.375,23.729999542236328,23.059999465942383,23.649999618530273,398003.0
2026-09-01T15:30:00-04:00,23.639999389648438,23.645000457763672,23.364999771118164,23.43000030517578,625764.0
2026-09-02T09:30:00-04:00,23.06999969482422,23.770000457763672,22.81999969482422,23.601600646972656,561673.0
2026-09-02T10:30:00-04:00,23.56100082397461,23.6299991607666,23.364999771118164,23.559999465942383,244024.0
2026-09-02T11:30:00-04:00,23.540000915527344,23.69499969482422,23.489999771118164,23.575000762939453,167260.0
2026-09-02T12:30:00-04:00,23.59000015258789,23.719999313354492,23.510000228881836,23.56999969482422,212078.0
2026-09-02T13:30:00-04:00,23.565000534057617,24.104999542236328,23.549999237060547,24.049999237060547,265054.0
2026-09-02T14:30:00-04:00,24.040000915527344,24.229999542236328,23.920000076293945,24.1299991607666,183150.0
2026-09-02T15:30:00-04:00,24.09000015258789,24.190000534057617,23.979999542236328,24.05500030517578,532039.0
2026-09-03T09:30:00-04:00,24.700000762939453,26.600000381469727,24.350000381469727,26.540000915527344,1620014.0
2026-09-03T10:30:00-04:00,26.55500030517578,27.190000534057617,26.262300491333008,26.84000015258789,2298362.0
2026-09-03T11:30:00-04:00,26.889999389648438,27.040000915527344,26.459999084472656,26.469999313354492,750370.0
2026-09-03T12:30:00-04:00,26.479999542236328,26.77989959716797,26.479999542236328,26.565000534057617,506816.0
2026-09-03T13:30:00-04:00,26.569900512695312,26.780000686645508,26.469999313354492,26.479999542236328,505951.0
2026-09-03T14:30:00-04:00,26.479999542236328,26.790000915527344,26.434999465942383,26.790000915527344,562460.0
2026-09-03T15:30:00-04:00,26.790000915527344,26.829999923706055,26.420000076293945,26.479999542236328,1025669.0
2026-09-04T09:30:00-04:00,25.780000686645508,26.639999389648438,25.780000686645508,26.079999923706055,703859.0
2026-09-04T10:30:00-04:00,26.09000015258789,26.40999984741211,25.8700008392334,26.3700008392334,364526.0
2026-09-04T11:30:00-04:00,26.3700008392334,26.46500015258789,26.170000076293945,26.190000534057617,342050.0
2026-09-04T12:30:00-04:00,26.190000534057617,26.530000686645508,25.969999313354492,25.969999313354492,396082.0
2026-09-04T13:30:00-04:00,25.979999542236328,26.219999313354492,25.969999313354492,26.190000534057617,322420.0
2026-09-04T14:30:00-04:00,26.200000762939453,26.399999618530273,26.049999237060547,26.364999771118164,302088.0
2026-09-04T15:30:00-04:00,26.3700008392334,26.5,26.19499969482422,26.31999969482422,883876.0
2026-09-08T09:30:00-04:00,26.350000381469727,27.170000076293945,26.100000381469727,27.131200790405273,829150.0
2026-09-08T10:30:00-04:00,27.139999389648438,27.309999465942383,26.815000534057617,27.180999755859375,567790.0
2026-09-08T11:30:00-04:00,27.200000762939453,27.520000457763672,27.149999618530273,27.25,640362.0
2026-09-08T12:30:00-04:00,27.229999542236328,27.469999313354492,27.149999618530273,27.219999313354492,326171.0
2026-09-08T13:30:00-04:00,27.229999542236328,27.489999771118164,27.084999084472656,27.450000762939453,274471.0
2026-09-08T14:30:00-04:00,27.43000030517578,27.450000762939453,27.079999923706055,27.184999465942383,367279.0
2026-09-08T15:30:00-04:00,27.19499969482422,27.209999084472656,26.954999923706055,27.049999237060547,521288.0
2026-09-09T09:30:00-04:00,27.079999923706055,27.187299728393555,25.820899963378906,26.19499969482422,908207.0
2026-09-09T10:30:00-04:00,26.209999084472656,26.229999542236328,25.450000762939453,25.739999771118164,752252.0
2026-09-09T11:30:00-04:00,25.739999771118164,26.03510093688965,25.600000381469727,25.68000030517578,497200.0
2026-09-09T12:30:00-04:00,25.700000762939453,25.71500015258789,25.40999984741211,25.59000015258789,1212792.0
2026-09-09T13:30:00-04:00,25.579999923706055,25.6200008392334,25.200000762939453,25.315000534057617,658479.0
2026-09-09T14:30:00-04:00,25.315000534057617,25.31999969482422,25.049999237060547,25.139999389648438,604247.0
2026-09-09T15:30:00-04:00,25.149999618530273,25.25,25.079999923706055,25.170000076293945,628122.0
2026-09-10T09:30:00-04:00,24.260000228881836,24.790000915527344,23.81999969482422,24.710100173950195,933592.0
2026-09-10T10:30:00-04:00,24.709999084472656,24.93000030517578,24.6299991607666,24.65999984741211,348815.0
2026-09-10T11:30:00-04:00,24.65999984741211,24.78499984741211,24.22010040283203,24.299999237060547,296739.0
2026-09-10T12:30:00-04:00,24.315000534057617,24.420000076293945,24.190000534057617,24.36840057373047,276583.0
2026-09-10T13:30:00-04:00,24.3700008392334,24.5,24.270000457763672,24.350000381469727,291638.0
2026-09-10T14:30:00-04:00,24.329999923706055,24.368999481201172,24.06999969482422,24.2549991607666,604438.0
2026-09-10T15:30:00-04:00,24.2549991607666,24.2549991607666,24.03499984741211,24.139999389648438,988815.0
2026-09-11T09:30:00-04:00,24.709999084472656,25.94379997253418,24.0,25.299999237060547,1045382.0
2026-09-11T10:30:00-04:00,25.290000915527344,25.309999465942383,24.760000228881836,25.110000610351562,699472.0
2026-09-11T11:30:00-04:00,25.09000015258789,25.25,24.739999771118164,25.200000762939453,410709.0
2026-09-11T12:30:00-04:00,25.18000030517578,25.260000228881836,24.979999542236328,25.199399948120117,215534.0
2026-09-11T13:30:00-04:00,25.190000534057617,25.21500015258789,24.700000762939453,24.829999923706055,228836.0
2026-09-11T14:30:00-04:00,24.84000015258789,24.860000610351562,24.450000762939453,24.475000381469727,298739.0
2026-09-11T15:30:00-04:00,24.459999084472656,24.559999465942383,24.3799991607666,24.399999618530273,442827.0
2026-09-14T09:30:00-04:00,22.959999084472656,24.222000122070312,22.959999084472656,23.809999465942383,711164.0
2026-09-14T10:30:00-04:00,23.885000228881836,24.020000457763672,23.6200008392334,23.860000610351562,326904.0
2026-09-14T11:30:00-04:00,23.86009979248047,24.267200469970703,23.829999923706055,24.059999465942383,320940.0
2026-09-14T12:30:00-04:00,24.06999969482422,24.163700103759766,23.8799991607666,24.110000610351562,177075.0
2026-09-14T13:30:00-04:00,24.125,24.270000457763672,23.959999084472656,24.020000457763672,222900.0
2026-09-14T14:30:00-04:00,24.0049991607666,24.209999084472656,23.8799991607666,24.174999237060547,280659.0
2026-09-14T15:30:00-04:00,24.149999618530273,24.225000381469727,24.065000534057617,24.139999389648438,497645.0
2026-09-15T09:30:00-04:00,23.3799991607666,23.600000381469727,22.56999969482422,22.764999389648438,746274.0
2026-09-15T10:30:00-04:00,22.729999542236328,23.0,22.420000076293945,22.81999969482422,705722.0
2026-09-15T11:30:00-04:00,22.81999969482422,23.039899826049805,22.700000762939453,22.850000381469727,277931.0
2026-09-15T12:30:00-04:00,22.860000610351562,22.920000076293945,22.649999618530273,22.81999969482422,239572.0
2026-09-15T13:30:00-04:00,22.829999923706055,23.0049991607666,22.6299991607666,22.760000228881836,261434.0
2026-09-15T14:30:00-04:00,22.7549991607666,22.780000686645508,22.079999923706055,22.1200008392334,1513666.0
2026-09-15T15:30:00-04:00,22.11009979248047,22.31999969482422,21.959999084472656,22.270000457763672,1926784.0
2026-09-16T09:30:00-04:00,22.59000015258789,22.84000015258789,22.270000457763672,22.3700008392334,862581.0
2026-09-16T10:30:00-04:00,22.329999923706055,22.549999237060547,22.229999542236328,22.420000076293945,268565.0
2026-09-16T11:30:00-04:00,22.40999984741211,22.459999084472656,22.010000228881836,22.049999237060547,522934.0
2026-09-16T12:30:00-04:00,22.049999237060547,22.79949951171875,22.045000076293945,22.610000610351562,434848.0
2026-09-16T13:30:00-04:00,22.615999221801758,22.8799991607666,22.25,22.405000686645508,719266.0
2026-09-16T14:30:00-04:00,22.420000076293945,22.459999084472656,21.610000610351562,21.719999313354492,803580.0
2026-09-16T15:30:00-04:00,21.719999313354492,22.299999237060547,21.700000762939453,22.290000915527344,841034.0
2026-09-17T09:30:00-04:00,23.139999389648438,23.469999313354492,21.950000762939453,22.290000915527344,905221.0
2026-09-17T10:30:00-04:00,22.28499984741211,22.530000686645508,21.9950008392334,22.239999771118164,450684.0
2026-09-17T11:30:00-04:00,22.25,22.635000228881836,22.19499969482422,22.520000457763672,347907.0
2026-09-17T12:30:00-04:00,22.520000457763672,22.940000534057617,22.469999313354492,22.760000228881836,347766.0
2026-09-17T13:30:00-04:00,22.780000686645508,22.899999618530273,22.6200008392334,22.719999313354492,252382.0
2026-09-17T14:30:00-04:00,22.725000381469727,22.780000686645508,22.295000076293945,22.31999969482422,432800.0
2026-09-17T15:30:00-04:00,22.315000534057617,22.43000030517578,22.149999618530273,22.290000915527344,795553.0
2026-09-18T09:30:00-04:00,22.75,23.8799991607666,22.75,23.53499984741211,1045587.0
2026-09-18T10:30:00-04:00,23.549999237060547,23.90999984741211,23.420000076293945,23.700000762939453,483315.0
2026-09-18T11:30:00-04:00,23.700000762939453,24.100000381469727,23.6200008392334,24.079999923706055,561665.0
2026-09-18T12:30:00-04:00,24.09000015258789,24.270000457763672,23.93000030517578,24.030000686645508,424755.0
2026-09-18T13:30:00-04:00,24.010000228881836,24.375,23.96500015258789,24.360000610351562,453429.0
2026-09-18T14:30:00-04:00,24.36989974975586,24.649999618530273,24.19499969482422,24.579999923706055,675876.0
2026-09-18T15:30:00-04:00,24.579999923706055,24.75,24.360599517822266,24.69499969482422,1503125.0
2026-09-21T09:30:00-04:00,25.950000762939453,26.079999923706055,25.329999923706055,25.81999969482422,1623986.0
2026-09-21T10:30:00-04:00,25.809999465942383,26.199899673461914,25.639999389648438,25.979999542236328,842918.0
2026-09-21T11:30:00-04:00,25.975000381469727,25.989999771118164,25.75,25.905000686645508,675799.0
2026-09-21T12:30:00-04:00,25.920000076293945,26.059999465942383,25.790000915527344,25.959999084472656,375616.0
2026-09-21T13:30:00-04:00,25.969999313354492,26.2189998626709,25.950000762939453,26.200000762939453,724502.0
2026-09-21T14:30:00-04:00,26.209999084472656,26.21500015258789,25.795000076293945,26.020000457763672,695528.0
2026-09-21T15:30:00-04:00,26.010000228881836,26.190000534057617,25.81999969482422,26.079999923706055,1412187.0
2026-09-22T09:30:00-04:00,25.950000762939453,27.67639923095703,25.739999771118164,27.209999084472656,1564735.0
2026-09-22T10:30:00-04:00,27.209999084472656,27.489999771118164,27.0,27.3799991607666,832254.0
2026-09-22T11:30:00-04:00,27.350000381469727,27.350000381469727,26.860000610351562,26.86750030517578,467492.0
2026-09-22T12:30:00-04:00,26.8700008392334,27.4950008392334,26.864999771118164,27.482099533081055,570317.0
2026-09-22T13:30:00-04:00,27.486099243164062,27.645000457763672,27.420000076293945,27.5,523477.0
2026-09-22T14:30:00-04:00,27.510000228881836,27.510000228881836,27.079999923706055,27.239999771118164,519518.0
2026-09-22T15:30:00-04:00,27.229900360107422,27.475000381469727,27.139999389648438,27.15999984741211,984123.0
2026-09-23T09:30:00-04:00,26.597000122070312,27.399999618530273,26.420000076293945,26.520000457763672,954352.0
2026-09-23T10:30:00-04:00,26.540000915527344,26.90999984741211,26.490699768066406,26.850000381469727,407860.0
2026-09-23T11:30:00-04:00,26.850000381469727,26.889999389648438,26.459999084472656,26.530000686645508,420151.0
2026-09-23T12:30:00-04:00,26.52199935913086,26.56999969482422,26.1200008392334,26.239999771118164,372619.0
2026-09-23T13:30:00-04:00,26.235000610351562,26.469999313354492,26.15999984741211,26.270000457763672,238450.0
2026-09-23T14:30:00-04:00,26.280000686645508,26.34000015258789,26.09000015258789,26.229999542236328,337367.0
2026-09-23T15:30:00-04:00,26.225000381469727,26.274999618530273,25.739999771118164,25.75,858447.0
2026-09-24T09:30:00-04:00,24.9950008392334,26.09000015258789,24.802000045776367,25.649999618530273,852748.0
2026-09-24T10:30:00-04:00,25.674999237060547,25.729999542236328,24.979999542236328,24.979999542236328,331595.0
2026-09-24T11:30:00-04:00,24.993000030517578,25.3700008392334,24.84000015258789,25.34000015258789,380125.0
2026-09-24T12:30:00-04:00,25.295000076293945,25.420000076293945,25.190000534057617,25.3700008392334,482446.0
2026-09-24T13:30:00-04:00,25.3799991607666,25.399999618530273,25.110000610351562,25.239999771118164,258835.0
2026-09-24T14:30:00-04:00,25.280000686645508,25.3799991607666,25.149999618530273,25.256999969482422,279192.0
2026-09-24T15:30:00-04:00,25.25,25.360000610351562,25.139999389648438,25.190000534057617,674880.0
2026-09-25T09:30:00-04:00,25.440000534057617,25.450000762939453,24.15999984741211,24.209999084472656,634020.0
2026-09-25T10:30:00-04:00,24.204999923706055,24.674999237060547,24.049999237060547,24.600000381469727,886920.0
2026-09-25T11:30:00-04:00,24.59000015258789,24.84000015258789,24.18000030517578,24.70680046081543,277283.0
2026-09-25T12:30:00-04:00,24.709999084472656,24.81999969482422,24.559999465942383,24.579999923706055,322194.0
2026-09-25T13:30:00-04:00,24.579999923706055,24.635000228881836,24.232999801635742,24.40999984741211,268162.0
2026-09-25T14:30:00-04:00,24.399999618530273,24.530000686645508,24.149999618530273,24.514999389648438,288672.0
2026-09-25T15:30:00-04:00,24.5,24.520000457763672,24.209999084472656,24.229999542236328,533862.0
2026-09-28T09:30:00-04:00,23.96500015258789,24.489999771118164,23.799999237060547,23.830799102783203,597054.0
2026-09-28T10:30:00-04:00,23.829999923706055,23.8700008392334,23.225000381469727,23.280000686645508,435440.0
2026-09-28T11:30:00-04:00,23.270000457763672,23.83989906311035,23.15999984741211,23.795000076293945,246946.0
2026-09-28T12:30:00-04:00,23.81999969482422,23.829999923706055,23.389999389648438,23.690000534057617,244013.0
2026-09-28T13:30:00-04:00,23.690000534057617,23.81999969482422,23.59000015258789,23.625,170234.0
2026-09-28T14:30:00-04:00,23.6200008392334,23.69499969482422,23.290000915527344,23.30500030517578,292112.0
2026-09-28T15:30:00-04:00,23.280000686645508,23.290000915527344,23.06999969482422,23.229999542236328,1122802.0
2026-09-29T09:30:00-04:00,23.670000076293945,23.8700008392334,23.190000534057617,23.655000686645508,412070.0
2026-09-29T10:30:00-04:00,23.65999984741211,24.02989959716797,23.340099334716797,23.399999618530273,1211374.0
2026-09-29T11:30:00-04:00,23.399999618530273,23.44499969482422,23.229999542236328,23.415000915527344,308295.0
2026-09-29T12:30:00-04:00,23.41990089416504,23.41990089416504,23.165000915527344,23.260000228881836,271696.0
2026-09-29T13:30:00-04:00,23.280000686645508,23.280000686645508,23.059999465942383,23.059999465942383,159158.0
2026-09-29T14:30:00-04:00,23.06999969482422,23.34000015258789,23.020000457763672,23.150100708007812,245100.0
2026-09-29T15:30:00-04:00,23.149999618530273,23.190000534057617,23.010000228881836,23.079999923706055,493017.0
