t,o,h,l,c,v
2023-10-31T09:30:00-04:00,56.11000061035156,56.5,55.5099983215332,56.09000015258789,932331.0
2023-10-31T10:30:00-04:00,56.09000015258789,56.18000030517578,55.619998931884766,55.810001373291016,742236.0
2023-10-31T11:30:00-04:00,55.81999969482422,56.06999969482422,55.71580123901367,55.7598991394043,943562.0
2023-10-31T12:30:00-04:00,55.75,55.95000076293945,55.619998931884766,55.685001373291016,702070.0
2023-10-31T13:30:00-04:00,55.689998626708984,55.779998779296875,55.56999969482422,55.57500076293945,601401.0
2023-10-31T14:30:00-04:00,55.584999084472656,55.810001373291016,55.435001373291016,55.744998931884766,840816.0
2023-10-31T15:30:00-04:00,55.7400016784668,55.77000045776367,55.58000183105469,55.650001525878906,1736800.0
2023-11-01T09:30:00-04:00,56.0,56.369998931884766,55.619998931884766,56.2781982421875,815132.0
2023-11-01T10:30:00-04:00,56.279998779296875,56.70000076293945,56.220001220703125,56.43000030517578,589424.0
2023-11-01T11:30:00-04:00,56.41999816894531,56.439998626708984,56.189998626708984,56.26499938964844,412977.0
2023-11-01T12:30:00-04:00,56.2599983215332,56.2599983215332,55.810001373291016,55.91999816894531,522213.0
2023-11-01T13:30:00-04:00,55.91999816894531,56.30500030517578,55.8849983215332,56.13999938964844,648561.0
2023-11-01T14:30:00-04:00,56.150001525878906,56.2400016784668,55.84000015258789,56.125,849028.0
2023-11-01T15:30:00-04:00,56.130001068115234,56.20500183105469,55.81999969482422,55.86000061035156,1239989.0
2023-11-02T09:30:00-04:00,55.880001068115234,56.72999954223633,55.709999084472656,56.5099983215332,1051004.0
2023-11-02T10:30:00-04:00,56.52000045776367,57.0,56.470001220703125,56.88999938964844,814778.0
2023-11-02T11:30:00-04:00,56.880001068115234,57.189998626708984,56.84000015258789,57.07680130004883,531041.0
2023-11-02T12:30:00-04:00,57.06999969482422,57.33000183105469,57.06999969482422,57.25,493564.0
2023-11-02T13:30:00-04:00,57.2599983215332,57.375,57.18000030517578,57.2400016784668,433010.0
2023-11-02T14:30:00-04:00,57.2400016784668,57.2599983215332,56.90999984741211,57.06999969482422,593973.0
2023-11-02T15:30:00-04:00,57.064998626708984,57.43000030517578,57.060001373291016,57.36000061035156,1002986.0
2023-11-03T09:30:00-04:00,57.40999984741211,57.75,57.04499816894531,57.084999084472656,1327132.0
2023-11-03T10:30:00-04:00,57.09000015258789,57.15999984741211,56.70000076293945,56.82500076293945,855443.0
2023-11-03T11:30:00-04:00,56.82500076293945,57.20009994506836,56.79999923706055,56.939998626708984,560950.0
2023-11-03T12:30:00-04:00,56.935001373291016,57.08000183105469,56.75,56.79499816894531,460279.0
2023-11-03T13:30:00-04:00,56.810001373291016,56.880001068115234,56.59000015258789,56.810001373291016,614686.0
2023-11-03T14:30:00-04:00,56.810001373291016,57.099998474121094,56.810001373291016,56.91999816894531,516314.0
2023-11-03T15:30:00-04:00,56.92499923706055,56.939998626708984,56.755001068115234,56.869998931884766,789724.0
2023-11-06T09:30:00-05:00,57.40999984741211,57.470001220703125,56.59000015258789,57.310001373291016,861570.0
2023-11-06T10:30:00-05:00,57.29999923706055,57.33000183105469,56.869998931884766,56.970001220703125,478558.0
2023-11-06T11:30:00-05:00,56.959999084472656,57.04999923706055,56.70500183105469,56.744998931884766,620882.0
2023-11-06T12:30:00-05:00,56.74909973144531,56.779998779296875,56.31999969482422,56.5099983215332,441478.0
2023-11-06T13:30:00-05:00,56.52000045776367,56.560001373291016,56.20000076293945,56.40999984741211,446299.0
2023-11-06T14:30:00-05:00,56.41999816894531,56.52000045776367,56.23500061035156,56.47999954223633,601127.0
2023-11-06T15:30:00-05:00,56.47999954223633,56.57500076293945,56.33000183105469,56.4900016784668,932614.0
2023-11-07T09:30:00-05:00,55.349998474121094,55.5,54.099998474121094,54.47999954223633,2366100.0
2023-11-07T10:30:00-05:00,54.46500015258789,54.654998779296875,54.22999954223633,54.27000045776367,1539446.0
2023-11-07T11:30:00-05:00,54.275001525878906,54.400001525878906,54.04999923706055,54.130001068115234,1008934.0
2023-11-07T12:30:00-05:00,54.130001068115234,54.15999984741211,53.63999938964844,54.06999969482422,2074308.0
2023-11-07T13:30:00-05:00,54.07609939575195,54.125,53.5099983215332,53.525001525878906,2560639.0
2023-11-07T14:30:00-05:00,53.529998779296875,53.630001068115234,53.20000076293945,53.22999954223633,2008136.0
2023-11-07T15:30:00-05:00,53.220001220703125,53.36000061035156,53.0,53.33000183105469,4811027.0
2023-11-08T09:30:00-05:00,52.8849983215332,53.63999938964844,52.540000915527344,53.13140106201172,2334542.0
2023-11-08T10:30:00-05:00,53.130001068115234,53.310001373291016,52.55500030517578,52.810001373291016,1774261.0
2023-11-08T11:30:00-05:00,52.79999923706055,52.90999984741211,52.525001525878906,52.72999954223633,1495828.0
2023-11-08T12:30:00-05:00,52.720001220703125,53.040000915527344,52.439998626708984,52.90999984741211,1232119.0
2023-11-08T13:30:00-05:00,52.91999816894531,53.06999969482422,52.48500061035156,52.56999969482422,1464806.0
2023-11-08T14:30:00-05:00,52.57500076293945,52.95000076293945,52.505001068115234,52.814998626708984,1716335.0
2023-11-08T15:30:00-05:00,52.810001373291016,53.0,52.78499984741211,52.95000076293945,1882650.0
2023-11-09T09:30:00-05:00,53.130001068115234,53.29999923706055,52.58000183105469,53.16999816894531,1608533.0
2023-11-09T10:30:00-05:00,53.189998626708984,53.45000076293945,53.05500030517578,53.29999923706055,1232263.0
2023-11-09T11:30:00-05:00,53.29010009765625,53.369998931884766,53.04999923706055,53.349998474121094,1019209.0
2023-11-09T12:30:00-05:00,53.349998474121094,53.525001525878906,53.119998931884766,53.1349983215332,974668.0
2023-11-09T13:30:00-05:00,53.130001068115234,53.209999084472656,53.0099983215332,53.095001220703125,777758.0
2023-11-09T14:30:00-05:00,53.095001220703125,53.15999984741211,52.849998474121094,52.92499923706055,1078159.0
2023-11-09T15:30:00-05:00,52.93000030517578,52.974998474121094,52.689998626708984,52.7400016784668,1317081.0
2023-11-10T09:30:00-05:00,53.459999084472656,53.4900016784668,52.720001220703125,53.05500030517578,1637881.0
2023-11-10T10:30:00-05:00,53.04999923706055,53.09000015258789,52.665000915527344,52.845001220703125,897524.0
2023-11-10T11:30:00-05:00,52.84000015258789,53.11000061035156,52.7599983215332,52.97999954223633,853251.0
2023-11-10T12:30:00-05:00,52.9900016784668,53.2400016784668,52.97999954223633,53.20000076293945,1087156.0
2023-11-10T13:30:00-05:00,53.20899963378906,53.34000015258789,53.09000015258789,53.130001068115234,965650.0
2023-11-10T14:30:00-05:00,53.125,53.2599983215332,53.0,53.220001220703125,951637.0
2023-11-10T15:30:00-05:00,53.209999084472656,53.40999984741211,53.154998779296875,53.29999923706055,1695539.0
2023-11-13T09:30:00-05:00,53.29999923706055,53.875,53.029998779296875,53.6349983215332,1218701.0
2023-11-13T10:30:00-05:00,53.63999938964844,54.095001220703125,53.599998474121094,54.08359909057617,833358.0
2023-11-13T11:30:00-05:00,54.08000183105469,54.220298767089844,53.93000030517578,54.15999984741211,793262.0
2023-11-13T12:30:00-05:00,54.15999984741211,54.189998626708984,53.91999816894531,53.959999084472656,699898.0
2023-11-13T13:30:00-05:00,53.959999084472656,54.35499954223633,53.95000076293945,54.25,581023.0
2023-11-13T14:30:00-05:00,54.2599983215332,54.29999923706055,54.04499816894531,54.185001373291016,812445.0
2023-11-13T15:30:00-05:00,54.16999816894531,54.21500015258789,53.9900016784668,53.9900016784668,1024089.0
2023-11-14T09:30:00-05:00,54.18000030517578,54.36000061035156,53.86000061035156,54.36000061035156,970068.0
2023-11-14T10:30:00-05:00,54.3650016784668,54.540000915527344,54.1703987121582,54.22999954223633,790172.0
2023-11-14T11:30:00-05:00,54.22999954223633,54.38999938964844,54.03010177612305,54.099998474121094,658205.0
2023-11-14T12:30:00-05:00,54.095001220703125,54.34000015258789,54.029998779296875,54.31999969482422,572371.0
2023-11-14T13:30:00-05:00,54.31999969482422,54.58000183105469,54.224998474121094,54.40250015258789,754612.0
2023-11-14T14:30:00-05:00,54.404998779296875,54.709999084472656,54.35499954223633,54.60499954223633,733019.0
2023-11-14T15:30:00-05:00,54.599998474121094,54.64500045776367,54.28990173339844,54.36000061035156,958269.0
2023-11-15T09:30:00-05:00,54.31999969482422,54.54999923706055,53.88999938964844,54.540000915527344,964306.0
2023-11-15T10:30:00-05:00,54.540000915527344,54.709999084472656,54.2599983215332,54.40999984741211,691689.0
2023-11-15T11:30:00-05:00,54.40999984741211,54.470001220703125,53.75,53.80500030517578,900862.0
2023-11-15T12:30:00-05:00,53.810001373291016,53.810001373291016,53.494998931884766,53.57500076293945,1195109.0
2023-11-15T13:30:00-05:00,53.57500076293945,53.724998474121094,53.44049835205078,53.685001373291016,932045.0
2023-11-15T14:30:00-05:00,53.685001373291016,53.810001373291016,53.45000076293945,53.5182991027832,990038.0
2023-11-15T15:30:00-05:00,53.51499938964844,53.70000076293945,53.51499938964844,53.689998626708984,1451608.0
2023-11-16T09:30:00-05:00,53.189998626708984,53.599998474121094,51.86000061035156,51.93000030517578,1950027.0
2023-11-16T10:30:00-05:00,51.93000030517578,52.19499969482422,51.650001525878906,51.72999954223633,1468646.0
2023-11-16T11:30:00-05:00,51.7400016784668,51.849998474121094,51.314998626708984,51.579898834228516,1073440.0
2023-11-16T12:30:00-05:00,51.584999084472656,51.70000076293945,51.3849983215332,51.45000076293945,927887.0
2023-11-16T13:30:00-05:00,51.44499969482422,51.63999938964844,51.32500076293945,51.48500061035156,1056114.0
2023-11-16T14:30:00-05:00,51.47999954223633,51.84000015258789,51.40999984741211,51.790000915527344,1170921.0
2023-11-16T15:30:00-05:00,51.79999923706055,52.130001068115234,51.755001068115234,52.130001068115234,1596014.0
2023-11-17T09:30:00-05:00,52.77000045776367,52.83000183105469,52.22999954223633,52.599998474121094,2945427.0
2023-11-17T10:30:00-05:00,52.60810089111328,52.9900016784668,52.525001525878906,52.82500076293945,1940174.0
2023-11-17T11:30:00-05:00,52.81999969482422,53.095001220703125,52.790000915527344,53.095001220703125,1094986.0
2023-11-17T12:30:00-05:00,53.095001220703125,53.36000061035156,53.040000915527344,53.255001068115234,833026.0
2023-11-17T13:30:00-05:00,53.2599983215332,53.310001373291016,52.91999816894531,53.10499954223633,2026133.0
2023-11-17T14:30:00-05:00,53.099998474121094,53.21500015258789,52.84000015258789,53.0,1324402.0
2023-11-17T15:30:00-05:00,53.0,53.11000061035156,52.790000915527344,52.86000061035156,2400227.0
2023-11-20T09:30:00-05:00,53.439998626708984,53.439998626708984,52.84000015258789,53.33000183105469,1519495.0
2023-11-20T10:30:00-05:00,53.32500076293945,53.32500076293945,52.75,52.83000183105469,904130.0
2023-11-20T11:30:00-05:00,52.83000183105469,52.97999954223633,52.779998779296875,52.88999938964844,744354.0
2023-11-20T12:30:00-05:00,52.88999938964844,52.935001373291016,52.7400016784668,52.79999923706055,768043.0
2023-11-20T13:30:00-05:00,52.80220031738281,52.8650016784668,52.599998474121094,52.73500061035156,730726.0
2023-11-20T14:30:00-05:00,52.73500061035156,52.90999984741211,52.720001220703125,52.884498596191406,863602.0
2023-11-20T15:30:00-05:00,52.88999938964844,52.88999938964844,52.650001525878906,52.75,1403795.0
2023-11-21T09:30:00-05:00,52.22999954223633,52.58000183105469,51.9900016784668,52.20000076293945,1588462.0
2023-11-21T10:30:00-05:00,52.209999084472656,52.66999816894531,52.209999084472656,52.470001220703125,1054236.0
2023-11-21T11:30:00-05:00,52.459999084472656,52.619998931884766,52.380001068115234,52.564998626708984,686583.0
2023-11-21T12:30:00-05:00,52.56999969482422,52.685001373291016,52.45000076293945,52.494998931884766,499456.0
2023-11-21T13:30:00-05:00,52.494998931884766,52.619998931884766,52.3650016784668,52.61000061035156,581875.0
2023-11-21T14:30:00-05:00,52.61000061035156,52.72999954223633,52.5,52.70000076293945,578065.0
2023-11-21T15:30:00-05:00,52.697898864746094,52.84000015258789,52.63999938964844,52.720001220703125,1100303.0
2023-11-22T09:30:00-05:00,51.56999969482422,51.869998931884766,50.779998779296875,51.600101470947266,2654727.0
2023-11-22T10:30:00-05:00,51.599998474121094,52.33000183105469,51.459999084472656,52.26689910888672,1094088.0
2023-11-22T11:30:00-05:00,52.2599983215332,52.56999969482422,52.15999984741211,52.529998779296875,591049.0
2023-11-22T12:30:00-05:00,52.540000915527344,52.54869842529297,52.290000915527344,52.470001220703125,1052219.0
2023-11-22T13:30:00-05:00,52.470001220703125,52.71500015258789,52.35499954223633,52.70500183105469,447590.0
2023-11-22T14:30:00-05:00,52.70000076293945,52.70500183105469,52.5,52.70000076293945,530532.0
2023-11-22T15:30:00-05:00,52.69499969482422,52.72999954223633,52.5099983215332,52.5099983215332,712735.0
2023-11-24T09:30:00-05:00,52.7400016784668,53.09000015258789,52.47999954223633,52.939998626708984,1131103.0
2023-11-24T10:30:00-05:00,52.935001373291016,53.040000915527344,52.83100128173828,52.88999938964844,565033.0
2023-11-24T11:30:00-05:00,52.88999938964844,52.92499923706055,52.70000076293945,52.81999969482422,446270.0
2023-11-27T09:30:00-05:00,52.47999954223633,52.5,51.810001373291016,52.43000030517578,946717.0
2023-11-27T10:30:00-05:00,52.41999816894531,52.47999954223633,52.290000915527344,52.46500015258789,753647.0
2023-11-27T11:30:00-05:00,52.470001220703125,52.470001220703125,51.91999816894531,51.91999816894531,578981.0
2023-11-27T12:30:00-05:00,51.91999816894531,52.11000061035156,51.75,52.04999923706055,637548.0
2023-11-27T13:30:00-05:00,52.05720138549805,52.33000183105469,51.959999084472656,52.310001373291016,593200.0
2023-11-27T14:30:00-05:00,52.31999969482422,52.51499938964844,52.29999923706055,52.435001373291016,921028.0
2023-11-27T15:30:00-05:00,52.439998626708984,52.63999938964844,52.439998626708984,52.540000915527344,929461.0
2023-11-28T09:30:00-05:00,52.70000076293945,52.81999969482422,52.185001373291016,52.400001525878906,1039895.0
2023-11-28T10:30:00-05:00,52.400001525878906,52.869998931884766,52.33000183105469,52.810001373291016,1071693.0
2023-11-28T11:30:00-05:00,52.79999923706055,52.869998931884766,52.599998474121094,52.60499954223633,406344.0
2023-11-28T12:30:00-05:00,52.60900115966797,52.63999938964844,52.400001525878906,52.45500183105469,404892.0
2023-11-28T13:30:00-05:00,52.45000076293945,52.459999084472656,52.1609992980957,52.20000076293945,543167.0
2023-11-28T14:30:00-05:00,52.189998626708984,52.34000015258789,52.16999816894531,52.310001373291016,563103.0
2023-11-28T15:30:00-05:00,52.29999923706055,52.38999938964844,52.279998779296875,52.310001373291016,749151.0
2023-11-29T09:30:00-05:00,52.70000076293945,52.7599983215332,51.47999954223633,51.66999816894531,1909360.0
2023-11-29T10:30:00-05:00,51.68000030517578,51.939998626708984,51.525001525878906,51.75,821614.0
2023-11-29T11:30:00-05:00,51.755001068115234,52.07939910888672,51.62009811401367,51.994998931884766,564446.0
2023-11-29T12:30:00-05:00,51.9900016784668,52.209999084472656,51.8849983215332,52.185001373291016,588709.0
2023-11-29T13:30:00-05:00,52.185001373291016,52.415000915527344,52.185001373291016,52.29249954223633,531968.0
2023-11-29T14:30:00-05:00,52.290000915527344,52.30970001220703,51.89500045776367,52.0,715442.0
2023-11-29T15:30:00-05:00,52.0,52.06999969482422,51.845001220703125,51.86000061035156,1229187.0
2023-11-30T09:30:00-05:00,52.58000183105469,53.400001525878906,52.31999969482422,53.095001220703125,1753701.0
2023-11-30T10:30:00-05:00,53.09000015258789,53.09000015258789,51.67499923706055,51.70000076293945,1461745.0
2023-11-30T11:30:00-05:00,51.70000076293945,51.96500015258789,51.54999923706055,51.8650016784668,892540.0
2023-11-30T12:30:00-05:00,51.85499954223633,52.18000030517578,51.790000915527344,51.970001220703125,525193.0
2023-11-30T13:30:00-05:00,51.974098205566406,52.20000076293945,51.85499954223633,52.15999984741211,737862.0
2023-11-30T14:30:00-05:00,52.16999816894531,52.18000030517578,51.9900016784668,52.07500076293945,696289.0
2023-11-30T15:30:00-05:00,52.06999969482422,52.11000061035156,51.88999938964844,52.040000915527344,1810402.0
2023-12-01T09:30:00-05:00,51.97999954223633,52.849998474121094,51.72999954223633,52.560001373291016,979484.0
2023-12-01T10:30:00-05:00,52.59000015258789,52.910301208496094,52.3849983215332,52.90999984741211,671395.0
2023-12-01T11:30:00-05:00,52.90999984741211,53.04999923706055,52.689998626708984,52.965999603271484,685313.0
2023-12-01T12:30:00-05:00,52.959999084472656,53.09000015258789,52.529998779296875,52.529998779296875,675430.0
2023-12-01T13:30:00-05:00,52.540000915527344,52.6349983215332,52.334999084472656,52.5,601121.0
2023-12-01T14:30:00-05:00,52.5,52.71500015258789,52.43000030517578,52.47999954223633,593566.0
2023-12-01T15:30:00-05:00,52.47999954223633,52.52000045776367,52.290000915527344,52.40999984741211,1064500.0
2023-12-04T09:30:00-05:00,51.97999954223633,52.099998474121094,51.40999984741211,52.08000183105469,1352594.0
2023-12-04T10:30:00-05:00,52.08000183105469,52.20000076293945,51.75,51.900001525878906,754828.0
2023-12-04T11:30:00-05:00,51.900001525878906,52.43000030517578,51.81999969482422,52.375,1125428.0
2023-12-04T12:30:00-05:00,52.369998931884766,52.4900016784668,52.224998474121094,52.279998779296875,551957.0
2023-12-04T13:30:00-05:00,52.27000045776367,52.41999816894531,52.029998779296875,52.040000915527344,645065.0
2023-12-04T14:30:00-05:00,52.03499984741211,52.13999938964844,51.880001068115234,51.89500045776367,920061.0
2023-12-04T15:30:00-05:00,51.89500045776367,52.04999923706055,51.81999969482422,52.04999923706055,1083992.0
2023-12-05T09:30:00-05:00,51.65999984741211,51.7400016784668,50.93000030517578,51.279998779296875,1253097.0
2023-12-05T10:30:00-05:00,51.279998779296875,51.33000183105469,51.0099983215332,51.04999923706055,716792.0
2023-12-05T11:30:00-05:00,51.040000915527344,51.2599983215332,50.779998779296875,50.790000915527344,642836.0
2023-12-05T12:30:00-05:00,50.79999923706055,51.0099983215332,50.68000030517578,50.814998626708984,534869.0
2023-12-05T13:30:00-05:00,50.814998626708984,50.900001525878906,50.57500076293945,50.599998474121094,704968.0
2023-12-05T14:30:00-05:00,50.61000061035156,50.81999969482422,50.51499938964844,50.52000045776367,742447.0
2023-12-05T15:30:00-05:00,50.52000045776367,50.68000030517578,50.501800537109375,50.61000061035156,1427337.0
2023-12-06T09:30:00-05:00,50.27000045776367,50.77000045776367,50.06999969482422,50.404998779296875,1836455.0
2023-12-06T10:30:00-05:00,50.40999984741211,50.40999984741211,49.58000183105469,49.7400016784668,2333547.0
2023-12-06T11:30:00-05:00,49.7400016784668,49.7400016784668,48.970001220703125,49.224998474121094,2072940.0
2023-12-06T12:30:00-05:00,49.220001220703125,49.625,49.15999984741211,49.54999923706055,1294772.0
2023-12-06T13:30:00-05:00,49.54499816894531,49.67499923706055,49.41999816894531,49.540000915527344,1145017.0
2023-12-06T14:30:00-05:00,49.540000915527344,49.60499954223633,49.26499938964844,49.290000915527344,1200968.0
2023-12-06T15:30:00-05:00,49.290000915527344,49.34000015258789,49.060001373291016,49.130001068115234,2135886.0
2023-12-07T09:30:00-05:00,49.38999938964844,49.40999984741211,48.84000015258789,48.875,2237485.0
2023-12-07T10:30:00-05:00,48.880001068115234,49.0099983215332,48.31290054321289,48.524200439453125,1501227.0
2023-12-07T11:30:00-05:00,48.52000045776367,48.709999084472656,48.189998626708984,48.22999954223633,1235918.0
2023-12-07T12:30:00-05:00,48.2400016784668,48.4900016784668,48.125,48.46500015258789,1231476.0
2023-12-07T13:30:00-05:00,48.459999084472656,48.53689956665039,48.084999084472656,48.279998779296875,1528884.0
2023-12-07T14:30:00-05:00,48.279998779296875,48.41999816894531,48.099998474121094,48.41999816894531,2047366.0
2023-12-07T15:30:00-05:00,48.415000915527344,48.47999954223633,48.32500076293945,48.439998626708984,1827868.0
2023-12-08T09:30:00-05:00,48.43000030517578,49.10499954223633,48.119998931884766,48.93920135498047,2278600.0
2023-12-08T10:30:00-05:00,48.935001373291016,49.029998779296875,48.599998474121094,48.7599983215332,1048934.0
2023-12-08T11:30:00-05:00,48.7599983215332,48.790000915527344,48.369998931884766,48.46500015258789,847646.0
2023-12-08T12:30:00-05:00,48.459999084472656,48.5099983215332,48.27000045776367,48.46500015258789,793483.0
2023-12-08T13:30:00-05:00,48.46500015258789,48.6875,48.459999084472656,48.650001525878906,616388.0
2023-12-08T14:30:00-05:00,48.650001525878906,48.81999969482422,48.59000015258789,48.689998626708984,822946.0
2023-12-08T15:30:00-05:00,48.689998626708984,48.81999969482422,48.619998931884766,48.790000915527344,2267399.0
2023-12-11T09:30:00-05:00,49.0,49.630001068115234,48.83000183105469,49.45000076293945,1802113.0
2023-12-11T10:30:00-05:00,49.45500183105469,49.58000183105469,49.2400016784668,49.34000015258789,1089149.0
2023-12-11T11:30:00-05:00,49.34000015258789,49.38999938964844,49.040000915527344,49.084999084472656,1168623.0
2023-12-11T12:30:00-05:00,49.084999084472656,49.224998474121094,48.96099853515625,49.20029830932617,793317.0
2023-12-11T13:30:00-05:00,49.20500183105469,49.290000915527344,49.06019973754883,49.16999816894531,775020.0
2023-12-11T14:30:00-05:00,49.165000915527344,49.279998779296875,49.14500045776367,49.189998626708984,743890.0
2023-12-11T15:30:00-05:00,49.18000030517578,49.209999084472656,49.11000061035156,49.150001525878906,1209096.0
2023-12-12T09:30:00-05:00,48.4900016784668,49.099998474121094,48.20000076293945,49.04629898071289,1900867.0
2023-12-12T10:30:00-05:00,49.040000915527344,49.209999084472656,48.72999954223633,48.73500061035156,1224651.0
2023-12-12T11:30:00-05:00,48.72999954223633,48.8849983215332,48.61000061035156,48.76499938964844,675245.0
2023-12-12T12:30:00-05:00,48.770301818847656,48.810001373291016,48.540000915527344,48.77000045776367,532573.0
2023-12-12T13:30:00-05:00,48.775001525878906,49.1349983215332,48.762699127197266,49.125,765826.0
2023-12-12T14:30:00-05:00,49.125,49.255001068115234,49.04999923706055,49.154998779296875,1048099.0
2023-12-12T15:30:00-05:00,49.154998779296875,49.220001220703125,49.0099983215332,49.060001373291016,1012245.0
2023-12-13T09:30:00-05:00,49.31999969482422,49.61000061035156,48.439998626708984,48.439998626708984,1971482.0
2023-12-13T10:30:00-05:00,48.439998626708984,48.91999816894531,48.439998626708984,48.84000015258789,977881.0
2023-12-13T11:30:00-05:00,48.834999084472656,49.025001525878906,48.72999954223633,48.775001525878906,591099.0
2023-12-13T12:30:00-05:00,48.77000045776367,48.81999969482422,48.5099983215332,48.53499984741211,480798.0
2023-12-13T13:30:00-05:00,48.529998779296875,49.04999923706055,48.505001068115234,48.915000915527344,926189.0
2023-12-13T14:30:00-05:00,48.91999816894531,49.314998626708984,48.78499984741211,48.8849983215332,2142573.0
2023-12-13T15:30:00-05:00,48.89500045776367,49.22999954223633,48.845001220703125,49.189998626708984,1483701.0
2023-12-14T09:30:00-05:00,49.9900016784668,51.349998474121094,49.88999938964844,51.2400016784668,2852241.0
2023-12-14T10:30:00-05:00,51.23500061035156,51.9900016784668,51.0,51.915000915527344,2484910.0
2023-12-14T11:30:00-05:00,51.91210174560547,52.459999084472656,51.81999969482422,52.40999984741211,2053867.0
2023-12-14T12:30:00-05:00,52.40999984741211,52.5797004699707,52.13999938964844,52.40999984741211,2146848.0
2023-12-14T13:30:00-05:00,52.41999816894531,52.439998626708984,51.849998474121094,51.869998931884766,1505218.0
2023-12-14T14:30:00-05:00,51.875,52.709999084472656,51.85499954223633,52.689998626708984,2810916.0
2023-12-14T15:30:00-05:00,52.689998626708984,52.744998931884766,52.36000061035156,52.41999816894531,3301468.0
2023-12-15T09:30:00-05:00,52.224998474121094,52.5,51.61000061035156,51.84000015258789,3584666.0
2023-12-15T10:30:00-05:00,51.849998474121094,52.279998779296875,51.720001220703125,52.20000076293945,1736156.0
2023-12-15T11:30:00-05:00,52.20000076293945,52.34000015258789,51.970001220703125,52.119998931884766,903554.0
2023-12-15T12:30:00-05:00,52.1150016784668,52.31999969482422,52.040000915527344,52.22999954223633,900055.0
2023-12-15T13:30:00-05:00,52.220001220703125,52.27000045776367,52.005001068115234,52.029998779296875,942942.0
2023-12-15T14:30:00-05:00,52.029998779296875,52.130001068115234,51.88999938964844,51.994998931884766,923711.0
2023-12-15T15:30:00-05:00,52.0,52.33000183105469,51.88999938964844,52.20000076293945,1680306.0
2023-12-18T09:30:00-05:00,53.06999969482422,53.84000015258789,52.77000045776367,52.79999923706055,1960108.0
2023-12-18T10:30:00-05:00,52.79899978637695,52.86000061035156,52.290000915527344,52.689998626708984,1122147.0
2023-12-18T11:30:00-05:00,52.68000030517578,52.720001220703125,52.314998626708984,52.525001525878906,1190485.0
2023-12-18T12:30:00-05:00,52.529998779296875,52.540000915527344,52.2599983215332,52.400001525878906,733047.0
2023-12-18T13:30:00-05:00,52.400001525878906,52.48500061035156,52.26499938964844,52.29499816894531,1021617.0
2023-12-18T14:30:00-05:00,52.290000915527344,52.505001068115234,52.2400016784668,52.439998626708984,968412.0
2023-12-18T15:30:00-05:00,52.435001373291016,52.439998626708984,52.2400016784668,52.27000045776367,1260487.0
2023-12-19T09:30:00-05:00,52.43000030517578,52.781700134277344,52.27000045776367,52.66999816894531,1107908.0
2023-12-19T10:30:00-05:00,52.66999816894531,52.92499923706055,52.38999938964844,52.900001525878906,665542.0
2023-12-19T11:30:00-05:00,52.89500045776367,53.06999969482422,52.790000915527344,52.869998931884766,541343.0
2023-12-19T12:30:00-05:00,52.86000061035156,52.959999084472656,52.775001525878906,52.845001220703125,374916.0
2023-12-19T13:30:00-05:00,52.845001220703125,52.88999938964844,52.75,52.84000015258789,444932.0
2023-12-19T14:30:00-05:00,52.834999084472656,52.94499969482422,52.685001373291016,52.94499969482422,668063.0
2023-12-19T15:30:00-05:00,52.94499969482422,52.9900016784668,52.71500015258789,52.959999084472656,1252976.0
2023-12-20T09:30:00-05:00,52.75,53.97999954223633,52.54999923706055,53.70000076293945,1640169.0
2023-12-20T10:30:00-05:00,53.70000076293945,53.71500015258789,53.415000915527344,53.68000030517578,537398.0
2023-12-20T11:30:00-05:00,53.66999816894531,53.720001220703125,53.47999954223633,53.70500183105469,403570.0
2023-12-20T12:30:00-05:00,53.70500183105469,53.77000045776367,53.5,53.625,422119.0
2023-12-20T13:30:00-05:00,53.625,53.689998626708984,53.46500015258789,53.505001068115234,431010.0
2023-12-20T14:30:00-05:00,53.505001068115234,53.529998779296875,52.68000030517578,52.834999084472656,1057080.0
2023-12-20T15:30:00-05:00,52.834999084472656,52.89500045776367,52.505001068115234,52.540000915527344,738145.0
2023-12-21T09:30:00-05:00,52.5,53.025001525878906,52.470001220703125,52.470001220703125,1050555.0
2023-12-21T10:30:00-05:00,52.4900016784668,52.67499923706055,52.380001068115234,52.66999816894531,731903.0
2023-12-21T11:30:00-05:00,52.65999984741211,52.65999984741211,52.21500015258789,52.21500015258789,483120.0
2023-12-21T12:30:00-05:00,52.220001220703125,52.43000030517578,52.20500183105469,52.38999938964844,1087745.0
2023-12-21T13:30:00-05:00,52.404998779296875,52.404998779296875,52.27000045776367,52.3650016784668,895882.0
2023-12-21T14:30:00-05:00,52.36000061035156,52.470001220703125,52.23500061035156,52.439998626708984,883929.0
2023-12-21T15:30:00-05:00,52.45000076293945,52.61000061035156,52.380001068115234,52.599998474121094,1234006.0
2023-12-22T09:30:00-05:00,52.9900016784668,53.43000030517578,52.79999923706055,53.2400016784668,853355.0
2023-12-22T10:30:00-05:00,53.22999954223633,53.27399826049805,52.72999954223633,53.029998779296875,683962.0
2023-12-22T11:30:00-05:00,53.040000915527344,53.13999938964844,52.849998474121094,53.13999938964844,383775.0
2023-12-22T12:30:00-05:00,53.150001525878906,53.310001373291016,53.095001220703125,53.25790023803711,535207.0
2023-12-22T13:30:00-05:00,53.25,53.349998474121094,52.970001220703125,52.970001220703125,523292.0
2023-12-22T14:30:00-05:00,52.970001220703125,53.212501525878906,52.904998779296875,53.06999969482422,657610.0
2023-12-22T15:30:00-05:00,53.06999969482422,53.08000183105469,52.900001525878906,53.08000183105469,756153.0
2023-12-26T09:30:00-05:00,53.86000061035156,54.02000045776367,53.56999969482422,53.869998931884766,855824.0
2023-12-26T10:30:00-05:00,53.880001068115234,54.150001525878906,53.84000015258789,54.06999969482422,571354.0
2023-12-26T11:30:00-05:00,54.060001373291016,54.3650016784668,54.04209899902344,54.349998474121094,483057.0
2023-12-26T12:30:00-05:00,54.345001220703125,54.369998931884766,54.10499954223633,54.15999984741211,487816.0
2023-12-26T13:30:00-05:00,54.15169906616211,54.22999954223633,53.974998474121094,53.9900016784668,560810.0
2023-12-26T14:30:00-05:00,53.9900016784668,54.03499984741211,53.880001068115234,53.95000076293945,770686.0
2023-12-26T15:30:00-05:00,53.959999084472656,53.98500061035156,53.65999984741211,53.689998626708984,1221342.0
2023-12-27T09:30:00-05:00,53.47999954223633,53.97999954223633,53.34000015258789,53.83000183105469,811681.0
2023-12-27T10:30:00-05:00,53.83000183105469,53.83000183105469,53.400001525878906,53.41999816894531,580928.0
2023-12-27T11:30:00-05:00,53.40999984741211,53.46500015258789,53.20500183105469,53.279998779296875,699110.0
2023-12-27T12:30:00-05:00,53.28499984741211,53.47999954223633,53.154998779296875,53.36000061035156,797119.0
2023-12-27T13:30:00-05:00,53.36000061035156,53.43000030517578,53.005001068115234,53.19499969482422,758073.0
2023-12-27T14:30:00-05:00,53.19499969482422,53.224998474121094,53.0099983215332,53.099998474121094,932847.0
2023-12-27T15:30:00-05:00,53.095001220703125,53.095001220703125,52.880001068115234,53.029998779296875,1387960.0
2023-12-28T09:30:00-05:00,52.7599983215332,53.1150016784668,52.70000076293945,52.7400016784668,798831.0
2023-12-28T10:30:00-05:00,52.7400016784668,52.880001068115234,52.595001220703125,52.70000076293945,919600.0
2023-12-28T11:30:00-05:00,52.70000076293945,52.845001220703125,52.54999923706055,52.720001220703125,731186.0
2023-12-28T12:30:00-05:00,52.709999084472656,52.7599983215332,52.470001220703125,52.59000015258789,568161.0
2023-12-28T13:30:00-05:00,52.619998931884766,52.650001525878906,52.40999984741211,52.513999938964844,606148.0
2023-12-28T14:30:00-05:00,52.51499938964844,52.56999969482422,52.31999969482422,52.42499923706055,923287.0
2023-12-28T15:30:00-05:00,52.42499923706055,52.439998626708984,52.16999816894531,52.2599983215332,1523359.0
2023-12-29T09:30:00-05:00,52.25,52.399898529052734,51.900001525878906,52.03499984741211,1474339.0
2023-12-29T10:30:00-05:00,52.040000915527344,52.189998626708984,51.970001220703125,52.029998779296875,890508.0
2023-12-29T11:30:00-05:00,52.03499984741211,52.08110046386719,51.77000045776367,51.9900016784668,857131.0
2023-12-29T12:30:00-05:00,51.9900016784668,52.09000015258789,51.91999816894531,52.0,758018.0
2023-12-29T13:30:00-05:00,52.0,52.098201751708984,51.90999984741211,51.98500061035156,754079.0
2023-12-29T14:30:00-05:00,51.9900016784668,52.099998474121094,51.900001525878906,52.0,1002845.0
2023-12-29T15:30:00-05:00,52.0,52.06999969482422,51.939998626708984,52.040000915527344,1713977.0
2024-01-02T09:30:00-05:00,52.439998626708984,52.849998474121094,52.2599983215332,52.55500030517578,2908447.0
2024-01-02T10:30:00-05:00,52.54999923706055,52.54999923706055,51.9718017578125,52.244998931884766,1852551.0
2024-01-02T11:30:00-05:00,52.2400016784668,52.70000076293945,52.23500061035156,52.665000915527344,1033921.0
2024-01-02T12:30:00-05:00,52.665000915527344,52.70000076293945,52.310001373291016,52.345001220703125,779422.0
2024-01-02T13:30:00-05:00,52.34000015258789,52.43000030517578,52.05500030517578,52.10499954223633,629203.0
2024-01-02T14:30:00-05:00,52.099998474121094,52.239898681640625,51.869998931884766,51.8849983215332,759513.0
2024-01-02T15:30:00-05:00,51.8849983215332,52.007598876953125,51.83000183105469,51.97999954223633,1384524.0
2024-01-03T09:30:00-05:00,51.869998931884766,52.400001525878906,51.65999984741211,52.35499954223633,1191213.0
2024-01-03T10:30:00-05:00,52.36000061035156,52.709999084472656,52.36000061035156,52.41999816894531,738310.0
2024-01-03T11:30:00-05:00,52.42499923706055,52.68000030517578,52.369998931884766,52.68000030517578,543115.0
2024-01-03T12:30:00-05:00,52.66999816894531,52.89630126953125,52.494998931884766,52.790000915527344,521267.0
2024-01-03T13:30:00-05:00,52.790000915527344,52.95000076293945,52.720001220703125,52.92499923706055,533510.0
2024-01-03T14:30:00-05:00,52.93000030517578,53.0,52.70500183105469,52.724998474121094,709019.0
2024-01-03T15:30:00-05:00,52.72999954223633,52.83700180053711,52.560001373291016,52.630001068115234,1074297.0
2024-01-04T09:30:00-05:00,53.0099983215332,53.349998474121094,52.79999923706055,53.02000045776367,1134136.0
2024-01-04T10:30:00-05:00,53.02000045776367,53.119998931884766,52.41999816894531,52.45000076293945,736268.0
2024-01-04T11:30:00-05:00,52.439998626708984,52.4900016784668,52.14500045776367,52.22999954223633,622217.0
2024-01-04T12:30:00-05:00,52.22100067138672,52.334999084472656,52.084999084472656,52.099998474121094,651824.0
2024-01-04T13:30:00-05:00,52.10499954223633,52.11970138549805,51.939998626708984,51.970001220703125,762244.0
2024-01-04T14:30:00-05:00,51.974998474121094,52.099998474121094,51.71500015258789,51.76499938964844,942210.0
2024-01-04T15:30:00-05:00,51.76499938964844,51.80500030517578,51.64310073852539,51.689998626708984,1180712.0
2024-01-05T09:30:00-05:00,51.93000030517578,52.470001220703125,51.88999938964844,52.30500030517578,1057673.0
2024-01-05T10:30:00-05:00,52.29999923706055,52.630001068115234,52.220001220703125,52.334999084472656,1174883.0
2024-01-05T11:30:00-05:00,52.334999084472656,52.40999984741211,52.084999084472656,52.15999984741211,693436.0
2024-01-05T12:30:00-05:00,52.15999984741211,52.16999816894531,51.869998931884766,51.97999954223633,644059.0
2024-01-05T13:30:00-05:00,51.974998474121094,52.17150115966797,51.970001220703125,52.005001068115234,1641563.0
2024-01-05T14:30:00-05:00,52.0099983215332,52.02000045776367,51.70000076293945,51.845001220703125,1367822.0
2024-01-05T15:30:00-05:00,51.84000015258789,51.95000076293945,51.790000915527344,51.86000061035156,1828673.0
2024-01-08T09:30:00-05:00,50.59000015258789,50.779998779296875,49.400001525878906,49.59000015258789,2845246.0
2024-01-08T10:30:00-05:00,49.599998474121094,50.029998779296875,49.560001373291016,49.89500045776367,2564329.0
2024-01-08T11:30:00-05:00,49.89500045776367,49.939998626708984,49.689998626708984,49.79059982299805,1529014.0
2024-01-08T12:30:00-05:00,49.79010009765625,49.95000076293945,49.66999816894531,49.83000183105469,970813.0
2024-01-08T13:30:00-05:00,49.834999084472656,50.040000915527344,49.7599983215332,49.9900016784668,1749946.0
2024-01-08T14:30:00-05:00,49.9900016784668,50.20819854736328,49.97999954223633,50.025001525878906,1772113.0
2024-01-08T15:30:00-05:00,50.025001525878906,50.349998474121094,50.01499938964844,50.310001373291016,2804523.0
2024-01-09T09:30:00-05:00,50.119998931884766,50.119998931884766,48.880001068115234,48.88999938964844,2179384.0
2024-01-09T10:30:00-05:00,48.8849983215332,49.04999923706055,48.720001220703125,48.814998626708984,1685911.0
2024-01-09T11:30:00-05:00,48.814998626708984,49.11000061035156,48.790000915527344,48.92499923706055,2341653.0
2024-01-09T12:30:00-05:00,48.91999816894531,49.15999984741211,48.79499816894531,48.939998626708984,1764017.0
2024-01-09T13:30:00-05:00,48.939998626708984,49.040000915527344,48.6349983215332,48.68899917602539,1434698.0
2024-01-09T14:30:00-05:00,48.684898376464844,48.814998626708984,48.56999969482422,48.599998474121094,2469842.0
2024-01-09T15:30:00-05:00,48.595001220703125,48.79999923706055,48.5,48.540000915527344,3632838.0
2024-01-10T09:30:00-05:00,48.5099983215332,48.915000915527344,48.220001220703125,48.810001373291016,2717610.0
2024-01-10T10:30:00-05:00,48.810001373291016,48.810001373291016,48.2599983215332,48.435001373291016,1514793.0
2024-01-10T11:30:00-05:00,48.439998626708984,48.58000183105469,48.32500076293945,48.334999084472656,992546.0
2024-01-10T12:30:00-05:00,48.33000183105469,48.349998474121094,47.880001068115234,47.95000076293945,2049368.0
2024-01-10T13:30:00-05:00,47.95500183105469,48.22999954223633,47.939998626708984,48.19369888305664,3428399.0
2024-01-10T14:30:00-05:00,48.19499969482422,48.310001373291016,48.09000015258789,48.14500045776367,1831027.0
2024-01-10T15:30:00-05:00,48.14500045776367,48.5099983215332,48.11000061035156,48.439998626708984,3029471.0
2024-01-11T09:30:00-05:00,48.77000045776367,48.81999969482422,48.33000183105469,48.720001220703125,1678303.0
2024-01-11T10:30:00-05:00,48.72999954223633,48.81999969482422,48.51499938964844,48.57500076293945,953921.0
2024-01-11T11:30:00-05:00,48.58000183105469,48.849998474121094,48.529998779296875,48.64500045776367,1096254.0
2024-01-11T12:30:00-05:00,48.64500045776367,48.73500061035156,48.560001373291016,48.63999938964844,783337.0
2024-01-11T13:30:00-05:00,48.63999938964844,48.82500076293945,48.529998779296875,48.79499816894531,995832.0
2024-01-11T14:30:00-05:00,48.79999923706055,48.849998474121094,48.65999984741211,48.66999816894531,781864.0
2024-01-11T15:30:00-05:00,48.66780090332031,48.84000015258789,48.59000015258789,48.80500030517578,1284006.0
2024-01-12T09:30:00-05:00,49.709999084472656,49.91999816894531,49.40999984741211,49.721099853515625,2658832.0
2024-01-12T10:30:00-05:00,49.72999954223633,49.7599983215332,49.310001373291016,49.4900016784668,1814287.0
2024-01-12T11:30:00-05:00,49.4900016784668,49.709999084472656,49.29999923706055,49.595001220703125,1160746.0
2024-01-12T12:30:00-05:00,49.595001220703125,49.63999938964844,49.38999938964844,49.5,919193.0
2024-01-12T13:30:00-05:00,49.494998931884766,49.744998931884766,49.46500015258789,49.71500015258789,1083570.0
2024-01-12T14:30:00-05:00,49.71500015258789,49.959999084472656,49.66999816894531,49.86000061035156,1455377.0
2024-01-12T15:30:00-05:00,49.86000061035156,49.959999084472656,49.79100036621094,49.95090103149414,1787173.0
2024-01-16T09:30:00-05:00,50.0,50.029998779296875,49.349998474121094,49.560001373291016,1998348.0
2024-01-16T10:30:00-05:00,49.560001373291016,49.630001068115234,49.26499938964844,49.30500030517578,1297246.0
2024-01-16T11:30:00-05:00,49.310001373291016,49.38999938964844,48.915000915527344,49.01499938964844,1474446.0
2024-01-16T12:30:00-05:00,49.02000045776367,49.08000183105469,48.8650016784668,49.040000915527344,1123684.0
2024-01-16T13:30:00-05:00,49.03499984741211,49.040000915527344,48.654998779296875,48.744998931884766,1402038.0
2024-01-16T14:30:00-05:00,48.7400016784668,48.91999816894531,48.46500015258789,48.55500030517578,2675923.0
2024-01-16T15:30:00-05:00,48.560001373291016,48.599998474121094,48.22999954223633,48.279998779296875,3225921.0
2024-01-17T09:30:00-05:00,47.41999816894531,48.599998474121094,47.16999816894531,48.380001068115234,2733273.0
2024-01-17T10:30:00-05:00,48.369998931884766,48.54999923706055,48.209999084472656,48.369998931884766,1268338.0
2024-01-17T11:30:00-05:00,48.36000061035156,48.435001373291016,48.14500045776367,48.275001525878906,1213192.0
2024-01-17T12:30:00-05:00,48.275001525878906,48.349998474121094,47.9900016784668,48.040000915527344,1558623.0
2024-01-17T13:30:00-05:00,48.04999923706055,48.154998779296875,47.755001068115234,47.939998626708984,1477056.0
2024-01-17T14:30:00-05:00,47.939998626708984,48.0,47.72999954223633,47.7504997253418,1586509.0
2024-01-17T15:30:00-05:00,47.75,47.95000076293945,47.73500061035156,47.90999984741211,1960356.0
2024-01-18T09:30:00-05:00,47.900001525878906,48.36000061035156,47.709999084472656,48.150001525878906,2566773.0
2024-01-18T10:30:00-05:00,48.150001525878906,48.165000915527344,47.869998931884766,48.10499954223633,1483067.0
2024-01-18T11:30:00-05:00,48.11000061035156,48.369998931884766,48.07500076293945,48.33000183105469,1623682.0
2024-01-18T12:30:00-05:00,48.33000183105469,48.415000915527344,48.154998779296875,48.20500183105469,1239916.0
2024-01-18T13:30:00-05:00,48.20199966430664,48.57749938964844,48.20199966430664,48.540000915527344,1040841.0
2024-01-18T14:30:00-05:00,48.54999923706055,48.76499938964844,48.500099182128906,48.73500061035156,1701130.0
2024-01-18T15:30:00-05:00,48.73500061035156,48.810001373291016,48.54999923706055,48.560001373291016,2570987.0
2024-01-19T09:30:00-05:00,49.540000915527344,50.349998474121094,49.0,49.029998779296875,6934581.0
2024-01-19T10:30:00-05:00,49.02000045776367,49.73500061035156,49.0099983215332,49.45000076293945,2425207.0
2024-01-19T11:30:00-05:00,49.439998626708984,49.875,49.25,49.35499954223633,1919660.0
2024-01-19T12:30:00-05:00,49.35499954223633,49.86289978027344,49.290199279785156,49.85499954223633,2183895.0
2024-01-19T13:30:00-05:00,49.85499954223633,49.86000061035156,49.63999938964844,49.76499938964844,1258747.0
2024-01-19T14:30:00-05:00,49.779998779296875,49.91999816894531,49.564998626708984,49.64500045776367,1576640.0
2024-01-19T15:30:00-05:00,49.650001525878906,49.69499969482422,49.45000076293945,49.63999938964844,2312138.0
2024-01-22T09:30:00-05:00,49.560001373291016,51.15999984741211,49.369998931884766,50.753700256347656,4243021.0
2024-01-22T10:30:00-05:00,50.755001068115234,50.849998474121094,50.38999938964844,50.66999816894531,1293767.0
2024-01-22T11:30:00-05:00,50.665000915527344,50.93000030517578,50.525001525878906,50.720001220703125,1058201.0
2024-01-22T12:30:00-05:00,50.724998474121094,51.36000061035156,50.529998779296875,51.150001525878906,1717057.0
2024-01-22T13:30:00-05:00,51.150001525878906,51.33570098876953,50.9900016784668,51.099998474121094,1455651.0
2024-01-22T14:30:00-05:00,51.11000061035156,51.130001068115234,50.790000915527344,50.915000915527344,1485929.0
2024-01-22T15:30:00-05:00,50.915000915527344,51.064998626708984,50.650001525878906,50.66999816894531,2805958.0
2024-01-23T09:30:00-05:00,50.459999084472656,51.52000045776367,50.29999923706055,51.21310043334961,1828557.0
2024-01-23T10:30:00-05:00,51.220001220703125,51.220001220703125,50.459999084472656,50.75,1664263.0
2024-01-23T11:30:00-05:00,50.744998931884766,50.77000045776367,50.494998931884766,50.505001068115234,961215.0
2024-01-23T12:30:00-05:00,50.5099983215332,50.525001525878906,50.279998779296875,50.45000076293945,790169.0
2024-01-23T13:30:00-05:00,50.44499969482422,50.5099983215332,50.28499984741211,50.31999969482422,790539.0
2024-01-23T14:30:00-05:00,50.275001525878906,50.63999938964844,50.27000045776367,50.6349983215332,1418296.0
2024-01-23T15:30:00-05:00,50.635101318359375,50.63999938964844,50.380001068115234,50.43000030517578,1649455.0
2024-01-24T09:30:00-05:00,50.79999923706055,51.290000915527344,50.56999969482422,50.9900016784668,1833725.0
2024-01-24T10:30:00-05:00,51.0,51.43000030517578,51.0,51.31999969482422,1360935.0
2024-01-24T11:30:00-05:00,51.314998626708984,51.599998474121094,51.290000915527344,51.415000915527344,987424.0
2024-01-24T12:30:00-05:00,51.415000915527344,51.439998626708984,51.26499938964844,51.404998779296875,1005828.0
2024-01-24T13:30:00-05:00,51.404998779296875,51.46500015258789,51.29499816894531,51.41999816894531,949646.0
2024-01-24T14:30:00-05:00,51.43000030517578,51.709999084472656,51.42499923706055,51.58000183105469,1325125.0
2024-01-24T15:30:00-05:00,51.57500076293945,51.7599983215332,51.5099983215332,51.68000030517578,1633586.0
2024-01-25T09:30:00-05:00,52.09000015258789,52.369998931884766,51.5,51.7599983215332,1860646.0
2024-01-25T10:30:00-05:00,51.75,51.775001525878906,51.36000061035156,51.540000915527344,1352249.0
2024-01-25T11:30:00-05:00,51.540000915527344,51.57500076293945,51.33000183105469,51.470001220703125,821170.0
2024-01-25T12:30:00-05:00,51.47999954223633,51.8390998840332,51.474998474121094,51.78499984741211,1142999.0
2024-01-25T13:30:00-05:00,51.78990173339844,52.060001373291016,51.76499938964844,52.05500030517578,1478458.0
2024-01-25T14:30:00-05:00,52.05500030517578,52.439998626708984,52.02000045776367,52.404998779296875,1450696.0
2024-01-25T15:30:00-05:00,52.404998779296875,52.4900016784668,52.30500030517578,52.47999954223633,1899563.0
2024-01-26T09:30:00-05:00,52.40999984741211,52.970001220703125,52.310001373291016,52.915000915527344,1306603.0
2024-01-26T10:30:00-05:00,52.90999984741211,53.23500061035156,52.76499938964844,52.93000030517578,1510906.0
2024-01-26T11:30:00-05:00,52.93000030517578,53.0,52.439998626708984,52.600101470947266,982868.0
2024-01-26T12:30:00-05:00,52.61000061035156,52.880001068115234,52.551998138427734,52.845001220703125,815427.0
2024-01-26T13:30:00-05:00,52.849998474121094,53.04499816894531,52.83000183105469,52.98500061035156,849365.0
2024-01-26T14:30:00-05:00,52.989898681640625,53.119998931884766,52.88249969482422,52.88249969482422,924458.0
2024-01-26T15:30:00-05:00,52.8849983215332,53.005001068115234,52.810001373291016,52.915000915527344,1606985.0
2024-01-29T09:30:00-05:00,52.779998779296875,52.94200134277344,52.39500045776367,52.685001373291016,2084671.0
2024-01-29T10:30:00-05:00,52.685001373291016,52.98500061035156,52.625,52.79499816894531,996171.0
2024-01-29T11:30:00-05:00,52.790000915527344,52.91999816894531,52.65999984741211,52.724998474121094,724094.0
2024-01-29T12:30:00-05:00,52.724998474121094,52.744998931884766,52.5099983215332,52.69499969482422,600580.0
2024-01-29T13:30:00-05:00,52.689998626708984,52.755001068115234,52.560001373291016,52.63999938964844,513252.0
2024-01-29T14:30:00-05:00,52.650001525878906,53.05500030517578,52.625,53.05500030517578,1172627.0
2024-01-29T15:30:00-05:00,53.04999923706055,53.224998474121094,52.94499969482422,53.185001373291016,2054019.0
2024-01-30T09:30:00-05:00,48.880001068115234,49.56999969482422,47.75,47.935001373291016,15840880.0
2024-01-30T10:30:00-05:00,47.93000030517578,48.630001068115234,47.875,48.61000061035156,10226931.0
2024-01-30T11:30:00-05:00,48.60499954223633,48.8650016784668,48.38999938964844,48.43000030517578,3992655.0
2024-01-30T12:30:00-05:00,48.42499923706055,48.68000030517578,48.29499816894531,48.68000030517578,3228310.0
2024-01-30T13:30:00-05:00,48.68000030517578,49.32500076293945,48.63999938964844,49.150001525878906,3680720.0
2024-01-30T14:30:00-05:00,49.1599006652832,49.5,49.02000045776367,49.310001373291016,4135741.0
2024-01-30T15:30:00-05:00,49.30500030517578,49.36000061035156,49.005001068115234,49.36000061035156,4046482.0
2024-01-31T09:30:00-05:00,49.45000076293945,49.685001373291016,48.27000045776367,48.619998931884766,5641455.0
2024-01-31T10:30:00-05:00,48.61000061035156,48.720001220703125,48.45000076293945,48.54499816894531,1944372.0
2024-01-31T11:30:00-05:00,48.54130172729492,48.79999923706055,48.244998931884766,48.65999984741211,2689294.0
2024-01-31T12:30:00-05:00,48.665000915527344,48.88999938964844,48.56999969482422,48.709999084472656,2488948.0
2024-01-31T13:30:00-05:00,48.70000076293945,48.939998626708984,48.599998474121094,48.80500030517578,2149566.0
2024-01-31T14:30:00-05:00,48.79999923706055,49.07500076293945,48.67499923706055,48.79499816894531,2792134.0
2024-01-31T15:30:00-05:00,48.79499816894531,48.79999923706055,48.5,48.70000076293945,5282438.0
2024-02-01T09:30:00-05:00,49.34000015258789,49.564998626708984,48.67100143432617,48.779998779296875,3724627.0
2024-02-01T10:30:00-05:00,48.779998779296875,49.0,48.36000061035156,48.959999084472656,2038651.0
2024-02-01T11:30:00-05:00,48.959999084472656,49.209999084472656,48.86000061035156,49.19499969482422,1056862.0
2024-02-01T12:30:00-05:00,49.20000076293945,49.310001373291016,48.57419967651367,49.04499816894531,2487055.0
2024-02-01T13:30:00-05:00,49.04499816894531,49.189998626708984,48.564998626708984,48.61000061035156,2392696.0
2024-02-01T14:30:00-05:00,48.60499954223633,48.94990158081055,48.5,48.81999969482422,1798362.0
2024-02-01T15:30:00-05:00,48.810001373291016,49.0099983215332,48.70249938964844,49.0099983215332,1942310.0
2024-02-02T09:30:00-05:00,48.900001525878906,49.18000030517578,48.48500061035156,49.029998779296875,2294385.0
2024-02-02T10:30:00-05:00,49.025001525878906,49.099998474121094,48.72999954223633,48.95000076293945,1416798.0
2024-02-02T11:30:00-05:00,48.95000076293945,48.97999954223633,48.6349983215332,48.869998931884766,2203240.0
2024-02-02T12:30:00-05:00,48.869998931884766,48.970001220703125,48.720001220703125,48.76499938964844,2339764.0
2024-02-02T13:30:00-05:00,48.76499938964844,48.85499954223633,48.689998626708984,48.79999923706055,1384816.0
2024-02-02T14:30:00-05:00,48.80500030517578,49.0099983215332,48.78499984741211,48.994998931884766,1938513.0
2024-02-02T15:30:00-05:00,49.0,49.01499938964844,48.880001068115234,49.0,5069000.0
2024-02-05T09:30:00-05:00,48.5,48.7599983215332,48.2400016784668,48.459999084472656,4610190.0
2024-02-05T10:30:00-05:00,48.439998626708984,48.63999938964844,48.349998474121094,48.474998474121094,2192575.0
2024-02-05T11:30:00-05:00,48.47999954223633,48.875,48.47990036010742,48.78340148925781,2054651.0
2024-02-05T12:30:00-05:00,48.790000915527344,49.07500076293945,48.780799865722656,48.85499954223633,1167129.0
2024-02-05T13:30:00-05:00,48.85499954223633,48.8650016784668,48.474998474121094,48.474998474121094,1537708.0
2024-02-05T14:30:00-05:00,48.474998474121094,48.7599983215332,48.470001220703125,48.724998474121094,2285285.0
2024-02-05T15:30:00-05:00,48.724998474121094,48.790000915527344,48.47999954223633,48.540000915527344,2889800.0
2024-02-06T09:30:00-05:00,48.470001220703125,48.60499954223633,47.849998474121094,48.15999984741211,2763794.0
2024-02-06T10:30:00-05:00,48.14500045776367,48.29499816894531,47.81999969482422,47.91999816894531,2395721.0
2024-02-06T11:30:00-05:00,47.91999816894531,48.41999816894531,47.91999816894531,48.29499816894531,1836086.0
2024-02-06T12:30:00-05:00,48.290000915527344,48.40999984741211,48.064998626708984,48.125,951988.0
2024-02-06T13:30:00-05:00,48.125,48.38999938964844,48.07500076293945,48.2400016784668,1063203.0
2024-02-06T14:30:00-05:00,48.2400016784668,48.2599983215332,47.97999954223633,48.03499984741211,1282900.0
2024-02-06T15:30:00-05:00,48.029998779296875,48.040000915527344,47.88999938964844,48.0,1619586.0
2024-02-07T09:30:00-05:00,48.220001220703125,48.36000061035156,47.099998474121094,47.349998474121094,2119188.0
2024-02-07T10:30:00-05:00,47.349998474121094,47.59000015258789,47.25,47.4900016784668,1230782.0
2024-02-07T11:30:00-05:00,47.4900016784668,47.619998931884766,47.209999084472656,47.290000915527344,1156313.0
2024-02-07T12:30:00-05:00,47.29999923706055,47.47999954223633,47.224998474121094,47.43000030517578,1012770.0
2024-02-07T13:30:00-05:00,47.41999816894531,47.56869888305664,47.349998474121094,47.51499938964844,1006675.0
2024-02-07T14:30:00-05:00,47.52000045776367,47.540000915527344,47.3849983215332,47.474998474121094,1195948.0
2024-02-07T15:30:00-05:00,47.47999954223633,47.6349983215332,47.38999938964844,47.459999084472656,1769855.0
2024-02-08T09:30:00-05:00,47.29999923706055,47.654998779296875,47.224998474121094,47.529998779296875,1857183.0
2024-02-08T10:30:00-05:00,47.540000915527344,47.79499816894531,47.32500076293945,47.345001220703125,1562173.0
2024-02-08T11:30:00-05:00,47.34000015258789,47.4297981262207,47.209999084472656,47.255001068115234,1112607.0
2024-02-08T12:30:00-05:00,47.255001068115234,47.500099182128906,47.10499954223633,47.138099670410156,1243712.0
2024-02-08T13:30:00-05:00,47.1349983215332,47.42499923706055,47.10499954223633,47.41999816894531,1749900.0
2024-02-08T14:30:00-05:00,47.4281005859375,47.78499984741211,47.404998779296875,47.69499969482422,1738620.0
2024-02-08T15:30:00-05:00,47.69499969482422,47.92499923706055,47.650001525878906,47.810001373291016,1940284.0
2024-02-09T09:30:00-05:00,47.56990051269531,47.845001220703125,47.290000915527344,47.415000915527344,1317295.0
2024-02-09T10:30:00-05:00,47.415000915527344,47.505001068115234,47.08369827270508,47.130001068115234,1083093.0
2024-02-09T11:30:00-05:00,47.125,47.150001525878906,46.95000076293945,47.060001373291016,923429.0
2024-02-09T12:30:00-05:00,47.06990051269531,47.150001525878906,46.90999984741211,47.130001068115234,965113.0
2024-02-09T13:30:00-05:00,47.13600158691406,47.22999954223633,47.08250045776367,47.17499923706055,747048.0
2024-02-09T14:30:00-05:00,47.17499923706055,47.20000076293945,47.0099983215332,47.1150016784668,908113.0
2024-02-09T15:30:00-05:00,47.1150016784668,47.150001525878906,46.98500061035156,47.08000183105469,1382079.0
2024-02-12T09:30:00-05:00,47.54999923706055,48.22999954223633,47.470001220703125,48.03799819946289,1535894.0
2024-02-12T10:30:00-05:00,48.03499984741211,48.380001068115234,47.904998779296875,48.31999969482422,1461712.0
2024-02-12T11:30:00-05:00,48.32500076293945,48.6150016784668,48.29999923706055,48.584999084472656,1301644.0
2024-02-12T12:30:00-05:00,48.59000015258789,48.619998931884766,48.33000183105469,48.334999084472656,827918.0
2024-02-12T13:30:00-05:00,48.34000015258789,48.4900016784668,48.29999923706055,48.39500045776367,1173934.0
2024-02-12T14:30:00-05:00,48.38999938964844,48.47999954223633,48.290000915527344,48.29499816894531,1237677.0
2024-02-12T15:30:00-05:00,48.29999923706055,48.34000015258789,48.04999923706055,48.150001525878906,2349490.0
2024-02-13T09:30:00-05:00,48.05500030517578,48.29499816894531,47.02000045776367,47.125,1587049.0
2024-02-13T10:30:00-05:00,47.119998931884766,47.73500061035156,46.994998931884766,47.630001068115234,1310630.0
2024-02-13T11:30:00-05:00,47.6349983215332,47.80500030517578,47.47999954223633,47.755001068115234,909987.0
2024-02-13T12:30:00-05:00,47.75,47.84000015258789,47.54499816894531,47.630001068115234,924297.0
2024-02-13T13:30:00-05:00,47.619998931884766,47.619998931884766,47.29499816894531,47.52000045776367,1152869.0
2024-02-13T14:30:00-05:00,47.52000045776367,47.58000183105469,47.09000015258789,47.22999954223633,1367508.0
2024-02-13T15:30:00-05:00,47.22999954223633,47.619998931884766,47.13999938964844,47.59000015258789,1599489.0
2024-02-14T09:30:00-05:00,48.01499938964844,48.01499938964844,47.459999084472656,47.54999923706055,1340763.0
2024-02-14T10:30:00-05:00,47.56999969482422,47.81999969482422,47.24250030517578,47.790000915527344,1302130.0
2024-02-14T11:30:00-05:00,47.779998779296875,47.95000076293945,47.59000015258789,47.86000061035156,1247286.0
2024-02-14T12:30:00-05:00,47.86000061035156,47.86000061035156,47.63999938964844,47.70500183105469,521691.0
2024-02-14T13:30:00-05:00,47.70500183105469,47.779998779296875,47.5,47.65999984741211,618648.0
2024-02-14T14:30:00-05:00,47.66350173950195,47.720001220703125,47.54499816894531,47.665000915527344,902952.0
2024-02-14T15:30:00-05:00,47.665000915527344,47.779998779296875,47.45000076293945,47.7400016784668,1504047.0
2024-02-15T09:30:00-05:00,47.849998474121094,48.75,47.73500061035156,48.560001373291016,1285330.0
2024-02-15T10:30:00-05:00,48.560001373291016,48.650001525878906,48.308998107910156,48.45000076293945,811872.0
2024-02-15T11:30:00-05:00,48.439998626708984,48.849998474121094,48.439998626708984,48.625,756941.0
2024-02-15T12:30:00-05:00,48.625,48.689998626708984,48.34000015258789,48.494998931884766,986479.0
2024-02-15T13:30:00-05:00,48.494998931884766,48.64500045776367,48.310001373291016,48.6349983215332,1198969.0
2024-02-15T14:30:00-05:00,48.630001068115234,48.849998474121094,48.56999969482422,48.83000183105469,1098229.0
2024-02-15T15:30:00-05:00,48.82500076293945,48.8650016784668,48.56999969482422,48.58000183105469,1631464.0
2024-02-16T09:30:00-05:00,48.66999816894531,48.810001373291016,48.255001068115234,48.72999954223633,1338304.0
2024-02-16T10:30:00-05:00,48.7400016784668,48.779998779296875,48.5,48.69499969482422,727788.0
2024-02-16T11:30:00-05:00,48.70000076293945,48.875,48.59000015258789,48.849998474121094,434099.0
2024-02-16T12:30:00-05:00,48.85499954223633,48.88999938964844,48.619998931884766,48.75,588052.0
2024-02-16T13:30:00-05:00,48.7599983215332,48.810001373291016,48.68000030517578,48.79499816894531,483520.0
2024-02-16T14:30:00-05:00,48.79999923706055,48.80500030517578,48.560001373291016,48.685001373291016,642544.0
2024-02-16T15:30:00-05:00,48.689998626708984,48.7400016784668,48.540000915527344,48.58000183105469,1082025.0
2024-02-20T09:30:00-05:00,48.59000015258789,48.88999938964844,48.2599983215332,48.81999969482422,1532206.0
2024-02-20T10:30:00-05:00,48.84000015258789,48.869998931884766,48.369998931884766,48.53499984741211,944688.0
2024-02-20T11:30:00-05:00,48.540000915527344,48.849998474121094,48.5099983215332,48.775001525878906,745535.0
2024-02-20T12:30:00-05:00,48.77000045776367,48.814998626708984,48.5099983215332,48.64500045776367,1067950.0
2024-02-20T13:30:00-05:00,48.64099884033203,48.650001525878906,48.404998779296875,48.435001373291016,573186.0
2024-02-20T14:30:00-05:00,48.43000030517578,48.609798431396484,48.42430114746094,48.45819854736328,707990.0
2024-02-20T15:30:00-05:00,48.45500183105469,48.66999816894531,48.32500076293945,48.56999969482422,1672329.0
2024-02-21T09:30:00-05:00,48.779998779296875,49.18000030517578,48.584999084472656,49.040000915527344,1098042.0
2024-02-21T10:30:00-05:00,49.029998779296875,49.275001525878906,48.9901008605957,49.165000915527344,801123.0
2024-02-21T11:30:00-05:00,49.168399810791016,49.27000045776367,48.9900016784668,49.12200164794922,711264.0
2024-02-21T12:30:00-05:00,49.125,49.15999984741211,48.900001525878906,49.08810043334961,588225.0
2024-02-21T13:30:00-05:00,49.09000015258789,49.279998779296875,48.90999984741211,48.97999954223633,661718.0
2024-02-21T14:30:00-05:00,48.97100067138672,48.98500061035156,48.70000076293945,48.77000045776367,817330.0
2024-02-21T15:30:00-05:00,48.77000045776367,49.220001220703125,48.76499938964844,49.21500015258789,1261145.0
2024-02-22T09:30:00-05:00,49.16999816894531,49.435001373291016,48.83000183105469,49.224998474121094,1728158.0
2024-02-22T10:30:00-05:00,49.22999954223633,49.599998474121094,48.994998931884766,49.41999816894531,846788.0
2024-02-22T11:30:00-05:00,49.43000030517578,49.474998474121094,49.16999816894531,49.23500061035156,745719.0
2024-02-22T12:30:00-05:00,49.2400016784668,49.40999984741211,49.18000030517578,49.29499816894531,721908.0
2024-02-22T13:30:00-05:00,49.29999923706055,49.4114990234375,49.2400016784668,49.3849983215332,685027.0
2024-02-22T14:30:00-05:00,49.380001068115234,49.380001068115234,49.11000061035156,49.224998474121094,765860.0
2024-02-22T15:30:00-05:00,49.22999954223633,49.349998474121094,49.150001525878906,49.2599983215332,1264758.0
2024-02-23T09:30:00-05:00,48.880001068115234,49.06999969482422,48.41999816894531,48.584999084472656,1587551.0
2024-02-23T10:30:00-05:00,48.59000015258789,48.8650016784668,48.560001373291016,48.72999954223633,802299.0
2024-02-23T11:30:00-05:00,48.7400016784668,48.83000183105469,48.560001373291016,48.599998474121094,631517.0
2024-02-23T12:30:00-05:00,48.6150016784668,48.77000045776367,48.599998474121094,48.75,784207.0
2024-02-23T13:30:00-05:00,48.75,48.90999984741211,48.68000030517578,48.78499984741211,613695.0
2024-02-23T14:30:00-05:00,48.78499984741211,48.93000030517578,48.755001068115234,48.80500030517578,660099.0
2024-02-23T15:30:00-05:00,48.80500030517578,48.900001525878906,48.78499984741211,48.810001373291016,995598.0
2024-02-26T09:30:00-05:00,48.70000076293945,49.02000045776367,48.45000076293945,48.9900016784668,1001450.0
2024-02-26T10:30:00-05:00,48.994998931884766,49.0,48.63999938964844,48.709999084472656,534375.0
2024-02-26T11:30:00-05:00,48.70500183105469,48.7400016784668,48.529998779296875,48.59000015258789,412876.0
2024-02-26T12:30:00-05:00,48.584999084472656,48.70000076293945,48.48469924926758,48.53499984741211,445949.0
2024-02-26T13:30:00-05:00,48.529998779296875,48.56999969482422,48.41999816894531,48.47999954223633,464014.0
2024-02-26T14:30:00-05:00,48.470001220703125,48.63999938964844,48.40999984741211,48.599998474121094,838857.0
2024-02-26T15:30:00-05:00,48.60100173950195,48.65999984741211,48.47999954223633,48.560001373291016,1097362.0
2024-02-27T09:30:00-05:00,48.93000030517578,49.005001068115234,48.349998474121094,48.48500061035156,1359353.0
2024-02-27T10:30:00-05:00,48.47999954223633,48.47999954223633,48.18000030517578,48.369998931884766,940495.0
2024-02-27T11:30:00-05:00,48.369998931884766,48.5,48.20500183105469,48.334999084472656,642354.0
2024-02-27T12:30:00-05:00,48.33000183105469,48.45000076293945,48.25,48.35499954223633,744111.0
2024-02-27T13:30:00-05:00,48.35499954223633,48.40999984741211,48.279998779296875,48.29499816894531,665916.0
2024-02-27T14:30:00-05:00,48.29999923706055,48.33000183105469,48.15999984741211,48.20000076293945,850195.0
2024-02-27T15:30:00-05:00,48.20500183105469,48.47999954223633,48.18000030517578,48.470001220703125,1725749.0
2024-02-28T09:30:00-05:00,48.2400016784668,48.73500061035156,47.9900016784668,48.29999923706055,1377517.0
2024-02-28T10:30:00-05:00,48.279998779296875,48.56999969482422,48.02000045776367,48.099998474121094,991510.0
2024-02-28T11:30:00-05:00,48.084999084472656,48.291900634765625,47.95000076293945,48.20500183105469,655172.0
2024-02-28T12:30:00-05:00,48.20500183105469,48.314998626708984,48.095001220703125,48.30500030517578,395618.0
2024-02-28T13:30:00-05:00,48.310001373291016,48.34000015258789,48.189998626708984,48.27000045776367,489320.0
2024-02-28T14:30:00-05:00,48.2599983215332,48.334999084472656,48.20500183105469,48.28499984741211,554580.0
2024-02-28T15:30:00-05:00,48.28499984741211,48.28499984741211,48.005001068115234,48.16999816894531,1233040.0
2024-02-29T09:30:00-05:00,48.56999969482422,48.880001068115234,48.279998779296875,48.439998626708984,1866701.0
2024-02-29T10:30:00-05:00,48.439998626708984,48.586299896240234,48.15999984741211,48.45500183105469,616412.0
2024-02-29T11:30:00-05:00,48.439998626708984,48.459999084472656,48.21500015258789,48.29499816894531,591499.0
2024-02-29T12:30:00-05:00,48.290000915527344,48.3849983215332,48.154998779296875,48.2400016784668,455105.0
2024-02-29T13:30:00-05:00,48.2400016784668,48.349998474121094,48.18000030517578,48.26499938964844,447062.0
2024-02-29T14:30:00-05:00,48.269901275634766,48.310001373291016,48.130001068115234,48.19200134277344,646443.0
2024-02-29T15:30:00-05:00,48.189998626708984,48.43000030517578,48.18000030517578,48.310001373291016,1913428.0
2024-03-01T09:30:00-05:00,49.0,49.400001525878906,48.80500030517578,49.30500030517578,1731733.0
2024-03-01T10:30:00-05:00,49.30500030517578,49.71500015258789,49.279998779296875,49.45500183105469,1040742.0
2024-03-01T11:30:00-05:00,49.45500183105469,49.709999084472656,49.404998779296875,49.54999923706055,724579.0
2024-03-01T12:30:00-05:00,49.54999923706055,49.59000015258789,49.40999984741211,49.470001220703125,627022.0
2024-03-01T13:30:00-05:00,49.47999954223633,49.5099983215332,49.34379959106445,49.5099983215332,559346.0
2024-03-01T14:30:00-05:00,49.505001068115234,49.599998474121094,49.349998474121094,49.375,745958.0
2024-03-01T15:30:00-05:00,49.369998931884766,49.41999816894531,49.18000030517578,49.349998474121094,1476985.0
2024-03-04T09:30:00-05:00,49.54999923706055,49.959999084472656,49.0099983215332,49.13750076293945,1557185.0
2024-03-04T10:30:00-05:00,49.1349983215332,49.27000045776367,49.09000015258789,49.13999938964844,659125.0
2024-03-04T11:30:00-05:00,49.150001525878906,49.45750045776367,49.130001068115234,49.334999084472656,801486.0
2024-03-04T12:30:00-05:00,49.334999084472656,49.55500030517578,49.310001373291016,49.46500015258789,681782.0
2024-03-04T13:30:00-05:00,49.470001220703125,49.525001525878906,49.369998931884766,49.52000045776367,526904.0
2024-03-04T14:30:00-05:00,49.51499938964844,49.650001525878906,49.380001068115234,49.47990036010742,809623.0
2024-03-04T15:30:00-05:00,49.474998474121094,49.53499984741211,49.349998474121094,49.43000030517578,1178739.0
2024-03-05T09:30:00-05:00,49.209999084472656,49.939998626708984,49.209999084472656,49.27000045776367,1031508.0
2024-03-05T10:30:00-05:00,49.27000045776367,49.95000076293945,49.209999084472656,49.84000015258789,867907.0
2024-03-05T11:30:00-05:00,49.849998474121094,50.040000915527344,49.61000061035156,50.025001525878906,731439.0
2024-03-05T12:30:00-05:00,50.02000045776367,50.02000045776367,49.7599983215332,49.89500045776367,723773.0
2024-03-05T13:30:00-05:00,49.89500045776367,49.89500045776367,49.59000015258789,49.685001373291016,545321.0
2024-03-05T14:30:00-05:00,49.68000030517578,49.70000076293945,49.39500045776367,49.47999954223633,780866.0
2024-03-05T15:30:00-05:00,49.474998474121094,49.709999084472656,49.45000076293945,49.665000915527344,1016129.0
2024-03-06T09:30:00-05:00,50.5,50.52000045776367,49.779998779296875,49.880001068115234,1314755.0
2024-03-06T10:30:00-05:00,49.88999938964844,50.51499938964844,49.88999938964844,50.5,1337456.0
2024-03-06T11:30:00-05:00,50.5,50.505001068115234,50.06999969482422,50.30500030517578,628229.0
2024-03-06T12:30:00-05:00,50.310001373291016,50.5099983215332,50.19499969482422,50.470001220703125,550855.0
2024-03-06T13:30:00-05:00,50.46500015258789,50.46500015258789,49.83000183105469,49.85499954223633,674833.0
2024-03-06T14:30:00-05:00,49.85499954223633,49.9900016784668,49.75,49.79499816894531,651576.0
2024-03-06T15:30:00-05:00,49.790000915527344,50.040000915527344,49.599998474121094,50.029998779296875,1185993.0
2024-03-07T09:30:00-05:00,49.9900016784668,50.529998779296875,49.91999816894531,50.439998626708984,2074080.0
2024-03-07T10:30:00-05:00,50.45000076293945,50.7599983215332,50.41999816894531,50.560001373291016,1101804.0
2024-03-07T11:30:00-05:00,50.560001373291016,50.83000183105469,50.459999084472656,50.83000183105469,693705.0
2024-03-07T12:30:00-05:00,50.84000015258789,50.95000076293945,50.775001525878906,50.85499954223633,499707.0
2024-03-07T13:30:00-05:00,50.85879898071289,50.869998931884766,50.59000015258789,50.6150016784668,534143.0
2024-03-07T14:30:00-05:00,50.6150016784668,50.69499969482422,50.525001525878906,50.619998931884766,667588.0
2024-03-07T15:30:00-05:00,50.625,50.84000015258789,50.599998474121094,50.779998779296875,1247307.0
2024-03-08T09:30:00-05:00,50.689998626708984,50.81769943237305,50.29999923706055,50.314998626708984,1127587.0
2024-03-08T10:30:00-05:00,50.31999969482422,50.579898834228516,50.2400016784668,50.47999954223633,684509.0
2024-03-08T11:30:00-05:00,50.47999954223633,50.71500015258789,50.43000030517578,50.459999084472656,569288.0
2024-03-08T12:30:00-05:00,50.459999084472656,50.54999923706055,50.380001068115234,50.40999984741211,513568.0
2024-03-08T13:30:00-05:00,50.400001525878906,50.45500183105469,50.18000030517578,50.36000061035156,744355.0
2024-03-08T14:30:00-05:00,50.369998931884766,50.44900131225586,50.2599983215332,50.40999984741211,636554.0
2024-03-08T15:30:00-05:00,50.404998779296875,50.474998474121094,50.349998474121094,50.400001525878906,1432990.0
2024-03-11T09:30:00-04:00,50.119998931884766,50.875,50.119998931884766,50.54999923706055,1390794.0
2024-03-11T10:30:00-04:00,50.54999923706055,50.81999969482422,50.420101165771484,50.599998474121094,1698551.0
2024-03-11T11:30:00-04:00,50.599998474121094,51.0099983215332,50.560001373291016,50.9900016784668,1513038.0
2024-03-11T12:30:00-04:00,51.0,51.0,50.869998931884766,50.94499969482422,670236.0
2024-03-11T13:30:00-04:00,50.939998626708984,51.290000915527344,50.915000915527344,51.28499984741211,1224029.0
2024-03-11T14:30:00-04:00,51.28499984741211,51.54999923706055,51.255001068115234,51.529998779296875,977858.0
2024-03-11T15:30:00-04:00,51.52000045776367,51.58000183105469,51.38999938964844,51.529998779296875,1416738.0
2024-03-12T09:30:00-04:00,51.84000015258789,51.84000015258789,51.06999969482422,51.47999954223633,1075561.0
2024-03-12T10:30:00-04:00,51.47999954223633,51.720001220703125,51.4375,51.560001373291016,764203.0
2024-03-12T11:30:00-04:00,51.56999969482422,51.7400016784668,51.529998779296875,51.599998474121094,575900.0
2024-03-12T12:30:00-04:00,51.595001220703125,51.68000030517578,51.5,51.625,1080173.0
2024-03-12T13:30:00-04:00,51.625,51.625,51.43000030517578,51.53499984741211,502860.0
2024-03-12T14:30:00-04:00,51.540000915527344,51.779998779296875,51.529998779296875,51.595001220703125,1074777.0
2024-03-12T15:30:00-04:00,51.59000015258789,51.709999084472656,51.52000045776367,51.56999969482422,1113692.0
2024-03-13T09:30:00-04:00,52.2599983215332,52.730098724365234,52.2599983215332,52.602699279785156,1159713.0
2024-03-13T10:30:00-04:00,52.609798431396484,52.689998626708984,52.38999938964844,52.560001373291016,818618.0
2024-03-13T11:30:00-04:00,52.560001373291016,52.600101470947266,51.97999954223633,52.150001525878906,1050679.0
2024-03-13T12:30:00-04:00,52.14500045776367,52.31999969482422,52.05500030517578,52.209999084472656,849633.0
2024-03-13T13:30:00-04:00,52.209999084472656,52.54999923706055,52.119998931884766,52.540000915527344,744767.0
2024-03-13T14:30:00-04:00,52.540000915527344,52.66999816894531,52.22999954223633,52.30500030517578,1310065.0
2024-03-13T15:30:00-04:00,52.310001373291016,52.599998474121094,52.290000915527344,52.560001373291016,1522327.0
2024-03-14T09:30:00-04:00,52.79999923706055,53.599998474121094,52.79999923706055,53.59000015258789,1863406.0
2024-03-14T10:30:00-04:00,53.599998474121094,53.720001220703125,53.27009963989258,53.43000030517578,1122141.0
2024-03-14T11:30:00-04:00,53.42499923706055,53.70000076293945,53.36000061035156,53.560001373291016,688511.0
2024-03-14T12:30:00-04:00,53.560001373291016,53.70000076293945,53.38999938964844,53.419898986816406,693720.0
2024-03-14T13:30:00-04:00,53.415000915527344,53.470001220703125,53.33000183105469,53.369998931884766,677718.0
2024-03-14T14:30:00-04:00,53.36000061035156,53.5,53.20000076293945,53.220001220703125,998096.0
2024-03-14T15:30:00-04:00,53.220001220703125,53.25,53.095001220703125,53.25,1709635.0
2024-03-15T09:30:00-04:00,52.79999923706055,53.920101165771484,52.79999923706055,53.349998474121094,3072770.0
2024-03-15T10:30:00-04:00,53.345001220703125,53.404998779296875,53.13999938964844,53.244998931884766,1109255.0
2024-03-15T11:30:00-04:00,53.2400016784668,53.279998779296875,52.90999984741211,53.05500030517578,900378.0
2024-03-15T12:30:00-04:00,53.040000915527344,53.17499923706055,52.98500061035156,53.0099983215332,594893.0
2024-03-15T13:30:00-04:00,53.0099983215332,53.310001373291016,53.005001068115234,53.1150016784668,808797.0
2024-03-15T14:30:00-04:00,53.1150016784668,53.27000045776367,53.05500030517578,53.154998779296875,1110650.0
2024-03-15T15:30:00-04:00,53.150001525878906,53.150001525878906,52.880001068115234,52.900001525878906,1545745.0
2024-03-18T09:30:00-04:00,53.20000076293945,53.45000076293945,52.70000076293945,53.11000061035156,815924.0
2024-03-18T10:30:00-04:00,53.099998474121094,53.4900016784668,53.040000915527344,53.459999084472656,575192.0
2024-03-18T11:30:00-04:00,53.45500183105469,53.54999923706055,53.349998474121094,53.45500183105469,502538.0
2024-03-18T12:30:00-04:00,53.45500183105469,53.68000030517578,53.41999816894531,53.564998626708984,415233.0
2024-03-18T13:30:00-04:00,53.564998626708984,53.584999084472656,53.435001373291016,53.45000076293945,394321.0
2024-03-18T14:30:00-04:00,53.450199127197266,53.53499984741211,53.3650016784668,53.459999084472656,514016.0
2024-03-18T15:30:00-04:00,53.46500015258789,53.560001373291016,53.349998474121094,53.439998626708984,918294.0
2024-03-19T09:30:00-04:00,53.529998779296875,54.29999923706055,53.459999084472656,54.130001068115234,1170785.0
2024-03-19T10:30:00-04:00,54.13999938964844,54.25,53.9900016784668,54.10499954223633,720739.0
2024-03-19T11:30:00-04:00,54.10499954223633,54.334999084472656,54.08000183105469,54.2599983215332,617678.0
2024-03-19T12:30:00-04:00,54.2599983215332,54.416900634765625,54.1869010925293,54.415000915527344,695825.0
2024-03-19T13:30:00-04:00,54.40999984741211,54.54499816894531,54.279998779296875,54.334999084472656,892189.0
2024-03-19T14:30:00-04:00,54.339698791503906,54.45500183105469,54.2400016784668,54.32500076293945,620138.0
2024-03-19T15:30:00-04:00,54.32500076293945,54.54999923706055,54.28499984741211,54.5099983215332,1122104.0
2024-03-20T09:30:00-04:00,54.119998931884766,54.380001068115234,53.91999816894531,54.2400016784668,969619.0
2024-03-20T10:30:00-04:00,54.23910140991211,54.2599983215332,53.97999954223633,54.1349983215332,705449.0
2024-03-20T11:30:00-04:00,54.130001068115234,54.2400016784668,54.04499816894531,54.095001220703125,537213.0
2024-03-20T12:30:00-04:00,54.099998474121094,54.29970169067383,53.959999084472656,53.959999084472656,600716.0
2024-03-20T13:30:00-04:00,53.959999084472656,54.18000030517578,53.95000076293945,54.084999084472656,586479.0
2024-03-20T14:30:00-04:00,54.09000015258789,54.55500030517578,54.005001068115234,54.54499816894531,1196797.0
2024-03-20T15:30:00-04:00,54.540000915527344,54.564998626708984,54.30500030517578,54.400001525878906,1044899.0
2024-03-21T09:30:00-04:00,54.47999954223633,54.79499816894531,54.33000183105469,54.59000015258789,993213.0
2024-03-21T10:30:00-04:00,54.59000015258789,54.69499969482422,54.37099838256836,54.584999084472656,873541.0
2024-03-21T11:30:00-04:00,54.584999084472656,54.685001373291016,54.46500015258789,54.650001525878906,643987.0
2024-03-21T12:30:00-04:00,54.64500045776367,54.654998779296875,54.5099983215332,54.54499816894531,427449.0
2024-03-21T13:30:00-04:00,54.529998779296875,54.66999816894531,54.470001220703125,54.630001068115234,557418.0
2024-03-21T14:30:00-04:00,54.625,54.625,54.39400100708008,54.56999969482422,702980.0
2024-03-21T15:30:00-04:00,54.58000183105469,54.724998474121094,54.41999816894531,54.43000030517578,1036848.0
2024-03-22T09:30:00-04:00,54.689998626708984,55.08000183105469,54.34000015258789,54.34000015258789,946428.0
2024-03-22T10:30:00-04:00,54.34000015258789,54.39929962158203,54.099998474121094,54.18000030517578,692700.0
2024-03-22T11:30:00-04:00,54.18000030517578,54.21500015258789,54.02000045776367,54.1150016784668,610895.0
2024-03-22T12:30:00-04:00,54.119998931884766,54.125,53.775001525878906,53.80500030517578,790279.0
2024-03-22T13:30:00-04:00,53.79999923706055,53.83620071411133,53.66999816894531,53.709999084472656,1155400.0
2024-03-22T14:30:00-04:00,53.709999084472656,53.79999923706055,53.57500076293945,53.79819869995117,1503694.0
2024-03-22T15:30:00-04:00,53.79499816894531,54.0099983215332,53.79499816894531,53.9900016784668,1538511.0
2024-03-25T09:30:00-04:00,54.290000915527344,54.7400016784668,54.20500183105469,54.47999954223633,1102834.0
2024-03-25T10:30:00-04:00,54.470001220703125,54.68000030517578,54.369998931884766,54.5099983215332,952022.0
2024-03-25T11:30:00-04:00,54.5,54.68000030517578,54.435001373291016,54.5,1149509.0
2024-03-25T12:30:00-04:00,54.505001068115234,54.53499984741211,54.32500076293945,54.345001220703125,615053.0
2024-03-25T13:30:00-04:00,54.349998474121094,54.3849983215332,54.255001068115234,54.32500076293945,752039.0
2024-03-25T14:30:00-04:00,54.32500076293945,54.43000030517578,54.27000045776367,54.33000183105469,802825.0
2024-03-25T15:30:00-04:00,54.34000015258789,54.380001068115234,54.20000076293945,54.31999969482422,1144903.0
2024-03-26T09:30:00-04:00,54.380001068115234,54.57500076293945,54.08000183105469,54.435001373291016,782389.0
2024-03-26T10:30:00-04:00,54.435001373291016,54.435001373291016,53.970001220703125,54.025001525878906,519303.0
2024-03-26T11:30:00-04:00,54.02000045776367,54.290000915527344,54.02000045776367,54.23500061035156,537936.0
2024-03-26T12:30:00-04:00,54.22999954223633,54.290000915527344,54.1349983215332,54.165000915527344,502264.0
2024-03-26T13:30:00-04:00,54.165000915527344,54.2599983215332,54.130001068115234,54.211700439453125,515618.0
2024-03-26T14:30:00-04:00,54.209999084472656,54.38999938964844,54.15999984741211,54.33000183105469,523254.0
2024-03-26T15:30:00-04:00,54.32500076293945,54.345001220703125,54.029998779296875,54.060001373291016,1251981.0
2024-03-27T09:30:00-04:00,54.04999923706055,54.779998779296875,53.900001525878906,54.77000045776367,944540.0
2024-03-27T10:30:00-04:00,54.779998779296875,54.84000015258789,54.5,54.63990020751953,799764.0
2024-03-27T11:30:00-04:00,54.63999938964844,54.63999938964844,54.400001525878906,54.5,661777.0
2024-03-27T12:30:00-04:00,54.505001068115234,54.53499984741211,54.400001525878906,54.5,249930.0
2024-03-27T13:30:00-04:00,54.494998931884766,54.654998779296875,54.4900016784668,54.63999938964844,504816.0
2024-03-27T14:30:00-04:00,54.63999938964844,54.749900817871094,54.584999084472656,54.599998474121094,589554.0
2024-03-27T15:30:00-04:00,54.61000061035156,54.91999816894531,54.51499938964844,54.900001525878906,1742177.0
2024-03-28T09:30:00-04:00,55.41999816894531,55.689998626708984,54.93000030517578,55.029998779296875,1012903.0
2024-03-28T10:30:00-04:00,55.02000045776367,55.14500045776367,54.810001373291016,55.13999938964844,585295.0
2024-03-28T11:30:00-04:00,55.14500045776367,55.14500045776367,54.869998931884766,54.900001525878906,621135.0
2024-03-28T12:30:00-04:00,54.88999938964844,54.95000076293945,54.810001373291016,54.834999084472656,488528.0
2024-03-28T13:30:00-04:00,54.834999084472656,54.95000076293945,54.779998779296875,54.875,429769.0
2024-03-28T14:30:00-04:00,54.880001068115234,55.0,54.79499816894531,54.994998931884766,721971.0
2024-03-28T15:30:00-04:00,54.994998931884766,55.025001525878906,54.68000030517578,54.779998779296875,1557137.0
2024-04-01T09:30:00-04:00,55.150001525878906,55.22999954223633,54.43000030517578,54.9900016784668,722116.0
2024-04-01T10:30:00-04:00,54.994998931884766,55.220001220703125,54.994998931884766,55.20000076293945,524795.0
2024-04-01T11:30:00-04:00,55.19499969482422,55.43989944458008,55.13999938964844,55.40999984741211,564834.0
2024-04-01T12:30:00-04:00,55.404998779296875,55.4900016784668,55.290000915527344,55.36000061035156,543772.0
2024-04-01T13:30:00-04:00,55.36000061035156,55.439998626708984,55.349998474121094,55.375,413868.0
2024-04-01T14:30:00-04:00,55.375,55.48500061035156,55.349998474121094,55.470001220703125,495504.0
2024-04-01T15:30:00-04:00,55.46500015258789,55.4900016784668,55.20000076293945,55.209999084472656,874322.0
2024-04-02T09:30:00-04:00,54.95000076293945,55.25,53.17499923706055,54.27000045776367,5939373.0
2024-04-02T10:30:00-04:00,54.27000045776367,54.29999923706055,53.880001068115234,54.04999923706055,1991840.0
2024-04-02T11:30:00-04:00,54.04499816894531,54.2599983215332,53.939998626708984,54.025001525878906,1258481.0
2024-04-02T12:30:00-04:00,54.02000045776367,54.05500030517578,53.630001068115234,53.790000915527344,1912805.0
2024-04-02T13:30:00-04:00,53.79499816894531,54.04499816894531,53.709999084472656,54.02000045776367,1182049.0
2024-04-02T14:30:00-04:00,54.02000045776367,54.45000076293945,53.97999954223633,54.25,1834817.0
2024-04-02T15:30:00-04:00,54.2599983215332,54.689998626708984,54.245201110839844,54.68000030517578,2970645.0
2024-04-03T09:30:00-04:00,55.2400016784668,55.349998474121094,54.52000045776367,54.529998779296875,1998150.0
2024-04-03T10:30:00-04:00,54.540000915527344,54.70500183105469,54.46500015258789,54.69499969482422,1560480.0
2024-04-03T11:30:00-04:00,54.689998626708984,54.849998474121094,54.369998931884766,54.46500015258789,1639611.0
2024-04-03T12:30:00-04:00,54.46500015258789,54.55500030517578,54.28499984741211,54.349998474121094,1111946.0
2024-04-03T13:30:00-04:00,54.34000015258789,54.54999923706055,54.33000183105469,54.474998474121094,1125624.0
2024-04-03T14:30:00-04:00,54.474998474121094,54.779998779296875,54.46500015258789,54.72999954223633,1588655.0
2024-04-03T15:30:00-04:00,54.724998474121094,54.880001068115234,54.54999923706055,54.849998474121094,2512233.0
2024-04-04T09:30:00-04:00,54.86000061035156,55.0,54.43000030517578,54.61000061035156,2006600.0
2024-04-04T10:30:00-04:00,54.599998474121094,54.78499984741211,54.560001373291016,54.60499954223633,1563611.0
2024-04-04T11:30:00-04:00,54.599998474121094,54.81999969482422,54.5,54.709999084472656,1227807.0
2024-04-04T12:30:00-04:00,54.70000076293945,54.790000915527344,54.63999938964844,54.654998779296875,1022057.0
2024-04-04T13:30:00-04:00,54.650001525878906,54.70000076293945,54.43000030517578,54.43000030517578,1424842.0
2024-04-04T14:30:00-04:00,54.41999816894531,54.470001220703125,54.130001068115234,54.13349914550781,1256670.0
2024-04-04T15:30:00-04:00,54.1349983215332,54.310001373291016,53.96500015258789,54.27000045776367,1829078.0
2024-04-05T09:30:00-04:00,54.5,54.5,53.97999954223633,54.310001373291016,1904711.0
2024-04-05T10:30:00-04:00,54.31999969482422,54.79999923706055,54.290000915527344,54.79499816894531,1051260.0
2024-04-05T11:30:00-04:00,54.790000915527344,55.02000045776367,54.7400016784668,55.01499938964844,1108887.0
2024-04-05T12:30:00-04:00,55.0099983215332,55.290000915527344,54.95000076293945,55.06999969482422,1332860.0
2024-04-05T13:30:00-04:00,55.060001373291016,55.067901611328125,54.775001525878906,54.77989959716797,1090108.0
2024-04-05T14:30:00-04:00,54.775001525878906,55.08000183105469,54.775001525878906,55.07500076293945,1137341.0
2024-04-05T15:30:00-04:00,55.08000183105469,55.1349983215332,54.95500183105469,55.029998779296875,1460710.0
2024-04-08T09:30:00-04:00,55.439998626708984,55.64889907836914,54.595001220703125,54.78499984741211,1479526.0
2024-04-08T10:30:00-04:00,54.78499984741211,55.064998626708984,54.7599983215332,54.92499923706055,712136.0
2024-04-08T11:30:00-04:00,54.915000915527344,54.94969940185547,54.619998931884766,54.82500076293945,561226.0
2024-04-08T12:30:00-04:00,54.81999969482422,54.880001068115234,54.59000015258789,54.65999984741211,685506.0
2024-04-08T13:30:00-04:00,54.650001525878906,54.685001373291016,54.540000915527344,54.55500030517578,801853.0
2024-04-08T14:30:00-04:00,54.560001373291016,54.59000015258789,54.369998931884766,54.369998931884766,1361381.0
2024-04-08T15:30:00-04:00,54.369998931884766,54.48500061035156,53.959999084472656,54.04999923706055,2258788.0
2024-04-09T09:30:00-04:00,54.5,54.61000061035156,54.310001373291016,54.400001525878906,1212009.0
2024-04-09T10:30:00-04:00,54.400001525878906,54.435001373291016,54.0099983215332,54.185001373291016,769226.0
2024-04-09T11:30:00-04:00,54.185001373291016,54.279998779296875,54.119998931884766,54.19499969482422,811082.0
2024-04-09T12:30:00-04:00,54.189998626708984,54.21500015258789,53.96500015258789,54.01499938964844,578141.0
2024-04-09T13:30:00-04:00,54.02000045776367,54.154998779296875,53.91999816894531,53.93939971923828,856914.0
2024-04-09T14:30:00-04:00,53.93000030517578,54.150001525878906,53.869998931884766,54.14500045776367,622712.0
2024-04-09T15:30:00-04:00,54.130001068115234,54.20500183105469,53.9900016784668,54.15999984741211,1116849.0
2024-04-10T09:30:00-04:00,53.880001068115234,54.38999938964844,53.625,54.2400016784668,1454479.0
2024-04-10T10:30:00-04:00,54.22999954223633,54.52000045776367,53.86000061035156,53.935001373291016,868096.0
2024-04-10T11:30:00-04:00,53.935001373291016,53.94499969482422,53.529998779296875,53.529998779296875,575658.0
2024-04-10T12:30:00-04:00,53.53499984741211,53.66999816894531,53.29999923706055,53.5,824256.0
2024-04-10T13:30:00-04:00,53.5,54.060001373291016,53.4900016784668,53.95500183105469,834381.0
2024-04-10T14:30:00-04:00,53.95500183105469,54.130001068115234,53.89899826049805,54.060001373291016,611410.0
2024-04-10T15:30:00-04:00,54.04999923706055,54.209999084472656,53.85499954223633,54.20000076293945,1628811.0
2024-04-11T09:30:00-04:00,54.29999923706055,54.369998931884766,53.345001220703125,53.345001220703125,1151608.0
2024-04-11T10:30:00-04:00,53.33000183105469,53.44499969482422,53.14500045776367,53.334999084472656,1069816.0
2024-04-11T11:30:00-04:00,53.334999084472656,53.650001525878906,53.27000045776367,53.57500076293945,666567.0
2024-04-11T12:30:00-04:00,53.58000183105469,53.900001525878906,53.54130172729492,53.82500076293945,630150.0
2024-04-11T13:30:00-04:00,53.83000183105469,53.959999084472656,53.75,53.84000015258789,520647.0
2024-04-11T14:30:00-04:00,53.845001220703125,53.95500183105469,53.76499938964844,53.86000061035156,800237.0
2024-04-11T15:30:00-04:00,53.849998474121094,54.02000045776367,53.775001525878906,54.0099983215332,1450556.0
2024-04-12T09:30:00-04:00,54.099998474121094,54.630001068115234,54.099998474121094,54.25,2297325.0
2024-04-12T10:30:00-04:00,54.25,54.39500045776367,53.630001068115234,53.65999984741211,1573079.0
2024-04-12T11:30:00-04:00,53.689998626708984,53.709999084472656,52.915000915527344,52.915000915527344,1395601.0
2024-04-12T12:30:00-04:00,52.91999816894531,52.970001220703125,52.45000076293945,52.540000915527344,822153.0
2024-04-12T13:30:00-04:00,52.529998779296875,52.79499816894531,52.470001220703125,52.5,851111.0
2024-04-12T14:30:00-04:00,52.50090026855469,52.50090026855469,51.8650016784668,51.93000030517578,1590800.0
2024-04-12T15:30:00-04:00,51.93000030517578,52.125,51.900001525878906,52.0099983215332,2370845.0
2024-04-15T09:30:00-04:00,52.70000076293945,52.90999984741211,52.150001525878906,52.22999954223633,1809750.0
2024-04-15T10:30:00-04:00,52.23500061035156,52.64500045776367,52.16019821166992,52.26499938964844,980055.0
2024-04-15T11:30:00-04:00,52.2599983215332,52.45000076293945,51.91999816894531,51.97999954223633,841198.0
2024-04-15T12:30:00-04:00,51.970001220703125,51.994998931884766,51.599998474121094,51.60499954223633,802751.0
2024-04-15T13:30:00-04:00,51.599998474121094,51.79999923706055,51.4900016784668,51.689998626708984,701463.0
2024-04-15T14:30:00-04:00,51.689998626708984,51.720001220703125,51.45000076293945,51.4900016784668,969192.0
2024-04-15T15:30:00-04:00,51.48500061035156,51.709999084472656,51.470001220703125,51.66999816894531,1982907.0
2024-04-16T09:30:00-04:00,51.5,51.70000076293945,50.70000076293945,50.747501373291016,1951676.0
2024-04-16T10:30:00-04:00,50.744998931884766,51.220001220703125,50.689998626708984,51.178199768066406,1453331.0
2024-04-16T11:30:00-04:00,51.16999816894531,51.36000061035156,51.040000915527344,51.14500045776367,891958.0
2024-04-16T12:30:00-04:00,51.150001525878906,51.36000061035156,51.14500045776367,51.310001373291016,956515.0
2024-04-16T13:30:00-04:00,51.32500076293945,51.439998626708984,50.9900016784668,51.130001068115234,1157116.0
2024-04-16T14:30:00-04:00,51.1349983215332,51.58000183105469,51.119998931884766,51.46099853515625,1155937.0
2024-04-16T15:30:00-04:00,51.459999084472656,51.525001525878906,51.26499938964844,51.40999984741211,1519627.0
2024-04-17T09:30:00-04:00,51.540000915527344,51.95500183105469,51.40999984741211,51.56999969482422,1416581.0
2024-04-17T10:30:00-04:00,51.59000015258789,51.790000915527344,51.34000015258789,51.36000061035156,758906.0
2024-04-17T11:30:00-04:00,51.35969924926758,51.43000030517578,50.959999084472656,50.96500015258789,899012.0
2024-04-17T12:30:00-04:00,50.96500015258789,51.239898681640625,50.875,51.22999954223633,584921.0
2024-04-17T13:30:00-04:00,51.22999954223633,51.279998779296875,51.04999923706055,51.10499954223633,674510.0
2024-04-17T14:30:00-04:00,51.10499954223633,51.33000183105469,50.814998626708984,50.83000183105469,714268.0
2024-04-17T15:30:00-04:00,50.834999084472656,50.95500183105469,50.75,50.81999969482422,1679410.0
2024-04-18T09:30:00-04:00,51.189998626708984,51.52000045776367,50.880001068115234,51.48780059814453,1335757.0
2024-04-18T10:30:00-04:00,51.4900016784668,51.77000045776367,51.4900016784668,51.619998931884766,1232880.0
2024-04-18T11:30:00-04:00,51.6150016784668,51.69919967651367,51.3849983215332,51.5099983215332,603020.0
2024-04-18T12:30:00-04:00,51.5099983215332,51.53499984741211,51.03499984741211,51.20500183105469,629521.0
2024-04-18T13:30:00-04:00,51.20000076293945,51.209999084472656,50.940799713134766,51.02000045776367,695896.0
2024-04-18T14:30:00-04:00,51.02000045776367,51.13999938964844,50.79999923706055,51.07500076293945,832245.0
2024-04-18T15:30:00-04:00,51.07500076293945,51.20000076293945,50.93000030517578,50.939998626708984,1900008.0
2024-04-19T09:30:00-04:00,49.65999984741211,50.77000045776367,49.02000045776367,50.119998931884766,4538243.0
2024-04-19T10:30:00-04:00,50.11000061035156,50.165000915527344,49.630001068115234,49.630001068115234,1835938.0
2024-04-19T11:30:00-04:00,49.630001068115234,50.10279846191406,49.56999969482422,49.79999923706055,2842264.0
2024-04-19T12:30:00-04:00,49.79999923706055,50.369998931884766,49.77000045776367,50.244998931884766,1231517.0
2024-04-19T13:30:00-04:00,50.25,50.380001068115234,49.970001220703125,49.970001220703125,956096.0
2024-04-19T14:30:00-04:00,49.959999084472656,50.130001068115234,49.689998626708984,49.91999816894531,1444755.0
2024-04-19T15:30:00-04:00,49.90999984741211,49.91999816894531,49.73350143432617,49.83000183105469,1841642.0
2024-04-22T09:30:00-04:00,49.369998931884766,49.5,48.70000076293945,49.34000015258789,2039403.0
2024-04-22T10:30:00-04:00,49.349998474121094,49.66999816894531,49.282100677490234,49.415000915527344,1380007.0
2024-04-22T11:30:00-04:00,49.40999984741211,49.540000915527344,49.38999938964844,49.5,775580.0
2024-04-22T12:30:00-04:00,49.5,49.81990051269531,49.459999084472656,49.78499984741211,1106674.0
2024-04-22T13:30:00-04:00,49.779998779296875,50.04499816894531,49.689998626708984,49.98500061035156,1030985.0
2024-04-22T14:30:00-04:00,49.98500061035156,50.040000915527344,49.71500015258789,49.775001525878906,1131040.0
2024-04-22T15:30:00-04:00,49.77000045776367,49.775001525878906,49.474998474121094,49.52000045776367,1805600.0
2024-04-23T09:30:00-04:00,49.25,49.79999923706055,48.93000030517578,49.790000915527344,1602361.0
2024-04-23T10:30:00-04:00,49.790000915527344,49.84000015258789,49.45000076293945,49.529998779296875,1338344.0
2024-04-23T11:30:00-04:00,49.52000045776367,49.540000915527344,49.34000015258789,49.5,1164609.0
2024-04-23T12:30:00-04:00,49.5,49.654998779296875,49.380001068115234,49.64500045776367,1520323.0
2024-04-23T13:30:00-04:00,49.650001525878906,49.75,49.59000015258789,49.64500045776367,957728.0
2024-04-23T14:30:00-04:00,49.650001525878906,49.665000915527344,49.5099983215332,49.525001525878906,1123928.0
2024-04-23T15:30:00-04:00,49.52000045776367,49.564998626708984,49.40999984741211,49.560001373291016,1594899.0
2024-04-24T09:30:00-04:00,49.2400016784668,49.709999084472656,49.029998779296875,49.5099983215332,1702173.0
2024-04-24T10:30:00-04:00,49.51499938964844,49.619998931884766,48.810001373291016,48.95500183105469,1275771.0
2024-04-24T11:30:00-04:00,48.959999084472656,48.959999084472656,48.68000030517578,48.779998779296875,1129594.0
2024-04-24T12:30:00-04:00,48.77000045776367,48.81999969482422,48.6150016784668,48.78499984741211,1135979.0
2024-04-24T13:30:00-04:00,48.779998779296875,48.91999816894531,48.650001525878906,48.80500030517578,1024147.0
2024-04-24T14:30:00-04:00,48.80500030517578,49.10499954223633,48.7400016784668,49.04999923706055,1439248.0
2024-04-24T15:30:00-04:00,49.040000915527344,49.20500183105469,48.9900016784668,49.11000061035156,1263731.0
2024-04-25T09:30:00-04:00,49.279998779296875,49.470001220703125,48.65999984741211,48.95000076293945,1896982.0
2024-04-25T10:30:00-04:00,48.959999084472656,49.2599983215332,48.81999969482422,49.22999954223633,895700.0
2024-04-25T11:30:00-04:00,49.22999954223633,49.40999984741211,49.125,49.404998779296875,734075.0
2024-04-25T12:30:00-04:00,49.40039825439453,49.40999984741211,49.14500045776367,49.154998779296875,572367.0
2024-04-25T13:30:00-04:00,49.150001525878906,49.599998474121094,49.14500045776367,49.310001373291016,697215.0
2024-04-25T14:30:00-04:00,49.29999923706055,49.628700256347656,49.290000915527344,49.564998626708984,830461.0
2024-04-25T15:30:00-04:00,49.560001373291016,49.599998474121094,49.39099884033203,49.45000076293945,1383328.0
2024-04-26T09:30:00-04:00,49.33000183105469,49.650001525878906,49.04999923706055,49.400001525878906,1227625.0
2024-04-26T10:30:00-04:00,49.38999938964844,49.39500045776367,48.9900016784668,49.06999969482422,898571.0
2024-04-26T11:30:00-04:00,49.06999969482422,49.41999816894531,49.060001373291016,49.334999084472656,1055932.0
2024-04-26T12:30:00-04:00,49.334999084472656,49.52000045776367,49.279998779296875,49.3849983215332,670406.0
2024-04-26T13:30:00-04:00,49.3849983215332,49.47999954223633,49.3025016784668,49.310001373291016,637388.0
2024-04-26T14:30:00-04:00,49.310001373291016,49.45000076293945,49.244998931884766,49.29499816894531,981298.0
2024-04-26T15:30:00-04:00,49.290000915527344,49.31999969482422,49.13999938964844,49.20000076293945,1697343.0
2024-04-29T09:30:00-04:00,49.130001068115234,49.400001525878906,48.90999984741211,49.06999969482422,1860928.0
2024-04-29T10:30:00-04:00,49.064998626708984,49.064998626708984,48.61000061035156,48.93000030517578,965346.0
2024-04-29T11:30:00-04:00,48.92499923706055,49.13999938964844,48.89739990234375,49.095001220703125,817681.0
2024-04-29T12:30:00-04:00,49.095001220703125,49.16999816894531,49.0,49.025001525878906,558051.0
2024-04-29T13:30:00-04:00,49.025001525878906,49.04999923706055,48.93000030517578,48.970001220703125,577301.0
2024-04-29T14:30:00-04:00,48.96500015258789,48.97999954223633,48.779998779296875,48.935001373291016,784382.0
2024-04-29T15:30:00-04:00,48.935001373291016,49.25,48.91999816894531,49.20000076293945,1523252.0
2024-04-30T09:30:00-04:00,48.93000030517578,49.349998474121094,48.70000076293945,48.83000183105469,2393219.0
2024-04-30T10:30:00-04:00,48.832000732421875,48.834999084472656,48.599998474121094,48.66999816894531,1706475.0
2024-04-30T11:30:00-04:00,48.67499923706055,48.72999954223633,48.31760025024414,48.32500076293945,1075978.0
2024-04-30T12:30:00-04:00,48.32500076293945,48.32500076293945,47.91999816894531,48.13249969482422,1189947.0
2024-04-30T13:30:00-04:00,48.130001068115234,48.255001068115234,48.084999084472656,48.095001220703125,1318010.0
2024-04-30T14:30:00-04:00,48.095001220703125,48.130001068115234,47.744998931884766,47.76499938964844,1342072.0
2024-04-30T15:30:00-04:00,47.76499938964844,47.81999969482422,47.43000030517578,47.4900016784668,2687398.0
2024-05-01T09:30:00-04:00,47.400001525878906,47.779998779296875,47.25,47.70000076293945,1256507.0
2024-05-01T10:30:00-04:00,47.689998626708984,47.70000076293945,47.25,47.279998779296875,1467299.0
2024-05-01T11:30:00-04:00,47.279998779296875,47.28499984741211,47.029998779296875,47.11000061035156,843140.0
2024-05-01T12:30:00-04:00,47.1150016784668,47.130001068115234,46.93000030517578,47.029998779296875,944174.0
2024-05-01T13:30:00-04:00,47.025001525878906,47.220001220703125,46.915000915527344,47.189998626708984,1178890.0
2024-05-01T14:30:00-04:00,47.19499969482422,47.68000030517578,47.0099983215332,47.310001373291016,1642754.0
2024-05-01T15:30:00-04:00,47.31999969482422,47.33000183105469,47.04999923706055,47.15999984741211,1825246.0
2024-05-02T09:30:00-04:00,47.560001373291016,48.0,47.2599983215332,47.61000061035156,1701307.0
2024-05-02T10:30:00-04:00,47.619998931884766,47.77000045776367,47.525001525878906,47.525001525878906,1086504.0
2024-05-02T11:30:00-04:00,47.529998779296875,47.689998626708984,47.43000030517578,47.51499938964844,758508.0
2024-05-02T12:30:00-04:00,47.51499938964844,47.810001373291016,47.470001220703125,47.779998779296875,814466.0
2024-05-02T13:30:00-04:00,47.779998779296875,47.82500076293945,47.66999816894531,47.75,1049280.0
2024-05-02T14:30:00-04:00,47.75,47.869998931884766,47.71500015258789,47.75,789546.0
2024-05-02T15:30:00-04:00,47.7400016784668,47.75,47.5099983215332,47.59000015258789,1254624.0
2024-05-03T09:30:00-04:00,47.970001220703125,47.970001220703125,47.130001068115234,47.42499923706055,1557265.0
2024-05-03T10:30:00-04:00,47.42499923706055,47.54499816894531,47.29999923706055,47.314998626708984,1165175.0
2024-05-03T11:30:00-04:00,47.31999969482422,47.439998626708984,47.272499084472656,47.404998779296875,1260671.0
2024-05-03T12:30:00-04:00,47.40999984741211,47.529998779296875,47.380001068115234,47.41999816894531,1078296.0
2024-05-03T13:30:00-04:00,47.40999984741211,47.560001373291016,47.38460159301758,47.43000030517578,748560.0
2024-05-03T14:30:00-04:00,47.43000030517578,47.5099983215332,47.400001525878906,47.41999816894531,1057819.0
2024-05-03T15:30:00-04:00,47.4119987487793,47.66999816894531,47.369998931884766,47.65999984741211,2158521.0
2024-05-06T09:30:00-04:00,48.08000183105469,48.400001525878906,47.84000015258789,48.375,1849543.0
2024-05-06T10:30:00-04:00,48.369998931884766,48.54999923706055,48.22999954223633,48.26499938964844,1297980.0
2024-05-06T11:30:00-04:00,48.2599983215332,48.36000061035156,48.150001525878906,48.33000183105469,998099.0
2024-05-06T12:30:00-04:00,48.33000183105469,48.34000015258789,47.849998474121094,47.904998779296875,1180691.0
2024-05-06T13:30:00-04:00,47.900001525878906,47.904998779296875,47.810001373291016,47.904998779296875,727678.0
2024-05-06T14:30:00-04:00,47.904998779296875,48.10499954223633,47.88999938964844,48.064998626708984,791291.0
2024-05-06T15:30:00-04:00,48.060001373291016,48.077999114990234,47.869998931884766,47.970001220703125,1953084.0
2024-05-07T09:30:00-04:00,47.939998626708984,48.22999954223633,47.790000915527344,47.939998626708984,1685295.0
2024-05-07T10:30:00-04:00,47.93000030517578,48.189998626708984,47.90999984741211,48.125,1196689.0
2024-05-07T11:30:00-04:00,48.119998931884766,48.290000915527344,48.025001525878906,48.275001525878906,663932.0
2024-05-07T12:30:00-04:00,48.275001525878906,48.435001373291016,48.25,48.38999938964844,636713.0
2024-05-07T13:30:00-04:00,48.400001525878906,48.400001525878906,48.119998931884766,48.130001068115234,580544.0
2024-05-07T14:30:00-04:00,48.1349983215332,48.25,48.095001220703125,48.1599006652832,765733.0
2024-05-07T15:30:00-04:00,48.150001525878906,48.23749923706055,48.11000061035156,48.15999984741211,1099541.0
2024-05-08T09:30:00-04:00,47.650001525878906,47.904998779296875,47.58000183105469,47.79999923706055,1149838.0
2024-05-08T10:30:00-04:00,47.810001373291016,48.15999984741211,47.79499816894531,48.06999969482422,630307.0
2024-05-08T11:30:00-04:00,48.07500076293945,48.17499923706055,47.875,47.8849983215332,674110.0
2024-05-08T12:30:00-04:00,47.88999938964844,47.939998626708984,47.810001373291016,47.815101623535156,484613.0
2024-05-08T13:30:00-04:00,47.80500030517578,47.88999938964844,47.76499938964844,47.842498779296875,506936.0
2024-05-08T14:30:00-04:00,47.845001220703125,48.0,47.81999969482422,47.95500183105469,505526.0
2024-05-08T15:30:00-04:00,47.95500183105469,48.01499938964844,47.849998474121094,47.849998474121094,1080158.0
2024-05-09T09:30:00-04:00,48.040000915527344,48.630001068115234,47.95000076293945,48.56999969482422,715057.0
2024-05-09T10:30:00-04:00,48.56999969482422,48.59000015258789,48.369998931884766,48.404998779296875,595392.0
2024-05-09T11:30:00-04:00,48.400001525878906,48.43000030517578,48.30500030517578,48.3650016784668,361558.0
2024-05-09T12:30:00-04:00,48.36009979248047,48.369998931884766,48.20000076293945,48.30979919433594,412692.0
2024-05-09T13:30:00-04:00,48.30500030517578,48.349998474121094,48.220001220703125,48.26499938964844,558331.0
2024-05-09T14:30:00-04:00,48.26499938964844,48.51499938964844,48.2400016784668,48.459999084472656,1328956.0
2024-05-09T15:30:00-04:00,48.459999084472656,48.5,48.3849983215332,48.494998931884766,1365545.0
2024-05-10T09:30:00-04:00,48.77000045776367,48.83000183105469,48.3317985534668,48.439998626708984,787717.0
2024-05-10T10:30:00-04:00,48.43000030517578,48.72999954223633,48.40999984741211,48.6349983215332,751243.0
2024-05-10T11:30:00-04:00,48.630001068115234,48.650001525878906,48.29999923706055,48.415000915527344,1589209.0
2024-05-10T12:30:00-04:00,48.419898986816406,48.45000076293945,48.290000915527344,48.329200744628906,1176487.0
2024-05-10T13:30:00-04:00,48.31999969482422,48.349998474121094,48.130001068115234,48.26499938964844,985020.0
2024-05-10T14:30:00-04:00,48.26499938964844,48.31999969482422,48.189998626708984,48.28499984741211,571538.0
2024-05-10T15:30:00-04:00,48.28499984741211,48.5099983215332,48.2400016784668,48.5,1732833.0
2024-05-13T09:30:00-04:00,48.7400016784668,48.95000076293945,48.63999938964844,48.83000183105469,1194473.0
2024-05-13T10:30:00-04:00,48.83000183105469,48.83000183105469,48.58000183105469,48.66999816894531,707288.0
2024-05-13T11:30:00-04:00,48.64500045776367,48.83000183105469,48.609901428222656,48.744998931884766,587913.0
2024-05-13T12:30:00-04:00,48.75,48.75,48.560001373291016,48.65999984741211,499091.0
2024-05-13T13:30:00-04:00,48.652198791503906,48.7400016784668,48.54999923706055,48.702301025390625,570450.0
2024-05-13T14:30:00-04:00,48.70000076293945,48.814998626708984,48.69499969482422,48.71500015258789,636142.0
2024-05-13T15:30:00-04:00,48.709999084472656,48.77000045776367,48.68000030517578,48.70000076293945,1449792.0
2024-05-14T09:30:00-04:00,48.900001525878906,49.0,48.66999816894531,48.70000076293945,962119.0
2024-05-14T10:30:00-04:00,48.70500183105469,48.720001220703125,48.4900016784668,48.54999923706055,801513.0
2024-05-14T11:30:00-04:00,48.54999923706055,48.58000183105469,48.029998779296875,48.05500030517578,846544.0
2024-05-14T12:30:00-04:00,48.050498962402344,48.189998626708984,48.050498962402344,48.158599853515625,964459.0
2024-05-14T13:30:00-04:00,48.154998779296875,48.20500183105469,48.0099983215332,48.165000915527344,784805.0
2024-05-14T14:30:00-04:00,48.165000915527344,48.4900016784668,48.150001525878906,48.44499969482422,1112061.0
2024-05-14T15:30:00-04:00,48.44499969482422,48.67499923706055,48.40999984741211,48.61000061035156,1601076.0
2024-05-15T09:30:00-04:00,48.66999816894531,48.66999816894531,47.400001525878906,47.619998931884766,1328521.0
2024-05-15T10:30:00-04:00,47.619998931884766,48.29999923706055,47.61000061035156,48.220001220703125,818826.0
2024-05-15T11:30:00-04:00,48.224998474121094,48.410499572753906,48.11000061035156,48.29999923706055,564330.0
2024-05-15T12:30:00-04:00,48.30500030517578,48.564998626708984,48.27000045776367,48.52000045776367,472153.0
2024-05-15T13:30:00-04:00,48.513999938964844,48.51499938964844,48.36000061035156,48.435001373291016,529257.0
2024-05-15T14:30:00-04:00,48.435001373291016,48.44499969482422,48.290000915527344,48.30500030517578,955432.0
2024-05-15T15:30:00-04:00,48.29999923706055,48.369998931884766,48.25,48.314998626708984,1290048.0
2024-05-16T09:30:00-04:00,47.97999954223633,48.4900016784668,47.96500015258789,48.404998779296875,1370141.0
2024-05-16T10:30:00-04:00,48.400001525878906,48.654998779296875,48.28499984741211,48.28499984741211,1822977.0
2024-05-16T11:30:00-04:00,48.279998779296875,48.470001220703125,48.21500015258789,48.42499923706055,689967.0
2024-05-16T12:30:00-04:00,48.42499923706055,48.46500015258789,48.27000045776367,48.314998626708984,590597.0
2024-05-16T13:30:00-04:00,48.31999969482422,48.349998474121094,48.18000030517578,48.255001068115234,328262.0
2024-05-16T14:30:00-04:00,48.25,48.52000045776367,48.25,48.4900016784668,587915.0
2024-05-16T15:30:00-04:00,48.4900016784668,48.540000915527344,48.400001525878906,48.435001373291016,1069074.0
2024-05-17T09:30:00-04:00,48.70000076293945,48.77000045776367,48.290000915527344,48.513999938964844,891850.0
2024-05-17T10:30:00-04:00,48.505001068115234,48.54999923706055,48.349998474121094,48.415000915527344,537618.0
2024-05-17T11:30:00-04:00,48.40999984741211,48.415000915527344,48.29999923706055,48.334999084472656,356724.0
2024-05-17T12:30:00-04:00,48.334999084472656,48.470001220703125,48.310001373291016,48.439998626708984,392530.0
2024-05-17T13:30:00-04:00,48.44499969482422,48.564998626708984,48.415000915527344,48.53499984741211,501760.0
2024-05-17T14:30:00-04:00,48.53499984741211,48.61000061035156,48.5,48.57500076293945,795845.0
2024-05-17T15:30:00-04:00,48.58000183105469,48.599998474121094,48.474998474121094,48.59000015258789,1106199.0
2024-05-20T09:30:00-04:00,48.599998474121094,48.66999816894531,48.060001373291016,48.435001373291016,1013100.0
2024-05-20T10:30:00-04:00,48.43989944458008,48.459999084472656,48.209999084472656,48.255001068115234,786580.0
2024-05-20T11:30:00-04:00,48.255001068115234,48.3849983215332,48.18000030517578,48.244998931884766,524799.0
2024-05-20T12:30:00-04:00,48.2400016784668,48.2599983215332,48.02000045776367,48.02000045776367,532055.0
2024-05-20T13:30:00-04:00,48.01499938964844,48.060001373291016,47.875,48.04999923706055,866992.0
2024-05-20T14:30:00-04:00,48.04949951171875,48.08000183105469,47.95500183105469,48.003700256347656,916989.0
2024-05-20T15:30:00-04:00,48.005001068115234,48.2400016784668,47.98500061035156,48.2400016784668,1138084.0
2024-05-21T09:30:00-04:00,48.2400016784668,48.97999954223633,48.20000076293945,48.96500015258789,1642060.0
2024-05-21T10:30:00-04:00,48.96500015258789,49.119998931884766,48.935001373291016,48.935001373291016,1027664.0
2024-05-21T11:30:00-04:00,48.93000030517578,48.93989944458008,48.22999954223633,48.27000045776367,698749.0
2024-05-21T12:30:00-04:00,48.26499938964844,48.474998474121094,48.2599983215332,48.40999984741211,465165.0
2024-05-21T13:30:00-04:00,48.40999984741211,48.5099983215332,48.3650016784668,48.435001373291016,429584.0
2024-05-21T14:30:00-04:00,48.43000030517578,48.48500061035156,48.35499954223633,48.44499969482422,470827.0
2024-05-21T15:30:00-04:00,48.44499969482422,48.49610137939453,48.27000045776367,48.29999923706055,905139.0
2024-05-22T09:30:00-04:00,48.220001220703125,48.290000915527344,46.939998626708984,47.209999084472656,1816140.0
2024-05-22T10:30:00-04:00,47.220001220703125,47.290000915527344,46.875,46.9900016784668,1265149.0
2024-05-22T11:30:00-04:00,46.994998931884766,47.08000183105469,46.77000045776367,47.063499450683594,1034690.0
2024-05-22T12:30:00-04:00,47.060001373291016,47.119998931884766,46.79999923706055,46.8650016784668,919297.0
2024-05-22T13:30:00-04:00,46.86149978637695,46.900001525878906,46.45000076293945,46.45000076293945,1243126.0
2024-05-22T14:30:00-04:00,46.45500183105469,46.494998931884766,46.25,46.334999084472656,1802589.0
2024-05-22T15:30:00-04:00,46.33000183105469,46.5,46.29999923706055,46.4900016784668,2309140.0
2024-05-23T09:30:00-04:00,46.619998931884766,47.150001525878906,46.369998931884766,46.470001220703125,1534378.0
2024-05-23T10:30:00-04:00,46.474998474121094,46.584999084472656,46.2599983215332,46.40999984741211,897221.0
2024-05-23T11:30:00-04:00,46.415000915527344,46.529998779296875,46.32500076293945,46.525001525878906,907107.0
2024-05-23T12:30:00-04:00,46.529998779296875,46.619998931884766,46.189998626708984,46.27640151977539,652677.0
2024-05-23T13:30:00-04:00,46.27000045776367,46.279998779296875,46.040000915527344,46.154998779296875,829502.0
2024-05-23T14:30:00-04:00,46.150001525878906,46.22999954223633,46.099998474121094,46.17499923706055,980658.0
2024-05-23T15:30:00-04:00,46.17499923706055,46.380001068115234,46.119998931884766,46.31999969482422,1606130.0
2024-05-24T09:30:00-04:00,46.59000015258789,46.869998931884766,46.2599983215332,46.380001068115234,1285101.0
2024-05-24T10:30:00-04:00,46.3849983215332,46.41999816894531,46.1150016784668,46.20000076293945,1069662.0
2024-05-24T11:30:00-04:00,46.209999084472656,46.37739944458008,46.20000076293945,46.31999969482422,831546.0
2024-05-24T12:30:00-04:00,46.33000183105469,46.404998779296875,46.23500061035156,46.35499954223633,533712.0
2024-05-24T13:30:00-04:00,46.35499954223633,46.380001068115234,46.2400016784668,46.25,538814.0
2024-05-24T14:30:00-04:00,46.244998931884766,46.380001068115234,46.189998626708984,46.20000076293945,577367.0
2024-05-24T15:30:00-04:00,46.19499969482422,46.33000183105469,46.185001373291016,46.22999954223633,1036617.0
2024-05-28T09:30:00-04:00,46.540000915527344,47.22999954223633,46.47999954223633,46.755001068115234,2199850.0
2024-05-28T10:30:00-04:00,46.755001068115234,47.04600143432617,46.72010040283203,47.0099983215332,1008610.0
2024-05-28T11:30:00-04:00,47.0099983215332,47.08000183105469,46.86000061035156,46.869998931884766,1150028.0
2024-05-28T12:30:00-04:00,46.869998931884766,46.9900016784668,46.70500183105469,46.70500183105469,939110.0
2024-05-28T13:30:00-04:00,46.70500183105469,46.72999954223633,46.36009979248047,46.375,767410.0
2024-05-28T14:30:00-04:00,46.369998931884766,46.650001525878906,46.31999969482422,46.58100128173828,913405.0
2024-05-28T15:30:00-04:00,46.58000183105469,46.685001373291016,46.4900016784668,46.540000915527344,1833869.0
2024-05-29T09:30:00-04:00,46.0,46.41999816894531,45.6349983215332,45.79999923706055,3558863.0
2024-05-29T10:30:00-04:00,45.810001373291016,45.9900016784668,45.70500183105469,45.70500183105469,1007713.0
2024-05-29T11:30:00-04:00,45.70500183105469,45.796600341796875,45.45500183105469,45.7400016784668,1370011.0
2024-05-29T12:30:00-04:00,45.7400016784668,45.769901275634766,45.51499938964844,45.58000183105469,970645.0
2024-05-29T13:30:00-04:00,45.56999969482422,45.68000030517578,45.412498474121094,45.595001220703125,985048.0
2024-05-29T14:30:00-04:00,45.595001220703125,45.80500030517578,45.59000015258789,45.69499969482422,1361544.0
2024-05-29T15:30:00-04:00,45.689998626708984,45.89500045776367,45.599998474121094,45.650001525878906,2370026.0
2024-05-30T09:30:00-04:00,45.595001220703125,46.17499923706055,45.595001220703125,45.72999954223633,4958161.0
2024-05-30T10:30:00-04:00,45.709999084472656,45.88999938964844,45.58000183105469,45.78499984741211,1022203.0
2024-05-30T11:30:00-04:00,45.78499984741211,45.78499984741211,45.51499938964844,45.58000183105469,1012235.0
2024-05-30T12:30:00-04:00,45.58000183105469,45.70500183105469,45.529998779296875,45.60499954223633,995047.0
2024-05-30T13:30:00-04:00,45.60540008544922,45.619998931884766,45.45000076293945,45.540000915527344,950794.0
2024-05-30T14:30:00-04:00,45.54499816894531,45.689998626708984,45.529998779296875,45.599998474121094,1015537.0
2024-05-30T15:30:00-04:00,45.60499954223633,45.650001525878906,45.47999954223633,45.59000015258789,1830298.0
2024-05-31T09:30:00-04:00,45.65999984741211,46.025001525878906,45.459999084472656,45.8849983215332,3520889.0
2024-05-31T10:30:00-04:00,45.880001068115234,45.880001068115234,45.595001220703125,45.73500061035156,3145667.0
2024-05-31T11:30:00-04:00,45.7400016784668,45.755001068115234,45.54499816894531,45.70249938964844,1622495.0
2024-05-31T12:30:00-04:00,45.70000076293945,45.845001220703125,45.52000045776367,45.73500061035156,2604327.0
2024-05-31T13:30:00-04:00,45.7400016784668,45.88999938964844,45.630001068115234,45.755001068115234,2733431.0
2024-05-31T14:30:00-04:00,45.755001068115234,45.79999923706055,45.68000030517578,45.689998626708984,2011457.0
2024-05-31T15:30:00-04:00,45.685001373291016,45.994998931884766,45.63999938964844,45.91999816894531,3640293.0
2024-06-03T09:30:00-04:00,46.150001525878906,46.150001525878906,44.33000183105469,44.39500045776367,3034644.0
2024-06-03T10:30:00-04:00,44.39500045776367,44.4900016784668,43.92499923706055,44.15999984741211,2061965.0
2024-06-03T11:30:00-04:00,44.15999984741211,44.28499984741211,43.970001220703125,44.09000015258789,1482224.0
2024-06-03T12:30:00-04:00,44.099998474121094,44.11000061035156,43.810001373291016,43.94499969482422,1718562.0
2024-06-03T13:30:00-04:00,43.939998626708984,44.13990020751953,43.82699966430664,44.1349983215332,1130682.0
2024-06-03T14:30:00-04:00,44.13869857788086,44.35499954223633,44.08000183105469,44.2400016784668,1572678.0
2024-06-03T15:30:00-04:00,44.2400016784668,44.244998931884766,43.95500183105469,44.060001373291016,2580456.0
2024-06-04T09:30:00-04:00,43.75,43.86000061035156,42.95500183105469,43.52000045776367,3575724.0
2024-06-04T10:30:00-04:00,43.51499938964844,43.61000061035156,43.14500045776367,43.29999923706055,2326381.0
2024-06-04T11:30:00-04:00,43.29999923706055,43.31999969482422,43.0099983215332,43.26499938964844,1111923.0
2024-06-04T12:30:00-04:00,43.26499938964844,43.439998626708984,43.13999938964844,43.36000061035156,1380684.0
2024-06-04T13:30:00-04:00,43.36000061035156,43.564998626708984,43.2400016784668,43.435001373291016,1970110.0
2024-06-04T14:30:00-04:00,43.43000030517578,43.45000076293945,43.08000183105469,43.255001068115234,1752113.0
2024-06-04T15:30:00-04:00,43.255001068115234,43.494998931884766,43.11000061035156,43.40999984741211,1903927.0
2024-06-05T09:30:00-04:00,43.619998931884766,43.720001220703125,42.775001525878906,43.029998779296875,1903768.0
2024-06-05T10:30:00-04:00,43.029998779296875,43.1349983215332,42.790000915527344,42.900001525878906,1063219.0
2024-06-05T11:30:00-04:00,42.900001525878906,43.09000015258789,42.810001373291016,42.939998626708984,854138.0
2024-06-05T12:30:00-04:00,42.93000030517578,43.20500183105469,42.93000030517578,43.03499984741211,855038.0
2024-06-05T13:30:00-04:00,43.03499984741211,43.09000015258789,42.939998626708984,42.95500183105469,978623.0
2024-06-05T14:30:00-04:00,42.959999084472656,43.209999084472656,42.95500183105469,43.154998779296875,1132102.0
2024-06-05T15:30:00-04:00,43.150001525878906,43.20500183105469,43.0099983215332,43.20000076293945,1740553.0
2024-06-06T09:30:00-04:00,43.06999969482422,43.279998779296875,42.85499954223633,43.025001525878906,1528074.0
2024-06-06T10:30:00-04:00,43.0099983215332,43.040000915527344,42.77000045776367,42.974998474121094,1095717.0
2024-06-06T11:30:00-04:00,42.974998474121094,43.20500183105469,42.91999816894531,43.1260986328125,1452936.0
2024-06-06T12:30:00-04:00,43.130001068115234,43.52000045776367,43.11000061035156,43.43000030517578,1022860.0
2024-06-06T13:30:00-04:00,43.43000030517578,43.63999938964844,43.41999816894531,43.557899475097656,1398398.0
2024-06-06T14:30:00-04:00,43.54999923706055,43.73500061035156,43.5099983215332,43.71030044555664,1086169.0
2024-06-06T15:30:00-04:00,43.71500015258789,43.75,43.56999969482422,43.66999816894531,1798642.0
2024-06-07T09:30:00-04:00,43.43000030517578,44.17499923706055,43.36000061035156,44.150001525878906,1976606.0
2024-06-07T10:30:00-04:00,44.150001525878906,44.400001525878906,44.0099983215332,44.040000915527344,2112046.0
2024-06-07T11:30:00-04:00,44.040000915527344,44.224998474121094,43.939998626708984,44.224998474121094,1401334.0
2024-06-07T12:30:00-04:00,44.22999954223633,44.68000030517578,44.22999954223633,44.630001068115234,1738798.0
2024-06-07T13:30:00-04:00,44.6349983215332,44.71500015258789,44.439998626708984,44.56999969482422,1607864.0
2024-06-07T14:30:00-04:00,44.56999969482422,44.68000030517578,44.44499969482422,44.56999969482422,1467342.0
2024-06-07T15:30:00-04:00,44.564998626708984,44.689998626708984,44.5,44.56999969482422,3053088.0
2024-06-10T09:30:00-04:00,44.54999923706055,44.61000061035156,43.94219970703125,44.375,2992313.0
2024-06-10T10:30:00-04:00,44.36989974975586,44.70500183105469,44.31999969482422,44.654998779296875,1366745.0
2024-06-10T11:30:00-04:00,44.65999984741211,44.91999816894531,44.63999938964844,44.849998474121094,1223269.0
2024-06-10T12:30:00-04:00,44.86000061035156,45.08000183105469,44.849998474121094,45.06999969482422,1002634.0
2024-06-10T13:30:00-04:00,45.0718994140625,45.2400016784668,44.970001220703125,45.099998474121094,1464307.0
2024-06-10T14:30:00-04:00,45.10499954223633,45.29999923706055,45.09000015258789,45.09749984741211,1372833.0
2024-06-10T15:30:00-04:00,45.09000015258789,45.095001220703125,44.939998626708984,44.97999954223633,1847553.0
2024-06-11T09:30:00-04:00,44.58000183105469,45.029998779296875,44.27000045776367,45.0,1324290.0
2024-06-11T10:30:00-04:00,44.9900016784668,45.08000183105469,44.68000030517578,44.98500061035156,1082231.0
2024-06-11T11:30:00-04:00,44.98500061035156,45.060001373291016,44.79499816894531,44.875,658786.0
2024-06-11T12:30:00-04:00,44.869998931884766,44.97999954223633,44.779998779296875,44.8650016784668,764780.0
2024-06-11T13:30:00-04:00,44.869998931884766,44.92499923706055,44.755001068115234,44.79499816894531,713139.0
2024-06-11T14:30:00-04:00,44.79499816894531,44.808101654052734,44.65999984741211,44.76499938964844,798477.0
2024-06-11T15:30:00-04:00,44.7599983215332,44.97999954223633,44.689998626708984,44.959999084472656,1595372.0
2024-06-12T09:30:00-04:00,45.41999816894531,45.5,45.029998779296875,45.35499954223633,1854651.0
2024-06-12T10:30:00-04:00,45.349998474121094,45.35499954223633,44.75,44.88999938964844,1241408.0
2024-06-12T11:30:00-04:00,44.88999938964844,45.0099983215332,44.79999923706055,44.79999923706055,652943.0
2024-06-12T12:30:00-04:00,44.79999923706055,45.05099868774414,44.79499816894531,44.904998779296875,552163.0
2024-06-12T13:30:00-04:00,44.900001525878906,44.95500183105469,44.7400016784668,44.89500045776367,671372.0
2024-06-12T14:30:00-04:00,44.89500045776367,45.03499984741211,44.66999816894531,44.720001220703125,760115.0
2024-06-12T15:30:00-04:00,44.720001220703125,44.834999084472656,44.685001373291016,44.709999084472656,1159354.0
2024-06-13T09:30:00-04:00,44.439998626708984,44.68000030517578,43.779998779296875,43.8849983215332,1598303.0
2024-06-13T10:30:00-04:00,43.8849983215332,44.0099983215332,43.650001525878906,43.70000076293945,1208869.0
2024-06-13T11:30:00-04:00,43.69499969482422,43.77000045776367,43.43000030517578,43.64500045776367,734957.0
2024-06-13T12:30:00-04:00,43.64500045776367,43.880001068115234,43.599998474121094,43.875,771618.0
2024-06-13T13:30:00-04:00,43.880001068115234,44.08000183105469,43.810001373291016,44.02000045776367,775975.0
2024-06-13T14:30:00-04:00,44.02000045776367,44.095001220703125,43.95000076293945,44.02000045776367,945940.0
2024-06-13T15:30:00-04:00,44.02000045776367,44.15999984741211,43.79499816894531,43.810001373291016,1584107.0
2024-06-14T09:30:00-04:00,43.459999084472656,43.459999084472656,42.619998931884766,42.75,2347315.0
2024-06-14T10:30:00-04:00,42.7599983215332,42.880001068115234,42.61000061035156,42.79499816894531,1617164.0
2024-06-14T11:30:00-04:00,42.790000915527344,42.869998931884766,42.69499969482422,42.724998474121094,1107118.0
2024-06-14T12:30:00-04:00,42.72999954223633,42.93000030517578,42.720001220703125,42.78499984741211,905438.0
2024-06-14T13:30:00-04:00,42.78499984741211,42.81999969482422,42.63999938964844,42.73500061035156,1503662.0
2024-06-14T14:30:00-04:00,42.7400016784668,42.86000061035156,42.71500015258789,42.86000061035156,1286185.0
2024-06-14T15:30:00-04:00,42.85499954223633,43.05500030517578,42.82500076293945,42.9900016784668,2365247.0
2024-06-17T09:30:00-04:00,43.099998474121094,43.41999816894531,43.0099983215332,43.33000183105469,1982518.0
2024-06-17T10:30:00-04:00,43.33000183105469,43.52000045776367,43.275001525878906,43.474998474121094,1308228.0
2024-06-17T11:30:00-04:00,43.470001220703125,43.529998779296875,43.29999923706055,43.5,908260.0
2024-06-17T12:30:00-04:00,43.5099983215332,43.560001373291016,43.380001068115234,43.524600982666016,814739.0
2024-06-17T13:30:00-04:00,43.52000045776367,43.790000915527344,43.52000045776367,43.73640060424805,850735.0
2024-06-17T14:30:00-04:00,43.7400016784668,43.849998474121094,43.67499923706055,43.810001373291016,1154882.0
2024-06-17T15:30:00-04:00,43.810001373291016,43.84000015258789,43.619998931884766,43.650001525878906,1939638.0
2024-06-18T09:30:00-04:00,44.279998779296875,45.185001373291016,43.810001373291016,45.06999969482422,2965297.0
2024-06-18T10:30:00-04:00,45.064998626708984,45.07500076293945,44.7400016784668,44.7400016784668,1660035.0
2024-06-18T11:30:00-04:00,44.7400016784668,44.939998626708984,44.56999969482422,44.56999969482422,1983766.0
2024-06-18T12:30:00-04:00,44.57500076293945,44.66999816894531,44.375,44.471500396728516,1138546.0
2024-06-18T13:30:00-04:00,44.474998474121094,44.560001373291016,44.375,44.52009963989258,1072981.0
2024-06-18T14:30:00-04:00,44.52000045776367,44.589900970458984,44.435001373291016,44.54999923706055,1056729.0
2024-06-18T15:30:00-04:00,44.55500030517578,44.61000061035156,44.38999938964844,44.470001220703125,1724249.0
2024-06-20T09:30:00-04:00,44.439998626708984,45.505001068115234,44.34000015258789,45.46500015258789,2873781.0
2024-06-20T10:30:00-04:00,45.459999084472656,45.619998931884766,45.33000183105469,45.36000061035156,1815784.0
2024-06-20T11:30:00-04:00,45.35499954223633,45.55500030517578,45.25,45.505001068115234,2188020.0
2024-06-20T12:30:00-04:00,45.5099983215332,45.70000076293945,45.459999084472656,45.70000076293945,1313754.0
2024-06-20T13:30:00-04:00,45.69499969482422,45.81999969482422,45.58000183105469,45.67499923706055,1489654.0
2024-06-20T14:30:00-04:00,45.66999816894531,45.77000045776367,45.55500030517578,45.69499969482422,1361100.0
2024-06-20T15:30:00-04:00,45.69499969482422,45.77000045776367,45.439998626708984,45.45500183105469,1934626.0
2024-06-21T09:30:00-04:00,45.66999816894531,45.81999969482422,45.47999954223633,45.814998626708984,4054509.0
2024-06-21T10:30:00-04:00,45.810001373291016,45.935001373291016,45.54999923706055,45.69499969482422,1531660.0
2024-06-21T11:30:00-04:00,45.689998626708984,45.72999954223633,45.45500183105469,45.49660110473633,1012952.0
2024-06-21T12:30:00-04:00,45.5,45.66999816894531,45.494998931884766,45.63999938964844,931617.0
2024-06-21T13:30:00-04:00,45.63010025024414,45.834999084472656,45.6150016784668,45.70500183105469,1426901.0
2024-06-21T14:30:00-04:00,45.70500183105469,45.994998931884766,45.689998626708984,45.96500015258789,2221118.0
2024-06-21T15:30:00-04:00,45.96500015258789,45.970001220703125,45.689998626708984,45.689998626708984,4166098.0
2024-06-24T09:30:00-04:00,45.939998626708984,47.08000183105469,45.869998931884766,46.93000030517578,3208232.0
2024-06-24T10:30:00-04:00,46.939998626708984,47.40999984741211,46.91999816894531,47.28499984741211,2284287.0
2024-06-24T11:30:00-04:00,47.279998779296875,47.529998779296875,47.150001525878906,47.484500885009766,1638829.0
2024-06-24T12:30:00-04:00,47.47999954223633,47.529998779296875,47.33000183105469,47.470001220703125,1563475.0
2024-06-24T13:30:00-04:00,47.474998474121094,47.66999816894531,47.459999084472656,47.599998474121094,1309838.0
2024-06-24T14:30:00-04:00,47.60499954223633,47.64500045776367,47.435001373291016,47.5525016784668,1401421.0
2024-06-24T15:30:00-04:00,47.54999923706055,47.654998779296875,47.459999084472656,47.5,2467646.0
2024-06-25T09:30:00-04:00,46.97999954223633,47.55500030517578,46.90999984741211,47.525001525878906,2808946.0
2024-06-25T10:30:00-04:00,47.525001525878906,47.560001373291016,47.34000015258789,47.349998474121094,1319854.0
2024-06-25T11:30:00-04:00,47.349998474121094,47.44499969482422,47.17499923706055,47.29499816894531,1265224.0
2024-06-25T12:30:00-04:00,47.29499816894531,47.404998779296875,47.21500015258789,47.375,1459013.0
2024-06-25T13:30:00-04:00,47.369998931884766,47.630001068115234,47.34000015258789,47.52000045776367,1540790.0
2024-06-25T14:30:00-04:00,47.525001525878906,47.61000061035156,47.435001373291016,47.564300537109375,1618470.0
2024-06-25T15:30:00-04:00,47.564998626708984,47.63999938964844,47.5099983215332,47.52000045776367,2273982.0
2024-06-26T09:30:00-04:00,47.349998474121094,47.459999084472656,47.06999969482422,47.150001525878906,2402741.0
2024-06-26T10:30:00-04:00,47.150001525878906,47.15340042114258,46.58000183105469,46.79499816894531,1480713.0
2024-06-26T11:30:00-04:00,46.79999923706055,46.95000076293945,46.709999084472656,46.78219985961914,832883.0
2024-06-26T12:30:00-04:00,46.779998779296875,46.83000183105469,46.68000030517578,46.752899169921875,765362.0
2024-06-26T13:30:00-04:00,46.755001068115234,46.80929946899414,46.43000030517578,46.45000076293945,1054432.0
2024-06-26T14:30:00-04:00,46.45500183105469,46.459999084472656,46.314998626708984,46.31999969482422,1653212.0
2024-06-26T15:30:00-04:00,46.31999969482422,46.339900970458984,46.209999084472656,46.220001220703125,2614800.0
2024-06-27T09:30:00-04:00,46.47999954223633,47.00899887084961,46.38999938964844,46.6349983215332,1264460.0
2024-06-27T10:30:00-04:00,46.63999938964844,46.88999938964844,46.6150016784668,46.79499816894531,872605.0
2024-06-27T11:30:00-04:00,46.79999923706055,46.93000030517578,46.66999816894531,46.68560028076172,864707.0
2024-06-27T12:30:00-04:00,46.685001373291016,46.93000030517578,46.630001068115234,46.90999984741211,631953.0
2024-06-27T13:30:00-04:00,46.915000915527344,46.915000915527344,46.58000183105469,46.6150016784668,1312077.0
2024-06-27T14:30:00-04:00,46.6150016784668,46.91999816894531,46.595001220703125,46.869998931884766,1333635.0
2024-06-27T15:30:00-04:00,46.880001068115234,47.040000915527344,46.8650016784668,47.0099983215332,2177073.0
2024-06-28T09:30:00-04:00,47.25,47.470001220703125,46.84000015258789,47.060001373291016,1204195.0
2024-06-28T10:30:00-04:00,47.064998626708984,47.224998474121094,46.97999954223633,47.19499969482422,884731.0
2024-06-28T11:30:00-04:00,47.189998626708984,47.52000045776367,47.130001068115234,47.459999084472656,1235125.0
2024-06-28T12:30:00-04:00,47.459999084472656,47.6150016784668,47.25,47.2599983215332,1323955.0
2024-06-28T13:30:00-04:00,47.255001068115234,47.439998626708984,47.19499969482422,47.255001068115234,904808.0
2024-06-28T14:30:00-04:00,47.255001068115234,47.39500045776367,47.22999954223633,47.3849983215332,1212039.0
2024-06-28T15:30:00-04:00,47.38999938964844,47.435001373291016,47.13999938964844,47.17499923706055,1813597.0
2024-07-01T09:30:00-04:00,47.47999954223633,47.47999954223633,46.529998779296875,46.58000183105469,1278677.0
2024-07-01T10:30:00-04:00,46.59000015258789,46.790000915527344,46.47999954223633,46.73500061035156,758813.0
2024-07-01T11:30:00-04:00,46.7400016784668,46.86000061035156,46.58000183105469,46.71500015258789,695157.0
2024-07-01T12:30:00-04:00,46.709999084472656,46.7599983215332,46.6150016784668,46.7599983215332,376228.0
2024-07-01T13:30:00-04:00,46.75,46.959999084472656,46.720001220703125,46.72999954223633,538742.0
2024-07-01T14:30:00-04:00,46.724998474121094,46.7400016784668,46.4900016784668,46.630001068115234,760823.0
2024-07-01T15:30:00-04:00,46.625,46.73500061035156,46.564998626708984,46.58000183105469,1113218.0
2024-07-02T09:30:00-04:00,47.02000045776367,47.27000045776367,46.744998931884766,46.869998931884766,1165289.0
2024-07-02T10:30:00-04:00,46.86000061035156,46.880001068115234,46.34000015258789,46.56999969482422,800595.0
2024-07-02T11:30:00-04:00,46.56999969482422,46.61000061035156,46.290000915527344,46.310001373291016,714732.0
2024-07-02T12:30:00-04:00,46.310001373291016,46.5098991394043,46.29359817504883,46.404998779296875,875469.0
2024-07-02T13:30:00-04:00,46.404998779296875,46.404998779296875,46.22999954223633,46.23500061035156,543193.0
2024-07-02T14:30:00-04:00,46.22999954223633,46.44900131225586,46.150001525878906,46.44900131225586,806718.0
2024-07-02T15:30:00-04:00,46.44499969482422,46.720001220703125,46.38999938964844,46.689998626708984,1859368.0
2024-07-03T09:30:00-04:00,47.02000045776367,47.36000061035156,46.90999984741211,47.314998626708984,1473409.0
2024-07-03T10:30:00-04:00,47.31999969482422,47.540000915527344,47.0099983215332,47.130001068115234,1955694.0
2024-07-03T11:30:00-04:00,47.1349983215332,47.220001220703125,46.994998931884766,47.16999816894531,1124152.0
2024-07-05T09:30:00-04:00,47.18000030517578,47.34000015258789,46.29999923706055,46.39500045776367,1384060.0
2024-07-05T10:30:00-04:00,46.39500045776367,46.564998626708984,46.22999954223633,46.38999938964844,868574.0
2024-07-05T11:30:00-04:00,46.38999938964844,46.404998779296875,46.10499954223633,46.119998931884766,696111.0
2024-07-05T12:30:00-04:00,46.119998931884766,46.287601470947266,46.09000015258789,46.15869903564453,636633.0
2024-07-05T13:30:00-04:00,46.150001525878906,46.25,45.959999084472656,45.970001220703125,681896.0
2024-07-05T14:30:00-04:00,45.97990036010742,46.220001220703125,45.970001220703125,46.025001525878906,838006.0
2024-07-05T15:30:00-04:00,46.025001525878906,46.209999084472656,45.970001220703125,46.14500045776367,1367250.0
2024-07-08T09:30:00-04:00,46.0099983215332,46.349998474121094,45.93000030517578,46.150001525878906,795531.0
2024-07-08T10:30:00-04:00,46.150001525878906,46.279998779296875,45.957000732421875,45.959999084472656,423531.0
2024-07-08T11:30:00-04:00,45.95000076293945,45.959999084472656,45.779998779296875,45.900001525878906,737372.0
2024-07-08T12:30:00-04:00,45.90999984741211,46.060001373291016,45.904998779296875,45.93000030517578,493540.0
2024-07-08T13:30:00-04:00,45.935001373291016,45.994998931884766,45.904998779296875,45.95000076293945,418715.0
2024-07-08T14:30:00-04:00,45.959999084472656,46.060001373291016,45.85499954223633,46.04499816894531,559597.0
2024-07-08T15:30:00-04:00,46.04499816894531,46.29999923706055,46.040000915527344,46.2400016784668,1039375.0
2024-07-09T09:30:00-04:00,45.88999938964844,45.93000030517578,45.33000183105469,45.60499954223633,1191464.0
2024-07-09T10:30:00-04:00,45.599998474121094,45.83000183105469,45.43000030517578,45.48500061035156,857211.0
2024-07-09T11:30:00-04:00,45.48500061035156,45.64500045776367,45.43000030517578,45.64500045776367,726474.0
2024-07-09T12:30:00-04:00,45.64500045776367,45.845001220703125,45.625,45.69499969482422,610460.0
2024-07-09T13:30:00-04:00,45.69499969482422,45.78900146484375,45.45000076293945,45.48500061035156,516919.0
2024-07-09T14:30:00-04:00,45.47999954223633,45.529998779296875,45.400001525878906,45.439998626708984,527475.0
2024-07-09T15:30:00-04:00,45.44499969482422,45.47999954223633,45.15999984741211,45.209999084472656,1199224.0
2024-07-10T09:30:00-04:00,45.099998474121094,45.18000030517578,44.84000015258789,44.84000015258789,1422621.0
2024-07-10T10:30:00-04:00,44.849998474121094,45.2599983215332,44.775001525878906,45.2400016784668,1703302.0
2024-07-10T11:30:00-04:00,45.25,45.2599983215332,45.04999923706055,45.060001373291016,757833.0
2024-07-10T12:30:00-04:00,45.060001373291016,45.064998626708984,44.880001068115234,44.97999954223633,830682.0
2024-07-10T13:30:00-04:00,44.9900016784668,45.01499938964844,44.880001068115234,44.94499969482422,639246.0
2024-07-10T14:30:00-04:00,44.939998626708984,45.0890007019043,44.939998626708984,44.994998931884766,1061321.0
2024-07-10T15:30:00-04:00,45.0,45.29999923706055,44.9900016784668,45.2599983215332,1049896.0
2024-07-11T09:30:00-04:00,45.380001068115234,45.75,45.150001525878906,45.66999816894531,1307552.0
2024-07-11T10:30:00-04:00,45.650001525878906,46.040000915527344,45.64500045776367,45.81999969482422,771214.0
2024-07-11T11:30:00-04:00,45.83000183105469,45.970001220703125,45.7599983215332,45.900001525878906,506551.0
2024-07-11T12:30:00-04:00,45.88999938964844,46.09000015258789,45.834999084472656,45.994998931884766,700005.0
2024-07-11T13:30:00-04:00,45.9900016784668,46.18000030517578,45.939998626708984,46.05500030517578,522655.0
2024-07-11T14:30:00-04:00,46.05500030517578,46.189998626708984,46.04999923706055,46.165000915527344,504254.0
2024-07-11T15:30:00-04:00,46.165000915527344,46.30500030517578,46.165000915527344,46.18000030517578,1031675.0
2024-07-12T09:30:00-04:00,46.7599983215332,46.7599983215332,46.15999984741211,46.398799896240234,909942.0
2024-07-12T10:30:00-04:00,46.38999938964844,46.59000015258789,46.20000076293945,46.529998779296875,773080.0
2024-07-12T11:30:00-04:00,46.540000915527344,46.560001373291016,46.275001525878906,46.349998474121094,470934.0
2024-07-12T12:30:00-04:00,46.349998474121094,46.4379997253418,46.279998779296875,46.42499923706055,517828.0
2024-07-12T13:30:00-04:00,46.43000030517578,46.54499816894531,46.255001068115234,46.29999923706055,525599.0
2024-07-12T14:30:00-04:00,46.29999923706055,46.42499923706055,46.26499938964844,46.41999816894531,730574.0
2024-07-12T15:30:00-04:00,46.43000030517578,46.474998474121094,46.279998779296875,46.439998626708984,1136169.0
2024-07-15T09:30:00-04:00,46.790000915527344,47.59000015258789,46.56999969482422,47.45000076293945,2069232.0
2024-07-15T10:30:00-04:00,47.44499969482422,48.279998779296875,47.36000061035156,47.970001220703125,1564138.0
2024-07-15T11:30:00-04:00,47.959999084472656,48.59000015258789,47.880001068115234,48.345001220703125,1401148.0
2024-07-15T12:30:00-04:00,48.345001220703125,48.47999954223633,48.15999984741211,48.18000030517578,708736.0
2024-07-15T13:30:00-04:00,48.16999816894531,48.59000015258789,48.09000015258789,48.559898376464844,918549.0
2024-07-15T14:30:00-04:00,48.55500030517578,48.68000030517578,48.3849983215332,48.42499923706055,995120.0
2024-07-15T15:30:00-04:00,48.41999816894531,48.41999816894531,47.93000030517578,47.9900016784668,1999115.0
2024-07-16T09:30:00-04:00,47.5099983215332,48.329898834228516,47.439998626708984,48.07500076293945,1493945.0
2024-07-16T10:30:00-04:00,48.07500076293945,48.91999816894531,48.060001373291016,48.65999984741211,1051102.0
2024-07-16T11:30:00-04:00,48.650001525878906,48.90999984741211,48.5099983215332,48.869998931884766,990004.0
2024-07-16T12:30:00-04:00,48.8650016784668,48.95000076293945,48.689998626708984,48.744998931884766,803335.0
2024-07-16T13:30:00-04:00,48.7400016784668,48.939998626708984,48.68000030517578,48.7400016784668,550657.0
2024-07-16T14:30:00-04:00,48.72999954223633,48.939998626708984,48.689998626708984,48.939998626708984,705028.0
2024-07-16T15:30:00-04:00,48.935001373291016,48.939998626708984,48.65999984741211,48.720001220703125,1235448.0
2024-07-17T09:30:00-04:00,48.75,49.2599983215332,48.560001373291016,49.11000061035156,2333946.0
2024-07-17T10:30:00-04:00,49.099998474121094,49.13999938964844,48.650001525878906,48.790000915527344,1104477.0
2024-07-17T11:30:00-04:00,48.790000915527344,48.959999084472656,48.630001068115234,48.7599983215332,863232.0
2024-07-17T12:30:00-04:00,48.76499938964844,48.939998626708984,48.685001373291016,48.75,590198.0
2024-07-17T13:30:00-04:00,48.744998931884766,48.779998779296875,48.560001373291016,48.76499938964844,674956.0
2024-07-17T14:30:00-04:00,48.76499938964844,48.880001068115234,48.689998626708984,48.810001373291016,714835.0
2024-07-17T15:30:00-04:00,48.79999923706055,48.994998931884766,48.78499984741211,48.900001525878906,1173103.0
2024-07-18T09:30:00-04:00,48.77000045776367,49.310001373291016,48.59000015258789,49.19499969482422,1479016.0
2024-07-18T10:30:00-04:00,49.220001220703125,49.29999923706055,48.900001525878906,49.22999954223633,1519076.0
2024-07-18T11:30:00-04:00,49.22010040283203,49.34000015258789,49.099998474121094,49.209999084472656,857945.0
2024-07-18T12:30:00-04:00,49.19200134277344,49.31999969482422,49.130001068115234,49.13999938964844,959195.0
2024-07-18T13:30:00-04:00,49.14500045776367,49.14500045776367,48.65999984741211,48.73500061035156,1024939.0
2024-07-18T14:30:00-04:00,48.72999954223633,48.79999923706055,48.58000183105469,48.744998931884766,1181817.0
2024-07-18T15:30:00-04:00,48.7400016784668,48.939998626708984,48.689998626708984,48.720001220703125,1891751.0
2024-07-19T09:30:00-04:00,49.47999954223633,50.939998626708984,48.349998474121094,50.54280090332031,5956003.0
2024-07-19T10:30:00-04:00,50.529998779296875,50.75,50.06999969482422,50.07820129394531,2232864.0
2024-07-19T11:30:00-04:00,50.09000015258789,50.470001220703125,49.96500015258789,50.11000061035156,1519547.0
2024-07-19T12:30:00-04:00,50.11000061035156,50.36000061035156,49.779998779296875,49.814998626708984,1198406.0
2024-07-19T13:30:00-04:00,49.82500076293945,50.0099983215332,49.619998931884766,49.64500045776367,1362092.0
2024-07-19T14:30:00-04:00,49.650001525878906,49.709999084472656,49.4900016784668,49.54999923706055,1228978.0
2024-07-19T15:30:00-04:00,49.560001373291016,49.875,49.529998779296875,49.68000030517578,2104047.0
2024-07-22T09:30:00-04:00,49.34000015258789,50.209999084472656,49.27199935913086,49.79999923706055,2408962.0
2024-07-22T10:30:00-04:00,49.79999923706055,50.52000045776367,49.750301361083984,50.04999923706055,1854292.0
2024-07-22T11:30:00-04:00,50.04999923706055,50.154998779296875,49.81129837036133,49.94499969482422,1036973.0
2024-07-22T12:30:00-04:00,49.95000076293945,50.11000061035156,49.90999984741211,49.95000076293945,1074958.0
2024-07-22T13:30:00-04:00,49.939998626708984,50.01499938964844,49.4900016784668,49.579898834228516,763524.0
2024-07-22T14:30:00-04:00,49.564998626708984,49.630001068115234,49.380001068115234,49.400001525878906,915060.0
2024-07-22T15:30:00-04:00,49.39500045776367,49.45899963378906,49.23249816894531,49.439998626708984,1777457.0
2024-07-23T09:30:00-04:00,49.290000915527344,49.93000030517578,49.27000045776367,49.70500183105469,1678148.0
2024-07-23T10:30:00-04:00,49.70000076293945,49.86000061035156,48.79999923706055,48.97999954223633,1615642.0
2024-07-23T11:30:00-04:00,48.970001220703125,49.119998931884766,48.654998779296875,48.845001220703125,1416082.0
2024-07-23T12:30:00-04:00,48.84000015258789,49.255001068115234,48.81999969482422,49.19499969482422,851812.0
2024-07-23T13:30:00-04:00,49.19499969482422,49.33000183105469,48.939998626708984,49.156898498535156,773222.0
2024-07-23T14:30:00-04:00,49.150001525878906,49.34000015258789,49.12009811401367,49.224998474121094,1088587.0
2024-07-23T15:30:00-04:00,49.209999084472656,49.2599983215332,49.01499938964844,49.060001373291016,1631612.0
2024-07-24T09:30:00-04:00,49.099998474121094,49.18000030517578,47.86000061035156,48.20000076293945,1747569.0
2024-07-24T10:30:00-04:00,48.18000030517578,48.5,47.994998931884766,48.35499954223633,900440.0
2024-07-24T11:30:00-04:00,48.369998931884766,48.56999969482422,48.2400016784668,48.55500030517578,801957.0
2024-07-24T12:30:00-04:00,48.55500030517578,48.58000183105469,48.255001068115234,48.48500061035156,561784.0
2024-07-24T13:30:00-04:00,48.48500061035156,48.564998626708984,48.2400016784668,48.3849983215332,720033.0
2024-07-24T14:30:00-04:00,48.3849983215332,48.3849983215332,48.130001068115234,48.279998779296875,927866.0
2024-07-24T15:30:00-04:00,48.279998779296875,48.33000183105469,47.94499969482422,48.040000915527344,1674755.0
2024-07-25T09:30:00-04:00,47.72999954223633,48.4900016784668,47.689998626708984,48.369998931884766,1771375.0
2024-07-25T10:30:00-04:00,48.36000061035156,48.564998626708984,48.04999923706055,48.5,1140361.0
2024-07-25T11:30:00-04:00,48.5,48.814998626708984,48.494998931884766,48.650001525878906,1395517.0
2024-07-25T12:30:00-04:00,48.63999938964844,48.89500045776367,48.560001373291016,48.584999084472656,891172.0
2024-07-25T13:30:00-04:00,48.560001373291016,48.70989990234375,48.275001525878906,48.369998931884766,895583.0
2024-07-25T14:30:00-04:00,48.3650016784668,48.4900016784668,48.08000183105469,48.4900016784668,983359.0
2024-07-25T15:30:00-04:00,48.4900016784668,48.52000045776367,48.10499954223633,48.224998474121094,1434209.0
2024-07-26T09:30:00-04:00,48.54999923706055,48.900001525878906,48.189998626708984,48.20000076293945,1659228.0
2024-07-26T10:30:00-04:00,48.209999084472656,48.560001373291016,48.17499923706055,48.349998474121094,1298939.0
2024-07-26T11:30:00-04:00,48.349998474121094,48.820098876953125,48.15999984741211,48.80500030517578,548118.0
2024-07-26T12:30:00-04:00,48.79999923706055,49.2599983215332,48.75,49.21500015258789,1138804.0
2024-07-26T13:30:00-04:00,49.21500015258789,49.310001373291016,49.0099983215332,49.040000915527344,890415.0
2024-07-26T14:30:00-04:00,49.029998779296875,49.06999969482422,48.84000015258789,48.994998931884766,701544.0
2024-07-26T15:30:00-04:00,48.9900016784668,49.01499938964844,48.724998474121094,48.849998474121094,1113544.0
2024-07-29T09:30:00-04:00,48.18000030517578,48.810001373291016,48.154998779296875,48.154998779296875,1256594.0
2024-07-29T10:30:00-04:00,48.154998779296875,48.154998779296875,47.689998626708984,47.7599983215332,1117754.0
2024-07-29T11:30:00-04:00,47.775001525878906,48.025001525878906,47.68000030517578,47.970001220703125,2116684.0
2024-07-29T12:30:00-04:00,47.96500015258789,48.040000915527344,47.84000015258789,47.959999084472656,571978.0
2024-07-29T13:30:00-04:00,47.95500183105469,48.13999938964844,47.900001525878906,47.93000030517578,584600.0
2024-07-29T14:30:00-04:00,47.92499923706055,47.935001373291016,47.654998779296875,47.77000045776367,1065640.0
2024-07-29T15:30:00-04:00,47.775001525878906,48.0099983215332,47.7599983215332,47.86000061035156,1473236.0
2024-07-30T09:30:00-04:00,47.540000915527344,47.95000076293945,47.310001373291016,47.61000061035156,2422978.0
2024-07-30T10:30:00-04:00,47.60499954223633,47.709999084472656,47.2599983215332,47.2599983215332,1121417.0
2024-07-30T11:30:00-04:00,47.26499938964844,47.40999984741211,47.150001525878906,47.39500045776367,1001899.0
2024-07-30T12:30:00-04:00,47.400001525878906,47.58000183105469,47.345001220703125,47.41999816894531,795756.0
2024-07-30T13:30:00-04:00,47.41999816894531,47.5,47.31999969482422,47.35499954223633,625499.0
2024-07-30T14:30:00-04:00,47.349998474121094,47.647499084472656,47.32379913330078,47.474998474121094,1072167.0
2024-07-30T15:30:00-04:00,47.470001220703125,47.709999084472656,47.40999984741211,47.61000061035156,1340147.0
2024-07-31T09:30:00-04:00,48.130001068115234,48.459999084472656,47.939998626708984,48.369998931884766,1197220.0
2024-07-31T10:30:00-04:00,48.36000061035156,48.400001525878906,47.97999954223633,48.15999984741211,655623.0
2024-07-31T11:30:00-04:00,48.150001525878906,48.41999816894531,48.119998931884766,48.40999984741211,576138.0
2024-07-31T12:30:00-04:00,48.40999984741211,48.4900016784668,48.154998779296875,48.18000030517578,453640.0
2024-07-31T13:30:00-04:00,48.18000030517578,48.34000015258789,48.09000015258789,48.27000045776367,428870.0
2024-07-31T14:30:00-04:00,48.2599983215332,48.52000045776367,48.2400016784668,48.349998474121094,760995.0
2024-07-31T15:30:00-04:00,48.345001220703125,48.56999969482422,48.25,48.28499984741211,1064130.0
2024-08-01T09:30:00-04:00,48.279998779296875,48.33000183105469,47.20000076293945,47.369998931884766,1759395.0
2024-08-01T10:30:00-04:00,47.369998931884766,47.4900016784668,46.54499816894531,46.724998474121094,1460690.0
2024-08-01T11:30:00-04:00,46.720001220703125,46.81999969482422,46.53499984741211,46.744998931884766,882126.0
2024-08-01T12:30:00-04:00,46.7400016784668,46.779998779296875,46.470001220703125,46.479698181152344,544850.0
2024-08-01T13:30:00-04:00,46.470001220703125,46.494998931884766,46.244998931884766,46.30500030517578,634430.0
2024-08-01T14:30:00-04:00,46.29999923706055,46.650001525878906,46.275001525878906,46.64500045776367,866349.0
2024-08-01T15:30:00-04:00,46.64500045776367,46.86000061035156,46.619998931884766,46.65999984741211,1554846.0
2024-08-02T09:30:00-04:00,45.97999954223633,46.0099983215332,45.02000045776367,45.06999969482422,2680629.0
2024-08-02T10:30:00-04:00,45.060001373291016,45.150001525878906,44.650001525878906,44.959999084472656,1346963.0
2024-08-02T11:30:00-04:00,44.970001220703125,45.22999954223633,44.88999938964844,45.099998474121094,1590624.0
2024-08-02T12:30:00-04:00,45.099998474121094,45.20500183105469,44.78499984741211,44.78499984741211,1230665.0
2024-08-02T13:30:00-04:00,44.779998779296875,44.79499816894531,44.560001373291016,44.73030090332031,940166.0
2024-08-02T14:30:00-04:00,44.72999954223633,44.900001525878906,44.709999084472656,44.86000061035156,829439.0
2024-08-02T15:30:00-04:00,44.86000061035156,44.96500015258789,44.67499923706055,44.91999816894531,1792795.0
2024-08-05T09:30:00-04:00,43.47999954223633,44.29999923706055,43.31999969482422,43.70000076293945,2648812.0
2024-08-05T10:30:00-04:00,43.685001373291016,43.87990188598633,43.349998474121094,43.56999969482422,1635477.0
2024-08-05T11:30:00-04:00,43.58000183105469,44.08000183105469,43.56999969482422,44.01499938964844,1435990.0
2024-08-05T12:30:00-04:00,44.0099983215332,44.060001373291016,43.63999938964844,43.959999084472656,1078076.0
2024-08-05T13:30:00-04:00,43.95500183105469,44.0099983215332,43.68000030517578,43.84000015258789,902200.0
2024-08-05T14:30:00-04:00,43.83000183105469,43.92499923706055,43.66999816894531,43.755001068115234,1169857.0
2024-08-05T15:30:00-04:00,43.7599983215332,43.79999923706055,43.45000076293945,43.790000915527344,2194357.0
2024-08-06T09:30:00-04:00,43.79999923706055,44.165000915527344,43.650001525878906,43.869998931884766,1566518.0
2024-08-06T10:30:00-04:00,43.880001068115234,44.095001220703125,43.33000183105469,43.34000015258789,867979.0
2024-08-06T11:30:00-04:00,43.34000015258789,43.869998931884766,43.34000015258789,43.724998474121094,767646.0
2024-08-06T12:30:00-04:00,43.72999954223633,43.845001220703125,43.584999084472656,43.80500030517578,745215.0
2024-08-06T13:30:00-04:00,43.810001373291016,43.95000076293945,43.70000076293945,43.94490051269531,803414.0
2024-08-06T14:30:00-04:00,43.95000076293945,44.029998779296875,43.61000061035156,43.80500030517578,884268.0
2024-08-06T15:30:00-04:00,43.810001373291016,43.900001525878906,43.400001525878906,43.400001525878906,1303240.0
2024-08-07T09:30:00-04:00,43.9900016784668,44.41999816894531,43.84989929199219,43.935001373291016,1130476.0
2024-08-07T10:30:00-04:00,43.939998626708984,44.18000030517578,43.84000015258789,44.06999969482422,627401.0
2024-08-07T11:30:00-04:00,44.08000183105469,44.13999938964844,43.83000183105469,43.980098724365234,707067.0
2024-08-07T12:30:00-04:00,43.98500061035156,44.01499938964844,43.349998474121094,43.45000076293945,765443.0
2024-08-07T13:30:00-04:00,43.45000076293945,43.529998779296875,42.970001220703125,43.06999969482422,952790.0
2024-08-07T14:30:00-04:00,43.06999969482422,43.20500183105469,42.98500061035156,43.16999816894531,1090850.0
2024-08-07T15:30:00-04:00,43.16999816894531,43.18989944458008,42.810001373291016,42.868099212646484,1609111.0
2024-08-08T09:30:00-04:00,42.97999954223633,43.540000915527344,42.90999984741211,43.44990158081055,944583.0
2024-08-08T10:30:00-04:00,43.439998626708984,43.529998779296875,43.25,43.505001068115234,719751.0
2024-08-08T11:30:00-04:00,43.494998931884766,43.525001525878906,43.279998779296875,43.36000061035156,634031.0
2024-08-08T12:30:00-04:00,43.3650016784668,43.52000045776367,43.16999816894531,43.459999084472656,571381.0
2024-08-08T13:30:00-04:00,43.45500183105469,43.665000915527344,43.40999984741211,43.560001373291016,744477.0
2024-08-08T14:30:00-04:00,43.54999923706055,43.630001068115234,43.369998931884766,43.560001373291016,776654.0
2024-08-08T15:30:00-04:00,43.560001373291016,43.75,43.540000915527344,43.689998626708984,1260538.0
2024-08-09T09:30:00-04:00,43.505001068115234,43.63999938964844,43.31999969482422,43.46500015258789,834357.0
2024-08-09T10:30:00-04:00,43.46500015258789,43.810001373291016,43.38999938964844,43.63999938964844,574325.0
2024-08-09T11:30:00-04:00,43.625,43.7400016784668,43.43000030517578,43.5,429378.0
2024-08-09T12:30:00-04:00,43.5,43.70500183105469,43.47999954223633,43.689998626708984,320914.0
2024-08-09T13:30:00-04:00,43.69499969482422,43.72999954223633,43.5,43.54999923706055,412144.0
2024-08-09T14:30:00-04:00,43.53499984741211,43.709999084472656,43.470001220703125,43.64500045776367,639058.0
2024-08-09T15:30:00-04:00,43.63999938964844,43.670101165771484,43.459999084472656,43.540000915527344,1184371.0
2024-08-12T09:30:00-04:00,43.84000015258789,44.040000915527344,43.5,43.66999816894531,1259075.0
2024-08-12T10:30:00-04:00,43.66999816894531,44.125,43.619998931884766,43.880001068115234,1004864.0
2024-08-12T11:30:00-04:00,43.869998931884766,43.994998931884766,43.79499816894531,43.85499954223633,551696.0
2024-08-12T12:30:00-04:00,43.85599899291992,43.874000549316406,43.709999084472656,43.76969909667969,619887.0
2024-08-12T13:30:00-04:00,43.77000045776367,43.935001373291016,43.7599983215332,43.8849983215332,509036.0
2024-08-12T14:30:00-04:00,43.880001068115234,44.0,43.81999969482422,43.92499923706055,564923.0
2024-08-12T15:30:00-04:00,43.93000030517578,43.959999084472656,43.790000915527344,43.91999816894531,939378.0
2024-08-13T09:30:00-04:00,43.599998474121094,43.86000061035156,43.38999938964844,43.584999084472656,1017700.0
2024-08-13T10:30:00-04:00,43.58000183105469,43.709999084472656,43.5,43.654998779296875,509651.0
2024-08-13T11:30:00-04:00,43.654998779296875,43.85969924926758,43.650001525878906,43.77000045776367,628936.0
2024-08-13T12:30:00-04:00,43.775001525878906,43.849998474121094,43.68000030517578,43.73500061035156,438343.0
2024-08-13T13:30:00-04:00,43.7400016784668,43.904998779296875,43.71009826660156,43.869998931884766,426980.0
2024-08-13T14:30:00-04:00,43.869998931884766,43.96500015258789,43.790000915527344,43.86220169067383,408864.0
2024-08-13T15:30:00-04:00,43.8650016784668,43.8849983215332,43.7400016784668,43.779998779296875,683593.0
2024-08-14T09:30:00-04:00,44.0,44.06999969482422,43.779998779296875,43.790000915527344,1395263.0
2024-08-14T10:30:00-04:00,43.779998779296875,43.779998779296875,43.5,43.63999938964844,705419.0
2024-08-14T11:30:00-04:00,43.63999938964844,43.84000015258789,43.6349983215332,43.790000915527344,773246.0
2024-08-14T12:30:00-04:00,43.790000915527344,43.92499923706055,43.77000045776367,43.845001220703125,446268.0
2024-08-14T13:30:00-04:00,43.849998474121094,43.95000076293945,43.7400016784668,43.82500076293945,543823.0
2024-08-14T14:30:00-04:00,43.82500076293945,43.994998931884766,43.82500076293945,43.93000030517578,505849.0
2024-08-14T15:30:00-04:00,43.935001373291016,43.94499969482422,43.755001068115234,43.77000045776367,808005.0
2024-08-15T09:30:00-04:00,44.5099983215332,44.790000915527344,44.334999084472656,44.40079879760742,872308.0
2024-08-15T10:30:00-04:00,44.40999984741211,44.86000061035156,44.40999984741211,44.81999969482422,611631.0
2024-08-15T11:30:00-04:00,44.81999969482422,44.939998626708984,44.75,44.89899826049805,637355.0
2024-08-15T12:30:00-04:00,44.89500045776367,44.939998626708984,44.709999084472656,44.81999969482422,441656.0
2024-08-15T13:30:00-04:00,44.810001373291016,44.88999938964844,44.77510070800781,44.880001068115234,380039.0
2024-08-15T14:30:00-04:00,44.87950134277344,44.959999084472656,44.790000915527344,44.92499923706055,1268128.0
2024-08-15T15:30:00-04:00,44.91999816894531,45.119998931884766,44.8650016784668,45.04999923706055,1569408.0
2024-08-16T09:30:00-04:00,44.56999969482422,45.040000915527344,44.56999969482422,44.650001525878906,1341285.0
2024-08-16T10:30:00-04:00,44.654998779296875,44.689998626708984,44.54499816894531,44.68000030517578,698349.0
2024-08-16T11:30:00-04:00,44.68000030517578,44.86000061035156,44.63999938964844,44.82500076293945,476782.0
2024-08-16T12:30:00-04:00,44.82500076293945,44.939998626708984,44.810001373291016,44.93000030517578,349819.0
2024-08-16T13:30:00-04:00,44.93989944458008,44.959999084472656,44.829898834228516,44.86000061035156,426675.0
2024-08-16T14:30:00-04:00,44.8650016784668,44.91999816894531,44.75600051879883,44.75600051879883,487975.0
2024-08-16T15:30:00-04:00,44.755001068115234,44.91999816894531,44.709999084472656,44.78499984741211,1061986.0
2024-08-19T09:30:00-04:00,45.13999938964844,45.54990005493164,45.0099983215332,45.54990005493164,1327865.0
2024-08-19T10:30:00-04:00,45.540000915527344,45.779998779296875,45.529998779296875,45.59000015258789,600857.0
2024-08-19T11:30:00-04:00,45.57500076293945,45.595001220703125,45.310001373291016,45.34000015258789,459085.0
2024-08-19T12:30:00-04:00,45.33000183105469,45.3849983215332,45.279998779296875,45.28499984741211,359650.0
2024-08-19T13:30:00-04:00,45.290000915527344,45.29499816894531,45.16999816894531,45.17499923706055,453437.0
2024-08-19T14:30:00-04:00,45.18000030517578,45.279998779296875,45.15999984741211,45.20000076293945,497601.0
2024-08-19T15:30:00-04:00,45.20000076293945,45.369998931884766,45.099998474121094,45.36000061035156,1554987.0
2024-08-20T09:30:00-04:00,45.220001220703125,45.34000015258789,44.68000030517578,44.755001068115234,930338.0
2024-08-20T10:30:00-04:00,44.72999954223633,44.7400016784668,44.165000915527344,44.18000030517578,1047213.0
2024-08-20T11:30:00-04:00,44.16999816894531,44.34000015258789,44.0099983215332,44.24570083618164,746364.0
2024-08-20T12:30:00-04:00,44.2400016784668,44.30099868774414,44.16999816894531,44.28120040893555,386841.0
2024-08-20T13:30:00-04:00,44.290000915527344,44.43000030517578,44.13999938964844,44.42499923706055,850274.0
2024-08-20T14:30:00-04:00,44.41999816894531,44.4900016784668,44.310001373291016,44.3650016784668,603783.0
2024-08-20T15:30:00-04:00,44.3650016784668,44.3849983215332,44.0099983215332,44.029998779296875,1234482.0
2024-08-21T09:30:00-04:00,44.540000915527344,44.650001525878906,44.119998931884766,44.432498931884766,691850.0
2024-08-21T10:30:00-04:00,44.45000076293945,44.68000030517578,44.209999084472656,44.43000030517578,843362.0
2024-08-21T11:30:00-04:00,44.41999816894531,44.53499984741211,44.255001068115234,44.31999969482422,574646.0
2024-08-21T12:30:00-04:00,44.31999969482422,44.398101806640625,44.26499938964844,44.29499816894531,457631.0
2024-08-21T13:30:00-04:00,44.29499816894531,44.32500076293945,44.11000061035156,44.220001220703125,439795.0
2024-08-21T14:30:00-04:00,44.22999954223633,44.349998474121094,44.220001220703125,44.31999969482422,570325.0
2024-08-21T15:30:00-04:00,44.314998626708984,44.36000061035156,44.16999816894531,44.189998626708984,970322.0
2024-08-22T09:30:00-04:00,44.25,44.369998931884766,44.08000183105469,44.08000183105469,1068578.0
2024-08-22T10:30:00-04:00,44.08000183105469,44.255001068115234,43.97999954223633,44.18000030517578,1085341.0
2024-08-22T11:30:00-04:00,44.18000030517578,44.36000061035156,44.150001525878906,44.32500076293945,768061.0
2024-08-22T12:30:00-04:00,44.31999969482422,44.435001373291016,44.18000030517578,44.29499816894531,497645.0
2024-08-22T13:30:00-04:00,44.290000915527344,44.38999938964844,44.20000076293945,44.30699920654297,848422.0
2024-08-22T14:30:00-04:00,44.29999923706055,44.35499954223633,44.209999084472656,44.244998931884766,564737.0
2024-08-22T15:30:00-04:00,44.25,44.29869842529297,44.01499938964844,44.13999938964844,1083028.0
2024-08-23T09:30:00-04:00,44.5,44.75,44.3849983215332,44.67499923706055,1065883.0
2024-08-23T10:30:00-04:00,44.68000030517578,44.79999923706055,44.540000915527344,44.779998779296875,802176.0
2024-08-23T11:30:00-04:00,44.779998779296875,44.79999923706055,44.625,44.779998779296875,528831.0
2024-08-23T12:30:00-04:00,44.779998779296875,45.26499938964844,44.775001525878906,45.2400016784668,613308.0
2024-08-23T13:30:00-04:00,45.25,45.29999923706055,45.04399871826172,45.095001220703125,395297.0
2024-08-23T14:30:00-04:00,45.095001220703125,45.130001068115234,44.99079895019531,45.029998779296875,425920.0
2024-08-23T15:30:00-04:00,45.029998779296875,45.13999938964844,45.02000045776367,45.11000061035156,885343.0
2024-08-26T09:30:00-04:00,46.0,46.15999984741211,45.70000076293945,45.75,1369881.0
2024-08-26T10:30:00-04:00,45.7599983215332,45.77000045776367,45.2400016784668,45.31999969482422,856715.0
2024-08-26T11:30:00-04:00,45.310001373291016,45.58000183105469,45.29999923706055,45.525001525878906,742920.0
2024-08-26T12:30:00-04:00,45.529998779296875,45.68000030517578,45.494998931884766,45.595001220703125,590715.0
2024-08-26T13:30:00-04:00,45.59000015258789,45.59000015258789,45.439998626708984,45.525001525878906,473542.0
2024-08-26T14:30:00-04:00,45.525001525878906,45.61000061035156,45.45500183105469,45.55500030517578,538327.0
2024-08-26T15:30:00-04:00,45.55500030517578,45.619998931884766,45.52000045776367,45.60499954223633,984575.0
2024-08-27T09:30:00-04:00,45.45000076293945,45.529998779296875,45.16999816894531,45.36000061035156,826826.0
2024-08-27T10:30:00-04:00,45.349998474121094,45.3849983215332,45.130001068115234,45.21870040893555,461448.0
2024-08-27T11:30:00-04:00,45.209999084472656,45.2400016784668,45.04999923706055,45.064998626708984,340501.0
2024-08-27T12:30:00-04:00,45.040000915527344,45.060001373291016,44.869998931884766,44.89500045776367,508580.0
2024-08-27T13:30:00-04:00,44.88999938964844,44.95000076293945,44.779998779296875,44.904998779296875,782204.0
2024-08-27T14:30:00-04:00,44.90999984741211,45.0182991027832,44.84000015258789,45.005001068115234,498769.0
2024-08-27T15:30:00-04:00,45.005001068115234,45.109901428222656,44.9900016784668,45.040000915527344,899656.0
2024-08-28T09:30:00-04:00,43.959999084472656,44.154998779296875,43.505001068115234,43.58000183105469,2596113.0
2024-08-28T10:30:00-04:00,43.58000183105469,44.04999923706055,43.5099983215332,43.88999938964844,1107751.0
2024-08-28T11:30:00-04:00,43.900001525878906,43.9900016784668,43.7599983215332,43.79499816894531,612183.0
2024-08-28T12:30:00-04:00,43.79999923706055,43.98500061035156,43.619998931884766,43.69499969482422,869482.0
2024-08-28T13:30:00-04:00,43.69499969482422,43.77000045776367,43.58000183105469,43.59000015258789,759498.0
2024-08-28T14:30:00-04:00,43.595001220703125,43.72999954223633,43.595001220703125,43.71500015258789,986819.0
2024-08-28T15:30:00-04:00,43.71500015258789,43.779998779296875,43.59000015258789,43.7400016784668,1583609.0
2024-08-29T09:30:00-04:00,44.26499938964844,44.31999969482422,43.40999984741211,44.16999816894531,1725138.0
2024-08-29T10:30:00-04:00,44.189998626708984,44.20000076293945,43.94499969482422,44.16999816894531,831613.0
2024-08-29T11:30:00-04:00,44.16999816894531,44.275001525878906,44.05500030517578,44.224998474121094,626699.0
2024-08-29T12:30:00-04:00,44.220001220703125,44.415000915527344,44.17100143432617,44.290000915527344,653595.0
2024-08-29T13:30:00-04:00,44.28900146484375,44.33000183105469,44.11000061035156,44.150001525878906,718592.0
2024-08-29T14:30:00-04:00,44.13999938964844,44.290000915527344,44.029998779296875,44.255001068115234,1100124.0
2024-08-29T15:30:00-04:00,44.255001068115234,44.310001373291016,44.040000915527344,44.18000030517578,1307712.0
2024-08-30T09:30:00-04:00,43.81999969482422,44.040000915527344,43.525001525878906,43.56999969482422,1331601.0
2024-08-30T10:30:00-04:00,43.564998626708984,43.68000030517578,43.45000076293945,43.4900016784668,874901.0
2024-08-30T11:30:00-04:00,43.47999954223633,43.54990005493164,43.400001525878906,43.43000030517578,434410.0
2024-08-30T12:30:00-04:00,43.43000030517578,43.560001373291016,43.38999938964844,43.44499969482422,524963.0
2024-08-30T13:30:00-04:00,43.44499969482422,43.59000015258789,43.44499969482422,43.55500030517578,596280.0
2024-08-30T14:30:00-04:00,43.560001373291016,43.665000915527344,43.51499938964844,43.61000061035156,824480.0
2024-08-30T15:30:00-04:00,43.6150016784668,44.029998779296875,43.58000183105469,43.97999954223633,1592491.0
2024-09-03T09:30:00-04:00,43.15999984741211,43.189998626708984,42.220001220703125,42.499900817871094,2915392.0
2024-09-03T10:30:00-04:00,42.4900016784668,42.650001525878906,42.404998779296875,42.51499938964844,1475492.0
2024-09-03T11:30:00-04:00,42.5099983215332,42.59000015258789,42.15999984741211,42.21500015258789,1270613.0
2024-09-03T12:30:00-04:00,42.220001220703125,42.220001220703125,42.0,42.13949966430664,1226627.0
2024-09-03T13:30:00-04:00,42.1349983215332,42.189998626708984,42.029998779296875,42.17499923706055,1035882.0
2024-09-03T14:30:00-04:00,42.17499923706055,42.38999938964844,42.13999938964844,42.3849983215332,1645124.0
2024-09-03T15:30:00-04:00,42.3849983215332,42.41999816894531,42.165000915527344,42.290000915527344,1657318.0
2024-09-04T09:30:00-04:00,42.040000915527344,42.38999938964844,41.650001525878906,41.66999816894531,1792933.0
2024-09-04T10:30:00-04:00,41.666500091552734,41.96500015258789,41.599998474121094,41.71609878540039,1264462.0
2024-09-04T11:30:00-04:00,41.71500015258789,41.849998474121094,41.66999816894531,41.724998474121094,734557.0
2024-09-04T12:30:00-04:00,41.720001220703125,41.82500076293945,41.650001525878906,41.65999984741211,793426.0
2024-09-04T13:30:00-04:00,41.65999984741211,41.69499969482422,41.45500183105469,41.57630157470703,1137301.0
2024-09-04T14:30:00-04:00,41.58000183105469,41.59000015258789,41.42499923706055,41.560001373291016,945636.0
2024-09-04T15:30:00-04:00,41.55500030517578,41.55500030517578,41.26499938964844,41.33000183105469,2110485.0
2024-09-05T09:30:00-04:00,41.689998626708984,41.79999923706055,40.959999084472656,40.994998931884766,1974183.0
2024-09-05T10:30:00-04:00,41.0,41.2400016784668,41.0,41.10499954223633,1388862.0
2024-09-05T11:30:00-04:00,41.10499954223633,41.43000030517578,41.09000015258789,41.35749816894531,1206168.0
2024-09-05T12:30:00-04:00,41.35499954223633,41.41999816894531,41.2400016784668,41.39500045776367,1207873.0
2024-09-05T13:30:00-04:00,41.400001525878906,41.4900016784668,41.38999938964844,41.415000915527344,903828.0
2024-09-05T14:30:00-04:00,41.40999984741211,41.5,41.255001068115234,41.334999084472656,1122184.0
2024-09-05T15:30:00-04:00,41.334999084472656,41.429100036621094,41.130001068115234,41.22999954223633,1682996.0
2024-09-06T09:30:00-04:00,41.20000076293945,41.630001068115234,41.040000915527344,41.06999969482422,1223147.0
2024-09-06T10:30:00-04:00,41.08000183105469,41.13999938964844,40.630001068115234,40.654998779296875,1398600.0
2024-09-06T11:30:00-04:00,40.654998779296875,40.779998779296875,40.5099983215332,40.55500030517578,1003884.0
2024-09-06T12:30:00-04:00,40.55500030517578,40.810001373291016,40.52000045776367,40.73500061035156,759433.0
2024-09-06T13:30:00-04:00,40.72999954223633,40.7400016784668,40.5099983215332,40.5099983215332,873011.0
2024-09-06T14:30:00-04:00,40.51499938964844,40.599998474121094,40.37080001831055,40.54999923706055,1260363.0
2024-09-06T15:30:00-04:00,40.55500030517578,40.63999938964844,40.420101165771484,40.630001068115234,2024554.0
2024-09-09T09:30:00-04:00,40.79999923706055,41.11000061035156,40.619998931884766,40.959999084472656,2081623.0
2024-09-09T10:30:00-04:00,40.959999084472656,40.9900016784668,40.68000030517578,40.720001220703125,912058.0
2024-09-09T11:30:00-04:00,40.724998474121094,41.08000183105469,40.70500183105469,41.08000183105469,944621.0
2024-09-09T12:30:00-04:00,41.07500076293945,41.16999816894531,40.72999954223633,40.72999954223633,1311594.0
2024-09-09T13:30:00-04:00,40.73500061035156,40.73500061035156,40.47999954223633,40.57500076293945,1402324.0
2024-09-09T14:30:00-04:00,40.56999969482422,40.72999954223633,40.529998779296875,40.625,961391.0
2024-09-09T15:30:00-04:00,40.619998931884766,40.665000915527344,40.351200103759766,40.41999816894531,1976729.0
2024-09-10T09:30:00-04:00,40.47999954223633,40.47999954223633,39.36000061035156,39.415000915527344,1680776.0
2024-09-10T10:30:00-04:00,39.41999816894531,39.90999984741211,39.41999816894531,39.599998474121094,1281023.0
2024-09-10T11:30:00-04:00,39.59000015258789,39.619998931884766,39.2400016784668,39.380001068115234,1483432.0
2024-09-10T12:30:00-04:00,39.380001068115234,39.45000076293945,39.130001068115234,39.1349983215332,1039406.0
2024-09-10T13:30:00-04:00,39.130001068115234,39.36000061035156,39.119998931884766,39.34080123901367,972437.0
2024-09-10T14:30:00-04:00,39.349998474121094,39.4900016784668,39.32749938964844,39.45000076293945,1024301.0
2024-09-10T15:30:00-04:00,39.45000076293945,39.60749816894531,39.44200134277344,39.599998474121094,1593720.0
2024-09-11T09:30:00-04:00,39.45000076293945,39.560001373291016,38.92499923706055,38.9900016784668,1678946.0
2024-09-11T10:30:00-04:00,38.970001220703125,39.165000915527344,38.65999984741211,39.150001525878906,2512198.0
2024-09-11T11:30:00-04:00,39.150001525878906,39.32500076293945,39.084999084472656,39.27000045776367,2047375.0
2024-09-11T12:30:00-04:00,39.279998779296875,39.584999084472656,39.279998779296875,39.525001525878906,1463930.0
2024-09-11T13:30:00-04:00,39.529998779296875,39.7156982421875,39.38999938964844,39.505001068115234,1031147.0
2024-09-11T14:30:00-04:00,39.505001068115234,39.77000045776367,39.470001220703125,39.77000045776367,2459646.0
2024-09-11T15:30:00-04:00,39.769901275634766,39.769901275634766,39.45000076293945,39.560001373291016,2658315.0
2024-09-12T09:30:00-04:00,39.75,40.029998779296875,39.3650016784668,39.84000015258789,2457320.0
2024-09-12T10:30:00-04:00,39.834999084472656,40.220001220703125,39.75,40.145999908447266,1639474.0
2024-09-12T11:30:00-04:00,40.13999938964844,40.15999984741211,39.900001525878906,39.939998626708984,1131709.0
2024-09-12T12:30:00-04:00,39.939998626708984,40.019500732421875,39.75,39.84000015258789,1681870.0
2024-09-12T13:30:00-04:00,39.845001220703125,39.95880126953125,39.744998931884766,39.77000045776367,1008440.0
2024-09-12T14:30:00-04:00,39.779998779296875,39.81999969482422,39.63999938964844,39.755001068115234,1862874.0
2024-09-12T15:30:00-04:00,39.755001068115234,39.79999923706055,39.630001068115234,39.790000915527344,2909696.0
2024-09-13T09:30:00-04:00,40.11000061035156,40.474998474121094,39.69499969482422,40.38999938964844,4224128.0
2024-09-13T10:30:00-04:00,40.400001525878906,40.5,40.09000015258789,40.1150016784668,2281203.0
2024-09-13T11:30:00-04:00,40.11000061035156,40.20500183105469,40.005001068115234,40.01499938964844,1271855.0
2024-09-13T12:30:00-04:00,40.02000045776367,40.029998779296875,39.650001525878906,39.70000076293945,1173221.0
2024-09-13T13:30:00-04:00,39.70500183105469,39.81999969482422,39.505001068115234,39.685001373291016,2340589.0
2024-09-13T14:30:00-04:00,39.685001373291016,39.82500076293945,39.619998931884766,39.79999923706055,2544890.0
2024-09-13T15:30:00-04:00,39.810001373291016,39.970001220703125,39.7599983215332,39.95000076293945,2282215.0
2024-09-16T09:30:00-04:00,40.79999923706055,41.15999984741211,40.36000061035156,40.53499984741211,4381585.0
2024-09-16T10:30:00-04:00,40.529998779296875,40.529998779296875,40.17499923706055,40.20500183105469,1776680.0
2024-09-16T11:30:00-04:00,40.20500183105469,40.29999923706055,40.06999969482422,40.1150016784668,4221297.0
2024-09-16T12:30:00-04:00,40.1150016784668,40.22999954223633,40.029998779296875,40.064998626708984,4127613.0
2024-09-16T13:30:00-04:00,40.0619010925293,40.290000915527344,40.040000915527344,40.19499969482422,1969621.0
2024-09-16T14:30:00-04:00,40.19499969482422,40.40999984741211,40.130001068115234,40.30500030517578,2336777.0
2024-09-16T15:30:00-04:00,40.30500030517578,40.560001373291016,40.30500030517578,40.400001525878906,4333350.0
2024-09-17T09:30:00-04:00,40.529998779296875,40.994998931884766,40.439998626708984,40.974998474121094,2613413.0
2024-09-17T10:30:00-04:00,40.97850036621094,41.349998474121094,40.970001220703125,41.244998931884766,3608909.0
2024-09-17T11:30:00-04:00,41.244998931884766,41.47999954223633,41.22999954223633,41.255001068115234,2097719.0
2024-09-17T12:30:00-04:00,41.25,41.310001373291016,41.064998626708984,41.19499969482422,1584995.0
2024-09-17T13:30:00-04:00,41.19889831542969,41.48500061035156,41.18000030517578,41.474998474121094,1389052.0
2024-09-17T14:30:00-04:00,41.474998474121094,41.64500045776367,41.345001220703125,41.625,2038157.0
2024-09-17T15:30:00-04:00,41.619998931884766,41.68000030517578,41.47999954223633,41.5,3079002.0
2024-09-18T09:30:00-04:00,41.59000015258789,42.09000015258789,41.29499816894531,41.349998474121094,2241374.0
2024-09-18T10:30:00-04:00,41.349998474121094,41.499298095703125,41.20000076293945,41.46500015258789,917180.0
2024-09-18T11:30:00-04:00,41.46500015258789,41.48749923706055,41.18000030517578,41.404998779296875,930394.0
2024-09-18T12:30:00-04:00,41.400001525878906,41.59000015258789,41.38999938964844,41.56999969482422,856899.0
2024-09-18T13:30:00-04:00,41.57500076293945,42.09000015258789,41.400001525878906,41.95500183105469,2673381.0
2024-09-18T14:30:00-04:00,41.95000076293945,42.04499816894531,41.404998779296875,41.650001525878906,2478906.0
2024-09-18T15:30:00-04:00,41.650001525878906,41.709999084472656,41.400001525878906,41.43000030517578,1425582.0
2024-09-19T09:30:00-04:00,42.70000076293945,42.72999954223633,42.029998779296875,42.63999938964844,3720448.0
2024-09-19T10:30:00-04:00,42.63999938964844,43.20000076293945,42.560001373291016,43.189998626708984,2758394.0
2024-09-19T11:30:00-04:00,43.189998626708984,43.22999954223633,43.0,43.096900939941406,1627363.0
2024-09-19T12:30:00-04:00,43.09980010986328,43.13990020751953,42.959999084472656,43.04199981689453,1925965.0
2024-09-19T13:30:00-04:00,43.04499816894531,43.269901275634766,42.83000183105469,42.845001220703125,1621945.0
2024-09-19T14:30:00-04:00,42.84000015258789,42.84000015258789,42.560001373291016,42.76499938964844,1993076.0
2024-09-19T15:30:00-04:00,42.7599983215332,42.81999969482422,42.652099609375,42.7599983215332,2034663.0
2024-09-20T09:30:00-04:00,42.88999938964844,42.88999938964844,42.0,42.34000015258789,3069576.0
2024-09-20T10:30:00-04:00,42.345001220703125,42.5099983215332,42.20000076293945,42.404998779296875,1516524.0
2024-09-20T11:30:00-04:00,42.400001525878906,42.564998626708984,42.29499816894531,42.525001525878906,1062918.0
2024-09-20T12:30:00-04:00,42.52000045776367,42.709999084472656,42.49150085449219,42.595001220703125,1698096.0
2024-09-20T13:30:00-04:00,42.595001220703125,42.70000076293945,42.47999954223633,42.5099983215332,1039208.0
2024-09-20T14:30:00-04:00,42.5,42.71500015258789,42.47999954223633,42.68000030517578,1605318.0
2024-09-20T15:30:00-04:00,42.68000030517578,42.73500061035156,42.38999938964844,42.41999816894531,3636632.0
2024-09-23T09:30:00-04:00,42.54999923706055,43.209999084472656,42.380001068115234,43.11000061035156,2495669.0
2024-09-23T10:30:00-04:00,43.11000061035156,43.15999984741211,42.689998626708984,42.727500915527344,1250792.0
2024-09-23T11:30:00-04:00,42.709999084472656,42.90999984741211,42.54499816894531,42.584999084472656,1212230.0
2024-09-23T12:30:00-04:00,42.584999084472656,42.959999084472656,42.55500030517578,42.93000030517578,1105762.0
2024-09-23T13:30:00-04:00,42.92499923706055,42.9900016784668,42.86000061035156,42.95000076293945,871923.0
2024-09-23T14:30:00-04:00,42.94499969482422,42.98500061035156,42.88999938964844,42.915000915527344,1122848.0
2024-09-23T15:30:00-04:00,42.91999816894531,43.209999084472656,42.880001068115234,42.900001525878906,2581104.0
2024-09-24T09:30:00-04:00,43.834999084472656,44.040000915527344,43.28499984741211,43.494998931884766,2234759.0
2024-09-24T10:30:00-04:00,43.5,43.529998779296875,43.130001068115234,43.209999084472656,1392051.0
2024-09-24T11:30:00-04:00,43.209999084472656,43.220001220703125,43.0,43.06999969482422,1346620.0
2024-09-24T12:30:00-04:00,43.08000183105469,43.189998626708984,43.060001373291016,43.084999084472656,874945.0
2024-09-24T13:30:00-04:00,43.084999084472656,43.130001068115234,42.95000076293945,43.005001068115234,924013.0
2024-09-24T14:30:00-04:00,43.005001068115234,43.220001220703125,42.95500183105469,43.21500015258789,1232063.0
2024-09-24T15:30:00-04:00,43.21500015258789,43.22999954223633,42.970001220703125,42.97999954223633,2281093.0
2024-09-25T09:30:00-04:00,42.79999923706055,43.0099983215332,42.46189880371094,42.4900016784668,2441482.0
2024-09-25T10:30:00-04:00,42.4900016784668,42.6150016784668,42.369998931884766,42.404998779296875,1468845.0
2024-09-25T11:30:00-04:00,42.40999984741211,42.41999816894531,42.11000061035156,42.130001068115234,986187.0
2024-09-25T12:30:00-04:00,42.119998931884766,42.154998779296875,41.90999984741211,41.915000915527344,1423577.0
2024-09-25T13:30:00-04:00,41.90999984741211,41.95500183105469,41.810001373291016,41.86589813232422,932023.0
2024-09-25T14:30:00-04:00,41.869998931884766,41.904998779296875,41.73400115966797,41.77989959716797,849648.0
2024-09-25T15:30:00-04:00,41.775001525878906,41.90999984741211,41.65999984741211,41.810001373291016,2470245.0
2024-09-26T09:30:00-04:00,41.08000183105469,41.5099983215332,40.81999969482422,41.04499816894531,4468489.0
2024-09-26T10:30:00-04:00,41.04999923706055,41.18000030517578,40.53499984741211,40.59000015258789,2721633.0
2024-09-26T11:30:00-04:00,40.59000015258789,40.845001220703125,40.540000915527344,40.70500183105469,1700032.0
2024-09-26T12:30:00-04:00,40.70500183105469,40.91999816894531,40.64500045776367,40.915000915527344,1871469.0
2024-09-26T13:30:00-04:00,40.915000915527344,41.04999923706055,40.82500076293945,40.834999084472656,1435612.0
2024-09-26T14:30:00-04:00,40.830101013183594,40.974998474121094,40.81999969482422,40.8849983215332,1930342.0
2024-09-26T15:30:00-04:00,40.88999938964844,41.2400016784668,40.810001373291016,41.165000915527344,5195815.0
2024-09-27T09:30:00-04:00,41.70000076293945,41.9900016784668,41.599998474121094,41.93000030517578,4186741.0
2024-09-27T10:30:00-04:00,41.93000030517578,42.10499954223633,41.83000183105469,41.98500061035156,1298529.0
2024-09-27T11:30:00-04:00,41.98500061035156,42.06999969482422,41.84000015258789,41.84000015258789,1536888.0
2024-09-27T12:30:00-04:00,41.845001220703125,41.935001373291016,41.79999923706055,41.89500045776367,1257667.0
2024-09-27T13:30:00-04:00,41.89970016479492,42.029998779296875,41.689998626708984,42.0,1278571.0
2024-09-27T14:30:00-04:00,42.00419998168945,42.20500183105469,41.97999954223633,42.14400100708008,1704445.0
2024-09-27T15:30:00-04:00,42.150001525878906,42.31999969482422,42.14500045776367,42.279998779296875,1718525.0
2024-09-30T09:30:00-04:00,41.869998931884766,42.209999084472656,41.770198822021484,42.099998474121094,1494162.0
2024-09-30T10:30:00-04:00,42.095001220703125,42.4744987487793,42.095001220703125,42.1150016784668,1037537.0
2024-09-30T11:30:00-04:00,42.10499954223633,42.25,42.040000915527344,42.08000183105469,901638.0
2024-09-30T12:30:00-04:00,42.084999084472656,42.13990020751953,42.0,42.07500076293945,724842.0
2024-09-30T13:30:00-04:00,42.08000183105469,42.11899948120117,41.560001373291016,41.66640090942383,1222150.0
2024-09-30T14:30:00-04:00,41.65999984741211,41.98500061035156,41.564998626708984,41.79499816894531,1301644.0
2024-09-30T15:30:00-04:00,41.790000915527344,42.0,41.720001220703125,41.95000076293945,1914237.0
2024-10-01T09:30:00-04:00,41.744998931884766,42.939998626708984,41.7400016784668,42.540000915527344,3106524.0
2024-10-01T10:30:00-04:00,42.58000183105469,42.93000030517578,42.459999084472656,42.904998779296875,1668576.0
2024-10-01T11:30:00-04:00,42.904998779296875,43.18000030517578,42.880001068115234,43.040000915527344,1469713.0
2024-10-01T12:30:00-04:00,43.03499984741211,43.59000015258789,43.02000045776367,43.244998931884766,2504085.0
2024-10-01T13:30:00-04:00,43.2400016784668,43.31999969482422,43.0099983215332,43.095001220703125,1179272.0
2024-10-01T14:30:00-04:00,43.09000015258789,43.2400016784668,43.07500076293945,43.209999084472656,1143794.0
2024-10-01T15:30:00-04:00,43.209999084472656,43.209999084472656,43.040000915527344,43.13999938964844,2039207.0
2024-10-02T09:30:00-04:00,43.459999084472656,44.17499923706055,43.400001525878906,43.900001525878906,3413044.0
2024-10-02T10:30:00-04:00,43.88999938964844,43.89500045776367,43.28499984741211,43.525001525878906,1732872.0
2024-10-02T11:30:00-04:00,43.52000045776367,43.76499938964844,43.45000076293945,43.5099983215332,1152184.0
2024-10-02T12:30:00-04:00,43.51499938964844,43.589900970458984,43.349998474121094,43.53499984741211,977714.0
2024-10-02T13:30:00-04:00,43.53499984741211,43.595001220703125,43.41210174560547,43.48500061035156,1128287.0
2024-10-02T14:30:00-04:00,43.47999954223633,43.7599983215332,43.46500015258789,43.744998931884766,1206895.0
2024-10-02T15:30:00-04:00,43.7400016784668,44.060001373291016,43.72999954223633,43.93000030517578,2816566.0
2024-10-03T09:30:00-04:00,43.939998626708984,44.630001068115234,43.540000915527344,44.494998931884766,2632490.0
2024-10-03T10:30:00-04:00,44.5,44.560001373291016,44.140098571777344,44.20500183105469,1928139.0
2024-10-03T11:30:00-04:00,44.20000076293945,44.619998931884766,44.14500045776367,44.46500015258789,1118335.0
2024-10-03T12:30:00-04:00,44.46870040893555,44.7599983215332,44.43000030517578,44.56999969482422,1414694.0
2024-10-03T13:30:00-04:00,44.56999969482422,44.78499984741211,44.52000045776367,44.69499969482422,1291849.0
2024-10-03T14:30:00-04:00,44.689998626708984,44.86000061035156,44.650001525878906,44.80500030517578,1239214.0
2024-10-03T15:30:00-04:00,44.80500030517578,44.939998626708984,44.63999938964844,44.88999938964844,2349183.0
2024-10-04T09:30:00-04:00,45.529998779296875,45.630001068115234,44.90230178833008,45.220001220703125,2329114.0
2024-10-04T10:30:00-04:00,45.160099029541016,45.369998931884766,44.97999954223633,45.19499969482422,1093101.0
2024-10-04T11:30:00-04:00,45.19499969482422,45.59000015258789,45.15999984741211,45.58000183105469,1299506.0
2024-10-04T12:30:00-04:00,45.58000183105469,45.709999084472656,45.5,45.54499816894531,1364981.0
2024-10-04T13:30:00-04:00,45.540000915527344,45.540000915527344,45.13999938964844,45.144901275634766,963509.0
2024-10-04T14:30:00-04:00,45.14500045776367,45.347999572753906,45.11000061035156,45.26499938964844,1215422.0
2024-10-04T15:30:00-04:00,45.27000045776367,45.4900016784668,45.23500061035156,45.459999084472656,1474193.0
2024-10-07T09:30:00-04:00,45.599998474121094,46.154998779296875,45.560001373291016,45.564998626708984,1932217.0
2024-10-07T10:30:00-04:00,45.56999969482422,45.72999954223633,45.47999954223633,45.625,859736.0
2024-10-07T11:30:00-04:00,45.630001068115234,45.70500183105469,45.46500015258789,45.650001525878906,576352.0
2024-10-07T12:30:00-04:00,45.650001525878906,45.685001373291016,45.5099983215332,45.61000061035156,574850.0
2024-10-07T13:30:00-04:00,45.605098724365234,45.619998931884766,45.4900016784668,45.6150016784668,765417.0
2024-10-07T14:30:00-04:00,45.6150016784668,45.619998931884766,45.380001068115234,45.57500076293945,1102053.0
2024-10-07T15:30:00-04:00,45.56999969482422,45.650001525878906,45.4900016784668,45.59000015258789,1533286.0
2024-10-08T09:30:00-04:00,44.95000076293945,45.16999816894531,44.095001220703125,44.224998474121094,2511583.0
2024-10-08T10:30:00-04:00,44.224998474121094,44.5099983215332,44.17499923706055,44.369998931884766,1347726.0
2024-10-08T11:30:00-04:00,44.3650016784668,44.48500061035156,44.11000061035156,44.130001068115234,1141296.0
2024-10-08T12:30:00-04:00,44.125,44.425899505615234,43.970001220703125,44.34000015258789,1466243.0
2024-10-08T13:30:00-04:00,44.33000183105469,44.41999816894531,44.13999938964844,44.21500015258789,934075.0
2024-10-08T14:30:00-04:00,44.209999084472656,44.27000045776367,44.084999084472656,44.154998779296875,1456847.0
2024-10-08T15:30:00-04:00,44.154998779296875,44.209999084472656,44.060001373291016,44.11000061035156,2100092.0
2024-10-09T09:30:00-04:00,43.779998779296875,44.125,43.630001068115234,43.959999084472656,1350491.0
2024-10-09T10:30:00-04:00,43.970001220703125,44.34000015258789,43.93000030517578,44.290000915527344,873602.0
2024-10-09T11:30:00-04:00,44.28499984741211,44.400001525878906,44.2400016784668,44.25,898837.0
2024-10-09T12:30:00-04:00,44.2400016784668,44.290000915527344,44.064998626708984,44.27000045776367,1057504.0
2024-10-09T13:30:00-04:00,44.275001525878906,44.42499923706055,44.16999816894531,44.220001220703125,1234447.0
2024-10-09T14:30:00-04:00,44.220001220703125,44.36000061035156,44.220001220703125,44.314998626708984,1202277.0
2024-10-09T15:30:00-04:00,44.31999969482422,44.40999984741211,44.209999084472656,44.209999084472656,1782104.0
2024-10-10T09:30:00-04:00,44.58000183105469,44.970001220703125,44.25,44.91999816894531,1938305.0
2024-10-10T10:30:00-04:00,44.91999816894531,45.1150016784668,44.630001068115234,44.63140106201172,992908.0
2024-10-10T11:30:00-04:00,44.63999938964844,44.86000061035156,44.599998474121094,44.845001220703125,656257.0
2024-10-10T12:30:00-04:00,44.849998474121094,44.939998626708984,44.75,44.80500030517578,699452.0
2024-10-10T13:30:00-04:00,44.810001373291016,44.88999938964844,44.70500183105469,44.80500030517578,739540.0
2024-10-10T14:30:00-04:00,44.79999923706055,44.83000183105469,44.630001068115234,44.79999923706055,1243281.0
2024-10-10T15:30:00-04:00,44.790000915527344,44.790000915527344,44.540000915527344,44.595001220703125,1661773.0
2024-10-11T09:30:00-04:00,44.31999969482422,44.935001373291016,44.279998779296875,44.88999938964844,1226750.0
2024-10-11T10:30:00-04:00,44.90999984741211,44.93880081176758,44.7400016784668,44.834999084472656,879383.0
2024-10-11T11:30:00-04:00,44.834999084472656,44.86600112915039,44.72999954223633,44.79600143432617,825246.0
2024-10-11T12:30:00-04:00,44.79999923706055,44.8650016784668,44.755001068115234,44.82500076293945,715107.0
2024-10-11T13:30:00-04:00,44.83000183105469,44.90999984741211,44.810001373291016,44.89500045776367,992051.0
2024-10-11T14:30:00-04:00,44.900001525878906,44.959999084472656,44.84000015258789,44.85499954223633,739269.0
2024-10-11T15:30:00-04:00,44.85499954223633,44.900001525878906,44.7400016784668,44.779998779296875,1334755.0
2024-10-14T09:30:00-04:00,44.38999938964844,44.667198181152344,44.220001220703125,44.380001068115234,1423103.0
2024-10-14T10:30:00-04:00,44.369998931884766,44.665000915527344,44.33000183105469,44.560001373291016,735451.0
2024-10-14T11:30:00-04:00,44.56890106201172,44.59000015258789,44.459999084472656,44.560001373291016,513870.0
2024-10-14T12:30:00-04:00,44.564998626708984,44.619998931884766,44.52000045776367,44.59000015258789,403754.0
2024-10-14T13:30:00-04:00,44.59000015258789,44.65999984741211,44.55500030517578,44.59000015258789,625936.0
2024-10-14T14:30:00-04:00,44.59000015258789,44.599998474121094,44.459999084472656,44.505001068115234,897947.0
2024-10-14T15:30:00-04:00,44.505001068115234,44.720001220703125,44.48500061035156,44.689998626708984,1341452.0
2024-10-15T09:30:00-04:00,43.56999969482422,43.90999984741211,43.05500030517578,43.625,2531067.0
2024-10-15T10:30:00-04:00,43.619998931884766,43.79999923706055,43.36029815673828,43.45500183105469,1163181.0
2024-10-15T11:30:00-04:00,43.459999084472656,43.65999984741211,43.45370101928711,43.64500045776367,642147.0
2024-10-15T12:30:00-04:00,43.650001525878906,43.717498779296875,43.470001220703125,43.52000045776367,574136.0
2024-10-15T13:30:00-04:00,43.525001525878906,43.525001525878906,43.26499938964844,43.291099548339844,851176.0
2024-10-15T14:30:00-04:00,43.290000915527344,43.439998626708984,43.22999954223633,43.22999954223633,1105917.0
2024-10-15T15:30:00-04:00,43.2400016784668,43.2599983215332,42.88999938964844,42.95500183105469,1766098.0
2024-10-16T09:30:00-04:00,43.38999938964844,43.540000915527344,43.11000061035156,43.38999938964844,1481017.0
2024-10-16T10:30:00-04:00,43.38999938964844,43.560001373291016,43.26499938964844,43.375,784238.0
2024-10-16T11:30:00-04:00,43.375,43.404998779296875,43.279998779296875,43.314998626708984,820139.0
2024-10-16T12:30:00-04:00,43.314998626708984,43.52000045776367,43.290000915527344,43.52000045776367,804714.0
2024-10-16T13:30:00-04:00,43.51499938964844,43.560001373291016,43.41999816894531,43.51499938964844,594237.0
2024-10-16T14:30:00-04:00,43.51499938964844,43.61000061035156,43.47999954223633,43.58399963378906,1079920.0
2024-10-16T15:30:00-04:00,43.58000183105469,43.689998626708984,43.560001373291016,43.67499923706055,1648401.0
2024-10-17T09:30:00-04:00,43.5,43.86000061035156,43.290000915527344,43.57500076293945,2402948.0
2024-10-17T10:30:00-04:00,43.58000183105469,43.68000030517578,43.3849983215332,43.52000045776367,2652284.0
2024-10-17T11:30:00-04:00,43.52000045776367,43.689998626708984,43.4900016784668,43.625,2007126.0
2024-10-17T12:30:00-04:00,43.6150016784668,43.75,43.564998626708984,43.65999984741211,913744.0
2024-10-17T13:30:00-04:00,43.665000915527344,43.810001373291016,43.60499954223633,43.79999923706055,1041104.0
2024-10-17T14:30:00-04:00,43.79999923706055,43.994998931884766,43.75,43.935001373291016,1338602.0
2024-10-17T15:30:00-04:00,43.935001373291016,44.04999923706055,43.849998474121094,43.9900016784668,2424045.0
2024-10-18T09:30:00-04:00,43.77000045776367,43.849998474121094,42.29999923706055,42.970001220703125,5991555.0
2024-10-18T10:30:00-04:00,42.97999954223633,43.005001068115234,42.130001068115234,42.3849983215332,2697693.0
2024-10-18T11:30:00-04:00,42.3849983215332,42.880001068115234,42.27000045776367,42.7869987487793,1605449.0
2024-10-18T12:30:00-04:00,42.787601470947266,42.84000015258789,42.33000183105469,42.34989929199219,1594408.0
2024-10-18T13:30:00-04:00,42.349998474121094,42.375,42.209999084472656,42.224998474121094,1477843.0
2024-10-18T14:30:00-04:00,42.229698181152344,42.23500061035156,42.03499984741211,42.07500076293945,2331744.0
2024-10-18T15:30:00-04:00,42.07500076293945,42.099998474121094,41.88999938964844,41.90999984741211,3417356.0
2024-10-21T09:30:00-04:00,42.08000183105469,42.81999969482422,42.08000183105469,42.44499969482422,2958485.0
2024-10-21T10:30:00-04:00,42.44499969482422,42.779998779296875,42.39500045776367,42.779998779296875,2352972.0
2024-10-21T11:30:00-04:00,42.779998779296875,42.900001525878906,42.5099983215332,42.624000549316406,1052246.0
2024-10-21T12:30:00-04:00,42.630001068115234,42.939998626708984,42.61000061035156,42.900001525878906,1369489.0
2024-10-21T13:30:00-04:00,42.904998779296875,42.92499923706055,42.689998626708984,42.77000045776367,967103.0
2024-10-21T14:30:00-04:00,42.77000045776367,42.81999969482422,42.61000061035156,42.61009979248047,1133661.0
2024-10-21T15:30:00-04:00,42.61000061035156,42.61000061035156,42.400001525878906,42.43000030517578,1937495.0
2024-10-22T09:30:00-04:00,42.72999954223633,42.7400016784668,42.084999084472656,42.1349983215332,1718816.0
2024-10-22T10:30:00-04:00,42.130001068115234,42.25,41.9900016784668,42.099998474121094,1264017.0
2024-10-22T11:30:00-04:00,42.095001220703125,42.11000061035156,41.900001525878906,42.04280090332031,1080801.0
2024-10-22T12:30:00-04:00,42.04999923706055,42.154998779296875,42.02000045776367,42.064998626708984,832168.0
2024-10-22T13:30:00-04:00,42.064998626708984,42.11000061035156,41.91999816894531,41.988037109375,822803.0
2024-10-22T14:30:00-04:00,41.97999954223633,42.04999923706055,41.80500030517578,41.869998931884766,946156.0
2024-10-22T15:30:00-04:00,41.86000061035156,41.98500061035156,41.790000915527344,41.939998626708984,1683950.0
2024-10-23T09:30:00-04:00,41.880001068115234,42.33000183105469,41.744998931884766,42.220001220703125,2326617.0
2024-10-23T10:30:00-04:00,42.209999084472656,42.209999084472656,41.63999938964844,41.93000030517578,1499627.0
2024-10-23T11:30:00-04:00,41.92499923706055,42.209999084472656,41.92499923706055,42.150001525878906,1149704.0
2024-10-23T12:30:00-04:00,42.141700744628906,42.15999984741211,41.970001220703125,42.06520080566406,935697.0
2024-10-23T13:30:00-04:00,42.060001373291016,42.20000076293945,41.994998931884766,42.064998626708984,893912.0
2024-10-23T14:30:00-04:00,42.064998626708984,42.209999084472656,42.03499984741211,42.165000915527344,942063.0
2024-10-23T15:30:00-04:00,42.165000915527344,42.25,42.119998931884766,42.13999938964844,1757168.0
2024-10-24T09:30:00-04:00,41.900001525878906,42.130001068115234,41.41999816894531,41.53499984741211,2314381.0
2024-10-24T10:30:00-04:00,41.529998779296875,41.56999969482422,41.290000915527344,41.5,1142623.0
2024-10-24T11:30:00-04:00,41.5,41.599998474121094,41.2599983215332,41.349998474121094,942679.0
2024-10-24T12:30:00-04:00,41.349998474121094,41.55500030517578,41.330101013183594,41.470001220703125,796467.0
2024-10-24T13:30:00-04:00,41.470001220703125,41.47999954223633,41.2400016784668,41.375,1191794.0
2024-10-24T14:30:00-04:00,41.375,41.400001525878906,41.224998474121094,41.26499938964844,2861153.0
2024-10-24T15:30:00-04:00,41.26499938964844,41.349998474121094,41.20000076293945,41.24140167236328,2951453.0
2024-10-25T09:30:00-04:00,41.54999923706055,41.939998626708984,41.36000061035156,41.875,2234505.0
2024-10-25T10:30:00-04:00,41.869998931884766,42.15999984741211,41.77000045776367,41.935001373291016,1922941.0
2024-10-25T11:30:00-04:00,41.935001373291016,41.98500061035156,41.709999084472656,41.78499984741211,1256761.0
2024-10-25T12:30:00-04:00,41.78499984741211,41.869998931884766,41.65999984741211,41.7400016784668,1568867.0
2024-10-25T13:30:00-04:00,41.73500061035156,41.834999084472656,41.625,41.8213996887207,1097430.0
2024-10-25T14:30:00-04:00,41.82500076293945,41.89500045776367,41.724998474121094,41.73500061035156,1191657.0
2024-10-25T15:30:00-04:00,41.73500061035156,41.84000015258789,41.630001068115234,41.72999954223633,2385096.0
2024-10-28T09:30:00-04:00,40.619998931884766,41.20000076293945,40.400001525878906,41.185001373291016,2022463.0
2024-10-28T10:30:00-04:00,41.18000030517578,41.540000915527344,41.10499954223633,41.275001525878906,1296858.0
2024-10-28T11:30:00-04:00,41.27000045776367,41.41999816894531,41.189998626708984,41.415000915527344,794285.0
2024-10-28T12:30:00-04:00,41.41749954223633,41.470001220703125,41.31999969482422,41.32500076293945,759494.0
2024-10-28T13:30:00-04:00,41.32500076293945,41.40803146362305,41.185001373291016,41.220001220703125,656759.0
2024-10-28T14:30:00-04:00,41.224998474121094,41.4900016784668,41.220001220703125,41.48500061035156,764912.0
2024-10-28T15:30:00-04:00,41.48379898071289,41.619998931884766,41.36000061035156,41.400001525878906,2514263.0
2024-10-29T09:30:00-04:00,41.310001373291016,41.310001373291016,40.869998931884766,41.084999084472656,1964633.0
2024-10-29T10:30:00-04:00,41.09000015258789,41.16999816894531,40.65999984741211,40.665401458740234,1186785.0
2024-10-29T11:30:00-04:00,40.665000915527344,40.689998626708984,40.5,40.51499938964844,1298708.0
2024-10-29T12:30:00-04:00,40.51499938964844,40.54999923706055,40.375,40.404998779296875,1523623.0
2024-10-29T13:30:00-04:00,40.400001525878906,40.40999984741211,40.279998779296875,40.3650016784668,1915170.0
2024-10-29T14:30:00-04:00,40.3650016784668,40.38999938964844,40.220001220703125,40.35499954223633,2014901.0
2024-10-29T15:30:00-04:00,40.35499954223633,40.52000045776367,40.31999969482422,40.439998626708984,2706609.0
2024-10-30T09:30:00-04:00,40.54999923706055,40.849998474121094,40.279998779296875,40.70500183105469,1466694.0
2024-10-30T10:30:00-04:00,40.70500183105469,40.845001220703125,40.595001220703125,40.60499954223633,1089788.0
2024-10-30T11:30:00-04:00,40.607398986816406,40.63999938964844,40.439998626708984,40.46500015258789,1192060.0
2024-10-30T12:30:00-04:00,40.459999084472656,40.474998474121094,40.32500076293945,40.349998474121094,1228759.0
2024-10-30T13:30:00-04:00,40.35499954223633,40.415000915527344,40.2400016784668,40.39500045776367,1598272.0
2024-10-30T14:30:00-04:00,40.38999938964844,40.40999984741211,40.2599983215332,40.29990005493164,1258247.0
2024-10-30T15:30:00-04:00,40.29499816894531,40.29999923706055,40.119998931884766,40.15999984741211,2065390.0
2024-10-31T09:30:00-04:00,40.400001525878906,40.564998626708984,40.17499923706055,40.40999984741211,2154159.0
2024-10-31T10:30:00-04:00,40.40999984741211,40.46500015258789,40.22999954223633,40.36000061035156,1154431.0
2024-10-31T11:30:00-04:00,40.35499954223633,40.380001068115234,40.13999938964844,40.19499969482422,1543263.0
2024-10-31T12:30:00-04:00,40.19499969482422,40.29499816894531,40.18000030517578,40.21500015258789,1534808.0
2024-10-31T13:30:00-04:00,40.220001220703125,40.220001220703125,40.005001068115234,40.154998779296875,1399385.0
2024-10-31T14:30:00-04:00,40.150001525878906,40.400001525878906,40.13999938964844,40.31999969482422,1795546.0
2024-10-31T15:30:00-04:00,40.32500076293945,40.334999084472656,40.060001373291016,40.06999969482422,2067709.0
2024-11-01T09:30:00-04:00,40.15999984741211,40.37160110473633,39.9900016784668,40.369998931884766,2040862.0
2024-11-01T10:30:00-04:00,40.380001068115234,40.38990020751953,39.93450164794922,39.9901008605957,1146682.0
2024-11-01T11:30:00-04:00,39.9900016784668,40.04999923706055,39.869998931884766,39.904998779296875,971506.0
2024-11-01T12:30:00-04:00,39.915000915527344,39.935001373291016,39.79499816894531,39.93000030517578,1090344.0
2024-11-01T13:30:00-04:00,39.93000030517578,39.939998626708984,39.689998626708984,39.80500030517578,1457027.0
2024-11-01T14:30:00-04:00,39.80500030517578,39.88999938964844,39.76499938964844,39.79999923706055,1545423.0
2024-11-01T15:30:00-04:00,39.80500030517578,39.86000061035156,39.709999084472656,39.7599983215332,2432514.0
2024-11-04T09:30:00-05:00,39.90999984741211,40.43000030517578,39.86000061035156,40.30500030517578,1650512.0
2024-11-04T10:30:00-05:00,40.29999923706055,40.505001068115234,40.29499816894531,40.334999084472656,1165095.0
2024-11-04T11:30:00-05:00,40.334999084472656,40.45000076293945,40.189998626708984,40.44499969482422,840620.0
2024-11-04T12:30:00-05:00,40.44499969482422,40.470001220703125,40.21500015258789,40.30500030517578,858605.0
2024-11-04T13:30:00-05:00,40.30500030517578,40.525001525878906,40.28499984741211,40.439998626708984,1328408.0
2024-11-04T14:30:00-05:00,40.435001373291016,40.595001220703125,40.40999984741211,40.4900016784668,2064162.0
2024-11-04T15:30:00-05:00,40.4900016784668,40.5,40.28499984741211,40.33000183105469,1930132.0
2024-11-05T09:30:00-05:00,40.400001525878906,40.75,40.27000045776367,40.4900016784668,1458939.0
2024-11-05T10:30:00-05:00,40.48500061035156,40.54990005493164,40.255001068115234,40.474998474121094,1157553.0
2024-11-05T11:30:00-05:00,40.474998474121094,40.56999969482422,40.38999938964844,40.42499923706055,1269091.0
2024-11-05T12:30:00-05:00,40.42259979248047,40.470001220703125,40.33000183105469,40.3650016784668,1708738.0
2024-11-05T13:30:00-05:00,40.3650016784668,40.3650016784668,40.154998779296875,40.2599983215332,947044.0
2024-11-05T14:30:00-05:00,40.2599983215332,40.400001525878906,40.25,40.30500030517578,1288565.0
2024-11-05T15:30:00-05:00,40.30500030517578,40.54999923706055,40.290000915527344,40.540000915527344,1828641.0
2024-11-06T09:30:00-05:00,42.52000045776367,42.56999969482422,41.75,42.51559829711914,5412420.0
2024-11-06T10:30:00-05:00,42.5099983215332,43.150001525878906,42.38999938964844,42.84000015258789,3295632.0
2024-11-06T11:30:00-05:00,42.84000015258789,43.23500061035156,42.775001525878906,43.20500183105469,1981314.0
2024-11-06T12:30:00-05:00,43.20000076293945,43.650001525878906,43.1349983215332,43.61000061035156,2079427.0
2024-11-06T13:30:00-05:00,43.6150016784668,44.005001068115234,43.599998474121094,43.9900016784668,2866900.0
2024-11-06T14:30:00-05:00,43.994998931884766,44.22999954223633,43.849998474121094,44.09000015258789,2957976.0
2024-11-06T15:30:00-05:00,44.099998474121094,44.327999114990234,43.75,43.77000045776367,3971829.0
2024-11-07T09:30:00-05:00,43.75,43.90999984741211,42.859100341796875,42.935001373291016,2600987.0
2024-11-07T10:30:00-05:00,42.939998626708984,43.13999938964844,42.7400016784668,43.09000015258789,1572763.0
2024-11-07T11:30:00-05:00,43.084999084472656,43.25,42.92499923706055,43.200801849365234,1002129.0
2024-11-07T12:30:00-05:00,43.20500183105469,43.209999084472656,43.03499984741211,43.1150016784668,4750116.0
2024-11-07T13:30:00-05:00,43.1150016784668,43.27000045776367,43.060001373291016,43.154998779296875,900103.0
2024-11-07T14:30:00-05:00,43.154998779296875,43.40999984741211,43.060001373291016,43.3650016784668,1491532.0
2024-11-07T15:30:00-05:00,43.369998931884766,43.38999938964844,43.22999954223633,43.22999954223633,1596897.0
2024-11-08T09:30:00-05:00,42.9900016784668,43.5099983215332,42.7400016784668,43.38880157470703,1765313.0
2024-11-08T10:30:00-05:00,43.369998931884766,43.47999954223633,43.13100051879883,43.220001220703125,1095796.0
2024-11-08T11:30:00-05:00,43.220001220703125,43.27000045776367,42.970001220703125,43.01499938964844,873084.0
2024-11-08T12:30:00-05:00,43.0099983215332,43.06679916381836,42.564998626708984,42.595001220703125,1057997.0
2024-11-08T13:30:00-05:00,42.595001220703125,42.814998626708984,42.525001525878906,42.77000045776367,1525178.0
2024-11-08T14:30:00-05:00,42.775001525878906,43.0099983215332,42.709999084472656,42.88999938964844,2330628.0
2024-11-08T15:30:00-05:00,42.8849983215332,43.20000076293945,42.86000061035156,43.16999816894531,2827510.0
2024-11-11T09:30:00-05:00,43.290000915527344,44.119998931884766,43.20000076293945,43.92499923706055,1883595.0
2024-11-11T10:30:00-05:00,43.93000030517578,44.119998931884766,43.864498138427734,43.939998626708984,1178322.0
2024-11-11T11:30:00-05:00,43.935001373291016,44.13999938964844,43.86000061035156,44.03499984741211,921857.0
2024-11-11T12:30:00-05:00,44.03499984741211,44.1150016784668,43.94499969482422,44.0,639095.0
2024-11-11T13:30:00-05:00,43.994998931884766,44.16999816894531,43.95000076293945,44.165000915527344,869539.0
2024-11-11T14:30:00-05:00,44.16999816894531,44.400001525878906,44.13999938964844,44.31999969482422,1387036.0
2024-11-11T15:30:00-05:00,44.314998626708984,44.439998626708984,44.22999954223633,44.29999923706055,2229304.0
2024-11-12T09:30:00-05:00,44.400001525878906,44.970001220703125,44.290000915527344,44.79499816894531,2923001.0
2024-11-12T10:30:00-05:00,44.79499816894531,44.939998626708984,44.761199951171875,44.86000061035156,1707579.0
2024-11-12T11:30:00-05:00,44.849998474121094,44.939998626708984,44.790000915527344,44.854000091552734,1186841.0
2024-11-12T12:30:00-05:00,44.849998474121094,44.900001525878906,44.20000076293945,44.21500015258789,1622508.0
2024-11-12T13:30:00-05:00,44.21500015258789,44.61000061035156,44.209999084472656,44.52000045776367,1102487.0
2024-11-12T14:30:00-05:00,44.52000045776367,44.560001373291016,44.33000183105469,44.42499923706055,1559740.0
2024-11-12T15:30:00-05:00,44.42499923706055,44.42499923706055,44.290000915527344,44.34000015258789,1756807.0
2024-11-13T09:30:00-05:00,44.470001220703125,44.5,43.220001220703125,43.342098236083984,1944071.0
2024-11-13T10:30:00-05:00,43.345001220703125,43.584999084472656,43.2599983215332,43.56999969482422,1373885.0
2024-11-13T11:30:00-05:00,43.56999969482422,43.80659866333008,43.4900016784668,43.78499984741211,722362.0
2024-11-13T12:30:00-05:00,43.78499984741211,44.04999923706055,43.78499984741211,43.95000076293945,740877.0
2024-11-13T13:30:00-05:00,43.95000076293945,43.9900016784668,43.72370147705078,43.842498779296875,885833.0
2024-11-13T14:30:00-05:00,43.84000015258789,43.95000076293945,43.65999984741211,43.7400016784668,1076057.0
2024-11-13T15:30:00-05:00,43.7400016784668,43.790000915527344,43.54240036010742,43.599998474121094,1529571.0
2024-11-14T09:30:00-05:00,43.81999969482422,43.994998931884766,43.51499938964844,43.55500030517578,1237709.0
2024-11-14T10:30:00-05:00,43.5536003112793,43.560001373291016,43.20000076293945,43.20500183105469,1047769.0
2024-11-14T11:30:00-05:00,43.20500183105469,43.3650016784668,43.029998779296875,43.08000183105469,1503286.0
2024-11-14T12:30:00-05:00,43.084999084472656,43.29499816894531,43.02000045776367,43.25,1235011.0
2024-11-14T13:30:00-05:00,43.25,43.404998779296875,43.20000076293945,43.29999923706055,1053337.0
2024-11-14T14:30:00-05:00,43.29499816894531,43.39500045776367,43.09000015258789,43.30009841918945,1281340.0
2024-11-14T15:30:00-05:00,43.310001373291016,43.57500076293945,43.290000915527344,43.459999084472656,1545072.0
2024-11-15T09:30:00-05:00,43.36000061035156,43.970001220703125,43.36000061035156,43.54999923706055,1456832.0
2024-11-15T10:30:00-05:00,43.540000915527344,43.55500030517578,43.060001373291016,43.11000061035156,1109401.0
2024-11-15T11:30:00-05:00,43.11000061035156,43.119998931884766,42.86000061035156,43.040000915527344,1085671.0
2024-11-15T12:30:00-05:00,43.029998779296875,43.18000030517578,42.95000076293945,43.060001373291016,710105.0
2024-11-15T13:30:00-05:00,43.064998626708984,43.09000015258789,42.89500045776367,43.0,784388.0
2024-11-15T14:30:00-05:00,43.005001068115234,43.05500030517578,42.880001068115234,42.97999954223633,1111737.0
2024-11-15T15:30:00-05:00,42.97999954223633,43.220001220703125,42.97999954223633,43.18000030517578,1685150.0
2024-11-18T09:30:00-05:00,43.84000015258789,43.939998626708984,43.18000030517578,43.43000030517578,1091372.0
2024-11-18T10:30:00-05:00,43.43000030517578,43.43000030517578,43.189998626708984,43.32500076293945,780748.0
2024-11-18T11:30:00-05:00,43.32500076293945,43.41999816894531,43.2599983215332,43.34000015258789,678628.0
2024-11-18T12:30:00-05:00,43.33000183105469,43.630001068115234,43.310001373291016,43.46500015258789,524028.0
2024-11-18T13:30:00-05:00,43.46500015258789,43.59000015258789,43.369998931884766,43.39500045776367,516946.0
2024-11-18T14:30:00-05:00,43.38999938964844,43.619998931884766,43.36000061035156,43.61000061035156,716253.0
2024-11-18T15:30:00-05:00,43.609500885009766,43.609500885009766,43.470001220703125,43.4900016784668,1257086.0
2024-11-19T09:30:00-05:00,42.720001220703125,43.48500061035156,42.70000076293945,43.314998626708984,1210871.0
2024-11-19T10:30:00-05:00,43.314998626708984,43.34619903564453,42.709999084472656,42.75,1298243.0
2024-11-19T11:30:00-05:00,42.75,42.939998626708984,42.72999954223633,42.915000915527344,686326.0
2024-11-19T12:30:00-05:00,42.90999984741211,42.90999984741211,42.75,42.78499984741211,591376.0
2024-11-19T13:30:00-05:00,42.78499984741211,42.8650016784668,42.65999984741211,42.77989959716797,682913.0
2024-11-19T14:30:00-05:00,42.77199935913086,42.900001525878906,42.66999816894531,42.82500076293945,911738.0
2024-11-19T15:30:00-05:00,42.82500076293945,43.11000061035156,42.810001373291016,43.0900993347168,1495798.0
2024-11-20T09:30:00-05:00,43.25,43.650001525878906,43.05830001831055,43.28499984741211,1212312.0
2024-11-20T10:30:00-05:00,43.28499984741211,43.290000915527344,43.029998779296875,43.04130172729492,802050.0
2024-11-20T11:30:00-05:00,43.040000915527344,43.290000915527344,42.959999084472656,42.974998474121094,1082492.0
2024-11-20T12:30:00-05:00,42.970001220703125,43.165000915527344,42.91999816894531,43.165000915527344,1210542.0
2024-11-20T13:30:00-05:00,43.165000915527344,43.185001373291016,43.08000183105469,43.154998779296875,508313.0
2024-11-20T14:30:00-05:00,43.154998779296875,43.310001373291016,43.15010070800781,43.30500030517578,667815.0
2024-11-20T15:30:00-05:00,43.30500030517578,43.56999969482422,43.29999923706055,43.54999923706055,1210230.0
2024-11-21T09:30:00-05:00,43.849998474121094,44.119998931884766,43.650001525878906,43.779998779296875,1949569.0
2024-11-21T10:30:00-05:00,43.790000915527344,44.43000030517578,43.790000915527344,44.2599983215332,1413976.0
2024-11-21T11:30:00-05:00,44.2599983215332,44.29499816894531,44.09000015258789,44.279998779296875,827517.0
2024-11-21T12:30:00-05:00,44.279998779296875,44.375,44.189998626708984,44.375,828550.0
2024-11-21T13:30:00-05:00,44.369998931884766,44.54999923706055,44.32500076293945,44.505001068115234,825189.0
2024-11-21T14:30:00-05:00,44.5099983215332,44.5099983215332,44.279998779296875,44.36000061035156,1927284.0
2024-11-21T15:30:00-05:00,44.35499954223633,44.415000915527344,44.04999923706055,44.060001373291016,2072578.0
2024-11-22T09:30:00-05:00,44.189998626708984,44.679901123046875,44.04669952392578,44.38999938964844,1117603.0
2024-11-22T10:30:00-05:00,44.39500045776367,44.70000076293945,44.39500045776367,44.59000015258789,1064130.0
2024-11-22T11:30:00-05:00,44.599998474121094,44.689998626708984,44.5,44.52000045776367,723551.0
2024-11-22T12:30:00-05:00,44.51499938964844,44.650001525878906,44.41999816894531,44.55500030517578,817204.0
2024-11-22T13:30:00-05:00,44.54999923706055,44.599998474121094,44.38999938964844,44.404998779296875,680322.0
2024-11-22T14:30:00-05:00,44.40999984741211,44.41999816894531,44.13999938964844,44.154998779296875,948706.0
2024-11-22T15:30:00-05:00,44.150001525878906,44.290000915527344,44.040000915527344,44.220001220703125,1498765.0
2024-11-25T09:30:00-05:00,44.630001068115234,44.970001220703125,43.95000076293945,44.130001068115234,1953943.0
2024-11-25T10:30:00-05:00,44.130001068115234,44.16999816894531,43.81999969482422,43.82500076293945,1185345.0
2024-11-25T11:30:00-05:00,43.82500076293945,43.93000030517578,43.689998626708984,43.849998474121094,942028.0
2024-11-25T12:30:00-05:00,43.845001220703125,43.90999984741211,43.619998931884766,43.7599983215332,911656.0
2024-11-25T13:30:00-05:00,43.775001525878906,43.96500015258789,43.744998931884766,43.76499938964844,678743.0
2024-11-25T14:30:00-05:00,43.76499938964844,43.84000015258789,43.70000076293945,43.78499984741211,951817.0
2024-11-25T15:30:00-05:00,43.790000915527344,43.93980026245117,43.650001525878906,43.77000045776367,1668196.0
2024-11-26T09:30:00-05:00,43.8650016784668,43.88999938964844,43.27000045776367,43.51499938964844,2810744.0
2024-11-26T10:30:00-05:00,43.51499938964844,43.709999084472656,43.255001068115234,43.435001373291016,887396.0
2024-11-26T11:30:00-05:00,43.435001373291016,43.44990158081055,43.18000030517578,43.20500183105469,809492.0
2024-11-26T12:30:00-05:00,43.20500183105469,43.38999938964844,43.189998626708984,43.305301666259766,833363.0
2024-11-26T13:30:00-05:00,43.30500030517578,43.47999954223633,43.220001220703125,43.46500015258789,776796.0
2024-11-26T14:30:00-05:00,43.46289825439453,43.46289825439453,43.27000045776367,43.29499816894531,881914.0
2024-11-26T15:30:00-05:00,43.29169845581055,43.53499984741211,43.2400016784668,43.474998474121094,1665673.0
2024-11-27T09:30:00-05:00,43.599998474121094,44.29999923706055,43.4900016784668,43.724998474121094,2829012.0
2024-11-27T10:30:00-05:00,43.720001220703125,44.09000015258789,43.61000061035156,44.02000045776367,827027.0
2024-11-27T11:30:00-05:00,44.01499938964844,44.06999969482422,43.77000045776367,43.88999938964844,465878.0
2024-11-27T12:30:00-05:00,43.8849983215332,43.89500045776367,43.76499938964844,43.81999969482422,448468.0
2024-11-27T13:30:00-05:00,43.814998626708984,43.9275016784668,43.79999923706055,43.81999969482422,516571.0
2024-11-27T14:30:00-05:00,43.82899856567383,43.8849983215332,43.709999084472656,43.78099822998047,501220.0
2024-11-27T15:30:00-05:00,43.78499984741211,43.80500030517578,43.61000061035156,43.66999816894531,861331.0
2024-11-29T09:30:00-05:00,43.79999923706055,44.07500076293945,43.7400016784668,43.80500030517578,832095.0
2024-11-29T10:30:00-05:00,43.79499816894531,43.939998626708984,43.75,43.82429885864258,627268.0
2024-11-29T11:30:00-05:00,43.81999969482422,43.88999938964844,43.650001525878906,43.810001373291016,769458.0
2024-12-02T09:30:00-05:00,43.83000183105469,43.93000030517578,43.040000915527344,43.43000030517578,1620667.0
2024-12-02T10:30:00-05:00,43.43000030517578,43.5099983215332,43.099998474121094,43.275001525878906,858416.0
2024-12-02T11:30:00-05:00,43.279998779296875,43.380001068115234,43.150001525878906,43.33610153198242,641774.0
2024-12-02T12:30:00-05:00,43.334999084472656,43.58700180053711,43.33000183105469,43.52000045776367,559428.0
2024-12-02T13:30:00-05:00,43.529998779296875,43.595001220703125,43.45539855957031,43.58000183105469,450416.0
2024-12-02T14:30:00-05:00,43.58000183105469,43.72999954223633,43.53499984741211,43.720001220703125,653465.0
2024-12-02T15:30:00-05:00,43.720001220703125,43.7400016784668,43.56999969482422,43.630001068115234,1108226.0
2024-12-03T09:30:00-05:00,44.171199798583984,44.22999954223633,43.099998474121094,43.45500183105469,1500890.0
2024-12-03T10:30:00-05:00,43.45500183105469,43.560001373291016,43.31999969482422,43.525001525878906,800678.0
2024-12-03T11:30:00-05:00,43.525001525878906,43.564998626708984,43.470001220703125,43.5099983215332,629812.0
2024-12-03T12:30:00-05:00,43.51499938964844,43.755001068115234,43.5,43.755001068115234,488289.0
2024-12-03T13:30:00-05:00,43.755001068115234,43.869998931884766,43.68000030517578,43.78129959106445,542062.0
2024-12-03T14:30:00-05:00,43.78499984741211,43.869998931884766,43.75,43.845001220703125,1119221.0
2024-12-03T15:30:00-05:00,43.845001220703125,43.86000061035156,43.625,43.650001525878906,938037.0
2024-12-04T09:30:00-05:00,43.349998474121094,43.45000076293945,42.58000183105469,42.73080062866211,1379329.0
2024-12-04T10:30:00-05:00,42.7400016784668,42.880001068115234,42.63999938964844,42.73109817504883,764177.0
2024-12-04T11:30:00-05:00,42.72999954223633,42.79999923706055,42.59000015258789,42.650001525878906,1012178.0
2024-12-04T12:30:00-05:00,42.654998779296875,42.72999954223633,42.369998931884766,42.41999816894531,1324439.0
2024-12-04T13:30:00-05:00,42.41999816894531,42.619998931884766,42.31999969482422,42.619998931884766,1113483.0
2024-12-04T14:30:00-05:00,42.619998931884766,42.849998474121094,42.540000915527344,42.724998474121094,1648971.0
2024-12-04T15:30:00-05:00,42.724998474121094,42.82500076293945,42.69499969482422,42.75,1683851.0
2024-12-05T09:30:00-05:00,42.959999084472656,43.150001525878906,42.4900016784668,42.5,1315672.0
2024-12-05T10:30:00-05:00,42.4900016784668,42.66999816894531,42.41999816894531,42.55500030517578,913213.0
2024-12-05T11:30:00-05:00,42.55500030517578,42.59000015258789,42.401100158691406,42.440101623535156,563079.0
2024-12-05T12:30:00-05:00,42.44499969482422,42.63999938964844,42.42890167236328,42.46500015258789,700099.0
2024-12-05T13:30:00-05:00,42.46500015258789,42.55500030517578,42.334999084472656,42.334999084472656,738688.0
2024-12-05T14:30:00-05:00,42.339900970458984,42.470001220703125,42.33000183105469,42.41999816894531,837475.0
2024-12-05T15:30:00-05:00,42.42499923706055,42.439998626708984,41.959999084472656,42.02000045776367,1782845.0
2024-12-06T09:30:00-05:00,41.75,41.900001525878906,40.84000015258789,40.9900016784668,4089079.0
2024-12-06T10:30:00-05:00,40.994998931884766,41.47010040283203,40.97999954223633,41.3400993347168,1611977.0
2024-12-06T11:30:00-05:00,41.34000015258789,41.46500015258789,41.220001220703125,41.29199981689453,998579.0
2024-12-06T12:30:00-05:00,41.29499816894531,41.47999954223633,41.23500061035156,41.35499954223633,1015310.0
2024-12-06T13:30:00-05:00,41.349998474121094,41.47200012207031,41.09000015258789,41.099998474121094,1414231.0
2024-12-06T14:30:00-05:00,41.10499954223633,41.20899963378906,41.0099983215332,41.17499923706055,1544203.0
2024-12-06T15:30:00-05:00,41.17639923095703,41.18000030517578,40.959999084472656,40.959999084472656,1623152.0
2024-12-09T09:30:00-05:00,41.5,41.7400016784668,41.15999984741211,41.43000030517578,2214126.0
2024-12-09T10:30:00-05:00,41.43000030517578,41.61000061035156,41.27000045776367,41.439998626708984,1059508.0
2024-12-09T11:30:00-05:00,41.439998626708984,41.619998931884766,41.369998931884766,41.44499969482422,737469.0
2024-12-09T12:30:00-05:00,41.44499969482422,41.630001068115234,41.372501373291016,41.380001068115234,711868.0
2024-12-09T13:30:00-05:00,41.37459945678711,41.44499969482422,41.27180099487305,41.28120040893555,531820.0
2024-12-09T14:30:00-05:00,41.28499984741211,41.32500076293945,41.14440155029297,41.30500030517578,1003307.0
2024-12-09T15:30:00-05:00,41.30500030517578,41.34000015258789,41.1150016784668,41.18000030517578,1380279.0
2024-12-10T09:30:00-05:00,41.11000061035156,41.33000183105469,40.470001220703125,40.900001525878906,1261122.0
2024-12-10T10:30:00-05:00,40.90999984741211,41.27000045776367,40.904998779296875,41.2599983215332,1336736.0
2024-12-10T11:30:00-05:00,41.26499938964844,41.47999954223633,41.119998931884766,41.29999923706055,929963.0
2024-12-10T12:30:00-05:00,41.290000915527344,41.5099983215332,41.2400016784668,41.42499923706055,1137884.0
2024-12-10T13:30:00-05:00,41.41999816894531,41.599998474121094,41.33000183105469,41.349998474121094,837144.0
2024-12-10T14:30:00-05:00,41.349998474121094,41.474998474121094,41.08100128173828,41.14500045776367,1257893.0
2024-12-10T15:30:00-05:00,41.13999938964844,41.165000915527344,40.779998779296875,40.880001068115234,2026948.0
2024-12-11T09:30:00-05:00,41.0,41.40999984741211,40.974998474121094,41.35499954223633,1529626.0
2024-12-11T10:30:00-05:00,41.349998474121094,41.439998626708984,40.96500015258789,41.11000061035156,1269959.0
2024-12-11T11:30:00-05:00,41.11000061035156,41.314998626708984,41.025001525878906,41.11000061035156,880528.0
2024-12-11T12:30:00-05:00,41.103599548339844,41.34000015258789,41.08000183105469,41.34000015258789,652619.0
2024-12-11T13:30:00-05:00,41.334999084472656,41.68000030517578,41.31999969482422,41.64500045776367,1016528.0
2024-12-11T14:30:00-05:00,41.64500045776367,41.78499984741211,41.61000061035156,41.748199462890625,1358097.0
2024-12-11T15:30:00-05:00,41.744998931884766,41.755001068115234,41.540000915527344,41.54999923706055,1830343.0
2024-12-12T09:30:00-05:00,41.529998779296875,41.61000061035156,41.10530090332031,41.13999938964844,1122945.0
2024-12-12T10:30:00-05:00,41.13999938964844,41.23500061035156,41.0099983215332,41.23500061035156,821402.0
2024-12-12T11:30:00-05:00,41.22999954223633,41.36000061035156,41.119998931884766,41.279998779296875,697751.0
2024-12-12T12:30:00-05:00,41.28499984741211,41.38999938964844,41.150001525878906,41.32500076293945,615833.0
2024-12-12T13:30:00-05:00,41.32500076293945,41.325199127197266,41.16999816894531,41.20000076293945,672014.0
2024-12-12T14:30:00-05:00,41.20000076293945,41.220001220703125,41.05500030517578,41.17499923706055,767400.0
2024-12-12T15:30:00-05:00,41.16999816894531,41.18000030517578,41.03499984741211,41.099998474121094,1287097.0
2024-12-13T09:30:00-05:00,41.13999938964844,41.15999984741211,40.415000915527344,40.525001525878906,1227237.0
2024-12-13T10:30:00-05:00,40.5099983215332,40.68989944458008,40.310001373291016,40.650001525878906,1197337.0
2024-12-13T11:30:00-05:00,40.65999984741211,40.86000061035156,40.625,40.65610122680664,581692.0
2024-12-13T12:30:00-05:00,40.654998779296875,40.70000076293945,40.47999954223633,40.52000045776367,860905.0
2024-12-13T13:30:00-05:00,40.5099983215332,40.68000030517578,40.279998779296875,40.28499984741211,1006546.0
2024-12-13T14:30:00-05:00,40.290000915527344,40.33000183105469,40.14500045776367,40.16999816894531,1528039.0
2024-12-13T15:30:00-05:00,40.165000915527344,40.2400016784668,40.064998626708984,40.220001220703125,2535133.0
2024-12-16T09:30:00-05:00,40.099998474121094,41.02000045776367,39.869998931884766,40.72999954223633,2852080.0
2024-12-16T10:30:00-05:00,40.724998474121094,40.84000015258789,40.52009963989258,40.55500030517578,964778.0
2024-12-16T11:30:00-05:00,40.55500030517578,40.75,40.529998779296875,40.70000076293945,1135980.0
2024-12-16T12:30:00-05:00,40.70000076293945,40.7400016784668,40.36000061035156,40.369998931884766,1197089.0
2024-12-16T13:30:00-05:00,40.380001068115234,40.408599853515625,40.18000030517578,40.244998931884766,1356941.0
2024-12-16T14:30:00-05:00,40.244998931884766,40.2598991394043,39.77000045776367,39.814998626708984,1975368.0
2024-12-16T15:30:00-05:00,39.814998626708984,40.06999969482422,39.814998626708984,39.880001068115234,2436956.0
2024-12-17T09:30:00-05:00,39.380001068115234,39.599998474121094,38.78519821166992,38.88999938964844,3640812.0
2024-12-17T10:30:00-05:00,38.88999938964844,38.95000076293945,38.70000076293945,38.78499984741211,1676531.0
2024-12-17T11:30:00-05:00,38.790000915527344,39.18000030517578,38.78499984741211,38.84000015258789,1588842.0
2024-12-17T12:30:00-05:00,38.83000183105469,39.064998626708984,38.81999969482422,38.915000915527344,931945.0
2024-12-17T13:30:00-05:00,38.91999816894531,38.939998626708984,38.77320098876953,38.83000183105469,1657472.0
2024-12-17T14:30:00-05:00,38.83270263671875,38.897499084472656,38.720001220703125,38.814998626708984,2085520.0
2024-12-17T15:30:00-05:00,38.814998626708984,39.1349983215332,38.7400016784668,38.91999816894531,2799148.0
2024-12-18T09:30:00-05:00,38.970001220703125,39.04999923706055,38.439998626708984,38.79999923706055,3084526.0
2024-12-18T10:30:00-05:00,38.79999923706055,39.209999084472656,38.7599983215332,39.17499923706055,1315492.0
2024-12-18T11:30:00-05:00,39.17499923706055,39.17499923706055,38.8849983215332,39.040000915527344,941382.0
2024-12-18T12:30:00-05:00,39.029998779296875,39.08000183105469,38.88999938964844,38.935001373291016,815233.0
2024-12-18T13:30:00-05:00,38.935001373291016,39.02000045776367,38.45000076293945,38.45500183105469,1415123.0
2024-12-18T14:30:00-05:00,38.459999084472656,38.567501068115234,37.78499984741211,37.814998626708984,2218747.0
2024-12-18T15:30:00-05:00,37.81999969482422,37.849998474121094,37.279998779296875,37.29999923706055,3372611.0
2024-12-19T09:30:00-05:00,37.7400016784668,37.86000061035156,36.81999969482422,37.0,2801733.0
2024-12-19T10:30:00-05:00,37.0,37.02000045776367,36.51919937133789,36.89500045776367,2690434.0
2024-12-19T11:30:00-05:00,36.88999938964844,37.06999969482422,36.779998779296875,36.834999084472656,1290531.0
2024-12-19T12:30:00-05:00,36.83000183105469,36.93000030517578,36.61090087890625,36.789798736572266,1358059.0
2024-12-19T13:30:00-05:00,36.78499984741211,37.0099983215332,36.75,36.96500015258789,1504215.0
2024-12-19T14:30:00-05:00,36.959999084472656,37.2400016784668,36.900001525878906,37.130001068115234,2130548.0
2024-12-19T15:30:00-05:00,37.130001068115234,37.25,36.8849983215332,36.91999816894531,2268904.0
2024-12-20T09:30:00-05:00,36.83000183105469,37.2400016784668,36.619998931884766,37.13999938964844,3394406.0
2024-12-20T10:30:00-05:00,37.13999938964844,37.25,36.95000076293945,37.119998931884766,1430761.0
2024-12-20T11:30:00-05:00,37.119998931884766,37.209999084472656,37.0,37.154998779296875,1768018.0
2024-12-20T12:30:00-05:00,37.150001525878906,37.380001068115234,37.04999923706055,37.04999923706055,1756780.0
2024-12-20T13:30:00-05:00,37.059200286865234,37.119998931884766,36.810001373291016,36.845001220703125,1420731.0
2024-12-20T14:30:00-05:00,36.845001220703125,37.025001525878906,36.720001220703125,36.8650016784668,2553367.0
2024-12-20T15:30:00-05:00,36.869998931884766,37.06999969482422,36.77000045776367,36.834999084472656,2534184.0
2024-12-23T09:30:00-05:00,36.77000045776367,37.12820053100586,36.650001525878906,37.0,1784872.0
2024-12-23T10:30:00-05:00,37.0,37.060001373291016,36.709999084472656,36.78499984741211,1300166.0
2024-12-23T11:30:00-05:00,36.790000915527344,37.0,36.75,36.862998962402344,1074196.0
2024-12-23T12:30:00-05:00,36.8650016784668,37.03499984741211,36.81999969482422,36.994998931884766,1016936.0
2024-12-23T13:30:00-05:00,36.994998931884766,37.09000015258789,36.93000030517578,36.95500183105469,945843.0
2024-12-23T14:30:00-05:00,36.959999084472656,37.18000030517578,36.935001373291016,37.151798248291016,1219741.0
2024-12-23T15:30:00-05:00,37.154998779296875,37.380001068115234,37.13999938964844,37.244998931884766,1449925.0
2024-12-24T09:30:00-05:00,37.279998779296875,37.63999938964844,36.89120101928711,37.619998931884766,1211620.0
2024-12-24T10:30:00-05:00,37.619998931884766,37.66999816894531,37.47999954223633,37.53499984741211,872216.0
2024-12-24T11:30:00-05:00,37.53499984741211,37.72999954223633,37.529998779296875,37.71500015258789,877888.0
2024-12-26T09:30:00-05:00,37.7400016784668,37.7400016784668,37.25,37.525001525878906,1290396.0
2024-12-26T10:30:00-05:00,37.52000045776367,37.779998779296875,37.4900016784668,37.71500015258789,883065.0
2024-12-26T11:30:00-05:00,37.720001220703125,37.869998931884766,37.63999938964844,37.654998779296875,586543.0
2024-12-26T12:30:00-05:00,37.654998779296875,37.79499816894531,37.630001068115234,37.72999954223633,705269.0
2024-12-26T13:30:00-05:00,37.72999954223633,37.81999969482422,37.58000183105469,37.665000915527344,1237129.0
2024-12-26T14:30:00-05:00,37.665000915527344,37.685001373291016,37.584999084472656,37.64500045776367,706808.0
2024-12-26T15:30:00-05:00,37.649898529052734,37.779998779296875,37.599998474121094,37.720001220703125,1066071.0
2024-12-27T09:30:00-05:00,37.63999938964844,38.22999954223633,37.5,38.02000045776367,1433751.0
2024-12-27T10:30:00-05:00,38.01499938964844,38.30500030517578,37.9900016784668,38.03499984741211,1064573.0
2024-12-27T11:30:00-05:00,38.03499984741211,38.03499984741211,37.55500030517578,37.59239959716797,1224833.0
2024-12-27T12:30:00-05:00,37.599998474121094,37.720001220703125,37.523799896240234,37.66999816894531,984798.0
2024-12-27T13:30:00-05:00,37.665000915527344,37.775001525878906,37.61000061035156,37.7400016784668,982693.0
2024-12-27T14:30:00-05:00,37.72999954223633,37.86000061035156,37.61000061035156,37.67499923706055,1664473.0
2024-12-27T15:30:00-05:00,37.67499923706055,37.810001373291016,37.60499954223633,37.810001373291016,1062979.0
2024-12-30T09:30:00-05:00,37.63999938964844,37.869998931884766,37.2400016784668,37.35499954223633,1970391.0
2024-12-30T10:30:00-05:00,37.345001220703125,37.72999954223633,37.345001220703125,37.58000183105469,1142617.0
2024-12-30T11:30:00-05:00,37.584999084472656,37.88999938964844,37.553001403808594,37.86000061035156,807856.0
2024-12-30T12:30:00-05:00,37.86199951171875,37.93000030517578,37.72999954223633,37.75,1078532.0
2024-12-30T13:30:00-05:00,37.75,37.869998931884766,37.599998474121094,37.709999084472656,1274340.0
2024-12-30T14:30:00-05:00,37.709999084472656,37.7599983215332,37.59000015258789,37.7400016784668,1164930.0
2024-12-30T15:30:00-05:00,37.74420166015625,37.88999938964844,37.6349983215332,37.80500030517578,1670151.0
2024-12-31T09:30:00-05:00,37.869998931884766,38.45000076293945,37.845001220703125,38.275001525878906,1288794.0
2024-12-31T10:30:00-05:00,38.275001525878906,38.400001525878906,38.220001220703125,38.255001068115234,689482.0
2024-12-31T11:30:00-05:00,38.2599983215332,38.279998779296875,38.10499954223633,38.17499923706055,654759.0
2024-12-31T12:30:00-05:00,38.18000030517578,38.37990188598633,38.150001525878906,38.28499984741211,767757.0
2024-12-31T13:30:00-05:00,38.28499984741211,38.48500061035156,38.279998779296875,38.42499923706055,795232.0
2024-12-31T14:30:00-05:00,38.42499923706055,38.56999969482422,38.380001068115234,38.525001525878906,1060244.0
2024-12-31T15:30:00-05:00,38.525001525878906,38.58000183105469,38.33000183105469,38.36000061035156,1285332.0
2025-01-02T09:30:00-05:00,38.86000061035156,39.224998474121094,38.66999816894531,39.220001220703125,2023594.0
2025-01-02T10:30:00-05:00,39.209999084472656,39.43000030517578,39.0099983215332,39.040000915527344,1191472.0
2025-01-02T11:30:00-05:00,39.040000915527344,39.069000244140625,38.6349983215332,38.66999816894531,1367746.0
2025-01-02T12:30:00-05:00,38.665000915527344,38.689998626708984,38.33000183105469,38.38999938964844,1187506.0
2025-01-02T13:30:00-05:00,38.38999938964844,38.5099983215332,38.25,38.47600173950195,1123589.0
2025-01-02T14:30:00-05:00,38.47999954223633,38.5,38.279998779296875,38.470001220703125,1609496.0
2025-01-02T15:30:00-05:00,38.46500015258789,38.56999969482422,38.380001068115234,38.400001525878906,1826448.0
2025-01-03T09:30:00-05:00,38.68000030517578,38.744998931884766,38.03499984741211,38.4900016784668,1654731.0
2025-01-03T10:30:00-05:00,38.48500061035156,38.58000183105469,38.20500183105469,38.4026985168457,816506.0
2025-01-03T11:30:00-05:00,38.404998779296875,38.505001068115234,38.35499954223633,38.40999984741211,1137549.0
2025-01-03T12:30:00-05:00,38.404998779296875,38.4900016784668,38.38999938964844,38.43000030517578,1054627.0
2025-01-03T13:30:00-05:00,38.43000030517578,38.52000045776367,38.33000183105469,38.45500183105469,1009613.0
2025-01-03T14:30:00-05:00,38.457000732421875,38.540000915527344,38.43000030517578,38.525001525878906,1087656.0
2025-01-03T15:30:00-05:00,38.52000045776367,38.599998474121094,38.3849983215332,38.56999969482422,2088025.0
2025-01-06T09:30:00-05:00,38.900001525878906,39.529998779296875,38.73500061035156,39.5099983215332,1841192.0
2025-01-06T10:30:00-05:00,39.5099983215332,39.5099983215332,39.0,39.244998931884766,1088197.0
2025-01-06T11:30:00-05:00,39.2400016784668,39.29499816894531,39.1150016784668,39.12820053100586,687947.0
2025-01-06T12:30:00-05:00,39.125,39.127201080322266,38.939998626708984,38.99089813232422,822826.0
2025-01-06T13:30:00-05:00,38.997798919677734,38.997798919677734,38.81999969482422,38.830299377441406,811583.0
2025-01-06T14:30:00-05:00,38.83000183105469,38.91999816894531,38.68000030517578,38.71500015258789,748887.0
2025-01-06T15:30:00-05:00,38.71500015258789,38.7599983215332,38.6150016784668,38.7599983215332,907106.0
2025-01-07T09:30:00-05:00,39.189998626708984,39.619998931884766,38.7599983215332,39.599998474121094,1295522.0
2025-01-07T10:30:00-05:00,39.595001220703125,39.689998626708984,39.2400016784668,39.33000183105469,1204890.0
2025-01-07T11:30:00-05:00,39.33919906616211,39.44499969482422,39.20000076293945,39.40999984741211,523595.0
2025-01-07T12:30:00-05:00,39.400001525878906,39.5,39.29880142211914,39.470001220703125,712013.0
2025-01-07T13:30:00-05:00,39.470001220703125,39.5099983215332,39.39500045776367,39.44499969482422,520909.0
2025-01-07T14:30:00-05:00,39.44499969482422,39.470001220703125,39.119998931884766,39.17499923706055,791636.0
2025-01-07T15:30:00-05:00,39.17499923706055,39.39500045776367,39.150001525878906,39.369998931884766,1826319.0
2025-01-08T09:30:00-05:00,38.720001220703125,39.0099983215332,38.6150016784668,38.904998779296875,1808321.0
2025-01-08T10:30:00-05:00,38.90999984741211,39.125,38.81999969482422,38.95000076293945,1325181.0
2025-01-08T11:30:00-05:00,38.959999084472656,39.0,38.619998931884766,38.78990173339844,1138777.0
2025-01-08T12:30:00-05:00,38.779998779296875,38.915000915527344,38.650001525878906,38.67770004272461,1060742.0
2025-01-08T13:30:00-05:00,38.66999816894531,38.77000045776367,38.40999984741211,38.66600036621094,1395714.0
2025-01-08T14:30:00-05:00,38.65999984741211,38.68000030517578,38.45790100097656,38.63999938964844,1411111.0
2025-01-08T15:30:00-05:00,38.64500045776367,38.83000183105469,38.5,38.79999923706055,1505277.0
2025-01-10T09:30:00-05:00,39.56999969482422,39.689998626708984,38.84000015258789,38.86000061035156,2808971.0
2025-01-10T10:30:00-05:00,38.8650016784668,38.93000030517578,38.505001068115234,38.689998626708984,1297088.0
2025-01-10T11:30:00-05:00,38.69499969482422,38.86000061035156,38.630001068115234,38.75849914550781,1183693.0
2025-01-10T12:30:00-05:00,38.75,39.11000061035156,38.70000076293945,39.04999923706055,1286893.0
2025-01-10T13:30:00-05:00,39.05500030517578,39.084999084472656,38.869998931884766,38.89500045776367,1527378.0
2025-01-10T14:30:00-05:00,38.89500045776367,38.96500015258789,38.540000915527344,38.540000915527344,1355886.0
2025-01-10T15:30:00-05:00,38.529998779296875,38.685001373291016,38.5099983215332,38.61000061035156,2636357.0
2025-01-13T09:30:00-05:00,38.810001373291016,39.880001068115234,38.779998779296875,39.834999084472656,3100003.0
2025-01-13T10:30:00-05:00,39.84000015258789,40.03499984741211,39.75,39.95000076293945,2060890.0
2025-01-13T11:30:00-05:00,39.95000076293945,39.974998474121094,39.5099983215332,39.54499816894531,1234015.0
2025-01-13T12:30:00-05:00,39.54499816894531,39.904998779296875,39.505001068115234,39.85499954223633,1045030.0
2025-01-13T13:30:00-05:00,39.850101470947266,39.90850067138672,39.73500061035156,39.779998779296875,1072786.0
2025-01-13T14:30:00-05:00,39.779998779296875,39.80500030517578,39.61000061035156,39.634498596191406,1396508.0
2025-01-13T15:30:00-05:00,39.6349983215332,39.875,39.5,39.84000015258789,2752935.0
2025-01-14T09:30:00-05:00,39.58000183105469,40.1349983215332,39.3650016784668,39.45000076293945,2391489.0
2025-01-14T10:30:00-05:00,39.459999084472656,39.724998474121094,39.41999816894531,39.4900016784668,1223001.0
2025-01-14T11:30:00-05:00,39.48500061035156,39.54499816894531,39.220001220703125,39.459999084472656,1535697.0
2025-01-14T12:30:00-05:00,39.46500015258789,39.70500183105469,39.45690155029297,39.660099029541016,977777.0
2025-01-14T13:30:00-05:00,39.665000915527344,39.880001068115234,39.665000915527344,39.755001068115234,909187.0
2025-01-14T14:30:00-05:00,39.7599983215332,39.81999969482422,39.650001525878906,39.814998626708984,1152164.0
2025-01-14T15:30:00-05:00,39.81999969482422,39.9474983215332,39.72999954223633,39.86000061035156,1957310.0
2025-01-15T09:30:00-05:00,40.0,40.505001068115234,40.0,40.39500045776367,1983173.0
2025-01-15T10:30:00-05:00,40.39500045776367,40.400001525878906,40.19499969482422,40.34000015258789,1130445.0
2025-01-15T11:30:00-05:00,40.334999084472656,40.494998931884766,40.290000915527344,40.36000061035156,879382.0
2025-01-15T12:30:00-05:00,40.35499954223633,40.54999923706055,40.34000015258789,40.540000915527344,739837.0
2025-01-15T13:30:00-05:00,40.54090118408203,40.77000045776367,40.51499938964844,40.76499938964844,1106775.0
2025-01-15T14:30:00-05:00,40.76499938964844,40.90999984741211,40.7599983215332,40.82500076293945,1358702.0
2025-01-15T15:30:00-05:00,40.82339859008789,40.90999984741211,40.625,40.65999984741211,1974926.0
2025-01-16T09:30:00-05:00,40.45000076293945,40.9900016784668,40.33000183105469,40.56999969482422,2869056.0
2025-01-16T10:30:00-05:00,40.56999969482422,40.76499938964844,40.470001220703125,40.73500061035156,1303098.0
2025-01-16T11:30:00-05:00,40.734500885009766,40.85499954223633,40.654998779296875,40.842498779296875,1231557.0
2025-01-16T12:30:00-05:00,40.84000015258789,41.02000045776367,40.75,40.935001373291016,1797553.0
2025-01-16T13:30:00-05:00,40.93000030517578,41.029998779296875,40.891998291015625,40.98500061035156,1515666.0
2025-01-16T14:30:00-05:00,40.98889923095703,41.16999816894531,40.970001220703125,41.060001373291016,2500516.0
2025-01-16T15:30:00-05:00,41.064998626708984,41.220001220703125,40.95000076293945,41.099998474121094,3035788.0
2025-01-17T09:30:00-05:00,42.150001525878906,44.24679946899414,41.61000061035156,44.099998474121094,10826594.0
2025-01-17T10:30:00-05:00,44.10499954223633,44.34000015258789,43.43000030517578,44.154998779296875,4682438.0
2025-01-17T11:30:00-05:00,44.150001525878906,44.38999938964844,44.03499984741211,44.17499923706055,2708742.0
2025-01-17T12:30:00-05:00,44.17499923706055,44.32500076293945,44.11000061035156,44.255001068115234,2158847.0
2025-01-17T13:30:00-05:00,44.25,44.494998931884766,43.90999984741211,44.0,1864953.0
2025-01-17T14:30:00-05:00,44.005001068115234,44.06999969482422,43.689998626708984,43.875,2127964.0
2025-01-17T15:30:00-05:00,43.869998931884766,44.02000045776367,43.540000915527344,43.58000183105469,3388638.0
2025-01-21T09:30:00-05:00,43.95000076293945,44.65999984741211,43.650001525878906,44.27000045776367,6036194.0
2025-01-21T10:30:00-05:00,44.275001525878906,44.4900016784668,43.779998779296875,44.099998474121094,2781260.0
2025-01-21T11:30:00-05:00,44.099998474121094,44.29499816894531,43.970001220703125,44.20000076293945,2014158.0
2025-01-21T12:30:00-05:00,44.20000076293945,44.2400016784668,43.910099029541016,44.0265007019043,1679572.0
2025-01-21T13:30:00-05:00,44.02000045776367,44.029998779296875,43.439998626708984,43.486000061035156,2045624.0
2025-01-21T14:30:00-05:00,43.48500061035156,43.564998626708984,43.369998931884766,43.404998779296875,2874016.0
2025-01-21T15:30:00-05:00,43.400001525878906,43.79999923706055,43.345001220703125,43.75,2143885.0
2025-01-22T09:30:00-05:00,43.380001068115234,43.45000076293945,42.439998626708984,42.70000076293945,4197907.0
2025-01-22T10:30:00-05:00,42.689998626708984,42.869998931884766,42.560001373291016,42.86000061035156,2274049.0
2025-01-22T11:30:00-05:00,42.849998474121094,42.95000076293945,42.720001220703125,42.790000915527344,1337029.0
2025-01-22T12:30:00-05:00,42.790000915527344,42.86000061035156,42.28499984741211,42.345001220703125,2728014.0
2025-01-22T13:30:00-05:00,42.345001220703125,42.36000061035156,41.90999984741211,41.974998474121094,1985946.0
2025-01-22T14:30:00-05:00,41.974998474121094,42.040000915527344,41.5099983215332,41.61000061035156,3342282.0
2025-01-22T15:30:00-05:00,41.6150016784668,41.7599983215332,41.45500183105469,41.61000061035156,3748478.0
2025-01-23T09:30:00-05:00,42.130001068115234,42.16999816894531,41.599998474121094,41.875,3250405.0
2025-01-23T10:30:00-05:00,41.875,42.029998779296875,41.654998779296875,41.71049880981445,2865863.0
2025-01-23T11:30:00-05:00,41.709999084472656,41.96500015258789,41.584999084472656,41.904998779296875,1535755.0
2025-01-23T12:30:00-05:00,41.90999984741211,42.005001068115234,41.779998779296875,41.93000030517578,1281014.0
2025-01-23T13:30:00-05:00,41.93009948730469,42.060001373291016,41.90999984741211,41.994998931884766,2287611.0
2025-01-23T14:30:00-05:00,41.994998931884766,42.03499984741211,41.900001525878906,41.92499923706055,1967850.0
2025-01-23T15:30:00-05:00,41.92679977416992,42.06999969482422,41.73500061035156,42.029998779296875,3426375.0
2025-01-24T09:30:00-05:00,42.20000076293945,42.41999816894531,41.720001220703125,41.814998626708984,3518108.0
2025-01-24T10:30:00-05:00,41.810001373291016,41.9900016784668,41.72999954223633,41.904998779296875,1969660.0
2025-01-24T11:30:00-05:00,41.904998779296875,42.34000015258789,41.880001068115234,42.21500015258789,1954409.0
2025-01-24T12:30:00-05:00,42.21989822387695,42.31999969482422,42.14500045776367,42.2400016784668,2627796.0
2025-01-24T13:30:00-05:00,42.2400016784668,42.6150016784668,42.220001220703125,42.41999816894531,2510551.0
2025-01-24T14:30:00-05:00,42.41999816894531,42.564998626708984,42.369998931884766,42.415000915527344,1563797.0
2025-01-24T15:30:00-05:00,42.415000915527344,42.42499923706055,42.20000076293945,42.25,2836875.0
2025-01-27T09:30:00-05:00,42.189998626708984,42.7599983215332,42.0,42.55500030517578,2454929.0
2025-01-27T10:30:00-05:00,42.54999923706055,42.57500076293945,42.02000045776367,42.189998626708984,2014426.0
2025-01-27T11:30:00-05:00,42.19449996948242,42.45500183105469,42.09000015258789,42.44160079956055,1399442.0
2025-01-27T12:30:00-05:00,42.45000076293945,42.55500030517578,42.165000915527344,42.474998474121094,1666079.0
2025-01-27T13:30:00-05:00,42.470001220703125,42.76499938964844,42.33000183105469,42.744998931884766,1907492.0
2025-01-27T14:30:00-05:00,42.744998931884766,42.779998779296875,42.5,42.71500015258789,1758174.0
2025-01-27T15:30:00-05:00,42.71500015258789,42.7400016784668,42.4900016784668,42.54999923706055,2493176.0
2025-01-28T09:30:00-05:00,42.54999923706055,42.779998779296875,42.0099983215332,42.0099983215332,1852067.0
2025-01-28T10:30:00-05:00,42.005001068115234,42.290000915527344,41.72999954223633,41.78450012207031,1398295.0
2025-01-28T11:30:00-05:00,41.790000915527344,41.79499816894531,41.42499923706055,41.470001220703125,1783252.0
2025-01-28T12:30:00-05:00,41.470001220703125,41.564998626708984,41.130001068115234,41.14500045776367,1811462.0
2025-01-28T13:30:00-05:00,41.13999938964844,41.2599983215332,40.935001373291016,41.040000915527344,1689641.0
2025-01-28T14:30:00-05:00,41.040000915527344,41.52000045776367,41.029998779296875,41.439998626708984,2498122.0
2025-01-28T15:30:00-05:00,41.44499969482422,41.47999954223633,41.290000915527344,41.314998626708984,2805646.0
2025-01-29T09:30:00-05:00,41.31999969482422,41.70000076293945,41.150001525878906,41.470001220703125,1616966.0
2025-01-29T10:30:00-05:00,41.470001220703125,41.7400016784668,41.40999984741211,41.73500061035156,1154721.0
2025-01-29T11:30:00-05:00,41.72999954223633,41.79499816894531,41.279998779296875,41.279998779296875,861772.0
2025-01-29T12:30:00-05:00,41.275001525878906,41.31999969482422,41.10499954223633,41.119998931884766,930176.0
2025-01-29T13:30:00-05:00,41.11000061035156,41.165000915527344,40.7400016784668,40.755001068115234,1658338.0
2025-01-29T14:30:00-05:00,40.7599983215332,41.03499984741211,40.7599983215332,40.849998474121094,1523945.0
2025-01-29T15:30:00-05:00,40.845001220703125,40.95000076293945,40.66999816894531,40.91999816894531,2488059.0
2025-01-30T09:30:00-05:00,41.02000045776367,41.345001220703125,40.685001373291016,40.97949981689453,1852082.0
2025-01-30T10:30:00-05:00,40.97999954223633,41.380001068115234,40.970001220703125,41.185001373291016,1496729.0
2025-01-30T11:30:00-05:00,41.18000030517578,41.20000076293945,40.814998626708984,40.85749816894531,1136754.0
2025-01-30T12:30:00-05:00,40.86000061035156,41.150001525878906,40.84000015258789,41.10110092163086,874976.0
2025-01-30T13:30:00-05:00,41.10499954223633,41.119998931884766,40.9900016784668,41.08000183105469,746822.0
2025-01-30T14:30:00-05:00,41.07500076293945,41.349998474121094,41.0099983215332,41.2400016784668,1068992.0
2025-01-30T15:30:00-05:00,41.22999954223633,41.25,40.744998931884766,41.02000045776367,1695204.0
2025-01-31T09:30:00-05:00,41.18000030517578,41.290000915527344,39.849998474121094,40.275001525878906,2810340.0
2025-01-31T10:30:00-05:00,40.27000045776367,40.68000030517578,40.20500183105469,40.584999084472656,1415626.0
2025-01-31T11:30:00-05:00,40.58000183105469,40.7400016784668,40.41999816894531,40.595001220703125,1059701.0
2025-01-31T12:30:00-05:00,40.595001220703125,40.81999969482422,40.56999969482422,40.625,1008522.0
2025-01-31T13:30:00-05:00,40.619998931884766,40.665000915527344,40.2400016784668,40.310001373291016,1323671.0
2025-01-31T14:30:00-05:00,40.30500030517578,40.3849983215332,39.97999954223633,40.345001220703125,1119039.0
2025-01-31T15:30:00-05:00,40.345001220703125,40.51499938964844,40.18000030517578,40.27000045776367,1783749.0
2025-02-03T09:30:00-05:00,40.130001068115234,40.65999984741211,39.55500030517578,40.64500045776367,2331251.0
2025-02-03T10:30:00-05:00,40.64500045776367,40.91999816894531,40.3650016784668,40.665000915527344,2086586.0
2025-02-03T11:30:00-05:00,40.66999816894531,40.810001373291016,40.34000015258789,40.349998474121094,1228031.0
2025-02-03T12:30:00-05:00,40.349998474121094,40.41999816894531,40.154998779296875,40.370399475097656,1243086.0
2025-02-03T13:30:00-05:00,40.369998931884766,40.470001220703125,40.31050109863281,40.40010070800781,831411.0
2025-02-03T14:30:00-05:00,40.404998779296875,40.56999969482422,40.369998931884766,40.39500045776367,1115299.0
2025-02-03T15:30:00-05:00,40.39500045776367,40.439998626708984,40.13999938964844,40.185001373291016,1764761.0
2025-02-04T09:30:00-05:00,39.7400016784668,41.1156005859375,39.6260986328125,41.03499984741211,2264660.0
2025-02-04T10:30:00-05:00,41.029998779296875,41.189998626708984,40.869998931884766,41.1349983215332,2079313.0
2025-02-04T11:30:00-05:00,41.1349983215332,41.369998931884766,41.125,41.22999954223633,1338852.0
2025-02-04T12:30:00-05:00,41.22359848022461,41.5,41.20000076293945,41.41579818725586,1063491.0
2025-02-04T13:30:00-05:00,41.415000915527344,41.459999084472656,41.209999084472656,41.224998474121094,1038786.0
2025-02-04T14:30:00-05:00,41.224998474121094,41.33000183105469,41.09000015258789,41.14500045776367,1111983.0
2025-02-04T15:30:00-05:00,41.14500045776367,41.38999938964844,41.13999938964844,41.224998474121094,1533636.0
2025-02-05T09:30:00-05:00,40.86000061035156,41.130001068115234,40.290000915527344,40.40599822998047,2579226.0
2025-02-05T10:30:00-05:00,40.38999938964844,40.54999923706055,40.20000076293945,40.5099983215332,4493352.0
2025-02-05T11:30:00-05:00,40.5099983215332,40.63999938964844,40.42499923706055,40.540000915527344,1009010.0
2025-02-05T12:30:00-05:00,40.540000915527344,40.790000915527344,40.53219985961914,40.78499984741211,1287760.0
2025-02-05T13:30:00-05:00,40.78499984741211,40.91999816894531,40.720001220703125,40.776798248291016,1173286.0
2025-02-05T14:30:00-05:00,40.775001525878906,40.88999938964844,40.65999984741211,40.65999984741211,1149127.0
2025-02-05T15:30:00-05:00,40.665000915527344,40.849998474121094,40.56999969482422,40.810001373291016,1634986.0
2025-02-06T09:30:00-05:00,41.09000015258789,41.27000045776367,39.81999969482422,40.15999984741211,2379441.0
2025-02-06T10:30:00-05:00,40.16999816894531,40.279998779296875,39.79999923706055,40.21500015258789,1636628.0
2025-02-06T11:30:00-05:00,40.21500015258789,40.349998474121094,40.052398681640625,40.07500076293945,1192610.0
2025-02-06T12:30:00-05:00,40.06999969482422,40.185001373291016,39.98500061035156,39.994998931884766,1248399.0
2025-02-06T13:30:00-05:00,39.999900817871094,40.04499816894531,39.83000183105469,39.86989974975586,1212326.0
2025-02-06T14:30:00-05:00,39.8650016784668,39.974998474121094,39.71500015258789,39.974998474121094,1501408.0
2025-02-06T15:30:00-05:00,39.971900939941406,40.130001068115234,39.8849983215332,40.060001373291016,2166078.0
2025-02-07T09:30:00-05:00,40.189998626708984,40.459999084472656,40.04499816894531,40.209999084472656,1923550.0
2025-02-07T10:30:00-05:00,40.209999084472656,40.29999923706055,39.98500061035156,40.209999084472656,1412492.0
2025-02-07T11:30:00-05:00,40.20500183105469,40.36000061035156,40.060001373291016,40.310001373291016,1198200.0
2025-02-07T12:30:00-05:00,40.31999969482422,40.650001525878906,40.19499969482422,40.60499954223633,1072238.0
2025-02-07T13:30:00-05:00,40.599998474121094,40.67499923706055,40.349998474121094,40.474998474121094,1351080.0
2025-02-07T14:30:00-05:00,40.474998474121094,40.474998474121094,40.13999938964844,40.154998779296875,1357228.0
2025-02-07T15:30:00-05:00,40.154998779296875,40.27000045776367,40.125,40.15999984741211,2186205.0
2025-02-10T09:30:00-05:00,40.599998474121094,40.9900016784668,40.599998474121094,40.81740188598633,1244589.0
2025-02-10T10:30:00-05:00,40.81999969482422,41.09000015258789,40.81999969482422,40.97999954223633,782698.0
2025-02-10T11:30:00-05:00,40.97079849243164,41.084999084472656,40.880001068115234,40.956298828125,1012439.0
2025-02-10T12:30:00-05:00,40.959999084472656,41.084999084472656,40.93000030517578,40.93000030517578,641129.0
2025-02-10T13:30:00-05:00,40.935001373291016,41.16999816894531,40.935001373291016,41.165000915527344,891788.0
2025-02-10T14:30:00-05:00,41.16999816894531,41.279998779296875,41.119998931884766,41.255001068115234,957999.0
2025-02-10T15:30:00-05:00,41.2563591003418,41.369998931884766,41.099998474121094,41.220001220703125,1810390.0
2025-02-11T09:30:00-05:00,41.279998779296875,41.4900016784668,41.04999923706055,41.29499816894531,1405911.0
2025-02-11T10:30:00-05:00,41.290000915527344,41.880001068115234,41.279998779296875,41.78499984741211,1231937.0
2025-02-11T11:30:00-05:00,41.779998779296875,42.099998474121094,41.72999954223633,42.070499420166016,1443180.0
2025-02-11T12:30:00-05:00,42.06999969482422,42.1349983215332,41.97999954223633,42.130001068115234,1163978.0
2025-02-11T13:30:00-05:00,42.125,42.189998626708984,41.84000015258789,41.849998474121094,1010125.0
2025-02-11T14:30:00-05:00,41.85499954223633,41.875,41.77000045776367,41.814998626708984,1058955.0
2025-02-11T15:30:00-05:00,41.814998626708984,41.900001525878906,41.59000015258789,41.790000915527344,2018291.0
2025-02-12T09:30:00-05:00,41.529998779296875,41.720001220703125,41.154998779296875,41.525001525878906,1385335.0
2025-02-12T10:30:00-05:00,41.529998779296875,41.64899826049805,41.369998931884766,41.46500015258789,1175737.0
2025-02-12T11:30:00-05:00,41.46500015258789,41.590301513671875,41.375,41.494998931884766,1070809.0
2025-02-12T12:30:00-05:00,41.5,41.68000030517578,41.41999816894531,41.57500076293945,1820533.0
2025-02-12T13:30:00-05:00,41.5713996887207,41.69499969482422,41.16999816894531,41.18000030517578,1759909.0
2025-02-12T14:30:00-05:00,41.189998626708984,41.54499816894531,41.16999816894531,41.410099029541016,1482776.0
2025-02-12T15:30:00-05:00,41.415000915527344,41.54999923706055,41.38999938964844,41.439998626708984,2270107.0
2025-02-13T09:30:00-05:00,41.5,42.15999984741211,41.439998626708984,41.72999954223633,1952272.0
2025-02-13T10:30:00-05:00,41.709999084472656,41.9900016784668,41.54999923706055,41.98500061035156,1490357.0
2025-02-13T11:30:00-05:00,41.98500061035156,42.119998931884766,41.81999969482422,42.119998931884766,1199093.0
2025-02-13T12:30:00-05:00,42.1150016784668,42.209999084472656,42.0099983215332,42.20500183105469,802071.0
2025-02-13T13:30:00-05:00,42.20500183105469,42.220001220703125,42.0099983215332,42.1150016784668,908968.0
2025-02-13T14:30:00-05:00,42.1150016784668,42.2400016784668,42.05649948120117,42.209999084472656,1091667.0
2025-02-13T15:30:00-05:00,42.20000076293945,42.2599983215332,42.029998779296875,42.09000015258789,2077727.0
2025-02-14T09:30:00-05:00,42.255001068115234,42.61000061035156,41.9900016784668,42.07099914550781,2162900.0
2025-02-14T10:30:00-05:00,42.06999969482422,42.20500183105469,41.970001220703125,42.029998779296875,1900807.0
2025-02-14T11:30:00-05:00,42.029998779296875,42.05500030517578,41.880001068115234,42.005001068115234,1124875.0
2025-02-14T12:30:00-05:00,42.0099983215332,42.03049850463867,41.75,41.904998779296875,745560.0
2025-02-14T13:30:00-05:00,41.904998779296875,42.02000045776367,41.81999969482422,41.834999084472656,830251.0
2025-02-14T14:30:00-05:00,41.83000183105469,41.904998779296875,41.790000915527344,41.82500076293945,741146.0
2025-02-14T15:30:00-05:00,41.81999969482422,41.939998626708984,41.70000076293945,41.72999954223633,1595621.0
2025-02-18T09:30:00-05:00,42.029998779296875,42.34000015258789,41.54999923706055,42.310001373291016,1646141.0
2025-02-18T10:30:00-05:00,42.310001373291016,42.529998779296875,42.29999923706055,42.525001525878906,1193672.0
2025-02-18T11:30:00-05:00,42.525001525878906,42.790000915527344,42.4900016784668,42.77000045776367,1291457.0
2025-02-18T12:30:00-05:00,42.779998779296875,43.060001373291016,42.755001068115234,43.040000915527344,1192754.0
2025-02-18T13:30:00-05:00,43.03499984741211,43.04610061645508,42.810001373291016,42.875,1491019.0
2025-02-18T14:30:00-05:00,42.875,42.915000915527344,42.76499938964844,42.76499938964844,1094299.0
2025-02-18T15:30:00-05:00,42.76499938964844,42.810001373291016,42.5099983215332,42.650001525878906,2539945.0
2025-02-19T09:30:00-05:00,42.45000076293945,42.81999969482422,42.43000030517578,42.650001525878906,1958414.0
2025-02-19T10:30:00-05:00,42.6593017578125,42.73500061035156,42.30500030517578,42.36000061035156,1338512.0
2025-02-19T11:30:00-05:00,42.349998474121094,42.54999923706055,42.26499938964844,42.28499984741211,1035948.0
2025-02-19T12:30:00-05:00,42.290000915527344,42.34000015258789,42.150001525878906,42.189998626708984,1120243.0
2025-02-19T13:30:00-05:00,42.189998626708984,42.28499984741211,42.099998474121094,42.20500183105469,1032011.0
2025-02-19T14:30:00-05:00,42.20500183105469,42.25,42.04999923706055,42.095001220703125,1361446.0
2025-02-19T15:30:00-05:00,42.095001220703125,42.20000076293945,42.06999969482422,42.18000030517578,2175773.0
2025-02-20T09:30:00-05:00,42.11000061035156,42.47999954223633,41.97999954223633,42.34000015258789,1387361.0
2025-02-20T10:30:00-05:00,42.334999084472656,42.60499954223633,42.185001373291016,42.595001220703125,1023109.0
2025-02-20T11:30:00-05:00,42.599998474121094,42.81999969482422,42.439998626708984,42.77000045776367,922941.0
2025-02-20T12:30:00-05:00,42.779998779296875,42.81999969482422,42.65999984741211,42.81999969482422,706138.0
2025-02-20T13:30:00-05:00,42.81999969482422,42.915000915527344,42.64500045776367,42.660099029541016,827690.0
2025-02-20T14:30:00-05:00,42.667999267578125,42.78499984741211,42.39500045776367,42.525001525878906,1016570.0
2025-02-20T15:30:00-05:00,42.52000045776367,42.6349983215332,42.459999084472656,42.594600677490234,1506325.0
2025-02-21T09:30:00-05:00,42.29999923706055,42.470001220703125,42.029998779296875,42.13050079345703,1550162.0
2025-02-21T10:30:00-05:00,42.1349983215332,42.400001525878906,41.97999954223633,42.3650016784668,1332945.0
2025-02-21T11:30:00-05:00,42.3650016784668,42.45000076293945,42.279998779296875,42.380001068115234,699475.0
2025-02-21T12:30:00-05:00,42.3849983215332,42.43000030517578,41.775001525878906,41.79999923706055,1910595.0
2025-02-21T13:30:00-05:00,41.80500030517578,41.939998626708984,41.599998474121094,41.63999938964844,978322.0
2025-02-21T14:30:00-05:00,41.63999938964844,41.82500076293945,41.599998474121094,41.79499816894531,1468471.0
2025-02-21T15:30:00-05:00,41.79499816894531,41.915000915527344,41.71500015258789,41.7599983215332,2264737.0
2025-02-24T09:30:00-05:00,41.939998626708984,41.97999954223633,41.540000915527344,41.55500030517578,1660899.0
2025-02-24T10:30:00-05:00,41.55500030517578,41.97999954223633,41.54010009765625,41.849998474121094,1226682.0
2025-02-24T11:30:00-05:00,41.849998474121094,41.974998474121094,41.790000915527344,41.904998779296875,1056577.0
2025-02-24T12:30:00-05:00,41.904998779296875,41.959999084472656,41.790000915527344,41.80500030517578,847859.0
2025-02-24T13:30:00-05:00,41.80500030517578,42.0,41.79499816894531,41.869998931884766,1032584.0
2025-02-24T14:30:00-05:00,41.869998931884766,41.90999984741211,41.53499984741211,41.724998474121094,1138442.0
2025-02-24T15:30:00-05:00,41.720001220703125,41.724998474121094,41.474998474121094,41.529998779296875,1684518.0
2025-02-25T09:30:00-05:00,41.439998626708984,41.95000076293945,40.95000076293945,40.974998474121094,2447159.0
2025-02-25T10:30:00-05:00,40.97999954223633,41.209999084472656,40.70000076293945,40.755001068115234,2136050.0
2025-02-25T11:30:00-05:00,40.755001068115234,40.8849983215332,40.625,40.79499816894531,2075705.0
2025-02-25T12:30:00-05:00,40.79499816894531,41.150001525878906,40.755001068115234,40.93000030517578,1228194.0
2025-02-25T13:30:00-05:00,40.93000030517578,41.23500061035156,40.83000183105469,40.8650016784668,891902.0
2025-02-25T14:30:00-05:00,40.86000061035156,41.154998779296875,40.81999969482422,41.13999938964844,1199685.0
2025-02-25T15:30:00-05:00,41.14500045776367,41.17499923706055,40.95500183105469,41.02000045776367,1962144.0
2025-02-26T09:30:00-05:00,41.16999816894531,41.2400016784668,40.54999923706055,40.81999969482422,1479110.0
2025-02-26T10:30:00-05:00,40.81999969482422,40.96500015258789,40.625,40.665000915527344,1347011.0
2025-02-26T11:30:00-05:00,40.66999816894531,40.7400016784668,40.40999984741211,40.439998626708984,1771525.0
2025-02-26T12:30:00-05:00,40.435001373291016,40.564998626708984,40.23500061035156,40.35559844970703,1228922.0
2025-02-26T13:30:00-05:00,40.349998474121094,40.4900016784668,40.29999923706055,40.41999816894531,806456.0
2025-02-26T14:30:00-05:00,40.41999816894531,40.53499984741211,40.35499954223633,40.375,1268382.0
2025-02-26T15:30:00-05:00,40.369998931884766,40.60499954223633,40.32500076293945,40.599998474121094,1981246.0
2025-02-27T09:30:00-05:00,40.86000061035156,41.63999938964844,40.48500061035156,41.380699157714844,2372648.0
2025-02-27T10:30:00-05:00,41.380001068115234,41.40999984741211,41.20000076293945,41.275001525878906,2428993.0
2025-02-27T11:30:00-05:00,41.279998779296875,41.41999816894531,41.220001220703125,41.41999816894531,1760291.0
2025-02-27T12:30:00-05:00,41.415000915527344,41.53499984741211,41.26499938964844,41.474998474121094,973527.0
2025-02-27T13:30:00-05:00,41.474998474121094,41.53499984741211,41.34000015258789,41.38999938964844,1306123.0
2025-02-27T14:30:00-05:00,41.38999938964844,41.38999938964844,41.05500030517578,41.10499954223633,1728984.0
2025-02-27T15:30:00-05:00,41.10499954223633,41.290000915527344,40.790000915527344,40.90999984741211,2476033.0
2025-02-28T09:30:00-05:00,40.81999969482422,41.10499954223633,40.29999923706055,41.06999969482422,1645277.0
2025-02-28T10:30:00-05:00,41.08000183105469,41.36000061035156,41.029998779296875,41.084999084472656,1075934.0
2025-02-28T11:30:00-05:00,41.084999084472656,41.38999938964844,41.04999923706055,41.19499969482422,952262.0
2025-02-28T12:30:00-05:00,41.19499969482422,41.2599983215332,40.939998626708984,41.22999954223633,1271934.0
2025-02-28T13:30:00-05:00,41.23500061035156,41.564998626708984,41.189998626708984,41.33000183105469,1247117.0
2025-02-28T14:30:00-05:00,41.32500076293945,41.529998779296875,41.27000045776367,41.525001525878906,1422771.0
2025-02-28T15:30:00-05:00,41.525001525878906,41.709999084472656,41.415000915527344,41.650001525878906,2900752.0
2025-03-03T09:30:00-05:00,41.97999954223633,42.154998779296875,41.099998474121094,41.275001525878906,2056219.0
2025-03-03T10:30:00-05:00,41.27000045776367,41.560001373291016,41.220001220703125,41.404998779296875,1434281.0
2025-03-03T11:30:00-05:00,41.404998779296875,41.7599983215332,41.29999923706055,41.66999816894531,1244807.0
2025-03-03T12:30:00-05:00,41.68000030517578,41.724998474121094,40.36000061035156,40.40999984741211,1305527.0
2025-03-03T13:30:00-05:00,40.40999984741211,40.5,40.043399810791016,40.07500076293945,2059485.0
2025-03-03T14:30:00-05:00,40.064998626708984,40.23500061035156,39.70500183105469,39.755001068115234,3055136.0
2025-03-03T15:30:00-05:00,39.755001068115234,39.88999938964844,39.47999954223633,39.84000015258789,3489698.0
2025-03-04T09:30:00-05:00,39.20000076293945,39.305599212646484,38.16999816894531,38.76499938964844,4154612.0
2025-03-04T10:30:00-05:00,38.7599983215332,38.970001220703125,38.400001525878906,38.65999984741211,2895512.0
2025-03-04T11:30:00-05:00,38.654998779296875,39.125,38.564998626708984,39.084999084472656,1559809.0
2025-03-04T12:30:00-05:00,39.084999084472656,39.34000015258789,38.959999084472656,39.0,1410150.0
2025-03-04T13:30:00-05:00,38.97999954223633,39.439998626708984,38.93000030517578,39.275001525878906,1458772.0
2025-03-04T14:30:00-05:00,39.279998779296875,39.72999954223633,39.255001068115234,39.619998931884766,1649933.0
2025-03-04T15:30:00-05:00,39.61000061035156,39.61000061035156,39.040000915527344,39.060001373291016,2785108.0
2025-03-05T09:30:00-05:00,38.70000076293945,39.154998779296875,38.459999084472656,38.58000183105469,1962102.0
2025-03-05T10:30:00-05:00,38.58000183105469,38.71500015258789,38.279998779296875,38.459999084472656,2691509.0
2025-03-05T11:30:00-05:00,38.45500183105469,39.06999969482422,38.38999938964844,39.06740188598633,1584721.0
2025-03-05T12:30:00-05:00,39.06999969482422,39.20000076293945,38.849998474121094,39.1150016784668,1632822.0
2025-03-05T13:30:00-05:00,39.1150016784668,39.57500076293945,39.0,39.44499969482422,1164110.0
2025-03-05T14:30:00-05:00,39.45000076293945,39.584999084472656,39.380001068115234,39.564998626708984,1162180.0
2025-03-05T15:30:00-05:00,39.560001373291016,39.599998474121094,39.30500030517578,39.43000030517578,1590443.0
2025-03-06T09:30:00-05:00,39.02000045776367,39.529998779296875,39.0099983215332,39.359901428222656,2203217.0
2025-03-06T10:30:00-05:00,39.35499954223633,39.70500183105469,39.2400016784668,39.63999938964844,1467798.0
2025-03-06T11:30:00-05:00,39.619998931884766,39.70000076293945,39.220001220703125,39.439998626708984,1211761.0
2025-03-06T12:30:00-05:00,39.43000030517578,39.525001525878906,39.189998626708984,39.43000030517578,907785.0
2025-03-06T13:30:00-05:00,39.439998626708984,39.599998474121094,39.29999923706055,39.56999969482422,1151042.0
2025-03-06T14:30:00-05:00,39.56999969482422,39.96500015258789,39.435001373291016,39.685001373291016,1464324.0
2025-03-06T15:30:00-05:00,39.685001373291016,39.90999984741211,39.65250015258789,39.7599983215332,1948443.0
2025-03-07T09:30:00-05:00,39.939998626708984,41.51499938964844,39.86000061035156,41.459999084472656,3028794.0
2025-03-07T10:30:00-05:00,41.45000076293945,41.869998931884766,40.959999084472656,41.07500076293945,3571160.0
2025-03-07T11:30:00-05:00,41.08000183105469,41.209999084472656,40.849998474121094,41.130001068115234,1359820.0
2025-03-07T12:30:00-05:00,41.125,41.619998931884766,41.095001220703125,41.40999984741211,1769720.0
2025-03-07T13:30:00-05:00,41.41999816894531,41.810001373291016,41.310001373291016,41.6349983215332,1498296.0
2025-03-07T14:30:00-05:00,41.6349983215332,41.755001068115234,41.36000061035156,41.38999938964844,2107661.0
2025-03-07T15:30:00-05:00,41.380001068115234,41.529998779296875,41.25419998168945,41.3650016784668,2771066.0
2025-03-10T09:30:00-04:00,41.220001220703125,41.63999938964844,41.09000015258789,41.61000061035156,2710191.0
2025-03-10T10:30:00-04:00,41.6150016784668,42.16999816894531,41.59000015258789,42.025001525878906,2698426.0
2025-03-10T11:30:00-04:00,42.025001525878906,42.075401306152344,41.64500045776367,41.744998931884766,1993427.0
2025-03-10T12:30:00-04:00,41.7400016784668,41.81999969482422,41.529998779296875,41.70000076293945,1273874.0
2025-03-10T13:30:00-04:00,41.70500183105469,41.72999954223633,41.220001220703125,41.24620056152344,1538724.0
2025-03-10T14:30:00-04:00,41.25,41.369998931884766,40.880001068115234,41.0099983215332,1924198.0
2025-03-10T15:30:00-04:00,41.01499938964844,41.23500061035156,40.9900016784668,41.150001525878906,2620656.0
2025-03-11T09:30:00-04:00,41.38999938964844,41.459999084472656,40.290000915527344,40.38999938964844,2310586.0
2025-03-11T10:30:00-04:00,40.39500045776367,40.494998931884766,40.185001373291016,40.2400016784668,1350570.0
2025-03-11T11:30:00-04:00,40.244998931884766,40.375,40.084999084472656,40.220001220703125,1327937.0
2025-03-11T12:30:00-04:00,40.224998474121094,40.3650016784668,40.02000045776367,40.1150016784668,1346094.0
2025-03-11T13:30:00-04:00,40.119998931884766,40.30500030517578,40.06999969482422,40.220001220703125,1325724.0
2025-03-11T14:30:00-04:00,40.21500015258789,40.55739974975586,40.10100173950195,40.1150016784668,1727354.0
2025-03-11T15:30:00-04:00,40.119998931884766,40.279998779296875,40.040000915527344,40.084999084472656,2713554.0
2025-03-12T09:30:00-04:00,40.209999084472656,40.439998626708984,39.72999954223633,39.935001373291016,1975405.0
2025-03-12T10:30:00-04:00,39.939998626708984,40.08000183105469,39.79999923706055,40.02000045776367,1455353.0
2025-03-12T11:30:00-04:00,40.01499938964844,40.25,40.0,40.185001373291016,849337.0
2025-03-12T12:30:00-04:00,40.189998626708984,40.44499969482422,40.0,40.439998626708984,878706.0
2025-03-12T13:30:00-04:00,40.439998626708984,40.55820083618164,40.349998474121094,40.540000915527344,886046.0
2025-03-12T14:30:00-04:00,40.54499816894531,40.630001068115234,40.16999816894531,40.16999816894531,1074424.0
2025-03-12T15:30:00-04:00,40.18000030517578,40.29999923706055,40.0,40.040000915527344,1573512.0
2025-03-13T09:30:00-04:00,40.08000183105469,40.630001068115234,39.939998626708984,40.32500076293945,3212260.0
2025-03-13T10:30:00-04:00,40.33000183105469,40.48500061035156,39.869998931884766,40.04499816894531,1421221.0
2025-03-13T11:30:00-04:00,40.04499816894531,40.15999984741211,39.82500076293945,40.060001373291016,1326464.0
2025-03-13T12:30:00-04:00,40.060001373291016,40.125,39.849998474121094,40.0,1534493.0
2025-03-13T13:30:00-04:00,40.0,40.04499816894531,39.790000915527344,40.0,1138842.0
2025-03-13T14:30:00-04:00,40.005001068115234,40.09000015258789,39.62120056152344,39.689998626708984,1323928.0
2025-03-13T15:30:00-04:00,39.689998626708984,39.95000076293945,39.665000915527344,39.904998779296875,2290435.0
2025-03-14T09:30:00-04:00,40.400001525878906,41.20000076293945,40.29999923706055,40.96500015258789,2543820.0
2025-03-14T10:30:00-04:00,40.96500015258789,41.43000030517578,40.900001525878906,41.334999084472656,1503582.0
2025-03-14T11:30:00-04:00,41.33000183105469,41.400001525878906,40.935001373291016,40.970001220703125,1328335.0
2025-03-14T12:30:00-04:00,40.974998474121094,41.220001220703125,40.939998626708984,41.040000915527344,1081998.0
2025-03-14T13:30:00-04:00,41.03499984741211,41.18000030517578,40.95000076293945,41.10499954223633,1154462.0
2025-03-14T14:30:00-04:00,41.10499954223633,41.22999954223633,40.915000915527344,40.94499969482422,1488166.0
2025-03-14T15:30:00-04:00,40.95000076293945,41.11000061035156,40.869998931884766,41.099998474121094,2165201.0
2025-03-17T09:30:00-04:00,41.099998474121094,41.650001525878906,41.029998779296875,41.440101623535156,1687327.0
2025-03-17T10:30:00-04:00,41.45000076293945,41.505001068115234,41.154998779296875,41.22999954223633,1013113.0
2025-03-17T11:30:00-04:00,41.224998474121094,41.54999923706055,41.15999984741211,41.53499984741211,820064.0
2025-03-17T12:30:00-04:00,41.529998779296875,41.59000015258789,41.36000061035156,41.55849838256836,749514.0
2025-03-17T13:30:00-04:00,41.560001373291016,41.69499969482422,41.404998779296875,41.650001525878906,1252258.0
2025-03-17T14:30:00-04:00,41.650001525878906,41.689998626708984,41.42499923706055,41.47999954223633,1130615.0
2025-03-17T15:30:00-04:00,41.474998474121094,41.494998931884766,41.38999938964844,41.42499923706055,1783598.0
2025-03-18T09:30:00-04:00,41.599998474121094,41.7599983215332,41.125,41.125,2436095.0
2025-03-18T10:30:00-04:00,41.119998931884766,41.25,41.04999923706055,41.125,953944.0
2025-03-18T11:30:00-04:00,41.119998931884766,41.185001373291016,40.875,41.025001525878906,1559100.0
2025-03-18T12:30:00-04:00,41.029998779296875,41.08000183105469,40.79999923706055,40.95000076293945,1673599.0
2025-03-18T13:30:00-04:00,40.940101623535156,41.189998626708984,40.91999816894531,41.125,1012435.0
2025-03-18T14:30:00-04:00,41.130001068115234,41.24580001831055,41.03499984741211,41.06999969482422,1541538.0
2025-03-18T15:30:00-04:00,41.08000183105469,41.25,41.04499816894531,41.119998931884766,2608539.0
2025-03-19T09:30:00-04:00,41.369998931884766,41.630001068115234,41.09000015258789,41.46500015258789,1370776.0
2025-03-19T10:30:00-04:00,41.459999084472656,41.657501220703125,41.34000015258789,41.52000045776367,1564490.0
2025-03-19T11:30:00-04:00,41.52000045776367,41.525001525878906,41.29999923706055,41.368099212646484,1761754.0
2025-03-19T12:30:00-04:00,41.36000061035156,41.66999816894531,41.349998474121094,41.45500183105469,1632751.0
2025-03-19T13:30:00-04:00,41.45500183105469,41.5,41.09000015258789,41.13999938964844,1864199.0
2025-03-19T14:30:00-04:00,41.14500045776367,41.5,41.14500045776367,41.244998931884766,2411170.0
2025-03-19T15:30:00-04:00,41.249298095703125,41.310001373291016,40.942298889160156,41.09000015258789,3982415.0
2025-03-20T09:30:00-04:00,40.7599983215332,41.779998779296875,40.599998474121094,41.61000061035156,1864209.0
2025-03-20T10:30:00-04:00,41.61149978637695,41.657501220703125,41.404998779296875,41.404998779296875,1705996.0
2025-03-20T11:30:00-04:00,41.400001525878906,41.4900016784668,41.275001525878906,41.404998779296875,1012165.0
2025-03-20T12:30:00-04:00,41.40999984741211,41.5099983215332,41.290000915527344,41.375,895217.0
2025-03-20T13:30:00-04:00,41.380001068115234,41.5,41.29999923706055,41.29999923706055,914897.0
2025-03-20T14:30:00-04:00,41.29999923706055,41.435001373291016,41.275001525878906,41.310001373291016,1669991.0
2025-03-20T15:30:00-04:00,41.29999923706055,41.45000076293945,41.2599983215332,41.290000915527344,2298074.0
2025-03-21T09:30:00-04:00,40.97999954223633,41.349998474121094,40.900001525878906,41.19499969482422,2705704.0
2025-03-21T10:30:00-04:00,41.20500183105469,41.224998474121094,40.935001373291016,40.939998626708984,1380583.0
2025-03-21T11:30:00-04:00,40.939998626708984,41.06999969482422,40.7599983215332,41.064998626708984,1147534.0
2025-03-21T12:30:00-04:00,41.064998626708984,41.084999084472656,40.869998931884766,40.89500045776367,970180.0
2025-03-21T13:30:00-04:00,40.89500045776367,41.13999938964844,40.849998474121094,41.077999114990234,1080383.0
2025-03-21T14:30:00-04:00,41.06999969482422,41.23500061035156,41.0099983215332,41.064998626708984,2215635.0
2025-03-21T15:30:00-04:00,41.064998626708984,41.540000915527344,40.97999954223633,40.97999954223633,6217579.0
2025-03-24T09:30:00-04:00,41.31999969482422,41.64820098876953,41.125,41.33000183105469,1616778.0
2025-03-24T10:30:00-04:00,41.31999969482422,41.59000015258789,41.290000915527344,41.52000045776367,924147.0
2025-03-24T11:30:00-04:00,41.525001525878906,41.71500015258789,41.525001525878906,41.595001220703125,635696.0
2025-03-24T12:30:00-04:00,41.599998474121094,41.61000061035156,41.40250015258789,41.5,670071.0
2025-03-24T13:30:00-04:00,41.5,41.529998779296875,41.400001525878906,41.470001220703125,724290.0
2025-03-24T14:30:00-04:00,41.470001220703125,41.779998779296875,41.44499969482422,41.66999816894531,1115729.0
2025-03-24T15:30:00-04:00,41.66999816894531,41.79999923706055,41.650001525878906,41.689998626708984,2296103.0
2025-03-25T09:30:00-04:00,42.0,42.38999938964844,41.90999984741211,42.125,1733203.0
2025-03-25T10:30:00-04:00,42.119998931884766,42.13999938964844,41.91999816894531,42.1349983215332,905162.0
2025-03-25T11:30:00-04:00,42.13999938964844,42.38999938964844,42.125,42.23500061035156,1137518.0
2025-03-25T12:30:00-04:00,42.23500061035156,42.29999923706055,42.130001068115234,42.21500015258789,651642.0
2025-03-25T13:30:00-04:00,42.220001220703125,42.290000915527344,42.17499923706055,42.209999084472656,736056.0
2025-03-25T14:30:00-04:00,42.21500015258789,42.369998931884766,42.18000030517578,42.224998474121094,1243544.0
2025-03-25T15:30:00-04:00,42.220001220703125,42.33000183105469,42.220001220703125,42.27000045776367,2138760.0
2025-03-26T09:30:00-04:00,42.7400016784668,43.349998474121094,42.599998474121094,42.95000076293945,2517052.0
2025-03-26T10:30:00-04:00,42.95500183105469,43.099998474121094,42.75,42.775001525878906,1518873.0
2025-03-26T11:30:00-04:00,42.779998779296875,42.814998626708984,42.63999938964844,42.80849838256836,802171.0
2025-03-26T12:30:00-04:00,42.80149841308594,42.83000183105469,42.59000015258789,42.654998779296875,895665.0
2025-03-26T13:30:00-04:00,42.650001525878906,42.650001525878906,42.45000076293945,42.48500061035156,1073194.0
2025-03-26T14:30:00-04:00,42.47999954223633,42.54999923706055,42.36000061035156,42.38999938964844,1145555.0
2025-03-26T15:30:00-04:00,42.39500045776367,42.44499969482422,42.32500076293945,42.40999984741211,1779824.0
2025-03-27T09:30:00-04:00,42.380001068115234,42.68989944458008,42.06999969482422,42.685001373291016,4714379.0
2025-03-27T10:30:00-04:00,42.685001373291016,42.83000183105469,42.439998626708984,42.630001068115234,2965344.0
2025-03-27T11:30:00-04:00,42.6349983215332,42.66999816894531,42.150001525878906,42.459999084472656,4575624.0
2025-03-27T12:30:00-04:00,42.459999084472656,42.58000183105469,42.08000183105469,42.09560012817383,2315874.0
2025-03-27T13:30:00-04:00,42.099998474121094,42.19499969482422,41.93000030517578,42.02560043334961,1851294.0
2025-03-27T14:30:00-04:00,42.02000045776367,42.369998931884766,42.0,42.334999084472656,1741681.0
2025-03-27T15:30:00-04:00,42.33000183105469,42.39820098876953,42.099998474121094,42.119998931884766,3480714.0
2025-03-28T09:30:00-04:00,42.150001525878906,42.54999923706055,41.85110092163086,41.869998931884766,1878576.0
2025-03-28T10:30:00-04:00,41.869998931884766,41.979000091552734,41.66999816894531,41.689998626708984,1396367.0
2025-03-28T11:30:00-04:00,41.685001373291016,41.790000915527344,41.4900016784668,41.56999969482422,1399216.0
2025-03-28T12:30:00-04:00,41.58000183105469,41.72999954223633,41.56999969482422,41.6349983215332,973061.0
2025-03-28T13:30:00-04:00,41.6349983215332,42.04999923706055,41.630001068115234,41.915000915527344,1806400.0
2025-03-28T14:30:00-04:00,41.915000915527344,41.91999816894531,41.7599983215332,41.820098876953125,1803862.0
2025-03-28T15:30:00-04:00,41.82500076293945,41.95500183105469,41.69200134277344,41.875,2221280.0
2025-03-31T09:30:00-04:00,41.36000061035156,41.869998931884766,41.27000045776367,41.810001373291016,1986786.0
2025-03-31T10:30:00-04:00,41.814998626708984,42.125,41.80500030517578,42.06999969482422,1011209.0
2025-03-31T11:30:00-04:00,42.06999969482422,42.125,41.91999816894531,42.125,1088114.0
2025-03-31T12:30:00-04:00,42.119998931884766,42.18000030517578,41.83000183105469,41.900001525878906,1071382.0
2025-03-31T13:30:00-04:00,41.88999938964844,42.07500076293945,41.76499938964844,41.924400329589844,1011205.0
2025-03-31T14:30:00-04:00,41.91999816894531,42.06999969482422,41.84000015258789,41.875,1520900.0
2025-03-31T15:30:00-04:00,41.869998931884766,42.025001525878906,41.69499969482422,41.79999923706055,2689766.0
2025-04-01T09:30:00-04:00,41.779998779296875,42.06999969482422,41.43000030517578,41.439998626708984,2590475.0
2025-04-01T10:30:00-04:00,41.43000030517578,42.130001068115234,41.42499923706055,42.09000015258789,1223835.0
2025-04-01T11:30:00-04:00,42.09000015258789,42.45000076293945,42.04999923706055,42.244998931884766,1324389.0
2025-04-01T12:30:00-04:00,42.244998931884766,42.349998474121094,42.125,42.19499969482422,1005907.0
2025-04-01T13:30:00-04:00,42.19499969482422,42.27000045776367,41.915000915527344,41.915000915527344,1135539.0
2025-04-01T14:30:00-04:00,41.91999816894531,42.255001068115234,41.89500045776367,42.20500183105469,1232905.0
2025-04-01T15:30:00-04:00,42.20000076293945,42.34000015258789,42.09000015258789,42.20000076293945,2936351.0
2025-04-02T09:30:00-04:00,41.619998931884766,41.79999923706055,41.20000076293945,41.63999938964844,3506371.0
2025-04-02T10:30:00-04:00,41.650001525878906,41.869998931884766,41.599998474121094,41.77000045776367,1822950.0
2025-04-02T11:30:00-04:00,41.7599983215332,42.189998626708984,41.70500183105469,42.154998779296875,1990877.0
2025-04-02T12:30:00-04:00,42.154998779296875,42.43000030517578,42.095001220703125,42.404998779296875,1666075.0
2025-04-02T13:30:00-04:00,42.404998779296875,42.404998779296875,41.95000076293945,41.959999084472656,1667896.0
2025-04-02T14:30:00-04:00,41.959999084472656,42.209999084472656,41.94499969482422,42.154998779296875,2188721.0
2025-04-02T15:30:00-04:00,42.154998779296875,42.275001525878906,42.130001068115234,42.16999816894531,1952496.0
2025-04-03T09:30:00-04:00,39.90999984741211,40.29999923706055,39.380001068115234,39.459999084472656,8025179.0
2025-04-03T10:30:00-04:00,39.459999084472656,39.63999938964844,39.25,39.525001525878906,5859317.0
2025-04-03T11:30:00-04:00,39.52000045776367,39.709999084472656,39.400001525878906,39.58000183105469,4292927.0
2025-04-03T12:30:00-04:00,39.59000015258789,39.625,39.21500015258789,39.380001068115234,3744964.0
2025-04-03T13:30:00-04:00,39.3849983215332,39.54999923706055,39.20000076293945,39.39500045776367,3302274.0
2025-04-03T14:30:00-04:00,39.39550018310547,39.630001068115234,39.244998931884766,39.255001068115234,6048276.0
2025-04-03T15:30:00-04:00,39.255001068115234,39.369998931884766,39.040000915527344,39.220001220703125,6221641.0
2025-04-04T09:30:00-04:00,37.54999923706055,37.58000183105469,35.400001525878906,35.41999816894531,10788521.0
2025-04-04T10:30:00-04:00,35.415000915527344,36.005001068115234,34.90999984741211,35.255001068115234,8308087.0
2025-04-04T11:30:00-04:00,35.2504997253418,35.35499954223633,34.845001220703125,34.979801177978516,6741243.0
2025-04-04T12:30:00-04:00,34.97999954223633,35.32500076293945,34.52000045776367,34.68000030517578,4223340.0
2025-04-04T13:30:00-04:00,34.69499969482422,34.96500015258789,34.2942008972168,34.41999816894531,3898675.0
2025-04-04T14:30:00-04:00,34.40999984741211,34.53990173339844,34.043701171875,34.345001220703125,3559578.0
2025-04-04T15:30:00-04:00,34.34000015258789,34.869998931884766,34.33000183105469,34.779998779296875,7335684.0
2025-04-07T09:30:00-04:00,33.040000915527344,35.119998931884766,31.860000610351562,33.060001373291016,10452076.0
2025-04-07T10:30:00-04:00,33.060001373291016,33.810001373291016,32.1349983215332,32.209999084472656,4575336.0
2025-04-07T11:30:00-04:00,32.220001220703125,33.3849983215332,32.209999084472656,32.85499954223633,2877816.0
2025-04-07T12:30:00-04:00,32.849998474121094,33.41999816894531,32.474998474121094,33.32500076293945,3353145.0
2025-04-07T13:30:00-04:00,33.32500076293945,33.97999954223633,33.084999084472656,33.165000915527344,3646459.0
2025-04-07T14:30:00-04:00,33.15999984741211,33.58000183105469,32.779998779296875,32.81999969482422,3557732.0
2025-04-07T15:30:00-04:00,32.814998626708984,33.38999938964844,32.755001068115234,33.1150016784668,4259705.0
2025-04-08T09:30:00-04:00,34.43000030517578,34.63999938964844,33.45000076293945,34.154998779296875,4609535.0
2025-04-08T10:30:00-04:00,34.154998779296875,34.16999816894531,32.8849983215332,32.939998626708984,3999076.0
2025-04-08T11:30:00-04:00,32.93000030517578,33.584999084472656,32.904998779296875,33.23099899291992,2315624.0
2025-04-08T12:30:00-04:00,33.23500061035156,33.275001525878906,32.435001373291016,32.630001068115234,3568332.0
2025-04-08T13:30:00-04:00,32.625,33.13999938964844,32.47999954223633,32.4900016784668,3275877.0
2025-04-08T14:30:00-04:00,32.5,33.15999984741211,32.0,32.18000030517578,4159384.0
2025-04-08T15:30:00-04:00,32.16999816894531,32.18000030517578,31.520000457763672,31.940000534057617,5352915.0
2025-04-09T09:30:00-04:00,31.290000915527344,32.09000015258789,31.110000610351562,31.7549991607666,7295494.0
2025-04-09T10:30:00-04:00,31.760000228881836,32.310001373291016,31.690000534057617,32.06999969482422,4771563.0
2025-04-09T11:30:00-04:00,32.06999969482422,32.27000045776367,31.850000381469727,31.975000381469727,3721278.0
2025-04-09T12:30:00-04:00,31.969999313354492,34.380001068115234,31.59000015258789,33.81999969482422,7160199.0
2025-04-09T13:30:00-04:00,33.84000015258789,36.0099983215332,33.70000076293945,35.79999923706055,6218838.0
2025-04-09T14:30:00-04:00,35.790000915527344,36.040000915527344,34.99259948730469,35.88999938964844,5471731.0
2025-04-09T15:30:00-04:00,35.880001068115234,36.47999954223633,35.790000915527344,35.939998626708984,6571347.0
2025-04-10T09:30:00-04:00,34.779998779296875,34.849998474121094,33.08000183105469,33.41999816894531,8049313.0
2025-04-10T10:30:00-04:00,33.43000030517578,33.744998931884766,32.77000045776367,32.84000015258789,3768344.0
2025-04-10T11:30:00-04:00,32.834999084472656,33.040000915527344,32.0,32.07500076293945,3866079.0
2025-04-10T12:30:00-04:00,32.08000183105469,32.86000061035156,32.03499984741211,32.40999984741211,3982690.0
2025-04-10T13:30:00-04:00,32.40999984741211,32.810001373291016,32.1150016784668,32.48630142211914,5057001.0
2025-04-10T14:30:00-04:00,32.48500061035156,32.68000030517578,31.985000610351562,31.985000610351562,4938140.0
2025-04-10T15:30:00-04:00,31.979999542236328,32.56999969482422,31.8799991607666,32.51499938964844,4926728.0
2025-04-11T09:30:00-04:00,32.529998779296875,32.79999923706055,32.099998474121094,32.279998779296875,3828830.0
2025-04-11T10:30:00-04:00,32.290000915527344,32.79999923706055,32.22999954223633,32.46500015258789,2988117.0
2025-04-11T11:30:00-04:00,32.470001220703125,32.994998931884766,32.415000915527344,32.9286994934082,2149736.0
2025-04-11T12:30:00-04:00,32.93000030517578,33.560001373291016,32.91999816894531,33.290000915527344,2211259.0
2025-04-11T13:30:00-04:00,33.29999923706055,33.910701751708984,33.209999084472656,33.55500030517578,1972063.0
2025-04-11T14:30:00-04:00,33.560001373291016,34.0099983215332,33.48500061035156,33.83000183105469,1896347.0
2025-04-11T15:30:00-04:00,33.82640075683594,33.970001220703125,33.64500045776367,33.92499923706055,3596125.0
2025-04-14T09:30:00-04:00,34.459999084472656,34.70000076293945,34.040000915527344,34.25,2753245.0
2025-04-14T10:30:00-04:00,34.255001068115234,34.290000915527344,33.709999084472656,33.71500015258789,1979741.0
2025-04-14T11:30:00-04:00,33.71500015258789,33.869998931884766,33.45000076293945,33.646400451660156,1613028.0
2025-04-14T12:30:00-04:00,33.63999938964844,34.150001525878906,33.625,33.90999984741211,1835276.0
2025-04-14T13:30:00-04:00,33.90999984741211,34.04499816894531,33.779998779296875,34.03499984741211,1406952.0
2025-04-14T14:30:00-04:00,34.029998779296875,34.15999984741211,34.005001068115234,34.10499954223633,1542685.0
2025-04-14T15:30:00-04:00,34.099998474121094,34.20000076293945,33.849998474121094,33.91999816894531,2692918.0
2025-04-15T09:30:00-04:00,33.84000015258789,34.369998931884766,33.790000915527344,33.95000076293945,1560073.0
2025-04-15T10:30:00-04:00,33.95000076293945,34.119998931884766,33.86000061035156,33.97549819946289,1526961.0
2025-04-15T11:30:00-04:00,33.974998474121094,34.15999984741211,33.95500183105469,34.05500030517578,966688.0
2025-04-15T12:30:00-04:00,34.060001373291016,34.125,33.724998474121094,33.724998474121094,990387.0
2025-04-15T13:30:00-04:00,33.72999954223633,33.900001525878906,33.61000061035156,33.650001525878906,1082842.0
2025-04-15T14:30:00-04:00,33.64500045776367,33.90999984741211,33.64500045776367,33.79499816894531,1710050.0
2025-04-15T15:30:00-04:00,33.79499816894531,33.849998474121094,33.70500183105469,33.7599983215332,1903686.0
2025-04-16T09:30:00-04:00,34.0,34.470001220703125,33.790000915527344,34.27000045776367,1965202.0
2025-04-16T10:30:00-04:00,34.25,34.59000015258789,34.20009994506836,34.50400161743164,1199372.0
2025-04-16T11:30:00-04:00,34.5099983215332,34.525001525878906,34.314998626708984,34.375,906125.0
2025-04-16T12:30:00-04:00,34.369998931884766,34.70500183105469,34.310001373291016,34.650001525878906,1354692.0
2025-04-16T13:30:00-04:00,34.65999984741211,34.665000915527344,33.95500183105469,34.185001373291016,2407819.0
2025-04-16T14:30:00-04:00,34.18000030517578,34.25,33.79999923706055,33.814998626708984,1458434.0
2025-04-16T15:30:00-04:00,33.81999969482422,34.16999816894531,33.81999969482422,34.150001525878906,1953760.0
2025-04-17T09:30:00-04:00,34.54999923706055,34.95000076293945,34.130001068115234,34.709999084472656,2146623.0
2025-04-17T10:30:00-04:00,34.709999084472656,35.04499816894531,34.529998779296875,34.8849983215332,1335538.0
2025-04-17T11:30:00-04:00,34.880001068115234,35.31999969482422,34.85499954223633,35.255001068115234,1623175.0
2025-04-17T12:30:00-04:00,35.25,35.38999938964844,35.10499954223633,35.11000061035156,1421755.0
2025-04-17T13:30:00-04:00,35.119998931884766,35.439998626708984,35.10499954223633,35.255001068115234,974128.0
2025-04-17T14:30:00-04:00,35.255001068115234,35.459999084472656,35.23500061035156,35.26499938964844,1780449.0
2025-04-17T15:30:00-04:00,35.2599983215332,35.336299896240234,35.060001373291016,35.11000061035156,2606711.0
2025-04-21T09:30:00-04:00,34.720001220703125,34.720001220703125,34.220001220703125,34.45000076293945,1758836.0
2025-04-21T10:30:00-04:00,34.45859909057617,34.650001525878906,34.244998931884766,34.310001373291016,964507.0
2025-04-21T11:30:00-04:00,34.314998626708984,34.31999969482422,34.0,34.095001220703125,1144555.0
2025-04-21T12:30:00-04:00,34.099998474121094,34.30500030517578,34.0,34.05500030517578,1112997.0
2025-04-21T13:30:00-04:00,34.04999923706055,34.2400016784668,34.04499816894531,34.23500061035156,859075.0
2025-04-21T14:30:00-04:00,34.23500061035156,34.3650016784668,34.20000076293945,34.244998931884766,1218824.0
2025-04-21T15:30:00-04:00,34.244998931884766,34.65999984741211,34.23469924926758,34.61000061035156,2264527.0
2025-04-22T09:30:00-04:00,34.83000183105469,34.83000183105469,33.82500076293945,34.125,3147205.0
2025-04-22T10:30:00-04:00,34.125,34.540000915527344,33.974998474121094,34.44499969482422,2137082.0
2025-04-22T11:30:00-04:00,34.44499969482422,34.96500015258789,34.323699951171875,34.89500045776367,2390090.0
2025-04-22T12:30:00-04:00,34.900001525878906,34.91999816894531,34.369998931884766,34.400001525878906,1874941.0
2025-04-22T13:30:00-04:00,34.404998779296875,34.52000045776367,34.2400016784668,34.474998474121094,1521570.0
2025-04-22T14:30:00-04:00,34.474998474121094,34.70500183105469,34.44419860839844,34.44499969482422,1811960.0
2025-04-22T15:30:00-04:00,34.439998626708984,34.654998779296875,34.31999969482422,34.599998474121094,3243077.0
2025-04-23T09:30:00-04:00,35.130001068115234,35.59000015258789,34.20000076293945,34.599998474121094,4503415.0
2025-04-23T10:30:00-04:00,34.59000015258789,34.625,33.88999938964844,33.959999084472656,3426638.0
2025-04-23T11:30:00-04:00,33.959999084472656,34.15999984741211,33.81999969482422,34.119998931884766,1508918.0
2025-04-23T12:30:00-04:00,34.1150016784668,34.34000015258789,33.95000076293945,34.21500015258789,1383926.0
2025-04-23T13:30:00-04:00,34.220001220703125,34.349998474121094,33.94499969482422,34.1349983215332,1123405.0
2025-04-23T14:30:00-04:00,34.1349983215332,34.22060012817383,33.8650016784668,33.89500045776367,1403601.0
2025-04-23T15:30:00-04:00,33.900001525878906,34.095001220703125,33.79999923706055,34.01499938964844,2206212.0
2025-04-24T09:30:00-04:00,34.314998626708984,34.779998779296875,34.04999923706055,34.689998626708984,2520329.0
2025-04-24T10:30:00-04:00,34.689998626708984,34.904998779296875,34.650001525878906,34.720001220703125,1848438.0
2025-04-24T11:30:00-04:00,34.720001220703125,34.880001068115234,34.64500045776367,34.78499984741211,1460448.0
2025-04-24T12:30:00-04:00,34.78499984741211,35.02000045776367,34.775001525878906,34.86000061035156,1159089.0
2025-04-24T13:30:00-04:00,34.8650016784668,35.09000015258789,34.77000045776367,34.779998779296875,1796090.0
2025-04-24T14:30:00-04:00,34.779998779296875,34.95500183105469,34.75,34.86000061035156,1956069.0
2025-04-24T15:30:00-04:00,34.86000061035156,34.970001220703125,34.81999969482422,34.95000076293945,2253343.0
2025-04-25T09:30:00-04:00,34.290000915527344,35.529998779296875,33.625,34.82500076293945,8267034.0
2025-04-25T10:30:00-04:00,34.83000183105469,35.060001373291016,34.73500061035156,34.81999969482422,1634393.0
2025-04-25T11:30:00-04:00,34.814998626708984,34.939998626708984,34.630001068115234,34.82500076293945,1681736.0
2025-04-25T12:30:00-04:00,34.81999969482422,34.92499923706055,34.685001373291016,34.77000045776367,1213406.0
2025-04-25T13:30:00-04:00,34.7599983215332,34.91999816894531,34.165000915527344,34.26499938964844,3067845.0
2025-04-25T14:30:00-04:00,34.275001525878906,34.55500030517578,34.11199951171875,34.4900016784668,2704893.0
2025-04-25T15:30:00-04:00,34.48500061035156,34.56999969482422,34.29050064086914,34.4900016784668,3078456.0
2025-04-28T09:30:00-04:00,34.4900016784668,34.65999984741211,33.95500183105469,34.43000030517578,2597335.0
2025-04-28T10:30:00-04:00,34.439998626708984,34.5099983215332,34.0,34.025001525878906,1441467.0
2025-04-28T11:30:00-04:00,34.025001525878906,34.08000183105469,33.8650016784668,33.994998931884766,1486834.0
2025-04-28T12:30:00-04:00,33.994998931884766,34.060001373291016,33.709999084472656,33.71500015258789,1274945.0
2025-04-28T13:30:00-04:00,33.71500015258789,33.9900016784668,33.709999084472656,33.974998474121094,1040380.0
2025-04-28T14:30:00-04:00,33.974998474121094,34.11000061035156,33.900001525878906,34.084999084472656,1263730.0
2025-04-28T15:30:00-04:00,34.09000015258789,34.20500183105469,33.98500061035156,34.11000061035156,1881775.0
2025-04-29T09:30:00-04:00,33.790000915527344,33.91999816894531,33.25,33.39500045776367,3136997.0
2025-04-29T10:30:00-04:00,33.393001556396484,34.224998474121094,33.369998931884766,34.03499984741211,2810413.0
2025-04-29T11:30:00-04:00,34.03499984741211,34.209999084472656,33.869998931884766,34.040000915527344,1396266.0
2025-04-29T12:30:00-04:00,34.04999923706055,34.10499954223633,33.845001220703125,34.064998626708984,1203509.0
2025-04-29T13:30:00-04:00,34.06999969482422,34.16999816894531,34.0,34.07500076293945,1557014.0
2025-04-29T14:30:00-04:00,34.07500076293945,34.287498474121094,34.04999923706055,34.23500061035156,1167644.0
2025-04-29T15:30:00-04:00,34.2400016784668,34.27000045776367,34.08000183105469,34.119998931884766,1670145.0
2025-04-30T09:30:00-04:00,33.439998626708984,33.619998931884766,32.75,33.07500076293945,2390833.0
2025-04-30T10:30:00-04:00,33.06999969482422,33.36000061035156,32.85499954223633,33.244998931884766,1480720.0
2025-04-30T11:30:00-04:00,33.25,33.380001068115234,32.70000076293945,32.720001220703125,2152998.0
2025-04-30T12:30:00-04:00,32.71500015258789,32.92499923706055,32.630001068115234,32.89500045776367,2118598.0
2025-04-30T13:30:00-04:00,32.88999938964844,33.2400016784668,32.880001068115234,33.01499938964844,1520210.0
2025-04-30T14:30:00-04:00,33.0099983215332,33.08000183105469,32.88999938964844,32.974998474121094,2673996.0
2025-04-30T15:30:00-04:00,32.97999954223633,33.3849983215332,32.92100143432617,33.2400016784668,6760698.0
2025-05-01T09:30:00-04:00,33.20000076293945,34.154998779296875,33.11000061035156,34.029998779296875,3317332.0
2025-05-01T10:30:00-04:00,34.02000045776367,34.244998931884766,33.93000030517578,34.119998931884766,2097982.0
2025-05-01T11:30:00-04:00,34.125,34.1349983215332,33.45000076293945,33.47999954223633,2410634.0
2025-05-01T12:30:00-04:00,33.47010040283203,33.69499969482422,33.42499923706055,33.68000030517578,1427331.0
2025-05-01T13:30:00-04:00,33.68000030517578,33.9900016784668,33.595001220703125,33.8849983215332,1688850.0
2025-05-01T14:30:00-04:00,33.8849983215332,33.95000076293945,33.79499816894531,33.869998931884766,1867173.0
2025-05-01T15:30:00-04:00,33.869998931884766,33.915000915527344,33.709999084472656,33.7599983215332,3063932.0
2025-05-02T09:30:00-04:00,34.209999084472656,34.459999084472656,33.810001373291016,34.29999923706055,3386325.0
2025-05-02T10:30:00-04:00,34.29999923706055,34.40999984741211,34.209999084472656,34.244998931884766,1459927.0
2025-05-02T11:30:00-04:00,34.244998931884766,34.63999938964844,34.224998474121094,34.435001373291016,1662122.0
2025-05-02T12:30:00-04:00,34.435001373291016,34.58000183105469,34.36000061035156,34.525001525878906,1104094.0
2025-05-02T13:30:00-04:00,34.529998779296875,34.70000076293945,34.4900016784668,34.60499954223633,853261.0
2025-05-02T14:30:00-04:00,34.60499954223633,34.665000915527344,34.5,34.6150016784668,1055314.0
2025-05-02T15:30:00-04:00,34.619998931884766,34.7599983215332,34.5724983215332,34.709999084472656,2265006.0
2025-05-05T09:30:00-04:00,33.904998779296875,34.2400016784668,33.755001068115234,34.064998626708984,3318193.0
2025-05-05T10:30:00-04:00,34.064998626708984,34.220001220703125,33.970001220703125,34.1349983215332,2867344.0
2025-05-05T11:30:00-04:00,34.13999938964844,34.310001373291016,34.05500030517578,34.21500015258789,1712779.0
2025-05-05T12:30:00-04:00,34.220001220703125,34.220001220703125,33.97999954223633,33.994998931884766,1474209.0
2025-05-05T13:30:00-04:00,33.9900016784668,34.1150016784668,33.98500061035156,34.05500030517578,1266059.0
2025-05-05T14:30:00-04:00,34.05500030517578,34.130001068115234,33.935001373291016,33.935001373291016,1916096.0
2025-05-05T15:30:00-04:00,33.93000030517578,34.01499938964844,33.720001220703125,33.76499938964844,2207619.0
2025-05-06T09:30:00-04:00,34.099998474121094,34.314998626708984,33.77000045776367,34.16999816894531,2027207.0
2025-05-06T10:30:00-04:00,34.16999816894531,34.185001373291016,33.834999084472656,33.915000915527344,1086327.0
2025-05-06T11:30:00-04:00,33.91999816894531,34.220001220703125,33.869998931884766,33.974998474121094,1309999.0
2025-05-06T12:30:00-04:00,33.97460174560547,34.047000885009766,33.66999816894531,33.724998474121094,1165109.0
2025-05-06T13:30:00-04:00,33.720001220703125,33.79999923706055,33.43000030517578,33.64500045776367,2809152.0
2025-05-06T14:30:00-04:00,33.64500045776367,33.81999969482422,33.619998931884766,33.80500030517578,2517658.0
2025-05-06T15:30:00-04:00,33.80500030517578,33.834999084472656,33.560001373291016,33.58000183105469,3028443.0
2025-05-07T09:30:00-04:00,33.560001373291016,33.7400016784668,33.290000915527344,33.505001068115234,1683719.0
2025-05-07T10:30:00-04:00,33.5,33.685001373291016,33.415000915527344,33.654998779296875,1938721.0
2025-05-07T11:30:00-04:00,33.650001525878906,33.68000030517578,33.5,33.505001068115234,1185716.0
2025-05-07T12:30:00-04:00,33.5,33.7400016784668,33.4900016784668,33.54999923706055,803684.0
2025-05-07T13:30:00-04:00,33.54999923706055,33.59000015258789,33.22999954223633,33.46500015258789,1343612.0
2025-05-07T14:30:00-04:00,33.459999084472656,33.67499923706055,33.40999984741211,33.43000030517578,1440399.0
2025-05-07T15:30:00-04:00,33.41999816894531,33.64500045776367,33.38999938964844,33.494998931884766,1969096.0
2025-05-08T09:30:00-04:00,34.0,34.584999084472656,33.90999984741211,34.4468994140625,2949655.0
2025-05-08T10:30:00-04:00,34.439998626708984,34.6150016784668,34.150001525878906,34.470001220703125,1639417.0
2025-05-08T11:30:00-04:00,34.474998474121094,34.98500061035156,34.40999984741211,34.73500061035156,1392231.0
2025-05-08T12:30:00-04:00,34.73500061035156,34.86989974975586,34.54999923706055,34.57500076293945,1324389.0
2025-05-08T13:30:00-04:00,34.58000183105469,34.64500045776367,34.42499923706055,34.53499984741211,1334934.0
2025-05-08T14:30:00-04:00,34.529998779296875,34.665000915527344,34.46139907836914,34.595001220703125,1252813.0
2025-05-08T15:30:00-04:00,34.599998474121094,34.6150016784668,34.23500061035156,34.31999969482422,2017959.0
2025-05-09T09:30:00-04:00,34.7599983215332,34.97999954223633,34.35499954223633,34.40999984741211,2135440.0
2025-05-09T10:30:00-04:00,34.40999984741211,34.61000061035156,34.375,34.51499938964844,748427.0
2025-05-09T11:30:00-04:00,34.51499938964844,34.6150016784668,34.43000030517578,34.459999084472656,631112.0
2025-05-09T12:30:00-04:00,34.459999084472656,34.6349983215332,34.38999938964844,34.595001220703125,575536.0
2025-05-09T13:30:00-04:00,34.599998474121094,34.65999984741211,34.53499984741211,34.61000061035156,500791.0
2025-05-09T14:30:00-04:00,34.61000061035156,34.73500061035156,34.57500076293945,34.65999984741211,734451.0
2025-05-09T15:30:00-04:00,34.65999984741211,34.68000030517578,34.43000030517578,34.540000915527344,1076460.0
2025-05-12T09:30:00-04:00,35.95500183105469,36.869998931884766,35.95000076293945,36.14500045776367,3319439.0
2025-05-12T10:30:00-04:00,36.150001525878906,36.220001220703125,35.73500061035156,35.73500061035156,1211032.0
2025-05-12T11:30:00-04:00,35.7400016784668,35.86000061035156,35.654998779296875,35.72999954223633,723392.0
2025-05-12T12:30:00-04:00,35.7400016784668,36.02000045776367,35.7400016784668,35.834999084472656,818462.0
2025-05-12T13:30:00-04:00,35.84000015258789,35.91999816894531,35.730098724365234,35.7599983215332,709262.0
2025-05-12T14:30:00-04:00,35.77000045776367,35.93000030517578,35.77000045776367,35.8849983215332,760221.0
2025-05-12T15:30:00-04:00,35.880001068115234,35.939998626708984,35.755001068115234,35.84000015258789,1866908.0
2025-05-13T09:30:00-04:00,36.0,36.099998474121094,35.755001068115234,35.9900016784668,1374285.0
2025-05-13T10:30:00-04:00,35.9900016784668,36.095001220703125,35.77000045776367,35.98500061035156,1097796.0
2025-05-13T11:30:00-04:00,35.97999954223633,36.154998779296875,35.92499923706055,36.154998779296875,811948.0
2025-05-13T12:30:00-04:00,36.150001525878906,36.26499938964844,36.07500076293945,36.224998474121094,787561.0
2025-05-13T13:30:00-04:00,36.22999954223633,36.345001220703125,36.099998474121094,36.310001373291016,955090.0
2025-05-13T14:30:00-04:00,36.310001373291016,36.439998626708984,36.27000045776367,36.3849983215332,944469.0
2025-05-13T15:30:00-04:00,36.3849983215332,36.41999816894531,36.099998474121094,36.1150016784668,1288118.0
2025-05-14T09:30:00-04:00,35.70000076293945,36.11000061035156,35.650001525878906,35.98080062866211,2167580.0
2025-05-14T10:30:00-04:00,35.970001220703125,36.11000061035156,35.8650016784668,36.095001220703125,1208437.0
2025-05-14T11:30:00-04:00,36.09000015258789,36.334999084472656,36.064998626708984,36.1150016784668,1492413.0
2025-05-14T12:30:00-04:00,36.1150016784668,36.189998626708984,35.98500061035156,36.03499984741211,561699.0
2025-05-14T13:30:00-04:00,36.029998779296875,36.1349983215332,35.904998779296875,35.90999984741211,749156.0
2025-05-14T14:30:00-04:00,35.90999984741211,36.10540008544922,35.90999984741211,36.09000015258789,932869.0
2025-05-14T15:30:00-04:00,36.084999084472656,36.13999938964844,35.9900016784668,36.02000045776367,1215639.0
2025-05-15T09:30:00-04:00,35.470001220703125,35.650001525878906,34.9900016784668,34.994998931884766,2656748.0
2025-05-15T10:30:00-04:00,35.0,35.310001373291016,34.994998931884766,35.275001525878906,1637920.0
2025-05-15T11:30:00-04:00,35.275001525878906,35.459999084472656,35.21500015258789,35.44499969482422,892322.0
2025-05-15T12:30:00-04:00,35.44499969482422,35.54999923706055,35.404998779296875,35.531700134277344,666371.0
2025-05-15T13:30:00-04:00,35.540000915527344,35.540000915527344,35.41999816894531,35.519901275634766,772242.0
2025-05-15T14:30:00-04:00,35.51499938964844,35.689998626708984,35.51499938964844,35.6150016784668,965831.0
2025-05-15T15:30:00-04:00,35.619998931884766,35.75,35.560001373291016,35.73500061035156,1254931.0
2025-05-16T09:30:00-04:00,35.66999816894531,35.79999923706055,35.220001220703125,35.25,2308676.0
2025-05-16T10:30:00-04:00,35.255001068115234,35.41999816894531,35.154998779296875,35.224998474121094,1443090.0
2025-05-16T11:30:00-04:00,35.22999954223633,35.525001525878906,35.189998626708984,35.46500015258789,899908.0
2025-05-16T12:30:00-04:00,35.46652603149414,35.560001373291016,35.3849983215332,35.54499816894531,628414.0
2025-05-16T13:30:00-04:00,35.540000915527344,35.64500045776367,35.480098724365234,35.564998626708984,935887.0
2025-05-16T14:30:00-04:00,35.564998626708984,35.7599983215332,35.54999923706055,35.654998779296875,1106672.0
2025-05-16T15:30:00-04:00,35.650001525878906,35.810001373291016,35.63999938964844,35.77000045776367,2163355.0
2025-05-19T09:30:00-04:00,35.380001068115234,35.470001220703125,34.779998779296875,34.96500015258789,2216100.0
2025-05-19T10:30:00-04:00,34.96500015258789,35.15999984741211,34.93000030517578,35.064998626708984,1064322.0
2025-05-19T11:30:00-04:00,35.064998626708984,35.23649978637695,35.05500030517578,35.154998779296875,798245.0
2025-05-19T12:30:00-04:00,35.150001525878906,35.2400016784668,35.0099983215332,35.19499969482422,1320527.0
2025-05-19T13:30:00-04:00,35.189998626708984,35.209999084472656,34.97999954223633,35.019901275634766,1120250.0
2025-05-19T14:30:00-04:00,35.0099983215332,35.09000015258789,34.89500045776367,34.900001525878906,764949.0
2025-05-19T15:30:00-04:00,34.900001525878906,35.130001068115234,34.900001525878906,35.099998474121094,1335841.0
2025-05-20T09:30:00-04:00,35.06999969482422,35.06999969482422,34.63999938964844,34.8849983215332,2643704.0
2025-05-20T10:30:00-04:00,34.8849983215332,34.959999084472656,34.720001220703125,34.77000045776367,2126040.0
2025-05-20T11:30:00-04:00,34.775001525878906,34.779998779296875,34.540000915527344,34.61000061035156,1796330.0
2025-05-20T12:30:00-04:00,34.619998931884766,34.75,34.599998474121094,34.650001525878906,973050.0
2025-05-20T13:30:00-04:00,34.64500045776367,34.7400016784668,34.42499923706055,34.435001373291016,1212613.0
2025-05-20T14:30:00-04:00,34.435001373291016,34.560001373291016,34.39500045776367,34.5,1422348.0
2025-05-20T15:30:00-04:00,34.5099983215332,34.59000015258789,34.44499969482422,34.56999969482422,1456494.0
2025-05-21T09:30:00-04:00,34.33000183105469,34.52000045776367,34.189998626708984,34.459999084472656,1940335.0
2025-05-21T10:30:00-04:00,34.45000076293945,34.45000076293945,34.20500183105469,34.369998931884766,1480076.0
2025-05-21T11:30:00-04:00,34.369998931884766,34.505001068115234,34.28499984741211,34.44499969482422,1339208.0
2025-05-21T12:30:00-04:00,34.439998626708984,34.619998931884766,34.20500183105469,34.22999954223633,1676879.0
2025-05-21T13:30:00-04:00,34.22999954223633,34.5,34.0525016784668,34.1150016784668,1686073.0
2025-05-21T14:30:00-04:00,34.11000061035156,34.18579864501953,33.904998779296875,33.915000915527344,1176462.0
2025-05-21T15:30:00-04:00,33.915000915527344,34.05500030517578,33.849998474121094,33.86000061035156,1754917.0
2025-05-22T09:30:00-04:00,33.58000183105469,33.59000015258789,33.18000030517578,33.439998626708984,1800237.0
2025-05-22T10:30:00-04:00,33.439998626708984,33.540000915527344,33.334999084472656,33.375,933634.0
2025-05-22T11:30:00-04:00,33.369998931884766,33.755001068115234,33.3650016784668,33.665000915527344,935424.0
2025-05-22T12:30:00-04:00,33.66999816894531,33.810001373291016,33.599998474121094,33.79999923706055,1541914.0
2025-05-22T13:30:00-04:00,33.80500030517578,33.935001373291016,33.7400016784668,33.875,856007.0
2025-05-22T14:30:00-04:00,33.875,33.95500183105469,33.790000915527344,33.92499923706055,1635371.0
2025-05-22T15:30:00-04:00,33.92499923706055,33.93000030517578,33.709999084472656,33.72999954223633,2475958.0
2025-05-23T09:30:00-04:00,33.119998931884766,33.560001373291016,33.099998474121094,33.459999084472656,2065296.0
2025-05-23T10:30:00-04:00,33.45000076293945,33.51499938964844,33.28499984741211,33.487701416015625,1428029.0
2025-05-23T11:30:00-04:00,33.47999954223633,33.540000915527344,33.380001068115234,33.41999816894531,1017315.0
2025-05-23T12:30:00-04:00,33.40999984741211,33.58000183105469,33.375,33.560001373291016,921826.0
2025-05-23T13:30:00-04:00,33.560001373291016,33.66999816894531,33.53499984741211,33.630001068115234,836263.0
2025-05-23T14:30:00-04:00,33.625,33.7599983215332,33.59000015258789,33.619998931884766,1159793.0
2025-05-23T15:30:00-04:00,33.6150016784668,33.72999954223633,33.560001373291016,33.654998779296875,1463796.0
2025-05-27T09:30:00-04:00,33.970001220703125,34.029998779296875,33.47999954223633,33.685001373291016,2486028.0
2025-05-27T10:30:00-04:00,33.68000030517578,33.76499938964844,33.61000061035156,33.724998474121094,1753332.0
2025-05-27T11:30:00-04:00,33.724998474121094,33.85499954223633,33.6349983215332,33.78499984741211,2016418.0
2025-05-27T12:30:00-04:00,33.779998779296875,33.959999084472656,33.77090072631836,33.880001068115234,1023618.0
2025-05-27T13:30:00-04:00,33.875,34.10499954223633,33.830101013183594,33.94499969482422,2450207.0
2025-05-27T14:30:00-04:00,33.94499969482422,34.02000045776367,33.86000061035156,33.94499969482422,1717835.0
2025-05-27T15:30:00-04:00,33.94499969482422,33.97999954223633,33.84000015258789,33.93000030517578,2753020.0
2025-05-28T09:30:00-04:00,34.31999969482422,34.36000061035156,33.7599983215332,34.0,1721440.0
2025-05-28T10:30:00-04:00,33.994998931884766,34.005001068115234,33.72999954223633,33.73500061035156,1322348.0
2025-05-28T11:30:00-04:00,33.73500061035156,33.84000015258789,33.69499969482422,33.814998626708984,782401.0
2025-05-28T12:30:00-04:00,33.81999969482422,33.974998474121094,33.81999969482422,33.89500045776367,672933.0
2025-05-28T13:30:00-04:00,33.89500045776367,33.939998626708984,33.834999084472656,33.845001220703125,825782.0
2025-05-28T14:30:00-04:00,33.845001220703125,33.880001068115234,33.560001373291016,33.57500076293945,1599681.0
2025-05-28T15:30:00-04:00,33.57500076293945,33.61000061035156,33.470001220703125,33.58000183105469,2581009.0
2025-05-29T09:30:00-04:00,33.81999969482422,33.880001068115234,33.40999984741211,33.5,1195070.0
2025-05-29T10:30:00-04:00,33.494998931884766,33.63999938964844,33.45500183105469,33.595001220703125,1079384.0
2025-05-29T11:30:00-04:00,33.59049987792969,33.61000061035156,33.33000183105469,33.505001068115234,933043.0
2025-05-29T12:30:00-04:00,33.5,33.60499954223633,33.43000030517578,33.53499984741211,957658.0
2025-05-29T13:30:00-04:00,33.53499984741211,33.689998626708984,33.529998779296875,33.56999969482422,1050842.0
2025-05-29T14:30:00-04:00,33.56999969482422,33.65999984741211,33.56999969482422,33.59000015258789,1465007.0
2025-05-29T15:30:00-04:00,33.59000015258789,33.7400016784668,33.58000183105469,33.70000076293945,1842797.0
2025-05-30T09:30:00-04:00,33.400001525878906,33.5,32.95500183105469,33.21500015258789,1983989.0
2025-05-30T10:30:00-04:00,33.209999084472656,33.27000045776367,33.084999084472656,33.220001220703125,993071.0
2025-05-30T11:30:00-04:00,33.220001220703125,33.244998931884766,32.89500045776367,32.91999816894531,1470118.0
2025-05-30T12:30:00-04:00,32.93000030517578,33.032501220703125,32.84000015258789,33.005001068115234,1144212.0
2025-05-30T13:30:00-04:00,33.005001068115234,33.165401458740234,33.0,33.084999084472656,968270.0
2025-05-30T14:30:00-04:00,33.09000015258789,33.220001220703125,33.064998626708984,33.19499969482422,1551910.0
2025-05-30T15:30:00-04:00,33.189998626708984,33.22999954223633,33.0099983215332,33.040000915527344,2783661.0
2025-06-02T09:30:00-04:00,33.7400016784668,33.83000183105469,32.90999984741211,33.29999923706055,2807072.0
2025-06-02T10:30:00-04:00,33.290000915527344,33.47999954223633,33.2218017578125,33.255001068115234,1508223.0
2025-06-02T11:30:00-04:00,33.2599983215332,33.400001525878906,33.230098724365234,33.400001525878906,1401509.0
2025-06-02T12:30:00-04:00,33.39500045776367,33.43000030517578,33.26499938964844,33.29499816894531,997126.0
2025-06-02T13:30:00-04:00,33.29650115966797,33.34749984741211,33.084999084472656,33.220001220703125,1038783.0
2025-06-02T14:30:00-04:00,33.21500015258789,33.39500045776367,33.21500015258789,33.3650016784668,1072339.0
2025-06-02T15:30:00-04:00,33.3650016784668,33.39500045776367,33.279998779296875,33.32500076293945,2135318.0
2025-06-03T09:30:00-04:00,33.400001525878906,33.65999984741211,32.83000183105469,33.64500045776367,2495690.0
2025-06-03T10:30:00-04:00,33.650001525878906,34.22999954223633,33.64500045776367,34.224998474121094,2087560.0
2025-06-03T11:30:00-04:00,34.220001220703125,34.33000183105469,34.150001525878906,34.220001220703125,1285708.0
2025-06-03T12:30:00-04:00,34.22010040283203,34.349998474121094,34.189998626708984,34.23500061035156,1646617.0
2025-06-03T13:30:00-04:00,34.2400016784668,34.29999923706055,34.09000015258789,34.29499816894531,1273504.0
2025-06-03T14:30:00-04:00,34.290000915527344,34.369998931884766,34.165000915527344,34.185001373291016,2162972.0
2025-06-03T15:30:00-04:00,34.185001373291016,34.2400016784668,34.040000915527344,34.099998474121094,3049290.0
2025-06-04T09:30:00-04:00,33.880001068115234,34.209999084472656,33.689998626708984,34.064998626708984,1929142.0
2025-06-04T10:30:00-04:00,34.064998626708984,34.06999969482422,33.41849899291992,33.48500061035156,2260134.0
2025-06-04T11:30:00-04:00,33.48500061035156,33.52000045776367,33.130001068115234,33.22999954223633,1777989.0
2025-06-04T12:30:00-04:00,33.23500061035156,33.310001373291016,33.13999938964844,33.255001068115234,1205523.0
2025-06-04T13:30:00-04:00,33.255001068115234,33.306800842285156,33.13999938964844,33.306800842285156,1181087.0
2025-06-04T14:30:00-04:00,33.310001373291016,33.349998474121094,33.25,33.345001220703125,1806406.0
2025-06-04T15:30:00-04:00,33.345001220703125,33.349998474121094,33.22999954223633,33.22999954223633,1875193.0
2025-06-05T09:30:00-04:00,33.45500183105469,33.52000045776367,33.08000183105469,33.15999984741211,1803679.0
2025-06-05T10:30:00-04:00,33.15999984741211,33.43000030517578,33.04999923706055,33.415000915527344,1406994.0
2025-06-05T11:30:00-04:00,33.40999984741211,33.5,33.36389923095703,33.46500015258789,1406483.0
2025-06-05T12:30:00-04:00,33.470001220703125,33.47999954223633,33.334999084472656,33.404998779296875,824074.0
2025-06-05T13:30:00-04:00,33.40999984741211,33.489898681640625,33.209999084472656,33.26499938964844,928984.0
2025-06-05T14:30:00-04:00,33.26499938964844,33.3650016784668,33.08000183105469,33.185001373291016,1191327.0
2025-06-05T15:30:00-04:00,33.189998626708984,33.26499938964844,33.040000915527344,33.09000015258789,2065431.0
2025-06-06T09:30:00-04:00,33.540000915527344,34.05500030517578,33.5099983215332,33.904998779296875,1669216.0
2025-06-06T10:30:00-04:00,33.904998779296875,34.025001525878906,33.77000045776367,33.79999923706055,1271122.0
2025-06-06T11:30:00-04:00,33.79999923706055,33.97999954223633,33.790000915527344,33.834999084472656,1198010.0
2025-06-06T12:30:00-04:00,33.834999084472656,33.904998779296875,33.68000030517578,33.70500183105469,1405678.0
2025-06-06T13:30:00-04:00,33.70009994506836,33.79999923706055,33.685001373291016,33.73899841308594,686473.0
2025-06-06T14:30:00-04:00,33.73500061035156,33.869998931884766,33.73500061035156,33.78499984741211,899090.0
2025-06-06T15:30:00-04:00,33.78499984741211,33.88999938964844,33.78499984741211,33.86000061035156,1806136.0
2025-06-09T09:30:00-04:00,34.119998931884766,34.494998931884766,33.90999984741211,34.279998779296875,2367764.0
2025-06-09T10:30:00-04:00,34.275001525878906,34.415000915527344,34.1150016784668,34.150001525878906,1790232.0
2025-06-09T11:30:00-04:00,34.150001525878906,34.25,34.11000061035156,34.25,1041802.0
2025-06-09T12:30:00-04:00,34.25,34.52000045776367,34.25,34.404998779296875,1198113.0
2025-06-09T13:30:00-04:00,34.404998779296875,34.459999084472656,34.36000061035156,34.44499969482422,1122946.0
2025-06-09T14:30:00-04:00,34.44499969482422,34.45989990234375,34.25,34.255001068115234,973910.0
2025-06-09T15:30:00-04:00,34.25,34.25,34.09000015258789,34.099998474121094,1904441.0
2025-06-10T09:30:00-04:00,34.540000915527344,35.369998931884766,34.349998474121094,35.34000015258789,2544411.0
2025-06-10T10:30:00-04:00,35.345001220703125,35.65999984741211,35.34000015258789,35.650001525878906,1707750.0
2025-06-10T11:30:00-04:00,35.63999938964844,35.77000045776367,35.560001373291016,35.69499969482422,1835009.0
2025-06-10T12:30:00-04:00,35.69499969482422,35.779998779296875,35.56999969482422,35.60499954223633,1307503.0
2025-06-10T13:30:00-04:00,35.59749984741211,35.630001068115234,35.310001373291016,35.33649826049805,1371981.0
2025-06-10T14:30:00-04:00,35.334999084472656,35.45500183105469,35.22999954223633,35.42499923706055,2120636.0
2025-06-10T15:30:00-04:00,35.42499923706055,35.53499984741211,35.28010177612305,35.5099983215332,2675257.0
2025-06-11T09:30:00-04:00,35.650001525878906,35.779998779296875,35.150001525878906,35.439998626708984,3759064.0
2025-06-11T10:30:00-04:00,35.44499969482422,35.54499816894531,35.400001525878906,35.459999084472656,1389786.0
2025-06-11T11:30:00-04:00,35.470001220703125,35.525001525878906,35.29999923706055,35.375,949648.0
2025-06-11T12:30:00-04:00,35.380001068115234,35.5,35.279998779296875,35.44499969482422,726915.0
2025-06-11T13:30:00-04:00,35.44499969482422,35.845001220703125,35.35499954223633,35.82500076293945,1583387.0
2025-06-11T14:30:00-04:00,35.81999969482422,35.94499969482422,35.5900993347168,35.70000076293945,1981240.0
2025-06-11T15:30:00-04:00,35.685001373291016,35.709999084472656,35.56999969482422,35.68000030517578,1994850.0
2025-06-12T09:30:00-04:00,35.25,35.63999938964844,34.91999816894531,35.42499923706055,2700167.0
2025-06-12T10:30:00-04:00,35.43000030517578,35.55500030517578,35.36000061035156,35.46500015258789,1014552.0
2025-06-12T11:30:00-04:00,35.459999084472656,35.6150016784668,35.41999816894531,35.58000183105469,985705.0
2025-06-12T12:30:00-04:00,35.58000183105469,35.69499969482422,35.4900016784668,35.66999816894531,825563.0
2025-06-12T13:30:00-04:00,35.64500045776367,35.68000030517578,35.52000045776367,35.56999969482422,574382.0
2025-06-12T14:30:00-04:00,35.560001373291016,35.650001525878906,35.525001525878906,35.595001220703125,1264587.0
2025-06-12T15:30:00-04:00,35.595001220703125,35.63999938964844,35.5099983215332,35.625,1398671.0
2025-06-13T09:30:00-04:00,36.209999084472656,36.439998626708984,35.56999969482422,36.099998474121094,3700242.0
2025-06-13T10:30:00-04:00,36.119998931884766,36.13999938964844,35.73500061035156,35.959999084472656,1854948.0
2025-06-13T11:30:00-04:00,35.95000076293945,36.14500045776367,35.779998779296875,35.79499816894531,1189612.0
2025-06-13T12:30:00-04:00,35.79999923706055,36.09000015258789,35.79999923706055,35.90999984741211,942072.0
2025-06-13T13:30:00-04:00,35.91999816894531,36.11000061035156,35.900001525878906,36.02000045776367,1208018.0
2025-06-13T14:30:00-04:00,36.0099983215332,36.29999923706055,35.97999954223633,36.2400016784668,1418039.0
2025-06-13T15:30:00-04:00,36.23500061035156,36.31999969482422,36.064998626708984,36.29499816894531,3120852.0
2025-06-16T09:30:00-04:00,36.13999938964844,36.401798248291016,35.57500076293945,35.820098876953125,3679830.0
2025-06-16T10:30:00-04:00,35.82500076293945,36.02000045776367,35.72999954223633,35.77000045776367,2014529.0
2025-06-16T11:30:00-04:00,35.77000045776367,35.935001373291016,35.72010040283203,35.900001525878906,1306673.0
2025-06-16T12:30:00-04:00,35.89500045776367,36.0099983215332,35.89500045776367,35.98500061035156,1429944.0
2025-06-16T13:30:00-04:00,35.9807014465332,36.066001892089844,35.95000076293945,35.9900016784668,1002067.0
2025-06-16T14:30:00-04:00,35.989898681640625,35.989898681640625,35.83000183105469,35.89500045776367,1158464.0
2025-06-16T15:30:00-04:00,35.900001525878906,35.959999084472656,35.814998626708984,35.90999984741211,1899399.0
2025-06-17T09:30:00-04:00,36.0,36.599998474121094,35.849998474121094,36.470001220703125,2102746.0
2025-06-17T10:30:00-04:00,36.46500015258789,36.599998474121094,36.290000915527344,36.35169982910156,1869266.0
2025-06-17T11:30:00-04:00,36.35499954223633,36.36000061035156,36.18000030517578,36.279998779296875,991868.0
2025-06-17T12:30:00-04:00,36.275001525878906,36.36000061035156,36.13140106201172,36.20500183105469,1189914.0
2025-06-17T13:30:00-04:00,36.20000076293945,36.36000061035156,36.095001220703125,36.26499938964844,942158.0
2025-06-17T14:30:00-04:00,36.27000045776367,36.310001373291016,36.095001220703125,36.10499954223633,943797.0
2025-06-17T15:30:00-04:00,36.10499954223633,36.18989944458008,36.029998779296875,36.08000183105469,2153397.0
2025-06-18T09:30:00-04:00,36.099998474121094,36.439998626708984,35.86000061035156,36.029998779296875,2417048.0
2025-06-18T10:30:00-04:00,36.025001525878906,36.084999084472656,35.81999969482422,35.939998626708984,1955435.0
2025-06-18T11:30:00-04:00,35.96500015258789,36.11000061035156,35.935001373291016,36.025001525878906,1018672.0
2025-06-18T12:30:00-04:00,36.029998779296875,36.11000061035156,36.0,36.09000015258789,735757.0
2025-06-18T13:30:00-04:00,36.09479904174805,36.20000076293945,36.005001068115234,36.19499969482422,901246.0
2025-06-18T14:30:00-04:00,36.20000076293945,36.27000045776367,35.81999969482422,35.85499954223633,2086219.0
2025-06-18T15:30:00-04:00,35.849998474121094,36.025001525878906,35.81999969482422,35.849998474121094,2202157.0
2025-06-20T09:30:00-04:00,35.939998626708984,36.065399169921875,35.744998931884766,35.85499954223633,3210266.0
2025-06-20T10:30:00-04:00,35.86000061035156,35.904998779296875,35.599998474121094,35.64500045776367,977431.0
2025-06-20T11:30:00-04:00,35.65999984741211,35.75550079345703,35.62269973754883,35.69499969482422,795987.0
2025-06-20T12:30:00-04:00,35.69499969482422,35.70970153808594,35.52000045776367,35.595001220703125,907827.0
2025-06-20T13:30:00-04:00,35.595001220703125,35.650001525878906,35.4900016784668,35.56999969482422,946361.0
2025-06-20T14:30:00-04:00,35.57500076293945,35.709999084472656,35.54999923706055,35.650001525878906,900240.0
2025-06-20T15:30:00-04:00,35.654998779296875,35.98500061035156,35.64500045776367,35.83000183105469,3803354.0
2025-06-23T09:30:00-04:00,36.15999984741211,36.165000915527344,35.30500030517578,35.345298767089844,3009602.0
2025-06-23T10:30:00-04:00,35.349998474121094,35.38999938964844,34.904998779296875,34.95000076293945,1638769.0
2025-06-23T11:30:00-04:00,34.94499969482422,35.119998931884766,34.93000030517578,35.0,1728804.0
2025-06-23T12:30:00-04:00,35.005001068115234,35.0099983215332,34.275001525878906,34.44499969482422,2804731.0
2025-06-23T13:30:00-04:00,34.45000076293945,34.599998474121094,33.775001525878906,33.810001373291016,3312297.0
2025-06-23T14:30:00-04:00,33.80500030517578,33.95000076293945,33.70000076293945,33.7599983215332,3052108.0
2025-06-23T15:30:00-04:00,33.76499938964844,33.80500030517578,33.619998931884766,33.7400016784668,3973181.0
2025-06-24T09:30:00-04:00,33.27000045776367,33.92499923706055,33.11029815673828,33.849998474121094,4711298.0
2025-06-24T10:30:00-04:00,33.84000015258789,33.970001220703125,33.71500015258789,33.76499938964844,1894779.0
2025-06-24T11:30:00-04:00,33.76499938964844,33.939998626708984,33.595001220703125,33.79499816894531,1990360.0
2025-06-24T12:30:00-04:00,33.790000915527344,33.810001373291016,33.52289962768555,33.55500030517578,1329107.0
2025-06-24T13:30:00-04:00,33.55500030517578,33.619998931884766,33.40999984741211,33.505001068115234,1077491.0
2025-06-24T14:30:00-04:00,33.5099983215332,33.56999969482422,33.440101623535156,33.54499816894531,1921372.0
2025-06-24T15:30:00-04:00,33.54499816894531,33.6599006652832,33.459999084472656,33.4900016784668,2694170.0
2025-06-25T09:30:00-04:00,33.4900016784668,33.6150016784668,33.30500030517578,33.505001068115234,2265268.0
2025-06-25T10:30:00-04:00,33.5099983215332,33.625,33.439998626708984,33.474998474121094,1767158.0
2025-06-25T11:30:00-04:00,33.47999954223633,33.71630096435547,33.45500183105469,33.5,1261396.0
2025-06-25T12:30:00-04:00,33.5,33.51499938964844,33.27000045776367,33.349998474121094,827270.0
2025-06-25T13:30:00-04:00,33.349998474121094,33.36000061035156,33.04999923706055,33.084999084472656,1101688.0
2025-06-25T14:30:00-04:00,33.084999084472656,33.415000915527344,33.06999969482422,33.415000915527344,1524842.0
2025-06-25T15:30:00-04:00,33.40999984741211,33.41999816894531,33.18000030517578,33.209999084472656,2518532.0
2025-06-26T09:30:00-04:00,33.27000045776367,33.595001220703125,33.16999816894531,33.57500076293945,2351835.0
2025-06-26T10:30:00-04:00,33.56999969482422,33.63999938964844,33.540000915527344,33.56999969482422,1930078.0
2025-06-26T11:30:00-04:00,33.57500076293945,33.7599983215332,33.46329879760742,33.720001220703125,1501045.0
2025-06-26T12:30:00-04:00,33.724998474121094,33.869998931884766,33.64500045776367,33.70000076293945,1095322.0
2025-06-26T13:30:00-04:00,33.70000076293945,33.810001373291016,33.689998626708984,33.749900817871094,1143923.0
2025-06-26T14:30:00-04:00,33.7400016784668,33.75715637207031,33.66999816894531,33.71500015258789,1490003.0
2025-06-26T15:30:00-04:00,33.71500015258789,33.83000183105469,33.68000030517578,33.81999969482422,2628062.0
2025-06-27T09:30:00-04:00,34.0,34.095001220703125,33.709999084472656,33.97999954223633,2109561.0
2025-06-27T10:30:00-04:00,33.9900016784668,34.15999984741211,33.92499923706055,34.125,1854756.0
2025-06-27T11:30:00-04:00,34.125,34.130001068115234,33.880001068115234,34.064998626708984,1629679.0
2025-06-27T12:30:00-04:00,34.064998626708984,34.09000015258789,33.95500183105469,34.029998779296875,768192.0
2025-06-27T13:30:00-04:00,34.03499984741211,34.076698303222656,33.82500076293945,33.82500076293945,1108617.0
2025-06-27T14:30:00-04:00,33.82500076293945,33.92499923706055,33.720001220703125,33.880001068115234,1333469.0
2025-06-27T15:30:00-04:00,33.880001068115234,34.04499816894531,33.845001220703125,33.994998931884766,2759963.0
2025-06-30T09:30:00-04:00,33.900001525878906,34.16999816894531,33.7599983215332,34.16460037231445,2253289.0
2025-06-30T10:30:00-04:00,34.15999984741211,34.20000076293945,34.08000183105469,34.18000030517578,1763905.0
2025-06-30T11:30:00-04:00,34.17499923706055,34.18000030517578,33.90999984741211,33.935001373291016,1436259.0
2025-06-30T12:30:00-04:00,33.935001373291016,34.029998779296875,33.8849983215332,33.95539855957031,959400.0
2025-06-30T13:30:00-04:00,33.95500183105469,33.959999084472656,33.755001068115234,33.80500030517578,633087.0
2025-06-30T14:30:00-04:00,33.80500030517578,33.880001068115234,33.720001220703125,33.78499984741211,1042075.0
2025-06-30T15:30:00-04:00,33.78670120239258,33.849998474121094,33.77000045776367,33.775001525878906,2261980.0
2025-07-01T09:30:00-04:00,33.79999923706055,33.90999984741211,33.45000076293945,33.88999938964844,1589158.0
2025-07-01T10:30:00-04:00,33.88999938964844,34.95000076293945,33.8849983215332,34.88999938964844,2123621.0
2025-07-01T11:30:00-04:00,34.900001525878906,35.77000045776367,34.86000061035156,35.63999938964844,2652416.0
2025-07-01T12:30:00-04:00,35.64500045776367,35.65999984741211,35.029998779296875,35.36249923706055,2943199.0
2025-07-01T13:30:00-04:00,35.3650016784668,35.404998779296875,35.165000915527344,35.220001220703125,1438163.0
2025-07-01T14:30:00-04:00,35.224998474121094,35.33000183105469,35.15999984741211,35.314998626708984,2658975.0
2025-07-01T15:30:00-04:00,35.310001373291016,35.334999084472656,35.095001220703125,35.189998626708984,2588118.0
2025-07-02T09:30:00-04:00,35.77000045776367,35.869998931884766,34.8650016784668,35.03499984741211,3392798.0
2025-07-02T10:30:00-04:00,35.029998779296875,35.54999923706055,34.9900016784668,35.5099983215332,1656833.0
2025-07-02T11:30:00-04:00,35.5099983215332,35.55500030517578,35.400001525878906,35.459999084472656,1054101.0
2025-07-02T12:30:00-04:00,35.45500183105469,35.470001220703125,35.310001373291016,35.470001220703125,1216537.0
2025-07-02T13:30:00-04:00,35.474998474121094,35.70000076293945,35.459999084472656,35.619998931884766,1590020.0
2025-07-02T14:30:00-04:00,35.619998931884766,35.849998474121094,35.54999923706055,35.654998779296875,1819513.0
2025-07-02T15:30:00-04:00,35.654998779296875,35.90999984741211,35.564998626708984,35.900001525878906,2634828.0
2025-07-03T09:30:00-04:00,36.0,36.0,35.599998474121094,35.70000076293945,1604432.0
2025-07-03T10:30:00-04:00,35.685001373291016,35.81999969482422,35.58000183105469,35.67499923706055,1460311.0
2025-07-03T11:30:00-04:00,35.66999816894531,35.7599983215332,35.4900016784668,35.564998626708984,1115866.0
2025-07-07T09:30:00-04:00,35.415000915527344,35.65999984741211,35.20000076293945,35.375,1559624.0
2025-07-07T10:30:00-04:00,35.380001068115234,35.43000030517578,35.02000045776367,35.025001525878906,1070765.0
2025-07-07T11:30:00-04:00,35.02470016479492,35.099998474121094,34.79999923706055,34.916500091552734,968370.0
2025-07-07T12:30:00-04:00,34.915000915527344,35.0,34.7599983215332,34.790000915527344,705649.0
2025-07-07T13:30:00-04:00,34.78499984741211,34.84000015258789,34.52000045776367,34.625,1042212.0
2025-07-07T14:30:00-04:00,34.630001068115234,34.880001068115234,34.630001068115234,34.7755012512207,1006900.0
2025-07-07T15:30:00-04:00,34.775001525878906,35.0,34.720001220703125,34.95000076293945,1995305.0
2025-07-08T09:30:00-04:00,34.97999954223633,35.95000076293945,34.939998626708984,35.80500030517578,1685479.0
2025-07-08T10:30:00-04:00,35.810001373291016,36.570499420166016,35.8047981262207,36.154998779296875,2189131.0
2025-07-08T11:30:00-04:00,36.154998779296875,36.459999084472656,36.07500076293945,36.43000030517578,2355629.0
2025-07-08T12:30:00-04:00,36.43000030517578,36.599998474121094,36.31999969482422,36.564998626708984,1100983.0
2025-07-08T13:30:00-04:00,36.564998626708984,36.709999084472656,36.3849983215332,36.59000015258789,924531.0
2025-07-08T14:30:00-04:00,36.59000015258789,36.64500045776367,36.41999816894531,36.505001068115234,949000.0
2025-07-08T15:30:00-04:00,36.505001068115234,36.599998474121094,36.45500183105469,36.529998779296875,2266311.0
2025-07-09T09:30:00-04:00,36.290000915527344,36.599998474121094,36.05500030517578,36.169898986816406,1829571.0
2025-07-09T10:30:00-04:00,36.16999816894531,36.189998626708984,35.98500061035156,36.17499923706055,1811854.0
2025-07-09T11:30:00-04:00,36.18000030517578,36.494998931884766,36.165000915527344,36.33000183105469,1463215.0
2025-07-09T12:30:00-04:00,36.34000015258789,36.369998931884766,36.165000915527344,36.185001373291016,912631.0
2025-07-09T13:30:00-04:00,36.189998626708984,36.22999954223633,36.04999923706055,36.07500076293945,918358.0
2025-07-09T14:30:00-04:00,36.095001220703125,36.20500183105469,36.09000015258789,36.20500183105469,859654.0
2025-07-09T15:30:00-04:00,36.20500183105469,36.25,36.119998931884766,36.2400016784668,2085952.0
2025-07-10T09:30:00-04:00,36.029998779296875,36.85499954223633,35.70000076293945,36.82500076293945,2431285.0
2025-07-10T10:30:00-04:00,36.83000183105469,36.97999954223633,36.61000061035156,36.81999969482422,1756791.0
2025-07-10T11:30:00-04:00,36.81999969482422,36.845001220703125,36.525001525878906,36.68840026855469,1080104.0
2025-07-10T12:30:00-04:00,36.68000030517578,36.790000915527344,36.63999938964844,36.685001373291016,667753.0
2025-07-10T13:30:00-04:00,36.689998626708984,36.790000915527344,36.58000183105469,36.63999938964844,818655.0
2025-07-10T14:30:00-04:00,36.64500045776367,36.65999984741211,36.470001220703125,36.560001373291016,1160236.0
2025-07-10T15:30:00-04:00,36.55500030517578,36.689998626708984,36.5099983215332,36.650001525878906,1965639.0
2025-07-11T09:30:00-04:00,36.45000076293945,37.099998474121094,36.334999084472656,37.08330154418945,1904278.0
2025-07-11T10:30:00-04:00,37.09000015258789,37.38999938964844,36.939998626708984,37.2400016784668,1815419.0
2025-07-11T11:30:00-04:00,37.2400016784668,38.150001525878906,37.189998626708984,37.369998931884766,1114332.0
2025-07-11T12:30:00-04:00,37.369998931884766,37.4900016784668,37.18009948730469,37.189998626708984,851086.0
2025-07-11T13:30:00-04:00,37.19499969482422,37.33000183105469,37.09000015258789,37.10499954223633,599243.0
2025-07-11T14:30:00-04:00,37.10770034790039,37.349998474121094,37.095001220703125,37.29999923706055,1317761.0
2025-07-11T15:30:00-04:00,37.30270004272461,37.380001068115234,37.220001220703125,37.310001373291016,2410234.0
2025-07-14T09:30:00-04:00,37.02000045776367,37.1150016784668,36.209999084472656,36.2599983215332,2989481.0
2025-07-14T10:30:00-04:00,36.2599983215332,36.650001525878906,35.959999084472656,36.17499923706055,1880884.0
2025-07-14T11:30:00-04:00,36.18000030517578,36.33000183105469,36.125,36.290000915527344,1086030.0
2025-07-14T12:30:00-04:00,36.29499816894531,36.435001373291016,36.134700775146484,36.22999954223633,1196324.0
2025-07-14T13:30:00-04:00,36.224998474121094,36.3650016784668,36.18000030517578,36.314998626708984,748402.0
2025-07-14T14:30:00-04:00,36.310001373291016,36.459999084472656,36.17499923706055,36.17499923706055,1017431.0
2025-07-14T15:30:00-04:00,36.17499923706055,36.29999923706055,36.1150016784668,36.2400016784668,2346395.0
2025-07-15T09:30:00-04:00,36.150001525878906,36.220001220703125,35.599998474121094,35.63999938964844,3086304.0
2025-07-15T10:30:00-04:00,35.63999938964844,35.82500076293945,35.310001373291016,35.45000076293945,2396554.0
2025-07-15T11:30:00-04:00,35.45500183105469,35.650001525878906,35.18000030517578,35.189998626708984,1637603.0
2025-07-15T12:30:00-04:00,35.189998626708984,35.30500030517578,35.03499984741211,35.16510009765625,1584242.0
2025-07-15T13:30:00-04:00,35.15999984741211,35.35499954223633,34.915000915527344,35.310001373291016,1566913.0
2025-07-15T14:30:00-04:00,35.310001373291016,35.35499954223633,35.0099983215332,35.06999969482422,1548851.0
2025-07-15T15:30:00-04:00,35.064998626708984,35.150001525878906,34.91999816894531,35.08000183105469,3032959.0
2025-07-16T09:30:00-04:00,35.0,35.189998626708984,34.64500045776367,34.67499923706055,3452469.0
2025-07-16T10:30:00-04:00,34.67499923706055,34.69499969482422,34.34000015258789,34.45500183105469,2942349.0
2025-07-16T11:30:00-04:00,34.4547004699707,34.650001525878906,34.29999923706055,34.63249969482422,1881424.0
2025-07-16T12:30:00-04:00,34.6349983215332,34.82500076293945,34.56999969482422,34.654998779296875,1956108.0
2025-07-16T13:30:00-04:00,34.650001525878906,34.76499938964844,34.580101013183594,34.63349914550781,1349367.0
2025-07-16T14:30:00-04:00,34.6349983215332,34.82500076293945,34.619998931884766,34.650001525878906,1573428.0
2025-07-16T15:30:00-04:00,34.650001525878906,34.70000076293945,34.529998779296875,34.61000061035156,3086609.0
2025-07-17T09:30:00-04:00,34.47999954223633,34.83000183105469,34.26499938964844,34.584999084472656,4669351.0
2025-07-17T10:30:00-04:00,34.58000183105469,34.85499954223633,34.40999984741211,34.595001220703125,5591949.0
2025-07-17T11:30:00-04:00,34.599998474121094,34.650001525878906,34.38999938964844,34.435001373291016,2176064.0
2025-07-17T12:30:00-04:00,34.439998626708984,34.52000045776367,34.17499923706055,34.29499816894531,2247973.0
2025-07-17T13:30:00-04:00,34.29499816894531,34.6150016784668,34.290000915527344,34.60499954223633,2505929.0
2025-07-17T14:30:00-04:00,34.60499954223633,34.68000030517578,34.400001525878906,34.61000061035156,4384398.0
2025-07-17T15:30:00-04:00,34.6150016784668,34.775001525878906,34.59000015258789,34.65999984741211,4076344.0
2025-07-18T09:30:00-04:00,34.869300842285156,35.11000061035156,33.689998626708984,33.90999984741211,11833240.0
2025-07-18T10:30:00-04:00,33.915000915527344,33.915000915527344,33.255001068115234,33.69580078125,4555628.0
2025-07-18T11:30:00-04:00,33.70000076293945,33.77000045776367,33.23500061035156,33.26499938964844,2676575.0
2025-07-18T12:30:00-04:00,33.26499938964844,33.45000076293945,33.17499923706055,33.345001220703125,2296258.0
2025-07-18T13:30:00-04:00,33.345001220703125,33.5,33.224998474121094,33.29499816894531,2648119.0
2025-07-18T14:30:00-04:00,33.29499816894531,33.459999084472656,33.22999954223633,33.375,3298354.0
2025-07-18T15:30:00-04:00,33.375,33.47999954223633,33.25,33.319801330566406,4186336.0
2025-07-21T09:30:00-04:00,33.650001525878906,34.279998779296875,33.459999084472656,33.88999938964844,5946172.0
2025-07-21T10:30:00-04:00,33.8849983215332,33.96500015258789,33.630001068115234,33.89500045776367,2702838.0
2025-07-21T11:30:00-04:00,33.89500045776367,34.02000045776367,33.79999923706055,33.845001220703125,2098638.0
2025-07-21T12:30:00-04:00,33.845001220703125,33.939998626708984,33.810001373291016,33.849998474121094,1455546.0
2025-07-21T13:30:00-04:00,33.845001220703125,33.88819885253906,33.66999816894531,33.69499969482422,1279879.0
2025-07-21T14:30:00-04:00,33.69499969482422,33.75,33.459999084472656,33.625,2268535.0
2025-07-21T15:30:00-04:00,33.625,33.665000915527344,33.470001220703125,33.54499816894531,2996535.0
2025-07-22T09:30:00-04:00,33.63999938964844,34.33000183105469,33.36000061035156,34.189998626708984,5507929.0
2025-07-22T10:30:00-04:00,34.189998626708984,34.21500015258789,33.90999984741211,34.13999938964844,2368334.0
2025-07-22T11:30:00-04:00,34.125,34.23500061035156,34.04999923706055,34.11000061035156,2028349.0
2025-07-22T12:30:00-04:00,34.1150016784668,34.20500183105469,34.0,34.165000915527344,1241446.0
2025-07-22T13:30:00-04:00,34.16999816894531,34.3650016784668,34.15999984741211,34.22999954223633,1624559.0
2025-07-22T14:30:00-04:00,34.224998474121094,34.3849983215332,34.18000030517578,34.3650016784668,2339165.0
2025-07-22T15:30:00-04:00,34.3650016784668,34.44499969482422,34.310001373291016,34.31999969482422,3150892.0
2025-07-23T09:30:00-04:00,34.84000015258789,35.04999923706055,34.57500076293945,34.94499969482422,3806912.0
2025-07-23T10:30:00-04:00,34.95000076293945,35.33000183105469,34.85499954223633,35.15999984741211,4577953.0
2025-07-23T11:30:00-04:00,35.16999816894531,35.4900016784668,35.04999923706055,35.48500061035156,2694990.0
2025-07-23T12:30:00-04:00,35.47999954223633,35.525001525878906,35.26499938964844,35.26499938964844,1966330.0
2025-07-23T13:30:00-04:00,35.2599983215332,35.33000183105469,35.14500045776367,35.224998474121094,2170326.0
2025-07-23T14:30:00-04:00,35.22999954223633,35.279998779296875,35.084999084472656,35.14500045776367,2061469.0
2025-07-23T15:30:00-04:00,35.14500045776367,35.20000076293945,35.095001220703125,35.150001525878906,2856476.0
2025-07-24T09:30:00-04:00,34.939998626708984,35.2599983215332,34.709999084472656,35.2599983215332,2079411.0
2025-07-24T10:30:00-04:00,35.26499938964844,35.400001525878906,34.9900016784668,35.130001068115234,1698098.0
2025-07-24T11:30:00-04:00,35.1349983215332,35.220001220703125,35.02000045776367,35.04499816894531,1467733.0
2025-07-24T12:30:00-04:00,35.04499816894531,35.11000061035156,34.834999084472656,34.974998474121094,2733341.0
2025-07-24T13:30:00-04:00,34.974998474121094,35.189998626708984,34.94499969482422,35.17499923706055,1192424.0
2025-07-24T14:30:00-04:00,35.17499923706055,35.279998779296875,35.09000015258789,35.25,1410966.0
2025-07-24T15:30:00-04:00,35.244998931884766,35.31999969482422,35.189998626708984,35.255001068115234,2923388.0
2025-07-25T09:30:00-04:00,35.40999984741211,35.459999084472656,35.11000061035156,35.290000915527344,2119723.0
2025-07-25T10:30:00-04:00,35.28499984741211,35.55500030517578,35.279998779296875,35.404998779296875,1722847.0
2025-07-25T11:30:00-04:00,35.400001525878906,35.45989990234375,35.31999969482422,35.44499969482422,1149086.0
2025-07-25T12:30:00-04:00,35.44499969482422,35.54999923706055,35.400001525878906,35.529998779296875,959131.0
2025-07-25T13:30:00-04:00,35.53499984741211,35.56529998779297,35.4900016784668,35.51499938964844,804813.0
2025-07-25T14:30:00-04:00,35.5099983215332,35.630001068115234,35.5099983215332,35.564998626708984,1354155.0
2025-07-25T15:30:00-04:00,35.564998626708984,35.61000061035156,35.470001220703125,35.4900016784668,1960977.0
2025-07-28T09:30:00-04:00,35.650001525878906,36.15999984741211,35.560001373291016,35.814998626708984,1972610.0
2025-07-28T10:30:00-04:00,35.810001373291016,35.97529983520508,35.75,35.935001373291016,1035030.0
2025-07-28T11:30:00-04:00,35.935001373291016,36.13999938964844,35.915000915527344,36.11000061035156,879682.0
2025-07-28T12:30:00-04:00,36.119998931884766,36.150001525878906,36.02000045776367,36.064998626708984,993266.0
2025-07-28T13:30:00-04:00,36.064998626708984,36.135799407958984,35.9900016784668,36.08000183105469,892765.0
2025-07-28T14:30:00-04:00,36.07500076293945,36.185001373291016,35.95500183105469,36.000301361083984,1215875.0
2025-07-28T15:30:00-04:00,36.005001068115234,36.125,35.970001220703125,35.994998931884766,3074571.0
2025-07-29T09:30:00-04:00,35.79999923706055,35.959999084472656,35.54999923706055,35.814998626708984,2392392.0
2025-07-29T10:30:00-04:00,35.814998626708984,35.8849983215332,35.474998474121094,35.489898681640625,2728582.0
2025-07-29T11:30:00-04:00,35.48500061035156,35.595001220703125,35.380001068115234,35.39509963989258,1393596.0
2025-07-29T12:30:00-04:00,35.39500045776367,35.40999984741211,35.20500183105469,35.23500061035156,824019.0
2025-07-29T13:30:00-04:00,35.23500061035156,35.59000015258789,35.220001220703125,35.56999969482422,1046847.0
2025-07-29T14:30:00-04:00,35.56999969482422,35.779998779296875,35.564998626708984,35.564998626708984,1553296.0
2025-07-29T15:30:00-04:00,35.564998626708984,35.70000076293945,35.540000915527344,35.650001525878906,2308905.0
2025-07-30T09:30:00-04:00,35.43000030517578,35.5099983215332,34.70000076293945,34.834999084472656,3216673.0
2025-07-30T10:30:00-04:00,34.83000183105469,34.845001220703125,34.54999923706055,34.59000015258789,1957482.0
2025-07-30T11:30:00-04:00,34.595001220703125,34.720001220703125,34.51499938964844,34.649898529052734,1506771.0
2025-07-30T12:30:00-04:00,34.64500045776367,34.7400016784668,34.5,34.51449966430664,1034226.0
2025-07-30T13:30:00-04:00,34.51499938964844,34.66999816894531,34.310001373291016,34.435001373291016,1781376.0
2025-07-30T14:30:00-04:00,34.439998626708984,34.5,33.92499923706055,34.0,3094495.0
2025-07-30T15:30:00-04:00,34.0,34.2400016784668,33.91999816894531,34.189998626708984,2672999.0
2025-07-31T09:30:00-04:00,33.97999954223633,34.380001068115234,33.849998474121094,34.334999084472656,1709222.0
2025-07-31T10:30:00-04:00,34.33000183105469,34.35020065307617,34.029998779296875,34.1349983215332,1958264.0
2025-07-31T11:30:00-04:00,34.1349983215332,34.220001220703125,33.97999954223633,34.20500183105469,1221977.0
2025-07-31T12:30:00-04:00,34.20500183105469,34.345001220703125,34.099998474121094,34.165000915527344,1157794.0
2025-07-31T13:30:00-04:00,34.165000915527344,34.20709991455078,33.8650016784668,34.025001525878906,1127192.0
2025-07-31T14:30:00-04:00,34.02330017089844,34.04499816894531,33.790000915527344,33.8390998840332,1522241.0
2025-07-31T15:30:00-04:00,33.84000015258789,33.86899948120117,33.685001373291016,33.79499816894531,2003413.0
2025-08-01T09:30:00-04:00,33.61000061035156,33.61000061035156,32.369998931884766,32.52000045776367,3332633.0
2025-08-01T10:30:00-04:00,32.5099983215332,32.900001525878906,32.36000061035156,32.78499984741211,2773953.0
2025-08-01T11:30:00-04:00,32.790000915527344,33.0099983215332,32.7599983215332,32.994998931884766,1510791.0
2025-08-01T12:30:00-04:00,32.9900016784668,33.1150016784668,32.915000915527344,33.04499816894531,1422206.0
2025-08-01T13:30:00-04:00,33.04499816894531,33.1150016784668,32.97999954223633,33.09000015258789,1179685.0
2025-08-01T14:30:00-04:00,33.084999084472656,33.23500061035156,33.014400482177734,33.084999084472656,1380687.0
2025-08-01T15:30:00-04:00,33.084999084472656,33.1150016784668,32.939998626708984,33.040000915527344,1883625.0
2025-08-04T09:30:00-04:00,32.88999938964844,33.19990158081055,32.68000030517578,32.8849983215332,1712360.0
2025-08-04T10:30:00-04:00,32.88999938964844,33.08000183105469,32.76499938964844,32.97999954223633,1223765.0
2025-08-04T11:30:00-04:00,32.97999954223633,33.0099983215332,32.68000030517578,32.724998474121094,982644.0
2025-08-04T12:30:00-04:00,32.72999954223633,32.79999923706055,32.6609992980957,32.71500015258789,861100.0
2025-08-04T13:30:00-04:00,32.720001220703125,32.779998779296875,32.540000915527344,32.720001220703125,995319.0
2025-08-04T14:30:00-04:00,32.720001220703125,32.95000076293945,32.65999984741211,32.904998779296875,1437943.0
2025-08-04T15:30:00-04:00,32.904998779296875,32.91999816894531,32.810001373291016,32.86000061035156,1627399.0
2025-08-05T09:30:00-04:00,33.0,33.220001220703125,32.709999084472656,32.785301208496094,1719475.0
2025-08-05T10:30:00-04:00,32.78499984741211,33.189998626708984,32.70000076293945,33.150001525878906,1483378.0
2025-08-05T11:30:00-04:00,33.154998779296875,33.34000015258789,33.1349983215332,33.334999084472656,911695.0
2025-08-05T12:30:00-04:00,33.334999084472656,33.36000061035156,33.1349983215332,33.2599983215332,819913.0
2025-08-05T13:30:00-04:00,33.255001068115234,33.459999084472656,33.25,33.375,1063631.0
2025-08-05T14:30:00-04:00,33.375,33.58000183105469,33.35200119018555,33.57500076293945,1060906.0
2025-08-05T15:30:00-04:00,33.57500076293945,33.619998931884766,33.4900016784668,33.5,1484091.0
2025-08-06T09:30:00-04:00,33.790000915527344,34.099998474121094,33.54999923706055,33.599998474121094,2552943.0
2025-08-06T10:30:00-04:00,33.599998474121094,33.7599983215332,33.529998779296875,33.61000061035156,1351176.0
2025-08-06T11:30:00-04:00,33.60499954223633,33.625,33.20000076293945,33.224998474121094,1300492.0
2025-08-06T12:30:00-04:00,33.224998474121094,33.404998779296875,33.166500091552734,33.185001373291016,797401.0
2025-08-06T13:30:00-04:00,33.189998626708984,33.255001068115234,32.834999084472656,32.900001525878906,998783.0
2025-08-06T14:30:00-04:00,32.904998779296875,32.92499923706055,32.65999984741211,32.76499938964844,1305708.0
2025-08-06T15:30:00-04:00,32.76499938964844,32.900001525878906,32.72999954223633,32.86000061035156,1630072.0
2025-08-07T09:30:00-04:00,33.290000915527344,33.65999984741211,32.904998779296875,32.98500061035156,2392343.0
2025-08-07T10:30:00-04:00,32.9900016784668,33.025001525878906,32.77000045776367,32.80500030517578,1253655.0
2025-08-07T11:30:00-04:00,32.80500030517578,33.0,32.7400016784668,33.0,792685.0
2025-08-07T12:30:00-04:00,33.0077018737793,33.06999969482422,32.75,32.775001525878906,738635.0
2025-08-07T13:30:00-04:00,32.779998779296875,32.970001220703125,32.76499938964844,32.90999984741211,642368.0
2025-08-07T14:30:00-04:00,32.900001525878906,33.130001068115234,32.8849983215332,33.11000061035156,1718501.0
2025-08-07T15:30:00-04:00,33.10499954223633,33.119998931884766,32.709999084472656,32.79499816894531,1490679.0
2025-08-08T09:30:00-04:00,33.04999923706055,33.220001220703125,32.630001068115234,32.65999984741211,2339553.0
2025-08-08T10:30:00-04:00,32.665000915527344,32.88999938964844,32.59000015258789,32.86000061035156,1387961.0
2025-08-08T11:30:00-04:00,32.86000061035156,32.90999984741211,32.65999984741211,32.775001525878906,801718.0
2025-08-08T12:30:00-04:00,32.770198822021484,32.875,32.66999816894531,32.779998779296875,782466.0
2025-08-08T13:30:00-04:00,32.78499984741211,32.85499954223633,32.70000076293945,32.76499938964844,778452.0
2025-08-08T14:30:00-04:00,32.76499938964844,32.814998626708984,32.65999984741211,32.78499984741211,894806.0
2025-08-08T15:30:00-04:00,32.78499984741211,32.904998779296875,32.689998626708984,32.88999938964844,1547211.0
2025-08-11T09:30:00-04:00,33.09000015258789,33.099998474121094,32.439998626708984,32.48500061035156,1735159.0
2025-08-11T10:30:00-04:00,32.48500061035156,32.54499816894531,32.20000076293945,32.380001068115234,1362685.0
2025-08-11T11:30:00-04:00,32.37900161743164,32.43000030517578,32.26499938964844,32.345001220703125,811487.0
2025-08-11T12:30:00-04:00,32.345001220703125,32.35499954223633,32.18000030517578,32.19499969482422,512172.0
2025-08-11T13:30:00-04:00,32.19499969482422,32.33000183105469,32.150001525878906,32.28499984741211,683558.0
2025-08-11T14:30:00-04:00,32.290000915527344,32.51539993286133,32.28499984741211,32.5099983215332,1015531.0
2025-08-11T15:30:00-04:00,32.505001068115234,32.51499938964844,32.349998474121094,32.39500045776367,1293214.0
2025-08-12T09:30:00-04:00,32.47999954223633,33.2400016784668,32.470001220703125,33.08000183105469,1841067.0
2025-08-12T10:30:00-04:00,33.060001373291016,33.189998626708984,32.88999938964844,33.057899475097656,967091.0
2025-08-12T11:30:00-04:00,33.05500030517578,33.17499923706055,33.0099983215332,33.01499938964844,680923.0
2025-08-12T12:30:00-04:00,33.01499938964844,33.119998931884766,32.974998474121094,33.06719970703125,560468.0
2025-08-12T13:30:00-04:00,33.064998626708984,33.13999938964844,33.01449966430664,33.025001525878906,643175.0
2025-08-12T14:30:00-04:00,33.025001525878906,33.08000183105469,32.900001525878906,33.040000915527344,748397.0
2025-08-12T15:30:00-04:00,33.03499984741211,33.05500030517578,32.880001068115234,32.91999816894531,1812150.0
2025-08-13T09:30:00-04:00,32.9900016784668,33.375,32.814998626708984,33.20000076293945,1903035.0
2025-08-13T10:30:00-04:00,33.18000030517578,33.27000045776367,32.970001220703125,33.2599983215332,1304866.0
2025-08-13T11:30:00-04:00,33.26499938964844,33.314998626708984,32.95000076293945,33.04999923706055,957419.0
2025-08-13T12:30:00-04:00,33.04280090332031,33.25,33.04280090332031,33.185001373291016,804184.0
2025-08-13T13:30:00-04:00,33.189998626708984,33.349998474121094,33.18000030517578,33.31999969482422,712661.0
2025-08-13T14:30:00-04:00,33.32500076293945,33.439998626708984,33.27000045776367,33.42499923706055,826852.0
2025-08-13T15:30:00-04:00,33.43000030517578,33.54999923706055,33.40999984741211,33.54999923706055,1727857.0
2025-08-14T09:30:00-04:00,33.369998931884766,33.45000076293945,32.7400016784668,32.814998626708984,2013098.0
2025-08-14T10:30:00-04:00,32.814998626708984,33.0,32.75,32.79999923706055,2711274.0
2025-08-14T11:30:00-04:00,32.79999923706055,32.91999816894531,32.66999816894531,32.73500061035156,2026685.0
2025-08-14T12:30:00-04:00,32.72999954223633,32.755001068115234,32.654998779296875,32.70000076293945,1478749.0
2025-08-14T13:30:00-04:00,32.70000076293945,33.005001068115234,32.69499969482422,32.84000015258789,1591008.0
2025-08-14T14:30:00-04:00,32.845001220703125,33.040000915527344,32.834999084472656,32.974998474121094,1987050.0
2025-08-14T15:30:00-04:00,32.970001220703125,33.279998779296875,32.959999084472656,33.20000076293945,2121478.0
2025-08-15T09:30:00-04:00,33.099998474121094,33.33000183105469,32.93000030517578,33.13999938964844,2581784.0
2025-08-15T10:30:00-04:00,33.130001068115234,33.349998474121094,33.099998474121094,33.14500045776367,1520512.0
2025-08-15T11:30:00-04:00,33.14500045776367,33.30379867553711,33.14500045776367,33.28499984741211,817453.0
2025-08-15T12:30:00-04:00,33.28499984741211,33.310001373291016,33.164100646972656,33.218299865722656,1061216.0
2025-08-15T13:30:00-04:00,33.209999084472656,33.29990005493164,32.9900016784668,32.9900016784668,830450.0
2025-08-15T14:30:00-04:00,32.9900016784668,33.13999938964844,32.97999954223633,33.03499984741211,694787.0
2025-08-15T15:30:00-04:00,33.03499984741211,33.06999969482422,32.959999084472656,33.00019836425781,1090417.0
2025-08-18T09:30:00-04:00,33.0099983215332,33.099998474121094,32.77000045776367,32.994998931884766,1472047.0
2025-08-18T10:30:00-04:00,32.9900016784668,33.4099006652832,32.97420120239258,33.375,1093616.0
2025-08-18T11:30:00-04:00,33.380001068115234,33.4900016784668,33.310001373291016,33.38999938964844,567145.0
2025-08-18T12:30:00-04:00,33.38999938964844,33.56999969482422,33.3849983215332,33.51499938964844,593301.0
2025-08-18T13:30:00-04:00,33.51369857788086,33.54990005493164,33.32500076293945,33.35499954223633,675663.0
2025-08-18T14:30:00-04:00,33.3650016784668,33.375,33.1427001953125,33.21500015258789,878522.0
2025-08-18T15:30:00-04:00,33.220001220703125,33.29999923706055,33.189998626708984,33.29999923706055,1183066.0
2025-08-19T09:30:00-04:00,33.31999969482422,33.724998474121094,33.22999954223633,33.529998779296875,1784373.0
2025-08-19T10:30:00-04:00,33.529998779296875,33.6150016784668,33.38999938964844,33.42499923706055,1056197.0
2025-08-19T11:30:00-04:00,33.42499923706055,33.47999954223633,33.209999084472656,33.31999969482422,709782.0
2025-08-19T12:30:00-04:00,33.314998626708984,33.35499954223633,33.185001373291016,33.27000045776367,656086.0
2025-08-19T13:30:00-04:00,33.27000045776367,33.29499816894531,33.084999084472656,33.1150016784668,765728.0
2025-08-19T14:30:00-04:00,33.119998931884766,33.31999969482422,33.099998474121094,33.285099029541016,787238.0
2025-08-19T15:30:00-04:00,33.28499984741211,33.369998931884766,33.209999084472656,33.34000015258789,1044640.0
2025-08-20T09:30:00-04:00,33.220001220703125,33.6349983215332,33.060001373291016,33.07460021972656,2105187.0
2025-08-20T10:30:00-04:00,33.08000183105469,33.275001525878906,32.96500015258789,33.244998931884766,1531843.0
2025-08-20T11:30:00-04:00,33.2400016784668,33.459999084472656,33.185001373291016,33.40999984741211,967584.0
2025-08-20T12:30:00-04:00,33.415000915527344,33.415000915527344,33.30500030517578,33.349998474121094,637108.0
2025-08-20T13:30:00-04:00,33.34000015258789,33.44499969482422,33.290000915527344,33.3849983215332,807074.0
2025-08-20T14:30:00-04:00,33.3849983215332,33.529998779296875,33.380001068115234,33.44179916381836,1009544.0
2025-08-20T15:30:00-04:00,33.45000076293945,33.48500061035156,33.34000015258789,33.36000061035156,1545552.0
2025-08-21T09:30:00-04:00,33.36000061035156,33.52000045776367,33.150001525878906,33.334999084472656,1060758.0
2025-08-21T10:30:00-04:00,33.34000015258789,33.540000915527344,33.24169921875,33.52000045776367,830157.0
2025-08-21T11:30:00-04:00,33.52000045776367,33.69499969482422,33.5099983215332,33.665000915527344,993422.0
2025-08-21T12:30:00-04:00,33.66999816894531,33.7598991394043,33.654998779296875,33.724998474121094,991706.0
2025-08-21T13:30:00-04:00,33.724998474121094,33.96500015258789,33.712398529052734,33.834999084472656,1196119.0
2025-08-21T14:30:00-04:00,33.834999084472656,33.95500183105469,33.79499816894531,33.814998626708984,1369461.0
2025-08-21T15:30:00-04:00,33.814998626708984,33.83000183105469,33.720001220703125,33.810001373291016,1665366.0
2025-08-22T09:30:00-04:00,34.0,35.224998474121094,33.939998626708984,35.154998779296875,2593115.0
2025-08-22T10:30:00-04:00,35.16999816894531,35.369998931884766,35.125,35.35499954223633,2059683.0
2025-08-22T11:30:00-04:00,35.369998931884766,35.564998626708984,35.29499816894531,35.40999984741211,1361460.0
2025-08-22T12:30:00-04:00,35.415000915527344,35.494998931884766,35.255001068115234,35.33000183105469,1764188.0
2025-08-22T13:30:00-04:00,35.33000183105469,35.44499969482422,35.23500061035156,35.290000915527344,1066409.0
2025-08-22T14:30:00-04:00,35.29999923706055,35.63999938964844,35.290000915527344,35.54499816894531,1695596.0
2025-08-22T15:30:00-04:00,35.54499816894531,35.69499969482422,35.5,35.595001220703125,3346258.0
2025-08-25T09:30:00-04:00,35.599998474121094,35.599998474121094,35.29999923706055,35.4900016784668,1178725.0
2025-08-25T10:30:00-04:00,35.4900016784668,35.650001525878906,35.439998626708984,35.61539840698242,840080.0
2025-08-25T11:30:00-04:00,35.6150016784668,35.689998626708984,35.54999923706055,35.6150016784668,687520.0
2025-08-25T12:30:00-04:00,35.6150016784668,35.685001373291016,35.56999969482422,35.68000030517578,546351.0
2025-08-25T13:30:00-04:00,35.67499923706055,35.83000183105469,35.60499954223633,35.63999938964844,1286981.0
2025-08-25T14:30:00-04:00,35.6349983215332,35.6349983215332,35.52000045776367,35.595001220703125,1016025.0
2025-08-25T15:30:00-04:00,35.595001220703125,35.720001220703125,35.58000183105469,35.64500045776367,1217725.0
2025-08-26T09:30:00-04:00,35.4900016784668,35.59000015258789,35.20000076293945,35.415000915527344,1001522.0
2025-08-26T10:30:00-04:00,35.415000915527344,35.525001525878906,35.189998626708984,35.23350143432617,1047627.0
2025-08-26T11:30:00-04:00,35.23419952392578,35.4015007019043,35.20000076293945,35.22999954223633,971263.0
2025-08-26T12:30:00-04:00,35.23979949951172,35.32500076293945,35.13420104980469,35.2599983215332,702378.0
2025-08-26T13:30:00-04:00,35.2599983215332,35.28499984741211,35.16999816894531,35.2599983215332,781212.0
2025-08-26T14:30:00-04:00,35.25,35.275001525878906,35.0099983215332,35.119998931884766,1660096.0
2025-08-26T15:30:00-04:00,35.119998931884766,35.36000061035156,35.11000061035156,35.314998626708984,2656706.0
2025-08-27T09:30:00-04:00,35.27000045776367,36.220001220703125,35.220001220703125,35.7599983215332,1902629.0
2025-08-27T10:30:00-04:00,35.75,35.875,35.63999938964844,35.709999084472656,1023805.0
2025-08-27T11:30:00-04:00,35.70500183105469,35.90999984741211,35.6349983215332,35.855098724365234,768450.0
2025-08-27T12:30:00-04:00,35.849998474121094,35.9900016784668,35.83250045776367,35.959999084472656,834788.0
2025-08-27T13:30:00-04:00,35.959999084472656,36.040000915527344,35.88999938964844,35.9099006652832,1025508.0
2025-08-27T14:30:00-04:00,35.904998779296875,36.03499984741211,35.880001068115234,36.03499984741211,1136716.0
2025-08-27T15:30:00-04:00,36.03499984741211,36.04999923706055,35.8650016784668,35.97999954223633,1839571.0
2025-08-28T09:30:00-04:00,35.95500183105469,36.11000061035156,35.709999084472656,35.88010025024414,5091409.0
2025-08-28T10:30:00-04:00,35.88999938964844,35.93000030517578,35.76499938964844,35.880001068115234,627715.0
2025-08-28T11:30:00-04:00,35.8849983215332,35.994998931884766,35.81999969482422,35.95000076293945,702694.0
2025-08-28T12:30:00-04:00,35.94499969482422,36.04999923706055,35.900001525878906,35.90420150756836,928229.0
2025-08-28T13:30:00-04:00,35.90999984741211,36.349998474121094,35.90999984741211,36.314998626708984,1270654.0
2025-08-28T14:30:00-04:00,36.314998626708984,36.38999938964844,36.209999084472656,36.35499954223633,1307850.0
2025-08-28T15:30:00-04:00,36.35499954223633,36.525001525878906,36.34410095214844,36.5,2425359.0
2025-08-29T09:30:00-04:00,36.58000183105469,37.0452995300293,36.55500030517578,36.75,1999800.0
2025-08-29T10:30:00-04:00,36.755001068115234,36.847198486328125,36.6349983215332,36.775001525878906,1472828.0
2025-08-29T11:30:00-04:00,36.77000045776367,36.970001220703125,36.7400016784668,36.904998779296875,720694.0
2025-08-29T12:30:00-04:00,36.90999984741211,36.94499969482422,36.845001220703125,36.935001373291016,671755.0
2025-08-29T13:30:00-04:00,36.93000030517578,37.029998779296875,36.834999084472656,36.85499954223633,989465.0
2025-08-29T14:30:00-04:00,36.86000061035156,36.939998626708984,36.7400016784668,36.744998931884766,980849.0
2025-08-29T15:30:00-04:00,36.75,36.88999938964844,36.720001220703125,36.8650016784668,1697179.0
2025-09-02T09:30:00-04:00,36.68000030517578,36.7599983215332,35.90999984741211,36.439998626708984,2420014.0
2025-09-02T10:30:00-04:00,36.43000030517578,36.43000030517578,35.810001373291016,35.849998474121094,2479419.0
2025-09-02T11:30:00-04:00,35.86000061035156,35.970001220703125,35.75,35.81999969482422,1526185.0
2025-09-02T12:30:00-04:00,35.814998626708984,35.959999084472656,35.77000045776367,35.85419845581055,1307556.0
2025-09-02T13:30:00-04:00,35.86000061035156,36.02000045776367,35.775001525878906,35.80500030517578,1841516.0
2025-09-02T14:30:00-04:00,35.810001373291016,35.880001068115234,35.654998779296875,35.880001068115234,2202617.0
2025-09-02T15:30:00-04:00,35.880001068115234,35.939998626708984,35.790000915527344,35.90999984741211,2652320.0
2025-09-03T09:30:00-04:00,35.33000183105469,35.7599983215332,35.0,35.060001373291016,1962012.0
2025-09-03T10:30:00-04:00,35.07500076293945,35.225399017333984,34.93000030517578,34.974998474121094,1234218.0
2025-09-03T11:30:00-04:00,34.97999954223633,35.279998779296875,34.95500183105469,35.119998931884766,727278.0
2025-09-03T12:30:00-04:00,35.125,35.19499969482422,35.08000183105469,35.119998931884766,889857.0
2025-09-03T13:30:00-04:00,35.125,35.275001525878906,35.01279830932617,35.2599983215332,1050416.0
2025-09-03T14:30:00-04:00,35.255001068115234,35.290000915527344,34.98500061035156,35.0,1083286.0
2025-09-03T15:30:00-04:00,35.005001068115234,35.08000183105469,34.90999984741211,35.0099983215332,2793166.0
2025-09-04T09:30:00-04:00,35.0,35.29999923706055,34.54999923706055,35.2400016784668,1889061.0
2025-09-04T10:30:00-04:00,35.2400016784668,35.7400016784668,35.189998626708984,35.66999816894531,1398022.0
2025-09-04T11:30:00-04:00,35.66999816894531,36.0,35.630001068115234,35.95000076293945,1285163.0
2025-09-04T12:30:00-04:00,35.95000076293945,35.97999954223633,35.83000183105469,35.900001525878906,737801.0
2025-09-04T13:30:00-04:00,35.90999984741211,35.96500015258789,35.775001525878906,35.814998626708984,780943.0
2025-09-04T14:30:00-04:00,35.814998626708984,35.904998779296875,35.75,35.900001525878906,3213906.0
2025-09-04T15:30:00-04:00,35.89500045776367,36.02000045776367,35.84000015258789,35.994998931884766,1804227.0
2025-09-05T09:30:00-04:00,35.61000061035156,36.29499816894531,35.43000030517578,35.900001525878906,3036512.0
2025-09-05T10:30:00-04:00,35.900001525878906,35.90999984741211,35.474998474121094,35.685001373291016,1898156.0
2025-09-05T11:30:00-04:00,35.689998626708984,35.95000076293945,35.66999816894531,35.88999938964844,1243722.0
2025-09-05T12:30:00-04:00,35.88999938964844,36.029998779296875,35.810001373291016,35.86000061035156,1179405.0
2025-09-05T13:30:00-04:00,35.86000061035156,35.970001220703125,35.689998626708984,35.79999923706055,1385043.0
2025-09-05T14:30:00-04:00,35.79999923706055,35.90999984741211,35.689998626708984,35.869998931884766,1186718.0
2025-09-05T15:30:00-04:00,35.8650016784668,35.880001068115234,35.724998474121094,35.83000183105469,1690571.0
2025-09-08T09:30:00-04:00,36.11000061035156,36.34000015258789,35.404998779296875,35.52000045776367,10161289.0
2025-09-08T10:30:00-04:00,35.51499938964844,35.935001373291016,35.45000076293945,35.900001525878906,1148664.0
2025-09-08T11:30:00-04:00,35.900001525878906,35.970001220703125,35.775001525878906,35.904998779296875,1184150.0
2025-09-08T12:30:00-04:00,35.90999984741211,36.00519943237305,35.81999969482422,35.98500061035156,1279410.0
2025-09-08T13:30:00-04:00,35.9900016784668,36.025001525878906,35.439998626708984,35.53499984741211,2102452.0
2025-09-08T14:30:00-04:00,35.53499984741211,35.7400016784668,35.529998779296875,35.63999938964844,1319395.0
2025-09-08T15:30:00-04:00,35.64500045776367,35.810001373291016,35.6150016784668,35.79499816894531,2315529.0
2025-09-09T09:30:00-04:00,36.07500076293945,36.56999969482422,36.0099983215332,36.33000183105469,1843234.0
2025-09-09T10:30:00-04:00,36.32500076293945,36.529998779296875,36.31999969482422,36.46500015258789,816028.0
2025-09-09T11:30:00-04:00,36.459999084472656,36.46500015258789,36.10499954223633,36.130001068115234,764163.0
2025-09-09T12:30:00-04:00,36.1349983215332,36.2400016784668,36.083099365234375,36.150001525878906,556433.0
2025-09-09T13:30:00-04:00,36.15999984741211,36.22999954223633,36.10100173950195,36.165000915527344,402775.0
2025-09-09T14:30:00-04:00,36.16999816894531,36.185001373291016,35.970001220703125,35.970001220703125,905120.0
2025-09-09T15:30:00-04:00,35.974998474121094,35.974998474121094,35.77000045776367,35.779998779296875,1724200.0
2025-09-10T09:30:00-04:00,35.720001220703125,36.369998931884766,35.380001068115234,35.78499984741211,3187364.0
2025-09-10T10:30:00-04:00,35.779998779296875,35.779998779296875,35.16999816894531,35.33620071411133,2046301.0
2025-09-10T11:30:00-04:00,35.33000183105469,36.084999084472656,35.290000915527344,35.900001525878906,1546939.0
2025-09-10T12:30:00-04:00,35.89500045776367,36.025001525878906,35.84000015258789,35.939998626708984,864746.0
2025-09-10T13:30:00-04:00,35.94499969482422,36.099998474121094,35.85499954223633,36.07460021972656,1290932.0
2025-09-10T14:30:00-04:00,36.07500076293945,36.13999938964844,35.939998626708984,35.96500015258789,2047504.0
2025-09-10T15:30:00-04:00,36.005001068115234,36.20000076293945,35.994998931884766,36.15999984741211,1915580.0
2025-09-11T09:30:00-04:00,36.029998779296875,36.39509963989258,35.77000045776367,36.380001068115234,2584039.0
2025-09-11T10:30:00-04:00,36.38999938964844,36.560001373291016,36.2599983215332,36.470001220703125,1772751.0
2025-09-11T11:30:00-04:00,36.459999084472656,36.474998474121094,36.154998779296875,36.20000076293945,1010848.0
2025-09-11T12:30:00-04:00,36.20000076293945,36.334999084472656,36.15999984741211,36.29999923706055,862747.0
2025-09-11T13:30:00-04:00,36.29999923706055,36.32500076293945,36.09000015258789,36.150001525878906,1210301.0
2025-09-11T14:30:00-04:00,36.14500045776367,36.18000030517578,35.970001220703125,36.07500076293945,1700114.0
2025-09-11T15:30:00-04:00,36.07500076293945,36.150001525878906,35.97999954223633,36.0099983215332,2190711.0
2025-09-12T09:30:00-04:00,36.2599983215332,36.529998779296875,35.939998626708984,36.01499938964844,2253573.0
2025-09-12T10:30:00-04:00,36.01499938964844,36.11000061035156,35.939998626708984,35.974998474121094,764790.0
2025-09-12T11:30:00-04:00,35.974998474121094,36.1349983215332,35.93000030517578,35.994998931884766,779214.0
2025-09-12T12:30:00-04:00,35.998199462890625,36.0099983215332,35.584999084472656,35.6150016784668,1645701.0
2025-09-12T13:30:00-04:00,35.6150016784668,35.665000915527344,35.5,35.6150016784668,1164878.0
2025-09-12T14:30:00-04:00,35.6150016784668,35.73500061035156,35.45000076293945,35.53499984741211,1149840.0
2025-09-12T15:30:00-04:00,35.53499984741211,35.70500183105469,35.41999816894531,35.560001373291016,1571511.0
2025-09-15T09:30:00-04:00,35.79999923706055,36.29999923706055,35.5099983215332,35.8650016784668,1635885.0
2025-09-15T10:30:00-04:00,35.8650016784668,35.95000076293945,35.404998779296875,35.43000030517578,1209101.0
2025-09-15T11:30:00-04:00,35.43000030517578,35.529998779296875,35.27000045776367,35.36000061035156,939660.0
2025-09-15T12:30:00-04:00,35.349998474121094,35.375,35.2307014465332,35.27349853515625,899296.0
2025-09-15T13:30:00-04:00,35.275001525878906,35.375,35.09000015258789,35.11000061035156,924749.0
2025-09-15T14:30:00-04:00,35.1150016784668,35.130001068115234,34.900001525878906,34.939998626708984,1712069.0
2025-09-15T15:30:00-04:00,34.939998626708984,34.9650993347168,34.75,34.77000045776367,2954685.0
2025-09-16T09:30:00-04:00,34.900001525878906,35.4109001159668,34.64500045776367,35.01499938964844,2807495.0
2025-09-16T10:30:00-04:00,35.0099983215332,35.130001068115234,34.790000915527344,34.89500045776367,1915163.0
2025-09-16T11:30:00-04:00,34.89500045776367,35.31999969482422,34.85499954223633,35.21500015258789,3418471.0
2025-09-16T12:30:00-04:00,35.209999084472656,35.290000915527344,34.619998931884766,35.290000915527344,1767130.0
2025-09-16T13:30:00-04:00,35.290000915527344,35.4900016784668,35.279998779296875,35.45500183105469,1420963.0
2025-09-16T14:30:00-04:00,35.45500183105469,35.55500030517578,35.18000030517578,35.23500061035156,2065011.0
2025-09-16T15:30:00-04:00,35.23500061035156,35.31999969482422,35.13999938964844,35.22999954223633,3438288.0
2025-09-17T09:30:00-04:00,35.02000045776367,35.2318000793457,34.619998931884766,35.1349983215332,2184196.0
2025-09-17T10:30:00-04:00,35.13999938964844,35.25,35.0099983215332,35.04999923706055,1310212.0
2025-09-17T11:30:00-04:00,35.04999923706055,35.185001373291016,34.9900016784668,34.994998931884766,1322906.0
2025-09-17T12:30:00-04:00,34.994998931884766,35.27000045776367,34.9900016784668,35.189998626708984,1193720.0
2025-09-17T13:30:00-04:00,35.190101623535156,35.66999816894531,35.150001525878906,35.28499984741211,1628584.0
2025-09-17T14:30:00-04:00,35.290000915527344,35.30500030517578,34.474998474121094,34.8849983215332,2448838.0
2025-09-17T15:30:00-04:00,34.880001068115234,34.994998931884766,34.76499938964844,34.82500076293945,2983627.0
2025-09-18T09:30:00-04:00,35.0099983215332,35.09000015258789,34.189998626708984,34.82500076293945,2403730.0
2025-09-18T10:30:00-04:00,34.82490158081055,34.84000015258789,34.15999984741211,34.4900016784668,2210994.0
2025-09-18T11:30:00-04:00,34.48500061035156,34.79999923706055,34.46179962158203,34.78499984741211,1092688.0
2025-09-18T12:30:00-04:00,34.78499984741211,34.810001373291016,34.564998626708984,34.595001220703125,959547.0
2025-09-18T13:30:00-04:00,34.595001220703125,34.6150016784668,34.455101013183594,34.48500061035156,834655.0
2025-09-18T14:30:00-04:00,34.48500061035156,34.83000183105469,34.459999084472656,34.7400016784668,1367195.0
2025-09-18T15:30:00-04:00,34.75,34.875,34.65999984741211,34.72999954223633,2415886.0
2025-09-19T09:30:00-04:00,34.38999938964844,34.52000045776367,34.16600036621094,34.43280029296875,3662555.0
2025-09-19T10:30:00-04:00,34.439998626708984,34.529998779296875,34.130001068115234,34.1349983215332,1294463.0
2025-09-19T11:30:00-04:00,34.130001068115234,34.21500015258789,34.01350021362305,34.11000061035156,1645916.0
2025-09-19T12:30:00-04:00,34.11259841918945,34.220001220703125,34.0099983215332,34.154998779296875,1214189.0
2025-09-19T13:30:00-04:00,34.15999984741211,34.23500061035156,34.04999923706055,34.209999084472656,1353855.0
2025-09-19T14:30:00-04:00,34.21500015258789,34.44499969482422,34.18000030517578,34.42499923706055,1727504.0
2025-09-19T15:30:00-04:00,34.43000030517578,34.560001373291016,34.3650016784668,34.43000030517578,3140686.0
2025-09-22T09:30:00-04:00,33.59000015258789,33.790000915527344,33.43000030517578,33.595001220703125,2907957.0
2025-09-22T10:30:00-04:00,33.59000015258789,33.97999954223633,33.58000183105469,33.880001068115234,1381012.0
2025-09-22T11:30:00-04:00,33.880001068115234,33.91999816894531,33.71500015258789,33.741798400878906,1142971.0
2025-09-22T12:30:00-04:00,33.744998931884766,33.93000030517578,33.71500015258789,33.93000030517578,751151.0
2025-09-22T13:30:00-04:00,33.93000030517578,34.040000915527344,33.90999984741211,34.005001068115234,871567.0
2025-09-22T14:30:00-04:00,34.005001068115234,34.19499969482422,33.959999084472656,34.166500091552734,1825480.0
2025-09-22T15:30:00-04:00,34.165000915527344,34.220001220703125,33.915000915527344,33.93000030517578,2383588.0
2025-09-23T09:30:00-04:00,33.790000915527344,35.099998474121094,33.70000076293945,34.95500183105469,4590440.0
2025-09-23T10:30:00-04:00,34.95000076293945,35.099998474121094,34.845001220703125,34.98500061035156,3225031.0
2025-09-23T11:30:00-04:00,34.9900016784668,35.060001373291016,34.790000915527344,34.959999084472656,1930582.0
2025-09-23T12:30:00-04:00,34.96500015258789,35.20000076293945,34.875,34.900001525878906,2777818.0
2025-09-23T13:30:00-04:00,34.900001525878906,34.93000030517578,34.51499938964844,34.60499954223633,1589051.0
2025-09-23T14:30:00-04:00,34.5900993347168,34.72999954223633,34.494998931884766,34.584999084472656,1765895.0
2025-09-23T15:30:00-04:00,34.584999084472656,34.70000076293945,34.459999084472656,34.5,3153922.0
2025-09-24T09:30:00-04:00,34.810001373291016,35.15999984741211,34.66999816894531,34.83000183105469,2384661.0
2025-09-24T10:30:00-04:00,34.84000015258789,34.96500015258789,34.73500061035156,34.915000915527344,1032970.0
2025-09-24T11:30:00-04:00,34.90999984741211,35.04999923706055,34.8849983215332,34.8849983215332,935087.0
2025-09-24T12:30:00-04:00,34.8849983215332,34.974998474121094,34.81999969482422,34.92499923706055,848539.0
2025-09-24T13:30:00-04:00,34.920101165771484,34.970001220703125,34.810001373291016,34.849998474121094,1522102.0
2025-09-24T14:30:00-04:00,34.845001220703125,34.90999984741211,34.54999923706055,34.58000183105469,1337448.0
2025-09-24T15:30:00-04:00,34.58000183105469,34.78499984741211,34.54999923706055,34.61000061035156,1904594.0
2025-09-25T09:30:00-04:00,34.41999816894531,34.7400016784668,34.220001220703125,34.654998779296875,2003108.0
2025-09-25T10:30:00-04:00,34.650001525878906,34.70500183105469,34.55500030517578,34.6150016784668,905792.0
2025-09-25T11:30:00-04:00,34.6150016784668,34.76580047607422,34.584999084472656,34.6234016418457,738135.0
2025-09-25T12:30:00-04:00,34.630001068115234,34.79499816894531,34.56999969482422,34.665000915527344,763556.0
2025-09-25T13:30:00-04:00,34.665000915527344,34.67499923706055,34.435001373291016,34.55500030517578,696231.0
2025-09-25T14:30:00-04:00,34.560001373291016,34.6150016784668,34.38999938964844,34.43000030517578,1333063.0
2025-09-25T15:30:00-04:00,34.43000030517578,34.59000015258789,34.404998779296875,34.5890007019043,2556875.0
2025-09-26T09:30:00-04:00,34.7599983215332,35.915000915527344,34.7599983215332,35.77000045776367,3177847.0
2025-09-26T10:30:00-04:00,35.779998779296875,35.80500030517578,35.619998931884766,35.66999816894531,1668652.0
2025-09-26T11:30:00-04:00,35.67499923706055,35.845001220703125,35.65999984741211,35.76499938964844,1133200.0
2025-09-26T12:30:00-04:00,35.76499938964844,35.790000915527344,35.51499938964844,35.529998779296875,1216150.0
2025-09-26T13:30:00-04:00,35.53499984741211,35.66999816894531,35.404998779296875,35.6349983215332,1131767.0
2025-09-26T14:30:00-04:00,35.63999938964844,35.900001525878906,35.45500183105469,35.525001525878906,1880605.0
2025-09-26T15:30:00-04:00,35.525001525878906,35.54999923706055,35.435001373291016,35.5099983215332,1920192.0
2025-09-29T09:30:00-04:00,35.33000183105469,35.34000015258789,34.68000030517578,35.19499969482422,2645153.0
2025-09-29T10:30:00-04:00,35.19499969482422,35.34000015258789,35.125,35.125,1062302.0
2025-09-29T11:30:00-04:00,35.119998931884766,35.224998474121094,35.029998779296875,35.10499954223633,758760.0
2025-09-29T12:30:00-04:00,35.11000061035156,35.1349983215332,34.9099006652832,34.94499969482422,892690.0
2025-09-29T13:30:00-04:00,34.95000076293945,35.130001068115234,34.91999816894531,35.125,723218.0
2025-09-29T14:30:00-04:00,35.125,35.17499923706055,34.900001525878906,35.03499984741211,983510.0
2025-09-29T15:30:00-04:00,35.03499984741211,35.15999984741211,35.02000045776367,35.099998474121094,1699381.0
2025-09-30T09:30:00-04:00,34.709999084472656,34.79999923706055,33.654998779296875,33.669898986816406,2284552.0
2025-09-30T10:30:00-04:00,33.665000915527344,33.66999816894531,33.41999816894531,33.540000915527344,2628336.0
2025-09-30T11:30:00-04:00,33.54499816894531,33.939998626708984,33.4900016784668,33.80500030517578,2557451.0
2025-09-30T12:30:00-04:00,33.810001373291016,33.859901428222656,33.60499954223633,33.77000045776367,1391957.0
2025-09-30T13:30:00-04:00,33.77000045776367,34.03810119628906,33.7318000793457,34.025001525878906,1522942.0
2025-09-30T14:30:00-04:00,34.025001525878906,34.380001068115234,33.98249816894531,34.314998626708984,1678089.0
2025-09-30T15:30:00-04:00,34.314998626708984,34.529998779296875,34.2400016784668,34.36000061035156,2898041.0
2025-10-01T09:30:00-04:00,34.220001220703125,34.880001068115234,34.099998474121094,34.73500061035156,2837706.0
2025-10-01T10:30:00-04:00,34.72999954223633,34.89649963378906,34.630001068115234,34.82500076293945,1403604.0
2025-10-01T11:30:00-04:00,34.82500076293945,35.064998626708984,34.744998931884766,35.03499984741211,856189.0
2025-10-01T12:30:00-04:00,35.03499984741211,35.040000915527344,34.80500030517578,34.90700149536133,605771.0
2025-10-01T13:30:00-04:00,34.904998779296875,34.959999084472656,34.790000915527344,34.92499923706055,619758.0
2025-10-01T14:30:00-04:00,34.92499923706055,35.084999084472656,34.904998779296875,35.08000183105469,914432.0
2025-10-01T15:30:00-04:00,35.07500076293945,35.1349983215332,35.040000915527344,35.09000015258789,2145670.0
2025-10-02T09:30:00-04:00,34.959999084472656,35.20000076293945,34.42499923706055,34.58000183105469,2286772.0
2025-10-02T10:30:00-04:00,34.58000183105469,34.58570098876953,34.279998779296875,34.34000015258789,1219945.0
2025-10-02T11:30:00-04:00,34.34000015258789,34.41999816894531,34.20000076293945,34.226078033447266,834407.0
2025-10-02T12:30:00-04:00,34.224998474121094,34.26499938964844,34.060001373291016,34.21500015258789,1239995.0
2025-10-02T13:30:00-04:00,34.21500015258789,34.3650016784668,34.19499969482422,34.27510070800781,929496.0
2025-10-02T14:30:00-04:00,34.27000045776367,34.29999923706055,34.10499954223633,34.165000915527344,1116070.0
2025-10-02T15:30:00-04:00,34.15999984741211,34.19779968261719,34.099998474121094,34.125,1699699.0
2025-10-03T09:30:00-04:00,34.369998931884766,34.58649826049805,34.2400016784668,34.55500030517578,1633690.0
2025-10-03T10:30:00-04:00,34.55500030517578,34.57500076293945,34.2599983215332,34.35499954223633,991036.0
2025-10-03T11:30:00-04:00,34.349998474121094,34.525001525878906,34.209999084472656,34.46500015258789,1035452.0
2025-10-03T12:30:00-04:00,34.470001220703125,34.654998779296875,34.46500015258789,34.57500076293945,726214.0
2025-10-03T13:30:00-04:00,34.57500076293945,34.609901428222656,34.38999938964844,34.458099365234375,711365.0
2025-10-03T14:30:00-04:00,34.459999084472656,34.474998474121094,34.310001373291016,34.345001220703125,1459786.0
2025-10-03T15:30:00-04:00,34.345001220703125,34.369998931884766,34.23500061035156,34.2599983215332,1438422.0
2025-10-06T09:30:00-04:00,34.54999923706055,34.834999084472656,34.16999816894531,34.59000015258789,3197930.0
2025-10-06T10:30:00-04:00,34.595001220703125,34.7400016784668,34.30500030517578,34.57550048828125,1189617.0
2025-10-06T11:30:00-04:00,34.57500076293945,34.72999954223633,34.505001068115234,34.65999984741211,1117824.0
2025-10-06T12:30:00-04:00,34.650001525878906,34.66999816894531,34.45500183105469,34.53499984741211,662377.0
2025-10-06T13:30:00-04:00,34.53499984741211,34.724998474121094,34.53499984741211,34.635101318359375,669895.0
2025-10-06T14:30:00-04:00,34.6349983215332,34.654998779296875,34.54499816894531,34.61000061035156,1183154.0
2025-10-06T15:30:00-04:00,34.60499954223633,34.685001373291016,34.56999969482422,34.58000183105469,1185446.0
2025-10-07T09:30:00-04:00,34.560001373291016,35.099998474121094,34.33000183105469,34.39500045776367,8414784.0
2025-10-07T10:30:00-04:00,34.39500045776367,34.755001068115234,34.3650016784668,34.59000015258789,1469793.0
2025-10-07T11:30:00-04:00,34.59000015258789,34.6150016784668,34.290000915527344,34.290000915527344,996983.0
2025-10-07T12:30:00-04:00,34.29499816894531,34.38999938964844,34.165000915527344,34.189998626708984,1039063.0
2025-10-07T13:30:00-04:00,34.19499969482422,34.2400016784668,34.04499816894531,34.20500183105469,1037004.0
2025-10-07T14:30:00-04:00,34.20500183105469,34.43550109863281,34.20500183105469,34.34000015258789,1698026.0
2025-10-07T15:30:00-04:00,34.345001220703125,34.44499969482422,34.279998779296875,34.39500045776367,1828784.0
2025-10-08T09:30:00-04:00,34.540000915527344,34.58000183105469,33.900001525878906,34.099998474121094,2171352.0
2025-10-08T10:30:00-04:00,34.11000061035156,34.345001220703125,33.91999816894531,34.244998931884766,1056254.0
2025-10-08T11:30:00-04:00,34.244998931884766,34.2599983215332,33.880001068115234,33.92499923706055,913652.0
2025-10-08T12:30:00-04:00,33.92499923706055,34.29999923706055,33.904998779296875,34.224998474121094,1140106.0
2025-10-08T13:30:00-04:00,34.226200103759766,34.226200103759766,34.080101013183594,34.125,761235.0
2025-10-08T14:30:00-04:00,34.125,34.17499923706055,33.86000061035156,33.90999984741211,1250022.0
2025-10-08T15:30:00-04:00,33.90999984741211,34.060001373291016,33.88999938964844,33.974998474121094,1309891.0
2025-10-09T09:30:00-04:00,34.25,34.54560089111328,33.435001373291016,33.45000076293945,1982570.0
2025-10-09T10:30:00-04:00,33.439998626708984,33.6349983215332,33.34000015258789,33.474998474121094,1792198.0
2025-10-09T11:30:00-04:00,33.47999954223633,33.54499816894531,33.39500045776367,33.404998779296875,933494.0
2025-10-09T12:30:00-04:00,33.404998779296875,33.42499923706055,32.98500061035156,33.005001068115234,1497688.0
2025-10-09T13:30:00-04:00,33.005001068115234,33.19649887084961,32.9900016784668,33.11000061035156,1545514.0
2025-10-09T14:30:00-04:00,33.11000061035156,33.22999954223633,33.06999969482422,33.125,1251481.0
2025-10-09T15:30:00-04:00,33.125,33.16999816894531,33.08000183105469,33.119998931884766,1921270.0
2025-10-10T09:30:00-04:00,33.01499938964844,33.09000015258789,32.70000076293945,32.875,2467511.0
2025-10-10T10:30:00-04:00,32.875,32.98500061035156,32.33000183105469,32.375,2130380.0
2025-10-10T11:30:00-04:00,32.380001068115234,32.43000030517578,32.11000061035156,32.38999938964844,1711304.0
2025-10-10T12:30:00-04:00,32.39500045776367,32.525001525878906,32.130001068115234,32.17499923706055,1266618.0
2025-10-10T13:30:00-04:00,32.16999816894531,32.310001373291016,32.040000915527344,32.1343994140625,1097592.0
2025-10-10T14:30:00-04:00,32.130001068115234,32.150001525878906,31.829999923706055,31.844999313354492,1860230.0
2025-10-10T15:30:00-04:00,31.850000381469727,31.90999984741211,31.719999313354492,31.735000610351562,2582392.0
2025-10-13T09:30:00-04:00,32.08000183105469,32.2400016784668,31.639999389648438,31.83009910583496,7885400.0
2025-10-13T10:30:00-04:00,31.834999084472656,32.2599983215332,31.790000915527344,32.13999938964844,1710022.0
2025-10-13T11:30:00-04:00,32.13999938964844,32.224998474121094,32.09000015258789,32.150001525878906,1364852.0
2025-10-13T12:30:00-04:00,32.150001525878906,32.224998474121094,32.04010009765625,32.064998626708984,1122133.0
2025-10-13T13:30:00-04:00,32.06809997558594,32.27000045776367,32.04999923706055,32.21500015258789,1392615.0
2025-10-13T14:30:00-04:00,32.21500015258789,32.25,31.969999313354492,32.19499969482422,1669763.0
2025-10-13T15:30:00-04:00,32.189998626708984,32.31999969482422,32.154998779296875,32.26499938964844,1771008.0
2025-10-14T09:30:00-04:00,31.75,32.20500183105469,31.690000534057617,32.15999984741211,1867183.0
2025-10-14T10:30:00-04:00,32.150001525878906,32.494998931884766,32.09000015258789,32.415000915527344,1739580.0
2025-10-14T11:30:00-04:00,32.41999816894531,32.7400016784668,32.400001525878906,32.654998779296875,1512246.0
2025-10-14T12:30:00-04:00,32.650001525878906,32.755001068115234,32.59000015258789,32.61589813232422,1405515.0
2025-10-14T13:30:00-04:00,32.6150016784668,32.71500015258789,32.54499816894531,32.59000015258789,1171679.0
2025-10-14T14:30:00-04:00,32.59000015258789,32.689998626708984,32.59000015258789,32.625,1178961.0
2025-10-14T15:30:00-04:00,32.619998931884766,32.650001525878906,32.3650016784668,32.560001373291016,2435190.0
2025-10-15T09:30:00-04:00,32.84000015258789,32.910099029541016,32.35499954223633,32.630001068115234,2412454.0
2025-10-15T10:30:00-04:00,32.625,32.654998779296875,32.33000183105469,32.529998779296875,1796990.0
2025-10-15T11:30:00-04:00,32.525001525878906,32.56999969482422,32.349998474121094,32.4900016784668,1423998.0
2025-10-15T12:30:00-04:00,32.494998931884766,32.62990188598633,32.369998931884766,32.52000045776367,1835240.0
2025-10-15T13:30:00-04:00,32.52000045776367,32.63999938964844,32.505001068115234,32.564998626708984,1377320.0
2025-10-15T14:30:00-04:00,32.564998626708984,32.720001220703125,32.55500030517578,32.63800048828125,2012254.0
2025-10-15T15:30:00-04:00,32.6349983215332,32.650001525878906,32.51499938964844,32.56999969482422,3287516.0
2025-10-16T09:30:00-04:00,32.7599983215332,32.939998626708984,32.47999954223633,32.67499923706055,3845502.0
2025-10-16T10:30:00-04:00,32.68000030517578,32.8849983215332,32.47999954223633,32.73500061035156,3160290.0
2025-10-16T11:30:00-04:00,32.73500061035156,32.73500061035156,32.459999084472656,32.494998931884766,2512007.0
2025-10-16T12:30:00-04:00,32.4900016784668,32.775001525878906,32.349998474121094,32.689998626708984,3536639.0
2025-10-16T13:30:00-04:00,32.689998626708984,32.75,32.41999816894531,32.474998474121094,1897800.0
2025-10-16T14:30:00-04:00,32.474998474121094,32.650001525878906,32.435001373291016,32.58000183105469,1855053.0
2025-10-16T15:30:00-04:00,32.58000183105469,32.939998626708984,32.560001373291016,32.939998626708984,5122589.0
2025-10-17T09:30:00-04:00,32.70000076293945,33.255001068115234,32.02000045776367,32.38999938964844,10718841.0
2025-10-17T10:30:00-04:00,32.39500045776367,32.419898986816406,31.64419937133789,32.183799743652344,7205115.0
2025-10-17T11:30:00-04:00,32.189998626708984,32.59000015258789,32.16999816894531,32.26499938964844,3276639.0
2025-10-17T12:30:00-04:00,32.26499938964844,32.349998474121094,32.005001068115234,32.025001525878906,2220074.0
2025-10-17T13:30:00-04:00,32.029998779296875,32.51499938964844,31.940000534057617,32.40999984741211,6355665.0
2025-10-17T14:30:00-04:00,32.40999984741211,32.6349983215332,32.349998474121094,32.51499938964844,3001634.0
2025-10-17T15:30:00-04:00,32.51499938964844,32.685001373291016,32.494998931884766,32.650001525878906,3277957.0
2025-10-20T09:30:00-04:00,32.95000076293945,33.47999954223633,32.5,32.55500030517578,3710627.0
2025-10-20T10:30:00-04:00,32.54999923706055,33.07550048828125,32.54499816894531,33.02000045776367,2567773.0
2025-10-20T11:30:00-04:00,33.02000045776367,33.415000915527344,33.005001068115234,33.220001220703125,2167292.0
2025-10-20T12:30:00-04:00,33.220001220703125,33.25,32.904998779296875,32.94499969482422,2137644.0
2025-10-20T13:30:00-04:00,32.939998626708984,33.25,32.939998626708984,33.12009811401367,1289213.0
2025-10-20T14:30:00-04:00,33.130001068115234,33.290000915527344,32.9900016784668,33.290000915527344,1300348.0
2025-10-20T15:30:00-04:00,33.290000915527344,33.47999954223633,33.26499938964844,33.43000030517578,2635877.0
2025-10-21T09:30:00-04:00,33.720001220703125,33.97999954223633,33.1150016784668,33.57500076293945,3504160.0
2025-10-21T10:30:00-04:00,33.56999969482422,33.755001068115234,33.505001068115234,33.564998626708984,2240253.0
2025-10-21T11:30:00-04:00,33.564998626708984,33.66999816894531,33.404998779296875,33.64500045776367,1564364.0
2025-10-21T12:30:00-04:00,33.64500045776367,33.88999938964844,33.380001068115234,33.505001068115234,1677770.0
2025-10-21T13:30:00-04:00,33.5099983215332,33.619998931884766,33.40999984741211,33.584598541259766,1313304.0
2025-10-21T14:30:00-04:00,33.58000183105469,33.65999984741211,33.45000076293945,33.505001068115234,2570145.0
2025-10-21T15:30:00-04:00,33.505001068115234,33.61000061035156,33.43000030517578,33.52000045776367,2281806.0
2025-10-22T09:30:00-04:00,34.09000015258789,34.875,34.0,34.5,3600134.0
2025-10-22T10:30:00-04:00,34.4900016784668,34.775001525878906,34.439998626708984,34.70000076293945,2268624.0
2025-10-22T11:30:00-04:00,34.690101623535156,34.900001525878906,34.439998626708984,34.45500183105469,1393477.0
2025-10-22T12:30:00-04:00,34.45500183105469,34.65999984741211,34.220001220703125,34.63999938964844,1783379.0
2025-10-22T13:30:00-04:00,34.64500045776367,34.654998779296875,34.47999954223633,34.55500030517578,1498020.0
2025-10-22T14:30:00-04:00,34.55500030517578,35.06999969482422,34.5099983215332,35.064998626708984,2637807.0
2025-10-22T15:30:00-04:00,35.064998626708984,35.22999954223633,34.869998931884766,34.900001525878906,3537640.0
2025-10-23T09:30:00-04:00,35.650001525878906,35.755001068115234,34.97999954223633,35.31999969482422,5216960.0
2025-10-23T10:30:00-04:00,35.314998626708984,35.63999938964844,35.21500015258789,35.599998474121094,1710500.0
2025-10-23T11:30:00-04:00,35.599998474121094,35.970001220703125,35.58000183105469,35.67499923706055,2142574.0
2025-10-23T12:30:00-04:00,35.67499923706055,35.810001373291016,35.619998931884766,35.790000915527344,1389000.0
2025-10-23T13:30:00-04:00,35.79499816894531,35.869998931884766,35.560001373291016,35.84000015258789,1897795.0
2025-10-23T14:30:00-04:00,35.845001220703125,36.04999923706055,35.79999923706055,35.974998474121094,1941406.0
2025-10-23T15:30:00-04:00,35.974998474121094,36.09000015258789,35.940101623535156,36.0099983215332,3365281.0
2025-10-24T09:30:00-04:00,36.099998474121094,36.63930130004883,36.08000183105469,36.494998931884766,3732225.0
2025-10-24T10:30:00-04:00,36.494998931884766,36.560001373291016,36.275001525878906,36.44580078125,2279508.0
2025-10-24T11:30:00-04:00,36.45000076293945,36.54999923706055,36.26020050048828,36.279998779296875,1624264.0
2025-10-24T12:30:00-04:00,36.27000045776367,36.380001068115234,36.189998626708984,36.20500183105469,1016261.0
2025-10-24T13:30:00-04:00,36.209999084472656,36.27000045776367,36.064998626708984,36.130001068115234,1232691.0
2025-10-24T14:30:00-04:00,36.125,36.220001220703125,35.900001525878906,35.915000915527344,2205653.0
2025-10-24T15:30:00-04:00,35.915000915527344,35.959999084472656,35.79999923706055,35.81999969482422,3273596.0
2025-10-27T09:30:00-04:00,36.16999816894531,36.689998626708984,35.88999938964844,36.375,3998088.0
2025-10-27T10:30:00-04:00,36.375,36.65999984741211,36.32500076293945,36.625,2124345.0
2025-10-27T11:30:00-04:00,36.62580108642578,36.83000183105469,36.529998779296875,36.619998931884766,1535668.0
2025-10-27T12:30:00-04:00,36.6150016784668,36.70750045776367,36.44499969482422,36.494998931884766,1384716.0
2025-10-27T13:30:00-04:00,36.494998931884766,36.5,36.2400016784668,36.294498443603516,1247167.0
2025-10-27T14:30:00-04:00,36.29499816894531,36.345001220703125,36.220001220703125,36.25,1438660.0
2025-10-27T15:30:00-04:00,36.25,36.290000915527344,36.119998931884766,36.15999984741211,2901057.0
2025-10-28T09:30:00-04:00,36.18000030517578,36.33000183105469,35.72999954223633,36.03499984741211,2187236.0
2025-10-28T10:30:00-04:00,36.04999923706055,36.13999938964844,35.81999969482422,36.025001525878906,1193465.0
2025-10-28T11:30:00-04:00,36.025001525878906,36.060001373291016,35.685001373291016,35.7599983215332,1946738.0
2025-10-28T12:30:00-04:00,35.7599983215332,36.03499984741211,35.755001068115234,35.92499923706055,989552.0
2025-10-28T13:30:00-04:00,35.92499923706055,36.0,35.81999969482422,35.91450119018555,900237.0
2025-10-28T14:30:00-04:00,35.90999984741211,35.93000030517578,35.7599983215332,35.80500030517578,1282957.0
2025-10-28T15:30:00-04:00,35.80500030517578,35.90829849243164,35.750999450683594,35.845001220703125,1743870.0
2025-10-29T09:30:00-04:00,35.91999816894531,36.20000076293945,35.790000915527344,36.060001373291016,1844096.0
2025-10-29T10:30:00-04:00,36.060001373291016,36.70000076293945,36.060001373291016,36.46500015258789,2112045.0
2025-10-29T11:30:00-04:00,36.46500015258789,36.775001525878906,36.349998474121094,36.55500030517578,2124294.0
2025-10-29T12:30:00-04:00,36.55500030517578,36.75,36.52000045776367,36.7400016784668,1115494.0
2025-10-29T13:30:00-04:00,36.7400016784668,36.91999816894531,36.70479965209961,36.845001220703125,1355121.0
2025-10-29T14:30:00-04:00,36.845001220703125,36.945499420166016,36.56999969482422,36.70500183105469,2385933.0
2025-10-29T15:30:00-04:00,36.705101013183594,36.849998474121094,36.53499984741211,36.845001220703125,2900846.0
2025-10-30T09:30:00-04:00,36.68000030517578,36.810001373291016,36.4900016784668,36.584999084472656,2305411.0
2025-10-30T10:30:00-04:00,36.59000015258789,36.900001525878906,36.584999084472656,36.834999084472656,1744260.0
2025-10-30T11:30:00-04:00,36.82500076293945,36.84000015258789,36.63999938964844,36.75,1314629.0
2025-10-30T12:30:00-04:00,36.75,36.9900016784668,36.654998779296875,36.98749923706055,1145099.0
2025-10-30T13:30:00-04:00,36.97999954223633,37.04999923706055,36.77000045776367,36.82500076293945,1497156.0
2025-10-30T14:30:00-04:00,36.814998626708984,36.834999084472656,36.61009979248047,36.614601135253906,1339712.0
2025-10-30T15:30:00-04:00,36.619998931884766,36.63999938964844,36.279998779296875,36.31999969482422,3309643.0
2025-10-31T09:30:00-04:00,36.2599983215332,36.529998779296875,35.85499954223633,36.275001525878906,1922875.0
2025-10-31T10:30:00-04:00,36.27000045776367,36.404998779296875,36.19499969482422,36.31999969482422,772253.0
2025-10-31T11:30:00-04:00,36.31999969482422,36.349998474121094,35.775001525878906,35.875,1628190.0
2025-10-31T12:30:00-04:00,35.880001068115234,36.04499816894531,35.87160110473633,35.974998474121094,1410600.0
2025-10-31T13:30:00-04:00,35.970001220703125,36.060001373291016,35.915000915527344,36.029998779296875,1353721.0
2025-10-31T14:30:00-04:00,36.0369987487793,36.279998779296875,36.02000045776367,36.255001068115234,1712633.0
2025-10-31T15:30:00-04:00,36.255001068115234,36.28499984741211,36.02000045776367,36.060001373291016,2850580.0
2025-11-03T09:30:00-05:00,36.099998474121094,36.95000076293945,36.025001525878906,36.560001373291016,3890717.0
2025-11-03T10:30:00-05:00,36.56999969482422,37.16999816894531,36.525001525878906,37.040000915527344,2129402.0
2025-11-03T11:30:00-05:00,37.040000915527344,37.154998779296875,36.775001525878906,36.95000076293945,2001692.0
2025-11-03T12:30:00-05:00,36.95500183105469,37.209999084472656,36.94340133666992,37.185001373291016,1691874.0
2025-11-03T13:30:00-05:00,37.185001373291016,37.30500030517578,37.06999969482422,37.20000076293945,1750400.0
2025-11-03T14:30:00-05:00,37.198001861572266,37.23500061035156,37.0,37.060001373291016,2329311.0
2025-11-03T15:30:00-05:00,37.060001373291016,37.1150016784668,36.959999084472656,37.029998779296875,2599302.0
2025-11-04T09:30:00-05:00,36.31999969482422,36.459999084472656,36.03499984741211,36.130001068115234,3017245.0
2025-11-04T10:30:00-05:00,36.130001068115234,36.255001068115234,35.83000183105469,35.88999938964844,2855857.0
2025-11-04T11:30:00-05:00,35.88999938964844,36.14500045776367,35.78499984741211,36.02180099487305,1847850.0
2025-11-04T12:30:00-05:00,36.02000045776367,36.209999084472656,35.86000061035156,36.04499816894531,1833853.0
2025-11-04T13:30:00-05:00,36.04499816894531,36.165000915527344,35.915000915527344,36.03499984741211,1949351.0
2025-11-04T14:30:00-05:00,36.029998779296875,36.095001220703125,35.93000030517578,36.084999084472656,1681416.0
2025-11-04T15:30:00-05:00,36.084999084472656,36.18000030517578,36.02000045776367,36.119998931884766,2996764.0
2025-11-05T09:30:00-05:00,36.25,36.400001525878906,35.959999084472656,36.29999923706055,2399939.0
2025-11-05T10:30:00-05:00,36.290000915527344,36.47990036010742,36.185001373291016,36.43550109863281,1909396.0
2025-11-05T11:30:00-05:00,36.43000030517578,36.7400016784668,36.349998474121094,36.71500015258789,1813020.0
2025-11-05T12:30:00-05:00,36.71500015258789,36.97999954223633,36.63999938964844,36.974998474121094,1408537.0
2025-11-05T13:30:00-05:00,36.97999954223633,37.029998779296875,36.744998931884766,36.779998779296875,1807475.0
2025-11-05T14:30:00-05:00,36.775001525878906,36.775901794433594,36.5906982421875,36.665000915527344,1574183.0
2025-11-05T15:30:00-05:00,36.665000915527344,36.68000030517578,36.5099983215332,36.540000915527344,1764036.0
2025-11-06T09:30:00-05:00,36.65999984741211,37.20500183105469,36.4900016784668,37.06999969482422,2913750.0
2025-11-06T10:30:00-05:00,37.064998626708984,37.064998626708984,36.54999923706055,36.89500045776367,2065117.0
2025-11-06T11:30:00-05:00,36.88999938964844,36.904998779296875,36.349998474121094,36.40999984741211,1470252.0
2025-11-06T12:30:00-05:00,36.41999816894531,36.64500045776367,36.380001068115234,36.61000061035156,935998.0
2025-11-06T13:30:00-05:00,36.60499954223633,36.72999954223633,36.5099983215332,36.6150016784668,1163624.0
2025-11-06T14:30:00-05:00,36.6150016784668,36.72999954223633,36.459999084472656,36.665000915527344,1364165.0
2025-11-06T15:30:00-05:00,36.665000915527344,36.685001373291016,36.34000015258789,36.380001068115234,1971907.0
2025-11-07T09:30:00-05:00,36.47999954223633,36.79999923706055,35.88999938964844,36.56999969482422,2121791.0
2025-11-07T10:30:00-05:00,36.56999969482422,36.689998626708984,36.165000915527344,36.21500015258789,1407528.0
2025-11-07T11:30:00-05:00,36.209999084472656,36.209999084472656,35.96500015258789,36.13999938964844,1214613.0
2025-11-07T12:30:00-05:00,36.14500045776367,36.279998779296875,36.029998779296875,36.20000076293945,999962.0
2025-11-07T13:30:00-05:00,36.189998626708984,36.38999938964844,36.165000915527344,36.3650016784668,1160885.0
2025-11-07T14:30:00-05:00,36.369998931884766,36.609798431396484,36.369998931884766,36.435001373291016,1046077.0
2025-11-07T15:30:00-05:00,36.435001373291016,36.68000030517578,36.415000915527344,36.68000030517578,1505565.0
2025-11-10T09:30:00-05:00,36.880001068115234,36.904998779296875,36.11000061035156,36.32500076293945,2154804.0
2025-11-10T10:30:00-05:00,36.32500076293945,36.65999984741211,36.255001068115234,36.630001068115234,1589393.0
2025-11-10T11:30:00-05:00,36.63999938964844,36.73500061035156,36.61000061035156,36.724998474121094,1066457.0
2025-11-10T12:30:00-05:00,36.72999954223633,36.900001525878906,36.65999984741211,36.755001068115234,1067939.0
2025-11-10T13:30:00-05:00,36.7599983215332,36.834999084472656,36.689998626708984,36.834999084472656,1189736.0
2025-11-10T14:30:00-05:00,36.83000183105469,37.0453987121582,36.83000183105469,36.95500183105469,1124720.0
2025-11-10T15:30:00-05:00,36.95000076293945,37.029998779296875,36.880001068115234,36.93000030517578,1750077.0
2025-11-11T09:30:00-05:00,37.20000076293945,37.6349983215332,37.11000061035156,37.605098724365234,1830676.0
2025-11-11T10:30:00-05:00,37.60499954223633,37.81999969482422,37.560001373291016,37.75,1272775.0
2025-11-11T11:30:00-05:00,37.75,37.81999969482422,37.54499816894531,37.810001373291016,1217028.0
2025-11-11T12:30:00-05:00,37.81999969482422,38.06999969482422,37.79499816894531,38.060001373291016,1128316.0
2025-11-11T13:30:00-05:00,38.05500030517578,38.07500076293945,37.654998779296875,37.744998931884766,1022126.0
2025-11-11T14:30:00-05:00,37.744998931884766,37.790000915527344,37.5099983215332,37.57500076293945,951002.0
2025-11-11T15:30:00-05:00,37.56999969482422,37.69499969482422,37.459999084472656,37.61000061035156,1851265.0
2025-11-12T09:30:00-05:00,37.29999923706055,37.54499816894531,36.83000183105469,36.92499923706055,1909967.0
2025-11-12T10:30:00-05:00,36.92499923706055,36.970001220703125,36.69499969482422,36.71500015258789,980369.0
2025-11-12T11:30:00-05:00,36.70500183105469,36.869998931884766,36.56999969482422,36.594200134277344,879632.0
2025-11-12T12:30:00-05:00,36.59000015258789,36.61000061035156,36.27000045776367,36.32500076293945,922789.0
2025-11-12T13:30:00-05:00,36.33000183105469,36.45500183105469,36.16999816894531,36.290000915527344,1077031.0
2025-11-12T14:30:00-05:00,36.290000915527344,36.34000015258789,36.08000183105469,36.224998474121094,1488791.0
2025-11-12T15:30:00-05:00,36.224998474121094,36.224998474121094,36.0,36.08000183105469,1624088.0
2025-11-13T09:30:00-05:00,36.220001220703125,36.70000076293945,36.154998779296875,36.650001525878906,1782536.0
2025-11-13T10:30:00-05:00,36.650001525878906,36.85499954223633,36.5099983215332,36.82500076293945,1263131.0
2025-11-13T11:30:00-05:00,36.82500076293945,36.935001373291016,36.6150016784668,36.7400016784668,1061604.0
2025-11-13T12:30:00-05:00,36.74509811401367,36.79999923706055,36.60499954223633,36.60499954223633,808857.0
2025-11-13T13:30:00-05:00,36.60499954223633,36.60499954223633,36.31999969482422,36.404998779296875,982497.0
2025-11-13T14:30:00-05:00,36.404998779296875,36.415000915527344,36.07500076293945,36.154998779296875,1244793.0
2025-11-13T15:30:00-05:00,36.154998779296875,36.31999969482422,36.154998779296875,36.31999969482422,1479010.0
2025-11-14T09:30:00-05:00,36.439998626708984,36.650001525878906,35.880001068115234,36.650001525878906,1821211.0
2025-11-14T10:30:00-05:00,36.63999938964844,37.209999084472656,36.61000061035156,37.130001068115234,1788673.0
2025-11-14T11:30:00-05:00,37.130001068115234,37.34000015258789,37.125,37.29750061035156,1336754.0
2025-11-14T12:30:00-05:00,37.290000915527344,37.290000915527344,37.005001068115234,37.11000061035156,812241.0
2025-11-14T13:30:00-05:00,37.1150016784668,37.18000030517578,36.91999816894531,36.9900016784668,852377.0
2025-11-14T14:30:00-05:00,36.994998931884766,37.12900161743164,36.92499923706055,36.98500061035156,1044581.0
2025-11-14T15:30:00-05:00,36.98500061035156,37.04499816894531,36.92499923706055,36.959999084472656,1451694.0
2025-11-17T09:30:00-05:00,36.81999969482422,36.93000030517578,36.4900016784668,36.63999938964844,1855455.0
2025-11-17T10:30:00-05:00,36.619998931884766,36.630001068115234,36.3306999206543,36.54499816894531,1106524.0
2025-11-17T11:30:00-05:00,36.540000915527344,36.625,36.470001220703125,36.589900970458984,852203.0
2025-11-17T12:30:00-05:00,36.59000015258789,36.665000915527344,36.255001068115234,36.3650016784668,865646.0
2025-11-17T13:30:00-05:00,36.36000061035156,36.375,36.040000915527344,36.060001373291016,1074157.0
2025-11-17T14:30:00-05:00,36.060001373291016,36.084999084472656,35.61000061035156,35.80500030517578,1514894.0
2025-11-17T15:30:00-05:00,35.810001373291016,35.89500045776367,35.733299255371094,35.78499984741211,1754054.0
2025-11-18T09:30:00-05:00,35.43000030517578,35.970001220703125,35.279998779296875,35.650001525878906,2173511.0
2025-11-18T10:30:00-05:00,35.650001525878906,35.790000915527344,35.439998626708984,35.7400016784668,4764390.0
2025-11-18T11:30:00-05:00,35.744998931884766,35.790000915527344,35.32500076293945,35.33000183105469,1786635.0
2025-11-18T12:30:00-05:00,35.33000183105469,36.154998779296875,35.29499816894531,35.9900016784668,1304031.0
2025-11-18T13:30:00-05:00,36.0,36.166500091552734,35.91999816894531,35.994998931884766,948200.0
2025-11-18T14:30:00-05:00,36.0,36.224998474121094,36.0,36.17499923706055,1167761.0
2025-11-18T15:30:00-05:00,36.18000030517578,36.189998626708984,35.97999954223633,36.040000915527344,1576686.0
2025-11-19T09:30:00-05:00,35.380001068115234,35.94499969482422,35.119998931884766,35.849998474121094,1690334.0
2025-11-19T10:30:00-05:00,35.869998931884766,36.07500076293945,35.790000915527344,36.05500030517578,1236764.0
2025-11-19T11:30:00-05:00,36.064998626708984,36.095001220703125,35.95000076293945,36.08000183105469,841469.0
2025-11-19T12:30:00-05:00,36.08000183105469,36.125,35.95000076293945,35.9900016784668,679431.0
2025-11-19T13:30:00-05:00,36.0,36.08000183105469,35.7400016784668,35.78499984741211,677308.0
2025-11-19T14:30:00-05:00,35.78499984741211,35.84000015258789,35.57310104370117,35.7599983215332,1358528.0
2025-11-19T15:30:00-05:00,35.7599983215332,35.994998931884766,35.68479919433594,35.85499954223633,1959092.0
2025-11-20T09:30:00-05:00,36.209999084472656,36.84000015258789,36.099998474121094,36.810001373291016,1780939.0
2025-11-20T10:30:00-05:00,36.810001373291016,36.84000015258789,36.150001525878906,36.189998626708984,1313436.0
2025-11-20T11:30:00-05:00,36.19499969482422,36.23500061035156,35.689998626708984,35.70000076293945,1551040.0
2025-11-20T12:30:00-05:00,35.69499969482422,35.810001373291016,35.334999084472656,35.57500076293945,1169142.0
2025-11-20T13:30:00-05:00,35.57500076293945,35.61000061035156,35.084999084472656,35.38999938964844,1017817.0
2025-11-20T14:30:00-05:00,35.38999938964844,35.60499954223633,35.279998779296875,35.46500015258789,1220056.0
2025-11-20T15:30:00-05:00,35.470001220703125,35.48500061035156,35.14500045776367,35.18000030517578,1555346.0
2025-11-21T09:30:00-05:00,35.16999816894531,35.29499816894531,34.650001525878906,34.974998474121094,5726402.0
2025-11-21T10:30:00-05:00,34.96500015258789,35.345001220703125,34.83000183105469,35.345001220703125,1762181.0
2025-11-21T11:30:00-05:00,35.345001220703125,36.06999969482422,35.33000183105469,35.97999954223633,3408623.0
2025-11-21T12:30:00-05:00,35.974998474121094,36.13999938964844,35.6150016784668,35.70000076293945,1841403.0
2025-11-21T13:30:00-05:00,35.70000076293945,36.150001525878906,35.66999816894531,36.13999938964844,1825094.0
2025-11-21T14:30:00-05:00,36.13999938964844,36.17499923706055,35.970001220703125,36.005001068115234,2029704.0
2025-11-21T15:30:00-05:00,36.005001068115234,36.33000183105469,35.98500061035156,36.20500183105469,2111485.0
2025-11-24T09:30:00-05:00,36.0,36.0,35.29999923706055,35.744998931884766,7683940.0
2025-11-24T10:30:00-05:00,35.74980163574219,35.96500015258789,35.720001220703125,35.795799255371094,1357126.0
2025-11-24T11:30:00-05:00,35.79499816894531,35.880001068115234,35.63999938964844,35.85499954223633,1213806.0
2025-11-24T12:30:00-05:00,35.85499954223633,36.0099983215332,35.845001220703125,35.939998626708984,730242.0
2025-11-24T13:30:00-05:00,35.94499969482422,36.082801818847656,35.845001220703125,35.86000061035156,827210.0
2025-11-24T14:30:00-05:00,35.86000061035156,35.9900016784668,35.790000915527344,35.974998474121094,1288041.0
2025-11-24T15:30:00-05:00,35.970001220703125,36.02899932861328,35.720001220703125,35.720001220703125,1802883.0
2025-11-25T09:30:00-05:00,35.81999969482422,35.84000015258789,35.0099983215332,35.31999969482422,1719690.0
2025-11-25T10:30:00-05:00,35.310001373291016,35.63999938964844,35.310001373291016,35.53499984741211,1337311.0
2025-11-25T11:30:00-05:00,35.540000915527344,35.66999816894531,35.41999816894531,35.57500076293945,797739.0
2025-11-25T12:30:00-05:00,35.57500076293945,35.689998626708984,35.52000045776367,35.6150016784668,909009.0
2025-11-25T13:30:00-05:00,35.619998931884766,35.83000183105469,35.595001220703125,35.78499984741211,789115.0
2025-11-25T14:30:00-05:00,35.779998779296875,35.915000915527344,35.65999984741211,35.89500045776367,959921.0
2025-11-25T15:30:00-05:00,35.88999938964844,35.95000076293945,35.849998474121094,35.90999984741211,1486126.0
2025-11-26T09:30:00-05:00,35.75,35.75,35.290000915527344,35.665000915527344,2228654.0
2025-11-26T10:30:00-05:00,35.66999816894531,35.88999938964844,35.58000183105469,35.80500030517578,1270326.0
2025-11-26T11:30:00-05:00,35.80500030517578,35.900001525878906,35.755001068115234,35.80500030517578,804316.0
2025-11-26T12:30:00-05:00,35.810001373291016,35.877201080322266,35.66999816894531,35.845001220703125,755974.0
2025-11-26T13:30:00-05:00,35.845001220703125,36.0099983215332,35.7599983215332,35.97999954223633,906527.0
2025-11-26T14:30:00-05:00,35.97999954223633,36.04999923706055,35.87200164794922,35.96500015258789,963204.0
2025-11-26T15:30:00-05:00,35.96500015258789,35.96500015258789,35.650001525878906,35.65999984741211,1467030.0
2025-11-28T09:30:00-05:00,35.720001220703125,36.26449966430664,35.52000045776367,36.23500061035156,886183.0
2025-11-28T10:30:00-05:00,36.2400016784668,36.380001068115234,36.209999084472656,36.3650016784668,839833.0
2025-11-28T11:30:00-05:00,36.3650016784668,36.380001068115234,36.23500061035156,36.29999923706055,646843.0
2025-12-01T09:30:00-05:00,36.25,36.97999954223633,36.22999954223633,36.66999816894531,2287305.0
2025-12-01T10:30:00-05:00,36.66999816894531,36.8650016784668,36.47999954223633,36.5,1906274.0
2025-12-01T11:30:00-05:00,36.494998931884766,36.5364990234375,36.345001220703125,36.52000045776367,1631107.0
2025-12-01T12:30:00-05:00,36.525001525878906,36.720001220703125,36.48500061035156,36.685001373291016,1094358.0
2025-12-01T13:30:00-05:00,36.685001373291016,36.88999938964844,36.63999938964844,36.650001525878906,1209632.0
2025-12-01T14:30:00-05:00,36.65999984741211,36.77000045776367,36.630001068115234,36.675899505615234,1206578.0
2025-12-01T15:30:00-05:00,36.66999816894531,36.689998626708984,36.54999923706055,36.599998474121094,1455900.0
2025-12-02T09:30:00-05:00,36.310001373291016,36.36000061035156,35.505001068115234,35.84000015258789,2786425.0
2025-12-02T10:30:00-05:00,35.84000015258789,36.224998474121094,35.81999969482422,35.96580123901367,1460085.0
2025-12-02T11:30:00-05:00,35.959999084472656,36.28499984741211,35.95500183105469,36.26499938964844,788225.0
2025-12-02T12:30:00-05:00,36.27000045776367,36.30500030517578,36.1150016784668,36.275001525878906,1250358.0
2025-12-02T13:30:00-05:00,36.275001525878906,36.39500045776367,36.161800384521484,36.2599983215332,977080.0
2025-12-02T14:30:00-05:00,36.255001068115234,36.46500015258789,36.224998474121094,36.45500183105469,1114154.0
2025-12-02T15:30:00-05:00,36.45500183105469,36.52000045776367,36.31999969482422,36.345001220703125,1602616.0
2025-12-03T09:30:00-05:00,36.43000030517578,37.040000915527344,36.224998474121094,37.0099983215332,2319835.0
2025-12-03T10:30:00-05:00,37.0099983215332,37.2400016784668,36.86000061035156,37.01499938964844,1886718.0
2025-12-03T11:30:00-05:00,37.0099983215332,37.275001525878906,36.93410110473633,37.26499938964844,1579579.0
2025-12-03T12:30:00-05:00,37.27000045776367,37.470001220703125,37.25,37.30500030517578,2122744.0
2025-12-03T13:30:00-05:00,37.310001373291016,37.43000030517578,37.2400016784668,37.415000915527344,1558263.0
2025-12-03T14:30:00-05:00,37.41999816894531,37.630001068115234,37.38999938964844,37.494998931884766,2691026.0
2025-12-03T15:30:00-05:00,37.494998931884766,37.54999923706055,37.375,37.540000915527344,2086865.0
2025-12-04T09:30:00-05:00,37.5,37.880001068115234,37.40999984741211,37.560001373291016,2135958.0
2025-12-04T10:30:00-05:00,37.55500030517578,37.97999954223633,37.474998474121094,37.974998474121094,2334740.0
2025-12-04T11:30:00-05:00,37.974998474121094,38.099998474121094,37.904998779296875,38.025001525878906,2090664.0
2025-12-04T12:30:00-05:00,38.02000045776367,38.27000045776367,37.9900016784668,38.2401008605957,1757230.0
2025-12-04T13:30:00-05:00,38.2400016784668,38.29999923706055,37.85499954223633,37.935001373291016,1472336.0
2025-12-04T14:30:00-05:00,37.93090057373047,38.06549835205078,37.904998779296875,38.025001525878906,1277277.0
2025-12-04T15:30:00-05:00,38.020999908447266,38.15999984741211,38.02000045776367,38.13999938964844,2802272.0
2025-12-05T09:30:00-05:00,38.22999954223633,38.789798736572266,38.22999954223633,38.65999984741211,2621406.0
2025-12-05T10:30:00-05:00,38.65999984741211,39.0,38.63330078125,38.935001373291016,1369097.0
2025-12-05T11:30:00-05:00,38.93000030517578,38.93000030517578,38.654998779296875,38.86000061035156,1476340.0
2025-12-05T12:30:00-05:00,38.85499954223633,38.89500045776367,38.720001220703125,38.834999084472656,906807.0
2025-12-05T13:30:00-05:00,38.834999084472656,38.85499954223633,38.665000915527344,38.709999084472656,769894.0
2025-12-05T14:30:00-05:00,38.70500183105469,38.790000915527344,38.64500045776367,38.744998931884766,1346935.0
2025-12-05T15:30:00-05:00,38.7400016784668,38.7400016784668,38.45000076293945,38.45500183105469,2483519.0
2025-12-08T09:30:00-05:00,38.33000183105469,38.83000183105469,38.099998474121094,38.365501403808594,8939215.0
2025-12-08T10:30:00-05:00,38.36000061035156,38.397499084472656,37.724998474121094,38.084999084472656,1567652.0
2025-12-08T11:30:00-05:00,38.084999084472656,38.119998931884766,37.95000076293945,38.060001373291016,1741347.0
2025-12-08T12:30:00-05:00,38.064998626708984,38.20000076293945,37.98500061035156,38.1150016784668,1066566.0
2025-12-08T13:30:00-05:00,38.1150016784668,38.380001068115234,38.06162643432617,38.28559875488281,1162939.0
2025-12-08T14:30:00-05:00,38.28499984741211,38.334999084472656,38.154998779296875,38.19499969482422,1419822.0
2025-12-08T15:30:00-05:00,38.20000076293945,38.33000183105469,38.19499969482422,38.255001068115234,1910088.0
2025-12-09T09:30:00-05:00,38.099998474121094,38.688201904296875,38.099998474121094,38.375,1174170.0
2025-12-09T10:30:00-05:00,38.375,38.589900970458984,38.28499984741211,38.584999084472656,894984.0
2025-12-09T11:30:00-05:00,38.584999084472656,38.64500045776367,38.343467712402344,38.415000915527344,633979.0
2025-12-09T12:30:00-05:00,38.41999816894531,38.45000076293945,38.31999969482422,38.3849983215332,612648.0
2025-12-09T13:30:00-05:00,38.3849983215332,38.43000030517578,38.25,38.310001373291016,744590.0
2025-12-09T14:30:00-05:00,38.314998626708984,38.404998779296875,38.28150177001953,38.3650016784668,571216.0
2025-12-09T15:30:00-05:00,38.3650016784668,38.404998779296875,38.29499816894531,38.31999969482422,1337176.0
2025-12-10T09:30:00-05:00,38.349998474121094,38.76499938964844,38.20000076293945,38.685001373291016,1343976.0
2025-12-10T10:30:00-05:00,38.689998626708984,39.150001525878906,38.60179901123047,39.02000045776367,1860963.0
2025-12-10T11:30:00-05:00,39.0099983215332,39.05500030517578,38.8650016784668,38.98500061035156,1496353.0
2025-12-10T12:30:00-05:00,38.98500061035156,39.189998626708984,38.94499969482422,39.05500030517578,1773605.0
2025-12-10T13:30:00-05:00,39.05500030517578,39.4900016784668,38.95500183105469,39.360801696777344,2246724.0
2025-12-10T14:30:00-05:00,39.369998931884766,39.95000076293945,39.29999923706055,39.83000183105469,2655397.0
2025-12-10T15:30:00-05:00,39.81999969482422,39.9900016784668,39.79499816894531,39.93000030517578,4050206.0
2025-12-11T09:30:00-05:00,39.849998474121094,40.8650016784668,39.779998779296875,40.779998779296875,4092017.0
2025-12-11T10:30:00-05:00,40.779998779296875,40.849998474121094,40.4900016784668,40.58000183105469,2647622.0
2025-12-11T11:30:00-05:00,40.58000183105469,40.810001373291016,40.375,40.72999954223633,1302269.0
2025-12-11T12:30:00-05:00,40.724998474121094,40.875,40.55500030517578,40.78499984741211,1526039.0
2025-12-11T13:30:00-05:00,40.78499984741211,40.785099029541016,40.459999084472656,40.584999084472656,1728526.0
2025-12-11T14:30:00-05:00,40.59000015258789,40.62670135498047,40.31999969482422,40.42499923706055,1399664.0
2025-12-11T15:30:00-05:00,40.43000030517578,40.540000915527344,40.27299880981445,40.34000015258789,2006048.0
2025-12-12T09:30:00-05:00,40.54999923706055,40.780601501464844,39.709999084472656,39.709999084472656,1819418.0
2025-12-12T10:30:00-05:00,39.70500183105469,39.935001373291016,39.270301818847656,39.40079879760742,1596382.0
2025-12-12T11:30:00-05:00,39.40999984741211,39.619998931884766,39.224998474121094,39.481998443603516,1275882.0
2025-12-12T12:30:00-05:00,39.48500061035156,39.73249816894531,39.439998626708984,39.654998779296875,881285.0
2025-12-12T13:30:00-05:00,39.650001525878906,39.67499923706055,39.220001220703125,39.23500061035156,1043257.0
2025-12-12T14:30:00-05:00,39.23500061035156,39.369998931884766,39.14500045776367,39.345001220703125,1889510.0
2025-12-12T15:30:00-05:00,39.345001220703125,39.4900016784668,39.275001525878906,39.439998626708984,2512595.0
2025-12-15T09:30:00-05:00,39.40999984741211,39.5,38.8849983215332,38.959999084472656,1777355.0
2025-12-15T10:30:00-05:00,38.959999084472656,39.04999923706055,38.755001068115234,38.85049819946289,1057365.0
2025-12-15T11:30:00-05:00,38.86000061035156,38.869998931884766,38.56999969482422,38.61000061035156,1053891.0
2025-12-15T12:30:00-05:00,38.61000061035156,38.91999816894531,38.52000045776367,38.875,1017616.0
2025-12-15T13:30:00-05:00,38.875,38.939998626708984,38.724998474121094,38.88999938964844,1197711.0
2025-12-15T14:30:00-05:00,38.89500045776367,38.97999954223633,38.80500030517578,38.84000015258789,1288654.0
2025-12-15T15:30:00-05:00,38.845001220703125,38.95000076293945,38.81999969482422,38.88999938964844,1433728.0
2025-12-16T09:30:00-05:00,38.599998474121094,38.900001525878906,38.0,38.099998474121094,2872305.0
2025-12-16T10:30:00-05:00,38.095001220703125,38.275001525878906,37.75,37.79499816894531,3097993.0
2025-12-16T11:30:00-05:00,37.79499816894531,38.099998474121094,37.744998931884766,37.845001220703125,2304680.0
2025-12-16T12:30:00-05:00,37.845001220703125,37.88999938964844,37.48500061035156,37.70989990234375,3052145.0
2025-12-16T13:30:00-05:00,37.70500183105469,37.92729949951172,37.625,37.69499969482422,1172969.0
2025-12-16T14:30:00-05:00,37.69070053100586,37.7599983215332,37.56999969482422,37.685001373291016,1174029.0
2025-12-16T15:30:00-05:00,37.685001373291016,37.810001373291016,37.599998474121094,37.619998931884766,2514565.0
2025-12-17T09:30:00-05:00,37.83000183105469,38.185001373291016,37.724998474121094,38.099998474121094,2289508.0
2025-12-17T10:30:00-05:00,38.11000061035156,38.11000061035156,37.790000915527344,37.88999938964844,1914325.0
2025-12-17T11:30:00-05:00,37.8849983215332,38.060001373291016,37.73500061035156,37.994998931884766,1644475.0
2025-12-17T12:30:00-05:00,37.994998931884766,38.08000183105469,37.92499923706055,37.95500183105469,1182739.0
2025-12-17T13:30:00-05:00,37.95500183105469,38.33000183105469,37.91419982910156,38.19499969482422,1490055.0
2025-12-17T14:30:00-05:00,38.189998626708984,38.40999984741211,38.125,38.380001068115234,1439441.0
2025-12-17T15:30:00-05:00,38.375,38.619998931884766,38.36000061035156,38.54499816894531,2741279.0
2025-12-18T09:30:00-05:00,38.540000915527344,38.55500030517578,38.09000015258789,38.27000045776367,1886074.0
2025-12-18T10:30:00-05:00,38.27000045776367,38.36000061035156,37.970001220703125,38.14500045776367,1351302.0
2025-12-18T11:30:00-05:00,38.150001525878906,38.32500076293945,37.8849983215332,37.91999816894531,1222727.0
2025-12-18T12:30:00-05:00,37.90999984741211,38.189998626708984,37.90999984741211,38.14500045776367,872705.0
2025-12-18T13:30:00-05:00,38.14500045776367,38.20500183105469,38.0,38.095001220703125,1226854.0
2025-12-18T14:30:00-05:00,38.099998474121094,38.17499923706055,37.93000030517578,38.1349983215332,1347122.0
2025-12-18T15:30:00-05:00,38.1349983215332,38.19499969482422,38.02000045776367,38.119998931884766,1925544.0
2025-12-19T09:30:00-05:00,38.25,38.4900016784668,38.15829849243164,38.28499984741211,4115646.0
2025-12-19T10:30:00-05:00,38.279998779296875,38.334999084472656,38.130001068115234,38.209999084472656,1194211.0
2025-12-19T11:30:00-05:00,38.20500183105469,38.349998474121094,38.20500183105469,38.275001525878906,828506.0
2025-12-19T12:30:00-05:00,38.275001525878906,38.279998779296875,38.099998474121094,38.255001068115234,708121.0
2025-12-19T13:30:00-05:00,38.255001068115234,38.26499938964844,37.97999954223633,38.05500030517578,1264745.0
2025-12-19T14:30:00-05:00,38.05500030517578,38.15999984741211,38.04499816894531,38.1150016784668,1297993.0
2025-12-19T15:30:00-05:00,38.1150016784668,38.22990036010742,38.03499984741211,38.09000015258789,2692109.0
2025-12-22T09:30:00-05:00,38.45000076293945,38.869998931884766,38.19499969482422,38.30500030517578,1999653.0
2025-12-22T10:30:00-05:00,38.30500030517578,38.400001525878906,38.2400016784668,38.26499938964844,812110.0
2025-12-22T11:30:00-05:00,38.27000045776367,38.314998626708984,38.154998779296875,38.23500061035156,740739.0
2025-12-22T12:30:00-05:00,38.23500061035156,38.334999084472656,38.16999816894531,38.20000076293945,704501.0
2025-12-22T13:30:00-05:00,38.20000076293945,38.2599983215332,38.16999816894531,38.23500061035156,660991.0
2025-12-22T14:30:00-05:00,38.2400016784668,38.435001373291016,38.16999816894531,38.435001373291016,1081616.0
2025-12-22T15:30:00-05:00,38.43000030517578,38.45000076293945,38.29999923706055,38.310001373291016,1168798.0
2025-12-23T09:30:00-05:00,38.4900016784668,38.900001525878906,38.0,38.08000183105469,1947885.0
2025-12-23T10:30:00-05:00,38.08000183105469,38.14500045776367,37.959999084472656,37.994998931884766,681226.0
2025-12-23T11:30:00-05:00,37.994998931884766,38.060001373291016,37.93130111694336,38.0099983215332,555982.0
2025-12-23T12:30:00-05:00,38.01499938964844,38.22880172729492,38.0099983215332,38.21500015258789,583323.0
2025-12-23T13:30:00-05:00,38.220001220703125,38.290000915527344,38.150001525878906,38.20500183105469,844785.0
2025-12-23T14:30:00-05:00,38.20000076293945,38.26499938964844,38.084999084472656,38.1150016784668,841231.0
2025-12-23T15:30:00-05:00,38.1150016784668,38.22999954223633,38.060298919677734,38.20000076293945,1150894.0
2025-12-24T09:30:00-05:00,38.130001068115234,38.279998779296875,37.810001373291016,38.03559875488281,791591.0
2025-12-24T10:30:00-05:00,38.03499984741211,38.10499954223633,37.93000030517578,38.01499938964844,527201.0
2025-12-24T11:30:00-05:00,38.01499938964844,38.099998474121094,37.974998474121094,38.09000015258789,464841.0
2025-12-26T09:30:00-05:00,37.959999084472656,38.060001373291016,37.83000183105469,37.89500045776367,627295.0
2025-12-26T10:30:00-05:00,37.900001525878906,37.935001373291016,37.720001220703125,37.724998474121094,561914.0
2025-12-26T11:30:00-05:00,37.724998474121094,37.73500061035156,37.56999969482422,37.6150016784668,504489.0
2025-12-26T12:30:00-05:00,37.6150016784668,37.650001525878906,37.57500076293945,37.625,384159.0
2025-12-26T13:30:00-05:00,37.62070083618164,37.650001525878906,37.53499984741211,37.54499816894531,394795.0
2025-12-26T14:30:00-05:00,37.54999923706055,37.775001525878906,37.54999923706055,37.7400016784668,602910.0
2025-12-26T15:30:00-05:00,37.7400016784668,37.79999923706055,37.68130111694336,37.790000915527344,925773.0
2025-12-29T09:30:00-05:00,37.849998474121094,38.13999938964844,37.689998626708984,37.88999938964844,1210929.0
2025-12-29T10:30:00-05:00,37.8849983215332,38.064998626708984,37.84000015258789,37.875,820592.0
2025-12-29T11:30:00-05:00,37.875,37.9900016784668,37.845001220703125,37.95500183105469,704419.0
2025-12-29T12:30:00-05:00,37.95500183105469,37.97999954223633,37.880001068115234,37.91999816894531,598362.0
2025-12-29T13:30:00-05:00,37.90999984741211,37.994998931884766,37.880001068115234,37.96500015258789,654837.0
2025-12-29T14:30:00-05:00,37.970001220703125,38.09000015258789,37.970001220703125,38.060001373291016,690807.0
2025-12-29T15:30:00-05:00,38.05500030517578,38.060001373291016,37.86000061035156,37.90999984741211,1003489.0
2025-12-30T09:30:00-05:00,38.0,38.47999954223633,38.0,38.345001220703125,1024990.0
2025-12-30T10:30:00-05:00,38.349998474121094,38.529998779296875,38.314998626708984,38.474998474121094,719861.0
2025-12-30T11:30:00-05:00,38.47999954223633,38.60749816894531,38.439998626708984,38.57500076293945,966918.0
2025-12-30T12:30:00-05:00,38.584999084472656,38.66550064086914,38.58000183105469,38.61399841308594,629612.0
2025-12-30T13:30:00-05:00,38.619998931884766,38.724998474121094,38.54499816894531,38.619998931884766,730925.0
2025-12-30T14:30:00-05:00,38.6150016784668,38.66999816894531,38.51499938964844,38.6150016784668,1089288.0
2025-12-30T15:30:00-05:00,38.6150016784668,38.630001068115234,38.5,38.55500030517578,1438879.0
2025-12-31T09:30:00-05:00,38.54999923706055,38.76499938964844,38.43000030517578,38.45000076293945,965050.0
2025-12-31T10:30:00-05:00,38.45000076293945,38.52000045776367,38.400001525878906,38.46500015258789,696905.0
2025-12-31T11:30:00-05:00,38.459999084472656,38.48720169067383,38.400001525878906,38.45500183105469,392122.0
2025-12-31T12:30:00-05:00,38.45000076293945,38.525001525878906,38.3650016784668,38.494998931884766,424867.0
2025-12-31T13:30:00-05:00,38.494998931884766,38.53499984741211,38.439998626708984,38.440799713134766,386800.0
2025-12-31T14:30:00-05:00,38.44499969482422,38.459999084472656,38.272499084472656,38.32500076293945,553667.0
2025-12-31T15:30:00-05:00,38.31999969482422,38.43000030517578,38.31100082397461,38.369998931884766,1014808.0
2026-01-02T09:30:00-05:00,38.40999984741211,38.66999816894531,38.064998626708984,38.584999084472656,1463321.0
2026-01-02T10:30:00-05:00,38.584999084472656,39.20790100097656,38.560001373291016,39.15314865112305,1332701.0
2026-01-02T11:30:00-05:00,39.14500045776367,39.45000076293945,39.06999969482422,39.3849983215332,871277.0
2026-01-02T12:30:00-05:00,39.3849983215332,39.63990020751953,39.349998474121094,39.6150016784668,848048.0
2026-01-02T13:30:00-05:00,39.6150016784668,40.26499938964844,39.61000061035156,40.26499938964844,1868307.0
2026-01-02T14:30:00-05:00,40.26499938964844,40.43629837036133,40.130001068115234,40.380001068115234,2507356.0
2026-01-02T15:30:00-05:00,40.380001068115234,40.40999984741211,40.09000015258789,40.20000076293945,2914895.0
2026-01-05T09:30:00-05:00,43.0,44.36000061035156,42.52330017089844,44.30500030517578,17497004.0
2026-01-05T10:30:00-05:00,44.31999969482422,44.939998626708984,43.81999969482422,44.345001220703125,8549993.0
2026-01-05T11:30:00-05:00,44.345001220703125,44.69499969482422,43.84000015258789,44.584999084472656,5690590.0
2026-01-05T12:30:00-05:00,44.584999084472656,45.154998779296875,44.540000915527344,44.75550079345703,6148027.0
2026-01-05T13:30:00-05:00,44.75979995727539,45.08980178833008,44.72999954223633,45.044498443603516,4089809.0
2026-01-05T14:30:00-05:00,45.04499816894531,45.04999923706055,43.869998931884766,44.255001068115234,5108537.0
2026-01-05T15:30:00-05:00,44.2599983215332,44.28499984741211,43.72999954223633,43.83000183105469,5845093.0
2026-01-06T09:30:00-05:00,44.08000183105469,44.56990051269531,43.41999816894531,43.709999084472656,6371819.0
2026-01-06T10:30:00-05:00,43.66999816894531,44.064998626708984,43.45500183105469,43.9900016784668,2494735.0
2026-01-06T11:30:00-05:00,43.959999084472656,43.98500061035156,43.68000030517578,43.839900970458984,1745026.0
2026-01-06T12:30:00-05:00,43.8400993347168,43.994998931884766,43.72100067138672,43.834999084472656,5736280.0
2026-01-06T13:30:00-05:00,43.880001068115234,44.06999969482422,43.47999954223633,43.970001220703125,3062592.0
2026-01-06T14:30:00-05:00,43.974998474121094,43.98500061035156,43.540000915527344,43.8650016784668,2070614.0
2026-01-06T15:30:00-05:00,43.8650016784668,43.959999084472656,43.6150016784668,43.630001068115234,3278226.0
2026-01-07T09:30:00-05:00,43.88999938964844,43.900001525878906,42.720001220703125,43.25,3882064.0
2026-01-07T10:30:00-05:00,43.25,43.29999923706055,42.709999084472656,42.96500015258789,2345805.0
2026-01-07T11:30:00-05:00,42.93000030517578,43.03499984741211,42.474998474121094,42.505001068115234,1739620.0
2026-01-07T12:30:00-05:00,42.5,42.529998779296875,42.20000076293945,42.36000061035156,1424367.0
2026-01-07T13:30:00-05:00,42.3650016784668,42.71500015258789,42.27000045776367,42.459999084472656,1498686.0
2026-01-07T14:30:00-05:00,42.45500183105469,42.564998626708984,42.29999923706055,42.3650016784668,1773501.0
2026-01-07T15:30:00-05:00,42.3650016784668,42.497398376464844,42.2599983215332,42.400001525878906,2470415.0
2026-01-08T09:30:00-05:00,42.7599983215332,43.66999816894531,42.72999954223633,43.334999084472656,2868714.0
2026-01-08T10:30:00-05:00,43.334999084472656,43.630001068115234,43.290000915527344,43.595001220703125,1703194.0
2026-01-08T11:30:00-05:00,43.599998474121094,43.77000045776367,43.52000045776367,43.665000915527344,1365448.0
2026-01-08T12:30:00-05:00,43.66999816894531,44.20000076293945,43.65999984741211,44.165000915527344,2151390.0
2026-01-08T13:30:00-05:00,44.16999816894531,44.43000030517578,44.0099983215332,44.39500045776367,1991127.0
2026-01-08T14:30:00-05:00,44.39500045776367,44.56999969482422,44.29499816894531,44.459999084472656,2195626.0
2026-01-08T15:30:00-05:00,44.470001220703125,44.540000915527344,44.290000915527344,44.439998626708984,3126029.0
2026-01-09T09:30:00-05:00,44.779998779296875,44.90999984741211,44.290000915527344,44.525001525878906,2939813.0
2026-01-09T10:30:00-05:00,44.52000045776367,44.974998474121094,44.45000076293945,44.88999938964844,2378240.0
2026-01-09T11:30:00-05:00,44.89500045776367,45.2400016784668,44.88999938964844,45.03499984741211,2510534.0
2026-01-09T12:30:00-05:00,45.029998779296875,45.17499923706055,44.86000061035156,45.064998626708984,1694751.0
2026-01-09T13:30:00-05:00,45.064998626708984,45.08769989013672,44.8401985168457,44.93659973144531,1568013.0
2026-01-09T14:30:00-05:00,44.935001373291016,44.9375,44.70000076293945,44.91999816894531,1978352.0
2026-01-09T15:30:00-05:00,44.91999816894531,45.220001220703125,44.89500045776367,45.20000076293945,3158240.0
2026-01-12T09:30:00-05:00,45.400001525878906,45.5,44.3650016784668,44.54499816894531,3878110.0
2026-01-12T10:30:00-05:00,44.540000915527344,44.724998474121094,44.494998931884766,44.68000030517578,1880088.0
2026-01-12T11:30:00-05:00,44.67499923706055,44.935001373291016,44.654998779296875,44.89500045776367,1622663.0
2026-01-12T12:30:00-05:00,44.900001525878906,45.040000915527344,44.7599983215332,45.01689910888672,1679296.0
2026-01-12T13:30:00-05:00,45.02000045776367,45.119998931884766,44.66999816894531,44.66999816894531,2358850.0
2026-01-12T14:30:00-05:00,44.66999816894531,45.10499954223633,44.66999816894531,45.08000183105469,2652613.0
2026-01-12T15:30:00-05:00,45.08000183105469,45.290000915527344,45.06999969482422,45.15999984741211,2665880.0
2026-01-13T09:30:00-05:00,45.7400016784668,46.38999938964844,45.529998779296875,45.625,4339300.0
2026-01-13T10:30:00-05:00,45.619998931884766,45.89649963378906,45.4536018371582,45.54999923706055,2661130.0
2026-01-13T11:30:00-05:00,45.54499816894531,45.66999816894531,45.44499969482422,45.599998474121094,1851813.0
2026-01-13T12:30:00-05:00,45.599998474121094,45.935001373291016,45.529998779296875,45.720001220703125,1511034.0
2026-01-13T13:30:00-05:00,45.724998474121094,46.0,45.720001220703125,45.875,2222003.0
2026-01-13T14:30:00-05:00,45.880001068115234,46.0,45.78499984741211,45.85499954223633,1901436.0
2026-01-13T15:30:00-05:00,45.86000061035156,45.935001373291016,45.720001220703125,45.89500045776367,2799708.0
2026-01-14T09:30:00-05:00,46.439998626708984,47.165000915527344,46.2760009765625,46.78499984741211,4867847.0
2026-01-14T10:30:00-05:00,46.779998779296875,47.29999923706055,46.43000030517578,47.255001068115234,2259653.0
2026-01-14T11:30:00-05:00,47.25,47.380001068115234,46.86000061035156,46.935001373291016,2003878.0
2026-01-14T12:30:00-05:00,46.95000076293945,47.22999954223633,46.80500030517578,47.20500183105469,2016799.0
2026-01-14T13:30:00-05:00,47.209999084472656,47.5099983215332,47.04499816894531,47.505001068115234,2027959.0
2026-01-14T14:30:00-05:00,47.505001068115234,47.724998474121094,46.83000183105469,47.185001373291016,4819587.0
2026-01-14T15:30:00-05:00,47.189998626708984,47.349998474121094,46.70920181274414,46.9900016784668,3546953.0
2026-01-15T09:30:00-05:00,46.79999923706055,46.79999923706055,46.08000183105469,46.45000076293945,3536548.0
2026-01-15T10:30:00-05:00,46.44499969482422,46.8650016784668,46.33000183105469,46.665000915527344,1561545.0
2026-01-15T11:30:00-05:00,46.665000915527344,46.810001373291016,46.529998779296875,46.6150016784668,1616558.0
2026-01-15T12:30:00-05:00,46.6150016784668,46.83000183105469,46.540000915527344,46.595001220703125,1615602.0
2026-01-15T13:30:00-05:00,46.595001220703125,46.80500030517578,46.560001373291016,46.625,1679010.0
2026-01-15T14:30:00-05:00,46.619998931884766,46.785099029541016,46.474998474121094,46.625,1586819.0
2026-01-15T15:30:00-05:00,46.625,46.815101623535156,46.564998626708984,46.60499954223633,2274551.0
2026-01-16T09:30:00-05:00,46.68000030517578,46.81999969482422,46.310001373291016,46.599998474121094,2861339.0
2026-01-16T10:30:00-05:00,46.599998474121094,46.875,46.43199920654297,46.869998931884766,1885736.0
2026-01-16T11:30:00-05:00,46.8650016784668,46.89500045776367,46.56999969482422,46.849998474121094,1980575.0
2026-01-16T12:30:00-05:00,46.842498779296875,46.939998626708984,46.75,46.900001525878906,1160214.0
2026-01-16T13:30:00-05:00,46.900001525878906,46.9900016784668,46.79999923706055,46.849998474121094,1509777.0
2026-01-16T14:30:00-05:00,46.845001220703125,46.95000076293945,46.630001068115234,46.665000915527344,2302651.0
2026-01-16T15:30:00-05:00,46.65999984741211,46.83000183105469,46.61000061035156,46.724998474121094,2717748.0
2026-01-20T09:30:00-05:00,45.97999954223633,46.904998779296875,45.97999954223633,46.724998474121094,4191298.0
2026-01-20T10:30:00-05:00,46.720001220703125,46.9900016784668,46.459999084472656,46.95930099487305,3225260.0
2026-01-20T11:30:00-05:00,46.959999084472656,46.96549987792969,46.540000915527344,46.7400016784668,1812493.0
2026-01-20T12:30:00-05:00,46.73500061035156,46.73500061035156,46.435001373291016,46.60499954223633,1508365.0
2026-01-20T13:30:00-05:00,46.60499954223633,46.6349983215332,46.13999938964844,46.27000045776367,1541513.0
2026-01-20T14:30:00-05:00,46.27000045776367,46.4900016784668,46.01499938964844,46.23500061035156,3591823.0
2026-01-20T15:30:00-05:00,46.22999954223633,46.47999954223633,46.19499969482422,46.459999084472656,4105510.0
2026-01-21T09:30:00-05:00,47.099998474121094,48.325401306152344,47.0,47.55500030517578,5370122.0
2026-01-21T10:30:00-05:00,47.560001373291016,48.189998626708984,47.470001220703125,48.189998626708984,2509569.0
2026-01-21T11:30:00-05:00,48.20000076293945,48.22999954223633,47.845001220703125,48.08000183105469,2703345.0
2026-01-21T12:30:00-05:00,48.084999084472656,48.36000061035156,47.915000915527344,48.290000915527344,1870394.0
2026-01-21T13:30:00-05:00,48.3650016784668,48.494998931884766,48.1349983215332,48.459999084472656,2406179.0
2026-01-21T14:30:00-05:00,48.459999084472656,48.60929870605469,48.2599983215332,48.41999816894531,2846799.0
2026-01-21T15:30:00-05:00,48.41999816894531,48.58000183105469,48.349998474121094,48.52000045776367,2903670.0
2026-01-22T09:30:00-05:00,48.95000076293945,49.18000030517578,48.540000915527344,48.70500183105469,4416610.0
2026-01-22T10:30:00-05:00,48.70000076293945,49.33000183105469,48.67499923706055,49.28499984741211,2354982.0
2026-01-22T11:30:00-05:00,49.279998779296875,49.415000915527344,48.88999938964844,49.21500015258789,2729838.0
2026-01-22T12:30:00-05:00,49.220001220703125,49.36000061035156,49.13999938964844,49.224998474121094,2108123.0
2026-01-22T13:30:00-05:00,49.22999954223633,49.4900016784668,49.220001220703125,49.474998474121094,2219750.0
2026-01-22T14:30:00-05:00,49.474998474121094,49.57500076293945,49.029998779296875,49.21500015258789,2890374.0
2026-01-22T15:30:00-05:00,49.21500015258789,49.39500045776367,49.029998779296875,49.03499984741211,3144940.0
2026-01-23T09:30:00-05:00,50.0,51.66999816894531,49.790000915527344,50.06999969482422,11494444.0
2026-01-23T10:30:00-05:00,50.04999923706055,50.345001220703125,49.540000915527344,50.310001373291016,6148101.0
2026-01-23T11:30:00-05:00,50.314998626708984,50.42509841918945,49.915000915527344,50.025001525878906,3829182.0
2026-01-23T12:30:00-05:00,50.025001525878906,50.11000061035156,49.29499816894531,49.314998626708984,3674927.0
2026-01-23T13:30:00-05:00,49.310001373291016,49.5099983215332,49.10499954223633,49.30500030517578,3268427.0
2026-01-23T14:30:00-05:00,49.30500030517578,49.564998626708984,49.220298767089844,49.404998779296875,4267905.0
2026-01-23T15:30:00-05:00,49.400001525878906,49.5,48.83000183105469,49.150001525878906,6630814.0
2026-01-26T09:30:00-05:00,49.70000076293945,50.064998626708984,49.22999954223633,49.474998474121094,5578211.0
2026-01-26T10:30:00-05:00,49.474998474121094,49.849998474121094,49.25,49.689998626708984,2940248.0
2026-01-26T11:30:00-05:00,49.70000076293945,49.939998626708984,49.56999969482422,49.66999816894531,3401797.0
2026-01-26T12:30:00-05:00,49.68000030517578,49.76499938964844,49.345001220703125,49.459999084472656,2843540.0
2026-01-26T13:30:00-05:00,49.46419906616211,49.76499938964844,49.404998779296875,49.43000030517578,2253830.0
2026-01-26T14:30:00-05:00,49.435001373291016,49.92499923706055,49.34000015258789,49.904998779296875,2845834.0
2026-01-26T15:30:00-05:00,49.904998779296875,49.974998474121094,49.595001220703125,49.689998626708984,3534133.0
2026-01-27T09:30:00-05:00,50.290000915527344,51.46500015258789,50.029998779296875,50.4900016784668,4304267.0
2026-01-27T10:30:00-05:00,50.4900016784668,50.68000030517578,50.275001525878906,50.34000015258789,2042525.0
2026-01-27T11:30:00-05:00,50.34000015258789,50.61000061035156,50.189998626708984,50.34000015258789,1858454.0
2026-01-27T12:30:00-05:00,50.34000015258789,50.494998931884766,50.185001373291016,50.23500061035156,1453540.0
2026-01-27T13:30:00-05:00,50.2400016784668,50.5,50.05500030517578,50.45000076293945,1189178.0
2026-01-27T14:30:00-05:00,50.459999084472656,50.75,50.369998931884766,50.7400016784668,2056353.0
2026-01-27T15:30:00-05:00,50.7400016784668,50.755001068115234,50.599998474121094,50.689998626708984,2274155.0
2026-01-28T09:30:00-05:00,50.400001525878906,50.72999954223633,49.529998779296875,49.79499816894531,3456437.0
2026-01-28T10:30:00-05:00,49.790000915527344,49.904998779296875,49.43000030517578,49.47999954223633,1984256.0
2026-01-28T11:30:00-05:00,49.474998474121094,49.58000183105469,49.1349983215332,49.150001525878906,4709969.0
2026-01-28T12:30:00-05:00,49.150001525878906,49.310001373291016,48.650001525878906,49.17499923706055,3474988.0
2026-01-28T13:30:00-05:00,49.17499923706055,49.20500183105469,48.61000061035156,48.65999984741211,1337356.0
2026-01-28T14:30:00-05:00,48.650001525878906,48.970001220703125,48.470001220703125,48.8650016784668,2924036.0
2026-01-28T15:30:00-05:00,48.8650016784668,49.01499938964844,48.790000915527344,48.81999969482422,4226162.0
2026-01-29T09:30:00-05:00,49.880001068115234,50.58000183105469,49.13999938964844,49.14500045776367,5249715.0
2026-01-29T10:30:00-05:00,49.15999984741211,49.255001068115234,48.619998931884766,48.98500061035156,2918633.0
2026-01-29T11:30:00-05:00,48.9900016784668,49.31999969482422,48.915000915527344,49.064998626708984,2348556.0
2026-01-29T12:30:00-05:00,49.060001373291016,49.209999084472656,48.77000045776367,49.15999984741211,2305286.0
2026-01-29T13:30:00-05:00,49.165000915527344,49.18000030517578,48.56999969482422,48.88999938964844,3957430.0
2026-01-29T14:30:00-05:00,48.880001068115234,48.880001068115234,48.349998474121094,48.53499984741211,4054506.0
2026-01-29T15:30:00-05:00,48.53499984741211,48.599998474121094,48.375,48.439998626708984,4350500.0
2026-01-30T09:30:00-05:00,48.29999923706055,48.45000076293945,47.630001068115234,48.025001525878906,2727284.0
2026-02-02T13:30:00-05:00,48.4900016784668,48.4900016784668,48.17499923706055,48.380001068115234,5416046.0
2026-02-02T14:30:00-05:00,48.380001068115234,48.66999816894531,48.09000015258789,48.244998931884766,2159683.0
2026-02-02T15:30:00-05:00,48.2400016784668,48.2400016784668,48.0,48.060001373291016,1807513.0
2026-02-03T09:30:00-05:00,48.130001068115234,48.91999816894531,48.095001220703125,48.875,2914260.0
2026-02-03T10:30:00-05:00,48.880001068115234,49.220001220703125,48.76499938964844,48.76499938964844,2022158.0
2026-02-03T11:30:00-05:00,48.77000045776367,49.150001525878906,48.6150016784668,48.91999816894531,2037748.0
2026-02-03T12:30:00-05:00,48.93000030517578,49.220001220703125,48.709999084472656,48.75,1588453.0
2026-02-03T13:30:00-05:00,48.75,48.95000076293945,48.560001373291016,48.724998474121094,1787700.0
2026-02-03T14:30:00-05:00,48.72999954223633,49.5,48.59000015258789,49.44499969482422,3387262.0
2026-02-03T15:30:00-05:00,49.439998626708984,49.79499816894531,49.40999984741211,49.7599983215332,3123140.0
2026-02-04T09:30:00-05:00,49.849998474121094,50.720001220703125,49.7599983215332,50.4900016784668,3875886.0
2026-02-04T10:30:00-05:00,50.4900016784668,50.849998474121094,50.21500015258789,50.84000015258789,3206912.0
2026-02-04T11:30:00-05:00,50.84000015258789,51.0,50.470001220703125,50.810001373291016,2630405.0
2026-02-04T12:30:00-05:00,50.810001373291016,50.9900016784668,50.56999969482422,50.779998779296875,2317808.0
2026-02-04T13:30:00-05:00,50.779998779296875,50.96500015258789,50.474998474121094,50.91999816894531,1961965.0
2026-02-04T14:30:00-05:00,50.91999816894531,51.185001373291016,50.689998626708984,51.119998931884766,3115275.0
2026-02-04T15:30:00-05:00,51.125,51.43000030517578,51.11000061035156,51.34000015258789,2957764.0
2026-02-05T09:30:00-05:00,50.380001068115234,50.55500030517578,49.095001220703125,49.21500015258789,5036209.0
2026-02-05T10:30:00-05:00,49.20500183105469,49.599998474121094,48.66999816894531,49.45500183105469,3744368.0
2026-02-05T11:30:00-05:00,49.45500183105469,49.51499938964844,49.099998474121094,49.5,3499908.0
2026-02-05T12:30:00-05:00,49.52000045776367,49.58000183105469,49.28499984741211,49.404998779296875,2441020.0
2026-02-05T13:30:00-05:00,49.40999984741211,49.900001525878906,49.404998779296875,49.724998474121094,2036341.0
2026-02-05T14:30:00-05:00,49.724998474121094,49.790000915527344,49.46500015258789,49.52000045776367,3295042.0
2026-02-05T15:30:00-05:00,49.52000045776367,49.66999816894531,49.32500076293945,49.494998931884766,2921119.0
2026-02-06T09:30:00-05:00,49.45500183105469,50.689998626708984,49.40999984741211,50.5099983215332,3531996.0
2026-02-06T10:30:00-05:00,50.619998931884766,50.91999816894531,50.60499954223633,50.76499938964844,1935920.0
2026-02-06T11:30:00-05:00,50.77000045776367,51.09000015258789,50.68009948730469,51.060001373291016,1609463.0
2026-02-06T12:30:00-05:00,51.060001373291016,51.244998931884766,50.915000915527344,51.01499938964844,1602382.0
2026-02-06T13:30:00-05:00,51.01499938964844,51.189998626708984,50.994998931884766,51.1150016784668,1151072.0
2026-02-06T14:30:00-05:00,51.11000061035156,51.150001525878906,50.95000076293945,50.974998474121094,1336007.0
2026-02-06T15:30:00-05:00,50.970001220703125,51.02000045776367,50.67499923706055,50.69499969482422,2725122.0
2026-02-09T09:30:00-05:00,50.47999954223633,50.92499923706055,50.16999816894531,50.51940155029297,2721658.0
2026-02-09T10:30:00-05:00,50.52000045776367,50.65999984741211,50.09000015258789,50.3849983215332,1547601.0
2026-02-09T11:30:00-05:00,50.38999938964844,50.5,50.26499938964844,50.334999084472656,1510725.0
2026-02-09T12:30:00-05:00,50.334999084472656,50.5,50.29010009765625,50.45500183105469,876141.0
2026-02-09T13:30:00-05:00,50.45500183105469,50.54999923706055,50.415000915527344,50.44499969482422,1118697.0
2026-02-09T14:30:00-05:00,50.45000076293945,50.59000015258789,50.3849983215332,50.459999084472656,1692327.0
2026-02-09T15:30:00-05:00,50.459999084472656,50.665000915527344,50.44499969482422,50.5099983215332,2381345.0
2026-02-10T09:30:00-05:00,50.88999938964844,50.959999084472656,49.790000915527344,49.95000076293945,3922503.0
2026-02-10T10:30:00-05:00,49.95500183105469,50.709999084472656,49.93000030517578,50.41999816894531,1814179.0
2026-02-10T11:30:00-05:00,50.40999984741211,50.45989990234375,49.98500061035156,50.13999938964844,1193459.0
2026-02-10T12:30:00-05:00,50.14500045776367,50.29499816894531,50.025001525878906,50.125,884342.0
2026-02-10T13:30:00-05:00,50.130001068115234,50.23500061035156,50.0099983215332,50.16999816894531,983140.0
2026-02-10T14:30:00-05:00,50.154998779296875,50.314998626708984,50.09000015258789,50.11000061035156,1187847.0
2026-02-10T15:30:00-05:00,50.099998474121094,50.345001220703125,50.095001220703125,50.310001373291016,2254006.0
2026-02-11T09:30:00-05:00,51.04999923706055,51.875,51.0,51.310001373291016,4064300.0
2026-02-11T10:30:00-05:00,51.31999969482422,51.775001525878906,51.2599983215332,51.71500015258789,2531122.0
2026-02-11T11:30:00-05:00,51.720001220703125,51.9900016784668,51.650001525878906,51.744998931884766,2868006.0
2026-02-11T12:30:00-05:00,51.744998931884766,51.79499816894531,51.300498962402344,51.78499984741211,2141728.0
2026-02-11T13:30:00-05:00,51.790000915527344,51.81999969482422,51.025001525878906,51.09000015258789,3115957.0
2026-02-11T14:30:00-05:00,51.095001220703125,51.2599983215332,50.93000030517578,51.060001373291016,2783011.0
2026-02-11T15:30:00-05:00,51.060001373291016,51.619998931884766,51.03499984741211,51.540000915527344,3047473.0
2026-02-12T09:30:00-05:00,51.4900016784668,52.39500045776367,51.119998931884766,52.09000015258789,4539980.0
2026-02-12T10:30:00-05:00,52.09000015258789,52.22999954223633,50.93000030517578,50.94499969482422,2529927.0
2026-02-12T11:30:00-05:00,50.935001373291016,51.025001525878906,50.470001220703125,50.69499969482422,3277420.0
2026-02-12T12:30:00-05:00,50.69499969482422,51.029998779296875,50.334999084472656,50.53499984741211,2399346.0
2026-02-12T13:30:00-05:00,50.52000045776367,51.09000015258789,50.5099983215332,50.84000015258789,2553941.0
2026-02-12T14:30:00-05:00,50.83000183105469,51.08000183105469,50.79999923706055,50.90999984741211,2016120.0
2026-02-12T15:30:00-05:00,50.904998779296875,50.959999084472656,50.59000015258789,50.6150016784668,3106972.0
2026-02-13T09:30:00-05:00,50.290000915527344,50.619998931884766,49.92499923706055,50.06999969482422,3884405.0
2026-02-13T10:30:00-05:00,50.064998626708984,50.95000076293945,50.03499984741211,50.93000030517578,2572761.0
2026-02-13T11:30:00-05:00,50.92499923706055,51.13999938964844,50.84000015258789,50.994998931884766,1588211.0
2026-02-13T12:30:00-05:00,50.994998931884766,51.209999084472656,50.654998779296875,50.81999969482422,2387932.0
2026-02-13T13:30:00-05:00,50.814998626708984,51.04999923706055,50.439998626708984,50.54999923706055,2371599.0
2026-02-13T14:30:00-05:00,50.54499816894531,50.66999816894531,50.255001068115234,50.5099983215332,2691928.0
2026-02-13T15:30:00-05:00,50.5,50.61000061035156,50.32500076293945,50.3849983215332,2159132.0
2026-02-17T09:30:00-05:00,50.619998931884766,51.029998779296875,48.88999938964844,48.994998931884766,9574471.0
2026-02-17T10:30:00-05:00,48.9900016784668,49.85499954223633,48.84000015258789,49.70500183105469,2855117.0
2026-02-17T11:30:00-05:00,49.70000076293945,49.869998931884766,49.58000183105469,49.654998779296875,1384530.0
2026-02-17T12:30:00-05:00,49.650001525878906,49.70000076293945,49.435001373291016,49.564998626708984,1057749.0
2026-02-17T13:30:00-05:00,49.56999969482422,49.84000015258789,49.51499938964844,49.78499984741211,1215253.0
2026-02-17T14:30:00-05:00,49.790000915527344,49.95000076293945,49.72999954223633,49.81999969482422,1206546.0
2026-02-17T15:30:00-05:00,49.814998626708984,49.93000030517578,49.71500015258789,49.86000061035156,1793515.0
2026-02-18T09:30:00-05:00,50.810001373291016,51.290000915527344,50.505001068115234,50.97999954223633,5810193.0
2026-02-18T10:30:00-05:00,50.97999954223633,51.18000030517578,50.935001373291016,51.05500030517578,1328107.0
2026-02-18T11:30:00-05:00,51.05500030517578,51.33769989013672,51.05500030517578,51.255001068115234,1352962.0
2026-02-18T12:30:00-05:00,51.255001068115234,51.48500061035156,51.209999084472656,51.334999084472656,733966.0
2026-02-18T13:30:00-05:00,51.34000015258789,51.39500045776367,51.09000015258789,51.25,1263990.0
2026-02-18T14:30:00-05:00,51.25,51.334999084472656,50.9900016784668,51.255001068115234,1446854.0
2026-02-18T15:30:00-05:00,51.255001068115234,51.6349983215332,51.25,51.56999969482422,2270371.0
2026-02-19T09:30:00-05:00,51.7599983215332,52.2400016784668,51.33000183105469,51.7400016784668,3698560.0
2026-02-19T10:30:00-05:00,51.7400016784668,51.869998931884766,51.54499816894531,51.69990158081055,1464383.0
2026-02-19T11:30:00-05:00,51.70000076293945,51.92499923706055,51.47999954223633,51.86000061035156,1221755.0
2026-02-19T12:30:00-05:00,51.86000061035156,51.89500045776367,51.310001373291016,51.34000015258789,972601.0
2026-02-19T13:30:00-05:00,51.33000183105469,51.61000061035156,51.290000915527344,51.474998474121094,1132047.0
2026-02-19T14:30:00-05:00,51.470001220703125,51.560001373291016,51.349998474121094,51.45500183105469,1349095.0
2026-02-19T15:30:00-05:00,51.45000076293945,51.55500030517578,51.36000061035156,51.529998779296875,1449694.0
2026-02-20T09:30:00-05:00,51.43000030517578,51.689998626708984,51.002498626708984,51.33000183105469,3548808.0
2026-02-20T10:30:00-05:00,51.34000015258789,51.435001373291016,50.709999084472656,50.720001220703125,1391166.0
2026-02-20T11:30:00-05:00,50.709999084472656,50.91999816894531,50.47999954223633,50.599998474121094,882393.0
2026-02-20T12:30:00-05:00,50.58000183105469,50.970001220703125,50.57500076293945,50.779998779296875,1206740.0
2026-02-20T13:30:00-05:00,50.779998779296875,50.93000030517578,50.70000076293945,50.79999923706055,1183986.0
2026-02-20T14:30:00-05:00,50.79499816894531,50.875,50.66999816894531,50.77000045776367,886641.0
2026-02-20T15:30:00-05:00,50.7599983215332,50.875,50.724998474121094,50.85499954223633,1515883.0
2026-02-23T09:30:00-05:00,50.90999984741211,51.6864013671875,50.062400817871094,50.80500030517578,1921331.0
2026-02-23T10:30:00-05:00,50.80500030517578,51.130001068115234,50.529998779296875,51.064998626708984,1392187.0
2026-02-23T11:30:00-05:00,51.064998626708984,51.150001525878906,50.755001068115234,51.025001525878906,1000397.0
2026-02-23T12:30:00-05:00,51.029998779296875,51.28499984741211,50.95500183105469,51.22999954223633,1064623.0
2026-02-23T13:30:00-05:00,51.224998474121094,51.3650016784668,51.099998474121094,51.125,1069578.0
2026-02-23T14:30:00-05:00,51.130001068115234,51.43000030517578,51.1150016784668,51.334999084472656,1167588.0
2026-02-23T15:30:00-05:00,51.334999084472656,51.45000076293945,51.150001525878906,51.26499938964844,1610187.0
2026-02-24T09:30:00-05:00,51.46500015258789,52.33000183105469,51.209999084472656,52.029998779296875,2077777.0
2026-02-24T10:30:00-05:00,52.029998779296875,52.04999923706055,51.290000915527344,51.56999969482422,1443790.0
2026-02-24T11:30:00-05:00,51.560001373291016,51.849998474121094,51.255001068115234,51.79499816894531,1019263.0
2026-02-24T12:30:00-05:00,51.79999923706055,51.90999984741211,51.625,51.8849983215332,897933.0
2026-02-24T13:30:00-05:00,51.8849983215332,52.06999969482422,51.625,51.939998626708984,1264239.0
2026-02-24T14:30:00-05:00,51.94499969482422,51.9900016784668,51.570098876953125,51.90999984741211,1378717.0
2026-02-24T15:30:00-05:00,51.90999984741211,51.9900016784668,51.83000183105469,51.86000061035156,1452092.0
2026-02-25T09:30:00-05:00,52.0,52.15999984741211,50.869998931884766,51.09000015258789,2504997.0
2026-02-25T10:30:00-05:00,51.08000183105469,51.16999816894531,50.810001373291016,51.125,1196554.0
2026-02-25T11:30:00-05:00,51.125,51.400001525878906,51.051998138427734,51.22999954223633,845256.0
2026-02-25T12:30:00-05:00,51.25,51.685001373291016,51.2400016784668,51.625,738651.0
2026-02-25T13:30:00-05:00,51.625,51.65999984741211,51.34000015258789,51.470001220703125,655937.0
2026-02-25T14:30:00-05:00,51.46500015258789,51.56999969482422,51.42499923706055,51.470001220703125,836289.0
2026-02-25T15:30:00-05:00,51.474998474121094,51.79999923706055,51.44499969482422,51.650001525878906,1544955.0
2026-02-26T09:30:00-05:00,51.310001373291016,51.48500061035156,50.59000015258789,51.34000015258789,2051327.0
2026-02-26T10:30:00-05:00,51.349998474121094,52.14500045776367,51.349998474121094,52.11000061035156,1537869.0
2026-02-26T11:30:00-05:00,52.11000061035156,52.189998626708984,51.64500045776367,51.65999984741211,1479319.0
2026-02-26T12:30:00-05:00,51.65999984741211,51.84000015258789,51.5099983215332,51.84000015258789,1112541.0
2026-02-26T13:30:00-05:00,51.83000183105469,51.904998779296875,51.420101165771484,51.420101165771484,1225224.0
2026-02-26T14:30:00-05:00,51.43000030517578,51.724998474121094,51.38999938964844,51.64500045776367,1092019.0
2026-02-26T15:30:00-05:00,51.650001525878906,51.66999816894531,51.415000915527344,51.494998931884766,1561073.0
2026-02-27T09:30:00-05:00,51.599998474121094,52.0,50.880001068115234,51.125,1890426.0
2026-02-27T10:30:00-05:00,51.125,51.209999084472656,50.83000183105469,51.084999084472656,1123772.0
2026-02-27T11:30:00-05:00,51.084999084472656,51.27000045776367,50.845001220703125,51.07500076293945,853321.0
2026-02-27T12:30:00-05:00,51.07500076293945,51.439998626708984,50.97999954223633,51.26499938964844,1808629.0
2026-02-27T13:30:00-05:00,51.2599983215332,51.459999084472656,51.125,51.13999938964844,999198.0
2026-02-27T14:30:00-05:00,51.13999938964844,51.665000915527344,51.1349983215332,51.619998931884766,1443607.0
2026-02-27T15:30:00-05:00,51.61000061035156,51.76499938964844,51.2400016784668,51.345001220703125,2154157.0
2026-03-02T09:30:00-05:00,52.45000076293945,52.45000076293945,49.45000076293945,51.43000030517578,7960147.0
2026-03-02T10:30:00-05:00,51.41999816894531,51.7599983215332,51.130001068115234,51.435001373291016,2384303.0
2026-03-02T11:30:00-05:00,51.439998626708984,51.595001220703125,50.599998474121094,50.99470138549805,1755900.0
2026-03-02T12:30:00-05:00,51.0,51.2400016784668,50.869998931884766,51.21500015258789,1324010.0
2026-03-02T13:30:00-05:00,51.220001220703125,51.54499816894531,50.915000915527344,51.470001220703125,1399152.0
2026-03-02T14:30:00-05:00,51.47999954223633,51.630001068115234,51.31999969482422,51.40999984741211,1867895.0
2026-03-02T15:30:00-05:00,51.415000915527344,51.46500015258789,51.1150016784668,51.26499938964844,2110838.0
2026-03-03T09:30:00-05:00,50.27000045776367,50.79999923706055,48.66999816894531,48.91999816894531,4876927.0
2026-03-03T10:30:00-05:00,48.919898986816406,49.72999954223633,48.84000015258789,49.66999816894531,2884253.0
2026-03-03T11:30:00-05:00,49.665000915527344,49.676998138427734,49.209999084472656,49.46500015258789,2006646.0
2026-03-03T12:30:00-05:00,49.46500015258789,49.599998474121094,49.001399993896484,49.07500076293945,1931342.0
2026-03-03T13:30:00-05:00,49.06999969482422,49.22999954223633,48.665000915527344,48.845001220703125,2408802.0
2026-03-03T14:30:00-05:00,48.845001220703125,48.90999984741211,48.18000030517578,48.474998474121094,3272816.0
2026-03-03T15:30:00-05:00,48.474998474121094,48.654998779296875,48.39500045776367,48.560001373291016,3340952.0
2026-03-04T09:30:00-05:00,48.64500045776367,49.380001068115234,47.47999954223633,48.125,3553204.0
2026-03-04T10:30:00-05:00,48.130001068115234,48.619998931884766,48.0099983215332,48.025001525878906,2153290.0
2026-03-04T11:30:00-05:00,48.029998779296875,48.29999923706055,47.93000030517578,48.040199279785156,2087239.0
2026-03-04T12:30:00-05:00,48.04499816894531,48.21500015258789,47.880001068115234,48.150001525878906,1507503.0
2026-03-04T13:30:00-05:00,48.150001525878906,48.16510009765625,47.81010055541992,47.900001525878906,3701881.0
2026-03-04T14:30:00-05:00,47.903499603271484,48.02000045776367,47.755001068115234,48.005001068115234,2014905.0
2026-03-04T15:30:00-05:00,48.0099983215332,48.16999816894531,47.779998779296875,47.88999938964844,2841981.0
2026-03-05T09:30:00-05:00,47.97999954223633,48.005001068115234,47.029998779296875,47.400001525878906,3363939.0
2026-03-05T10:30:00-05:00,47.400001525878906,47.4900016784668,46.290000915527344,47.03499984741211,2758682.0
2026-03-05T11:30:00-05:00,47.040000915527344,47.5099983215332,47.040000915527344,47.119998931884766,1923140.0
2026-03-05T12:30:00-05:00,47.11000061035156,47.130001068115234,46.60499954223633,46.786399841308594,1801831.0
2026-03-05T13:30:00-05:00,46.779998779296875,47.26499938964844,46.76499938964844,47.0099983215332,1609834.0
2026-03-05T14:30:00-05:00,47.01499938964844,47.31999969482422,46.79999923706055,47.17660140991211,2552830.0
2026-03-05T15:30:00-05:00,47.189998626708984,47.400001525878906,47.165000915527344,47.400001525878906,3096849.0
2026-03-06T09:30:00-05:00,47.40999984741211,47.65999984741211,46.400001525878906,46.880001068115234,2645444.0
2026-03-06T10:30:00-05:00,46.88999938964844,47.209999084472656,46.790000915527344,47.040000915527344,1435082.0
2026-03-06T11:30:00-05:00,47.040000915527344,47.41999816894531,46.994998931884766,47.15999984741211,1916109.0
2026-03-06T12:30:00-05:00,47.15999984741211,47.185001373291016,46.915000915527344,47.064998626708984,980349.0
2026-03-06T13:30:00-05:00,47.060001373291016,47.1349983215332,46.80500030517578,46.939998626708984,1007749.0
2026-03-06T14:30:00-05:00,46.93000030517578,47.165000915527344,46.83000183105469,46.875,1221083.0
2026-03-06T15:30:00-05:00,46.875,46.91999816894531,46.630001068115234,46.870399475097656,1990957.0
2026-03-09T09:30:00-04:00,46.869998931884766,47.2400016784668,45.5,46.025001525878906,4285329.0
2026-03-09T10:30:00-04:00,46.01499938964844,46.30500030517578,45.92300033569336,46.08000183105469,2589688.0
2026-03-09T11:30:00-04:00,46.08000183105469,46.21500015258789,45.89500045776367,46.18000030517578,1614908.0
2026-03-09T12:30:00-04:00,46.16999816894531,46.32500076293945,45.93000030517578,45.974998474121094,1139446.0
2026-03-09T13:30:00-04:00,45.97999954223633,46.290000915527344,45.90999984741211,46.19499969482422,1909884.0
2026-03-09T14:30:00-04:00,46.20000076293945,46.869998931884766,46.11000061035156,46.86000061035156,2354758.0
2026-03-09T15:30:00-04:00,46.86000061035156,47.26499938964844,46.529998779296875,47.220001220703125,4641046.0
2026-03-10T09:30:00-04:00,47.125,47.810001373291016,46.70000076293945,47.7599983215332,2111733.0
2026-03-10T10:30:00-04:00,47.77000045776367,48.380001068115234,47.77000045776367,48.220001220703125,1880354.0
2026-03-10T11:30:00-04:00,48.209999084472656,48.380001068115234,48.0,48.15999984741211,1597488.0
2026-03-10T12:30:00-04:00,48.150001525878906,48.52000045776367,47.939998626708984,48.255001068115234,2590838.0
2026-03-10T13:30:00-04:00,48.2599983215332,48.41999816894531,47.630001068115234,47.72999954223633,3425019.0
2026-03-10T14:30:00-04:00,47.75,48.38999938964844,47.7400016784668,48.21500015258789,2064657.0
2026-03-10T15:30:00-04:00,48.220001220703125,48.33000183105469,48.005001068115234,48.11000061035156,2385646.0
2026-03-11T09:30:00-04:00,47.48500061035156,48.29999923706055,47.13999938964844,48.25,4614742.0
2026-03-11T10:30:00-04:00,48.244998931884766,48.76499938964844,48.073001861572266,48.279998779296875,2277846.0
2026-03-11T11:30:00-04:00,48.279998779296875,48.369998931884766,47.970001220703125,48.06999969482422,1764014.0
2026-03-11T12:30:00-04:00,48.06999969482422,48.2599983215332,47.875,47.94499969482422,1596782.0
2026-03-11T13:30:00-04:00,47.95000076293945,47.959999084472656,47.51499938964844,47.89500045776367,1607845.0
2026-03-11T14:30:00-04:00,47.900001525878906,48.095001220703125,47.849998474121094,48.064998626708984,1650541.0
2026-03-11T15:30:00-04:00,48.06999969482422,48.279998779296875,48.0099983215332,48.18000030517578,2513016.0
2026-03-12T09:30:00-04:00,47.310001373291016,47.310001373291016,45.119998931884766,45.310001373291016,4887159.0
2026-03-12T10:30:00-04:00,45.310001373291016,45.84000015258789,45.220001220703125,45.7599983215332,2549163.0
2026-03-12T11:30:00-04:00,45.77000045776367,45.9900016784668,45.17499923706055,45.191001892089844,2445407.0
2026-03-12T12:30:00-04:00,45.189998626708984,45.27000045776367,44.67449951171875,44.904998779296875,3279569.0
2026-03-12T13:30:00-04:00,44.90999984741211,44.90999984741211,44.41999816894531,44.55500030517578,2961459.0
2026-03-12T14:30:00-04:00,44.55500030517578,44.779998779296875,44.47100067138672,44.77000045776367,2875474.0
2026-03-12T15:30:00-04:00,44.76499938964844,44.935001373291016,44.4900016784668,44.540000915527344,3621805.0
2026-03-13T09:30:00-04:00,44.470001220703125,44.54999923706055,43.54999923706055,44.17499923706055,3458627.0
2026-03-13T10:30:00-04:00,44.189998626708984,44.72999954223633,44.064998626708984,44.6150016784668,2283942.0
2026-03-13T11:30:00-04:00,44.6150016784668,44.724998474121094,44.2599983215332,44.349998474121094,1521180.0
2026-03-13T12:30:00-04:00,44.349998474121094,44.75,44.279998779296875,44.64500045776367,1453781.0
2026-03-13T13:30:00-04:00,44.650001525878906,44.880001068115234,44.61000061035156,44.724998474121094,2167993.0
2026-03-13T14:30:00-04:00,44.720001220703125,44.8849983215332,44.584999084472656,44.630001068115234,1665344.0
2026-03-13T15:30:00-04:00,44.6349983215332,44.7400016784668,44.505001068115234,44.73500061035156,2221978.0
2026-03-16T09:30:00-04:00,44.560001373291016,44.994998931884766,44.29999923706055,44.79999923706055,1947737.0
2026-03-16T10:30:00-04:00,44.79999923706055,45.0099983215332,44.689998626708984,44.810001373291016,1214375.0
2026-03-16T11:30:00-04:00,44.810001373291016,44.849998474121094,44.540000915527344,44.69499969482422,1377772.0
2026-03-16T12:30:00-04:00,44.70000076293945,44.869998931884766,44.599998474121094,44.689998626708984,1385624.0
2026-03-16T13:30:00-04:00,44.70000076293945,44.76499938964844,44.459999084472656,44.595001220703125,1204789.0
2026-03-16T14:30:00-04:00,44.595001220703125,44.83000183105469,44.505001068115234,44.744998931884766,1598361.0
2026-03-16T15:30:00-04:00,44.7400016784668,44.97999954223633,44.61000061035156,44.970001220703125,1895809.0
2026-03-17T09:30:00-04:00,45.5,45.90999984741211,44.935001373291016,45.88999938964844,2554994.0
2026-03-17T10:30:00-04:00,45.89820098876953,46.43000030517578,45.869998931884766,46.375,2363846.0
2026-03-17T11:30:00-04:00,46.380001068115234,46.529998779296875,46.27000045776367,46.279998779296875,1973037.0
2026-03-17T12:30:00-04:00,46.27000045776367,46.63999938964844,46.20500183105469,46.48500061035156,1442063.0
2026-03-17T13:30:00-04:00,46.48500061035156,46.56999969482422,46.275001525878906,46.290000915527344,1049727.0
2026-03-17T14:30:00-04:00,46.290000915527344,46.40999984741211,46.08000183105469,46.130001068115234,1330804.0
2026-03-17T15:30:00-04:00,46.130001068115234,46.22999954223633,46.04499816894531,46.150001525878906,2042419.0
2026-03-18T09:30:00-04:00,45.88999938964844,46.29999923706055,45.529998779296875,45.93000030517578,2253592.0
2026-03-18T10:30:00-04:00,45.93000030517578,46.31999969482422,45.79999923706055,46.13999938964844,1519422.0
2026-03-18T11:30:00-04:00,46.13999938964844,46.20500183105469,45.654998779296875,45.85499954223633,1411223.0
2026-03-18T12:30:00-04:00,45.86000061035156,46.1349983215332,45.790000915527344,45.92499923706055,857703.0
2026-03-18T13:30:00-04:00,45.929298400878906,45.970001220703125,45.665000915527344,45.709999084472656,1058410.0
2026-03-18T14:30:00-04:00,45.71500015258789,45.720001220703125,45.41999816894531,45.45500183105469,1500412.0
2026-03-18T15:30:00-04:00,45.45500183105469,45.474998474121094,45.189998626708984,45.314998626708984,2513749.0
2026-03-19T09:30:00-04:00,45.21500015258789,46.41999816894531,44.70000076293945,46.41999816894531,3285656.0
2026-03-19T10:30:00-04:00,46.415000915527344,47.10499954223633,46.390098571777344,46.630001068115234,2976408.0
2026-03-19T11:30:00-04:00,46.6349983215332,47.529998779296875,46.599998474121094,47.43000030517578,3973557.0
2026-03-19T12:30:00-04:00,47.435001373291016,47.54999923706055,46.72010040283203,47.20000076293945,2855667.0
2026-03-19T13:30:00-04:00,47.209999084472656,47.54999923706055,47.15999984741211,47.459999084472656,4177285.0
2026-03-19T14:30:00-04:00,47.45500183105469,47.619998931884766,47.18000030517578,47.494998931884766,4099255.0
2026-03-19T15:30:00-04:00,47.494998931884766,47.875,47.26499938964844,47.82500076293945,3579066.0
2026-03-20T09:30:00-04:00,48.0099983215332,48.47999954223633,47.22999954223633,47.310001373291016,5333511.0
2026-03-20T10:30:00-04:00,47.29999923706055,47.779998779296875,47.2599983215332,47.560001373291016,1333867.0
2026-03-20T11:30:00-04:00,47.55500030517578,47.76499938964844,47.43000030517578,47.51969909667969,1576457.0
2026-03-20T12:30:00-04:00,47.5099983215332,47.564998626708984,47.2599983215332,47.30500030517578,1306072.0
2026-03-20T13:30:00-04:00,47.29999923706055,47.349998474121094,46.84000015258789,46.970001220703125,1932440.0
2026-03-20T14:30:00-04:00,46.959999084472656,47.04499816894531,46.540000915527344,46.6349983215332,2494042.0
2026-03-20T15:30:00-04:00,46.630001068115234,46.7400016784668,46.380001068115234,46.63999938964844,4113138.0
2026-03-23T09:30:00-04:00,47.5099983215332,49.709999084472656,47.08000183105469,49.66999816894531,5971859.0
2026-03-23T10:30:00-04:00,49.66999816894531,49.849998474121094,49.30500030517578,49.44499969482422,3508511.0
2026-03-23T11:30:00-04:00,49.43000030517578,49.72999954223633,49.13999938964844,49.209999084472656,2074313.0
2026-03-23T12:30:00-04:00,49.20000076293945,49.5,49.08000183105469,49.3650016784668,1557533.0
2026-03-23T13:30:00-04:00,49.375,49.63999938964844,49.290000915527344,49.35499954223633,1261982.0
2026-03-23T14:30:00-04:00,49.36000061035156,49.53499984741211,49.029998779296875,49.095001220703125,2002041.0
2026-03-23T15:30:00-04:00,49.095001220703125,49.27000045776367,49.03499984741211,49.22999954223633,3285296.0
2026-03-24T09:30:00-04:00,49.029998779296875,50.7400016784668,48.84000015258789,50.6150016784668,3930786.0
2026-03-24T10:30:00-04:00,50.6150016784668,51.084999084472656,50.470001220703125,51.040000915527344,3101338.0
2026-03-24T11:30:00-04:00,51.04499816894531,51.060001373291016,50.58000183105469,50.59000015258789,1511946.0
2026-03-24T12:30:00-04:00,50.584999084472656,50.584999084472656,50.255001068115234,50.369998931884766,1259048.0
2026-03-24T13:30:00-04:00,50.380001068115234,50.59000015258789,50.2307014465332,50.44499969482422,1957212.0
2026-03-24T14:30:00-04:00,50.43600082397461,50.59000015258789,50.310001373291016,50.36000061035156,1811415.0
2026-03-24T15:30:00-04:00,50.3650016784668,50.599998474121094,50.31999969482422,50.525001525878906,2744654.0
2026-03-25T09:30:00-04:00,50.560001373291016,51.845001220703125,50.540000915527344,51.845001220703125,3975889.0
2026-03-25T10:30:00-04:00,51.84000015258789,52.494998931884766,51.48500061035156,52.48500061035156,4880216.0
2026-03-25T11:30:00-04:00,52.4900016784668,52.54999923706055,51.904998779296875,51.95000076293945,3603415.0
2026-03-25T12:30:00-04:00,51.95000076293945,52.165000915527344,51.79999923706055,52.05500030517578,2046171.0
2026-03-25T13:30:00-04:00,52.060001373291016,52.33000183105469,51.94499969482422,52.20000076293945,1853159.0
2026-03-25T14:30:00-04:00,52.20000076293945,52.25,51.95000076293945,52.1150016784668,1949043.0
2026-03-25T15:30:00-04:00,52.1150016784668,52.275001525878906,51.79499816894531,51.904998779296875,3348024.0
2026-03-26T09:30:00-04:00,51.54999923706055,52.20000076293945,51.481998443603516,52.125,2606391.0
2026-03-26T10:30:00-04:00,52.125,52.209999084472656,51.779998779296875,52.189998626708984,1923302.0
2026-03-26T11:30:00-04:00,52.189998626708984,52.54999923706055,52.09000015258789,52.25,1502796.0
2026-03-26T12:30:00-04:00,52.25,52.56999969482422,52.20000076293945,52.43000030517578,1330864.0
2026-03-26T13:30:00-04:00,52.439998626708984,52.689998626708984,52.40999984741211,52.540000915527344,1485348.0
2026-03-26T14:30:00-04:00,52.55500030517578,52.68000030517578,52.35499954223633,52.48500061035156,2220590.0
2026-03-26T15:30:00-04:00,52.47999954223633,52.494998931884766,52.290000915527344,52.31999969482422,3348158.0
2026-03-27T09:30:00-04:00,52.349998474121094,53.099998474121094,51.900001525878906,52.95000076293945,3125136.0
2026-03-27T10:30:00-04:00,52.95000076293945,53.04999923706055,52.64500045776367,53.0,2056612.0
2026-03-27T11:30:00-04:00,53.01499938964844,53.4900016784668,52.9900016784668,53.45000076293945,2115010.0
2026-03-27T12:30:00-04:00,53.45000076293945,53.70000076293945,53.130001068115234,53.154998779296875,1689207.0
2026-03-27T13:30:00-04:00,53.154998779296875,53.619998931884766,53.10499954223633,53.39500045776367,2018846.0
2026-03-27T14:30:00-04:00,53.39500045776367,53.564998626708984,53.11000061035156,53.14500045776367,2174855.0
2026-03-27T15:30:00-04:00,53.150001525878906,53.529998779296875,53.125,53.5,3940238.0
2026-03-30T09:30:00-04:00,54.29999923706055,54.79999923706055,53.08539962768555,53.189998626708984,3480056.0
2026-03-30T10:30:00-04:00,53.189998626708984,53.77000045776367,52.939998626708984,53.06999969482422,3146545.0
2026-03-30T11:30:00-04:00,53.06999969482422,53.43000030517578,52.5,52.6150016784668,2040511.0
2026-03-30T12:30:00-04:00,52.619998931884766,52.790000915527344,52.119998931884766,52.1775016784668,1898046.0
2026-03-30T13:30:00-04:00,52.18000030517578,52.3650016784668,51.775001525878906,51.89500045776367,1722863.0
2026-03-30T14:30:00-04:00,51.89500045776367,52.099998474121094,51.3650016784668,51.41999816894531,2374026.0
2026-03-30T15:30:00-04:00,51.41999816894531,51.58000183105469,51.30500030517578,51.54499816894531,2621504.0
2026-03-31T09:30:00-04:00,52.220001220703125,52.75740051269531,51.93000030517578,52.68000030517578,2556255.0
2026-03-31T10:30:00-04:00,52.68000030517578,52.994998931884766,52.380001068115234,52.64500045776367,1848023.0
2026-03-31T11:30:00-04:00,52.64500045776367,52.689998626708984,52.301998138427734,52.39500045776367,1614096.0
2026-03-31T12:30:00-04:00,52.39500045776367,52.529998779296875,51.040000915527344,51.55500030517578,4240145.0
2026-03-31T13:30:00-04:00,51.55500030517578,51.7400016784668,51.130001068115234,51.290000915527344,2153910.0
2026-03-31T14:30:00-04:00,51.29499816894531,51.66999816894531,51.27000045776367,51.55500030517578,2109835.0
2026-03-31T15:30:00-04:00,51.560001373291016,51.66999816894531,51.224998474121094,51.404998779296875,2527188.0
2026-04-01T09:30:00-04:00,50.345001220703125,51.380001068115234,49.53499984741211,49.77000045776367,4378844.0
2026-04-01T10:30:00-04:00,49.77000045776367,50.34000015258789,49.60499954223633,50.224998474121094,2092354.0
2026-04-01T11:30:00-04:00,50.220001220703125,50.46500015258789,50.04999923706055,50.2400016784668,2129357.0
2026-04-01T12:30:00-04:00,50.2400016784668,50.26499938964844,49.59000015258789,49.66999816894531,1696396.0
2026-04-01T13:30:00-04:00,49.66999816894531,49.869998931884766,49.564998626708984,49.775001525878906,2016710.0
2026-04-01T14:30:00-04:00,49.775001525878906,50.18000030517578,49.775001525878906,50.165000915527344,1863066.0
2026-04-01T15:30:00-04:00,50.16999816894531,50.19499969482422,50.02000045776367,50.040000915527344,2228460.0
2026-04-02T09:30:00-04:00,50.5099983215332,51.099998474121094,49.51179885864258,49.61000061035156,3291797.0
2026-04-02T10:30:00-04:00,49.6150016784668,50.04999923706055,49.35499954223633,49.650001525878906,2136118.0
2026-04-02T11:30:00-04:00,49.65999984741211,49.65999984741211,48.904998779296875,48.935001373291016,1755447.0
2026-04-02T12:30:00-04:00,48.93000030517578,49.189998626708984,48.84000015258789,48.900001525878906,1390705.0
2026-04-02T13:30:00-04:00,48.900001525878906,49.189998626708984,48.834999084472656,49.064998626708984,1278038.0
2026-04-02T14:30:00-04:00,49.06999969482422,49.46969985961914,49.064998626708984,49.334999084472656,1268262.0
2026-04-02T15:30:00-04:00,49.334999084472656,49.470001220703125,49.064998626708984,49.43000030517578,1989024.0
2026-04-06T09:30:00-04:00,49.400001525878906,50.060001373291016,49.18199920654297,49.44499969482422,1650392.0
2026-04-06T10:30:00-04:00,49.45000076293945,49.650001525878906,49.369998931884766,49.51499938964844,921019.0
2026-04-06T11:30:00-04:00,49.5099983215332,49.66999816894531,49.470001220703125,49.625,643330.0
2026-04-06T12:30:00-04:00,49.625,49.79499816894531,49.560001373291016,49.679901123046875,620700.0
2026-04-06T13:30:00-04:00,49.67499923706055,49.7400016784668,49.525001525878906,49.665000915527344,631662.0
2026-04-06T14:30:00-04:00,49.65999984741211,49.75,49.55500030517578,49.625,792054.0
2026-04-06T15:30:00-04:00,49.625,49.814998626708984,49.619998931884766,49.779998779296875,1032886.0
2026-04-07T09:30:00-04:00,49.869998931884766,50.33000183105469,49.20000076293945,50.029998779296875,1580886.0
2026-04-07T10:30:00-04:00,50.03499984741211,50.35499954223633,49.810001373291016,49.810001373291016,774207.0
2026-04-07T11:30:00-04:00,49.79999923706055,49.89500045776367,49.54999923706055,49.6150016784668,602411.0
2026-04-07T12:30:00-04:00,49.61199951171875,50.029998779296875,49.57500076293945,50.01499938964844,702900.0
2026-04-07T13:30:00-04:00,50.01499938964844,50.125,49.95000076293945,50.06999969482422,741460.0
2026-04-07T14:30:00-04:00,50.064998626708984,50.39500045776367,50.0099983215332,50.29999923706055,970190.0
2026-04-07T15:30:00-04:00,50.29999923706055,50.439998626708984,50.16999816894531,50.375,1847678.0
2026-04-08T09:30:00-04:00,50.43000030517578,52.13999938964844,49.755001068115234,51.814998626708984,5835746.0
2026-04-08T10:30:00-04:00,51.810001373291016,51.90999984741211,51.38999938964844,51.709999084472656,2489644.0
2026-04-08T11:30:00-04:00,51.709999084472656,52.084999084472656,51.470001220703125,51.7599983215332,1812992.0
2026-04-08T12:30:00-04:00,51.76499938964844,52.060001373291016,51.685001373291016,51.869998931884766,1422330.0
2026-04-08T13:30:00-04:00,51.869998931884766,52.040000915527344,51.650001525878906,51.685001373291016,1355724.0
2026-04-08T14:30:00-04:00,51.68000030517578,52.13999938964844,51.54999923706055,52.11000061035156,1709720.0
2026-04-08T15:30:00-04:00,52.11000061035156,52.310001373291016,51.86000061035156,51.88999938964844,3081555.0
2026-04-09T09:30:00-04:00,51.70000076293945,52.65999984741211,51.16999816894531,52.20000076293945,2521346.0
2026-04-09T10:30:00-04:00,52.189998626708984,52.70000076293945,52.11000061035156,52.665000915527344,1599275.0
2026-04-09T11:30:00-04:00,52.650001525878906,52.8650016784668,52.279998779296875,52.39500045776367,1788631.0
2026-04-09T12:30:00-04:00,52.400001525878906,52.540000915527344,52.2400016784668,52.29499816894531,1178857.0
2026-04-09T13:30:00-04:00,52.29999923706055,52.54499816894531,52.244998931884766,52.505001068115234,1402983.0
2026-04-09T14:30:00-04:00,52.5,52.88999938964844,52.470001220703125,52.744998931884766,2248223.0
2026-04-09T15:30:00-04:00,52.744998931884766,52.849998474121094,52.529998779296875,52.540000915527344,2366516.0
2026-04-10T09:30:00-04:00,52.560001373291016,53.75,52.369998931884766,52.750301361083984,2985629.0
2026-04-10T10:30:00-04:00,52.755001068115234,52.77000045776367,52.40999984741211,52.53499984741211,1225004.0
2026-04-10T11:30:00-04:00,52.540000915527344,52.59000015258789,51.900001525878906,51.900001525878906,2159471.0
2026-04-10T12:30:00-04:00,51.904998779296875,52.0099983215332,51.81999969482422,51.939998626708984,692799.0
2026-04-10T13:30:00-04:00,51.939998626708984,52.025001525878906,51.68009948730469,51.755001068115234,799003.0
2026-04-10T14:30:00-04:00,51.755001068115234,52.25,51.72999954223633,52.1349983215332,1531304.0
2026-04-10T15:30:00-04:00,52.13010025024414,52.14500045776367,51.880001068115234,51.95000076293945,1753960.0
2026-04-13T09:30:00-04:00,52.20000076293945,52.744998931884766,51.93000030517578,52.119998931884766,2159702.0
2026-04-13T10:30:00-04:00,52.1150016784668,52.2599983215332,52.02000045776367,52.099998474121094,815569.0
2026-04-13T11:30:00-04:00,52.099998474121094,52.52000045776367,52.03499984741211,52.22999954223633,1348675.0
2026-04-13T12:30:00-04:00,52.224998474121094,52.255001068115234,52.099998474121094,52.154998779296875,650012.0
2026-04-13T13:30:00-04:00,52.150001525878906,52.150001525878906,51.834999084472656,51.88999938964844,915019.0
2026-04-13T14:30:00-04:00,51.8849983215332,51.939998626708984,51.51499938964844,51.779998779296875,1490518.0
2026-04-13T15:30:00-04:00,51.77000045776367,52.01250076293945,51.522499084472656,51.904998779296875,2049973.0
2026-04-14T09:30:00-04:00,51.29999923706055,51.70000076293945,50.90999984741211,51.599998474121094,1987245.0
2026-04-14T10:30:00-04:00,51.595001220703125,52.0,51.494998931884766,51.869998931884766,1609477.0
2026-04-14T11:30:00-04:00,51.880001068115234,51.92499923706055,51.380001068115234,51.43000030517578,820514.0
2026-04-14T12:30:00-04:00,51.439998626708984,51.474998474121094,51.2400016784668,51.42499923706055,1050891.0
2026-04-14T13:30:00-04:00,51.43000030517578,51.47999954223633,51.22999954223633,51.290000915527344,1017805.0
2026-04-14T14:30:00-04:00,51.290000915527344,51.494998931884766,51.26499938964844,51.46500015258789,868754.0
2026-04-14T15:30:00-04:00,51.46500015258789,51.58000183105469,51.2599983215332,51.48500061035156,1682077.0
2026-04-15T09:30:00-04:00,51.7400016784668,52.68000030517578,51.64500045776367,52.33000183105469,2636755.0
2026-04-15T10:30:00-04:00,52.33000183105469,52.84000015258789,52.255001068115234,52.45000076293945,1776486.0
2026-04-15T11:30:00-04:00,52.435001373291016,52.439998626708984,51.75,51.95500183105469,1016409.0
2026-04-15T12:30:00-04:00,51.959999084472656,52.17499923706055,51.80500030517578,52.14500045776367,1033304.0
2026-04-15T13:30:00-04:00,52.154998779296875,52.27000045776367,52.10200119018555,52.26499938964844,723154.0
2026-04-15T14:30:00-04:00,52.26499938964844,52.650001525878906,52.2400016784668,52.45009994506836,1548737.0
2026-04-15T15:30:00-04:00,52.45500183105469,52.63999938964844,52.38999938964844,52.43000030517578,1839247.0
2026-04-16T09:30:00-04:00,52.2599983215332,52.939998626708984,52.029998779296875,52.10499954223633,1616640.0
2026-04-16T10:30:00-04:00,52.099998474121094,52.33000183105469,51.834999084472656,52.209999084472656,1336702.0
2026-04-16T11:30:00-04:00,52.20500183105469,52.58000183105469,52.1349983215332,52.35499954223633,1143399.0
2026-04-16T12:30:00-04:00,52.35499954223633,52.43000030517578,52.13999938964844,52.14500045776367,753311.0
2026-04-16T13:30:00-04:00,52.13999938964844,52.14500045776367,51.755001068115234,51.78499984741211,1387888.0
2026-04-16T14:30:00-04:00,51.78499984741211,51.90999984741211,51.61000061035156,51.845001220703125,1471072.0
2026-04-16T15:30:00-04:00,51.84000015258789,51.90999984741211,51.56999969482422,51.72999954223633,2405789.0
2026-04-17T09:30:00-04:00,50.79499816894531,52.040000915527344,50.52000045776367,51.68000030517578,5098413.0
2026-04-17T10:30:00-04:00,51.68000030517578,52.654998779296875,51.599998474121094,52.58000183105469,2892347.0
2026-04-17T11:30:00-04:00,52.56999969482422,53.31999969482422,52.4900016784668,53.31999969482422,2603473.0
2026-04-17T12:30:00-04:00,53.310001373291016,53.415000915527344,53.14500045776367,53.22999954223633,1769517.0
2026-04-17T13:30:00-04:00,53.2400016784668,53.279998779296875,52.7599983215332,52.8650016784668,1390050.0
2026-04-17T14:30:00-04:00,52.869998931884766,53.04999923706055,52.70000076293945,52.724998474121094,1381670.0
2026-04-17T15:30:00-04:00,52.724998474121094,52.97520065307617,52.619998931884766,52.65999984741211,2415283.0
2026-04-20T09:30:00-04:00,52.3849983215332,53.150001525878906,51.2599983215332,52.97999954223633,2990426.0
2026-04-20T10:30:00-04:00,52.9900016784668,53.15999984741211,52.54499816894531,52.630001068115234,1357796.0
2026-04-20T11:30:00-04:00,52.619998931884766,52.78969955444336,52.43000030517578,52.435001373291016,1879020.0
2026-04-20T12:30:00-04:00,52.435001373291016,52.59000015258789,52.34000015258789,52.5,848191.0
2026-04-20T13:30:00-04:00,52.5,52.625,52.45000076293945,52.5099983215332,1429632.0
2026-04-20T14:30:00-04:00,52.519798278808594,52.60499954223633,51.97999954223633,52.029998779296875,1914759.0
2026-04-20T15:30:00-04:00,52.025001525878906,52.220001220703125,51.82500076293945,52.220001220703125,3051729.0
2026-04-21T09:30:00-04:00,53.099998474121094,53.73080062866211,52.70000076293945,52.874000549316406,1876461.0
2026-04-21T10:30:00-04:00,52.869998931884766,53.1349983215332,52.71009826660156,53.07500076293945,1680864.0
2026-04-21T11:30:00-04:00,53.08000183105469,53.11000061035156,52.84000015258789,53.0,929890.0
2026-04-21T12:30:00-04:00,53.0099983215332,53.1349983215332,52.779998779296875,52.86000061035156,995227.0
2026-04-21T13:30:00-04:00,52.869998931884766,52.970001220703125,52.67499923706055,52.80500030517578,1118897.0
2026-04-21T14:30:00-04:00,52.810001373291016,53.04999923706055,52.70500183105469,53.02000045776367,1529391.0
2026-04-21T15:30:00-04:00,53.02000045776367,53.09000015258789,52.6349983215332,52.77000045776367,2853468.0
2026-04-22T09:30:00-04:00,53.5,54.845001220703125,53.189998626708984,54.47999954223633,2950398.0
2026-04-22T10:30:00-04:00,54.474998474121094,54.779998779296875,54.415000915527344,54.529998779296875,1259715.0
2026-04-22T11:30:00-04:00,54.52000045776367,54.68000030517578,54.404998779296875,54.435001373291016,1044312.0
2026-04-22T12:30:00-04:00,54.435001373291016,54.5099983215332,54.165000915527344,54.33000183105469,1568279.0
2026-04-22T13:30:00-04:00,54.31999969482422,54.55500030517578,54.209999084472656,54.42499923706055,992713.0
2026-04-22T14:30:00-04:00,54.41999816894531,54.560001373291016,54.345001220703125,54.439998626708984,1553170.0
2026-04-22T15:30:00-04:00,54.45000076293945,54.5,54.244998931884766,54.380001068115234,2271665.0
2026-04-23T09:30:00-04:00,54.560001373291016,55.36000061035156,54.441001892089844,54.91999816894531,5236910.0
2026-04-23T10:30:00-04:00,54.93000030517578,55.185001373291016,54.72999954223633,55.185001373291016,2269093.0
2026-04-23T11:30:00-04:00,55.185001373291016,55.31999969482422,55.0099983215332,55.14500045776367,1567556.0
2026-04-23T12:30:00-04:00,55.14500045776367,55.529998779296875,55.09000015258789,55.17499923706055,1391802.0
2026-04-23T13:30:00-04:00,55.17499923706055,55.45500183105469,55.064998626708984,55.36970138549805,1537812.0
2026-04-23T14:30:00-04:00,55.36000061035156,55.48500061035156,54.790000915527344,54.95500183105469,2373244.0
2026-04-23T15:30:00-04:00,54.95000076293945,55.029998779296875,54.58000183105469,54.779998779296875,3590107.0
2026-04-24T09:30:00-04:00,54.32500076293945,55.630001068115234,54.02000045776367,55.55699920654297,5176586.0
2026-04-24T10:30:00-04:00,55.560001373291016,56.27000045776367,54.279998779296875,54.59000015258789,5743683.0
2026-04-24T11:30:00-04:00,54.58000183105469,55.959999084472656,54.560001373291016,55.900001525878906,1922917.0
2026-04-24T12:30:00-04:00,55.900001525878906,56.724998474121094,55.880001068115234,56.720001220703125,1783739.0
2026-04-24T13:30:00-04:00,56.720001220703125,56.89500045776367,56.099998474121094,56.27000045776367,2137915.0
2026-04-24T14:30:00-04:00,56.279998779296875,56.540000915527344,55.96500015258789,56.400001525878906,2169280.0
2026-04-24T15:30:00-04:00,56.39500045776367,56.4900016784668,56.11000061035156,56.16999816894531,2349621.0
2026-04-27T09:30:00-04:00,56.1150016784668,56.70000076293945,55.099998474121094,55.720001220703125,3299393.0
2026-04-27T10:30:00-04:00,55.72249984741211,56.15999984741211,55.41999816894531,55.525001525878906,1920174.0
2026-04-27T11:30:00-04:00,55.525001525878906,55.66999816894531,55.30500030517578,55.51499938964844,1536178.0
2026-04-27T12:30:00-04:00,55.51499938964844,55.58000183105469,55.375,55.52000045776367,1016013.0
2026-04-27T13:30:00-04:00,55.525001525878906,55.599998474121094,55.38999938964844,55.494998931884766,1160101.0
2026-04-27T14:30:00-04:00,55.494998931884766,55.68000030517578,55.30500030517578,55.33000183105469,2127909.0
2026-04-27T15:30:00-04:00,55.31999969482422,55.5,55.15999984741211,55.244998931884766,2521050.0
2026-04-28T09:30:00-04:00,55.849998474121094,56.7599983215332,55.5,55.8849983215332,3076167.0
2026-04-28T10:30:00-04:00,55.88999938964844,56.20000076293945,55.68000030517578,56.154998779296875,1646972.0
2026-04-28T11:30:00-04:00,56.154998779296875,56.400001525878906,55.93000030517578,55.9900016784668,1544620.0
2026-04-28T12:30:00-04:00,55.98500061035156,56.095001220703125,55.78499984741211,55.790000915527344,1086687.0
2026-04-28T13:30:00-04:00,55.779998779296875,55.85499954223633,55.56999969482422,55.67499923706055,1093737.0
2026-04-28T14:30:00-04:00,55.68000030517578,55.70000076293945,55.415000915527344,55.45000076293945,1337986.0
2026-04-28T15:30:00-04:00,55.45000076293945,55.66999816894531,55.404998779296875,55.65999984741211,2014668.0
2026-04-29T09:30:00-04:00,56.47999954223633,56.86000061035156,55.37200164794922,55.970001220703125,1959444.0
2026-04-29T10:30:00-04:00,55.959999084472656,56.15999984741211,55.2400016784668,55.35499954223633,1393126.0
2026-04-29T11:30:00-04:00,55.35499954223633,55.67620086669922,55.31999969482422,55.665000915527344,1215124.0
2026-04-29T12:30:00-04:00,55.65999984741211,55.70500183105469,55.2400016784668,55.54499816894531,1187735.0
2026-04-29T13:30:00-04:00,55.54999923706055,55.57500076293945,55.275001525878906,55.404998779296875,880353.0
2026-04-29T14:30:00-04:00,55.404998779296875,55.4900016784668,55.18000030517578,55.48500061035156,1205336.0
2026-04-29T15:30:00-04:00,55.48500061035156,55.720001220703125,55.39500045776367,55.70000076293945,2207677.0
2026-04-30T09:30:00-04:00,55.279998779296875,56.19499969482422,55.279998779296875,55.880001068115234,1494588.0
2026-04-30T10:30:00-04:00,55.880001068115234,56.459999084472656,55.86000061035156,56.3650016784668,1077207.0
2026-04-30T11:30:00-04:00,56.369998931884766,56.7400016784668,56.345001220703125,56.65999984741211,836280.0
2026-04-30T12:30:00-04:00,56.65999984741211,56.775001525878906,56.56999969482422,56.59000015258789,979196.0
2026-04-30T13:30:00-04:00,56.59000015258789,56.650001525878906,56.31999969482422,56.439998626708984,1257328.0
2026-04-30T14:30:00-04:00,56.45000076293945,56.849998474121094,56.400001525878906,56.814998626708984,1217984.0
2026-04-30T15:30:00-04:00,56.814998626708984,57.04499816894531,56.75,56.880001068115234,2505543.0
2026-05-01T09:30:00-04:00,56.43000030517578,57.130001068115234,56.0,57.09000015258789,2215290.0
2026-05-01T10:30:00-04:00,57.084999084472656,57.154998779296875,56.47999954223633,56.82500076293945,1057651.0
2026-05-01T11:30:00-04:00,56.83000183105469,56.83000183105469,56.46500015258789,56.58000183105469,608254.0
2026-05-01T12:30:00-04:00,56.59000015258789,56.72999954223633,56.505001068115234,56.70000076293945,553411.0
2026-05-01T13:30:00-04:00,56.70000076293945,56.88999938964844,56.64500045776367,56.724998474121094,1040524.0
2026-05-01T14:30:00-04:00,56.724998474121094,57.20000076293945,56.619998931884766,57.11000061035156,1248082.0
2026-05-01T15:30:00-04:00,57.099998474121094,57.1349983215332,56.720001220703125,56.939998626708984,1479969.0
2026-05-04T09:30:00-04:00,56.7400016784668,56.970001220703125,55.939998626708984,56.5,1818360.0
2026-05-04T10:30:00-04:00,56.5,56.66999816894531,56.27000045776367,56.375,884426.0
2026-05-04T11:30:00-04:00,56.375,56.720001220703125,56.07500076293945,56.185001373291016,1128705.0
2026-05-04T12:30:00-04:00,56.21500015258789,56.28499984741211,55.83000183105469,55.994998931884766,711591.0
2026-05-04T13:30:00-04:00,55.994998931884766,56.1150016784668,55.84000015258789,56.095001220703125,645738.0
2026-05-04T14:30:00-04:00,56.095001220703125,56.209999084472656,55.60499954223633,55.619998931884766,966676.0
2026-05-04T15:30:00-04:00,55.619998931884766,55.89500045776367,55.6150016784668,55.64500045776367,1900623.0
2026-05-05T09:30:00-04:00,55.720001220703125,56.205623626708984,55.45000076293945,56.07500076293945,1312949.0
2026-05-05T10:30:00-04:00,56.06999969482422,56.06999969482422,55.6349983215332,56.01499938964844,779821.0
2026-05-05T11:30:00-04:00,56.0099983215332,56.369998931884766,55.91999816894531,56.33000183105469,661525.0
2026-05-05T12:30:00-04:00,56.34000015258789,56.369998931884766,56.029998779296875,56.08000183105469,546611.0
2026-05-05T13:30:00-04:00,56.06999969482422,56.224998474121094,56.02000045776367,56.20000076293945,554405.0
2026-05-05T14:30:00-04:00,56.19499969482422,56.31999969482422,56.125,56.275001525878906,728747.0
2026-05-05T15:30:00-04:00,56.275001525878906,56.3849983215332,55.9900016784668,56.005001068115234,1280571.0
2026-05-06T09:30:00-04:00,54.900001525878906,56.31999969482422,54.369998931884766,54.79999923706055,3244518.0
2026-05-06T10:30:00-04:00,54.80500030517578,55.474998474121094,54.584999084472656,55.31999969482422,1740140.0
2026-05-06T11:30:00-04:00,55.31999969482422,55.31999969482422,54.86000061035156,55.099998474121094,721301.0
2026-05-06T12:30:00-04:00,55.10499954223633,55.345001220703125,55.084999084472656,55.1349983215332,798703.0
2026-05-06T13:30:00-04:00,55.13999938964844,55.59000015258789,55.064998626708984,55.13999938964844,888518.0
2026-05-06T14:30:00-04:00,55.1349983215332,55.5,54.89500045776367,55.44499969482422,1212466.0
2026-05-06T15:30:00-04:00,55.44499969482422,55.44499969482422,55.15999984741211,55.16999816894531,2319375.0
2026-05-07T09:30:00-04:00,54.11000061035156,54.33000183105469,52.810001373291016,53.220001220703125,2929587.0
2026-05-07T10:30:00-04:00,53.220001220703125,53.595001220703125,52.98500061035156,53.439998626708984,1596149.0
2026-05-07T11:30:00-04:00,53.35499954223633,53.619998931884766,53.20000076293945,53.39500045776367,1344324.0
2026-05-07T12:30:00-04:00,53.400001525878906,53.769901275634766,53.38999938964844,53.560001373291016,1689041.0
2026-05-07T13:30:00-04:00,53.56999969482422,53.64500045776367,53.21500015258789,53.290000915527344,1562985.0
2026-05-07T14:30:00-04:00,53.279998779296875,53.29999923706055,53.06999969482422,53.14500045776367,1502519.0
2026-05-07T15:30:00-04:00,53.14500045776367,53.400001525878906,52.95000076293945,53.025001525878906,2462048.0
2026-05-08T09:30:00-04:00,53.18000030517578,53.814998626708984,52.72999954223633,53.79999923706055,1730232.0
2026-05-08T10:30:00-04:00,53.79999923706055,53.849998474121094,53.54499816894531,53.72999954223633,1013702.0
2026-05-08T11:30:00-04:00,53.724998474121094,53.88999938964844,53.595001220703125,53.66999816894531,699911.0
2026-05-08T12:30:00-04:00,53.68000030517578,53.779998779296875,53.525001525878906,53.619998931884766,806850.0
2026-05-08T13:30:00-04:00,53.625,53.720001220703125,53.54499816894531,53.63999938964844,902773.0
2026-05-08T14:30:00-04:00,53.63999938964844,53.67499923706055,53.494998931884766,53.56999969482422,877219.0
2026-05-08T15:30:00-04:00,53.564998626708984,53.61000061035156,53.084999084472656,53.2599983215332,1767795.0
2026-05-11T09:30:00-04:00,53.665000915527344,54.150001525878906,53.63999938964844,53.775001525878906,1224649.0
2026-05-11T10:30:00-04:00,53.775001525878906,54.375,53.720001220703125,54.220001220703125,1214119.0
2026-05-11T11:30:00-04:00,54.21500015258789,54.470001220703125,54.11000061035156,54.44499969482422,778732.0
2026-05-11T12:30:00-04:00,54.439998626708984,54.665000915527344,54.42499923706055,54.564998626708984,692030.0
2026-05-11T13:30:00-04:00,54.564998626708984,54.900001525878906,54.52000045776367,54.78499984741211,739460.0
2026-05-11T14:30:00-04:00,54.790000915527344,55.0,54.724998474121094,54.959999084472656,1181077.0
2026-05-11T15:30:00-04:00,54.970001220703125,55.06999969482422,54.845001220703125,54.939998626708984,2184327.0
2026-05-12T09:30:00-04:00,55.255001068115234,55.599998474121094,54.89250183105469,55.06999969482422,1949932.0
2026-05-12T10:30:00-04:00,55.06999969482422,55.09000015258789,54.718299865722656,54.80500030517578,1316682.0
2026-05-12T11:30:00-04:00,54.810001373291016,55.380001068115234,54.810001373291016,55.375,864745.0
2026-05-12T12:30:00-04:00,55.375,55.80500030517578,55.2599983215332,55.744998931884766,928888.0
2026-05-12T13:30:00-04:00,55.75,55.83000183105469,55.630001068115234,55.77000045776367,533791.0
2026-05-12T14:30:00-04:00,55.779998779296875,56.255001068115234,55.68000030517578,56.060001373291016,1121760.0
2026-05-12T15:30:00-04:00,56.060001373291016,56.10499954223633,55.630001068115234,55.63999938964844,1573061.0
2026-05-13T09:30:00-04:00,55.77000045776367,55.83000183105469,54.65999984741211,55.39350128173828,1324952.0
2026-05-13T10:30:00-04:00,55.380001068115234,55.52000045776367,54.81999969482422,55.03499984741211,905243.0
2026-05-13T11:30:00-04:00,55.04999923706055,55.14099884033203,54.915000915527344,54.94499969482422,946920.0
2026-05-13T12:30:00-04:00,54.94499969482422,55.47999954223633,54.93000030517578,55.35499954223633,439573.0
2026-05-13T13:30:00-04:00,55.35499954223633,55.52000045776367,55.26499938964844,55.30500030517578,529711.0
2026-05-13T14:30:00-04:00,55.29999923706055,55.58000183105469,55.125,55.55500030517578,919347.0
2026-05-13T15:30:00-04:00,55.560001373291016,55.63999938964844,55.35499954223633,55.38999938964844,971450.0
2026-05-14T09:30:00-04:00,55.400001525878906,55.9900016784668,55.34000015258789,55.53499984741211,732390.0
2026-05-14T10:30:00-04:00,55.529998779296875,55.68000030517578,55.279998779296875,55.4900016784668,445172.0
2026-05-14T11:30:00-04:00,55.4900016784668,55.81999969482422,55.45000076293945,55.709999084472656,571116.0
2026-05-14T12:30:00-04:00,55.70500183105469,55.91999816894531,55.63999938964844,55.71500015258789,415387.0
2026-05-14T13:30:00-04:00,55.720001220703125,55.8849983215332,55.66999816894531,55.79499816894531,360504.0
2026-05-14T14:30:00-04:00,55.79999923706055,55.93000030517578,55.689998626708984,55.71500015258789,451031.0
2026-05-14T15:30:00-04:00,55.71500015258789,55.80500030517578,55.64500045776367,55.755001068115234,749831.0
2026-05-15T09:30:00-04:00,55.625,55.959999084472656,55.2400016784668,55.369998931884766,1780814.0
2026-05-15T10:30:00-04:00,55.3650016784668,55.56999969482422,55.22999954223633,55.459999084472656,1022567.0
2026-05-15T11:30:00-04:00,55.459999084472656,55.619998931884766,55.2599983215332,55.52000045776367,853964.0
2026-05-15T12:30:00-04:00,55.529998779296875,55.70500183105469,55.4900016784668,55.64500045776367,434379.0
2026-05-15T13:30:00-04:00,55.64500045776367,55.64500045776367,55.22999954223633,55.345001220703125,1018468.0
2026-05-15T14:30:00-04:00,55.345001220703125,55.65999984741211,55.31999969482422,55.459999084472656,969932.0
2026-05-15T15:30:00-04:00,55.459999084472656,55.48500061035156,55.224998474121094,55.38999938964844,1556658.0
2026-05-18T09:30:00-04:00,55.150001525878906,57.02000045776367,55.11000061035156,56.939998626708984,1968383.0
2026-05-18T10:30:00-04:00,56.93000030517578,57.59000015258789,56.90999984741211,57.470001220703125,1952575.0
2026-05-18T11:30:00-04:00,57.47169876098633,57.54999923706055,57.060001373291016,57.31999969482422,1399662.0
2026-05-18T12:30:00-04:00,57.31999969482422,57.380001068115234,56.79999923706055,56.810001373291016,765429.0
2026-05-18T13:30:00-04:00,56.810001373291016,56.8849983215332,56.619998931884766,56.79999923706055,657705.0
2026-05-18T14:30:00-04:00,56.79499816894531,57.040000915527344,56.58000183105469,56.72999954223633,1069201.0
2026-05-18T15:30:00-04:00,56.72999954223633,57.2599983215332,56.63999938964844,57.185001373291016,1550649.0
2026-05-19T09:30:00-04:00,57.22999954223633,57.66999816894531,56.79999923706055,57.02000045776367,1396463.0
2026-05-19T10:30:00-04:00,57.029998779296875,57.095001220703125,56.45000076293945,56.540000915527344,1324397.0
2026-05-19T11:30:00-04:00,56.540000915527344,56.90999984741211,56.41999816894531,56.875,596614.0
2026-05-19T12:30:00-04:00,56.869998931884766,57.14500045776367,56.869998931884766,57.04499816894531,550375.0
2026-05-19T13:30:00-04:00,57.04499816894531,57.099998474121094,56.875,57.02000045776367,538277.0
2026-05-19T14:30:00-04:00,57.02000045776367,57.095001220703125,56.869998931884766,56.904998779296875,651302.0
2026-05-19T15:30:00-04:00,56.90999984741211,56.959999084472656,56.56999969482422,56.77000045776367,1630218.0
2026-05-20T09:30:00-04:00,56.599998474121094,57.619998931884766,56.599998474121094,57.20000076293945,1906254.0
2026-05-20T10:30:00-04:00,57.209999084472656,57.4900016784668,57.04499816894531,57.189998626708984,1602048.0
2026-05-20T11:30:00-04:00,57.16999816894531,57.70000076293945,57.16999816894531,57.52000045776367,957370.0
2026-05-20T12:30:00-04:00,57.529998779296875,57.650001525878906,57.16999816894531,57.2599983215332,1163172.0
2026-05-20T13:30:00-04:00,57.25,57.25,56.63999938964844,57.130001068115234,985978.0
2026-05-20T14:30:00-04:00,57.130001068115234,57.35599899291992,57.07500076293945,57.26499938964844,848905.0
2026-05-20T15:30:00-04:00,57.26499938964844,57.314998626708984,57.130001068115234,57.279998779296875,1709559.0
2026-05-21T09:30:00-04:00,57.52000045776367,57.65999984741211,57.0099983215332,57.310001373291016,1344766.0
2026-05-21T10:30:00-04:00,57.29499816894531,57.29999923706055,56.720001220703125,56.98500061035156,618577.0
2026-05-21T11:30:00-04:00,56.98500061035156,57.040000915527344,56.709999084472656,56.779998779296875,685973.0
2026-05-21T12:30:00-04:00,56.78499984741211,57.0099983215332,56.654998779296875,56.810001373291016,743001.0
2026-05-21T13:30:00-04:00,56.81999969482422,57.209999084472656,56.61000061035156,57.0099983215332,1689347.0
2026-05-21T14:30:00-04:00,57.0099983215332,57.494998931884766,57.0,57.40999984741211,989828.0
2026-05-21T15:30:00-04:00,57.41999816894531,57.505001068115234,57.15999984741211,57.244998931884766,1402178.0
2026-05-22T09:30:00-04:00,57.130001068115234,57.34989929199219,56.34000015258789,56.90999984741211,1398325.0
2026-05-22T10:30:00-04:00,56.91999816894531,57.220001220703125,56.88999938964844,57.060001373291016,745957.0
2026-05-22T11:30:00-04:00,57.04999923706055,57.290000915527344,57.03499984741211,57.209999084472656,745262.0
2026-05-22T12:30:00-04:00,57.209999084472656,57.4900016784668,57.15999984741211,57.36000061035156,766895.0
2026-05-22T13:30:00-04:00,57.36000061035156,57.849300384521484,57.279998779296875,57.665000915527344,802723.0
2026-05-22T14:30:00-04:00,57.66999816894531,57.880001068115234,57.625,57.83000183105469,933118.0
2026-05-22T15:30:00-04:00,57.83000183105469,57.83000183105469,57.15999984741211,57.275001525878906,1491763.0
2026-05-26T09:30:00-04:00,57.20000076293945,58.81990051269531,57.040000915527344,58.20000076293945,2595323.0
2026-05-26T10:30:00-04:00,58.209999084472656,58.275001525878906,57.76499938964844,58.15999984741211,1161521.0
2026-05-26T11:30:00-04:00,58.154998779296875,58.529998779296875,58.11000061035156,58.30500030517578,915577.0
2026-05-26T12:30:00-04:00,58.29999923706055,58.369998931884766,57.90999984741211,58.20000076293945,1608991.0
2026-05-26T13:30:00-04:00,58.220001220703125,58.59000015258789,58.220001220703125,58.47999954223633,1156753.0
2026-05-26T14:30:00-04:00,58.47999954223633,58.55500030517578,58.21500015258789,58.369998931884766,1305820.0
2026-05-26T15:30:00-04:00,58.380001068115234,58.52000045776367,57.97999954223633,57.98500061035156,1734360.0
2026-05-27T09:30:00-04:00,57.04999923706055,57.20000076293945,55.65999984741211,55.90999984741211,3121799.0
2026-05-27T10:30:00-04:00,55.91999816894531,56.26499938964844,55.7400016784668,56.0,1912607.0
2026-05-27T11:30:00-04:00,56.0099983215332,56.189998626708984,55.994998931884766,56.13999938964844,1097189.0
2026-05-27T12:30:00-04:00,56.130001068115234,56.58000183105469,56.0,56.47999954223633,1273166.0
2026-05-27T13:30:00-04:00,56.47999954223633,56.63999938964844,56.369998931884766,56.470001220703125,1179976.0
2026-05-27T14:30:00-04:00,56.470001220703125,56.939998626708984,56.45500183105469,56.869998931884766,1874423.0
2026-05-27T15:30:00-04:00,56.869998931884766,56.89500045776367,56.290000915527344,56.5,2317088.0
2026-05-28T09:30:00-04:00,56.130001068115234,56.18000030517578,54.31999969482422,54.970001220703125,3647106.0
2026-05-28T10:30:00-04:00,54.970001220703125,55.79999923706055,54.970001220703125,55.665000915527344,1462195.0
2026-05-28T11:30:00-04:00,55.65999984741211,55.79999923706055,55.560001373291016,55.6150016784668,1008294.0
2026-05-28T12:30:00-04:00,55.61000061035156,55.665000915527344,55.30500030517578,55.30500030517578,862932.0
2026-05-28T13:30:00-04:00,55.29999923706055,55.36000061035156,55.04999923706055,55.33000183105469,1424028.0
2026-05-28T14:30:00-04:00,55.34000015258789,55.3849983215332,55.185001373291016,55.25,1387834.0
2026-05-28T15:30:00-04:00,55.25,55.43000030517578,55.04999923706055,55.1150016784668,1798607.0
2026-05-29T09:30:00-04:00,54.810001373291016,55.16859817504883,54.5099983215332,55.06999969482422,2061005.0
2026-05-29T10:30:00-04:00,55.060001373291016,55.125,54.59000015258789,54.6349983215332,1453406.0
2026-05-29T11:30:00-04:00,54.63999938964844,55.09000015258789,54.60499954223633,55.01499938964844,724157.0
2026-05-29T12:30:00-04:00,55.01499938964844,55.099998474121094,54.8650016784668,54.91999816894531,687345.0
2026-05-29T13:30:00-04:00,54.92499923706055,55.0,54.810001373291016,54.95500183105469,864640.0
2026-05-29T14:30:00-04:00,54.95500183105469,55.07500076293945,54.85499954223633,54.91427230834961,1061326.0
2026-05-29T15:30:00-04:00,54.90999984741211,54.994998931884766,54.36000061035156,54.54999923706055,2847559.0
2026-06-01T09:30:00-04:00,55.040000915527344,55.040000915527344,53.970001220703125,54.7400016784668,3378874.0
2026-06-01T10:30:00-04:00,54.72999954223633,55.04999923706055,54.619998931884766,54.900001525878906,1849401.0
2026-06-01T11:30:00-04:00,54.89500045776367,54.904998779296875,54.59000015258789,54.810001373291016,913349.0
2026-06-01T12:30:00-04:00,54.80500030517578,54.959999084472656,54.54499816894531,54.58000183105469,857444.0
2026-06-01T13:30:00-04:00,54.595001220703125,55.0880012512207,54.5,55.0880012512207,1137889.0
2026-06-01T14:30:00-04:00,55.089900970458984,55.209999084472656,54.77000045776367,54.8650016784668,1206433.0
2026-06-01T15:30:00-04:00,54.867000579833984,55.0,54.64500045776367,54.7599983215332,1559108.0
2026-06-02T09:30:00-04:00,54.84000015258789,56.130001068115234,54.619998931884766,55.86000061035156,2091719.0
2026-06-02T10:30:00-04:00,55.86000061035156,56.43000030517578,55.834999084472656,56.029998779296875,1173071.0
2026-06-02T11:30:00-04:00,56.025001525878906,56.18000030517578,55.915000915527344,56.13999938964844,840557.0
2026-06-02T12:30:00-04:00,56.130001068115234,56.31999969482422,56.03499984741211,56.27000045776367,896538.0
2026-06-02T13:30:00-04:00,56.27000045776367,56.38999938964844,56.13999938964844,56.35499954223633,910289.0
2026-06-02T14:30:00-04:00,56.35499954223633,56.40999984741211,56.20000076293945,56.32500076293945,1264634.0
2026-06-02T15:30:00-04:00,56.31999969482422,56.75,56.27000045776367,56.56999969482422,2263946.0
2026-06-03T09:30:00-04:00,56.0,56.57500076293945,55.65999984741211,56.47999954223633,1741633.0
2026-06-03T10:30:00-04:00,56.5,56.75,56.439998626708984,56.75,938748.0
2026-06-03T11:30:00-04:00,56.744998931884766,57.2599983215332,56.685001373291016,57.0099983215332,1038105.0
2026-06-03T12:30:00-04:00,57.025001525878906,57.060001373291016,56.59000015258789,56.78499984741211,1086268.0
2026-06-03T13:30:00-04:00,56.790000915527344,56.845001220703125,56.29999923706055,56.3650016784668,1966866.0
2026-06-03T14:30:00-04:00,56.369998931884766,56.85499954223633,56.345001220703125,56.83000183105469,1164909.0
2026-06-03T15:30:00-04:00,56.81999969482422,57.029998779296875,56.7400016784668,56.849998474121094,1658119.0
2026-06-04T09:30:00-04:00,56.9900016784668,57.375,56.099998474121094,57.27000045776367,1742528.0
2026-06-04T10:30:00-04:00,57.279998779296875,57.720001220703125,57.209999084472656,57.685001373291016,1044272.0
2026-06-04T11:30:00-04:00,57.68000030517578,57.7400016784668,57.43000030517578,57.685001373291016,845783.0
2026-06-04T12:30:00-04:00,57.68000030517578,57.689998626708984,57.380001068115234,57.51499938964844,642729.0
2026-06-04T13:30:00-04:00,57.52000045776367,57.91999816894531,57.435001373291016,57.904998779296875,781519.0
2026-06-04T14:30:00-04:00,57.904998779296875,57.94499969482422,57.60499954223633,57.73500061035156,979818.0
2026-06-04T15:30:00-04:00,57.7400016784668,58.119998931884766,57.64500045776367,58.01499938964844,2061091.0
2026-06-05T09:30:00-04:00,57.599998474121094,57.91999816894531,56.43000030517578,56.61000061035156,1229363.0
2026-06-05T10:30:00-04:00,56.599998474121094,56.8849983215332,56.54999923706055,56.560001373291016,714512.0
2026-06-05T11:30:00-04:00,56.560001373291016,56.59000015258789,55.400001525878906,55.47999954223633,1106344.0
2026-06-05T12:30:00-04:00,55.47999954223633,55.51499938964844,55.064998626708984,55.33000183105469,1511432.0
2026-06-05T13:30:00-04:00,55.33000183105469,55.38999938964844,54.935001373291016,54.959999084472656,1027289.0
2026-06-05T14:30:00-04:00,54.95000076293945,55.06999969482422,54.67499923706055,54.79999923706055,860748.0
2026-06-05T15:30:00-04:00,54.79999923706055,54.880001068115234,54.4900016784668,54.875,1570840.0
2026-06-08T09:30:00-04:00,55.58000183105469,56.875,55.58000183105469,56.720298767089844,2236136.0
2026-06-08T10:30:00-04:00,56.724998474121094,57.02000045776367,56.70000076293945,56.70500183105469,1140337.0
2026-06-08T11:30:00-04:00,56.70000076293945,56.94499969482422,56.53499984741211,56.935001373291016,1009907.0
2026-06-08T12:30:00-04:00,56.939998626708984,57.185001373291016,56.84000015258789,56.90999984741211,1555627.0
2026-06-08T13:30:00-04:00,56.90010070800781,57.35499954223633,56.84000015258789,57.10499954223633,1680217.0
2026-06-08T14:30:00-04:00,57.10499954223633,57.13999938964844,56.63999938964844,56.810001373291016,1564411.0
2026-06-08T15:30:00-04:00,56.814998626708984,56.92499923706055,56.41999816894531,56.540000915527344,2139876.0
2026-06-09T09:30:00-04:00,56.75,56.900001525878906,56.150001525878906,56.2400016784668,2531763.0
2026-06-09T10:30:00-04:00,56.25,56.25,55.040000915527344,55.08000183105469,1358276.0
2026-06-09T11:30:00-04:00,55.06999969482422,55.189998626708984,54.45000076293945,54.775001525878906,1885264.0
2026-06-09T12:30:00-04:00,54.77000045776367,55.29010009765625,54.650001525878906,55.07500076293945,1896278.0
2026-06-09T13:30:00-04:00,55.07500076293945,55.21500015258789,54.970001220703125,55.119998931884766,766778.0
2026-06-09T14:30:00-04:00,55.1150016784668,55.45500183105469,55.050899505615234,55.099998474121094,845339.0
2026-06-09T15:30:00-04:00,55.099998474121094,55.869998931884766,55.01499938964844,55.849998474121094,1736845.0
2026-06-10T09:30:00-04:00,55.9900016784668,56.77000045776367,55.22999954223633,56.66999816894531,2525667.0
2026-06-10T10:30:00-04:00,56.665000915527344,56.70000076293945,55.935001373291016,56.18000030517578,2045342.0
2026-06-10T11:30:00-04:00,56.189998626708984,56.58000183105469,56.13999938964844,56.400001525878906,1307825.0
2026-06-10T12:30:00-04:00,56.400001525878906,56.46549987792969,56.130001068115234,56.21500015258789,713740.0
2026-06-10T13:30:00-04:00,56.21500015258789,56.29999923706055,56.05500030517578,56.060001373291016,897606.0
2026-06-10T14:30:00-04:00,56.05500030517578,56.084999084472656,55.630001068115234,55.67499923706055,1059919.0
2026-06-10T15:30:00-04:00,55.66999816894531,55.849998474121094,55.470001220703125,55.5099983215332,1795364.0
2026-06-11T09:30:00-04:00,55.7400016784668,56.5,55.30500030517578,55.65999984741211,1299832.0
2026-06-11T10:30:00-04:00,55.66374588012695,55.8203010559082,55.459999084472656,55.744998931884766,948570.0
2026-06-11T11:30:00-04:00,55.744998931884766,55.88999938964844,55.400001525878906,55.400001525878906,804706.0
2026-06-11T12:30:00-04:00,55.404998779296875,55.525001525878906,55.025001525878906,55.2400016784668,856392.0
2026-06-11T13:30:00-04:00,55.22999954223633,55.939998626708984,54.959999084472656,55.872501373291016,1872485.0
2026-06-11T14:30:00-04:00,55.8849983215332,56.314998626708984,55.880001068115234,56.22999954223633,1179403.0
2026-06-11T15:30:00-04:00,56.23500061035156,56.2599983215332,55.869998931884766,55.9900016784668,2075837.0
2026-06-12T09:30:00-04:00,56.4900016784668,56.798099517822266,55.689998626708984,56.349998474121094,2202613.0
2026-06-12T10:30:00-04:00,56.349998474121094,56.7400016784668,56.275001525878906,56.7400016784668,1514175.0
2026-06-12T11:30:00-04:00,56.72999954223633,56.849998474121094,56.61000061035156,56.71500015258789,857106.0
2026-06-12T12:30:00-04:00,56.720001220703125,56.869998931884766,56.380001068115234,56.40999984741211,574789.0
2026-06-12T13:30:00-04:00,56.40999984741211,56.55500030517578,56.29999923706055,56.52000045776367,472673.0
2026-06-12T14:30:00-04:00,56.529998779296875,56.56999969482422,56.2599983215332,56.494998931884766,761625.0
2026-06-12T15:30:00-04:00,56.494998931884766,56.494998931884766,55.939998626708984,56.18000030517578,1669154.0
2026-06-15T09:30:00-04:00,55.369998931884766,55.65999984741211,54.20000076293945,54.38999938964844,3224499.0
2026-06-15T10:30:00-04:00,54.3849983215332,54.55500030517578,53.95500183105469,54.099998474121094,2100298.0
2026-06-15T11:30:00-04:00,54.099998474121094,54.150001525878906,53.810001373291016,53.939998626708984,1204615.0
2026-06-15T12:30:00-04:00,53.94499969482422,54.209999084472656,53.904998779296875,53.92499923706055,1097436.0
2026-06-15T13:30:00-04:00,53.92499923706055,54.04999923706055,53.72999954223633,53.900001525878906,1253227.0
2026-06-15T14:30:00-04:00,53.904998779296875,53.9900016784668,53.66999816894531,53.790000915527344,1535482.0
2026-06-15T15:30:00-04:00,53.779998779296875,54.130001068115234,53.52000045776367,53.720001220703125,2111300.0
2026-06-16T09:30:00-04:00,53.849998474121094,54.3650016784668,53.619998931884766,54.220001220703125,3318458.0
2026-06-16T10:30:00-04:00,54.22999954223633,54.22999954223633,53.720001220703125,53.85499954223633,2268291.0
2026-06-16T11:30:00-04:00,53.85499954223633,54.025001525878906,53.470001220703125,53.564998626708984,1579672.0
2026-06-16T12:30:00-04:00,53.564998626708984,53.56999969482422,53.373600006103516,53.39500045776367,973211.0
2026-06-16T13:30:00-04:00,53.39500045776367,53.40999984741211,53.152000427246094,53.3849983215332,1060668.0
2026-06-16T14:30:00-04:00,53.3849983215332,53.470001220703125,53.275001525878906,53.28499984741211,1463519.0
2026-06-16T15:30:00-04:00,53.28499984741211,53.32500076293945,52.994998931884766,53.08000183105469,2106308.0
2026-06-17T09:30:00-04:00,52.880001068115234,53.13999938964844,50.97999954223633,51.7400016784668,2952297.0
2026-06-17T10:30:00-04:00,51.7599983215332,52.65999984741211,51.619998931884766,52.1119270324707,3193012.0
2026-06-17T11:30:00-04:00,52.11000061035156,52.1150016784668,51.43000030517578,51.47999954223633,1268706.0
2026-06-17T12:30:00-04:00,51.47999954223633,51.48500061035156,51.1150016784668,51.2400016784668,1187891.0
2026-06-17T13:30:00-04:00,51.2400016784668,51.34000015258789,50.52000045776367,50.7599983215332,2158122.0
2026-06-17T14:30:00-04:00,50.76499938964844,51.56999969482422,50.470001220703125,50.470001220703125,2668016.0
2026-06-17T15:30:00-04:00,50.474998474121094,50.55500030517578,50.130001068115234,50.33000183105469,3310150.0
2026-06-18T09:30:00-04:00,50.099998474121094,50.220001220703125,48.29999923706055,48.505001068115234,6603188.0
2026-06-18T10:30:00-04:00,48.5099983215332,48.93000030517578,48.2599983215332,48.48500061035156,3280656.0
2026-06-18T11:30:00-04:00,48.4900016784668,48.494998931884766,48.1349983215332,48.404998779296875,2266462.0
2026-06-18T12:30:00-04:00,48.41999816894531,48.41999816894531,48.130001068115234,48.255001068115234,1905169.0
2026-06-18T13:30:00-04:00,48.255001068115234,48.33000183105469,47.89500045776367,48.275001525878906,1906165.0
2026-06-18T14:30:00-04:00,48.275001525878906,48.32740020751953,47.95000076293945,48.0099983215332,2417859.0
2026-06-18T15:30:00-04:00,48.0099983215332,48.16999816894531,47.61000061035156,48.095001220703125,4572762.0
2026-06-22T09:30:00-04:00,48.400001525878906,48.689998626708984,47.4900016784668,47.564998626708984,2134500.0
2026-06-22T10:30:00-04:00,47.56999969482422,47.814998626708984,47.334999084472656,47.59000015258789,2330866.0
2026-06-22T11:30:00-04:00,47.595001220703125,47.720001220703125,47.39500045776367,47.630001068115234,2073908.0
2026-06-22T12:30:00-04:00,47.63999938964844,47.779998779296875,47.3849983215332,47.39500045776367,1273394.0
2026-06-22T13:30:00-04:00,47.38999938964844,47.44499969482422,47.2400016784668,47.44499969482422,1041743.0
2026-06-22T14:30:00-04:00,47.44499969482422,47.630001068115234,47.400001525878906,47.54499816894531,1676498.0
2026-06-22T15:30:00-04:00,47.540000915527344,48.0,47.44499969482422,47.94499969482422,2929120.0
2026-06-23T09:30:00-04:00,47.400001525878906,47.880001068115234,47.06999969482422,47.54499816894531,2467783.0
2026-06-23T10:30:00-04:00,47.540000915527344,47.779998779296875,47.36000061035156,47.5,1508284.0
2026-06-23T11:30:00-04:00,47.505001068115234,47.80500030517578,47.415000915527344,47.744998931884766,999987.0
2026-06-23T12:30:00-04:00,47.7400016784668,48.01499938964844,47.630001068115234,47.970001220703125,746276.0
2026-06-23T13:30:00-04:00,47.96500015258789,48.2599983215332,47.92499923706055,48.099998474121094,1262113.0
2026-06-23T14:30:00-04:00,48.099998474121094,48.189998626708984,47.89500045776367,48.095001220703125,1186830.0
2026-06-23T15:30:00-04:00,48.095001220703125,48.125,47.779998779296875,47.779998779296875,2315647.0
2026-06-24T09:30:00-04:00,46.900001525878906,46.95000076293945,46.09000015258789,46.22999954223633,10534153.0
2026-06-24T10:30:00-04:00,46.22999954223633,46.334999084472656,45.98500061035156,46.095001220703125,3528823.0
2026-06-24T11:30:00-04:00,46.10499954223633,46.400001525878906,46.04499816894531,46.33000183105469,2144118.0
2026-06-24T12:30:00-04:00,46.33000183105469,46.40999984741211,46.02000045776367,46.025001525878906,1136504.0
2026-06-24T13:30:00-04:00,46.025001525878906,46.52000045776367,45.8650016784668,46.439998626708984,1253860.0
2026-06-24T14:30:00-04:00,46.43000030517578,46.52000045776367,46.29999923706055,46.375,1631804.0
2026-06-24T15:30:00-04:00,46.37099838256836,46.779998779296875,46.31999969482422,46.630001068115234,1967335.0
2026-06-25T09:30:00-04:00,46.58000183105469,47.20000076293945,46.41999816894531,46.90999984741211,1911845.0
2026-06-25T10:30:00-04:00,46.90999984741211,47.41999816894531,46.814998626708984,47.33000183105469,1494415.0
2026-06-25T11:30:00-04:00,47.33000183105469,47.47999954223633,47.165000915527344,47.38999938964844,1333403.0
2026-06-25T12:30:00-04:00,47.380001068115234,47.40999984741211,47.03499984741211,47.099998474121094,1069030.0
2026-06-25T13:30:00-04:00,47.099998474121094,47.275001525878906,46.91999816894531,47.209999084472656,1122186.0
2026-06-25T14:30:00-04:00,47.21500015258789,47.3650016784668,47.04499816894531,47.165000915527344,1075788.0
2026-06-25T15:30:00-04:00,47.15999984741211,47.43000030517578,46.939998626708984,47.43000030517578,2367691.0
2026-06-26T09:30:00-04:00,46.709999084472656,47.40999984741211,46.63999938964844,47.16999816894531,1701426.0
2026-06-26T10:30:00-04:00,47.18000030517578,47.224998474121094,46.84000015258789,46.869998931884766,818307.0
2026-06-26T11:30:00-04:00,46.880001068115234,47.04999923706055,46.73500061035156,46.744998931884766,822790.0
2026-06-26T12:30:00-04:00,46.744998931884766,46.7599983215332,46.560001373291016,46.63999938964844,649389.0
2026-06-26T13:30:00-04:00,46.63999938964844,46.77000045776367,46.58100128173828,46.744998931884766,672911.0
2026-06-26T14:30:00-04:00,46.7400016784668,46.82500076293945,46.60499954223633,46.775001525878906,982603.0
2026-06-26T15:30:00-04:00,46.775001525878906,47.02000045776367,46.584999084472656,46.970001220703125,2661237.0
2026-06-29T09:30:00-04:00,46.91999816894531,47.290000915527344,46.72999954223633,46.7599983215332,1448829.0
2026-06-29T10:30:00-04:00,46.77000045776367,46.86000061035156,46.4900016784668,46.56657791137695,754936.0
2026-06-29T11:30:00-04:00,46.56999969482422,46.68000030517578,46.43000030517578,46.60499954223633,540113.0
2026-06-29T12:30:00-04:00,46.61000061035156,46.68000030517578,46.47779846191406,46.61029815673828,741898.0
2026-06-29T13:30:00-04:00,46.619998931884766,46.689998626708984,46.5099983215332,46.619998931884766,705776.0
2026-06-29T14:30:00-04:00,46.619998931884766,46.63999938964844,46.310001373291016,46.310001373291016,872947.0
2026-06-29T15:30:00-04:00,46.30500030517578,46.459999084472656,46.2400016784668,46.36000061035156,1269390.0
2026-06-30T09:30:00-04:00,46.88999938964844,47.130001068115234,46.40999984741211,46.689998626708984,1343095.0
2026-06-30T10:30:00-04:00,46.68000030517578,46.689998626708984,46.330299377441406,46.34000015258789,1124129.0
2026-06-30T11:30:00-04:00,46.330299377441406,46.630001068115234,46.23500061035156,46.470001220703125,847059.0
2026-06-30T12:30:00-04:00,46.46500015258789,46.5,46.16999816894531,46.279998779296875,641961.0
2026-06-30T13:30:00-04:00,46.27000045776367,46.47999954223633,46.27000045776367,46.415000915527344,645754.0
2026-06-30T14:30:00-04:00,46.42499923706055,46.47999954223633,46.35499954223633,46.40999984741211,829385.0
2026-06-30T15:30:00-04:00,46.40999984741211,46.540000915527344,46.39500045776367,46.47999954223633,1995095.0
2026-07-01T09:30:00-04:00,46.36000061035156,46.36000061035156,45.45000076293945,45.619998931884766,2421352.0
2026-07-01T10:30:00-04:00,45.630001068115234,45.93000030517578,45.43000030517578,45.8849983215332,1992485.0
2026-07-01T11:30:00-04:00,45.880001068115234,46.0,45.779998779296875,45.935001373291016,1311830.0
2026-07-01T12:30:00-04:00,45.935001373291016,45.974998474121094,45.46500015258789,45.650001525878906,1104474.0
2026-07-01T13:30:00-04:00,45.650001525878906,45.689998626708984,45.08000183105469,45.310001373291016,1819303.0
2026-07-01T14:30:00-04:00,45.310001373291016,45.3849983215332,45.13999938964844,45.279998779296875,1929725.0
2026-07-01T15:30:00-04:00,45.28499984741211,45.47999954223633,45.09000015258789,45.095001220703125,2597648.0
2026-07-02T09:30:00-04:00,45.369998931884766,45.560001373291016,44.869998931884766,45.03990173339844,1942852.0
2026-07-02T10:30:00-04:00,45.040000915527344,45.2400016784668,44.88010025024414,45.119998931884766,1087806.0
2026-07-02T11:30:00-04:00,45.11000061035156,45.34000015258789,44.98500061035156,44.98500061035156,883608.0
2026-07-02T12:30:00-04:00,44.97999954223633,45.084999084472656,44.900001525878906,44.935001373291016,842165.0
2026-07-02T13:30:00-04:00,44.935001373291016,44.939998626708984,44.630001068115234,44.73500061035156,1076231.0
2026-07-02T14:30:00-04:00,44.72999954223633,44.85499954223633,44.59000015258789,44.80500030517578,1530974.0
2026-07-02T15:30:00-04:00,44.80500030517578,45.13999938964844,44.709999084472656,45.130001068115234,1980246.0
2026-07-06T09:30:00-04:00,44.7599983215332,46.02000045776367,44.75,45.97999954223633,1819302.0
2026-07-06T10:30:00-04:00,45.98500061035156,46.06999969482422,45.83000183105469,45.904998779296875,880883.0
2026-07-06T11:30:00-04:00,45.90999984741211,45.970001220703125,45.744998931884766,45.91999816894531,822444.0
2026-07-06T12:30:00-04:00,45.91999816894531,46.04999923706055,45.869998931884766,46.03499984741211,792036.0
2026-07-06T13:30:00-04:00,46.035701751708984,46.04999923706055,45.849998474121094,45.849998474121094,946741.0
2026-07-06T14:30:00-04:00,45.85499954223633,45.90699768066406,45.720001220703125,45.79499816894531,893715.0
2026-07-06T15:30:00-04:00,45.79499816894531,45.880001068115234,45.625,45.71500015258789,2023376.0
2026-07-07T09:30:00-04:00,46.06999969482422,46.29999923706055,45.83000183105469,46.22999954223633,1405204.0
2026-07-07T10:30:00-04:00,46.22999954223633,46.59000015258789,46.1150016784668,46.275001525878906,1660220.0
2026-07-07T11:30:00-04:00,46.275001525878906,46.36000061035156,46.04499816894531,46.119998931884766,1106648.0
2026-07-07T12:30:00-04:00,46.1150016784668,46.18000030517578,45.994998931884766,46.15999984741211,575919.0
2026-07-07T13:30:00-04:00,46.16999816894531,46.25,46.07500076293945,46.224998474121094,644496.0
2026-07-07T14:30:00-04:00,46.22999954223633,46.779998779296875,46.13999938964844,46.61000061035156,1213671.0
2026-07-07T15:30:00-04:00,46.6150016784668,46.68000030517578,46.400001525878906,46.415000915527344,1636406.0
2026-07-08T09:30:00-04:00,46.709999084472656,47.619998931884766,46.709999084472656,47.279998779296875,3027727.0
2026-07-08T10:30:00-04:00,47.290000915527344,47.40999984741211,47.0,47.10499954223633,1532311.0
2026-07-08T11:30:00-04:00,47.10499954223633,47.39500045776367,47.099998474121094,47.25,1549194.0
2026-07-08T12:30:00-04:00,47.255001068115234,47.275001525878906,46.810001373291016,46.95000076293945,1862901.0
2026-07-08T13:30:00-04:00,46.95000076293945,47.109901428222656,46.880001068115234,46.96500015258789,1849603.0
2026-07-08T14:30:00-04:00,46.96500015258789,47.20000076293945,46.93000030517578,47.1349983215332,1336023.0
2026-07-08T15:30:00-04:00,47.1349983215332,47.40999984741211,47.06999969482422,47.40999984741211,2566275.0
2026-07-09T09:30:00-04:00,47.380001068115234,47.54999923706055,46.959999084472656,47.380001068115234,1465133.0
2026-07-09T10:30:00-04:00,47.380001068115234,47.4296989440918,47.11000061035156,47.21500015258789,908243.0
2026-07-09T11:30:00-04:00,47.21500015258789,47.51499938964844,47.130001068115234,47.375,1028469.0
2026-07-09T12:30:00-04:00,47.369998931884766,47.369998931884766,47.189998626708984,47.29499816894531,847617.0
2026-07-09T13:30:00-04:00,47.29499816894531,47.435001373291016,47.220001220703125,47.369998931884766,645879.0
2026-07-09T14:30:00-04:00,47.369998931884766,47.3849983215332,47.220001220703125,47.2400016784668,1692699.0
2026-07-09T15:30:00-04:00,47.2400016784668,47.345001220703125,47.125,47.255001068115234,1155297.0
2026-07-10T09:30:00-04:00,47.400001525878906,48.040000915527344,47.33000183105469,47.849998474121094,1129405.0
2026-07-10T10:30:00-04:00,47.845001220703125,47.93000030517578,47.689998626708984,47.75,1132638.0
2026-07-10T11:30:00-04:00,47.744998931884766,47.810001373291016,47.630001068115234,47.67499923706055,960655.0
2026-07-10T12:30:00-04:00,47.68000030517578,47.89500045776367,47.63999938964844,47.79499816894531,436188.0
2026-07-10T13:30:00-04:00,47.79999923706055,47.82500076293945,47.630001068115234,47.650001525878906,471648.0
2026-07-10T14:30:00-04:00,47.65999984741211,47.790000915527344,47.61000061035156,47.75,631061.0
2026-07-10T15:30:00-04:00,47.7400016784668,47.80500030517578,47.68000030517578,47.77000045776367,1254995.0
2026-07-13T09:30:00-04:00,48.369998931884766,48.72999954223633,47.90999984741211,48.13999938964844,1203562.0
2026-07-13T10:30:00-04:00,48.099998474121094,48.400001525878906,48.06999969482422,48.10499954223633,690426.0
2026-07-13T11:30:00-04:00,48.11000061035156,48.209999084472656,47.90999984741211,47.90999984741211,799501.0
2026-07-13T12:30:00-04:00,47.91999816894531,47.92499923706055,47.599998474121094,47.630001068115234,1040943.0
2026-07-13T13:30:00-04:00,47.630001068115234,47.814998626708984,47.59000015258789,47.755001068115234,713075.0
2026-07-13T14:30:00-04:00,47.755001068115234,47.779998779296875,47.46500015258789,47.46500015258789,815306.0
2026-07-13T15:30:00-04:00,47.46500015258789,47.48189926147461,47.29999923706055,47.36000061035156,1275316.0
2026-07-14T09:30:00-04:00,48.099998474121094,48.459999084472656,47.45000076293945,47.560001373291016,1324406.0
2026-07-14T10:30:00-04:00,47.54999923706055,47.56999969482422,47.15999984741211,47.275001525878906,907266.0
2026-07-14T11:30:00-04:00,47.27000045776367,47.5099983215332,47.2400016784668,47.45500183105469,692273.0
2026-07-14T12:30:00-04:00,47.459999084472656,47.505001068115234,47.380001068115234,47.400001525878906,421756.0
2026-07-14T13:30:00-04:00,47.40999984741211,47.4900016784668,47.345001220703125,47.46609878540039,491998.0
2026-07-14T14:30:00-04:00,47.470001220703125,47.4900016784668,47.290000915527344,47.31999969482422,758143.0
2026-07-14T15:30:00-04:00,47.33000183105469,47.599998474121094,47.31999969482422,47.564998626708984,1048216.0
2026-07-15T09:30:00-04:00,47.70000076293945,48.029998779296875,47.4900016784668,47.4900016784668,996463.0
2026-07-15T10:30:00-04:00,47.47999954223633,47.67499923706055,46.98500061035156,47.06999969482422,1219622.0
2026-07-15T11:30:00-04:00,47.05500030517578,47.095001220703125,46.83000183105469,46.90999984741211,767354.0
2026-07-15T12:30:00-04:00,46.915000915527344,47.334999084472656,46.90999984741211,47.275001525878906,672422.0
2026-07-15T13:30:00-04:00,47.275001525878906,47.525001525878906,47.22999954223633,47.46500015258789,546648.0
2026-07-15T14:30:00-04:00,47.46500015258789,47.654998779296875,47.310001373291016,47.564998626708984,1133381.0
2026-07-15T15:30:00-04:00,47.564998626708984,47.709999084472656,47.52000045776367,47.560001373291016,1330306.0
2026-07-16T09:30:00-04:00,47.2400016784668,47.7400016784668,47.20000076293945,47.45500183105469,702335.0
2026-07-16T10:30:00-04:00,47.45000076293945,47.470001220703125,47.06999969482422,47.1150016784668,852260.0
2026-07-16T11:30:00-04:00,47.1150016784668,47.290000915527344,47.09000015258789,47.14500045776367,494690.0
2026-07-16T12:30:00-04:00,47.14500045776367,47.23500061035156,46.8849983215332,46.8922004699707,505519.0
2026-07-16T13:30:00-04:00,46.88999938964844,47.189998626708984,46.849998474121094,47.130001068115234,758190.0
2026-07-16T14:30:00-04:00,47.130001068115234,47.15999984741211,46.94499969482422,47.064998626708984,769880.0
2026-07-16T15:30:00-04:00,47.064998626708984,47.209999084472656,46.970001220703125,47.08000183105469,931744.0
2026-07-17T09:30:00-04:00,47.0,47.290000915527344,46.630001068115234,46.935001373291016,2670885.0
2026-07-17T10:30:00-04:00,46.91999816894531,46.9900016784668,46.42499923706055,46.595001220703125,1327880.0
2026-07-17T11:30:00-04:00,46.584999084472656,47.1150016784668,46.51499938964844,46.904998779296875,1321876.0
2026-07-17T12:30:00-04:00,46.90999984741211,47.029998779296875,46.85499954223633,46.994998931884766,789985.0
2026-07-17T13:30:00-04:00,46.9900016784668,47.025001525878906,46.77000045776367,46.834999084472656,834910.0
2026-07-17T14:30:00-04:00,46.834999084472656,47.02000045776367,46.779998779296875,46.9900016784668,845403.0
2026-07-17T15:30:00-04:00,46.97999954223633,47.040000915527344,46.900001525878906,46.9900016784668,1839926.0
2026-07-20T09:30:00-04:00,47.0,47.22999954223633,46.59000015258789,46.869998931884766,1887962.0
2026-07-20T10:30:00-04:00,46.8650016784668,46.94990158081055,46.65999984741211,46.810001373291016,1212472.0
2026-07-20T11:30:00-04:00,46.80500030517578,46.900001525878906,46.75,46.85499954223633,846427.0
2026-07-20T12:30:00-04:00,46.86000061035156,46.900001525878906,46.7400016784668,46.79990005493164,827878.0
2026-07-20T13:30:00-04:00,46.79999923706055,46.86000061035156,46.72999954223633,46.78499984741211,826583.0
2026-07-20T14:30:00-04:00,46.78499984741211,46.82500076293945,46.540000915527344,46.560001373291016,1207554.0
2026-07-20T15:30:00-04:00,46.55500030517578,46.55500030517578,46.30500030517578,46.38999938964844,1914058.0
2026-07-21T09:30:00-04:00,46.15999984741211,46.220001220703125,45.180599212646484,45.72999954223633,2933175.0
2026-07-21T10:30:00-04:00,45.720001220703125,46.290000915527344,45.720001220703125,46.26499938964844,1223993.0
2026-07-21T11:30:00-04:00,46.27000045776367,46.459999084472656,46.185001373291016,46.435001373291016,833075.0
2026-07-21T12:30:00-04:00,46.435001373291016,46.525001525878906,46.349998474121094,46.36000061035156,688731.0
2026-07-21T13:30:00-04:00,46.3650016784668,46.70500183105469,46.349998474121094,46.67499923706055,720652.0
2026-07-21T14:30:00-04:00,46.67499923706055,46.724998474121094,46.560001373291016,46.64500045776367,870515.0
2026-07-21T15:30:00-04:00,46.63999938964844,46.709999084472656,46.48500061035156,46.59000015258789,1481575.0
2026-07-22T09:30:00-04:00,47.150001525878906,47.779998779296875,47.150001525878906,47.720001220703125,1568617.0
2026-07-22T10:30:00-04:00,47.720001220703125,47.869998931884766,47.529998779296875,47.65999984741211,1403812.0
2026-07-22T11:30:00-04:00,47.65999984741211,47.724998474121094,47.40999984741211,47.525001525878906,1185616.0
2026-07-22T12:30:00-04:00,47.529998779296875,47.595001220703125,47.400001525878906,47.459999084472656,940997.0
2026-07-22T13:30:00-04:00,47.474998474121094,47.650001525878906,47.45000076293945,47.59000015258789,2190349.0
2026-07-22T14:30:00-04:00,47.584999084472656,47.625,47.45000076293945,47.51499938964844,1161463.0
2026-07-22T15:30:00-04:00,47.51499938964844,47.72999954223633,47.5,47.66999816894531,1985938.0
2026-07-23T09:30:00-04:00,48.04999923706055,48.625,48.0,48.29999923706055,2302972.0
2026-07-23T10:30:00-04:00,48.29999923706055,48.38999938964844,47.880001068115234,47.880001068115234,1284319.0
2026-07-23T11:30:00-04:00,47.880001068115234,47.8849983215332,47.54499816894531,47.63999938964844,900139.0
2026-07-23T12:30:00-04:00,47.63999938964844,47.69499969482422,47.369998931884766,47.41999816894531,981835.0
2026-07-23T13:30:00-04:00,47.41999816894531,47.54890060424805,47.31999969482422,47.439998626708984,878383.0
2026-07-23T14:30:00-04:00,47.439998626708984,47.5099983215332,47.2599983215332,47.33000183105469,1618962.0
2026-07-23T15:30:00-04:00,47.334999084472656,47.34000015258789,47.14500045776367,47.189998626708984,2150963.0
2026-07-24T09:30:00-04:00,50.06999969482422,51.939998626708984,49.7400016784668,51.66999816894531,9168452.0
2026-07-24T10:30:00-04:00,51.66999816894531,52.02000045776367,51.43000030517578,51.81999969482422,4432682.0
2026-07-24T11:30:00-04:00,51.810001373291016,52.0099983215332,51.53499984741211,51.810001373291016,2101575.0
2026-07-24T12:30:00-04:00,51.810001373291016,52.22999954223633,51.75,52.125,2277863.0
2026-07-24T13:30:00-04:00,52.130001068115234,52.474998474121094,52.025001525878906,52.439998626708984,1534231.0
2026-07-24T14:30:00-04:00,52.44499969482422,52.58000183105469,52.14500045776367,52.540000915527344,2660980.0
2026-07-24T15:30:00-04:00,52.54499816894531,52.5890007019043,51.900001525878906,52.45500183105469,4069962.0
2026-07-27T09:30:00-04:00,52.29999923706055,53.20000076293945,52.119998931884766,52.59000015258789,3655327.0
2026-07-27T10:30:00-04:00,52.61000061035156,52.66999816894531,52.20000076293945,52.334999084472656,2260841.0
2026-07-27T11:30:00-04:00,52.31999969482422,52.72999954223633,52.25,52.54999923706055,1096348.0
2026-07-27T12:30:00-04:00,52.540000915527344,52.599998474121094,52.244998931884766,52.279998779296875,1180054.0
2026-07-27T13:30:00-04:00,52.275001525878906,52.5,52.2599983215332,52.314998626708984,1054324.0
2026-07-27T14:30:00-04:00,52.314998626708984,52.314998626708984,51.56999969482422,51.619998931884766,1721069.0
2026-07-27T15:30:00-04:00,51.619998931884766,51.7599983215332,51.43000030517578,51.53499984741211,3079791.0
2026-07-28T09:30:00-04:00,51.630001068115234,51.95000076293945,51.119998931884766,51.18000030517578,2163897.0
2026-07-28T10:30:00-04:00,51.189998626708984,51.88999938964844,50.95000076293945,51.06999969482422,1693304.0
2026-07-28T11:30:00-04:00,51.07500076293945,51.099998474121094,50.38010025024414,50.459999084472656,2318227.0
2026-07-28T12:30:00-04:00,50.45500183105469,50.70500183105469,50.20500183105469,50.39500045776367,1476666.0
2026-07-28T13:30:00-04:00,50.38999938964844,50.51499938964844,50.15999984741211,50.29499816894531,958909.0
2026-07-28T14:30:00-04:00,50.29499816894531,50.30500030517578,50.04999923706055,50.1349983215332,1373014.0
2026-07-28T15:30:00-04:00,50.1349983215332,50.15010070800781,49.875,49.97999954223633,2373369.0
2026-07-29T09:30:00-04:00,50.779998779296875,51.31999969482422,50.15999984741211,50.25,2070491.0
2026-07-29T10:30:00-04:00,50.2400016784668,50.36000061035156,49.72119903564453,49.82500076293945,1365881.0
2026-07-29T11:30:00-04:00,49.82500076293945,49.82500076293945,49.250099182128906,49.38999938964844,1359138.0
2026-07-29T12:30:00-04:00,49.38999938964844,49.43000030517578,49.23500061035156,49.33000183105469,719455.0
2026-07-29T13:30:00-04:00,49.32500076293945,49.619998931884766,49.255001068115234,49.375,1114641.0
2026-07-29T14:30:00-04:00,49.375,49.89500045776367,49.33000183105469,49.51499938964844,1501244.0
2026-07-29T15:30:00-04:00,49.5099983215332,49.5099983215332,48.959999084472656,48.96500015258789,2112115.0
2026-07-30T09:30:00-04:00,49.2599983215332,49.7067985534668,48.52000045776367,48.619998931884766,1577813.0
2026-07-30T10:30:00-04:00,48.599998474121094,48.82500076293945,48.375,48.40999984741211,1744988.0
2026-07-30T11:30:00-04:00,48.40999984741211,48.900001525878906,48.400001525878906,48.834999084472656,1002071.0
2026-07-30T12:30:00-04:00,48.834999084472656,49.025001525878906,48.814998626708984,48.86000061035156,508861.0
2026-07-30T13:30:00-04:00,48.849998474121094,48.959999084472656,48.65999984741211,48.77989959716797,924765.0
2026-07-30T14:30:00-04:00,48.775001525878906,48.817501068115234,48.53499984741211,48.60499954223633,1804024.0
2026-07-30T15:30:00-04:00,48.60499954223633,48.95750045776367,48.59000015258789,48.91999816894531,2002034.0
2026-07-31T09:30:00-04:00,49.439998626708984,49.95000076293945,48.369998931884766,48.709999084472656,2191764.0
2026-07-31T10:30:00-04:00,48.70500183105469,49.40999984741211,48.70090103149414,49.290000915527344,967504.0
2026-07-31T11:30:00-04:00,49.28499984741211,49.29499816894531,49.05500030517578,49.22999954223633,1473074.0
2026-07-31T12:30:00-04:00,49.22999954223633,49.650001525878906,49.22999954223633,49.525001525878906,1317743.0
2026-07-31T13:30:00-04:00,49.525001525878906,49.56999969482422,49.3650016784668,49.39500045776367,1058949.0
2026-07-31T14:30:00-04:00,49.39500045776367,49.73500061035156,49.35499954223633,49.625,1005544.0
2026-07-31T15:30:00-04:00,49.625,49.849998474121094,49.53499984741211,49.599998474121094,2217243.0
2026-08-03T09:30:00-04:00,49.02000045776367,49.51499938964844,48.29999923706055,49.4900016784668,2649735.0
2026-08-03T10:30:00-04:00,49.4900016784668,49.744998931884766,49.150001525878906,49.459999084472656,1864988.0
2026-08-03T11:30:00-04:00,49.45500183105469,49.564998626708984,49.20000076293945,49.38999938964844,1131089.0
2026-08-03T12:30:00-04:00,49.38999938964844,49.41999816894531,49.150001525878906,49.16999816894531,812638.0
2026-08-03T13:30:00-04:00,49.16999816894531,49.279998779296875,49.1150016784668,49.20000076293945,942995.0
2026-08-03T14:30:00-04:00,49.20500183105469,49.23500061035156,48.900001525878906,49.07419967651367,1392350.0
2026-08-03T15:30:00-04:00,49.07500076293945,49.400001525878906,49.0,49.314998626708984,1752018.0
2026-08-04T09:30:00-04:00,48.81999969482422,50.375,48.81999969482422,50.150001525878906,1703557.0
2026-08-04T10:30:00-04:00,50.14500045776367,50.470001220703125,50.040000915527344,50.41999816894531,955497.0
2026-08-04T11:30:00-04:00,50.41999816894531,50.619998931884766,50.16999816894531,50.47999954223633,1190387.0
2026-08-04T12:30:00-04:00,50.47100067138672,50.779998779296875,50.415000915527344,50.7400016784668,1128068.0
2026-08-04T13:30:00-04:00,50.73500061035156,50.845001220703125,50.59000015258789,50.70000076293945,928678.0
2026-08-04T14:30:00-04:00,50.689998626708984,50.82500076293945,50.619998931884766,50.650001525878906,1184905.0
2026-08-04T15:30:00-04:00,50.654998779296875,50.91999816894531,50.584999084472656,50.81999969482422,1546925.0
2026-08-05T09:30:00-04:00,51.099998474121094,51.279998779296875,50.350101470947266,50.691001892089844,1411055.0
2026-08-05T10:30:00-04:00,50.709999084472656,50.724998474121094,50.095001220703125,50.10499954223633,1107740.0
2026-08-05T11:30:00-04:00,50.11000061035156,50.369998931884766,50.06999969482422,50.21500015258789,692116.0
2026-08-05T12:30:00-04:00,50.21500015258789,50.279998779296875,50.150001525878906,50.255001068115234,563186.0
2026-08-05T13:30:00-04:00,50.25,50.51499938964844,50.154998779296875,50.41999816894531,617883.0
2026-08-05T14:30:00-04:00,50.42499923706055,50.42499923706055,50.02000045776367,50.04999923706055,1725757.0
2026-08-05T15:30:00-04:00,50.05099868774414,50.22600173950195,49.90999984741211,49.91999816894531,1741462.0
2026-08-06T09:30:00-04:00,50.720001220703125,51.470001220703125,50.63249969482422,51.349998474121094,1539183.0
2026-08-06T10:30:00-04:00,51.36000061035156,52.25,51.349998474121094,52.13999938964844,1870087.0
2026-08-06T11:30:00-04:00,52.150001525878906,52.43000030517578,52.02000045776367,52.13999938964844,1006297.0
2026-08-06T12:30:00-04:00,52.14500045776367,52.150001525878906,51.8849983215332,51.88999938964844,837371.0
2026-08-06T13:30:00-04:00,51.89500045776367,51.974998474121094,51.72999954223633,51.810001373291016,961196.0
2026-08-06T14:30:00-04:00,51.810001373291016,52.125,51.71500015258789,51.98500061035156,1432892.0
2026-08-06T15:30:00-04:00,51.98500061035156,52.025001525878906,51.5,51.560001373291016,1904503.0
2026-08-07T09:30:00-04:00,51.04999923706055,51.67499923706055,51.0093994140625,51.53499984741211,1439956.0
2026-08-07T10:30:00-04:00,51.529998779296875,51.7150993347168,51.099998474121094,51.650001525878906,1087607.0
2026-08-07T11:30:00-04:00,51.65999984741211,51.66999816894531,51.22999954223633,51.2400016784668,947192.0
2026-08-07T12:30:00-04:00,51.25,51.29999923706055,51.04999923706055,51.13999938964844,464277.0
2026-08-07T13:30:00-04:00,51.14500045776367,51.150001525878906,50.63999938964844,50.64500045776367,585214.0
2026-08-07T14:30:00-04:00,50.64899826049805,50.689998626708984,50.3849983215332,50.46500015258789,871740.0
2026-08-07T15:30:00-04:00,50.46500015258789,50.55500030517578,50.279998779296875,50.52000045776367,1494704.0
2026-08-10T09:30:00-04:00,50.7599983215332,51.845001220703125,50.66999816894531,51.76499938964844,1559258.0
2026-08-10T10:30:00-04:00,51.77000045776367,52.36000061035156,51.72010040283203,52.31999969482422,1056919.0
2026-08-10T11:30:00-04:00,52.33000183105469,52.47999954223633,52.279998779296875,52.39500045776367,792332.0
2026-08-10T12:30:00-04:00,52.38999938964844,52.709999084472656,52.32749938964844,52.505001068115234,744534.0
2026-08-10T13:30:00-04:00,52.505001068115234,52.91999816894531,52.4900016784668,52.845001220703125,991131.0
2026-08-10T14:30:00-04:00,52.845001220703125,53.22999954223633,52.779998779296875,53.185001373291016,1044242.0
2026-08-10T15:30:00-04:00,53.185001373291016,53.20000076293945,52.959999084472656,53.20000076293945,1605780.0
2026-08-11T09:30:00-04:00,53.47999954223633,53.9900016784668,53.040000915527344,53.86000061035156,1195543.0
2026-08-11T10:30:00-04:00,53.869998931884766,53.880001068115234,53.28499984741211,53.32500076293945,800266.0
2026-08-11T11:30:00-04:00,53.32500076293945,53.72999954223633,53.32500076293945,53.5,693422.0
2026-08-11T12:30:00-04:00,53.47999954223633,53.47999954223633,53.310001373291016,53.31999969482422,696820.0
2026-08-11T13:30:00-04:00,53.31999969482422,53.6349983215332,53.22999954223633,53.470001220703125,1237722.0
2026-08-11T14:30:00-04:00,53.470001220703125,53.60900115966797,53.40999984741211,53.53499984741211,788951.0
2026-08-11T15:30:00-04:00,53.529998779296875,53.7400016784668,53.29499816894531,53.689998626708984,1302806.0
2026-08-12T09:30:00-04:00,53.25,53.45000076293945,52.79999923706055,52.935001373291016,1118570.0
2026-08-12T10:30:00-04:00,52.93000030517578,53.130001068115234,52.79499816894531,52.91999816894531,1041322.0
2026-08-12T11:30:00-04:00,52.91999816894531,53.040000915527344,52.685001373291016,52.88999938964844,566410.0
2026-08-12T12:30:00-04:00,52.880001068115234,53.029998779296875,52.790000915527344,52.839900970458984,542078.0
2026-08-12T13:30:00-04:00,52.83000183105469,52.959999084472656,52.77000045776367,52.95000076293945,631001.0
2026-08-12T14:30:00-04:00,52.939998626708984,53.04999923706055,52.834999084472656,52.94499969482422,890291.0
2026-08-12T15:30:00-04:00,52.95000076293945,52.959999084472656,52.525001525878906,52.61000061035156,1919454.0
2026-08-13T09:30:00-04:00,52.0,52.400001525878906,51.599998474121094,51.875,1200322.0
2026-08-13T10:30:00-04:00,51.880001068115234,52.439998626708984,51.81999969482422,52.400001525878906,544139.0
2026-08-13T11:30:00-04:00,52.39500045776367,52.39500045776367,52.005001068115234,52.11000061035156,517174.0
2026-08-13T12:30:00-04:00,52.11000061035156,52.13999938964844,51.935001373291016,52.11000061035156,415794.0
2026-08-13T13:30:00-04:00,52.10499954223633,52.14500045776367,51.91450119018555,52.029998779296875,556597.0
2026-08-13T14:30:00-04:00,52.03499984741211,52.09000015258789,51.970001220703125,52.03499984741211,540056.0
2026-08-13T15:30:00-04:00,52.03499984741211,52.279998779296875,51.7599983215332,52.04999923706055,2175932.0
2026-08-14T09:30:00-04:00,52.27000045776367,53.66999816894531,52.19499969482422,53.65999984741211,1251015.0
2026-08-14T10:30:00-04:00,53.665000915527344,53.790000915527344,53.3849983215332,53.685001373291016,867618.0
2026-08-14T11:30:00-04:00,53.70000076293945,53.869998931884766,53.68050003051758,53.73899841308594,776991.0
2026-08-14T12:30:00-04:00,53.7400016784668,53.875,53.69499969482422,53.779998779296875,450068.0
2026-08-14T13:30:00-04:00,53.775001525878906,53.849998474121094,53.53499984741211,53.755001068115234,1077429.0
2026-08-14T14:30:00-04:00,53.755001068115234,53.98500061035156,53.73099899291992,53.75,662404.0
2026-08-14T15:30:00-04:00,53.7400016784668,53.91999816894531,53.619998931884766,53.76499938964844,2168351.0
2026-08-17T09:30:00-04:00,53.97999954223633,54.0,53.220001220703125,53.42499923706055,926828.0
2026-08-17T10:30:00-04:00,53.43000030517578,53.5,53.07500076293945,53.209999084472656,525293.0
2026-08-17T11:30:00-04:00,53.209999084472656,53.38999938964844,53.119998931884766,53.36000061035156,427759.0
2026-08-17T12:30:00-04:00,53.35219955444336,53.470001220703125,53.34000015258789,53.4474983215332,374949.0
2026-08-17T13:30:00-04:00,53.44499969482422,53.64720153808594,53.33000183105469,53.60499954223633,531721.0
2026-08-17T14:30:00-04:00,53.599998474121094,53.76499938964844,53.564998626708984,53.63999938964844,765677.0
2026-08-17T15:30:00-04:00,53.63999938964844,53.959999084472656,53.599998474121094,53.8849983215332,1318289.0
2026-08-18T09:30:00-04:00,54.060001373291016,54.58000183105469,53.84000015258789,53.875,1110159.0
2026-08-18T10:30:00-04:00,53.875,54.02000045776367,53.494998931884766,53.619998931884766,669822.0
2026-08-18T11:30:00-04:00,53.6349983215332,53.68830108642578,53.279998779296875,53.349998474121094,440794.0
2026-08-18T12:30:00-04:00,53.345001220703125,53.369998931884766,53.18000030517578,53.21200180053711,347638.0
2026-08-18T13:30:00-04:00,53.220001220703125,53.3650016784668,53.189998626708984,53.334999084472656,326118.0
2026-08-18T14:30:00-04:00,53.334999084472656,53.41999816894531,53.28499984741211,53.38999938964844,402467.0
2026-08-18T15:30:00-04:00,53.380001068115234,53.400001525878906,53.17499923706055,53.224998474121094,881187.0
2026-08-19T09:30:00-04:00,53.70000076293945,54.189998626708984,53.349998474121094,53.709999084472656,964744.0
2026-08-19T10:30:00-04:00,53.71500015258789,53.820098876953125,53.540000915527344,53.70500183105469,901667.0
2026-08-19T11:30:00-04:00,53.709999084472656,53.720001220703125,53.349998474121094,53.40999984741211,680490.0
2026-08-19T12:30:00-04:00,53.415000915527344,53.619998931884766,53.349998474121094,53.39500045776367,488859.0
2026-08-19T13:30:00-04:00,53.39500045776367,53.400001525878906,53.06169891357422,53.2400016784668,579126.0
2026-08-19T14:30:00-04:00,53.23500061035156,53.44499969482422,53.185001373291016,53.334999084472656,608336.0
2026-08-19T15:30:00-04:00,53.34000015258789,53.630001068115234,53.26499938964844,53.57500076293945,1393460.0
2026-08-20T09:30:00-04:00,53.869998931884766,54.33000183105469,53.810001373291016,53.900001525878906,1246717.0
2026-08-20T10:30:00-04:00,53.91999816894531,54.26499938964844,53.849998474121094,54.09000015258789,729898.0
2026-08-20T11:30:00-04:00,54.09000015258789,54.11000061035156,53.584999084472656,53.61000061035156,601025.0
2026-08-20T12:30:00-04:00,53.60499954223633,53.73500061035156,53.5343017578125,53.619998931884766,408108.0
2026-08-20T13:30:00-04:00,53.625,53.80500030517578,53.59000015258789,53.79499816894531,442245.0
2026-08-20T14:30:00-04:00,53.79100036621094,53.814998626708984,53.650001525878906,53.650001525878906,519630.0
2026-08-20T15:30:00-04:00,53.654998779296875,53.72999954223633,53.525001525878906,53.56999969482422,1084405.0
2026-08-21T09:30:00-04:00,54.0,54.150001525878906,53.34000015258789,53.349998474121094,1712726.0
2026-08-21T10:30:00-04:00,53.334999084472656,53.630001068115234,53.189998626708984,53.244998931884766,632822.0
2026-08-21T11:30:00-04:00,53.2599983215332,53.77000045776367,53.2599983215332,53.595001220703125,679464.0
2026-08-21T12:30:00-04:00,53.599998474121094,53.79499816894531,53.54999923706055,53.599998474121094,514098.0
2026-08-21T13:30:00-04:00,53.599998474121094,53.814998626708984,53.53499984741211,53.775001525878906,623421.0
2026-08-21T14:30:00-04:00,53.775001525878906,53.849998474121094,53.70000076293945,53.80500030517578,514679.0
2026-08-21T15:30:00-04:00,53.810001373291016,54.0,53.810001373291016,53.869998931884766,945698.0
2026-08-24T09:30:00-04:00,53.619998931884766,53.91999816894531,52.689998626708984,52.859901428222656,987148.0
2026-08-24T10:30:00-04:00,52.86000061035156,53.03499984741211,52.52000045776367,52.79999923706055,1219593.0
2026-08-24T11:30:00-04:00,52.79999923706055,53.17499923706055,52.70500183105469,53.16999816894531,850368.0
2026-08-24T12:30:00-04:00,53.165000915527344,53.525001525878906,53.02000045776367,53.4900016784668,1010333.0
2026-08-24T13:30:00-04:00,53.4900016784668,53.744998931884766,53.380001068115234,53.73500061035156,823994.0
2026-08-24T14:30:00-04:00,53.72999954223633,53.95000076293945,53.69499969482422,53.91510009765625,901443.0
2026-08-24T15:30:00-04:00,53.915000915527344,54.084999084472656,53.880001068115234,54.005001068115234,1162735.0
2026-08-25T09:30:00-04:00,53.599998474121094,54.400001525878906,53.39500045776367,53.744998931884766,1407111.0
2026-08-25T10:30:00-04:00,53.75,54.11000061035156,53.65999984741211,54.11000061035156,838376.0
2026-08-25T11:30:00-04:00,54.119998931884766,54.18000030517578,53.560001373291016,53.599998474121094,796207.0
2026-08-25T12:30:00-04:00,53.60499954223633,53.61000061035156,53.189998626708984,53.20500183105469,387141.0
2026-08-25T13:30:00-04:00,53.20500183105469,54.900001525878906,52.959999084472656,53.41999816894531,2714441.0
2026-08-25T14:30:00-04:00,53.40999984741211,53.665000915527344,53.130001068115234,53.255001068115234,1047191.0
2026-08-25T15:30:00-04:00,53.255001068115234,53.345001220703125,53.125,53.29999923706055,1371909.0
2026-08-26T09:30:00-04:00,52.54999923706055,53.875,51.97999954223633,53.7400016784668,1604152.0
2026-08-26T10:30:00-04:00,53.7400016784668,53.90999984741211,53.39500045776367,53.47999954223633,947929.0
2026-08-26T11:30:00-04:00,53.47999954223633,53.755001068115234,53.2400016784668,53.560001373291016,819270.0
2026-08-26T12:30:00-04:00,53.560001373291016,53.58000183105469,53.349998474121094,53.3650016784668,560232.0
2026-08-26T13:30:00-04:00,53.3650016784668,53.43000030517578,53.11000061035156,53.275001525878906,594427.0
2026-08-26T14:30:00-04:00,53.275001525878906,53.59000015258789,53.20500183105469,53.529998779296875,641554.0
2026-08-26T15:30:00-04:00,53.540000915527344,53.70500183105469,53.52000045776367,53.599998474121094,1166851.0
2026-08-27T09:30:00-04:00,53.16999816894531,54.02000045776367,53.08000183105469,53.650001525878906,1142743.0
2026-08-27T10:30:00-04:00,53.65999984741211,53.95500183105469,53.619998931884766,53.90999984741211,902936.0
2026-08-27T11:30:00-04:00,53.915000915527344,54.0099983215332,53.58000183105469,53.58000183105469,626429.0
2026-08-27T12:30:00-04:00,53.564998626708984,54.9900016784668,53.55500030517578,54.70000076293945,1890255.0
2026-08-27T13:30:00-04:00,54.709999084472656,55.8849983215332,54.66999816894531,55.59000015258789,3475439.0
2026-08-27T14:30:00-04:00,55.584999084472656,55.8650016784668,55.415000915527344,55.67499923706055,1636325.0
2026-08-27T15:30:00-04:00,55.67499923706055,55.79999923706055,54.904998779296875,55.01499938964844,2655530.0
2026-08-28T09:30:00-04:00,54.810001373291016,55.95000076293945,54.667701721191406,55.56999969482422,3073268.0
2026-08-28T10:30:00-04:00,55.56999969482422,56.119998931884766,55.56999969482422,55.94499969482422,1640435.0
2026-08-28T11:30:00-04:00,55.94049835205078,56.334999084472656,55.834999084472656,56.275001525878906,1614727.0
2026-08-28T12:30:00-04:00,56.279998779296875,56.845001220703125,56.265201568603516,56.73500061035156,1686240.0
2026-08-28T13:30:00-04:00,56.73500061035156,57.27000045776367,56.400001525878906,57.04999923706055,2381418.0
2026-08-28T14:30:00-04:00,57.04499816894531,57.314998626708984,56.974998474121094,57.1150016784668,1969680.0
2026-08-28T15:30:00-04:00,57.1150016784668,57.41999816894531,56.959999084472656,57.32500076293945,2883015.0
2026-08-31T09:30:00-04:00,58.185001373291016,60.459999084472656,57.970001220703125,59.23500061035156,6322378.0
2026-08-31T10:30:00-04:00,59.2400016784668,59.439998626708984,58.29999923706055,58.68000030517578,3155752.0
2026-08-31T11:30:00-04:00,58.68000030517578,58.880001068115234,58.474998474121094,58.61000061035156,1945453.0
2026-08-31T12:30:00-04:00,58.61000061035156,59.005001068115234,58.41999816894531,58.95000076293945,1585293.0
2026-08-31T13:30:00-04:00,58.939998626708984,59.560001373291016,58.81999969482422,59.540000915527344,2054823.0
2026-08-31T14:30:00-04:00,59.54999923706055,60.150001525878906,59.3849983215332,60.133026123046875,3421213.0
2026-08-31T15:30:00-04:00,60.13999938964844,60.369998931884766,59.834999084472656,60.130001068115234,4695250.0
2026-09-01T09:30:00-04:00,60.0,60.18000030517578,58.560001373291016,58.650001525878906,3980915.0
2026-09-01T10:30:00-04:00,58.654998779296875,58.8650016784668,58.095001220703125,58.58000183105469,2161187.0
2026-09-01T11:30:00-04:00,58.57500076293945,58.814998626708984,57.97999954223633,58.119998931884766,1313852.0
2026-09-01T12:30:00-04:00,58.1150016784668,58.220001220703125,57.810001373291016,57.94499969482422,1165672.0
2026-09-01T13:30:00-04:00,57.939998626708984,58.05500030517578,57.650001525878906,57.775001525878906,1258930.0
2026-09-01T14:30:00-04:00,57.77009963989258,58.0,57.689998626708984,57.779998779296875,1530510.0
2026-09-01T15:30:00-04:00,57.790000915527344,57.79499816894531,57.06999969482422,57.150001525878906,3618196.0
2026-09-02T09:30:00-04:00,56.654998779296875,57.56999969482422,56.29999923706055,57.06999969482422,1985807.0
2026-09-02T10:30:00-04:00,57.06999969482422,58.18000030517578,57.044700622558594,58.1150016784668,1793320.0
2026-09-02T11:30:00-04:00,58.119998931884766,58.470001220703125,57.849998474121094,58.0099983215332,1367436.0
2026-09-02T12:30:00-04:00,58.005001068115234,58.154998779296875,57.869998931884766,57.95000076293945,1045272.0
2026-09-02T13:30:00-04:00,57.94499969482422,58.25,57.939998626708984,58.16999816894531,1322547.0
2026-09-02T14:30:00-04:00,58.16999816894531,58.369998931884766,58.1150016784668,58.33000183105469,1401398.0
2026-09-02T15:30:00-04:00,58.31999969482422,58.33000183105469,57.95000076293945,58.14500045776367,1657846.0
2026-09-03T09:30:00-04:00,58.16999816894531,59.36000061035156,58.13999938964844,58.6150016784668,1775405.0
2026-09-03T10:30:00-04:00,58.61000061035156,58.755001068115234,58.150001525878906,58.349998474121094,1086011.0
2026-09-03T11:30:00-04:00,58.369998931884766,58.470001220703125,57.88999938964844,57.9900016784668,791446.0
2026-09-03T12:30:00-04:00,57.994998931884766,58.03499984741211,57.63999938964844,57.849998474121094,735774.0
2026-09-03T13:30:00-04:00,57.849998474121094,57.96500015258789,57.64500045776367,57.685001373291016,503479.0
2026-09-03T14:30:00-04:00,57.66999816894531,57.685001373291016,57.26100158691406,57.41999816894531,804461.0
2026-09-03T15:30:00-04:00,57.415000915527344,57.70500183105469,57.33000183105469,57.43000030517578,1222179.0
2026-09-04T09:30:00-04:00,57.0,57.04999923706055,56.2400016784668,56.689998626708984,1677902.0
2026-09-04T10:30:00-04:00,56.685001373291016,56.88999938964844,56.52000045776367,56.779998779296875,813274.0
2026-09-04T11:30:00-04:00,56.775001525878906,57.15999984741211,56.69499969482422,57.04999923706055,920862.0
2026-09-04T12:30:00-04:00,57.04499816894531,57.17499923706055,56.94499969482422,57.07500076293945,484156.0
2026-09-04T13:30:00-04:00,57.07500076293945,57.209999084472656,56.97999954223633,56.994998931884766,527758.0
2026-09-04T14:30:00-04:00,57.0,57.29999923706055,56.994998931884766,57.20000076293945,687100.0
2026-09-04T15:30:00-04:00,57.189998626708984,57.54999923706055,57.18000030517578,57.5099983215332,1030835.0
2026-09-08T09:30:00-04:00,57.810001373291016,58.470001220703125,57.59000015258789,58.279998779296875,1016347.0
2026-09-08T10:30:00-04:00,58.27000045776367,58.39500045776367,58.040000915527344,58.04999923706055,945316.0
2026-09-08T11:30:00-04:00,58.060001373291016,58.14500045776367,57.70000076293945,57.81999969482422,1183449.0
2026-09-08T12:30:00-04:00,57.81999969482422,57.834999084472656,56.970001220703125,57.099998474121094,1235159.0
2026-09-08T13:30:00-04:00,57.099998474121094,57.540000915527344,57.099998474121094,57.46500015258789,706627.0
2026-09-08T14:30:00-04:00,57.45000076293945,57.5,57.275001525878906,57.375,1237520.0
2026-09-08T15:30:00-04:00,57.380001068115234,57.40999984741211,57.09000015258789,57.099998474121094,1647279.0
2026-09-09T09:30:00-04:00,58.34000015258789,59.25,58.220001220703125,58.33000183105469,2618012.0
2026-09-09T10:30:00-04:00,58.34000015258789,58.435001373291016,57.56999969482422,57.790000915527344,1546591.0
2026-09-09T11:30:00-04:00,57.78499984741211,57.814998626708984,57.564998626708984,57.70000076293945,800361.0
2026-09-09T12:30:00-04:00,57.69499969482422,57.810001373291016,57.404998779296875,57.70000076293945,551734.0
2026-09-09T13:30:00-04:00,57.709999084472656,57.77000045776367,57.48500061035156,57.55500030517578,531532.0
2026-09-09T14:30:00-04:00,57.560001373291016,57.6349983215332,57.404998779296875,57.459999084472656,782848.0
2026-09-09T15:30:00-04:00,57.46500015258789,57.46500015258789,57.025001525878906,57.060001373291016,1575271.0
2026-09-10T09:30:00-04:00,57.459999084472656,57.560001373291016,55.150001525878906,55.560001373291016,2173267.0
2026-09-10T10:30:00-04:00,55.54010009765625,55.709999084472656,55.380001068115234,55.595001220703125,1400828.0
2026-09-10T11:30:00-04:00,55.595001220703125,55.974998474121094,55.43000030517578,55.91999816894531,908911.0
2026-09-10T12:30:00-04:00,55.91999816894531,56.119998931884766,55.779998779296875,56.06999969482422,764361.0
2026-09-10T13:30:00-04:00,56.08000183105469,56.099998474121094,55.869998931884766,56.064998626708984,603831.0
2026-09-10T14:30:00-04:00,56.060001373291016,56.255001068115234,55.95000076293945,56.1150016784668,758038.0
2026-09-10T15:30:00-04:00,56.11000061035156,56.13999938964844,55.900001525878906,56.0,1288240.0
2026-09-11T09:30:00-04:00,56.6349983215332,56.8650016784668,56.060001373291016,56.150001525878906,956763.0
2026-09-11T10:30:00-04:00,56.165000915527344,56.18000030517578,55.77000045776367,55.959999084472656,1482715.0
2026-09-11T11:30:00-04:00,55.95500183105469,55.96500015258789,55.70000076293945,55.86000061035156,746272.0
2026-09-11T12:30:00-04:00,55.869998931884766,55.915000915527344,55.61000061035156,55.8849983215332,559248.0
2026-09-11T13:30:00-04:00,55.8849983215332,56.04999923706055,55.77000045776367,55.92499923706055,689697.0
2026-09-11T14:30:00-04:00,55.92499923706055,56.095001220703125,55.900001525878906,56.095001220703125,871402.0
2026-09-11T15:30:00-04:00,56.095001220703125,56.189998626708984,55.849998474121094,56.04999923706055,1614827.0
2026-09-14T09:30:00-04:00,55.939998626708984,55.97999954223633,54.50199890136719,54.50199890136719,1668277.0
2026-09-14T10:30:00-04:00,54.5099983215332,54.540000915527344,53.470001220703125,53.66999816894531,1635796.0
2026-09-14T11:30:00-04:00,53.665000915527344,54.01499938964844,53.5,53.97999954223633,858211.0
2026-09-14T12:30:00-04:00,53.98500061035156,54.040000915527344,53.35499954223633,53.40999984741211,948921.0
2026-09-14T13:30:00-04:00,53.40999984741211,53.47999954223633,53.09000015258789,53.36000061035156,728580.0
2026-09-14T14:30:00-04:00,53.35499954223633,53.400001525878906,53.14500045776367,53.22999954223633,922927.0
2026-09-14T15:30:00-04:00,53.224998474121094,53.369998931884766,53.165000915527344,53.314300537109375,1581830.0
2026-09-15T09:30:00-04:00,53.790000915527344,54.0,53.09000015258789,53.685001373291016,1993337.0
2026-09-15T10:30:00-04:00,53.689998626708984,53.95000076293945,53.474998474121094,53.834999084472656,1357896.0
2026-09-15T11:30:00-04:00,53.84000015258789,54.244998931884766,53.75,54.224998474121094,1403878.0
2026-09-15T12:30:00-04:00,54.22999954223633,54.47999954223633,54.11000061035156,54.17499923706055,818931.0
2026-09-15T13:30:00-04:00,54.18000030517578,54.31999969482422,54.005001068115234,54.03499984741211,815146.0
2026-09-15T14:30:00-04:00,54.040000915527344,54.130001068115234,53.96500015258789,54.11000061035156,834357.0
2026-09-15T15:30:00-04:00,54.09000015258789,54.29999923706055,53.91999816894531,54.20000076293945,1450390.0
2026-09-16T09:30:00-04:00,53.720001220703125,53.900001525878906,53.02000045776367,53.150001525878906,1575929.0
2026-09-16T10:30:00-04:00,53.165000915527344,53.27000045776367,52.650001525878906,53.185001373291016,1465600.0
2026-09-16T11:30:00-04:00,53.18000030517578,53.38999938964844,52.974998474121094,53.29999923706055,1510263.0
2026-09-16T12:30:00-04:00,53.29499816894531,53.34000015258789,53.18000030517578,53.209999084472656,888162.0
2026-09-16T13:30:00-04:00,53.20000076293945,53.720001220703125,53.20000076293945,53.3849983215332,1377992.0
2026-09-16T14:30:00-04:00,53.380001068115234,53.400001525878906,51.560001373291016,51.65999984741211,1629143.0
2026-09-16T15:30:00-04:00,51.65999984741211,52.380001068115234,51.650001525878906,52.310001373291016,1438081.0
2026-09-17T09:30:00-04:00,52.45000076293945,52.869998931884766,52.064998626708984,52.24509811401367,1459115.0
2026-09-17T10:30:00-04:00,52.244998931884766,52.36000061035156,51.8650016784668,52.19499969482422,1147844.0
2026-09-17T11:30:00-04:00,52.20000076293945,52.314998626708984,52.084999084472656,52.20500183105469,747019.0
2026-09-17T12:30:00-04:00,52.209999084472656,52.349998474121094,52.04999923706055,52.209999084472656,721553.0
2026-09-17T13:30:00-04:00,52.220001220703125,52.53499984741211,52.17499923706055,52.47999954223633,640171.0
2026-09-17T14:30:00-04:00,52.48500061035156,52.4900016784668,52.224998474121094,52.255001068115234,795419.0
2026-09-17T15:30:00-04:00,52.255001068115234,52.31999969482422,51.97999954223633,52.084999084472656,1358783.0
2026-09-18T09:30:00-04:00,51.779998779296875,51.779998779296875,51.064998626708984,51.38999938964844,3863646.0
2026-09-18T10:30:00-04:00,51.38999938964844,51.540000915527344,51.22999954223633,51.375,798626.0
2026-09-18T11:30:00-04:00,51.380001068115234,51.459999084472656,51.13999938964844,51.18000030517578,687289.0
2026-09-18T12:30:00-04:00,51.18000030517578,51.255001068115234,51.0099983215332,51.14500045776367,700087.0
2026-09-18T13:30:00-04:00,51.150001525878906,51.185001373291016,50.94499969482422,50.98500061035156,733692.0
2026-09-18T14:30:00-04:00,50.98500061035156,50.9900016784668,50.77000045776367,50.845001220703125,898833.0
2026-09-18T15:30:00-04:00,50.84000015258789,51.18000030517578,50.83810043334961,51.125,2029072.0
2026-09-21T09:30:00-04:00,51.119998931884766,51.43000030517578,50.5,50.720001220703125,1400687.0
2026-09-21T10:30:00-04:00,50.70500183105469,50.849998474121094,50.47420120239258,50.80500030517578,1014039.0
2026-09-21T11:30:00-04:00,50.79999923706055,51.369998931884766,50.755001068115234,51.36579895019531,993282.0
2026-09-21T12:30:00-04:00,51.3650016784668,51.625,51.209999084472656,51.60499954223633,1151961.0
2026-09-21T13:30:00-04:00,51.61000061035156,51.88999938964844,51.564998626708984,51.880001068115234,764835.0
2026-09-21T14:30:00-04:00,51.880001068115234,52.38999938964844,51.81999969482422,51.875,1567409.0
2026-09-21T15:30:00-04:00,51.875,51.970001220703125,51.75,51.76499938964844,1122210.0
2026-09-22T09:30:00-04:00,51.34000015258789,52.63999938964844,50.880001068115234,52.22999954223633,3085661.0
2026-09-22T10:30:00-04:00,52.23500061035156,52.904998779296875,52.220001220703125,52.60499954223633,1748044.0
2026-09-22T11:30:00-04:00,52.61000061035156,52.66999816894531,52.25,52.26499938964844,1092553.0
2026-09-22T12:30:00-04:00,52.26499938964844,52.415000915527344,52.17499923706055,52.32500076293945,783972.0
2026-09-22T13:30:00-04:00,52.32500076293945,52.54999923706055,51.970001220703125,52.310001373291016,1581058.0
2026-09-22T14:30:00-04:00,52.29999923706055,52.34859848022461,52.125,52.125,955170.0
2026-09-22T15:30:00-04:00,52.119998931884766,52.25,52.0,52.13999938964844,1433531.0
2026-09-23T09:30:00-04:00,53.209999084472656,53.209999084472656,52.0,52.130001068115234,917462.0
2026-09-23T10:30:00-04:00,52.130001068115234,52.584999084472656,51.869998931884766,52.57500076293945,1284476.0
2026-09-23T11:30:00-04:00,52.56999969482422,52.64500045776367,52.352500915527344,52.47999954223633,718797.0
2026-09-23T12:30:00-04:00,52.4900016784668,52.51499938964844,52.08000183105469,52.220001220703125,863541.0
2026-09-23T13:30:00-04:00,52.220001220703125,52.22999954223633,51.80500030517578,51.85499954223633,493379.0
2026-09-23T14:30:00-04:00,51.86000061035156,51.880001068115234,51.685001373291016,51.808998107910156,504213.0
2026-09-23T15:30:00-04:00,51.810001373291016,51.970001220703125,51.779998779296875,51.875,1119972.0
2026-09-24T09:30:00-04:00,52.47999954223633,52.599998474121094,51.650001525878906,52.1150016784668,1527677.0
2026-09-24T10:30:00-04:00,52.119998931884766,52.244998931884766,51.8650016784668,52.005001068115234,954680.0
2026-09-24T11:30:00-04:00,52.0099983215332,52.09000015258789,51.61000061035156,51.95000076293945,1557137.0
2026-09-24T12:30:00-04:00,51.95000076293945,52.03499984741211,51.619998931884766,51.630001068115234,917132.0
2026-09-24T13:30:00-04:00,51.6349983215332,51.91999816894531,51.595001220703125,51.834999084472656,1030870.0
2026-09-24T14:30:00-04:00,51.83000183105469,51.85499954223633,51.560001373291016,51.64500045776367,918782.0
2026-09-24T15:30:00-04:00,51.63999938964844,51.709999084472656,51.35499954223633,51.439998626708984,990478.0
2026-09-25T09:30:00-04:00,51.06999969482422,51.7400016784668,51.02000045776367,51.470001220703125,869819.0
2026-09-25T10:30:00-04:00,51.459999084472656,51.8849983215332,51.380001068115234,51.8650016784668,779406.0
2026-09-25T11:30:00-04:00,51.869998931884766,51.93000030517578,51.58000183105469,51.7599983215332,1001470.0
2026-09-25T12:30:00-04:00,51.7599983215332,51.849998474121094,51.5,51.51499938964844,830977.0
2026-09-25T13:30:00-04:00,51.51499938964844,51.650001525878906,51.369998931884766,51.6150016784668,573796.0
2026-09-25T14:30:00-04:00,51.625,51.68000030517578,51.45500183105469,51.525001525878906,722678.0
2026-09-25T15:30:00-04:00,51.525001525878906,51.76499938964844,51.459999084472656,51.54499816894531,1154630.0
2026-09-28T09:30:00-04:00,52.290000915527344,52.290000915527344,51.13999938964844,51.435001373291016,926642.0
2026-09-28T10:30:00-04:00,51.43000030517578,51.69620132446289,51.314998626708984,51.54499816894531,845549.0
2026-09-28T11:30:00-04:00,51.54499816894531,51.625,51.209999084472656,51.375,824320.0
2026-09-28T12:30:00-04:00,51.375,51.470001220703125,50.875,51.165000915527344,1402588.0
2026-09-28T13:30:00-04:00,51.165000915527344,51.41999816894531,51.03499984741211,51.334999084472656,828961.0
2026-09-28T14:30:00-04:00,51.334999084472656,51.61000061035156,51.28499984741211,51.54499816894531,1766877.0
2026-09-28T15:30:00-04:00,51.54499816894531,51.755001068115234,51.310001373291016,51.474998474121094,3304100.0
2026-09-29T09:30:00-04:00,50.58000183105469,50.77000045776367,49.810001373291016,50.04499816894531,4385306.0
2026-09-29T10:30:00-04:00,50.04800033569336,50.154998779296875,49.43000030517578,49.46500015258789,3727818.0
2026-09-29T11:30:00-04:00,49.459999084472656,50.36000061035156,49.349998474121094,50.334999084472656,2918495.0
2026-09-29T12:30:00-04:00,50.33000183105469,50.45500183105469,50.1349983215332,50.14500045776367,1415164.0
2026-09-29T13:30:00-04:00,50.13999938964844,50.2400016784668,49.95000076293945,50.07500076293945,1424068.0
2026-09-29T14:30:00-04:00,50.07500076293945,50.084999084472656,49.45000076293945,49.595001220703125,2336301.0
2026-09-29T15:30:00-04:00,49.59000015258789,49.93000030517578,49.470001220703125,49.880001068115234,4031393.0
