t,o,h,l,c,v
2023-10-31T09:30:00-04:00,81.46499633789062,81.53500366210938,80.83000183105469,81.41999816894531,1882643.0
2023-10-31T10:30:00-04:00,81.41000366210938,81.70999908447266,81.125,81.375,625163.0
2023-10-31T11:30:00-04:00,81.38500213623047,81.58499908447266,81.2699966430664,81.46499633789062,412530.0
2023-10-31T12:30:00-04:00,81.4800033569336,81.79000091552734,81.33999633789062,81.72000122070312,411839.0
2023-10-31T13:30:00-04:00,81.7249984741211,82.02999877929688,81.72250366210938,81.73999786376953,588399.0
2023-10-31T14:30:00-04:00,81.74749755859375,82.07499694824219,81.74250030517578,81.9800033569336,413227.0
2023-10-31T15:30:00-04:00,81.9749984741211,82.06999969482422,81.88249969482422,82.00489807128906,975114.0
2023-11-01T09:30:00-04:00,82.1500015258789,83.05249786376953,82.1500015258789,83.01000213623047,1765708.0
2023-11-01T10:30:00-04:00,83.0199966430664,83.19999694824219,82.76499938964844,82.84500122070312,960200.0
2023-11-01T11:30:00-04:00,82.83999633789062,82.98500061035156,82.73999786376953,82.80000305175781,681546.0
2023-11-01T12:30:00-04:00,82.80000305175781,82.90499877929688,82.6050033569336,82.79750061035156,722059.0
2023-11-01T13:30:00-04:00,82.79750061035156,83.04000091552734,82.66500091552734,82.91500091552734,1158807.0
2023-11-01T14:30:00-04:00,82.91500091552734,83.6675033569336,82.56999969482422,83.56500244140625,2987588.0
2023-11-01T15:30:00-04:00,83.56500244140625,83.69999694824219,83.51499938964844,83.58499908447266,1803204.0
2023-11-02T09:30:00-04:00,84.34500122070312,84.6675033569336,84.2300033569336,84.62000274658203,2157977.0
2023-11-02T10:30:00-04:00,84.62999725341797,84.9000015258789,84.47000122070312,84.63999938964844,908716.0
2023-11-02T11:30:00-04:00,84.6449966430664,84.7699966430664,84.49250030517578,84.66500091552734,678131.0
2023-11-02T12:30:00-04:00,84.66500091552734,84.87000274658203,84.62249755859375,84.82499694824219,860895.0
2023-11-02T13:30:00-04:00,84.83000183105469,85.0,84.83000183105469,84.94000244140625,865597.0
2023-11-02T14:30:00-04:00,84.94499969482422,85.05999755859375,84.9000015258789,84.97250366210938,831550.0
2023-11-02T15:30:00-04:00,84.97750091552734,85.08000183105469,84.9574966430664,85.0199966430664,1313559.0
2023-11-03T09:30:00-04:00,84.91999816894531,85.62999725341797,84.73500061035156,85.20999908447266,2192993.0
2023-11-03T10:30:00-04:00,85.20999908447266,85.51499938964844,85.14749908447266,85.31500244140625,741862.0
2023-11-03T11:30:00-04:00,85.31500244140625,85.88749694824219,85.29499816894531,85.84500122070312,1089019.0
2023-11-03T12:30:00-04:00,85.84500122070312,85.97750091552734,85.77999877929688,85.84500122070312,778348.0
2023-11-03T13:30:00-04:00,85.87999725341797,86.01499938964844,85.7750015258789,86.01000213623047,757359.0
2023-11-03T14:30:00-04:00,86.01499938964844,86.2249984741211,85.94499969482422,86.03250122070312,1017108.0
2023-11-03T15:30:00-04:00,86.02999877929688,86.02999877929688,85.87000274658203,85.88500213623047,1001339.0
2023-11-06T09:30:00-05:00,85.99500274658203,86.44499969482422,85.97000122070312,86.11499786376953,1195919.0
2023-11-06T10:30:00-05:00,86.12000274658203,86.4000015258789,86.08000183105469,86.26499938964844,611707.0
2023-11-06T11:30:00-05:00,86.26995086669922,86.33000183105469,86.08495330810547,86.16000366210938,443454.0
2023-11-06T12:30:00-05:00,86.16000366210938,86.20500183105469,85.7249984741211,85.84750366210938,583671.0
2023-11-06T13:30:00-05:00,85.83999633789062,86.0250015258789,85.80999755859375,86.01499938964844,663551.0
2023-11-06T14:30:00-05:00,86.00499725341797,86.2699966430664,85.98999786376953,86.22750091552734,1001549.0
2023-11-06T15:30:00-05:00,86.2300033569336,86.4749984741211,86.16000366210938,86.45500183105469,896299.0
2023-11-07T09:30:00-05:00,86.67500305175781,87.22000122070312,86.54499816894531,87.22000122070312,1325510.0
2023-11-07T10:30:00-05:00,87.22000122070312,87.5999984741211,87.20500183105469,87.51499938964844,860224.0
2023-11-07T11:30:00-05:00,87.51499938964844,87.59500122070312,87.17500305175781,87.23500061035156,743871.0
2023-11-07T12:30:00-05:00,87.23999786376953,87.57749938964844,87.1449966430664,87.51499938964844,786810.0
2023-11-07T13:30:00-05:00,87.5250015258789,87.63999938964844,87.51499938964844,87.5999984741211,506840.0
2023-11-07T14:30:00-05:00,87.6050033569336,87.6449966430664,87.4000015258789,87.54499816894531,781918.0
2023-11-07T15:30:00-05:00,87.54499816894531,87.625,87.2874984741211,87.41000366210938,1211037.0
2023-11-08T09:30:00-05:00,87.69000244140625,88.02999877929688,87.55500030517578,87.59500122070312,1245671.0
2023-11-08T10:30:00-05:00,87.58499908447266,87.71475219726562,87.51000213623047,87.6050033569336,677333.0
2023-11-08T11:30:00-05:00,87.6050033569336,87.74500274658203,87.29000091552734,87.48474884033203,829222.0
2023-11-08T12:30:00-05:00,87.46499633789062,87.76499938964844,87.42500305175781,87.74749755859375,579422.0
2023-11-08T13:30:00-05:00,87.75499725341797,87.8550033569336,87.69999694824219,87.83999633789062,368347.0
2023-11-08T14:30:00-05:00,87.84500122070312,87.875,87.6500015258789,87.73500061035156,631333.0
2023-11-08T15:30:00-05:00,87.73999786376953,87.92500305175781,87.68499755859375,87.88999938964844,867633.0
2023-11-09T09:30:00-05:00,87.98249816894531,88.32499694824219,87.88999938964844,87.97000122070312,1450678.0
2023-11-09T10:30:00-05:00,87.97000122070312,88.46749877929688,87.91500091552734,88.3550033569336,698533.0
2023-11-09T11:30:00-05:00,88.36000061035156,88.65750122070312,88.30500030517578,88.3550033569336,624935.0
2023-11-09T12:30:00-05:00,88.3550033569336,88.47000122070312,87.80999755859375,88.27999877929688,1001438.0
2023-11-09T13:30:00-05:00,88.26750183105469,88.38749694824219,87.62999725341797,87.86499786376953,1250765.0
2023-11-09T14:30:00-05:00,87.86000061035156,87.92500305175781,87.43000030517578,87.50499725341797,1210130.0
2023-11-09T15:30:00-05:00,87.50499725341797,87.56500244140625,87.36000061035156,87.48750305175781,835894.0
2023-11-10T09:30:00-05:00,88.00499725341797,88.50749969482422,87.90499877929688,88.2300033569336,1499628.0
2023-11-10T10:30:00-05:00,88.23999786376953,88.93499755859375,88.19999694824219,88.84500122070312,707587.0
2023-11-10T11:30:00-05:00,88.83999633789062,89.11250305175781,88.70500183105469,89.05500030517578,635718.0
2023-11-10T12:30:00-05:00,89.05999755859375,89.44000244140625,89.04499816894531,89.39604949951172,916177.0
2023-11-10T13:30:00-05:00,89.4000015258789,89.6449966430664,89.4000015258789,89.62000274658203,621607.0
2023-11-10T14:30:00-05:00,89.625,89.72000122070312,89.53500366210938,89.70500183105469,823861.0
2023-11-10T15:30:00-05:00,89.69999694824219,89.81749725341797,89.65499877929688,89.7750015258789,1140796.0
2023-11-13T09:30:00-05:00,89.38500213623047,89.39250183105469,88.86000061035156,89.08499908447266,1569000.0
2023-11-13T10:30:00-05:00,89.1050033569336,89.33999633789062,89.03500366210938,89.33999633789062,965811.0
2023-11-13T11:30:00-05:00,89.33999633789062,89.44249725341797,89.15249633789062,89.20500183105469,676083.0
2023-11-13T12:30:00-05:00,89.21499633789062,89.33499908447266,89.1449966430664,89.20500183105469,669729.0
2023-11-13T13:30:00-05:00,89.20999908447266,89.45249938964844,89.18000030517578,89.43499755859375,464786.0
2023-11-13T14:30:00-05:00,89.43499755859375,89.45999908447266,89.29499816894531,89.3550033569336,653545.0
2023-11-13T15:30:00-05:00,89.34500122070312,89.36499786376953,89.19249725341797,89.22000122070312,673812.0
2023-11-14T09:30:00-05:00,90.66999816894531,90.94499969482422,90.31999969482422,90.91000366210938,2685300.0
2023-11-14T10:30:00-05:00,90.91500091552734,91.1050033569336,90.80500030517578,90.875,1047177.0
2023-11-14T11:30:00-05:00,90.875,90.875,90.57499694824219,90.73750305175781,837389.0
2023-11-14T12:30:00-05:00,90.74500274658203,90.94999694824219,90.72270202636719,90.93499755859375,492265.0
2023-11-14T13:30:00-05:00,90.94000244140625,90.98249816894531,90.57749938964844,90.84750366210938,540679.0
2023-11-14T14:30:00-05:00,90.8499984741211,91.24749755859375,90.8499984741211,91.16999816894531,858759.0
2023-11-14T15:30:00-05:00,91.17500305175781,91.21499633789062,90.91500091552734,91.0199966430664,1462953.0
2023-11-15T09:30:00-05:00,91.42500305175781,91.51000213623047,91.05000305175781,91.31500244140625,1689900.0
2023-11-15T10:30:00-05:00,91.32499694824219,91.56500244140625,91.20500183105469,91.54499816894531,1107627.0
2023-11-15T11:30:00-05:00,91.54499816894531,91.55000305175781,91.11499786376953,91.24500274658203,656550.0
2023-11-15T12:30:00-05:00,91.23999786376953,91.26000213623047,90.78500366210938,91.1050033569336,797911.0
2023-11-15T13:30:00-05:00,91.08499908447266,91.30999755859375,91.0625,91.30249786376953,495466.0
2023-11-15T14:30:00-05:00,91.30500030517578,91.32749938964844,91.05500030517578,91.125,545163.0
2023-11-15T15:30:00-05:00,91.12999725341797,91.2300033569336,91.01499938964844,91.13500213623047,1012023.0
2023-11-16T09:30:00-05:00,91.02249908447266,91.69000244140625,90.98500061035156,91.45999908447266,1355570.0
2023-11-16T10:30:00-05:00,91.47000122070312,91.5425033569336,90.98500061035156,91.04000091552734,855937.0
2023-11-16T11:30:00-05:00,91.03500366210938,91.45999908447266,90.91000366210938,91.45999908447266,726890.0
2023-11-16T12:30:00-05:00,91.46499633789062,91.5999984741211,91.27999877929688,91.44000244140625,622805.0
2023-11-16T13:30:00-05:00,91.44999694824219,91.51000213623047,91.2750015258789,91.36499786376953,374664.0
2023-11-16T14:30:00-05:00,91.3687973022461,91.58499908447266,91.3550033569336,91.48999786376953,547166.0
2023-11-16T15:30:00-05:00,91.48500061035156,91.65679931640625,91.45500183105469,91.59249877929688,1147800.0
2023-11-17T09:30:00-05:00,91.38500213623047,91.49500274658203,91.125,91.33999633789062,1252617.0
2023-11-17T10:30:00-05:00,91.33499908447266,91.3499984741211,91.00499725341797,91.22260284423828,919412.0
2023-11-17T11:30:00-05:00,91.2249984741211,91.5,91.16999816894531,91.32499694824219,459001.0
2023-11-17T12:30:00-05:00,91.32499694824219,91.57499694824219,91.31500244140625,91.5374984741211,322970.0
2023-11-17T13:30:00-05:00,91.54000091552734,91.75,91.46499633789062,91.62000274658203,444626.0
2023-11-17T14:30:00-05:00,91.625,91.73500061035156,91.54499816894531,91.57250213623047,624871.0
2023-11-17T15:30:00-05:00,91.56999969482422,91.58000183105469,91.19000244140625,91.40499877929688,1823402.0
2023-11-20T09:30:00-05:00,91.51499938964844,92.22000122070312,91.50499725341797,91.93000030517578,1437453.0
2023-11-20T10:30:00-05:00,91.93000030517578,92.24500274658203,91.8499984741211,92.20500183105469,757427.0
2023-11-20T11:30:00-05:00,92.21749877929688,92.41000366210938,92.17500305175781,92.31999969482422,484372.0
2023-11-20T12:30:00-05:00,92.32499694824219,92.71499633789062,92.28500366210938,92.69854736328125,565573.0
2023-11-20T13:30:00-05:00,92.69499969482422,92.75499725341797,92.58999633789062,92.69000244140625,442328.0
2023-11-20T14:30:00-05:00,92.69499969482422,92.96499633789062,92.68499755859375,92.87999725341797,737349.0
2023-11-20T15:30:00-05:00,92.875,92.88500213623047,92.66999816894531,92.75,926093.0
2023-11-21T09:30:00-05:00,92.30500030517578,92.44999694824219,91.70500183105469,91.7300033569336,1915857.0
2023-11-21T10:30:00-05:00,91.73500061035156,91.83000183105469,91.63999938964844,91.7699966430664,874478.0
2023-11-21T11:30:00-05:00,91.7750015258789,91.92500305175781,91.63999938964844,91.90499877929688,627011.0
2023-11-21T12:30:00-05:00,91.91000366210938,91.94499969482422,91.63749694824219,91.72000122070312,614673.0
2023-11-21T13:30:00-05:00,91.72000122070312,91.92500305175781,91.68499755859375,91.83499908447266,716160.0
2023-11-21T14:30:00-05:00,91.82499694824219,92.01499938964844,91.79000091552734,91.97000122070312,710748.0
2023-11-21T15:30:00-05:00,91.97000122070312,91.98500061035156,91.8375015258789,91.95500183105469,1026695.0
2023-11-22T09:30:00-05:00,92.55500030517578,93.17500305175781,92.13500213623047,92.48999786376953,1595972.0
2023-11-22T10:30:00-05:00,92.49500274658203,92.71499633789062,92.32499694824219,92.54474639892578,722560.0
2023-11-22T11:30:00-05:00,92.55500030517578,92.7750015258789,92.54499816894531,92.74500274658203,408349.0
2023-11-22T12:30:00-05:00,92.73999786376953,92.79000091552734,92.55000305175781,92.79000091552734,473975.0
2023-11-22T13:30:00-05:00,92.79000091552734,92.80999755859375,92.62999725341797,92.66000366210938,355482.0
2023-11-22T14:30:00-05:00,92.5999984741211,92.65499877929688,92.18499755859375,92.44999694824219,892580.0
2023-11-22T15:30:00-05:00,92.45500183105469,92.48249816894531,92.3550033569336,92.36499786376953,740036.0
2023-11-24T09:30:00-05:00,92.2300033569336,92.30999755859375,91.94499969482422,91.964599609375,863168.0
2023-11-24T10:30:00-05:00,91.9749984741211,92.04000091552734,91.8550033569336,92.0199966430664,376629.0
2023-11-24T11:30:00-05:00,92.0250015258789,92.11499786376953,91.94499969482422,92.05999755859375,394695.0
2023-11-27T09:30:00-05:00,92.30500030517578,92.30500030517578,91.91000366210938,92.08999633789062,898564.0
2023-11-27T10:30:00-05:00,92.09500122070312,92.31999969482422,92.09500122070312,92.25,467177.0
2023-11-27T11:30:00-05:00,92.24500274658203,92.60449981689453,92.22000122070312,92.57250213623047,502057.0
2023-11-27T12:30:00-05:00,92.57499694824219,92.73249816894531,92.5469970703125,92.59249877929688,616274.0
2023-11-27T13:30:00-05:00,92.58999633789062,92.60749816894531,92.38999938964844,92.43000030517578,414359.0
2023-11-27T14:30:00-05:00,92.43499755859375,92.4375,92.18499755859375,92.375,458449.0
2023-11-27T15:30:00-05:00,92.37999725341797,92.42500305175781,92.16500091552734,92.19499969482422,780852.0
2023-11-28T09:30:00-05:00,91.88999938964844,92.23999786376953,91.88999938964844,92.17500305175781,804127.0
2023-11-28T10:30:00-05:00,92.16999816894531,92.54000091552734,92.125,92.45999908447266,501818.0
2023-11-28T11:30:00-05:00,92.45999908447266,92.62000274658203,92.38749694824219,92.3949966430664,688159.0
2023-11-28T12:30:00-05:00,92.39749908447266,92.39749908447266,91.91500091552734,92.07499694824219,744381.0
2023-11-28T13:30:00-05:00,92.06999969482422,92.1500015258789,91.9749984741211,92.03500366210938,661251.0
2023-11-28T14:30:00-05:00,92.03500366210938,92.21980285644531,91.9749984741211,92.06500244140625,746163.0
2023-11-28T15:30:00-05:00,92.06999969482422,92.38749694824219,92.06500244140625,92.36499786376953,1151964.0
2023-11-29T09:30:00-05:00,93.05000305175781,93.44999694824219,92.8125,92.97615051269531,1047192.0
2023-11-29T10:30:00-05:00,92.9800033569336,93.16000366210938,92.625,92.65249633789062,582523.0
2023-11-29T11:30:00-05:00,92.6449966430664,92.80000305175781,92.55000305175781,92.79499816894531,911031.0
2023-11-29T12:30:00-05:00,92.79499816894531,92.8324966430664,92.63999938964844,92.75250244140625,401426.0
2023-11-29T13:30:00-05:00,92.75,92.75,92.5875015258789,92.625,491757.0
2023-11-29T14:30:00-05:00,92.625,92.66999816894531,92.4000015258789,92.41500091552734,777810.0
2023-11-29T15:30:00-05:00,92.39749908447266,92.50499725341797,92.38749694824219,92.45999908447266,1077403.0
2023-11-30T09:30:00-05:00,92.83000183105469,92.95500183105469,92.12999725341797,92.26499938964844,988564.0
2023-11-30T10:30:00-05:00,92.2750015258789,92.36000061035156,91.87000274658203,92.0250015258789,743482.0
2023-11-30T11:30:00-05:00,92.0250015258789,92.05999755859375,91.80500030517578,91.93000030517578,600674.0
2023-11-30T12:30:00-05:00,91.98500061035156,92.12999725341797,91.88500213623047,91.9000015258789,572781.0
2023-11-30T13:30:00-05:00,91.90499877929688,92.12999725341797,91.83000183105469,92.01000213623047,630840.0
2023-11-30T14:30:00-05:00,92.01249694824219,92.24250030517578,91.9124984741211,91.97000122070312,884662.0
2023-11-30T15:30:00-05:00,91.97000122070312,92.62999725341797,91.94999694824219,92.55000305175781,1899708.0
2023-12-01T09:30:00-05:00,92.33999633789062,92.47000122070312,91.93000030517578,91.98999786376953,1220703.0
2023-12-01T10:30:00-05:00,91.98500061035156,92.53500366210938,91.8949966430664,92.41500091552734,976769.0
2023-12-01T11:30:00-05:00,92.42500305175781,92.74500274658203,92.27999877929688,92.7300033569336,1094707.0
2023-12-01T12:30:00-05:00,92.7300033569336,92.95500183105469,92.66000366210938,92.6624984741211,596933.0
2023-12-01T13:30:00-05:00,92.65750122070312,92.7699966430664,92.55500030517578,92.75499725341797,779686.0
2023-12-01T14:30:00-05:00,92.75499725341797,92.875,92.69499969482422,92.84500122070312,649935.0
2023-12-01T15:30:00-05:00,92.8499984741211,92.8499984741211,92.64250183105469,92.7750015258789,1400928.0
2023-12-04T09:30:00-05:00,91.86499786376953,91.86499786376953,90.93000030517578,90.95999908447266,2053671.0
2023-12-04T10:30:00-05:00,90.95999908447266,91.01499938964844,90.66000366210938,91.00499725341797,1160500.0
2023-12-04T11:30:00-05:00,91.01000213623047,91.4800033569336,90.96499633789062,91.4124984741211,820640.0
2023-12-04T12:30:00-05:00,91.41000366210938,91.60375213623047,91.36499786376953,91.38005065917969,894273.0
2023-12-04T13:30:00-05:00,91.37999725341797,91.5,91.23999786376953,91.43499755859375,904090.0
2023-12-04T14:30:00-05:00,91.43499755859375,91.51000213623047,91.28500366210938,91.4749984741211,1261588.0
2023-12-04T15:30:00-05:00,91.4800033569336,91.74500274658203,91.44750213623047,91.66999816894531,1782787.0
2023-12-05T09:30:00-05:00,91.16999816894531,92.21499633789062,91.16999816894531,91.93000030517578,1582426.0
2023-12-05T10:30:00-05:00,91.93000030517578,92.31500244140625,91.7249984741211,91.84249877929688,700525.0
2023-12-05T11:30:00-05:00,91.83499908447266,92.03500366210938,91.54499816894531,92.0250015258789,437600.0
2023-12-05T12:30:00-05:00,92.01499938964844,92.07499694824219,91.68499755859375,91.9800033569336,535860.0
2023-12-05T13:30:00-05:00,91.98999786376953,92.1500015258789,91.86000061035156,92.08489990234375,460579.0
2023-12-05T14:30:00-05:00,92.08499908447266,92.19934844970703,91.93000030517578,92.11834716796875,679044.0
2023-12-05T15:30:00-05:00,92.12000274658203,92.2300033569336,92.05740356445312,92.22000122070312,829237.0
2023-12-06T09:30:00-05:00,92.78500366210938,92.91999816894531,91.8499984741211,91.97000122070312,2058140.0
2023-12-06T10:30:00-05:00,91.99500274658203,92.25499725341797,91.98999786376953,92.02999877929688,1187625.0
2023-12-06T11:30:00-05:00,92.02999877929688,92.06494903564453,91.79000091552734,91.88999938964844,663254.0
2023-12-06T12:30:00-05:00,91.88999938964844,91.95999908447266,91.55999755859375,91.83000183105469,708069.0
2023-12-06T13:30:00-05:00,91.83000183105469,91.87079620361328,91.6500015258789,91.69499969482422,595916.0
2023-12-06T14:30:00-05:00,91.69499969482422,91.86499786376953,91.45999908447266,91.50499725341797,820862.0
2023-12-06T15:30:00-05:00,91.5,91.6050033569336,91.36000061035156,91.44750213623047,1179679.0
2023-12-07T09:30:00-05:00,91.86499786376953,92.30500030517578,91.66999816894531,92.26595306396484,1556533.0
2023-12-07T10:30:00-05:00,92.27960205078125,92.31999969482422,91.80999755859375,92.0199966430664,895197.0
2023-12-07T11:30:00-05:00,92.0199966430664,92.50499725341797,92.01000213623047,92.4749984741211,762321.0
2023-12-07T12:30:00-05:00,92.4749984741211,92.5199966430664,92.34500122070312,92.38500213623047,722071.0
2023-12-07T13:30:00-05:00,92.38999938964844,92.69499969482422,92.36000061035156,92.66549682617188,791378.0
2023-12-07T14:30:00-05:00,92.66999816894531,92.67500305175781,92.45999908447266,92.5425033569336,869219.0
2023-12-07T15:30:00-05:00,92.54000091552734,92.63749694824219,92.48500061035156,92.53500366210938,1173908.0
2023-12-08T09:30:00-05:00,92.33999633789062,93.18499755859375,92.2249984741211,93.08000183105469,1694579.0
2023-12-08T10:30:00-05:00,93.08000183105469,93.19000244140625,92.69999694824219,92.86499786376953,1010456.0
2023-12-08T11:30:00-05:00,92.875,92.98999786376953,92.56500244140625,92.94499969482422,745166.0
2023-12-08T12:30:00-05:00,92.94000244140625,93.13999938964844,92.87999725341797,93.09500122070312,513489.0
2023-12-08T13:30:00-05:00,93.11000061035156,93.27749633789062,93.01750183105469,93.25499725341797,503521.0
2023-12-08T14:30:00-05:00,93.26000213623047,93.37999725341797,93.19000244140625,93.34124755859375,747871.0
2023-12-08T15:30:00-05:00,93.33999633789062,93.40499877929688,93.30000305175781,93.33000183105469,1100262.0
2023-12-11T09:30:00-05:00,93.05500030517578,93.6500015258789,92.83999633789062,93.42500305175781,7232819.0
2023-12-11T10:30:00-05:00,93.43000030517578,93.81999969482422,93.3550033569336,93.50499725341797,2151968.0
2023-12-11T11:30:00-05:00,93.51000213623047,93.76000213623047,93.31999969482422,93.75499725341797,1695703.0
2023-12-11T12:30:00-05:00,93.75499725341797,93.9800033569336,93.73500061035156,93.95999908447266,1466057.0
2023-12-11T13:30:00-05:00,93.95999908447266,94.12999725341797,93.95500183105469,94.10250091552734,1541495.0
2023-12-11T14:30:00-05:00,94.10250091552734,94.12750244140625,93.93499755859375,93.98750305175781,1939368.0
2023-12-11T15:30:00-05:00,93.98500061035156,94.16500091552734,93.98500061035156,94.11499786376953,2629402.0
2023-12-12T09:30:00-05:00,93.80000305175781,94.2300033569336,93.72000122070312,94.11750030517578,1884537.0
2023-12-12T10:30:00-05:00,94.12000274658203,94.48249816894531,94.05999755859375,94.38500213623047,931166.0
2023-12-12T11:30:00-05:00,94.38500213623047,94.46499633789062,94.16500091552734,94.30500030517578,707495.0
2023-12-12T12:30:00-05:00,94.30999755859375,94.44750213623047,94.25499725341797,94.38500213623047,658434.0
2023-12-12T13:30:00-05:00,94.37999725341797,94.56500244140625,94.3499984741211,94.54000091552734,590593.0
2023-12-12T14:30:00-05:00,94.54000091552734,94.72250366210938,94.52999877929688,94.69499969482422,921177.0
2023-12-12T15:30:00-05:00,94.69750213623047,94.80000305175781,94.62999725341797,94.79499816894531,1443164.0
2023-12-13T09:30:00-05:00,94.99500274658203,95.33999633789062,94.98500061035156,95.08499908447266,950681.0
2023-12-13T10:30:00-05:00,95.08499908447266,95.16999816894531,94.92250061035156,94.9749984741211,786852.0
2023-12-13T11:30:00-05:00,94.97750091552734,95.06494903564453,94.86000061035156,94.92500305175781,398785.0
2023-12-13T12:30:00-05:00,94.92500305175781,94.93264770507812,94.7699966430664,94.81999969482422,402133.0
2023-12-13T13:30:00-05:00,94.81999969482422,95.54499816894531,94.81500244140625,95.4000015258789,1199719.0
2023-12-13T14:30:00-05:00,95.41500091552734,95.83499908447266,94.94249725341797,95.16500091552734,5236152.0
2023-12-13T15:30:00-05:00,95.16500091552734,95.62000274658203,95.08999633789062,95.61499786376953,5444569.0
2023-12-14T09:30:00-05:00,95.71499633789062,96.04000091552734,95.54000091552734,95.58000183105469,2173857.0
2023-12-14T10:30:00-05:00,95.58499908447266,95.82499694824219,95.2925033569336,95.3949966430664,1475425.0
2023-12-14T11:30:00-05:00,95.39749908447266,95.61499786376953,95.29000091552734,95.61499786376953,626604.0
2023-12-14T12:30:00-05:00,95.61000061035156,95.73500061035156,94.95500183105469,94.9800033569336,757220.0
2023-12-14T13:30:00-05:00,94.96499633789062,95.23500061035156,94.66500091552734,95.23500061035156,668754.0
2023-12-14T14:30:00-05:00,95.23500061035156,95.33000183105469,95.125,95.22000122070312,788356.0
2023-12-14T15:30:00-05:00,95.21749877929688,95.375,95.20500183105469,95.36000061035156,1059099.0
2023-12-15T09:30:00-05:00,95.2699966430664,96.18250274658203,95.2699966430664,96.16500091552734,1411380.0
2023-12-15T10:30:00-05:00,96.16000366210938,96.35479736328125,96.05000305175781,96.33999633789062,826037.0
2023-12-15T11:30:00-05:00,96.33999633789062,96.4000015258789,96.12249755859375,96.22750091552734,944003.0
2023-12-15T12:30:00-05:00,96.23500061035156,96.23500061035156,95.8550033569336,96.11499786376953,868010.0
2023-12-15T13:30:00-05:00,96.11499786376953,96.1449966430664,95.68000030517578,95.78500366210938,1179841.0
2023-12-15T14:30:00-05:00,95.77999877929688,96.07250213623047,95.77999877929688,96.0250015258789,1121810.0
2023-12-15T15:30:00-05:00,96.02999877929688,96.25,95.7750015258789,95.86000061035156,1953316.0
2023-12-18T09:30:00-05:00,95.62000274658203,95.84500122070312,95.21499633789062,95.66995239257812,1342593.0
2023-12-18T10:30:00-05:00,95.66999816894531,95.69000244140625,95.33000183105469,95.58499908447266,666511.0
2023-12-18T11:30:00-05:00,95.58000183105469,95.82749938964844,95.58000183105469,95.7699966430664,623863.0
2023-12-18T12:30:00-05:00,95.77249908447266,95.98314666748047,95.73500061035156,95.97000122070312,335495.0
2023-12-18T13:30:00-05:00,95.97975158691406,96.13999938964844,95.93000030517578,96.04499816894531,506684.0
2023-12-18T14:30:00-05:00,96.04499816894531,96.125,95.98999786376953,96.10005187988281,637428.0
2023-12-18T15:30:00-05:00,96.10250091552734,96.11000061035156,95.93000030517578,95.95999908447266,829260.0
2023-12-19T09:30:00-05:00,95.90499877929688,96.20500183105469,95.8499984741211,96.09500122070312,1154706.0
2023-12-19T10:30:00-05:00,96.11000061035156,96.2249984741211,95.93499755859375,96.0999984741211,679789.0
2023-12-19T11:30:00-05:00,96.09750366210938,96.17500305175781,95.91999816894531,96.0199966430664,477454.0
2023-12-19T12:30:00-05:00,96.0199966430664,96.18499755859375,95.9625015258789,96.10399627685547,410505.0
2023-12-19T13:30:00-05:00,96.11000061035156,96.19000244140625,96.02249908447266,96.16500091552734,458714.0
2023-12-19T14:30:00-05:00,96.16999816894531,96.16999816894531,96.0250015258789,96.125,526245.0
2023-12-19T15:30:00-05:00,96.12000274658203,96.30000305175781,96.02749633789062,96.27999877929688,663799.0
2023-12-20T09:30:00-05:00,96.18000030517578,96.33000183105469,96.01750183105469,96.32250213623047,1005498.0
2023-12-20T10:30:00-05:00,96.32499694824219,96.42530059814453,96.2300033569336,96.2874984741211,720400.0
2023-12-20T11:30:00-05:00,96.28500366210938,96.4574966430664,96.20500183105469,96.42500305175781,447527.0
2023-12-20T12:30:00-05:00,96.43000030517578,96.5199966430664,96.30000305175781,96.43250274658203,459722.0
2023-12-20T13:30:00-05:00,96.43499755859375,96.46749877929688,96.12999725341797,96.13999938964844,470154.0
2023-12-20T14:30:00-05:00,96.1449966430664,96.14749908447266,94.98500061035156,94.98999786376953,2044113.0
2023-12-20T15:30:00-05:00,95.0,95.26499938964844,94.82499694824219,94.83499908447266,1430866.0
2023-12-21T09:30:00-05:00,95.80000305175781,96.11499786376953,95.33999633789062,95.52999877929688,1630075.0
2023-12-21T10:30:00-05:00,95.54499816894531,95.69000244140625,95.375,95.58499908447266,598624.0
2023-12-21T11:30:00-05:00,95.58499908447266,95.69000244140625,95.22000122070312,95.2699966430664,653195.0
2023-12-21T12:30:00-05:00,95.27999877929688,95.41000366210938,95.09500122070312,95.36000061035156,555110.0
2023-12-21T13:30:00-05:00,95.38500213623047,95.46499633789062,95.26499938964844,95.41000366210938,571053.0
2023-12-21T14:30:00-05:00,95.41999816894531,95.80500030517578,95.3550033569336,95.80000305175781,736582.0
2023-12-21T15:30:00-05:00,95.80500030517578,95.97000122070312,95.75499725341797,95.88500213623047,802579.0
2023-12-22T09:30:00-05:00,96.17500305175781,96.27999877929688,95.9749984741211,96.24490356445312,1115068.0
2023-12-22T10:30:00-05:00,96.24500274658203,96.30500030517578,95.94000244140625,96.13999938964844,886727.0
2023-12-22T11:30:00-05:00,96.13999938964844,96.20249938964844,95.9124984741211,96.04499816894531,469900.0
2023-12-22T12:30:00-05:00,96.04499816894531,96.21499633789062,95.98999786376953,96.17500305175781,224163.0
2023-12-22T13:30:00-05:00,96.17749786376953,96.21499633789062,95.61750030517578,95.65499877929688,972575.0
2023-12-22T14:30:00-05:00,95.66000366210938,96.09500122070312,95.55000305175781,96.06999969482422,660467.0
2023-12-22T15:30:00-05:00,96.04000091552734,96.07510375976562,95.88999938964844,96.01000213623047,660896.0
2023-12-26T09:30:00-05:00,96.08499908447266,96.56999969482422,96.08499908447266,96.29499816894531,798246.0
2023-12-26T10:30:00-05:00,96.30500030517578,96.38999938964844,96.16034698486328,96.24250030517578,260650.0
2023-12-26T11:30:00-05:00,96.24250030517578,96.34750366210938,96.23999786376953,96.26000213623047,306110.0
2023-12-26T12:30:00-05:00,96.26499938964844,96.33999633789062,96.22000122070312,96.31500244140625,251385.0
2023-12-26T13:30:00-05:00,96.32499694824219,96.3550033569336,96.22000122070312,96.33999633789062,220371.0
2023-12-26T14:30:00-05:00,96.33799743652344,96.61000061035156,96.32499694824219,96.55999755859375,530793.0
2023-12-26T15:30:00-05:00,96.56500244140625,96.62249755859375,96.36000061035156,96.43499755859375,628652.0
2023-12-27T09:30:00-05:00,96.4749984741211,96.62000274658203,96.05500030517578,96.16999816894531,829306.0
2023-12-27T10:30:00-05:00,96.16000366210938,96.2074966430664,96.01000213623047,96.20500183105469,700216.0
2023-12-27T11:30:00-05:00,96.20500183105469,96.34549713134766,96.19750213623047,96.31999969482422,615413.0
2023-12-27T12:30:00-05:00,96.3375015258789,96.5,96.22250366210938,96.37999725341797,687134.0
2023-12-27T13:30:00-05:00,96.38999938964844,96.48500061035156,96.17500305175781,96.3375015258789,913797.0
2023-12-27T14:30:00-05:00,96.33999633789062,96.36499786376953,96.21495056152344,96.31500244140625,783331.0
2023-12-27T15:30:00-05:00,96.31500244140625,96.48500061035156,96.23500061035156,96.47000122070312,1076180.0
2023-12-28T09:30:00-05:00,96.76000213623047,96.86000061035156,96.50250244140625,96.6449966430664,1013383.0
2023-12-28T10:30:00-05:00,96.6449966430664,96.74500274658203,96.53500366210938,96.58999633789062,549289.0
2023-12-28T11:30:00-05:00,96.59500122070312,96.69499969482422,96.5634536743164,96.6675033569336,421981.0
2023-12-28T12:30:00-05:00,96.66999816894531,96.73999786376953,96.5199966430664,96.65495300292969,472751.0
2023-12-28T13:30:00-05:00,96.64749908447266,96.75749969482422,96.62999725341797,96.70999908447266,462547.0
2023-12-28T14:30:00-05:00,96.70999908447266,96.76004791259766,96.58499908447266,96.62000274658203,730325.0
2023-12-28T15:30:00-05:00,96.62000274658203,96.73374938964844,96.48750305175781,96.55500030517578,993186.0
2023-12-29T09:30:00-05:00,96.58499908447266,96.77995300292969,96.58000183105469,96.64250183105469,932755.0
2023-12-29T10:30:00-05:00,96.6449966430664,96.6449966430664,95.76499938964844,95.7750015258789,1206431.0
2023-12-29T11:30:00-05:00,95.7750015258789,96.08499908447266,95.76000213623047,95.83000183105469,657500.0
2023-12-29T12:30:00-05:00,95.86000061035156,96.22454833984375,95.82499694824219,96.07499694824219,601271.0
2023-12-29T13:30:00-05:00,96.0824966430664,96.3499984741211,96.07499694824219,96.23500061035156,531451.0
2023-12-29T14:30:00-05:00,96.29000091552734,96.42500305175781,96.23750305175781,96.34839630126953,709047.0
2023-12-29T15:30:00-05:00,96.34500122070312,96.34750366210938,96.06500244140625,96.23750305175781,1341096.0
2024-01-02T09:30:00-05:00,94.93000030517578,95.08000183105469,93.7249984741211,93.76000213623047,4423375.0
2024-01-02T10:30:00-05:00,93.75499725341797,94.04000091552734,93.45500183105469,94.04000091552734,1252298.0
2024-01-02T11:30:00-05:00,94.04000091552734,94.20500183105469,93.98500061035156,94.0,916503.0
2024-01-02T12:30:00-05:00,94.0,94.16000366210938,93.625,93.76499938964844,900187.0
2024-01-02T13:30:00-05:00,93.76499938964844,93.83000183105469,93.41999816894531,93.58000183105469,1034955.0
2024-01-02T14:30:00-05:00,93.57499694824219,93.625,93.125,93.2750015258789,1276153.0
2024-01-02T15:30:00-05:00,93.34500122070312,93.78500366210938,93.24500274658203,93.75499725341797,1423096.0
2024-01-03T09:30:00-05:00,92.93000030517578,93.375,92.76000213623047,92.9175033569336,2084296.0
2024-01-03T10:30:00-05:00,92.96499633789062,93.05000305175781,92.70500183105469,92.94999694824219,1376217.0
2024-01-03T11:30:00-05:00,92.94499969482422,93.0199966430664,92.6624984741211,92.84500122070312,746917.0
2024-01-03T12:30:00-05:00,92.8499984741211,93.08999633789062,92.83000183105469,92.92500305175781,547549.0
2024-01-03T13:30:00-05:00,92.93000030517578,93.11000061035156,92.62000274658203,93.05000305175781,908162.0
2024-01-03T14:30:00-05:00,93.05999755859375,93.14250183105469,92.74500274658203,92.81500244140625,1154276.0
2024-01-03T15:30:00-05:00,92.86000061035156,92.94499969482422,92.5999984741211,92.74500274658203,1349725.0
2024-01-04T09:30:00-05:00,92.19499969482422,92.69000244140625,92.08499908447266,92.5250015258789,1286223.0
2024-01-04T10:30:00-05:00,92.52999877929688,92.8324966430664,92.41500091552734,92.70999908447266,589044.0
2024-01-04T11:30:00-05:00,92.70999908447266,92.7750015258789,92.375,92.5250015258789,949505.0
2024-01-04T12:30:00-05:00,92.52999877929688,92.56999969482422,92.31500244140625,92.54000091552734,397298.0
2024-01-04T13:30:00-05:00,92.55999755859375,92.61499786376953,92.3550033569336,92.36004638671875,395769.0
2024-01-04T14:30:00-05:00,92.3550033569336,92.48500061035156,92.2300033569336,92.2750015258789,699615.0
2024-01-04T15:30:00-05:00,92.2750015258789,92.3949966430664,91.99500274658203,92.08999633789062,1465181.0
2024-01-05T09:30:00-05:00,92.19000244140625,92.69999694824219,92.12000274658203,92.625,1361533.0
2024-01-05T10:30:00-05:00,92.62999725341797,92.8550033569336,92.53500366210938,92.5425033569336,775923.0
2024-01-05T11:30:00-05:00,92.54499816894531,92.61000061035156,92.1449966430664,92.18000030517578,484587.0
2024-01-05T12:30:00-05:00,92.16999816894531,92.31999969482422,92.05000305175781,92.27999877929688,399546.0
2024-01-05T13:30:00-05:00,92.27999877929688,92.44000244140625,92.09500122070312,92.16999816894531,539659.0
2024-01-05T14:30:00-05:00,92.16999816894531,92.2447509765625,91.71499633789062,91.77999877929688,1313717.0
2024-01-05T15:30:00-05:00,91.76000213623047,92.125,91.70999908447266,92.07499694824219,3195384.0
2024-01-08T09:30:00-05:00,92.5250015258789,93.56500244140625,92.43000030517578,93.5250015258789,1976627.0
2024-01-08T10:30:00-05:00,93.52999877929688,93.65750122070312,93.45500183105469,93.47000122070312,795078.0
2024-01-08T11:30:00-05:00,93.4749984741211,93.81300354003906,93.46499633789062,93.73500061035156,905750.0
2024-01-08T12:30:00-05:00,93.73500061035156,93.94499969482422,93.72470092773438,93.86000061035156,598129.0
2024-01-08T13:30:00-05:00,93.86000061035156,94.16999816894531,93.83525085449219,94.15204620361328,652744.0
2024-01-08T14:30:00-05:00,94.16999816894531,94.32749938964844,94.13999938964844,94.20504760742188,1109312.0
2024-01-08T15:30:00-05:00,94.2074966430664,94.43499755859375,94.16999816894531,94.375,1960708.0
2024-01-09T09:30:00-05:00,93.6449966430664,94.04000091552734,93.44499969482422,93.92500305175781,1140015.0
2024-01-09T10:30:00-05:00,93.91999816894531,94.24500274658203,93.81500244140625,94.2300033569336,780484.0
2024-01-09T11:30:00-05:00,94.23500061035156,94.61000061035156,94.19499969482422,94.53500366210938,542576.0
2024-01-09T12:30:00-05:00,94.53500366210938,94.79000091552734,94.47000122070312,94.54000091552734,713246.0
2024-01-09T13:30:00-05:00,94.53500366210938,94.70999908447266,94.375,94.47505187988281,620017.0
2024-01-09T14:30:00-05:00,94.4749984741211,94.6050033569336,94.38999938964844,94.50595092773438,529623.0
2024-01-09T15:30:00-05:00,94.50499725341797,94.57250213623047,94.22000122070312,94.53500366210938,831230.0
2024-01-10T09:30:00-05:00,94.56500244140625,94.87999725341797,94.36499786376953,94.82499694824219,1080705.0
2024-01-10T10:30:00-05:00,94.82499694824219,95.05500030517578,94.79499816894531,94.87999725341797,563060.0
2024-01-10T11:30:00-05:00,94.88500213623047,94.92500305175781,94.71499633789062,94.9000015258789,445710.0
2024-01-10T12:30:00-05:00,94.90499877929688,95.12000274658203,94.86000061035156,94.95999908447266,492613.0
2024-01-10T13:30:00-05:00,94.98500061035156,95.4000015258789,94.94999694824219,95.30000305175781,446778.0
2024-01-10T14:30:00-05:00,95.30500030517578,95.52999877929688,95.17500305175781,95.25955200195312,721845.0
2024-01-10T15:30:00-05:00,95.26499938964844,95.4000015258789,94.99500274658203,95.33999633789062,932111.0
2024-01-11T09:30:00-05:00,95.79499816894531,96.2750015258789,94.82499694824219,95.30500030517578,1966538.0
2024-01-11T10:30:00-05:00,95.30000305175781,95.4749984741211,94.59500122070312,94.7249984741211,986928.0
2024-01-11T11:30:00-05:00,94.7249984741211,94.87000274658203,94.46499633789062,94.68000030517578,790532.0
2024-01-11T12:30:00-05:00,94.67250061035156,95.33000183105469,94.67250061035156,95.28250122070312,535417.0
2024-01-11T13:30:00-05:00,95.27999877929688,95.65499877929688,95.23999786376953,95.63999938964844,494309.0
2024-01-11T14:30:00-05:00,95.6449966430664,95.8499984741211,95.50994873046875,95.66000366210938,823180.0
2024-01-11T15:30:00-05:00,95.68000030517578,95.85749816894531,95.6050033569336,95.80000305175781,913950.0
2024-01-12T09:30:00-05:00,95.96499633789062,96.33999633789062,95.76000213623047,95.95999908447266,1123049.0
2024-01-12T10:30:00-05:00,95.96499633789062,96.12999725341797,95.63999938964844,96.03500366210938,872182.0
2024-01-12T11:30:00-05:00,96.04499816894531,96.05500030517578,95.72000122070312,95.87000274658203,514831.0
2024-01-12T12:30:00-05:00,95.875,96.08000183105469,95.80000305175781,96.03500366210938,331137.0
2024-01-12T13:30:00-05:00,96.05000305175781,96.2300033569336,96.00749969482422,96.0999984741211,309902.0
2024-01-12T14:30:00-05:00,96.10494995117188,96.10494995117188,95.88999938964844,96.0,489229.0
2024-01-12T15:30:00-05:00,96.00499725341797,96.1675033569336,95.9749984741211,96.125,621098.0
2024-01-16T09:30:00-05:00,96.06500244140625,96.40249633789062,95.44499969482422,96.3550033569336,1495971.0
2024-01-16T10:30:00-05:00,96.3550033569336,96.76249694824219,96.16500091552734,96.54499816894531,1701532.0
2024-01-16T11:30:00-05:00,96.58000183105469,96.68000030517578,96.05500030517578,96.08000183105469,568327.0
2024-01-16T12:30:00-05:00,96.02999877929688,96.16999816894531,95.83000183105469,96.11499786376953,556814.0
2024-01-16T13:30:00-05:00,96.11499786376953,96.20500183105469,95.71749877929688,95.88999938964844,373557.0
2024-01-16T14:30:00-05:00,95.8949966430664,96.20999908447266,95.81999969482422,96.125,439367.0
2024-01-16T15:30:00-05:00,96.15859985351562,96.3949966430664,96.08999633789062,96.37000274658203,653062.0
2024-01-17T09:30:00-05:00,95.6449966430664,95.75,94.84500122070312,95.20999908447266,1777457.0
2024-01-17T10:30:00-05:00,95.19999694824219,95.6500015258789,95.04499816894531,95.59500122070312,940441.0
2024-01-17T11:30:00-05:00,95.59500122070312,95.72750091552734,95.45500183105469,95.49500274658203,722254.0
2024-01-17T12:30:00-05:00,95.49500274658203,95.71499633789062,95.34500122070312,95.41500091552734,363254.0
2024-01-17T13:30:00-05:00,95.41500091552734,95.62999725341797,95.21499633789062,95.6050033569336,620762.0
2024-01-17T14:30:00-05:00,95.61000061035156,95.7874984741211,95.50250244140625,95.52999877929688,806460.0
2024-01-17T15:30:00-05:00,95.56500244140625,96.0,95.5199966430664,95.90499877929688,1435592.0
2024-01-18T09:30:00-05:00,97.16500091552734,97.45500183105469,97.05000305175781,97.30000305175781,3033663.0
2024-01-18T10:30:00-05:00,97.31999969482422,97.76000213623047,97.16500091552734,97.74500274658203,1446951.0
2024-01-18T11:30:00-05:00,97.75,97.82250213623047,97.16999816894531,97.375,1087157.0
2024-01-18T12:30:00-05:00,97.37999725341797,97.37999725341797,96.80000305175781,96.84500122070312,778117.0
2024-01-18T13:30:00-05:00,96.8499984741211,97.72250366210938,96.84249877929688,97.70999908447266,707638.0
2024-01-18T14:30:00-05:00,97.70999908447266,97.83499908447266,97.5625,97.77999877929688,1055154.0
2024-01-18T15:30:00-05:00,97.78500366210938,97.9175033569336,97.66000366210938,97.83000183105469,1153591.0
2024-01-19T09:30:00-05:00,98.47000122070312,98.75499725341797,98.25499725341797,98.7249984741211,2532671.0
2024-01-19T10:30:00-05:00,98.72000122070312,98.97000122070312,98.57250213623047,98.91999816894531,892667.0
2024-01-19T11:30:00-05:00,98.91999816894531,99.15499877929688,98.7300033569336,99.12999725341797,673810.0
2024-01-19T12:30:00-05:00,99.125,99.50749969482422,99.11499786376953,99.48944854736328,998549.0
2024-01-19T13:30:00-05:00,99.48999786376953,100.01000213623047,99.48500061035156,99.82499694824219,981535.0
2024-01-19T14:30:00-05:00,99.83499908447266,100.0199966430664,99.65249633789062,99.96499633789062,1470920.0
2024-01-19T15:30:00-05:00,99.97000122070312,100.1050033569336,99.95555114746094,100.1050033569336,1133062.0
2024-01-22T09:30:00-05:00,100.77749633789062,101.13999938964844,100.36499786376953,100.38500213623047,2815909.0
2024-01-22T10:30:00-05:00,100.38999938964844,100.68000030517578,100.1449966430664,100.62249755859375,1138313.0
2024-01-22T11:30:00-05:00,100.62999725341797,100.78500366210938,100.40995025634766,100.61000061035156,664289.0
2024-01-22T12:30:00-05:00,100.61000061035156,100.69249725341797,100.375,100.40499877929688,434777.0
2024-01-22T13:30:00-05:00,100.4000015258789,100.7300033569336,100.38999938964844,100.62999725341797,527667.0
2024-01-22T14:30:00-05:00,100.63500213623047,100.7249984741211,100.55999755859375,100.70999908447266,751483.0
2024-01-22T15:30:00-05:00,100.70999908447266,100.71749877929688,100.48500061035156,100.51499938964844,837641.0
2024-01-23T09:30:00-05:00,100.62000274658203,100.63500213623047,100.03500366210938,100.33499908447266,1362109.0
2024-01-23T10:30:00-05:00,100.34500122070312,100.52999877929688,100.2699966430664,100.38500213623047,770044.0
2024-01-23T11:30:00-05:00,100.38999938964844,100.54750061035156,100.31999969482422,100.47505187988281,831222.0
2024-01-23T12:30:00-05:00,100.47750091552734,100.73999786376953,100.4375,100.65965270996094,668416.0
2024-01-23T13:30:00-05:00,100.66500091552734,100.69750213623047,100.55999755859375,100.58999633789062,745974.0
2024-01-23T14:30:00-05:00,100.55000305175781,100.90249633789062,100.54000091552734,100.84500122070312,798576.0
2024-01-23T15:30:00-05:00,100.83999633789062,100.99500274658203,100.73999786376953,100.93000030517578,1242414.0
2024-01-24T09:30:00-05:00,101.625,102.12750244140625,101.33499908447266,102.12000274658203,2470823.0
2024-01-24T10:30:00-05:00,102.125,102.39250183105469,101.92500305175781,102.06500244140625,1114235.0
2024-01-24T11:30:00-05:00,102.06999969482422,102.5,102.02999877929688,102.44499969482422,836107.0
2024-01-24T12:30:00-05:00,102.44499969482422,102.6449966430664,102.23500061035156,102.46499633789062,1202380.0
2024-01-24T13:30:00-05:00,102.4800033569336,102.4800033569336,101.69000244140625,101.77999877929688,1068231.0
2024-01-24T14:30:00-05:00,101.78500366210938,102.06999969482422,101.58000183105469,101.59500122070312,1137171.0
2024-01-24T15:30:00-05:00,101.59500122070312,101.92250061035156,101.54000091552734,101.63999938964844,853846.0
2024-01-25T09:30:00-05:00,102.63500213623047,102.8844985961914,102.18499755859375,102.84500122070312,2609909.0
2024-01-25T10:30:00-05:00,102.86000061035156,102.92500305175781,102.56500244140625,102.9000015258789,753125.0
2024-01-25T11:30:00-05:00,102.9000015258789,103.07250213623047,102.5199966430664,102.6050033569336,778094.0
2024-01-25T12:30:00-05:00,102.61750030517578,102.6500015258789,102.0824966430664,102.23999786376953,928156.0
2024-01-25T13:30:00-05:00,102.24479675292969,102.28500366210938,101.61750030517578,101.7300033569336,1442943.0
2024-01-25T14:30:00-05:00,101.73500061035156,101.98999786376953,101.58499908447266,101.86499786376953,875333.0
2024-01-25T15:30:00-05:00,101.86499786376953,102.06500244140625,101.82749938964844,102.05999755859375,1005354.0
2024-01-26T09:30:00-05:00,101.33499908447266,101.56500244140625,101.05500030517578,101.55000305175781,1037204.0
2024-01-26T10:30:00-05:00,101.55500030517578,101.78250122070312,101.54000091552734,101.58000183105469,700346.0
2024-01-26T11:30:00-05:00,101.58000183105469,101.63500213623047,101.29499816894531,101.3198471069336,563563.0
2024-01-26T12:30:00-05:00,101.31500244140625,101.31500244140625,100.73999786376953,100.91500091552734,695151.0
2024-01-26T13:30:00-05:00,100.92500305175781,100.94999694824219,100.6449966430664,100.80500030517578,528686.0
2024-01-26T14:30:00-05:00,100.80999755859375,101.13249969482422,100.73500061035156,100.90499877929688,795103.0
2024-01-26T15:30:00-05:00,100.90499877929688,100.92500305175781,100.75,100.8550033569336,772371.0
2024-01-29T09:30:00-05:00,101.0,101.32499694824219,100.90499877929688,101.0199966430664,893216.0
2024-01-29T10:30:00-05:00,101.01000213623047,101.12494659423828,100.80000305175781,100.95999908447266,418466.0
2024-01-29T11:30:00-05:00,100.96499633789062,101.23500061035156,100.94999694824219,101.16000366210938,344824.0
2024-01-29T12:30:00-05:00,101.16999816894531,101.19499969482422,101.0250015258789,101.14250183105469,275040.0
2024-01-29T13:30:00-05:00,101.13999938964844,101.3125,101.07499694824219,101.27954864501953,269539.0
2024-01-29T14:30:00-05:00,101.27999877929688,101.81999969482422,101.2300033569336,101.7249984741211,837645.0
2024-01-29T15:30:00-05:00,101.7300033569336,101.79000091552734,101.63500213623047,101.78500366210938,678361.0
2024-01-30T09:30:00-05:00,101.76499938964844,101.91999816894531,101.44000244140625,101.58499908447266,1200890.0
2024-01-30T10:30:00-05:00,101.58499908447266,101.66449737548828,101.19499969482422,101.37000274658203,950556.0
2024-01-30T11:30:00-05:00,101.375,101.44999694824219,100.99749755859375,101.00499725341797,588012.0
2024-01-30T12:30:00-05:00,101.01000213623047,101.04750061035156,100.75499725341797,101.0425033569336,680237.0
2024-01-30T13:30:00-05:00,101.05000305175781,101.06999969482422,100.6500015258789,100.8499984741211,479129.0
2024-01-30T14:30:00-05:00,100.8499984741211,101.09500122070312,100.84500122070312,101.0250015258789,693535.0
2024-01-30T15:30:00-05:00,101.0250015258789,101.05000305175781,100.9000015258789,100.94999694824219,1199242.0
2024-01-31T09:30:00-05:00,100.0,100.41000366210938,99.224853515625,99.26499938964844,1537358.0
2024-01-31T10:30:00-05:00,99.25,99.5999984741211,99.01499938964844,99.45999908447266,709848.0
2024-01-31T11:30:00-05:00,99.4749984741211,99.6050033569336,99.31999969482422,99.54000091552734,628953.0
2024-01-31T12:30:00-05:00,99.53500366210938,99.81749725341797,99.4000015258789,99.6500015258789,556187.0
2024-01-31T13:30:00-05:00,99.67250061035156,99.7699966430664,99.2300033569336,99.4000015258789,1099872.0
2024-01-31T14:30:00-05:00,99.40499877929688,100.27999877929688,98.97000122070312,99.28500366210938,1632673.0
2024-01-31T15:30:00-05:00,99.27999877929688,99.30500030517578,98.81500244140625,98.81500244140625,1523298.0
2024-02-01T09:30:00-05:00,99.23500061035156,99.88500213623047,99.16999816894531,99.88500213623047,1893935.0
2024-02-01T10:30:00-05:00,99.8949966430664,99.90499877929688,99.18000030517578,99.2750015258789,885183.0
2024-02-01T11:30:00-05:00,99.27999877929688,99.8550033569336,99.2750015258789,99.57499694824219,666002.0
2024-02-01T12:30:00-05:00,99.58499908447266,99.9800033569336,99.49500274658203,99.73500061035156,633687.0
2024-02-01T13:30:00-05:00,99.73500061035156,100.0250015258789,99.55999755859375,99.89544677734375,680275.0
2024-02-01T14:30:00-05:00,99.8949966430664,100.17500305175781,99.82499694824219,100.0999984741211,912390.0
2024-02-01T15:30:00-05:00,100.11000061035156,100.22250366210938,99.92749786376953,100.08999633789062,1120849.0
2024-02-02T09:30:00-05:00,99.5199966430664,100.48500061035156,99.43499755859375,100.17500305175781,1810182.0
2024-02-02T10:30:00-05:00,100.18000030517578,100.875,99.98750305175781,100.8499984741211,669653.0
2024-02-02T11:30:00-05:00,100.8550033569336,101.38500213623047,100.82499694824219,101.37000274658203,762891.0
2024-02-02T12:30:00-05:00,101.37999725341797,101.4083480834961,100.80500030517578,101.06500244140625,727305.0
2024-02-02T13:30:00-05:00,101.06500244140625,101.29499816894531,100.91999816894531,101.19499969482422,539844.0
2024-02-02T14:30:00-05:00,101.19499969482422,101.37000274658203,101.16000366210938,101.33999633789062,723177.0
2024-02-02T15:30:00-05:00,101.33499908447266,101.44000244140625,101.09500122070312,101.11000061035156,1103155.0
2024-02-05T09:30:00-05:00,101.32499694824219,101.63999938964844,100.5999984741211,100.78500366210938,1539089.0
2024-02-05T10:30:00-05:00,100.78500366210938,100.92500305175781,100.4000015258789,100.7699966430664,831165.0
2024-02-05T11:30:00-05:00,100.76499938964844,101.28500366210938,100.76499938964844,101.2658462524414,502579.0
2024-02-05T12:30:00-05:00,101.27749633789062,101.48999786376953,101.25499725341797,101.26000213623047,470307.0
2024-02-05T13:30:00-05:00,101.26000213623047,101.42500305175781,101.2300033569336,101.38500213623047,295985.0
2024-02-05T14:30:00-05:00,101.3949966430664,101.58000183105469,101.13999938964844,101.36000061035156,518138.0
2024-02-05T15:30:00-05:00,101.3550033569336,101.52999877929688,101.23999786376953,101.3499984741211,683406.0
2024-02-06T09:30:00-05:00,101.45999908447266,101.63500213623047,100.61000061035156,100.79000091552734,1440177.0
2024-02-06T10:30:00-05:00,100.77999877929688,100.95249938964844,100.61000061035156,100.86250305175781,886869.0
2024-02-06T11:30:00-05:00,100.86250305175781,100.9000015258789,100.23500061035156,100.4749984741211,926831.0
2024-02-06T12:30:00-05:00,100.4800033569336,100.62000274658203,100.31999969482422,100.61000061035156,653393.0
2024-02-06T13:30:00-05:00,100.60749816894531,100.75499725341797,100.2699966430664,100.44499969482422,584871.0
2024-02-06T14:30:00-05:00,100.44499969482422,100.76000213623047,100.43499755859375,100.67500305175781,798341.0
2024-02-06T15:30:00-05:00,100.67749786376953,100.8949966430664,100.42250061035156,100.88500213623047,892682.0
2024-02-07T09:30:00-05:00,101.59500122070312,102.1998519897461,101.19000244140625,102.19000244140625,1116551.0
2024-02-07T10:30:00-05:00,102.19499969482422,102.22000122070312,101.7699966430664,101.87999725341797,741896.0
2024-02-07T11:30:00-05:00,101.88500213623047,102.0199966430664,101.73500061035156,101.83000183105469,791436.0
2024-02-07T12:30:00-05:00,101.82330322265625,102.06999969482422,101.62999725341797,102.05999755859375,629461.0
2024-02-07T13:30:00-05:00,102.06999969482422,102.16024780273438,101.9800033569336,102.04499816894531,441546.0
2024-02-07T14:30:00-05:00,102.05750274658203,102.2249984741211,101.99500274658203,102.1500015258789,597112.0
2024-02-07T15:30:00-05:00,102.15499877929688,102.24500274658203,102.08999633789062,102.22000122070312,994214.0
2024-02-08T09:30:00-05:00,102.3949966430664,102.6480484008789,102.2699966430664,102.41500091552734,1077341.0
2024-02-08T10:30:00-05:00,102.41999816894531,102.81500244140625,102.34500122070312,102.52999877929688,759207.0
2024-02-08T11:30:00-05:00,102.52465057373047,102.7125015258789,102.49500274658203,102.68250274658203,557179.0
2024-02-08T12:30:00-05:00,102.68250274658203,102.7249984741211,102.48500061035156,102.71504974365234,562444.0
2024-02-08T13:30:00-05:00,102.72000122070312,102.79000091552734,102.46005249023438,102.46005249023438,631821.0
2024-02-08T14:30:00-05:00,102.45999908447266,102.6449966430664,102.36505126953125,102.6050033569336,587446.0
2024-02-08T15:30:00-05:00,102.60250091552734,102.62999725341797,102.44499969482422,102.55500030517578,719638.0
2024-02-09T09:30:00-05:00,102.98500061035156,103.55500030517578,102.8499984741211,103.55500030517578,1311575.0
2024-02-09T10:30:00-05:00,103.55999755859375,103.83000183105469,103.51000213623047,103.7249984741211,876662.0
2024-02-09T11:30:00-05:00,103.7249984741211,103.80000305175781,103.56500244140625,103.68499755859375,747586.0
2024-02-09T12:30:00-05:00,103.69000244140625,103.91000366210938,103.63500213623047,103.88999938964844,893495.0
2024-02-09T13:30:00-05:00,103.8949966430664,103.95500183105469,103.79499816894531,103.94999694824219,345704.0
2024-02-09T14:30:00-05:00,103.96749877929688,104.05500030517578,103.82499694824219,103.91500091552734,506530.0
2024-02-09T15:30:00-05:00,103.91500091552734,103.99500274658203,103.84500122070312,103.94999694824219,933916.0
2024-02-12T09:30:00-05:00,103.84445190429688,103.94499969482422,103.4000015258789,103.6500015258789,1010181.0
2024-02-12T10:30:00-05:00,103.6500015258789,104.08499908447266,103.61000061035156,104.03250122070312,562861.0
2024-02-12T11:30:00-05:00,104.0425033569336,104.23500061035156,103.87999725341797,103.95500183105469,647145.0
2024-02-12T12:30:00-05:00,103.95999908447266,104.11000061035156,103.7750015258789,103.78500366210938,498598.0
2024-02-12T13:30:00-05:00,103.78250122070312,103.78500366210938,102.9800033569336,103.2249984741211,896765.0
2024-02-12T14:30:00-05:00,103.21499633789062,103.29000091552734,102.99500274658203,103.16999816894531,832485.0
2024-02-12T15:30:00-05:00,103.17500305175781,103.22374725341797,103.02999877929688,103.125,835830.0
2024-02-13T09:30:00-05:00,100.8949966430664,101.63249969482422,100.63500213623047,101.63249969482422,2622616.0
2024-02-13T10:30:00-05:00,101.63494873046875,102.05999755859375,101.58499908447266,101.83499908447266,1229351.0
2024-02-13T11:30:00-05:00,101.83000183105469,101.88500213623047,101.40499877929688,101.44000244140625,957583.0
2024-02-13T12:30:00-05:00,101.44999694824219,101.67250061035156,101.24500274658203,101.43000030517578,758738.0
2024-02-13T13:30:00-05:00,101.42500305175781,101.47250366210938,100.8499984741211,100.9749984741211,775275.0
2024-02-13T14:30:00-05:00,100.97000122070312,101.16999816894531,100.5875015258789,100.75499725341797,1584748.0
2024-02-13T15:30:00-05:00,100.75749969482422,101.38999938964844,100.7249984741211,101.36499786376953,1531625.0
2024-02-14T09:30:00-05:00,102.13500213623047,102.31999969482422,101.78250122070312,102.2750015258789,1024709.0
2024-02-14T10:30:00-05:00,102.30000305175781,102.30000305175781,101.49500274658203,101.79000091552734,791863.0
2024-02-14T11:30:00-05:00,101.79499816894531,101.88500213623047,101.41500091552734,101.81535339355469,465724.0
2024-02-14T12:30:00-05:00,101.81999969482422,101.91500091552734,101.61000061035156,101.71499633789062,385567.0
2024-02-14T13:30:00-05:00,101.74500274658203,102.06999969482422,101.58999633789062,101.87999725341797,459626.0
2024-02-14T14:30:00-05:00,101.87999725341797,102.21499633789062,101.84500122070312,102.18000030517578,738999.0
2024-02-14T15:30:00-05:00,102.19000244140625,102.5199966430664,102.11499786376953,102.42500305175781,1279369.0
2024-02-15T09:30:00-05:00,102.57499694824219,102.67500305175781,101.75499725341797,101.8550033569336,1352964.0
2024-02-15T10:30:00-05:00,101.86000061035156,102.18000030517578,101.65499877929688,101.91999816894531,783663.0
2024-02-15T11:30:00-05:00,101.91999816894531,102.03500366210938,101.69249725341797,101.98500061035156,495324.0
2024-02-15T12:30:00-05:00,101.99500274658203,102.1675033569336,101.8550033569336,102.15499877929688,419602.0
2024-02-15T13:30:00-05:00,102.16000366210938,102.22000122070312,101.93499755859375,102.12000274658203,663185.0
2024-02-15T14:30:00-05:00,102.11750030517578,102.19000244140625,101.8949966430664,102.04499816894531,529740.0
2024-02-15T15:30:00-05:00,102.0425033569336,102.26000213623047,101.95249938964844,102.20500183105469,999168.0
2024-02-16T09:30:00-05:00,102.5,102.70500183105469,101.25499725341797,101.58999633789062,1669682.0
2024-02-16T10:30:00-05:00,101.5999984741211,102.19000244140625,101.45999908447266,102.06999969482422,685861.0
2024-02-16T11:30:00-05:00,102.11000061035156,102.19999694824219,101.89749908447266,102.15249633789062,518746.0
2024-02-16T12:30:00-05:00,102.15499877929688,102.19000244140625,101.68499755859375,101.83000183105469,371394.0
2024-02-16T13:30:00-05:00,101.83999633789062,102.2249984741211,101.81999969482422,102.15499877929688,281804.0
2024-02-16T14:30:00-05:00,102.16500091552734,102.17500305175781,101.41500091552734,101.53500366210938,812596.0
2024-02-16T15:30:00-05:00,101.54000091552734,101.55999755859375,101.14749908447266,101.2699966430664,1011074.0
2024-02-20T09:30:00-05:00,100.83999633789062,101.05000305175781,99.41000366210938,99.45999908447266,2454902.0
2024-02-20T10:30:00-05:00,99.45500183105469,100.0,99.25,99.94999694824219,1086457.0
2024-02-20T11:30:00-05:00,99.94750213623047,99.94750213623047,99.31500244140625,99.38999938964844,866803.0
2024-02-20T12:30:00-05:00,99.38999938964844,99.79000091552734,99.2699966430664,99.52999877929688,888967.0
2024-02-20T13:30:00-05:00,99.5250015258789,99.875,99.44999694824219,99.83499908447266,556730.0
2024-02-20T14:30:00-05:00,99.84500122070312,100.19499969482422,99.75,100.1449966430664,897214.0
2024-02-20T15:30:00-05:00,100.13999938964844,100.27999877929688,99.79000091552734,100.2750015258789,1557754.0
2024-02-21T09:30:00-05:00,99.13500213623047,99.41500091552734,98.81500244140625,99.13500213623047,1722985.0
2024-02-21T10:30:00-05:00,99.13999938964844,99.33999633789062,99.01499938964844,99.15499877929688,566378.0
2024-02-21T11:30:00-05:00,99.16000366210938,99.30000305175781,98.83999633789062,98.93499755859375,846234.0
2024-02-21T12:30:00-05:00,98.93984985351562,99.16000366210938,98.80999755859375,98.97000122070312,756380.0
2024-02-21T13:30:00-05:00,98.97250366210938,99.11499786376953,98.58499908447266,98.7074966430664,849947.0
2024-02-21T14:30:00-05:00,98.70500183105469,98.82499694824219,98.53500366210938,98.80500030517578,1120914.0
2024-02-21T15:30:00-05:00,98.80999755859375,99.5999984741211,98.80999755859375,99.58499908447266,1445359.0
2024-02-22T09:30:00-05:00,102.33820343017578,102.74500274658203,101.96499633789062,102.6500015258789,2893899.0
2024-02-22T10:30:00-05:00,102.65499877929688,102.75499725341797,102.2249984741211,102.44499969482422,1299282.0
2024-02-22T11:30:00-05:00,102.45500183105469,102.625,102.31500244140625,102.54000091552734,715501.0
2024-02-22T12:30:00-05:00,102.54499816894531,102.74500274658203,102.43499755859375,102.68499755859375,657353.0
2024-02-22T13:30:00-05:00,102.69000244140625,103.1624984741211,102.6500015258789,103.14505004882812,714714.0
2024-02-22T14:30:00-05:00,103.15499877929688,103.16000366210938,102.79499816894531,102.93250274658203,1323930.0
2024-02-22T15:30:00-05:00,102.93499755859375,103.09750366210938,102.8499984741211,102.8949966430664,1366225.0
2024-02-23T09:30:00-05:00,103.69999694824219,103.83000183105469,103.00565338134766,103.05000305175781,1393470.0
2024-02-23T10:30:00-05:00,103.05500030517578,103.1500015258789,102.31999969482422,102.73500061035156,1495856.0
2024-02-23T11:30:00-05:00,102.73500061035156,103.01000213623047,102.58499908447266,102.69499969482422,767747.0
2024-02-23T12:30:00-05:00,102.69000244140625,103.0250473022461,102.54499816894531,102.96749877929688,461150.0
2024-02-23T13:30:00-05:00,102.97000122070312,103.0,102.72000122070312,102.74500274658203,478452.0
2024-02-23T14:30:00-05:00,102.75499725341797,102.91999816894531,102.56500244140625,102.59500122070312,516358.0
2024-02-23T15:30:00-05:00,102.5999984741211,102.84750366210938,102.53500366210938,102.63500213623047,876699.0
2024-02-26T09:30:00-05:00,103.1875,103.3499984741211,102.63999938964844,102.9800033569336,1382992.0
2024-02-26T10:30:00-05:00,102.98500061035156,103.16999816894531,102.81999969482422,102.9800033569336,577085.0
2024-02-26T11:30:00-05:00,102.97750091552734,103.23999786376953,102.96499633789062,103.20999908447266,417399.0
2024-02-26T12:30:00-05:00,103.20249938964844,103.27249908447266,102.95249938964844,102.9749984741211,365307.0
2024-02-26T13:30:00-05:00,102.9800033569336,103.20500183105469,102.84249877929688,103.16500091552734,549902.0
2024-02-26T14:30:00-05:00,103.1675033569336,103.2300033569336,102.93000030517578,102.96499633789062,1659112.0
2024-02-26T15:30:00-05:00,102.96749877929688,103.00499725341797,102.7300033569336,102.75,4026645.0
2024-02-27T09:30:00-05:00,102.8949966430664,102.96499633789062,102.26000213623047,102.72000122070312,1485792.0
2024-02-27T10:30:00-05:00,102.71499633789062,102.83499908447266,102.48999786376953,102.49250030517578,522069.0
2024-02-27T11:30:00-05:00,102.49500274658203,102.6875,102.36499786376953,102.42250061035156,446576.0
2024-02-27T12:30:00-05:00,102.43499755859375,102.47250366210938,102.06999969482422,102.25,506061.0
2024-02-27T13:30:00-05:00,102.25499725341797,102.7874984741211,102.2300033569336,102.77999877929688,464726.0
2024-02-27T14:30:00-05:00,102.79000091552734,102.95999908447266,102.71499633789062,102.87000274658203,612222.0
2024-02-27T15:30:00-05:00,102.86499786376953,102.91000366210938,102.69000244140625,102.8550033569336,853295.0
2024-02-28T09:30:00-05:00,102.49500274658203,102.62999725341797,101.97994995117188,102.1449966430664,965945.0
2024-02-28T10:30:00-05:00,102.13999938964844,102.59500122070312,102.11499786376953,102.54000091552734,484405.0
2024-02-28T11:30:00-05:00,102.55000305175781,102.61499786376953,102.2300033569336,102.26499938964844,413205.0
2024-02-28T12:30:00-05:00,102.26000213623047,102.34500122070312,102.03500366210938,102.33000183105469,361381.0
2024-02-28T13:30:00-05:00,102.33499908447266,102.44499969482422,102.19000244140625,102.22000122070312,441108.0
2024-02-28T14:30:00-05:00,102.21499633789062,102.37999725341797,102.08499908447266,102.375,447805.0
2024-02-28T15:30:00-05:00,102.375,102.41500091552734,102.18000030517578,102.375,743580.0
2024-02-29T09:30:00-05:00,102.8949966430664,103.26000213623047,102.7300033569336,103.03500366210938,1097266.0
2024-02-29T10:30:00-05:00,103.04000091552734,103.2249984741211,102.73999786376953,102.86000061035156,474377.0
2024-02-29T11:30:00-05:00,102.8550033569336,102.93499755859375,102.31999969482422,102.75,676418.0
2024-02-29T12:30:00-05:00,102.74749755859375,103.2249984741211,102.74749755859375,103.18499755859375,588805.0
2024-02-29T13:30:00-05:00,103.19499969482422,103.34500122070312,103.05750274658203,103.13999938964844,484872.0
2024-02-29T14:30:00-05:00,103.13999938964844,103.32499694824219,103.05249786376953,103.31500244140625,567914.0
2024-02-29T15:30:00-05:00,103.3324966430664,103.73249816894531,103.26000213623047,103.4749984741211,1747563.0
2024-03-01T09:30:00-05:00,103.75499725341797,104.44999694824219,103.70500183105469,104.30000305175781,1540221.0
2024-03-01T10:30:00-05:00,104.30500030517578,104.68000030517578,104.05000305175781,104.63999938964844,1033608.0
2024-03-01T11:30:00-05:00,104.64749908447266,104.79499816894531,104.43499755859375,104.77999877929688,765810.0
2024-03-01T12:30:00-05:00,104.78500366210938,105.13249969482422,104.73750305175781,105.12249755859375,630601.0
2024-03-01T13:30:00-05:00,105.13500213623047,105.51000213623047,105.07499694824219,105.51000213623047,611305.0
2024-03-01T14:30:00-05:00,105.51000213623047,105.52999877929688,105.17500305175781,105.31500244140625,727724.0
2024-03-01T15:30:00-05:00,105.31999969482422,105.43000030517578,105.24500274658203,105.375,1008859.0
2024-03-04T09:30:00-05:00,105.2300033569336,105.54000091552734,104.99500274658203,105.30999755859375,1891605.0
2024-03-04T10:30:00-05:00,105.3125,105.66500091552734,105.28500366210938,105.55000305175781,1432562.0
2024-03-04T11:30:00-05:00,105.55249786376953,105.75749969482422,105.4000015258789,105.73249816894531,1123843.0
2024-03-04T12:30:00-05:00,105.7300033569336,105.75250244140625,105.38500213623047,105.48500061035156,1061433.0
2024-03-04T13:30:00-05:00,105.48999786376953,105.72250366210938,105.48500061035156,105.65750122070312,969375.0
2024-03-04T14:30:00-05:00,105.65750122070312,105.98249816894531,105.65499877929688,105.79000091552734,1584961.0
2024-03-04T15:30:00-05:00,105.78500366210938,105.8499984741211,105.30500030517578,105.37014770507812,1978421.0
2024-03-05T09:30:00-05:00,104.33999633789062,104.38999938964844,103.00499725341797,103.03500366210938,1834963.0
2024-03-05T10:30:00-05:00,103.02999877929688,103.17500305175781,102.59750366210938,103.08999633789062,1342826.0
2024-03-05T11:30:00-05:00,103.08499908447266,103.13500213623047,102.69000244140625,103.05999755859375,714521.0
2024-03-05T12:30:00-05:00,103.06500244140625,103.09500122070312,102.54474639892578,102.6449966430664,852262.0
2024-03-05T13:30:00-05:00,102.63999938964844,102.71499633789062,102.30999755859375,102.45999908447266,985831.0
2024-03-05T14:30:00-05:00,102.4574966430664,102.4749984741211,102.125,102.1675033569336,1445655.0
2024-03-05T15:30:00-05:00,102.1675033569336,102.79499816894531,102.13500213623047,102.7750015258789,1625087.0
2024-03-06T09:30:00-05:00,103.86499786376953,103.95500183105469,102.91000366210938,103.40499877929688,1684607.0
2024-03-06T10:30:00-05:00,103.38999938964844,103.9800033569336,103.2699966430664,103.93499755859375,785023.0
2024-03-06T11:30:00-05:00,103.94999694824219,104.32499694824219,103.71499633789062,104.26995086669922,732290.0
2024-03-06T12:30:00-05:00,104.2750015258789,104.38420104980469,104.04499816894531,104.26000213623047,475906.0
2024-03-06T13:30:00-05:00,104.27749633789062,104.28500366210938,103.3550033569336,103.77130126953125,1205004.0
2024-03-06T14:30:00-05:00,103.76249694824219,103.86499786376953,103.18000030517578,103.33074951171875,631827.0
2024-03-06T15:30:00-05:00,103.33999633789062,103.68000030517578,103.11750030517578,103.56999969482422,1112787.0
2024-03-07T09:30:00-05:00,104.48999786376953,104.72000122070312,103.97000122070312,104.72000122070312,1192058.0
2024-03-07T10:30:00-05:00,104.63500213623047,105.1050033569336,104.58999633789062,105.06500244140625,718884.0
2024-03-07T11:30:00-05:00,105.04000091552734,105.36750030517578,104.91999816894531,105.20500183105469,654354.0
2024-03-07T12:30:00-05:00,105.19000244140625,105.28250122070312,105.01000213623047,105.27999877929688,512711.0
2024-03-07T13:30:00-05:00,105.28500366210938,105.55999755859375,105.25499725341797,105.449951171875,640018.0
2024-03-07T14:30:00-05:00,105.4749984741211,105.51249694824219,105.08999633789062,105.1449966430664,758860.0
2024-03-07T15:30:00-05:00,105.1449966430664,105.4175033569336,105.13999938964844,105.23999786376953,1177070.0
2024-03-08T09:30:00-05:00,105.43000030517578,106.1500015258789,105.20500183105469,106.11250305175781,1530662.0
2024-03-08T10:30:00-05:00,106.12999725341797,106.17500305175781,104.55999755859375,104.6050033569336,1352023.0
2024-03-08T11:30:00-05:00,104.58999633789062,104.83999633789062,104.23999786376953,104.63500213623047,1195347.0
2024-03-08T12:30:00-05:00,104.67500305175781,104.75,103.72000122070312,103.8949966430664,755944.0
2024-03-08T13:30:00-05:00,103.8550033569336,104.41500091552734,103.61000061035156,104.34500122070312,523105.0
2024-03-08T14:30:00-05:00,104.3499984741211,104.68000030517578,103.81500244140625,103.8550033569336,763292.0
2024-03-08T15:30:00-05:00,103.84500122070312,104.09500122070312,103.62999725341797,103.62999725341797,1061186.0
2024-03-11T09:30:00-04:00,103.19999694824219,103.43000030517578,102.68000030517578,103.04499816894531,1935125.0
2024-03-11T10:30:00-04:00,103.04499816894531,103.56999969482422,102.9800033569336,102.99500274658203,1352298.0
2024-03-11T11:30:00-04:00,102.99500274658203,103.44499969482422,102.91999816894531,103.29499816894531,875151.0
2024-03-11T12:30:00-04:00,103.30000305175781,103.48500061035156,103.125,103.41999816894531,636366.0
2024-03-11T13:30:00-04:00,103.42500305175781,103.51499938964844,103.11000061035156,103.40750122070312,698968.0
2024-03-11T14:30:00-04:00,103.41500091552734,103.62000274658203,103.20500183105469,103.26249694824219,679950.0
2024-03-11T15:30:00-04:00,103.26249694824219,103.5,103.2300033569336,103.38500213623047,1499381.0
2024-03-12T09:30:00-04:00,104.38500213623047,104.68499755859375,103.3949966430664,104.66000366210938,1795204.0
2024-03-12T10:30:00-04:00,104.66000366210938,105.13999938964844,104.66000366210938,105.12999725341797,1144840.0
2024-03-12T11:30:00-04:00,105.12999725341797,105.13999938964844,104.75499725341797,104.80999755859375,966663.0
2024-03-12T12:30:00-04:00,104.81500244140625,104.94000244140625,104.41000366210938,104.79000091552734,990737.0
2024-03-12T13:30:00-04:00,104.8499984741211,105.19000244140625,104.7699966430664,105.19000244140625,597640.0
2024-03-12T14:30:00-04:00,105.19000244140625,105.37999725341797,104.93000030517578,105.3499984741211,1208436.0
2024-03-12T15:30:00-04:00,105.35250091552734,105.5199966430664,105.30000305175781,105.4749984741211,1496775.0
2024-03-13T09:30:00-04:00,105.19000244140625,105.25,104.12000274658203,104.29000091552734,1530470.0
2024-03-13T10:30:00-04:00,104.27999877929688,104.55500030517578,104.11250305175781,104.13500213623047,857478.0
2024-03-13T11:30:00-04:00,104.13494873046875,104.29550170898438,103.93499755859375,104.18000030517578,564809.0
2024-03-13T12:30:00-04:00,104.22000122070312,104.55999755859375,104.10250091552734,104.51499938964844,586692.0
2024-03-13T13:30:00-04:00,104.51499938964844,104.63500213623047,104.4000015258789,104.5999984741211,587705.0
2024-03-13T14:30:00-04:00,104.5999984741211,104.74500274658203,104.06999969482422,104.22000122070312,908037.0
2024-03-13T15:30:00-04:00,104.2249984741211,104.50755310058594,104.18499755859375,104.30500030517578,1094383.0
2024-03-14T09:30:00-04:00,104.6449966430664,105.18000030517578,104.0199966430664,104.77999877929688,1644812.0
2024-03-14T10:30:00-04:00,104.79000091552734,104.97000122070312,104.48999786376953,104.55999755859375,960367.0
2024-03-14T11:30:00-04:00,104.58000183105469,104.75,104.24500274658203,104.5,747878.0
2024-03-14T12:30:00-04:00,104.5,104.62000274658203,104.0,104.21499633789062,756579.0
2024-03-14T13:30:00-04:00,104.21499633789062,104.81500244140625,104.1500015258789,104.66500091552734,833106.0
2024-03-14T14:30:00-04:00,104.66999816894531,104.71749877929688,103.76499938964844,103.88999938964844,1134740.0
2024-03-14T15:30:00-04:00,103.8949966430664,104.41999816894531,103.75250244140625,104.41999816894531,1730289.0
2024-03-15T09:30:00-04:00,102.88999938964844,103.36000061035156,102.4800033569336,102.91999816894531,2252415.0
2024-03-15T10:30:00-04:00,102.92500305175781,103.33499908447266,102.75499725341797,102.91500091552734,996621.0
2024-03-15T11:30:00-04:00,102.91000366210938,102.96005249023438,102.50499725341797,102.6050033569336,820366.0
2024-03-15T12:30:00-04:00,102.61000061035156,102.75499725341797,102.3949966430664,102.61499786376953,1060582.0
2024-03-15T13:30:00-04:00,102.61499786376953,102.86000061035156,102.55000305175781,102.69499969482422,874542.0
2024-03-15T14:30:00-04:00,102.68000030517578,103.06500244140625,102.6624984741211,102.95999908447266,1333805.0
2024-03-15T15:30:00-04:00,102.95999908447266,102.98500061035156,102.69000244140625,102.80500030517578,2263270.0
2024-03-18T09:30:00-04:00,103.54499816894531,104.20999908447266,103.52999877929688,104.12000274658203,2325765.0
2024-03-18T10:30:00-04:00,104.125,104.15750122070312,103.52999877929688,103.70500183105469,687623.0
2024-03-18T11:30:00-04:00,103.70500183105469,103.70500183105469,103.40499877929688,103.54499816894531,701212.0
2024-03-18T12:30:00-04:00,103.54499816894531,103.56999969482422,103.17500305175781,103.5,663256.0
2024-03-18T13:30:00-04:00,103.51000213623047,103.73999786376953,103.26499938964844,103.73500061035156,734867.0
2024-03-18T14:30:00-04:00,103.73999786376953,103.73999786376953,103.40499877929688,103.61000061035156,714785.0
2024-03-18T15:30:00-04:00,103.61000061035156,103.69000244140625,103.06999969482422,103.1449966430664,1067857.0
2024-03-19T09:30:00-04:00,102.6449966430664,102.76499938964844,102.12999725341797,102.4000015258789,1357204.0
2024-03-19T10:30:00-04:00,102.38249969482422,102.875,102.36499786376953,102.79499816894531,722912.0
2024-03-19T11:30:00-04:00,102.81500244140625,103.26249694824219,102.80999755859375,103.22750091552734,749950.0
2024-03-19T12:30:00-04:00,103.22750091552734,103.625,103.22750091552734,103.50499725341797,646389.0
2024-03-19T13:30:00-04:00,103.51499938964844,103.65499877929688,103.43499755859375,103.55999755859375,537187.0
2024-03-19T14:30:00-04:00,103.5625,103.69000244140625,103.26000213623047,103.37999725341797,717864.0
2024-03-19T15:30:00-04:00,103.37750244140625,103.69999694824219,103.34100341796875,103.63999938964844,1533810.0
2024-03-20T09:30:00-04:00,103.83999633789062,103.91500091552734,103.3989486694336,103.71499633789062,847951.0
2024-03-20T10:30:00-04:00,103.71499633789062,103.75499725341797,103.43499755859375,103.69000244140625,413388.0
2024-03-20T11:30:00-04:00,103.69000244140625,103.80000305175781,103.50499725341797,103.73500061035156,340732.0
2024-03-20T12:30:00-04:00,103.73500061035156,103.79000091552734,103.52999877929688,103.54425048828125,322953.0
2024-03-20T13:30:00-04:00,103.53500366210938,104.3550033569336,103.43499755859375,104.18499755859375,1130694.0
2024-03-20T14:30:00-04:00,104.19000244140625,104.79000091552734,103.70999908447266,104.75499725341797,2041014.0
2024-03-20T15:30:00-04:00,104.75499725341797,104.87999725341797,104.5,104.83499908447266,1362039.0
2024-03-21T09:30:00-04:00,105.96499633789062,105.96499633789062,105.43489837646484,105.61000061035156,1431123.0
2024-03-21T10:30:00-04:00,105.6050033569336,105.66500091552734,105.21499633789062,105.5199966430664,975309.0
2024-03-21T11:30:00-04:00,105.5199966430664,105.80500030517578,105.47750091552734,105.79000091552734,540891.0
2024-03-21T12:30:00-04:00,105.79499816894531,105.83499908447266,105.51499938964844,105.55000305175781,563405.0
2024-03-21T13:30:00-04:00,105.53500366210938,105.53500366210938,104.96499633789062,105.2081527709961,741288.0
2024-03-21T14:30:00-04:00,105.20500183105469,105.20999908447266,104.83000183105469,105.05249786376953,758177.0
2024-03-21T15:30:00-04:00,105.05000305175781,105.16000366210938,104.88999938964844,104.93000030517578,1036944.0
2024-03-22T09:30:00-04:00,104.92500305175781,105.0199966430664,104.55000305175781,104.73999786376953,835938.0
2024-03-22T10:30:00-04:00,104.73999786376953,104.93000030517578,104.55999755859375,104.8550033569336,516422.0
2024-03-22T11:30:00-04:00,104.86000061035156,104.98249816894531,104.73999786376953,104.8550033569336,432441.0
2024-03-22T12:30:00-04:00,104.87000274658203,105.30999755859375,104.70999908447266,105.20999908447266,394890.0
2024-03-22T13:30:00-04:00,105.20999908447266,105.33999633789062,105.03500366210938,105.22245025634766,2065802.0
2024-03-22T14:30:00-04:00,105.2249984741211,105.23999786376953,104.82250213623047,104.94499969482422,595991.0
2024-03-22T15:30:00-04:00,104.94000244140625,105.10749816894531,104.87000274658203,104.93000030517578,757918.0
2024-03-25T09:30:00-04:00,103.95999908447266,104.40499877929688,103.66000366210938,104.25499725341797,1299550.0
2024-03-25T10:30:00-04:00,104.2699966430664,104.54205322265625,104.22260284423828,104.44999694824219,497134.0
2024-03-25T11:30:00-04:00,104.45500183105469,104.62249755859375,104.33499908447266,104.45500183105469,343760.0
2024-03-25T12:30:00-04:00,104.46499633789062,104.59500122070312,104.37750244140625,104.56500244140625,440073.0
2024-03-25T13:30:00-04:00,104.5625,104.66500091552734,104.50250244140625,104.61250305175781,252615.0
2024-03-25T14:30:00-04:00,104.61499786376953,104.70249938964844,104.4301528930664,104.46749877929688,404941.0
2024-03-25T15:30:00-04:00,104.46499633789062,104.59750366210938,104.2125015258789,104.23999786376953,888811.0
2024-03-26T09:30:00-04:00,104.63500213623047,104.80500030517578,104.38749694824219,104.49500274658203,854518.0
2024-03-26T10:30:00-04:00,104.5,104.57499694824219,104.2699966430664,104.47000122070312,437523.0
2024-03-26T11:30:00-04:00,104.4749984741211,104.6449966430664,104.375,104.51004791259766,276815.0
2024-03-26T12:30:00-04:00,104.51499938964844,104.51499938964844,104.25499725341797,104.38500213623047,411149.0
2024-03-26T13:30:00-04:00,104.38500213623047,104.44000244140625,104.26499938964844,104.43250274658203,335034.0
2024-03-26T14:30:00-04:00,104.42500305175781,104.44249725341797,104.12750244140625,104.18000030517578,324696.0
2024-03-26T15:30:00-04:00,104.18499755859375,104.19000244140625,103.74500274658203,103.83000183105469,1443309.0
2024-03-27T09:30:00-04:00,104.48500061035156,104.54000091552734,103.55999755859375,103.73999786376953,1467588.0
2024-03-27T10:30:00-04:00,103.73999786376953,103.97000122070312,103.69499969482422,103.69999694824219,717308.0
2024-03-27T11:30:00-04:00,103.73500061035156,103.81500244140625,103.5625,103.75499725341797,563945.0
2024-03-27T12:30:00-04:00,103.76000213623047,103.90499877929688,103.63500213623047,103.76000213623047,440181.0
2024-03-27T13:30:00-04:00,103.7699966430664,104.01499938964844,103.70500183105469,103.97000122070312,467275.0
2024-03-27T14:30:00-04:00,103.98500061035156,104.00499725341797,103.68000030517578,103.91000366210938,801939.0
2024-03-27T15:30:00-04:00,103.9124984741211,104.37000274658203,103.86750030517578,104.34500122070312,1448936.0
2024-03-28T09:30:00-04:00,104.11499786376953,104.43499755859375,103.92500305175781,104.13500213623047,1048727.0
2024-03-28T10:30:00-04:00,104.13999938964844,104.29499816894531,104.06500244140625,104.20500183105469,559131.0
2024-03-28T11:30:00-04:00,104.22000122070312,104.30000305175781,104.0199966430664,104.18000030517578,325627.0
2024-03-28T12:30:00-04:00,104.18000030517578,104.18499755859375,103.99500274658203,104.01499938964844,363365.0
2024-03-28T13:30:00-04:00,104.00675201416016,104.1875,103.98999786376953,104.17500305175781,305395.0
2024-03-28T14:30:00-04:00,104.19000244140625,104.42400360107422,104.05500030517578,104.362548828125,413151.0
2024-03-28T15:30:00-04:00,104.37000274658203,104.40499877929688,104.08999633789062,104.12999725341797,1040743.0
2024-04-01T09:30:00-04:00,104.3550033569336,105.03500366210938,104.29499816894531,104.63500213623047,1590542.0
2024-04-01T10:30:00-04:00,104.63999938964844,104.70500183105469,104.05999755859375,104.32499694824219,882139.0
2024-04-01T11:30:00-04:00,104.31999969482422,104.43499755859375,104.04499816894531,104.40499877929688,698382.0
2024-04-01T12:30:00-04:00,104.40750122070312,104.45500183105469,104.06749725341797,104.22000122070312,574178.0
2024-04-01T13:30:00-04:00,104.2249984741211,104.33999633789062,104.18499755859375,104.2750015258789,386549.0
2024-04-01T14:30:00-04:00,104.26750183105469,104.38999938964844,104.20999908447266,104.24500274658203,602958.0
2024-04-01T15:30:00-04:00,104.25,104.54000091552734,104.19499969482422,104.43499755859375,996318.0
2024-04-02T09:30:00-04:00,103.26499938964844,103.36499786376953,102.58000183105469,102.86000061035156,1496268.0
2024-04-02T10:30:00-04:00,102.86000061035156,103.16999816894531,102.7750015258789,103.125,700011.0
2024-04-02T11:30:00-04:00,103.125,103.24500274658203,102.87999725341797,102.98999786376953,717429.0
2024-04-02T12:30:00-04:00,102.98999786376953,103.25,102.95999908447266,103.18499755859375,631660.0
2024-04-02T13:30:00-04:00,103.19000244140625,103.30000305175781,103.1449966430664,103.23999786376953,399121.0
2024-04-02T14:30:00-04:00,103.23750305175781,103.38999938964844,103.17500305175781,103.33999633789062,504551.0
2024-04-02T15:30:00-04:00,103.3550033569336,103.56849670410156,103.31500244140625,103.43499755859375,931852.0
2024-04-03T09:30:00-04:00,102.9000015258789,104.01499938964844,102.9000015258789,103.96499633789062,1057605.0
2024-04-03T10:30:00-04:00,103.98500061035156,104.21749877929688,103.9625015258789,104.18499755859375,507341.0
2024-04-03T11:30:00-04:00,104.19000244140625,104.2300033569336,103.8499984741211,104.08499908447266,578294.0
2024-04-03T12:30:00-04:00,104.08499908447266,104.13999938964844,103.74500274658203,104.05500030517578,615699.0
2024-04-03T13:30:00-04:00,104.05999755859375,104.1500015258789,103.9800033569336,104.04750061035156,337097.0
2024-04-03T14:30:00-04:00,104.03500366210938,104.1050033569336,103.32499694824219,103.49749755859375,1059589.0
2024-04-03T15:30:00-04:00,103.49749755859375,103.76249694824219,103.40499877929688,103.68000030517578,1036677.0
2024-04-04T09:30:00-04:00,104.68499755859375,105.05000305175781,104.48750305175781,104.69999694824219,1045312.0
2024-04-04T10:30:00-04:00,104.70500183105469,104.70999908447266,104.41000366210938,104.5250015258789,390643.0
2024-04-04T11:30:00-04:00,104.52999877929688,104.87000274658203,104.5,104.80500030517578,425497.0
2024-04-04T12:30:00-04:00,104.80999755859375,104.83000183105469,104.69000244140625,104.7249984741211,258109.0
2024-04-04T13:30:00-04:00,104.7300033569336,104.75749969482422,103.40750122070312,103.45500183105469,1020511.0
2024-04-04T14:30:00-04:00,103.44999694824219,103.44999694824219,102.1500015258789,102.16000366210938,2262976.0
2024-04-04T15:30:00-04:00,102.1624984741211,102.4749984741211,102.0,102.04499816894531,2562143.0
2024-04-05T09:30:00-04:00,102.5,102.9000015258789,102.21499633789062,102.56500244140625,1271814.0
2024-04-05T10:30:00-04:00,102.57499694824219,103.26000213623047,102.49500274658203,103.1624984741211,1118162.0
2024-04-05T11:30:00-04:00,103.1449966430664,103.63500213623047,103.11000061035156,103.45999908447266,917827.0
2024-04-05T12:30:00-04:00,103.47000122070312,103.75,103.34500122070312,103.50499725341797,582781.0
2024-04-05T13:30:00-04:00,103.51000213623047,103.61499786376953,102.92500305175781,103.0999984741211,942058.0
2024-04-05T14:30:00-04:00,103.0999984741211,103.32499694824219,102.96749877929688,103.18000030517578,655271.0
2024-04-05T15:30:00-04:00,103.16500091552734,103.41500091552734,103.1624984741211,103.21499633789062,804716.0
2024-04-08T09:30:00-04:00,103.29000091552734,103.43250274658203,102.7249984741211,103.41999816894531,1115453.0
2024-04-08T10:30:00-04:00,103.42500305175781,103.62999725341797,103.26000213623047,103.30500030517578,448786.0
2024-04-08T11:30:00-04:00,103.28500366210938,103.28500366210938,102.79000091552734,102.95999908447266,507753.0
2024-04-08T12:30:00-04:00,102.95500183105469,103.20500183105469,102.93994903564453,103.16999816894531,467437.0
2024-04-08T13:30:00-04:00,103.16999816894531,103.23999786376953,102.9800033569336,103.18000030517578,485445.0
2024-04-08T14:30:00-04:00,103.18499755859375,103.26589965820312,103.06500244140625,103.25,317021.0
2024-04-08T15:30:00-04:00,103.2405014038086,103.3499984741211,103.02999877929688,103.0999984741211,619344.0
2024-04-09T09:30:00-04:00,103.63500213623047,103.8499984741211,103.03500366210938,103.0999984741211,886097.0
2024-04-09T10:30:00-04:00,103.1050033569336,103.11000061035156,102.33000183105469,102.73500061035156,945315.0
2024-04-09T11:30:00-04:00,102.73500061035156,103.21499633789062,102.66500091552734,103.1050033569336,436282.0
2024-04-09T12:30:00-04:00,103.11000061035156,103.2249984741211,102.95500183105469,103.11499786376953,353093.0
2024-04-09T13:30:00-04:00,103.11000061035156,103.23500061035156,102.87999725341797,102.94999694824219,385280.0
2024-04-09T14:30:00-04:00,102.94999694824219,103.4000015258789,102.69529724121094,103.37999725341797,643683.0
2024-04-09T15:30:00-04:00,103.37999725341797,103.62999725341797,103.12249755859375,103.62000274658203,805165.0
2024-04-10T09:30:00-04:00,102.44499969482422,102.71499633789062,102.19499969482422,102.41999816894531,1498264.0
2024-04-10T10:30:00-04:00,102.41999816894531,102.7354965209961,102.04499816894531,102.37999725341797,571963.0
2024-04-10T11:30:00-04:00,102.38999938964844,102.38999938964844,102.01000213623047,102.15979766845703,485078.0
2024-04-10T12:30:00-04:00,102.15499877929688,102.58000183105469,101.94499969482422,102.2699966430664,902713.0
2024-04-10T13:30:00-04:00,102.26499938964844,102.48999786376953,101.91500091552734,102.0999984741211,1130008.0
2024-04-10T14:30:00-04:00,102.0999984741211,102.54000091552734,101.9625015258789,102.31999969482422,1166175.0
2024-04-10T15:30:00-04:00,102.33000183105469,102.59500122070312,102.16500091552734,102.33499908447266,952018.0
2024-04-11T09:30:00-04:00,102.80999755859375,102.91500091552734,102.3125,102.58499908447266,945971.0
2024-04-11T10:30:00-04:00,102.58499908447266,102.94999694824219,102.53500366210938,102.79000091552734,485564.0
2024-04-11T11:30:00-04:00,102.79000091552734,103.19999694824219,102.7750015258789,103.0250015258789,341315.0
2024-04-11T12:30:00-04:00,103.02999877929688,103.8499984741211,103.0,103.77999877929688,555989.0
2024-04-11T13:30:00-04:00,103.80000305175781,104.42500305175781,103.65499877929688,104.3949966430664,877131.0
2024-04-11T14:30:00-04:00,104.4000015258789,104.4749984741211,104.23750305175781,104.43994903564453,774089.0
2024-04-11T15:30:00-04:00,104.44000244140625,104.56999969482422,104.36000061035156,104.37999725341797,1025089.0
2024-04-12T09:30:00-04:00,103.15499877929688,103.63999938964844,103.06999969482422,103.17500305175781,1534927.0
2024-04-12T10:30:00-04:00,103.15499877929688,103.24500274658203,102.69999694824219,103.16999816894531,828467.0
2024-04-12T11:30:00-04:00,103.17749786376953,103.3499984741211,102.80000305175781,102.80000305175781,619113.0
2024-04-12T12:30:00-04:00,102.80500030517578,102.83999633789062,102.33999633789062,102.41000366210938,1056065.0
2024-04-12T13:30:00-04:00,102.41000366210938,102.7699966430664,102.33000183105469,102.66500091552734,944805.0
2024-04-12T14:30:00-04:00,102.66500091552734,102.68000030517578,102.4175033569336,102.51499938964844,974813.0
2024-04-12T15:30:00-04:00,102.5199966430664,102.88999938964844,102.48500061035156,102.74500274658203,1881860.0
2024-04-15T09:30:00-04:00,103.33999633789062,103.40499877929688,102.6050033569336,102.70500183105469,1729803.0
2024-04-15T10:30:00-04:00,102.70999908447266,102.80500030517578,102.45500183105469,102.64679718017578,1160953.0
2024-04-15T11:30:00-04:00,102.65499877929688,102.8949966430664,102.31749725341797,102.375,686471.0
2024-04-15T12:30:00-04:00,102.37999725341797,102.42500305175781,101.4124984741211,101.41500091552734,824264.0
2024-04-15T13:30:00-04:00,101.41999816894531,101.42500305175781,100.82499694824219,100.99500274658203,1488286.0
2024-04-15T14:30:00-04:00,100.98500061035156,101.2699966430664,100.6050033569336,100.7249984741211,1216339.0
2024-04-15T15:30:00-04:00,100.79499816894531,101.01000213623047,100.7249984741211,100.7699966430664,969190.0
2024-04-16T09:30:00-04:00,100.9800033569336,101.36000061035156,100.7249984741211,100.8550033569336,1434288.0
2024-04-16T10:30:00-04:00,100.8499984741211,101.06500244140625,100.57749938964844,101.04499816894531,939220.0
2024-04-16T11:30:00-04:00,100.9749984741211,101.11499786376953,100.6050033569336,100.91500091552734,885369.0
2024-04-16T12:30:00-04:00,100.91500091552734,101.1449966430664,100.84249877929688,100.95500183105469,994234.0
2024-04-16T13:30:00-04:00,100.95999908447266,101.50499725341797,100.4800033569336,100.73999786376953,1443961.0
2024-04-16T14:30:00-04:00,100.71499633789062,101.33999633789062,100.70999908447266,101.29000091552734,752444.0
2024-04-16T15:30:00-04:00,101.27999877929688,101.27999877929688,100.83000183105469,100.8550033569336,868206.0
2024-04-17T09:30:00-04:00,101.25,101.41999816894531,100.55000305175781,100.79000091552734,1022610.0
2024-04-17T10:30:00-04:00,100.79499816894531,100.83499908447266,100.26499938964844,100.26499938964844,940420.0
2024-04-17T11:30:00-04:00,100.26000213623047,100.28500366210938,99.68499755859375,99.75,1010387.0
2024-04-17T12:30:00-04:00,99.73999786376953,99.94499969482422,99.3499984741211,99.94000244140625,1003406.0
2024-04-17T13:30:00-04:00,99.94000244140625,100.04499816894531,99.70999908447266,99.81500244140625,598146.0
2024-04-17T14:30:00-04:00,99.83000183105469,100.29499816894531,99.41999816894531,99.45500183105469,816487.0
2024-04-17T15:30:00-04:00,99.46050262451172,99.80999755859375,99.3949966430664,99.41000366210938,1013779.0
2024-04-18T09:30:00-04:00,99.3949966430664,99.41500091552734,98.48999786376953,99.00499725341797,2047769.0
2024-04-18T10:30:00-04:00,99.01000213623047,99.6500015258789,99.0,99.4000015258789,975970.0
2024-04-18T11:30:00-04:00,99.40499877929688,99.48999786376953,99.0999984741211,99.15499877929688,655851.0
2024-04-18T12:30:00-04:00,99.15499877929688,99.16500091552734,98.30999755859375,98.6050033569336,1085987.0
2024-04-18T13:30:00-04:00,98.61000061035156,98.6449966430664,98.18499755859375,98.40499877929688,750517.0
2024-04-18T14:30:00-04:00,98.41000366210938,98.57499694824219,98.20249938964844,98.3949966430664,1018989.0
2024-04-18T15:30:00-04:00,98.4000015258789,98.57499694824219,98.19000244140625,98.30500030517578,891817.0
2024-04-19T09:30:00-04:00,97.91500091552734,98.23500061035156,97.20500183105469,97.41000366210938,1846699.0
2024-04-19T10:30:00-04:00,97.3949966430664,97.68499755859375,97.12000274658203,97.19000244140625,1198236.0
2024-04-19T11:30:00-04:00,97.19000244140625,97.31999969482422,96.5,96.50499725341797,1372324.0
2024-04-19T12:30:00-04:00,96.51000213623047,97.1050033569336,96.48500061035156,96.80000305175781,1113770.0
2024-04-19T13:30:00-04:00,96.77999877929688,97.26499938964844,96.54000091552734,96.54000091552734,802068.0
2024-04-19T14:30:00-04:00,96.5250015258789,96.65499877929688,96.0250015258789,96.3499984741211,2241814.0
2024-04-19T15:30:00-04:00,96.3499984741211,96.4000015258789,96.0199966430664,96.25499725341797,2220749.0
2024-04-22T09:30:00-04:00,96.94000244140625,97.13999938964844,96.27999877929688,96.31500244140625,1662953.0
2024-04-22T10:30:00-04:00,96.31999969482422,96.58499908447266,96.04000091552734,96.37754821777344,943983.0
2024-04-22T11:30:00-04:00,96.375,96.81999969482422,96.3550033569336,96.625,661303.0
2024-04-22T12:30:00-04:00,96.62999725341797,97.08000183105469,96.51000213623047,97.07499694824219,437248.0
2024-04-22T13:30:00-04:00,97.11000061035156,97.62999725341797,97.08499908447266,97.56749725341797,709371.0
2024-04-22T14:30:00-04:00,97.56999969482422,97.70999908447266,97.30999755859375,97.38500213623047,782483.0
2024-04-22T15:30:00-04:00,97.375,97.4000015258789,96.95999908447266,97.13999938964844,1090392.0
2024-04-23T09:30:00-04:00,97.52999877929688,98.4000015258789,97.38500213623047,98.37000274658203,1307631.0
2024-04-23T10:30:00-04:00,98.375,98.55000305175781,98.19999694824219,98.38500213623047,809701.0
2024-04-23T11:30:00-04:00,98.38500213623047,98.5199966430664,98.22000122070312,98.47000122070312,699323.0
2024-04-23T12:30:00-04:00,98.47250366210938,98.5199966430664,98.21499633789062,98.37000274658203,577068.0
2024-04-23T13:30:00-04:00,98.375,98.68499755859375,98.32250213623047,98.66124725341797,463800.0
2024-04-23T14:30:00-04:00,98.66500091552734,98.70999908447266,98.44499969482422,98.55999755859375,745596.0
2024-04-23T15:30:00-04:00,98.55500030517578,98.61000061035156,98.3949966430664,98.5250015258789,900408.0
2024-04-24T09:30:00-04:00,99.29499816894531,99.70249938964844,99.17250061035156,99.31999969482422,1169380.0
2024-04-24T10:30:00-04:00,99.33000183105469,99.43499755859375,98.81999969482422,98.8949966430664,639486.0
2024-04-24T11:30:00-04:00,98.9000015258789,99.04499816894531,98.54499816894531,98.69499969482422,503559.0
2024-04-24T12:30:00-04:00,98.59500122070312,99.00499725341797,98.47000122070312,98.99299621582031,395444.0
2024-04-24T13:30:00-04:00,98.99749755859375,99.32499694824219,98.8550033569336,98.87999725341797,409923.0
2024-04-24T14:30:00-04:00,98.87750244140625,99.13500213623047,98.66500091552734,99.05000305175781,568514.0
2024-04-24T15:30:00-04:00,99.05000305175781,99.1050033569336,98.9448471069336,98.99500274658203,690636.0
2024-04-25T09:30:00-04:00,97.77999877929688,98.12999725341797,97.34500122070312,98.01000213623047,2469552.0
2024-04-25T10:30:00-04:00,98.00499725341797,98.03500366210938,97.41999816894531,97.7750015258789,921437.0
2024-04-25T11:30:00-04:00,97.7699966430664,98.06500244140625,97.49250030517578,98.05999755859375,401404.0
2024-04-25T12:30:00-04:00,98.06500244140625,98.43499755859375,97.9749984741211,98.3499984741211,222957.0
2024-04-25T13:30:00-04:00,98.36000061035156,98.88500213623047,98.31999969482422,98.5,367879.0
2024-04-25T14:30:00-04:00,98.4800033569336,98.98500061035156,98.3499984741211,98.95504760742188,468726.0
2024-04-25T15:30:00-04:00,98.96499633789062,98.96499633789062,98.56999969482422,98.80000305175781,715122.0
2024-04-26T09:30:00-04:00,99.58000183105469,100.49500274658203,99.19000244140625,100.19499969482422,1817731.0
2024-04-26T10:30:00-04:00,100.20500183105469,100.6449966430664,100.08999633789062,100.2300033569336,707503.0
2024-04-26T11:30:00-04:00,100.23999786376953,100.41999816894531,100.0999984741211,100.1176528930664,407053.0
2024-04-26T12:30:00-04:00,100.12750244140625,100.4000015258789,100.04000091552734,100.34249877929688,312280.0
2024-04-26T13:30:00-04:00,100.3499984741211,100.41500091552734,100.06999969482422,100.125,313822.0
2024-04-26T14:30:00-04:00,100.12999725341797,100.31999969482422,100.0250015258789,100.29499816894531,475779.0
2024-04-26T15:30:00-04:00,100.29000091552734,100.2925033569336,99.86750030517578,99.8949966430664,850727.0
2024-04-29T09:30:00-04:00,100.43000030517578,100.58000183105469,99.98750305175781,100.34249877929688,1180112.0
2024-04-29T10:30:00-04:00,100.34249877929688,100.51249694824219,100.15499877929688,100.22000122070312,463998.0
2024-04-29T11:30:00-04:00,100.22000122070312,100.33999633789062,100.05500030517578,100.30999755859375,234518.0
2024-04-29T12:30:00-04:00,100.31500244140625,100.44999694824219,100.22000122070312,100.44499969482422,258870.0
2024-04-29T13:30:00-04:00,100.44999694824219,100.5,100.28500366210938,100.31500244140625,267261.0
2024-04-29T14:30:00-04:00,100.30000305175781,100.36000061035156,99.75749969482422,100.07499694824219,645299.0
2024-04-29T15:30:00-04:00,100.08000183105469,100.3499984741211,100.05500030517578,100.34500122070312,528883.0
2024-04-30T09:30:00-04:00,100.0,100.40499877929688,99.91999816894531,100.05500030517578,1038226.0
2024-04-30T10:30:00-04:00,100.05000305175781,100.33000183105469,99.59500122070312,99.68499755859375,649345.0
2024-04-30T11:30:00-04:00,99.68499755859375,99.71499633789062,99.4749984741211,99.61000061035156,765979.0
2024-04-30T12:30:00-04:00,99.61499786376953,99.61750030517578,99.08999633789062,99.16000366210938,918363.0
2024-04-30T13:30:00-04:00,99.16000366210938,99.45999908447266,99.0999984741211,99.0999984741211,589377.0
2024-04-30T14:30:00-04:00,99.10714721679688,99.26499938964844,98.87000274658203,99.0250015258789,716721.0
2024-04-30T15:30:00-04:00,99.02999877929688,99.08999633789062,98.11000061035156,98.11000061035156,2241503.0
2024-05-01T09:30:00-04:00,97.61000061035156,97.80999755859375,97.24500274658203,97.50250244140625,1662682.0
2024-05-01T10:30:00-04:00,97.49500274658203,97.77999877929688,97.25,97.46499633789062,619611.0
2024-05-01T11:30:00-04:00,97.45999908447266,97.62000274658203,97.11750030517578,97.42749786376953,709773.0
2024-05-01T12:30:00-04:00,97.42500305175781,97.4699478149414,97.20500183105469,97.46499633789062,430974.0
2024-05-01T13:30:00-04:00,97.46499633789062,98.01499938964844,97.37000274658203,98.00499725341797,1012507.0
2024-05-01T14:30:00-04:00,98.0,99.25,97.49500274658203,98.81500244140625,2856432.0
2024-05-01T15:30:00-04:00,98.80000305175781,98.80000305175781,97.11000061035156,97.13500213623047,2606416.0
2024-05-02T09:30:00-04:00,98.37000274658203,98.5,97.12999725341797,97.7300033569336,2109185.0
2024-05-02T10:30:00-04:00,97.73999786376953,98.17500305175781,97.46499633789062,97.97000122070312,618508.0
2024-05-02T11:30:00-04:00,97.9749984741211,98.19499969482422,97.77999877929688,97.93000030517578,955571.0
2024-05-02T12:30:00-04:00,97.90499877929688,98.25,97.68499755859375,98.24250030517578,505778.0
2024-05-02T13:30:00-04:00,98.24500274658203,98.36000061035156,98.03500366210938,98.33999633789062,476486.0
2024-05-02T14:30:00-04:00,98.34500122070312,98.66500091552734,98.30999755859375,98.59500122070312,534551.0
2024-05-02T15:30:00-04:00,98.59500122070312,98.62999725341797,98.27999877929688,98.52999877929688,886855.0
2024-05-03T09:30:00-04:00,101.06500244140625,101.53500366210938,100.83499908447266,101.12000274658203,2458773.0
2024-05-03T10:30:00-04:00,101.125,101.41000366210938,100.85749816894531,101.15249633789062,930372.0
2024-05-03T11:30:00-04:00,101.16000366210938,101.44999694824219,101.16000366210938,101.34249877929688,535388.0
2024-05-03T12:30:00-04:00,101.3324966430664,101.45500183105469,101.21499633789062,101.3499984741211,503170.0
2024-05-03T13:30:00-04:00,101.35250091552734,101.61499786376953,101.23999786376953,101.56999969482422,384436.0
2024-05-03T14:30:00-04:00,101.56500244140625,101.61000061035156,101.3550033569336,101.48750305175781,536912.0
2024-05-03T15:30:00-04:00,101.48500061035156,101.48999786376953,101.19000244140625,101.26000213623047,1016315.0
2024-05-06T09:30:00-04:00,101.66000366210938,102.04750061035156,101.50499725341797,101.94999694824219,1078961.0
2024-05-06T10:30:00-04:00,101.96499633789062,102.0250015258789,101.824951171875,101.91000366210938,387482.0
2024-05-06T11:30:00-04:00,101.91500091552734,102.09500122070312,101.79499816894531,101.91000366210938,409573.0
2024-05-06T12:30:00-04:00,101.91000366210938,102.05500030517578,101.8499984741211,101.91999816894531,419494.0
2024-05-06T13:30:00-04:00,101.90499877929688,102.2300033569336,101.88999938964844,102.1500015258789,356074.0
2024-05-06T14:30:00-04:00,102.15499877929688,102.20999908447266,102.08999633789062,102.16999816894531,391179.0
2024-05-06T15:30:00-04:00,102.16000366210938,102.46499633789062,102.125,102.46499633789062,782332.0
2024-05-07T09:30:00-04:00,102.76499938964844,102.81500244140625,102.43000030517578,102.4800033569336,1636963.0
2024-05-07T10:30:00-04:00,102.52999877929688,102.73500061035156,102.45999908447266,102.58499908447266,649750.0
2024-05-07T11:30:00-04:00,102.56999969482422,102.6449966430664,102.5199966430664,102.59504699707031,348290.0
2024-05-07T12:30:00-04:00,102.59500122070312,102.7074966430664,102.44599914550781,102.68000030517578,376980.0
2024-05-07T13:30:00-04:00,102.68000030517578,102.73500061035156,102.2750015258789,102.2874984741211,493213.0
2024-05-07T14:30:00-04:00,102.29000091552734,102.33499908447266,102.15499877929688,102.26000213623047,603595.0
2024-05-07T15:30:00-04:00,102.26499938964844,102.33499908447266,102.12000274658203,102.125,734141.0
2024-05-08T09:30:00-04:00,101.79750061035156,102.36499786376953,101.73999786376953,102.32499694824219,832050.0
2024-05-08T10:30:00-04:00,102.33000183105469,102.52999877929688,102.15499877929688,102.29499816894531,410864.0
2024-05-08T11:30:00-04:00,102.2925033569336,102.38500213623047,102.15499877929688,102.30249786376953,351359.0
2024-05-08T12:30:00-04:00,102.30249786376953,102.33999633789062,102.125,102.13999938964844,504727.0
2024-05-08T13:30:00-04:00,102.13500213623047,102.3949966430664,102.12000274658203,102.37000274658203,413267.0
2024-05-08T14:30:00-04:00,102.37000274658203,102.4262466430664,102.23500061035156,102.375,440237.0
2024-05-08T15:30:00-04:00,102.375,102.5199966430664,102.34500122070312,102.43000030517578,559317.0
2024-05-09T09:30:00-04:00,102.25499725341797,102.3499984741211,101.87999725341797,102.01000213623047,1414780.0
2024-05-09T10:30:00-04:00,102.01499938964844,102.44999694824219,102.01499938964844,102.42500305175781,654939.0
2024-05-09T11:30:00-04:00,102.42500305175781,102.47000122070312,102.07499694824219,102.18499755859375,451850.0
2024-05-09T12:30:00-04:00,102.17500305175781,102.38500213623047,102.0999984741211,102.34500122070312,433133.0
2024-05-09T13:30:00-04:00,102.3499984741211,102.375,102.16600036621094,102.30500030517578,283931.0
2024-05-09T14:30:00-04:00,102.30500030517578,102.45999908447266,102.28250122070312,102.3499984741211,561828.0
2024-05-09T15:30:00-04:00,102.34500122070312,102.44000244140625,102.30000305175781,102.38500213623047,820037.0
2024-05-10T09:30:00-04:00,102.92500305175781,103.38500213623047,102.63500213623047,102.66999816894531,894930.0
2024-05-10T10:30:00-04:00,102.68000030517578,102.84500122070312,102.47000122070312,102.70500183105469,532744.0
2024-05-10T11:30:00-04:00,102.70500183105469,102.73999786376953,102.44499969482422,102.63500213623047,839572.0
2024-05-10T12:30:00-04:00,102.63500213623047,102.76499938964844,102.58499908447266,102.62000274658203,270219.0
2024-05-10T13:30:00-04:00,102.625,102.81500244140625,102.54499816894531,102.78250122070312,289615.0
2024-05-10T14:30:00-04:00,102.77749633789062,102.80999755859375,102.625,102.7750015258789,514941.0
2024-05-10T15:30:00-04:00,102.77999877929688,102.86750030517578,102.68250274658203,102.76000213623047,912375.0
2024-05-13T09:30:00-04:00,103.5250015258789,103.61000061035156,102.93000030517578,103.27999877929688,734917.0
2024-05-13T10:30:00-04:00,103.2750015258789,103.43505096435547,103.1449966430664,103.36499786376953,357746.0
2024-05-13T11:30:00-04:00,103.27999877929688,103.54499816894531,103.2300033569336,103.51499938964844,380727.0
2024-05-13T12:30:00-04:00,103.51000213623047,103.58000183105469,103.11000061035156,103.3655014038086,376586.0
2024-05-13T13:30:00-04:00,103.37000274658203,103.4000015258789,103.23999786376953,103.31050109863281,244761.0
2024-05-13T14:30:00-04:00,103.30999755859375,103.37750244140625,103.23500061035156,103.324951171875,312068.0
2024-05-13T15:30:00-04:00,103.31999969482422,103.37000274658203,103.17250061035156,103.25499725341797,682597.0
2024-05-14T09:30:00-04:00,103.22000122070312,103.8550033569336,103.16000366210938,103.83499908447266,872044.0
2024-05-14T10:30:00-04:00,103.84500122070312,103.87000274658203,103.35569763183594,103.73500061035156,589821.0
2024-05-14T11:30:00-04:00,103.71499633789062,103.73999786376953,103.44999694824219,103.50749969482422,499936.0
2024-05-14T12:30:00-04:00,103.50499725341797,103.55500030517578,103.38999938964844,103.52999877929688,343469.0
2024-05-14T13:30:00-04:00,103.53500366210938,103.95494842529297,103.5199966430664,103.92500305175781,467203.0
2024-05-14T14:30:00-04:00,103.92500305175781,104.29750061035156,103.87000274658203,104.21499633789062,730633.0
2024-05-14T15:30:00-04:00,104.19999694824219,104.3125,104.13999938964844,104.18000030517578,1146754.0
2024-05-15T09:30:00-04:00,104.82499694824219,105.38999938964844,104.79000091552734,105.3499984741211,1273376.0
2024-05-15T10:30:00-04:00,105.3550033569336,105.89360046386719,105.33000183105469,105.85494995117188,809813.0
2024-05-15T11:30:00-04:00,105.85749816894531,106.08125305175781,105.79750061035156,106.08125305175781,732765.0
2024-05-15T12:30:00-04:00,106.0824966430664,106.37750244140625,106.04499816894531,106.35250091552734,745714.0
2024-05-15T13:30:00-04:00,106.35459899902344,106.51499938964844,106.29000091552734,106.41999816894531,743592.0
2024-05-15T14:30:00-04:00,106.42500305175781,106.5490493774414,106.34249877929688,106.4749984741211,996630.0
2024-05-15T15:30:00-04:00,106.4749984741211,106.54000091552734,106.38999938964844,106.51499938964844,1602670.0
2024-05-16T09:30:00-04:00,106.57749938964844,106.78500366210938,106.3949966430664,106.68000030517578,1062467.0
2024-05-16T10:30:00-04:00,106.68499755859375,106.88500213623047,106.64250183105469,106.82499694824219,632693.0
2024-05-16T11:30:00-04:00,106.83000183105469,106.90750122070312,106.58499908447266,106.66999816894531,703666.0
2024-05-16T12:30:00-04:00,106.6675033569336,106.77999877929688,106.36499786376953,106.46499633789062,1027501.0
2024-05-16T13:30:00-04:00,106.45999908447266,106.5875015258789,106.26499938964844,106.33995056152344,687600.0
2024-05-16T14:30:00-04:00,106.33499908447266,106.50499725341797,106.33000183105469,106.3949966430664,673600.0
2024-05-16T15:30:00-04:00,106.375,106.3949966430664,106.0999984741211,106.13999938964844,1005703.0
2024-05-17T09:30:00-04:00,106.38999938964844,106.45500183105469,105.94499969482422,106.19000244140625,882599.0
2024-05-17T10:30:00-04:00,106.20500183105469,106.26000213623047,105.89749908447266,106.05000305175781,442816.0
2024-05-17T11:30:00-04:00,106.05000305175781,106.05500030517578,105.85994720458984,105.92749786376953,331628.0
2024-05-17T12:30:00-04:00,105.92500305175781,105.94000244140625,105.70500183105469,105.7699966430664,442566.0
2024-05-17T13:30:00-04:00,105.7699966430664,105.80999755859375,105.33000183105469,105.48999786376953,436250.0
2024-05-17T14:30:00-04:00,105.48500061035156,105.97250366210938,105.47000122070312,105.93499755859375,505939.0
2024-05-17T15:30:00-04:00,105.93499755859375,105.95500183105469,105.80249786376953,105.91999816894531,658784.0
2024-05-20T09:30:00-04:00,105.96499633789062,107.01000213623047,105.94000244140625,106.95999908447266,925787.0
2024-05-20T10:30:00-04:00,106.96914672851562,107.07499694824219,106.88500213623047,107.04000091552734,265705.0
2024-05-20T11:30:00-04:00,107.04499816894531,107.12999725341797,106.93605041503906,107.06500244140625,328094.0
2024-05-20T12:30:00-04:00,107.05999755859375,107.3550033569336,107.0250015258789,107.03500366210938,268743.0
2024-05-20T13:30:00-04:00,107.02999877929688,107.1050033569336,106.81999969482422,107.05999755859375,263642.0
2024-05-20T14:30:00-04:00,107.06500244140625,107.1729965209961,106.97000122070312,107.16999816894531,293811.0
2024-05-20T15:30:00-04:00,107.16999816894531,107.19499969482422,106.97000122070312,107.15499877929688,616982.0
2024-05-21T09:30:00-04:00,106.74500274658203,107.12999725341797,106.55500030517578,107.12999725341797,828576.0
2024-05-21T10:30:00-04:00,107.13500213623047,107.40499877929688,107.11499786376953,107.34500122070312,360765.0
2024-05-21T11:30:00-04:00,107.3499984741211,107.48500061035156,107.30500030517578,107.44499969482422,272402.0
2024-05-21T12:30:00-04:00,107.4449462890625,107.449951171875,107.2699966430664,107.41500091552734,231029.0
2024-05-21T13:30:00-04:00,107.41500091552734,107.50499725341797,107.2750015258789,107.28500366210938,330426.0
2024-05-21T14:30:00-04:00,107.28500366210938,107.38999938964844,107.25,107.29000091552734,287106.0
2024-05-21T15:30:00-04:00,107.29000091552734,107.44999694824219,107.27749633789062,107.32499694824219,628231.0
2024-05-22T09:30:00-04:00,107.63500213623047,107.92749786376953,107.49749755859375,107.90249633789062,1306295.0
2024-05-22T10:30:00-04:00,107.8949966430664,107.9625015258789,107.79000091552734,107.91999816894531,410510.0
2024-05-22T11:30:00-04:00,107.92250061035156,107.94999694824219,107.70500183105469,107.80999755859375,566657.0
2024-05-22T12:30:00-04:00,107.80999755859375,107.83000183105469,107.64495086669922,107.77749633789062,295492.0
2024-05-22T13:30:00-04:00,107.76750183105469,107.76750183105469,106.94000244140625,106.94999694824219,815747.0
2024-05-22T14:30:00-04:00,106.94499969482422,107.26000213623047,106.93499755859375,107.26000213623047,881792.0
2024-05-22T15:30:00-04:00,107.25250244140625,107.59500122070312,107.06999969482422,107.58000183105469,1348838.0
2024-05-23T09:30:00-04:00,108.80000305175781,108.80999755859375,107.70500183105469,107.99500274658203,1193110.0
2024-05-23T10:30:00-04:00,108.01499938964844,108.08499908447266,107.29000091552734,107.91999816894531,496162.0
2024-05-23T11:30:00-04:00,107.93000030517578,108.13999938964844,107.8499984741211,108.11499786376953,314474.0
2024-05-23T12:30:00-04:00,108.11499786376953,108.13500213623047,107.44999694824219,107.625,287562.0
2024-05-23T13:30:00-04:00,107.625,107.625,106.61499786376953,106.68000030517578,458361.0
2024-05-23T14:30:00-04:00,106.6624984741211,106.78500366210938,106.3550033569336,106.5199966430664,672732.0
2024-05-23T15:30:00-04:00,106.5250015258789,106.81500244140625,106.5199966430664,106.73500061035156,1003463.0
2024-05-24T09:30:00-04:00,106.96499633789062,107.29000091552734,106.61000061035156,107.24500274658203,740690.0
2024-05-24T10:30:00-04:00,107.26505279541016,107.76000213623047,107.16999816894531,107.6449966430664,353493.0
2024-05-24T11:30:00-04:00,107.6500015258789,107.82499694824219,107.5374984741211,107.75,313451.0
2024-05-24T12:30:00-04:00,107.75499725341797,107.7699966430664,107.5,107.66000366210938,174693.0
2024-05-24T13:30:00-04:00,107.66000366210938,107.82499694824219,107.54499816894531,107.66000366210938,273306.0
2024-05-24T14:30:00-04:00,107.66500091552734,107.68000030517578,107.31999969482422,107.50499725341797,324488.0
2024-05-24T15:30:00-04:00,107.50749969482422,107.6500015258789,107.46499633789062,107.58499908447266,589123.0
2024-05-28T09:30:00-04:00,108.20500183105469,108.2197494506836,107.48999786376953,107.96499633789062,1714143.0
2024-05-28T10:30:00-04:00,107.95500183105469,108.23494720458984,107.87000274658203,108.20999908447266,366059.0
2024-05-28T11:30:00-04:00,108.20999908447266,108.29000091552734,108.03040313720703,108.08499908447266,249991.0
2024-05-28T12:30:00-04:00,108.10250091552734,108.26000213623047,108.04000091552734,108.13999938964844,418811.0
2024-05-28T13:30:00-04:00,108.1449966430664,108.22000122070312,107.70999908447266,107.7249984741211,444019.0
2024-05-28T14:30:00-04:00,107.72000122070312,107.8499984741211,107.37249755859375,107.67500305175781,468529.0
2024-05-28T15:30:00-04:00,107.68000030517578,108.06999969482422,107.5999984741211,108.06500244140625,609507.0
2024-05-29T09:30:00-04:00,106.91000366210938,107.72000122070312,106.91000366210938,107.6500015258789,768994.0
2024-05-29T10:30:00-04:00,107.65499877929688,107.87999725341797,107.47000122070312,107.6500015258789,427522.0
2024-05-29T11:30:00-04:00,107.62000274658203,107.72750091552734,107.52999877929688,107.69999694824219,279367.0
2024-05-29T12:30:00-04:00,107.69999694824219,107.83999633789062,107.58999633789062,107.70999908447266,275486.0
2024-05-29T13:30:00-04:00,107.70999908447266,107.7750015258789,107.48999786376953,107.64250183105469,367678.0
2024-05-29T14:30:00-04:00,107.61499786376953,107.7249984741211,107.44499969482422,107.63999938964844,544726.0
2024-05-29T15:30:00-04:00,107.63500213623047,107.67500305175781,107.22000122070312,107.37000274658203,1177027.0
2024-05-30T09:30:00-04:00,106.16999816894531,106.33000183105469,105.41999816894531,105.69000244140625,976373.0
2024-05-30T10:30:00-04:00,105.68499755859375,105.72250366210938,105.29000091552734,105.44000244140625,496201.0
2024-05-30T11:30:00-04:00,105.43000030517578,105.69999694824219,105.41999816894531,105.5999984741211,447878.0
2024-05-30T12:30:00-04:00,105.625,105.81500244140625,105.58000183105469,105.70500183105469,455302.0
2024-05-30T13:30:00-04:00,105.70999908447266,105.76499938964844,105.24500274658203,105.4000015258789,436616.0
2024-05-30T14:30:00-04:00,105.41000366210938,105.48999786376953,105.0199966430664,105.13995361328125,558341.0
2024-05-30T15:30:00-04:00,105.14749908447266,105.17500305175781,104.58999633789062,104.87000274658203,1548290.0
2024-05-31T09:30:00-04:00,105.2249984741211,105.24500274658203,103.90499877929688,103.96499633789062,1020074.0
2024-05-31T10:30:00-04:00,103.94000244140625,103.94499969482422,103.24749755859375,103.30999755859375,814437.0
2024-05-31T11:30:00-04:00,103.30500030517578,103.37999725341797,102.76499938964844,102.90499877929688,883800.0
2024-05-31T12:30:00-04:00,102.90249633789062,103.5199966430664,102.86000061035156,103.48750305175781,431232.0
2024-05-31T13:30:00-04:00,103.48750305175781,103.56500244140625,103.26499938964844,103.26499938964844,358795.0
2024-05-31T14:30:00-04:00,103.27999877929688,103.93000030517578,103.20999908447266,103.83000183105469,467789.0
2024-05-31T15:30:00-04:00,103.82499694824219,105.1500015258789,103.7750015258789,105.12999725341797,1725289.0
2024-06-03T09:30:00-04:00,105.88500213623047,105.9800033569336,105.26000213623047,105.5999984741211,1822623.0
2024-06-03T10:30:00-04:00,105.375,105.48999786376953,104.69499969482422,104.97000122070312,551029.0
2024-06-03T11:30:00-04:00,104.96499633789062,105.0999984741211,104.30500030517578,104.36499786376953,358210.0
2024-06-03T12:30:00-04:00,104.37000274658203,104.62000274658203,104.08499908447266,104.61499786376953,463586.0
2024-06-03T13:30:00-04:00,104.61499786376953,104.88999938964844,104.56079864501953,104.6500015258789,287128.0
2024-06-03T14:30:00-04:00,104.61250305175781,104.96499633789062,104.55999755859375,104.8949966430664,409197.0
2024-06-03T15:30:00-04:00,104.90499877929688,105.36499786376953,104.80500030517578,105.3499984741211,585588.0
2024-06-04T09:30:00-04:00,105.29000091552734,105.30500030517578,104.75,105.11499786376953,781873.0
2024-06-04T10:30:00-04:00,105.11000061035156,105.28500366210938,104.88999938964844,104.94499969482422,382968.0
2024-06-04T11:30:00-04:00,104.93000030517578,105.04499816894531,104.7750015258789,105.04499816894531,350546.0
2024-06-04T12:30:00-04:00,105.01000213623047,105.20999908447266,104.8949966430664,105.15499877929688,277911.0
2024-06-04T13:30:00-04:00,105.17500305175781,105.69000244140625,105.00499725341797,105.68000030517578,190640.0
2024-06-04T14:30:00-04:00,105.69000244140625,105.73249816894531,105.05000305175781,105.30000305175781,329731.0
2024-06-04T15:30:00-04:00,105.29499816894531,105.5999984741211,105.18000030517578,105.54000091552734,573106.0
2024-06-05T09:30:00-04:00,106.4000015258789,106.70999908447266,106.2300033569336,106.69499969482422,915184.0
2024-06-05T10:30:00-04:00,106.72000122070312,107.2699966430664,106.72000122070312,107.18000030517578,580213.0
2024-06-05T11:30:00-04:00,107.18499755859375,107.3949966430664,107.18499755859375,107.28514862060547,323855.0
2024-06-05T12:30:00-04:00,107.27684783935547,107.56999969482422,107.2300033569336,107.44999694824219,286697.0
2024-06-05T13:30:00-04:00,107.46499633789062,107.7249984741211,107.4625015258789,107.70999908447266,305708.0
2024-06-05T14:30:00-04:00,107.72000122070312,107.84500122070312,107.67015075683594,107.69999694824219,430428.0
2024-06-05T15:30:00-04:00,107.69499969482422,107.91000366210938,107.5250015258789,107.91000366210938,1156028.0
2024-06-06T09:30:00-04:00,107.97000122070312,108.04315185546875,107.4749984741211,107.77999877929688,955869.0
2024-06-06T10:30:00-04:00,107.77749633789062,107.93000030517578,107.59500122070312,107.65249633789062,446662.0
2024-06-06T11:30:00-04:00,107.6449966430664,107.66999816894531,107.44999694824219,107.55999755859375,422377.0
2024-06-06T12:30:00-04:00,107.55500030517578,107.72000122070312,107.40499877929688,107.63005065917969,333187.0
2024-06-06T13:30:00-04:00,107.62750244140625,107.68499755859375,107.26499938964844,107.55000305175781,364843.0
2024-06-06T14:30:00-04:00,107.52999877929688,107.68499755859375,107.47750091552734,107.6624984741211,307209.0
2024-06-06T15:30:00-04:00,107.6500015258789,107.6875,107.49500274658203,107.56500244140625,515891.0
2024-06-07T09:30:00-04:00,107.66500091552734,107.7300033569336,107.2699966430664,107.53500366210938,625769.0
2024-06-07T10:30:00-04:00,107.5199966430664,107.98999786376953,107.375,107.67500305175781,351101.0
2024-06-07T11:30:00-04:00,107.66999816894531,107.94000244140625,107.61000061035156,107.93994903564453,348755.0
2024-06-07T12:30:00-04:00,107.9375,108.26000213623047,107.74500274658203,108.12000274658203,241995.0
2024-06-07T13:30:00-04:00,108.12750244140625,108.199951171875,107.44309997558594,107.7300033569336,337922.0
2024-06-07T14:30:00-04:00,107.72000122070312,107.81999969482422,107.45500183105469,107.74500274658203,388254.0
2024-06-07T15:30:00-04:00,107.7249984741211,107.87999725341797,107.6449966430664,107.80000305175781,702818.0
2024-06-10T09:30:00-04:00,107.43499755859375,107.97000122070312,107.36499786376953,107.97000122070312,573638.0
2024-06-10T10:30:00-04:00,107.94000244140625,108.24250030517578,107.83999633789062,108.23999786376953,338611.0
2024-06-10T11:30:00-04:00,108.23999786376953,108.36499786376953,108.06500244140625,108.23999786376953,275777.0
2024-06-10T12:30:00-04:00,108.23500061035156,108.26499938964844,107.91999816894531,107.91999816894531,230341.0
2024-06-10T13:30:00-04:00,107.92250061035156,108.24500274658203,107.58999633789062,107.70500183105469,505657.0
2024-06-10T14:30:00-04:00,107.69000244140625,108.22000122070312,107.54499816894531,108.02999877929688,491560.0
2024-06-10T15:30:00-04:00,108.0250015258789,108.0999984741211,107.80999755859375,108.0999984741211,735531.0
2024-06-11T09:30:00-04:00,107.80000305175781,108.67500305175781,107.75,108.6500015258789,1321527.0
2024-06-11T10:30:00-04:00,108.6500015258789,109.20249938964844,108.6500015258789,109.15499877929688,1029438.0
2024-06-11T11:30:00-04:00,109.15499877929688,109.33000183105469,108.87249755859375,109.08999633789062,616241.0
2024-06-11T12:30:00-04:00,109.08999633789062,109.47505187988281,109.05500030517578,109.27249908447266,580926.0
2024-06-11T13:30:00-04:00,109.2699966430664,109.78500366210938,109.26004791259766,109.7699966430664,667001.0
2024-06-11T14:30:00-04:00,109.7750015258789,109.9000015258789,109.63500213623047,109.74500274658203,826185.0
2024-06-11T15:30:00-04:00,109.74500274658203,110.11499786376953,109.7074966430664,110.0999984741211,986371.0
2024-06-12T09:30:00-04:00,111.08999633789062,112.81999969482422,111.08999633789062,112.76995086669922,2275705.0
2024-06-12T10:30:00-04:00,112.71499633789062,112.9800033569336,112.5199966430664,112.91764831542969,775409.0
2024-06-12T11:30:00-04:00,112.93000030517578,112.9800033569336,112.69999694824219,112.73999786376953,881973.0
2024-06-12T12:30:00-04:00,112.73750305175781,113.08499908447266,112.68499755859375,112.96499633789062,742397.0
2024-06-12T13:30:00-04:00,112.95999908447266,113.21499633789062,112.55000305175781,113.16500091552734,1137366.0
2024-06-12T14:30:00-04:00,113.16999816894531,113.65499877929688,112.70500183105469,112.7925033569336,1524652.0
2024-06-12T15:30:00-04:00,112.80500030517578,112.88500213623047,112.25,112.52999877929688,1318192.0
2024-06-13T09:30:00-04:00,113.56500244140625,113.87999725341797,112.8949966430664,113.24500274658203,1807842.0
2024-06-13T10:30:00-04:00,113.24500274658203,113.43000030517578,112.99500274658203,113.3550033569336,523740.0
2024-06-13T11:30:00-04:00,113.36000061035156,113.55000305175781,112.72000122070312,112.79750061035156,1109085.0
2024-06-13T12:30:00-04:00,112.7699966430664,113.33000183105469,112.7249984741211,113.25499725341797,526636.0
2024-06-13T13:30:00-04:00,113.26499938964844,113.31500244140625,113.00499725341797,113.25499725341797,471265.0
2024-06-13T14:30:00-04:00,113.25499725341797,113.48999786376953,113.21499633789062,113.42749786376953,460797.0
2024-06-13T15:30:00-04:00,113.42500305175781,113.67749786376953,113.3550033569336,113.41000366210938,759527.0
2024-06-14T09:30:00-04:00,113.25,113.83999633789062,113.17500305175781,113.61499786376953,1407176.0
2024-06-14T10:30:00-04:00,113.62000274658203,113.74500274658203,113.300048828125,113.60250091552734,574439.0
2024-06-14T11:30:00-04:00,113.5999984741211,113.69000244140625,113.29499816894531,113.43499755859375,482389.0
2024-06-14T12:30:00-04:00,113.43499755859375,113.75,113.37999725341797,113.71499633789062,252767.0
2024-06-14T13:30:00-04:00,113.72474670410156,113.875,113.62000274658203,113.80000305175781,243447.0
2024-06-14T14:30:00-04:00,113.80249786376953,113.9000015258789,113.62999725341797,113.79499816894531,338800.0
2024-06-14T15:30:00-04:00,113.78500366210938,113.83999633789062,113.59500122070312,113.81500244140625,516022.0
2024-06-17T09:30:00-04:00,114.11499786376953,114.37999725341797,113.7249984741211,114.11000061035156,1233080.0
2024-06-17T10:30:00-04:00,114.125,114.56500244140625,114.03500366210938,114.43250274658203,470008.0
2024-06-17T11:30:00-04:00,114.41500091552734,114.87999725341797,114.4000015258789,114.87999725341797,540436.0
2024-06-17T12:30:00-04:00,114.88999938964844,115.4083480834961,114.78500366210938,115.33999633789062,547436.0
2024-06-17T13:30:00-04:00,115.34500122070312,115.93000030517578,115.32499694824219,115.77999877929688,804861.0
2024-06-17T14:30:00-04:00,115.7750015258789,115.9625015258789,115.68000030517578,115.91999816894531,721654.0
2024-06-17T15:30:00-04:00,115.90499877929688,115.91500091552734,115.38500213623047,115.5199966430664,1211078.0
2024-06-18T09:30:00-04:00,115.67500305175781,116.08499908447266,115.55500030517578,115.69999694824219,1220627.0
2024-06-18T10:30:00-04:00,115.69999694824219,115.84500122070312,115.24500274658203,115.4749984741211,662334.0
2024-06-18T11:30:00-04:00,115.47000122070312,115.7125015258789,115.38999938964844,115.55500030517578,437760.0
2024-06-18T12:30:00-04:00,115.56500244140625,115.83999633789062,115.54000091552734,115.81999969482422,301786.0
2024-06-18T13:30:00-04:00,115.83000183105469,115.91504669189453,115.48999786376953,115.57499694824219,356602.0
2024-06-18T14:30:00-04:00,115.62750244140625,115.76750183105469,115.48999786376953,115.72000122070312,408128.0
2024-06-18T15:30:00-04:00,115.71790313720703,115.81999969482422,115.62999725341797,115.73500061035156,546977.0
2024-06-20T09:30:00-04:00,116.2249984741211,116.29499816894531,114.9749984741211,115.2300033569336,1359650.0
2024-06-20T10:30:00-04:00,115.21749877929688,115.44999694824219,115.16500091552734,115.2300033569336,529989.0
2024-06-20T11:30:00-04:00,115.2249984741211,115.41999816894531,114.57499694824219,114.57499694824219,520773.0
2024-06-20T12:30:00-04:00,114.56999969482422,114.81999969482422,114.20999908447266,114.29499816894531,958261.0
2024-06-20T13:30:00-04:00,114.2874984741211,114.75499725341797,114.0199966430664,114.70500183105469,681192.0
2024-06-20T14:30:00-04:00,114.70999908447266,114.73999786376953,114.05000305175781,114.42500305175781,1431489.0
2024-06-20T15:30:00-04:00,114.42500305175781,114.62000274658203,114.30750274658203,114.38999938964844,826036.0
2024-06-21T09:30:00-04:00,114.43000030517578,114.49500274658203,113.68499755859375,114.08499908447266,1668782.0
2024-06-21T10:30:00-04:00,114.07499694824219,114.63500213623047,113.91000366210938,114.3949966430664,446926.0
2024-06-21T11:30:00-04:00,114.37000274658203,114.87750244140625,114.30000305175781,114.71074676513672,376140.0
2024-06-21T12:30:00-04:00,114.70999908447266,114.71499633789062,114.23799896240234,114.31500244140625,317394.0
2024-06-21T13:30:00-04:00,114.29000091552734,114.40499877929688,114.1449966430664,114.3949966430664,884524.0
2024-06-21T14:30:00-04:00,114.31500244140625,114.42500305175781,114.17500305175781,114.28500366210938,900760.0
2024-06-21T15:30:00-04:00,114.28500366210938,114.375,114.00499725341797,114.0250015258789,1604320.0
2024-06-24T09:30:00-04:00,112.81999969482422,113.33000183105469,112.22000122070312,112.45999908447266,1915129.0
2024-06-24T10:30:00-04:00,112.44499969482422,112.8550033569336,111.76499938964844,112.375,1440176.0
2024-06-24T11:30:00-04:00,112.38500213623047,112.56500244140625,112.1500015258789,112.375,610419.0
2024-06-24T12:30:00-04:00,112.3550033569336,112.53925323486328,111.74500274658203,111.83499908447266,382777.0
2024-06-24T13:30:00-04:00,111.80999755859375,111.9384994506836,111.44004821777344,111.52050018310547,440163.0
2024-06-24T14:30:00-04:00,111.52999877929688,112.1449966430664,111.43450164794922,112.04000091552734,595591.0
2024-06-24T15:30:00-04:00,112.05000305175781,112.08499908447266,111.18000030517578,111.22000122070312,1136316.0
2024-06-25T09:30:00-04:00,112.0250015258789,112.44499969482422,111.3949966430664,112.19999694824219,1180997.0
2024-06-25T10:30:00-04:00,112.20999908447266,112.78500366210938,111.97000122070312,112.7249984741211,554018.0
2024-06-25T11:30:00-04:00,112.75,113.09500122070312,112.63504791259766,112.70999908447266,591420.0
2024-06-25T12:30:00-04:00,112.7074966430664,112.76499938964844,112.16999816894531,112.6624984741211,392777.0
2024-06-25T13:30:00-04:00,112.66500091552734,113.02999877929688,112.5250015258789,113.02999877929688,331215.0
2024-06-25T14:30:00-04:00,113.03500366210938,113.2750015258789,112.75,113.2699966430664,467506.0
2024-06-25T15:30:00-04:00,113.26249694824219,113.30999755859375,113.05999755859375,113.23999786376953,826569.0
2024-06-26T09:30:00-04:00,113.08000183105469,113.65499877929688,112.77999877929688,112.92500305175781,1028211.0
2024-06-26T10:30:00-04:00,112.93499755859375,113.19499969482422,112.29499816894531,112.65540313720703,581035.0
2024-06-26T11:30:00-04:00,112.6449966430664,113.11499786376953,112.51499938964844,112.94499969482422,577897.0
2024-06-26T12:30:00-04:00,112.93000030517578,113.03404998779297,112.45999908447266,112.63500213623047,610108.0
2024-06-26T13:30:00-04:00,112.63500213623047,112.75,112.4657974243164,112.56500244140625,598990.0
2024-06-26T14:30:00-04:00,112.5425033569336,112.6050033569336,112.23999786376953,112.6050033569336,407831.0
2024-06-26T15:30:00-04:00,112.61000061035156,113.25,112.54000091552734,113.16999816894531,687547.0
2024-06-27T09:30:00-04:00,112.9000015258789,113.73500061035156,112.76499938964844,113.56999969482422,895383.0
2024-06-27T10:30:00-04:00,113.55999755859375,113.65499877929688,113.00499725341797,113.06999969482422,373009.0
2024-06-27T11:30:00-04:00,113.08000183105469,113.27999877929688,112.82499694824219,113.23999786376953,622710.0
2024-06-27T12:30:00-04:00,113.25499725341797,113.43000030517578,113.21499633789062,113.4175033569336,314194.0
2024-06-27T13:30:00-04:00,113.41500091552734,113.6050033569336,113.13999938964844,113.24500274658203,355919.0
2024-06-27T14:30:00-04:00,113.23500061035156,113.44999694824219,113.18000030517578,113.31484985351562,413498.0
2024-06-27T15:30:00-04:00,113.30999755859375,113.3199462890625,112.84500122070312,113.21499633789062,765654.0
2024-06-28T09:30:00-04:00,113.56999969482422,115.19499969482422,113.33000183105469,114.82749938964844,1190922.0
2024-06-28T10:30:00-04:00,114.80500030517578,115.0,113.96499633789062,114.20999908447266,613412.0
2024-06-28T11:30:00-04:00,114.21499633789062,114.48500061035156,113.69499969482422,113.99500274658203,479262.0
2024-06-28T12:30:00-04:00,113.98500061035156,114.04499816894531,113.36499786376953,113.87999725341797,507036.0
2024-06-28T13:30:00-04:00,113.87999725341797,114.0250015258789,113.59249877929688,113.62999725341797,396263.0
2024-06-28T14:30:00-04:00,113.63050079345703,113.79000091552734,113.5199966430664,113.52999877929688,553898.0
2024-06-28T15:30:00-04:00,113.52999877929688,113.7249984741211,112.95999908447266,113.11000061035156,1920802.0
2024-07-01T09:30:00-04:00,113.28500366210938,113.29000091552734,111.63999938964844,112.84500122070312,1168153.0
2024-07-01T10:30:00-04:00,112.87000274658203,113.3499984741211,112.51499938964844,113.31999969482422,712397.0
2024-07-01T11:30:00-04:00,113.31500244140625,113.86499786376953,113.11000061035156,113.78299713134766,518362.0
2024-07-01T12:30:00-04:00,113.79750061035156,113.81999969482422,113.41000366210938,113.68000030517578,349846.0
2024-07-01T13:30:00-04:00,113.68499755859375,113.91999816894531,113.43000030517578,113.5999984741211,258374.0
2024-07-01T14:30:00-04:00,113.59500122070312,113.9800033569336,113.50499725341797,113.74500274658203,491447.0
2024-07-01T15:30:00-04:00,113.73999786376953,114.16000366210938,113.625,114.0199966430664,785902.0
2024-07-02T09:30:00-04:00,112.9800033569336,114.23999786376953,112.9800033569336,113.56500244140625,1042282.0
2024-07-02T10:30:00-04:00,113.52999877929688,113.91999816894531,113.52999877929688,113.81500244140625,453227.0
2024-07-02T11:30:00-04:00,113.88999938964844,114.0300521850586,113.50250244140625,113.77555084228516,290929.0
2024-07-02T12:30:00-04:00,113.79000091552734,114.26000213623047,113.7300033569336,114.17500305175781,281119.0
2024-07-02T13:30:00-04:00,114.18000030517578,114.41500091552734,114.05999755859375,114.36000061035156,251903.0
2024-07-02T14:30:00-04:00,114.36000061035156,114.47000122070312,114.25,114.3499984741211,335990.0
2024-07-02T15:30:00-04:00,114.34500122070312,114.55000305175781,114.20500183105469,114.54000091552734,666805.0
2024-07-03T09:30:00-04:00,114.375,114.79000091552734,114.27999877929688,114.45500183105469,749138.0
2024-07-03T10:30:00-04:00,114.45999908447266,115.6500015258789,114.375,115.61000061035156,639608.0
2024-07-03T11:30:00-04:00,115.61000061035156,116.13500213623047,115.41000366210938,116.125,639392.0
2024-07-05T09:30:00-04:00,116.21499633789062,116.56500244140625,115.78500366210938,116.30999755859375,852312.0
2024-07-05T10:30:00-04:00,116.31999969482422,116.45999908447266,116.11000061035156,116.33999633789062,521828.0
2024-07-05T11:30:00-04:00,116.33999633789062,116.95500183105469,116.33999633789062,116.87999725341797,271767.0
2024-07-05T12:30:00-04:00,116.88500213623047,116.88500213623047,116.54000091552734,116.7750015258789,216778.0
2024-07-05T13:30:00-04:00,116.7750015258789,116.87000274658203,116.55999755859375,116.55999755859375,373565.0
2024-07-05T14:30:00-04:00,116.55999755859375,116.69999694824219,116.49250030517578,116.63999938964844,213625.0
2024-07-05T15:30:00-04:00,116.63500213623047,116.69999694824219,116.41500091552734,116.46499633789062,506335.0
2024-07-08T09:30:00-04:00,116.81500244140625,117.57499694824219,116.72000122070312,117.05500030517578,929223.0
2024-07-08T10:30:00-04:00,117.06500244140625,117.18250274658203,116.61499786376953,117.13999938964844,472051.0
2024-07-08T11:30:00-04:00,117.15499877929688,117.21499633789062,116.83999633789062,116.90249633789062,312234.0
2024-07-08T12:30:00-04:00,116.9000015258789,117.20500183105469,116.79750061035156,117.20500183105469,276527.0
2024-07-08T13:30:00-04:00,117.20999908447266,117.3550033569336,117.11499786376953,117.30249786376953,456221.0
2024-07-08T14:30:00-04:00,117.30000305175781,117.30000305175781,116.93000030517578,116.97949981689453,390923.0
2024-07-08T15:30:00-04:00,116.9749984741211,117.38249969482422,116.90499877929688,117.2699966430664,719330.0
2024-07-09T09:30:00-04:00,117.8324966430664,118.09500122070312,117.48500061035156,117.51249694824219,901407.0
2024-07-09T10:30:00-04:00,117.51000213623047,117.81999969482422,117.26000213623047,117.3499984741211,681824.0
2024-07-09T11:30:00-04:00,117.3499984741211,117.41999816894531,117.19499969482422,117.2300033569336,297769.0
2024-07-09T12:30:00-04:00,117.2300033569336,117.23249816894531,116.47000122070312,116.63999938964844,628327.0
2024-07-09T13:30:00-04:00,116.70999908447266,116.8499984741211,116.63500213623047,116.74500274658203,295437.0
2024-07-09T14:30:00-04:00,116.74500274658203,117.08499908447266,116.69499969482422,116.91999816894531,733850.0
2024-07-09T15:30:00-04:00,116.91999816894531,117.17500305175781,116.86000061035156,117.1449966430664,554073.0
2024-07-10T09:30:00-04:00,117.94499969482422,118.0199966430664,117.28500366210938,117.97000122070312,778178.0
2024-07-10T10:30:00-04:00,117.95999908447266,118.00499725341797,117.50499725341797,117.86499786376953,923746.0
2024-07-10T11:30:00-04:00,117.87000274658203,118.19000244140625,117.80000305175781,118.16999816894531,272187.0
2024-07-10T12:30:00-04:00,118.17500305175781,118.47000122070312,118.11499786376953,118.33999633789062,354715.0
2024-07-10T13:30:00-04:00,118.33000183105469,118.50499725341797,118.30000305175781,118.42500305175781,285453.0
2024-07-10T14:30:00-04:00,118.42500305175781,118.625,118.36000061035156,118.54499816894531,528843.0
2024-07-10T15:30:00-04:00,118.54499816894531,118.92250061035156,118.50499725341797,118.82499694824219,833699.0
2024-07-11T09:30:00-04:00,119.0199966430664,119.06999969482422,117.1050033569336,117.38500213623047,1216013.0
2024-07-11T10:30:00-04:00,117.36499786376953,117.65499877929688,116.12000274658203,116.16000366210938,1253719.0
2024-07-11T11:30:00-04:00,116.1449966430664,116.50499725341797,115.8499984741211,116.42250061035156,1162299.0
2024-07-11T12:30:00-04:00,116.42500305175781,116.6050033569336,115.83999633789062,116.2300033569336,571168.0
2024-07-11T13:30:00-04:00,116.22000122070312,116.22000122070312,115.52749633789062,115.8499984741211,654089.0
2024-07-11T14:30:00-04:00,115.83499908447266,116.46499633789062,115.82164764404297,116.04000091552734,570010.0
2024-07-11T15:30:00-04:00,116.09500122070312,116.41999816894531,115.80000305175781,115.81500244140625,1246170.0
2024-07-12T09:30:00-04:00,116.18499755859375,117.05999755859375,115.77999877929688,116.83499908447266,1010240.0
2024-07-12T10:30:00-04:00,116.8550033569336,117.625,116.79000091552734,117.51000213623047,638512.0
2024-07-12T11:30:00-04:00,117.49500274658203,117.57499694824219,116.87000274658203,117.12999725341797,263913.0
2024-07-12T12:30:00-04:00,117.12999725341797,117.7249984741211,117.05000305175781,117.72000122070312,215158.0
2024-07-12T13:30:00-04:00,117.70999908447266,118.12000274658203,117.68000030517578,117.96499633789062,889546.0
2024-07-12T14:30:00-04:00,117.9749984741211,118.13999938964844,117.7699966430664,117.8499984741211,380378.0
2024-07-12T15:30:00-04:00,117.66999816894531,117.8550033569336,116.66999816894531,116.93499755859375,1022661.0
2024-07-15T09:30:00-04:00,117.49500274658203,117.81500244140625,116.96499633789062,117.44499969482422,983544.0
2024-07-15T10:30:00-04:00,117.44000244140625,118.26499938964844,117.41999816894531,117.83000183105469,469354.0
2024-07-15T11:30:00-04:00,117.82499694824219,117.94999694824219,116.83999633789062,117.2300033569336,684393.0
2024-07-15T12:30:00-04:00,117.23500061035156,117.41999816894531,116.82499694824219,116.93000030517578,239521.0
2024-07-15T13:30:00-04:00,116.92500305175781,116.93499755859375,116.52999877929688,116.89054870605469,387775.0
2024-07-15T14:30:00-04:00,116.88999938964844,117.26000213623047,116.79499816894531,117.12004852294922,424780.0
2024-07-15T15:30:00-04:00,117.13500213623047,117.25,116.44499969482422,117.1449966430664,1003370.0
2024-07-16T09:30:00-04:00,117.38500213623047,117.44390106201172,115.88500213623047,116.14250183105469,1003705.0
2024-07-16T10:30:00-04:00,116.13749694824219,116.79000091552734,116.04460144042969,116.53500366210938,555202.0
2024-07-16T11:30:00-04:00,116.5250015258789,116.66999816894531,115.9800033569336,116.12249755859375,297029.0
2024-07-16T12:30:00-04:00,116.11000061035156,116.4800033569336,115.98999786376953,116.18000030517578,254475.0
2024-07-16T13:30:00-04:00,116.14749908447266,116.33999633789062,115.9749984741211,116.26499938964844,258691.0
2024-07-16T14:30:00-04:00,116.25,116.6449966430664,116.2300033569336,116.55500030517578,286322.0
2024-07-16T15:30:00-04:00,116.5374984741211,116.86499786376953,116.41999816894531,116.76000213623047,806637.0
2024-07-17T09:30:00-04:00,113.87000274658203,114.16500091552734,112.77999877929688,113.21499633789062,1428932.0
2024-07-17T10:30:00-04:00,113.19499969482422,113.66500091552734,113.04000091552734,113.33499908447266,768364.0
2024-07-17T11:30:00-04:00,113.33999633789062,113.4000015258789,112.36499786376953,112.47000122070312,717136.0
2024-07-17T12:30:00-04:00,112.45999908447266,112.72000122070312,112.12999725341797,112.61499786376953,606599.0
2024-07-17T13:30:00-04:00,112.59500122070312,112.89250183105469,112.44999694824219,112.73750305175781,438949.0
2024-07-17T14:30:00-04:00,112.76499938964844,112.87000274658203,112.37000274658203,112.76000213623047,804631.0
2024-07-17T15:30:00-04:00,112.75,112.84750366210938,112.125,112.18000030517578,1005351.0
2024-07-18T09:30:00-04:00,113.41000366210938,113.43000030517578,112.30500030517578,112.54000091552734,1100477.0
2024-07-18T10:30:00-04:00,112.51499938964844,112.51499938964844,110.87999725341797,110.97000122070312,1060386.0
2024-07-18T11:30:00-04:00,110.95999908447266,111.43475341796875,110.7750015258789,111.38249969482422,583218.0
2024-07-18T12:30:00-04:00,111.37750244140625,112.13500213623047,111.26499938964844,111.78500366210938,344562.0
2024-07-18T13:30:00-04:00,111.79499816894531,112.00499725341797,111.34335327148438,111.62999725341797,286530.0
2024-07-18T14:30:00-04:00,111.625,111.75250244140625,111.0250015258789,111.49500274658203,587943.0
2024-07-18T15:30:00-04:00,111.51000213623047,112.4800033569336,111.45249938964844,112.19000244140625,1138649.0
2024-07-19T09:30:00-04:00,111.59500122070312,112.27999877929688,111.18499755859375,111.22000122070312,1078692.0
2024-07-19T10:30:00-04:00,111.38500213623047,111.71499633789062,110.97000122070312,111.02594757080078,517308.0
2024-07-19T11:30:00-04:00,111.04499816894531,111.42500305175781,110.7249984741211,110.95999908447266,313649.0
2024-07-19T12:30:00-04:00,110.9800033569336,111.02449798583984,110.19000244140625,110.41999816894531,361018.0
2024-07-19T13:30:00-04:00,110.3949966430664,110.7699966430664,110.2750015258789,110.4800033569336,416611.0
2024-07-19T14:30:00-04:00,110.44999694824219,111.0250015258789,110.29499816894531,110.94999694824219,456432.0
2024-07-19T15:30:00-04:00,110.93000030517578,110.95999908447266,110.2750015258789,110.46499633789062,816125.0
2024-07-22T09:30:00-04:00,111.8949966430664,112.76000213623047,111.50499725341797,112.52999877929688,1421204.0
2024-07-22T10:30:00-04:00,112.54495239257812,112.86000061035156,111.61750030517578,111.66500091552734,643656.0
2024-07-22T11:30:00-04:00,111.65499877929688,112.12000274658203,111.41999816894531,112.04000091552734,479097.0
2024-07-22T12:30:00-04:00,112.0250015258789,112.6500015258789,111.95500183105469,112.57499694824219,266268.0
2024-07-22T13:30:00-04:00,112.57499694824219,113.18000030517578,112.55000305175781,112.9749984741211,628814.0
2024-07-22T14:30:00-04:00,112.97000122070312,113.1050033569336,112.70999908447266,112.80500030517578,628090.0
2024-07-22T15:30:00-04:00,112.81999969482422,113.125,112.76499938964844,113.02999877929688,1001903.0
2024-07-23T09:30:00-04:00,112.58000183105469,113.4574966430664,112.54499816894531,113.13999938964844,808275.0
2024-07-23T10:30:00-04:00,113.15499877929688,113.61499786376953,112.59500122070312,113.43250274658203,361633.0
2024-07-23T11:30:00-04:00,113.41999816894531,113.44999694824219,112.65499877929688,112.83499908447266,281859.0
2024-07-23T12:30:00-04:00,112.80000305175781,112.9000015258789,112.45999908447266,112.69249725341797,176300.0
2024-07-23T13:30:00-04:00,112.6875,112.9000015258789,112.54499816894531,112.65499877929688,210755.0
2024-07-23T14:30:00-04:00,112.6449966430664,112.94499969482422,112.5999984741211,112.8949966430664,274712.0
2024-07-23T15:30:00-04:00,112.875,112.875,112.44999694824219,112.58999633789062,540464.0
2024-07-24T09:30:00-04:00,111.12999725341797,111.47949981689453,110.27040100097656,110.44834899902344,1132598.0
2024-07-24T10:30:00-04:00,110.43499755859375,110.53500366210938,109.41999816894531,109.62000274658203,621412.0
2024-07-24T11:30:00-04:00,109.6050033569336,109.74500274658203,108.88999938964844,108.92500305175781,758196.0
2024-07-24T12:30:00-04:00,108.91500091552734,109.2750015258789,108.70999908447266,109.05500030517578,602459.0
2024-07-24T13:30:00-04:00,109.05000305175781,109.2750015258789,108.59500122070312,108.60504913330078,478335.0
2024-07-24T14:30:00-04:00,108.625,108.69499969482422,107.9749984741211,108.01499938964844,1150100.0
2024-07-24T15:30:00-04:00,108.01499938964844,108.67500305175781,107.68000030517578,107.98500061035156,1885960.0
2024-07-25T09:30:00-04:00,107.82499694824219,108.12484741210938,105.2300033569336,106.81999969482422,2012092.0
2024-07-25T10:30:00-04:00,106.78500366210938,108.54499816894531,106.625,108.03500366210938,1281577.0
2024-07-25T11:30:00-04:00,108.02999877929688,109.08059692382812,107.49500274658203,109.04750061035156,1545261.0
2024-07-25T12:30:00-04:00,109.05999755859375,109.43250274658203,108.44499969482422,108.55500030517578,674040.0
2024-07-25T13:30:00-04:00,108.55500030517578,108.87000274658203,108.1364974975586,108.41500091552734,557634.0
2024-07-25T14:30:00-04:00,108.3949966430664,108.52999877929688,107.61499786376953,108.19000244140625,522921.0
2024-07-25T15:30:00-04:00,108.18000030517578,108.26000213623047,106.66000366210938,106.7300033569336,2210105.0
2024-07-26T09:30:00-04:00,108.2249984741211,108.43000030517578,107.48500061035156,108.0875015258789,1121076.0
2024-07-26T10:30:00-04:00,108.07499694824219,108.1500015258789,107.2249984741211,107.73999786376953,647466.0
2024-07-26T11:30:00-04:00,107.75,108.7300033569336,107.69000244140625,108.6050033569336,585641.0
2024-07-26T12:30:00-04:00,108.5999984741211,109.0,108.57499694824219,108.94999694824219,318715.0
2024-07-26T13:30:00-04:00,108.93000030517578,108.98249816894531,108.0,108.16500091552734,449951.0
2024-07-26T14:30:00-04:00,108.1500015258789,108.30249786376953,107.56500244140625,108.11499786376953,558898.0
2024-07-26T15:30:00-04:00,108.11499786376953,108.19000244140625,107.62000274658203,108.15499877929688,1026060.0
2024-07-29T09:30:00-04:00,109.0,109.47000122070312,108.29000091552734,108.70500183105469,1111661.0
2024-07-29T10:30:00-04:00,108.71499633789062,108.82499694824219,107.54499816894531,107.83499908447266,445185.0
2024-07-29T11:30:00-04:00,107.81500244140625,108.67500305175781,107.34500122070312,108.3949966430664,419905.0
2024-07-29T12:30:00-04:00,108.40249633789062,108.6500015258789,108.05000305175781,108.05500030517578,253225.0
2024-07-29T13:30:00-04:00,108.05500030517578,108.33999633789062,107.80249786376953,107.84500122070312,236389.0
2024-07-29T14:30:00-04:00,107.84500122070312,108.07749938964844,107.6449966430664,107.98374938964844,319456.0
2024-07-29T15:30:00-04:00,107.98500061035156,108.1050033569336,107.58499908447266,107.67500305175781,615272.0
2024-07-30T09:30:00-04:00,108.05999755859375,108.16500091552734,106.7249984741211,106.7750015258789,756146.0
2024-07-30T10:30:00-04:00,106.77999877929688,106.83999633789062,105.33000183105469,105.75499725341797,931983.0
2024-07-30T11:30:00-04:00,105.75,105.81999969482422,104.875,105.09500122070312,633601.0
2024-07-30T12:30:00-04:00,105.07499694824219,105.15499877929688,104.1500015258789,105.0,606120.0
2024-07-30T13:30:00-04:00,104.98500061035156,105.61499786376953,104.81500244140625,105.42005157470703,456751.0
2024-07-30T14:30:00-04:00,105.43499755859375,105.62000274658203,104.87000274658203,104.99500274658203,384111.0
2024-07-30T15:30:00-04:00,104.9749984741211,105.44499969482422,104.73500061035156,104.94000244140625,1169993.0
2024-07-31T09:30:00-04:00,108.19499969482422,108.95954895019531,107.43499755859375,108.47135162353516,1741682.0
2024-07-31T10:30:00-04:00,108.4800033569336,108.91999816894531,108.2125015258789,108.81500244140625,561772.0
2024-07-31T11:30:00-04:00,108.82250213623047,109.04499816894531,108.58499908447266,108.62999725341797,518011.0
2024-07-31T12:30:00-04:00,108.62999725341797,108.88500213623047,108.39044952392578,108.67500305175781,568988.0
2024-07-31T13:30:00-04:00,108.66500091552734,109.07499694824219,108.06500244140625,108.9800033569336,691959.0
2024-07-31T14:30:00-04:00,108.98500061035156,109.79495239257812,108.62999725341797,108.7300033569336,1178916.0
2024-07-31T15:30:00-04:00,108.75,109.6449966430664,108.66999816894531,109.37999725341797,1477684.0
2024-08-01T09:30:00-04:00,109.0999984741211,110.36499786376953,108.7300033569336,108.7300033569336,1721838.0
2024-08-01T10:30:00-04:00,108.7300033569336,108.93875122070312,107.28500366210938,107.40499877929688,980638.0
2024-08-01T11:30:00-04:00,107.26499938964844,107.48500061035156,106.4207992553711,106.625,863159.0
2024-08-01T12:30:00-04:00,106.58000183105469,106.63999938964844,105.1500015258789,105.37000274658203,972113.0
2024-08-01T13:30:00-04:00,105.38500213623047,105.49500274658203,104.3949966430664,104.5625,941454.0
2024-08-01T14:30:00-04:00,104.55000305175781,104.91000366210938,104.19999694824219,104.875,814441.0
2024-08-01T15:30:00-04:00,104.8949966430664,105.4749984741211,104.65499877929688,105.3499984741211,1547636.0
2024-08-02T09:30:00-04:00,102.5199966430664,103.36499786376953,100.625,101.67500305175781,2829342.0
2024-08-02T10:30:00-04:00,101.63999938964844,102.20999908447266,100.96499633789062,101.84500122070312,1293995.0
2024-08-02T11:30:00-04:00,101.8499984741211,103.01000213623047,101.7699966430664,102.4375,1317790.0
2024-08-02T12:30:00-04:00,102.41000366210938,102.58999633789062,101.50499725341797,101.54000091552734,821303.0
2024-08-02T13:30:00-04:00,101.5,102.1498031616211,101.30000305175781,102.13500213623047,657425.0
2024-08-02T14:30:00-04:00,102.125,102.375,101.70999908447266,102.16500091552734,761467.0
2024-08-02T15:30:00-04:00,102.16500091552734,102.46499633789062,101.66500091552734,102.37000274658203,1337029.0
2024-08-05T09:30:00-04:00,95.95249938964844,99.72000122070312,95.37249755859375,98.05000305175781,4794418.0
2024-08-05T10:30:00-04:00,98.02999877929688,100.05999755859375,98.01499938964844,99.4749984741211,2955526.0
2024-08-05T11:30:00-04:00,99.4625015258789,100.86000061035156,99.28500366210938,100.78500366210938,2050971.0
2024-08-05T12:30:00-04:00,100.77999877929688,100.77999877929688,99.01000213623047,99.4800033569336,1271650.0
2024-08-05T13:30:00-04:00,99.46499633789062,100.0,98.7249984741211,99.0250015258789,1066316.0
2024-08-05T14:30:00-04:00,99.02249908447266,99.19750213623047,98.23500061035156,98.80000305175781,1236069.0
2024-08-05T15:30:00-04:00,98.80500030517578,99.09500122070312,98.33000183105469,99.0199966430664,1882161.0
2024-08-06T09:30:00-04:00,100.21499633789062,101.0250015258789,99.1500015258789,100.44499969482422,2331480.0
2024-08-06T10:30:00-04:00,100.53500366210938,101.62000274658203,100.24500274658203,100.46499633789062,917575.0
2024-08-06T11:30:00-04:00,100.48500061035156,101.69499969482422,100.4749984741211,101.37000274658203,695497.0
2024-08-06T12:30:00-04:00,101.41999816894531,102.24500274658203,101.30999755859375,102.02999877929688,1469700.0
2024-08-06T13:30:00-04:00,102.05500030517578,102.26000213623047,101.72000122070312,102.19499969482422,753409.0
2024-08-06T14:30:00-04:00,102.11000061035156,102.32250213623047,100.91999816894531,101.37999725341797,1294335.0
2024-08-06T15:30:00-04:00,101.43499755859375,101.55500030517578,100.26499938964844,100.31999969482422,3833343.0
2024-08-07T09:30:00-04:00,102.7249984741211,103.2249984741211,101.81500244140625,101.99500274658203,1531393.0
2024-08-07T10:30:00-04:00,102.03755187988281,102.66500091552734,101.79499816894531,102.13500213623047,691071.0
2024-08-07T11:30:00-04:00,102.1550521850586,102.2699966430664,100.88999938964844,101.47000122070312,1917398.0
2024-08-07T12:30:00-04:00,101.4800033569336,101.5250015258789,99.96504974365234,100.31500244140625,1195961.0
2024-08-07T13:30:00-04:00,100.29499816894531,100.61000061035156,99.03500366210938,99.5,827978.0
2024-08-07T14:30:00-04:00,99.4800033569336,99.9800033569336,98.94000244140625,99.48500061035156,909368.0
2024-08-07T15:30:00-04:00,99.4749984741211,99.625,98.53500366210938,98.66500091552734,1465030.0
2024-08-08T09:30:00-04:00,100.45500183105469,101.34500122070312,99.0,101.30500030517578,1732507.0
2024-08-08T10:30:00-04:00,101.31999969482422,101.62249755859375,100.875,101.33000183105469,749329.0
2024-08-08T11:30:00-04:00,101.33999633789062,101.94249725341797,101.16500091552734,101.67500305175781,669015.0
2024-08-08T12:30:00-04:00,101.66500091552734,102.08499908447266,101.125,102.08000183105469,661801.0
2024-08-08T13:30:00-04:00,102.05999755859375,102.61000061035156,102.05500030517578,102.21499633789062,914342.0
2024-08-08T14:30:00-04:00,102.26499938964844,102.46499633789062,101.67500305175781,101.81999969482422,913308.0
2024-08-08T15:30:00-04:00,101.83499908447266,102.46499633789062,101.52999877929688,102.3949966430664,1260819.0
2024-08-09T09:30:00-04:00,102.29499816894531,102.87000274658203,101.67500305175781,102.17500305175781,1122158.0
2024-08-09T10:30:00-04:00,102.19499969482422,102.88500213623047,101.8550033569336,102.30500030517578,849731.0
2024-08-09T11:30:00-04:00,102.34500122070312,102.52999877929688,102.00499725341797,102.18000030517578,344812.0
2024-08-09T12:30:00-04:00,102.17500305175781,103.28500366210938,102.16500091552734,103.28500366210938,555030.0
2024-08-09T13:30:00-04:00,103.28500366210938,103.40499877929688,102.69999694824219,102.87999725341797,630113.0
2024-08-09T14:30:00-04:00,102.8949966430664,103.01000213623047,102.65499877929688,102.88500213623047,433230.0
2024-08-09T15:30:00-04:00,102.87999725341797,103.02999877929688,102.55500030517578,102.79499816894531,714590.0
2024-08-12T09:30:00-04:00,103.13500213623047,104.22000122070312,102.65499877929688,103.8949966430664,1139194.0
2024-08-12T10:30:00-04:00,103.91000366210938,104.45500183105469,103.25,103.54000091552734,616239.0
2024-08-12T11:30:00-04:00,103.57499694824219,104.13999938964844,103.29750061035156,103.9800033569336,516343.0
2024-08-12T12:30:00-04:00,103.96499633789062,104.11499786376953,103.33000183105469,103.72750091552734,403358.0
2024-08-12T13:30:00-04:00,103.73500061035156,103.87000274658203,103.33499908447266,103.6084976196289,302734.0
2024-08-12T14:30:00-04:00,103.56500244140625,103.7300033569336,103.3949966430664,103.5,414918.0
2024-08-12T15:30:00-04:00,103.5199966430664,103.69000244140625,103.27999877929688,103.67500305175781,609639.0
2024-08-13T09:30:00-04:00,104.94000244140625,105.80000305175781,104.80999755859375,105.55999755859375,1158631.0
2024-08-13T10:30:00-04:00,105.55000305175781,106.16000366210938,105.26499938964844,106.0999984741211,572120.0
2024-08-13T11:30:00-04:00,106.09500122070312,106.375,105.95500183105469,106.2800521850586,498855.0
2024-08-13T12:30:00-04:00,106.28250122070312,106.70999908447266,106.17949676513672,106.53500366210938,560695.0
2024-08-13T13:30:00-04:00,106.54000091552734,106.6749496459961,106.08499908447266,106.6500015258789,534796.0
2024-08-13T14:30:00-04:00,106.6449966430664,106.76000213623047,106.32499694824219,106.55500030517578,458557.0
2024-08-13T15:30:00-04:00,106.54000091552734,106.87249755859375,106.44999694824219,106.83000183105469,863286.0
2024-08-14T09:30:00-04:00,107.5,107.7750015258789,106.16500091552734,106.56500244140625,1038284.0
2024-08-14T10:30:00-04:00,106.58000183105469,107.3125,105.9800033569336,107.3125,394846.0
2024-08-14T11:30:00-04:00,107.31500244140625,107.97000122070312,106.92500305175781,107.1449966430664,483567.0
2024-08-14T12:30:00-04:00,107.12000274658203,107.38500213623047,106.77999877929688,107.260498046875,460442.0
2024-08-14T13:30:00-04:00,107.27999877929688,107.36499786376953,106.9800033569336,107.2468490600586,643499.0
2024-08-14T14:30:00-04:00,107.24500274658203,107.4000015258789,106.94000244140625,107.05249786376953,487099.0
2024-08-14T15:30:00-04:00,107.05500030517578,107.62999725341797,106.94999694824219,107.41000366210938,767368.0
2024-08-15T09:30:00-04:00,108.74500274658203,109.73999786376953,108.58000183105469,109.68000030517578,1055585.0
2024-08-15T10:30:00-04:00,109.68000030517578,110.08499908447266,109.58000183105469,109.94499969482422,538808.0
2024-08-15T11:30:00-04:00,109.93499755859375,110.42749786376953,109.84715270996094,110.40499877929688,362554.0
2024-08-15T12:30:00-04:00,110.41000366210938,110.41000366210938,110.01499938964844,110.20999908447266,279231.0
2024-08-15T13:30:00-04:00,110.21499633789062,110.625,110.20999908447266,110.48500061035156,412514.0
2024-08-15T14:30:00-04:00,110.4800033569336,110.51499938964844,110.30000305175781,110.37999725341797,682348.0
2024-08-15T15:30:00-04:00,110.375,110.56500244140625,110.19499969482422,110.55000305175781,1063604.0
2024-08-16T09:30:00-04:00,109.93000030517578,110.75,109.62999725341797,110.48999786376953,746031.0
2024-08-16T10:30:00-04:00,110.5,110.6500015258789,109.81500244140625,110.12000274658203,483621.0
2024-08-16T11:30:00-04:00,110.12999725341797,110.69499969482422,110.08499908447266,110.6500015258789,388074.0
2024-08-16T12:30:00-04:00,110.65499877929688,110.9124984741211,110.6050033569336,110.77999877929688,417314.0
2024-08-16T13:30:00-04:00,110.79000091552734,110.8499984741211,110.51499938964844,110.7300033569336,238970.0
2024-08-16T14:30:00-04:00,110.73500061035156,110.76499938964844,110.56500244140625,110.625,277219.0
2024-08-16T15:30:00-04:00,110.62000274658203,110.75,110.4000015258789,110.69499969482422,652848.0
2024-08-19T09:30:00-04:00,110.44000244140625,110.73999786376953,109.98999786376953,110.55500030517578,892844.0
2024-08-19T10:30:00-04:00,110.55000305175781,111.0425033569336,110.48999786376953,110.95500183105469,445421.0
2024-08-19T11:30:00-04:00,110.94999694824219,111.26000213623047,110.83499908447266,111.11499786376953,353765.0
2024-08-19T12:30:00-04:00,111.11000061035156,111.44000244140625,110.97949981689453,111.37950134277344,400306.0
2024-08-19T13:30:00-04:00,111.38749694824219,111.86004638671875,111.3550033569336,111.83000183105469,269300.0
2024-08-19T14:30:00-04:00,111.84500122070312,112.08499908447266,111.80000305175781,112.03500366210938,1190410.0
2024-08-19T15:30:00-04:00,112.02999877929688,112.52999877929688,111.84500122070312,112.5250015258789,2203141.0
2024-08-20T09:30:00-04:00,112.2300033569336,112.90499877929688,111.88999938964844,112.0199966430664,902034.0
2024-08-20T10:30:00-04:00,112.05000305175781,112.1500015258789,111.47000122070312,111.94499969482422,524708.0
2024-08-20T11:30:00-04:00,111.91999816894531,112.34400177001953,111.875,112.01249694824219,608042.0
2024-08-20T12:30:00-04:00,111.99749755859375,112.08999633789062,111.5999984741211,111.96499633789062,247742.0
2024-08-20T13:30:00-04:00,111.9749984741211,112.54499816894531,111.91500091552734,112.41000366210938,240473.0
2024-08-20T14:30:00-04:00,112.41500091552734,112.62000274658203,112.21749877929688,112.2300033569336,470308.0
2024-08-20T15:30:00-04:00,112.2300033569336,112.44499969482422,112.06999969482422,112.12999725341797,505020.0
2024-08-21T09:30:00-04:00,112.19999694824219,112.72250366210938,112.00499725341797,112.45500183105469,583873.0
2024-08-21T10:30:00-04:00,112.45999908447266,113.18000030517578,112.0,112.45500183105469,698578.0
2024-08-21T11:30:00-04:00,112.44499969482422,112.45999908447266,111.84500122070312,112.28500366210938,541693.0
2024-08-21T12:30:00-04:00,112.29754638671875,112.56500244140625,112.23999786376953,112.43000030517578,322588.0
2024-08-21T13:30:00-04:00,112.44000244140625,112.94999694824219,112.4175033569336,112.94999694824219,386653.0
2024-08-21T14:30:00-04:00,112.95999908447266,113.08999633789062,112.26499938964844,112.53500366210938,385607.0
2024-08-21T15:30:00-04:00,112.52999877929688,112.86000061035156,112.41000366210938,112.79000091552734,554696.0
2024-08-22T09:30:00-04:00,113.41999816894531,113.68499755859375,112.55000305175781,112.83999633789062,653613.0
2024-08-22T10:30:00-04:00,112.83000183105469,112.83000183105469,111.94999694824219,111.94999694824219,283203.0
2024-08-22T11:30:00-04:00,111.91500091552734,111.97000122070312,110.80999755859375,111.87999725341797,753829.0
2024-08-22T12:30:00-04:00,111.86499786376953,111.98999786376953,110.94999694824219,111.2249984741211,375694.0
2024-08-22T13:30:00-04:00,111.20999908447266,111.2699966430664,110.31999969482422,110.80500030517578,560401.0
2024-08-22T14:30:00-04:00,110.79000091552734,110.93000030517578,110.11499786376953,110.1449966430664,441614.0
2024-08-22T15:30:00-04:00,110.16500091552734,110.40499877929688,109.96499633789062,110.23500061035156,1083983.0
2024-08-23T09:30:00-04:00,111.29000091552734,112.46749877929688,111.0,112.33000183105469,1105149.0
2024-08-23T10:30:00-04:00,112.34750366210938,112.38500213623047,110.59500122070312,111.69499969482422,690168.0
2024-08-23T11:30:00-04:00,111.71499633789062,111.97000122070312,110.77999877929688,110.77999877929688,1259315.0
2024-08-23T12:30:00-04:00,110.94999694824219,111.43499755859375,110.55000305175781,111.43000030517578,294445.0
2024-08-23T13:30:00-04:00,111.41000366210938,111.69999694824219,111.37000274658203,111.66999816894531,295352.0
2024-08-23T14:30:00-04:00,111.66500091552734,111.90499877929688,111.29000091552734,111.88500213623047,414807.0
2024-08-23T15:30:00-04:00,111.88500213623047,112.05500030517578,111.41500091552734,111.94499969482422,995772.0
2024-08-26T09:30:00-04:00,111.87999725341797,112.3012466430664,110.79499816894531,110.93824768066406,760144.0
2024-08-26T10:30:00-04:00,110.94000244140625,111.05500030517578,110.01000213623047,110.9000015258789,516467.0
2024-08-26T11:30:00-04:00,110.88500213623047,110.91999816894531,110.36499786376953,110.83499908447266,293768.0
2024-08-26T12:30:00-04:00,110.84500122070312,111.03500366210938,110.51499938964844,110.62999725341797,266173.0
2024-08-26T13:30:00-04:00,110.63999938964844,110.69499969482422,110.08499908447266,110.55500030517578,246023.0
2024-08-26T14:30:00-04:00,110.54499816894531,110.87000274658203,110.51000213623047,110.68744659423828,264038.0
2024-08-26T15:30:00-04:00,110.61000061035156,110.65499877929688,110.3499984741211,110.57499694824219,560833.0
2024-08-27T09:30:00-04:00,109.88999938964844,110.91999816894531,109.3499984741211,110.8550033569336,794428.0
2024-08-27T10:30:00-04:00,110.87999725341797,111.30500030517578,110.81500244140625,110.83499908447266,547140.0
2024-08-27T11:30:00-04:00,110.80999755859375,110.94000244140625,110.54000091552734,110.89994812011719,561582.0
2024-08-27T12:30:00-04:00,110.8949966430664,111.3550033569336,110.69000244140625,111.30999755859375,222440.0
2024-08-27T13:30:00-04:00,111.34500122070312,111.4800033569336,111.15499877929688,111.30000305175781,413955.0
2024-08-27T14:30:00-04:00,111.29499816894531,111.38999938964844,111.1050033569336,111.23249816894531,297444.0
2024-08-27T15:30:00-04:00,111.19999694824219,111.41500091552734,111.1449966430664,111.28500366210938,728348.0
2024-08-28T09:30:00-04:00,111.0999984741211,111.31500244140625,110.42250061035156,110.80500030517578,834154.0
2024-08-28T10:30:00-04:00,110.80500030517578,110.875,108.81999969482422,109.2699966430664,732698.0
2024-08-28T11:30:00-04:00,109.26000213623047,109.74500274658203,109.16000366210938,109.48494720458984,747819.0
2024-08-28T12:30:00-04:00,109.47000122070312,109.94499969482422,109.41999816894531,109.69499969482422,218519.0
2024-08-28T13:30:00-04:00,109.66999816894531,109.79499816894531,108.79000091552734,109.16500091552734,664461.0
2024-08-28T14:30:00-04:00,109.1500015258789,110.00499725341797,109.03500366210938,109.97000122070312,588742.0
2024-08-28T15:30:00-04:00,109.95999908447266,110.12000274658203,109.66999816894531,109.69999694824219,569619.0
2024-08-29T09:30:00-04:00,109.73999786376953,111.28500366210938,109.45500183105469,110.31999969482422,1417628.0
2024-08-29T10:30:00-04:00,110.36000061035156,111.01000213623047,110.33499908447266,110.50499725341797,817573.0
2024-08-29T11:30:00-04:00,110.4800033569336,110.8550033569336,110.46499633789062,110.67500305175781,488557.0
2024-08-29T12:30:00-04:00,110.67749786376953,110.84500122070312,110.25,110.35250091552734,698792.0
2024-08-29T13:30:00-04:00,110.3499984741211,110.50499725341797,109.52999877929688,109.62999725341797,735150.0
2024-08-29T14:30:00-04:00,109.57499694824219,109.57499694824219,108.44000244140625,108.87750244140625,1370539.0
2024-08-29T15:30:00-04:00,108.8499984741211,109.31500244140625,108.58000183105469,108.7300033569336,1000722.0
2024-08-30T09:30:00-04:00,109.90499877929688,110.58999633789062,109.57499694824219,109.82499694824219,1130726.0
2024-08-30T10:30:00-04:00,109.84500122070312,110.26499938964844,109.12000274658203,109.2249984741211,693810.0
2024-08-30T11:30:00-04:00,109.23500061035156,109.38500213623047,108.91500091552734,109.02999877929688,383277.0
2024-08-30T12:30:00-04:00,109.00749969482422,109.45999908447266,108.72000122070312,109.20500183105469,521113.0
2024-08-30T13:30:00-04:00,109.19499969482422,109.33999633789062,108.91500091552734,109.23500061035156,265781.0
2024-08-30T14:30:00-04:00,109.24500274658203,109.74500274658203,109.2249984741211,109.72000122070312,380296.0
2024-08-30T15:30:00-04:00,109.7249984741211,110.25,109.41000366210938,110.1449966430664,1064312.0
2024-09-03T09:30:00-04:00,109.0,109.08000183105469,107.41500091552734,107.71499633789062,1634314.0
2024-09-03T10:30:00-04:00,107.69309997558594,107.69309997558594,106.34500122070312,106.76499938964844,1691026.0
2024-09-03T11:30:00-04:00,106.75499725341797,106.95500183105469,106.19999694824219,106.31500244140625,603345.0
2024-09-03T12:30:00-04:00,106.30000305175781,106.3499984741211,106.01499938964844,106.28500366210938,425264.0
2024-09-03T13:30:00-04:00,106.26000213623047,106.30750274658203,105.2300033569336,105.25,516261.0
2024-09-03T14:30:00-04:00,105.24250030517578,105.66999816894531,105.23500061035156,105.29499816894531,712544.0
2024-09-03T15:30:00-04:00,105.30000305175781,105.37000274658203,104.50499725341797,105.11499786376953,1489897.0
2024-09-04T09:30:00-04:00,103.98500061035156,105.05000305175781,103.70999908447266,104.87999725341797,1512725.0
2024-09-04T10:30:00-04:00,104.90499877929688,106.02999877929688,104.80500030517578,105.19499969482422,817100.0
2024-09-04T11:30:00-04:00,105.2249984741211,105.53250122070312,104.94499969482422,105.49500274658203,459549.0
2024-09-04T12:30:00-04:00,105.5,105.78250122070312,105.31500244140625,105.41000366210938,399956.0
2024-09-04T13:30:00-04:00,105.43000030517578,105.63749694824219,105.15499877929688,105.40499877929688,381722.0
2024-09-04T14:30:00-04:00,105.4000015258789,105.45500183105469,104.48500061035156,104.80500030517578,769497.0
2024-09-04T15:30:00-04:00,104.81500244140625,105.2750015258789,104.6500015258789,104.80000305175781,1437927.0
2024-09-05T09:30:00-04:00,104.08000183105469,105.9749984741211,104.05999755859375,105.63999938964844,1051502.0
2024-09-05T10:30:00-04:00,105.6500015258789,105.80999755859375,104.11499786376953,104.1449966430664,673621.0
2024-09-05T11:30:00-04:00,104.16999816894531,104.69999694824219,103.98500061035156,104.66999816894531,440369.0
2024-09-05T12:30:00-04:00,104.66999816894531,104.7699966430664,104.2249984741211,104.2249984741211,383623.0
2024-09-05T13:30:00-04:00,104.19499969482422,105.0999984741211,104.19499969482422,104.78500366210938,349016.0
2024-09-05T14:30:00-04:00,104.79000091552734,105.08999633789062,104.29000091552734,104.69249725341797,324807.0
2024-09-05T15:30:00-04:00,104.68499755859375,104.88999938964844,104.21749877929688,104.69000244140625,851768.0
2024-09-06T09:30:00-04:00,104.58999633789062,104.83999633789062,102.78500366210938,102.78500366210938,1472979.0
2024-09-06T10:30:00-04:00,102.77999877929688,102.94000244140625,101.7699966430664,101.92500305175781,1322267.0
2024-09-06T11:30:00-04:00,101.95500183105469,102.22049713134766,101.48999786376953,101.625,626967.0
2024-09-06T12:30:00-04:00,101.63500213623047,102.3499984741211,101.5250015258789,101.96499633789062,420454.0
2024-09-06T13:30:00-04:00,101.95999908447266,102.02249908447266,101.5250015258789,101.66500091552734,391667.0
2024-09-06T14:30:00-04:00,101.65499877929688,102.37000274658203,101.6050033569336,102.23999786376953,486236.0
2024-09-06T15:30:00-04:00,102.23500061035156,102.37999725341797,101.8010025024414,101.99500274658203,1208915.0
2024-09-09T09:30:00-04:00,103.2249984741211,103.71499633789062,102.91999816894531,102.9800033569336,1149353.0
2024-09-09T10:30:00-04:00,102.99500274658203,102.99500274658203,102.2699966430664,102.80500030517578,563432.0
2024-09-09T11:30:00-04:00,102.79750061035156,103.5199966430664,102.74500274658203,103.49500274658203,393299.0
2024-09-09T12:30:00-04:00,103.48500061035156,103.74250030517578,103.36499786376953,103.6449966430664,454423.0
2024-09-09T13:30:00-04:00,103.62999725341797,103.63500213623047,102.91000366210938,102.92500305175781,546008.0
2024-09-09T14:30:00-04:00,102.91000366210938,103.33499908447266,102.77999877929688,103.32499694824219,879076.0
2024-09-09T15:30:00-04:00,103.32749938964844,103.68000030517578,103.12999725341797,103.63999938964844,1273414.0
2024-09-10T09:30:00-04:00,104.34500122070312,104.94999694824219,104.05000305175781,104.75,1080715.0
2024-09-10T10:30:00-04:00,104.6500015258789,104.80999755859375,104.0999984741211,104.58499908447266,586868.0
2024-09-10T11:30:00-04:00,104.5875015258789,104.68000030517578,103.3499984741211,103.65499877929688,648202.0
2024-09-10T12:30:00-04:00,103.66000366210938,104.42500305175781,103.61499786376953,104.2249984741211,337751.0
2024-09-10T13:30:00-04:00,104.23999786376953,104.84500122070312,104.22000122070312,104.73999786376953,587344.0
2024-09-10T14:30:00-04:00,104.74500274658203,104.93499755859375,104.66999816894531,104.93000030517578,581318.0
2024-09-10T15:30:00-04:00,104.91500091552734,105.4000015258789,104.83999633789062,105.1449966430664,1113765.0
2024-09-11T09:30:00-04:00,105.58499908447266,106.02999877929688,104.4000015258789,104.5999984741211,1476946.0
2024-09-11T10:30:00-04:00,104.57499694824219,104.83000183105469,103.87000274658203,104.73999786376953,652163.0
2024-09-11T11:30:00-04:00,104.73999786376953,106.34500122070312,104.67500305175781,106.33000183105469,656080.0
2024-09-11T12:30:00-04:00,106.37000274658203,106.88500213623047,106.0,106.83999633789062,390695.0
2024-09-11T13:30:00-04:00,106.8499984741211,107.82499694824219,106.78504943847656,107.77999877929688,663777.0
2024-09-11T14:30:00-04:00,107.83999633789062,108.28500366210938,107.58999633789062,108.26499938964844,1029836.0
2024-09-11T15:30:00-04:00,108.26249694824219,108.93499755859375,108.04000091552734,108.68499755859375,1194812.0
2024-09-12T09:30:00-04:00,108.69000244140625,109.30999755859375,107.92500305175781,109.23999786376953,1130877.0
2024-09-12T10:30:00-04:00,109.24500274658203,109.4749984741211,108.63500213623047,108.7750015258789,623212.0
2024-09-12T11:30:00-04:00,108.78500366210938,109.04499816894531,108.44004821777344,109.0199966430664,508501.0
2024-09-12T12:30:00-04:00,109.0199966430664,109.65499877929688,108.76499938964844,109.57945251464844,597489.0
2024-09-12T13:30:00-04:00,109.58000183105469,110.13500213623047,109.52999877929688,110.03500366210938,445948.0
2024-09-12T14:30:00-04:00,110.03500366210938,110.08499908447266,109.2249984741211,109.73999786376953,674898.0
2024-09-12T15:30:00-04:00,109.7300033569336,109.81999969482422,109.44000244140625,109.70500183105469,1118455.0
2024-09-13T09:30:00-04:00,109.80500030517578,110.23999786376953,109.41500091552734,109.72000122070312,976403.0
2024-09-13T10:30:00-04:00,109.69000244140625,110.2750015258789,109.36000061035156,110.11000061035156,524173.0
2024-09-13T11:30:00-04:00,110.12000274658203,110.27999877929688,109.87999725341797,110.03495025634766,452821.0
2024-09-13T12:30:00-04:00,110.04499816894531,110.45999908447266,109.90499877929688,110.43499755859375,223944.0
2024-09-13T13:30:00-04:00,110.44000244140625,110.49500274658203,110.0250015258789,110.09500122070312,254166.0
2024-09-13T14:30:00-04:00,110.0999984741211,110.26499938964844,109.98500061035156,110.20500183105469,381052.0
2024-09-13T15:30:00-04:00,110.20999908447266,110.36499786376953,110.05249786376953,110.23500061035156,814850.0
2024-09-16T09:30:00-04:00,109.42500305175781,110.1500015258789,108.78500366210938,109.63999938964844,1106693.0
2024-09-16T10:30:00-04:00,109.59500122070312,109.79000091552734,109.09500122070312,109.56500244140625,421425.0
2024-09-16T11:30:00-04:00,109.55999755859375,109.65499877929688,109.11499786376953,109.3949966430664,267527.0
2024-09-16T12:30:00-04:00,109.44499969482422,109.63500213623047,109.20500183105469,109.55000305175781,152011.0
2024-09-16T13:30:00-04:00,109.56749725341797,109.86499786376953,109.53500366210938,109.7300033569336,202703.0
2024-09-16T14:30:00-04:00,109.70500183105469,109.76000213623047,109.49500274658203,109.59500122070312,367998.0
2024-09-16T15:30:00-04:00,109.59500122070312,109.82499694824219,109.55500030517578,109.79000091552734,834085.0
2024-09-17T09:30:00-04:00,110.9000015258789,111.06999969482422,110.0999984741211,110.5250015258789,770448.0
2024-09-17T10:30:00-04:00,110.51000213623047,110.87999725341797,110.18499755859375,110.30000305175781,432196.0
2024-09-17T11:30:00-04:00,110.2750015258789,110.4000015258789,109.48999786376953,109.79499816894531,343419.0
2024-09-17T12:30:00-04:00,109.7750015258789,109.8499984741211,109.19499969482422,109.69584655761719,435638.0
2024-09-17T13:30:00-04:00,109.66500091552734,109.77999877929688,109.02999877929688,109.55000305175781,306023.0
2024-09-17T14:30:00-04:00,109.53500366210938,109.625,109.19499969482422,109.38500213623047,522129.0
2024-09-17T15:30:00-04:00,109.4000015258789,109.625,109.28500366210938,109.6050033569336,590146.0
2024-09-18T09:30:00-04:00,109.86000061035156,109.87000274658203,109.01000213623047,109.2699966430664,844962.0
2024-09-18T10:30:00-04:00,109.2750015258789,109.44000244140625,108.94999694824219,109.12000274658203,911771.0
2024-09-18T11:30:00-04:00,109.11499786376953,109.18000030517578,108.58000183105469,109.15499877929688,322814.0
2024-09-18T12:30:00-04:00,109.1574478149414,109.43499755859375,109.08999633789062,109.37249755859375,304393.0
2024-09-18T13:30:00-04:00,109.375,110.62999725341797,108.875,110.19999694824219,1186122.0
2024-09-18T14:30:00-04:00,110.19000244140625,110.58995056152344,108.72000122070312,109.62660217285156,1640739.0
2024-09-18T15:30:00-04:00,109.66999816894531,109.8499984741211,108.4800033569336,108.54000091552734,990946.0
2024-09-19T09:30:00-04:00,111.63500213623047,112.02999877929688,111.0250015258789,111.97000122070312,1928560.0
2024-09-19T10:30:00-04:00,111.98500061035156,112.16999816894531,111.4800033569336,112.1050033569336,953532.0
2024-09-19T11:30:00-04:00,112.1050033569336,112.375,111.82499694824219,112.32499694824219,1280695.0
2024-09-19T12:30:00-04:00,112.32025146484375,112.42500305175781,112.18499755859375,112.30500030517578,439994.0
2024-09-19T13:30:00-04:00,112.31500244140625,112.50250244140625,111.98500061035156,112.25,495073.0
2024-09-19T14:30:00-04:00,112.26000213623047,112.26000213623047,111.59500122070312,111.82499694824219,537555.0
2024-09-19T15:30:00-04:00,111.81999969482422,112.13999938964844,111.67500305175781,111.78500366210938,1006659.0
2024-09-20T09:30:00-04:00,111.40499877929688,111.76499938964844,110.95500183105469,111.09500122070312,875101.0
2024-09-20T10:30:00-04:00,111.08000183105469,111.2249984741211,110.2699966430664,110.54000091552734,1110194.0
2024-09-20T11:30:00-04:00,110.49500274658203,111.2699966430664,110.48999786376953,111.23500061035156,542235.0
2024-09-20T12:30:00-04:00,111.2300033569336,111.33499908447266,110.9800033569336,111.05000305175781,521820.0
2024-09-20T13:30:00-04:00,111.05000305175781,111.2249984741211,110.69999694824219,110.80750274658203,536761.0
2024-09-20T14:30:00-04:00,110.80750274658203,111.45999908447266,110.70999908447266,111.38999938964844,818113.0
2024-09-20T15:30:00-04:00,111.38999938964844,111.66000366210938,111.18000030517578,111.23500061035156,1489016.0
2024-09-23T09:30:00-04:00,111.16500091552734,111.29550170898438,110.7300033569336,111.18499755859375,752111.0
2024-09-23T10:30:00-04:00,111.21499633789062,111.22000122070312,110.83499908447266,111.060546875,438491.0
2024-09-23T11:30:00-04:00,111.08499908447266,111.29000091552734,110.80000305175781,110.93499755859375,752635.0
2024-09-23T12:30:00-04:00,110.93499755859375,111.01499938964844,110.70500183105469,110.8499984741211,226425.0
2024-09-23T13:30:00-04:00,110.86000061035156,111.06500244140625,110.80000305175781,110.96949768066406,203133.0
2024-09-23T14:30:00-04:00,110.95999908447266,111.05999755859375,110.87249755859375,111.0199966430664,492323.0
2024-09-23T15:30:00-04:00,111.0250015258789,111.125,110.91500091552734,111.05999755859375,482506.0
2024-09-24T09:30:00-04:00,111.51000213623047,111.59500122070312,110.41999816894531,110.56500244140625,601670.0
2024-09-24T10:30:00-04:00,110.55000305175781,111.25,110.30999755859375,111.20249938964844,326925.0
2024-09-24T11:30:00-04:00,111.19999694824219,112.02999877929688,111.19999694824219,111.82499694824219,601831.0
2024-09-24T12:30:00-04:00,111.81500244140625,112.0250015258789,111.75499725341797,111.83999633789062,218159.0
2024-09-24T13:30:00-04:00,111.8499984741211,111.97250366210938,111.58499908447266,111.63500213623047,267261.0
2024-09-24T14:30:00-04:00,111.57499694824219,111.74250030517578,111.4300537109375,111.6500015258789,269971.0
2024-09-24T15:30:00-04:00,111.63500213623047,111.83000183105469,111.59500122070312,111.80999755859375,779616.0
2024-09-25T09:30:00-04:00,111.58499908447266,112.59500122070312,111.53500366210938,112.34249877929688,533426.0
2024-09-25T10:30:00-04:00,112.32499694824219,112.55000305175781,112.16500091552734,112.18000030517578,266614.0
2024-09-25T11:30:00-04:00,112.16500091552734,112.37999725341797,111.88999938964844,112.1500015258789,601409.0
2024-09-25T12:30:00-04:00,112.15499877929688,112.20085144042969,111.70500183105469,111.9749984741211,198920.0
2024-09-25T13:30:00-04:00,111.96499633789062,112.06500244140625,111.66000366210938,112.01499938964844,237739.0
2024-09-25T14:30:00-04:00,112.00499725341797,112.05000305175781,111.88500213623047,111.95999908447266,316949.0
2024-09-25T15:30:00-04:00,111.94000244140625,112.17500305175781,111.90499877929688,112.15499877929688,600096.0
2024-09-26T09:30:00-04:00,114.31500244140625,114.43939971923828,113.44000244140625,113.48999786376953,1082248.0
2024-09-26T10:30:00-04:00,113.49500274658203,113.6449966430664,112.41500091552734,112.91000366210938,1173561.0
2024-09-26T11:30:00-04:00,112.89250183105469,113.37000274658203,112.74500274658203,112.91000366210938,421757.0
2024-09-26T12:30:00-04:00,112.91999816894531,113.01000213623047,112.48500061035156,112.86499786376953,344248.0
2024-09-26T13:30:00-04:00,112.8550033569336,113.54000091552734,112.8550033569336,113.54000091552734,289212.0
2024-09-26T14:30:00-04:00,113.52999877929688,113.75,113.36499786376953,113.625,356361.0
2024-09-26T15:30:00-04:00,113.625,113.73750305175781,113.45995330810547,113.55500030517578,698179.0
2024-09-27T09:30:00-04:00,113.7699966430664,113.80500030517578,112.9800033569336,113.07499694824219,598702.0
2024-09-27T10:30:00-04:00,113.07499694824219,113.14510345458984,112.56500244140625,112.70950317382812,308895.0
2024-09-27T11:30:00-04:00,112.69499969482422,112.82499694824219,112.33999633789062,112.6500015258789,523867.0
2024-09-27T12:30:00-04:00,112.63500213623047,112.87750244140625,112.53250122070312,112.53500366210938,212934.0
2024-09-27T13:30:00-04:00,112.5199966430664,112.8949966430664,112.2699966430664,112.27999877929688,187970.0
2024-09-27T14:30:00-04:00,112.2750015258789,112.6449966430664,112.12999725341797,112.52999877929688,370008.0
2024-09-27T15:30:00-04:00,112.51499938964844,112.6500015258789,112.4000015258789,112.53500366210938,642381.0
2024-09-30T09:30:00-04:00,112.03500366210938,112.69999694824219,111.79000091552734,112.15499877929688,640936.0
2024-09-30T10:30:00-04:00,112.20999908447266,112.4749984741211,112.12999725341797,112.46499633789062,148332.0
2024-09-30T11:30:00-04:00,112.51249694824219,112.58000183105469,112.16500091552734,112.45999908447266,216348.0
2024-09-30T12:30:00-04:00,112.44000244140625,112.51000213623047,112.125,112.17500305175781,122641.0
2024-09-30T13:30:00-04:00,112.16500091552734,112.37415313720703,111.5,111.73500061035156,345159.0
2024-09-30T14:30:00-04:00,111.66500091552734,112.19499969482422,111.58000183105469,112.04499816894531,318324.0
2024-09-30T15:30:00-04:00,112.03500366210938,112.94999694824219,111.97000122070312,112.88500213623047,795099.0
2024-10-01T09:30:00-04:00,112.54499816894531,112.61000061035156,110.0250015258789,110.22000122070312,1078745.0
2024-10-01T10:30:00-04:00,110.18499755859375,110.45984649658203,109.56500244140625,110.08499908447266,776796.0
2024-10-01T11:30:00-04:00,110.07499694824219,110.51499938964844,110.00499725341797,110.25450134277344,941418.0
2024-10-01T12:30:00-04:00,110.21150207519531,110.25499725341797,109.48999786376953,109.5250015258789,677709.0
2024-10-01T13:30:00-04:00,109.48999786376953,110.69499969482422,109.4749984741211,110.68000030517578,585625.0
2024-10-01T14:30:00-04:00,110.67500305175781,110.77999877929688,110.41500091552734,110.52999877929688,438791.0
2024-10-01T15:30:00-04:00,110.51499938964844,110.51499938964844,110.0,110.11000061035156,825710.0
2024-10-02T09:30:00-04:00,110.15499877929688,111.07499694824219,109.52999877929688,111.05000305175781,635895.0
2024-10-02T10:30:00-04:00,111.00499725341797,111.43499755859375,110.83499908447266,111.25505065917969,285846.0
2024-10-02T11:30:00-04:00,111.2750015258789,111.44750213623047,111.12000274658203,111.38475036621094,193841.0
2024-10-02T12:30:00-04:00,111.3550033569336,111.3550033569336,110.84500122070312,111.125,163211.0
2024-10-02T13:30:00-04:00,111.11000061035156,111.3550033569336,110.8499984741211,111.0647964477539,195009.0
2024-10-02T14:30:00-04:00,111.06999969482422,111.27249908447266,110.98999786376953,111.23999786376953,234562.0
2024-10-02T15:30:00-04:00,111.25,111.29499816894531,110.8949966430664,110.92500305175781,403660.0
2024-10-03T09:30:00-04:00,110.62000274658203,112.22000122070312,110.62000274658203,111.26249694824219,707363.0
2024-10-03T10:30:00-04:00,111.25499725341797,111.71499633789062,111.00499725341797,111.375,390248.0
2024-10-03T11:30:00-04:00,111.38500213623047,111.67500305175781,111.37000274658203,111.57499694824219,252572.0
2024-10-03T12:30:00-04:00,111.55500030517578,111.55999755859375,110.6050033569336,111.05857849121094,296157.0
2024-10-03T13:30:00-04:00,111.04004669189453,111.30500030517578,110.94249725341797,111.1050033569336,240267.0
2024-10-03T14:30:00-04:00,111.1050033569336,111.19499969482422,110.8499984741211,110.8949966430664,348733.0
2024-10-03T15:30:00-04:00,110.88999938964844,111.5,110.87000274658203,111.40499877929688,542206.0
2024-10-04T09:30:00-04:00,112.84500122070312,112.92500305175781,111.45999908447266,111.6500015258789,748011.0
2024-10-04T10:30:00-04:00,111.6500015258789,112.38494873046875,111.50499725341797,111.80000305175781,353601.0
2024-10-04T11:30:00-04:00,111.79000091552734,112.33000183105469,111.69499969482422,112.08910369873047,180813.0
2024-10-04T12:30:00-04:00,112.07499694824219,112.4749984741211,112.02999877929688,112.21499633789062,156478.0
2024-10-04T13:30:00-04:00,112.22000122070312,112.3499984741211,111.875,112.19499969482422,173333.0
2024-10-04T14:30:00-04:00,112.19249725341797,112.51499938964844,112.1449966430664,112.46499633789062,199017.0
2024-10-04T15:30:00-04:00,112.45999908447266,112.7249984741211,112.43499755859375,112.6449966430664,552782.0
2024-10-07T09:30:00-04:00,112.13999938964844,112.71499633789062,112.125,112.68000030517578,486051.0
2024-10-07T10:30:00-04:00,112.66500091552734,112.82499694824219,112.41803741455078,112.77749633789062,274956.0
2024-10-07T11:30:00-04:00,112.78500366210938,112.875,112.49500274658203,112.81500244140625,157800.0
2024-10-07T12:30:00-04:00,112.79499816894531,112.88500213623047,112.56999969482422,112.6500015258789,136154.0
2024-10-07T13:30:00-04:00,112.61000061035156,112.86750030517578,112.48999786376953,112.6050033569336,162491.0
2024-10-07T14:30:00-04:00,112.57499694824219,112.57499694824219,111.63999938964844,111.86000061035156,305465.0
2024-10-07T15:30:00-04:00,111.87000274658203,112.05999755859375,111.58999633789062,111.88500213623047,503167.0
2024-10-08T09:30:00-04:00,112.67500305175781,113.33374786376953,112.4175033569336,113.20504760742188,761687.0
2024-10-08T10:30:00-04:00,113.20999908447266,113.7249984741211,113.17500305175781,113.5199966430664,743731.0
2024-10-08T11:30:00-04:00,113.5250015258789,113.70500183105469,113.36000061035156,113.61000061035156,326224.0
2024-10-08T12:30:00-04:00,113.6050033569336,113.63999938964844,113.12999725341797,113.31999969482422,242990.0
2024-10-08T13:30:00-04:00,113.29000091552734,113.63249969482422,113.27999877929688,113.62000274658203,196761.0
2024-10-08T14:30:00-04:00,113.61499786376953,113.96749877929688,113.5250015258789,113.94499969482422,426209.0
2024-10-08T15:30:00-04:00,113.93499755859375,114.1500015258789,113.90499877929688,113.98500061035156,921850.0
2024-10-09T09:30:00-04:00,114.08499908447266,114.65499877929688,113.69499969482422,114.59500122070312,1198393.0
2024-10-09T10:30:00-04:00,114.56999969482422,114.91500091552734,114.37000274658203,114.81999969482422,393630.0
2024-10-09T11:30:00-04:00,114.81999969482422,115.16000366210938,114.66000366210938,114.91999816894531,559659.0
2024-10-09T12:30:00-04:00,114.94000244140625,115.03500366210938,114.81500244140625,114.98400115966797,383318.0
2024-10-09T13:30:00-04:00,114.96499633789062,115.23880004882812,114.58000183105469,115.20999908447266,276739.0
2024-10-09T14:30:00-04:00,115.21499633789062,115.2300033569336,114.98500061035156,115.09750366210938,354805.0
2024-10-09T15:30:00-04:00,115.0999984741211,115.3949966430664,115.08999633789062,115.2300033569336,538091.0
2024-10-10T09:30:00-04:00,114.46499633789062,114.9574966430664,114.1449966430664,114.91999816894531,829356.0
2024-10-10T10:30:00-04:00,114.91500091552734,115.12000274658203,114.63500213623047,115.08000183105469,316888.0
2024-10-10T11:30:00-04:00,115.06999969482422,115.50250244140625,115.0,115.20500183105469,170681.0
2024-10-10T12:30:00-04:00,115.2249984741211,115.24500274658203,114.8499984741211,115.18000030517578,360481.0
2024-10-10T13:30:00-04:00,115.17500305175781,115.23999786376953,114.7074966430664,114.84500122070312,125764.0
2024-10-10T14:30:00-04:00,114.83000183105469,114.98750305175781,114.5999984741211,114.98750305175781,266400.0
2024-10-10T15:30:00-04:00,114.9749984741211,115.29000091552734,114.88500213623047,115.19000244140625,623551.0
2024-10-11T09:30:00-04:00,114.93000030517578,115.66500091552734,114.76000213623047,115.51000213623047,623627.0
2024-10-11T10:30:00-04:00,115.48999786376953,115.59500122070312,115.05000305175781,115.33000183105469,455409.0
2024-10-11T11:30:00-04:00,115.33999633789062,115.51499938964844,115.19499969482422,115.28250122070312,663850.0
2024-10-11T12:30:00-04:00,115.2750015258789,115.32499694824219,115.08499908447266,115.27999877929688,583665.0
2024-10-11T13:30:00-04:00,115.29750061035156,115.49874877929688,115.23500061035156,115.40499877929688,601354.0
2024-10-11T14:30:00-04:00,115.41500091552734,115.61000061035156,115.23500061035156,115.5374984741211,739490.0
2024-10-11T15:30:00-04:00,115.5374984741211,115.5875015258789,115.38749694824219,115.38999938964844,640994.0
2024-10-14T09:30:00-04:00,116.13999938964844,117.1500015258789,116.08550262451172,116.91000366210938,764209.0
2024-10-14T10:30:00-04:00,116.90499877929688,116.95500183105469,116.19000244140625,116.37000274658203,382045.0
2024-10-14T11:30:00-04:00,116.33999633789062,116.69000244140625,116.24500274658203,116.66500091552734,279534.0
2024-10-14T12:30:00-04:00,116.66999816894531,116.7699966430664,116.5999984741211,116.7300033569336,196320.0
2024-10-14T13:30:00-04:00,116.7249984741211,116.87000274658203,116.6500015258789,116.78643798828125,339092.0
2024-10-14T14:30:00-04:00,116.78500366210938,117.01750183105469,116.7750015258789,117.01750183105469,823025.0
2024-10-14T15:30:00-04:00,117.01499938964844,117.14250183105469,116.80999755859375,116.875,1392101.0
2024-10-15T09:30:00-04:00,117.0,117.28250122070312,115.88999938964844,115.91500091552734,833842.0
2024-10-15T10:30:00-04:00,115.66065216064453,115.91000366210938,114.52999877929688,115.04499816894531,889550.0
2024-10-15T11:30:00-04:00,115.05249786376953,115.2750015258789,114.66000366210938,114.83000183105469,390869.0
2024-10-15T12:30:00-04:00,114.83499908447266,115.0250015258789,114.5250015258789,114.58999633789062,438537.0
2024-10-15T13:30:00-04:00,114.58000183105469,114.83499908447266,114.51499938964844,114.68250274658203,366790.0
2024-10-15T14:30:00-04:00,114.68000030517578,114.75499725341797,114.06999969482422,114.18499755859375,556394.0
2024-10-15T15:30:00-04:00,114.19750213623047,114.48999786376953,113.91500091552734,114.40499877929688,1692946.0
2024-10-16T09:30:00-04:00,114.69999694824219,114.69999694824219,113.46189880371094,114.44000244140625,725900.0
2024-10-16T10:30:00-04:00,114.44999694824219,114.4800033569336,113.8154525756836,114.41999816894531,447731.0
2024-10-16T11:30:00-04:00,114.40499877929688,114.48500061035156,114.12999725341797,114.29499816894531,282681.0
2024-10-16T12:30:00-04:00,114.28450012207031,114.6050033569336,114.23999786376953,114.45999908447266,137013.0
2024-10-16T13:30:00-04:00,114.4832534790039,114.87000274658203,114.47000122070312,114.82499694824219,115126.0
2024-10-16T14:30:00-04:00,114.80500030517578,114.864501953125,114.62000274658203,114.6624984741211,467742.0
2024-10-16T15:30:00-04:00,114.65750122070312,114.70999908447266,114.5,114.66000366210938,509516.0
2024-10-17T09:30:00-04:00,116.29499816894531,116.36000061035156,115.19390106201172,115.79499816894531,880703.0
2024-10-17T10:30:00-04:00,115.76000213623047,115.83499908447266,115.29000091552734,115.81500244140625,246077.0
2024-10-17T11:30:00-04:00,115.8550033569336,116.16500091552734,115.7300033569336,115.90499877929688,345233.0
2024-10-17T12:30:00-04:00,115.9000015258789,116.0,115.70500183105469,115.88999938964844,244503.0
2024-10-17T13:30:00-04:00,115.9000015258789,116.01499938964844,115.27999877929688,115.4000015258789,251134.0
2024-10-17T14:30:00-04:00,115.4000015258789,115.58999633789062,115.19499969482422,115.27999877929688,347753.0
2024-10-17T15:30:00-04:00,115.30000305175781,115.3550033569336,115.05000305175781,115.06749725341797,544926.0
2024-10-18T09:30:00-04:00,115.6449966430664,115.87999725341797,115.34500122070312,115.61499786376953,490259.0
2024-10-18T10:30:00-04:00,115.5999984741211,115.63999938964844,115.29499816894531,115.6137466430664,270843.0
2024-10-18T11:30:00-04:00,115.61499786376953,115.67500305175781,115.20999908447266,115.29499816894531,125263.0
2024-10-18T12:30:00-04:00,115.30500030517578,115.63999938964844,115.29049682617188,115.49275207519531,162715.0
2024-10-18T13:30:00-04:00,115.4968490600586,115.55999755859375,115.23500061035156,115.45999908447266,233120.0
2024-10-18T14:30:00-04:00,115.47000122070312,115.48500061035156,115.28500366210938,115.45500183105469,234873.0
2024-10-18T15:30:00-04:00,115.45249938964844,115.45500183105469,115.27999877929688,115.43499755859375,580106.0
2024-10-21T09:30:00-04:00,115.09500122070312,116.01000213623047,115.0,115.70500183105469,511738.0
2024-10-21T10:30:00-04:00,115.73500061035156,115.73500061035156,114.88500213623047,114.95999908447266,557054.0
2024-10-21T11:30:00-04:00,114.94499969482422,115.49494934082031,114.91000366210938,115.28500366210938,201823.0
2024-10-21T12:30:00-04:00,115.29499816894531,115.62000274658203,115.19499969482422,115.49500274658203,239934.0
2024-10-21T13:30:00-04:00,115.5,115.7249984741211,115.46499633789062,115.55000305175781,190498.0
2024-10-21T14:30:00-04:00,115.54499816894531,115.69000244140625,115.41000366210938,115.6050033569336,192538.0
2024-10-21T15:30:00-04:00,115.58999633789062,116.01000213623047,115.48500061035156,116.0,863453.0
2024-10-22T09:30:00-04:00,115.37999725341797,115.84500122070312,115.05000305175781,115.6624984741211,606360.0
2024-10-22T10:30:00-04:00,115.67500305175781,115.79000091552734,115.35749816894531,115.57005310058594,239290.0
2024-10-22T11:30:00-04:00,115.58499908447266,115.63999938964844,115.32499694824219,115.36499786376953,199657.0
2024-10-22T12:30:00-04:00,115.37999725341797,115.7750015258789,115.2699966430664,115.75,192244.0
2024-10-22T13:30:00-04:00,115.75499725341797,116.2699966430664,115.75,115.97000122070312,419749.0
2024-10-22T14:30:00-04:00,115.98155212402344,116.05999755859375,115.83499908447266,116.05000305175781,260486.0
2024-10-22T15:30:00-04:00,116.05000305175781,116.1449966430664,115.87999725341797,115.90499877929688,725837.0
2024-10-23T09:30:00-04:00,115.41999816894531,115.58000183105469,114.8550033569336,115.3550033569336,404476.0
2024-10-23T10:30:00-04:00,115.33999633789062,115.62000274658203,114.78500366210938,114.81500244140625,392259.0
2024-10-23T11:30:00-04:00,114.78500366210938,115.12000274658203,114.3949966430664,114.41000366210938,300491.0
2024-10-23T12:30:00-04:00,114.40750122070312,114.54000091552734,113.79000091552734,113.99500274658203,439555.0
2024-10-23T13:30:00-04:00,113.98500061035156,113.98500061035156,113.24085235595703,113.53500366210938,256173.0
2024-10-23T14:30:00-04:00,113.52999877929688,114.125,113.48999786376953,114.0199966430664,322632.0
2024-10-23T15:30:00-04:00,114.01000213623047,114.31999969482422,113.91999816894531,114.2300033569336,621875.0
2024-10-24T09:30:00-04:00,114.68000030517578,114.83360290527344,114.19499969482422,114.34500122070312,540350.0
2024-10-24T10:30:00-04:00,114.41500091552734,114.75499725341797,114.19499969482422,114.375,220242.0
2024-10-24T11:30:00-04:00,114.36499786376953,114.48999786376953,113.87000274658203,114.22000122070312,172470.0
2024-10-24T12:30:00-04:00,114.25,114.55999755859375,114.23999786376953,114.40249633789062,171127.0
2024-10-24T13:30:00-04:00,114.41500091552734,114.55500030517578,114.20500183105469,114.41500091552734,180327.0
2024-10-24T14:30:00-04:00,114.43299865722656,114.64250183105469,114.29499816894531,114.60749816894531,159262.0
2024-10-24T15:30:00-04:00,114.61000061035156,114.7300033569336,114.51499938964844,114.57499694824219,426914.0
2024-10-25T09:30:00-04:00,115.19999694824219,116.4375,115.16500091552734,116.37895202636719,1008293.0
2024-10-25T10:30:00-04:00,116.32499694824219,116.41500091552734,116.02999877929688,116.07499694824219,1038724.0
2024-10-25T11:30:00-04:00,116.06500244140625,116.2300033569336,115.93499755859375,116.2300033569336,342479.0
2024-10-25T12:30:00-04:00,116.23500061035156,116.25499725341797,115.57250213623047,115.61499786376953,293701.0
2024-10-25T13:30:00-04:00,115.5999984741211,115.68274688720703,114.9800033569336,115.4449462890625,268774.0
2024-10-25T14:30:00-04:00,115.44999694824219,115.58499908447266,115.22000122070312,115.33000183105469,305369.0
2024-10-25T15:30:00-04:00,115.33999633789062,115.41999816894531,115.0999984741211,115.16500091552734,575933.0
2024-10-28T09:30:00-04:00,115.97000122070312,115.97000122070312,115.37000274658203,115.71009826660156,592765.0
2024-10-28T10:30:00-04:00,115.70999908447266,115.80829620361328,115.40499877929688,115.45500183105469,503461.0
2024-10-28T11:30:00-04:00,115.44999694824219,115.50499725341797,115.19499969482422,115.40249633789062,338957.0
2024-10-28T12:30:00-04:00,115.4000015258789,115.45500183105469,115.19499969482422,115.3550033569336,206754.0
2024-10-28T13:30:00-04:00,115.3550033569336,115.44999694824219,115.29000091552734,115.29000091552734,222799.0
2024-10-28T14:30:00-04:00,115.29499816894531,115.3499984741211,115.125,115.30999755859375,266099.0
2024-10-28T15:30:00-04:00,115.30999755859375,115.375,115.08499908447266,115.1500015258789,541330.0
2024-10-29T09:30:00-04:00,115.33000183105469,116.06999969482422,114.9000015258789,115.74500274658203,561064.0
2024-10-29T10:30:00-04:00,115.74500274658203,116.05999755859375,115.74500274658203,116.01000213623047,254928.0
2024-10-29T11:30:00-04:00,116.01000213623047,116.44000244140625,115.93000030517578,116.28500366210938,268452.0
2024-10-29T12:30:00-04:00,116.29000091552734,116.6500015258789,116.12000274658203,116.5,332553.0
2024-10-29T13:30:00-04:00,116.51000213623047,116.68000030517578,116.44499969482422,116.67500305175781,344653.0
2024-10-29T14:30:00-04:00,116.67500305175781,116.98500061035156,116.65499877929688,116.94999694824219,511991.0
2024-10-29T15:30:00-04:00,116.96499633789062,116.99500274658203,116.52525329589844,116.66500091552734,899889.0
2024-10-30T09:30:00-04:00,115.59500122070312,115.90499877929688,114.85870361328125,115.84615325927734,755616.0
2024-10-30T10:30:00-04:00,115.80000305175781,115.87419891357422,115.26000213623047,115.6449966430664,288380.0
2024-10-30T11:30:00-04:00,115.66000366210938,115.66000366210938,115.33999633789062,115.375,356798.0
2024-10-30T12:30:00-04:00,115.375,115.62999725341797,115.33999633789062,115.36499786376953,429336.0
2024-10-30T13:30:00-04:00,115.3550033569336,115.38999938964844,114.94999694824219,115.14250183105469,394316.0
2024-10-30T14:30:00-04:00,115.13500213623047,115.2699966430664,114.93499755859375,114.98999786376953,359342.0
2024-10-30T15:30:00-04:00,114.9800033569336,115.11000061035156,114.7300033569336,114.8499984741211,1080797.0
2024-10-31T09:30:00-04:00,113.54499816894531,113.54499816894531,111.67500305175781,111.78500366210938,1514220.0
2024-10-31T10:30:00-04:00,111.80249786376953,111.93499755859375,111.31500244140625,111.58000183105469,874519.0
2024-10-31T11:30:00-04:00,111.57250213623047,111.625,111.08000183105469,111.57749938964844,637041.0
2024-10-31T12:30:00-04:00,111.57499694824219,111.79319763183594,111.46499633789062,111.52999877929688,484979.0
2024-10-31T13:30:00-04:00,111.51000213623047,111.56999969482422,111.16999816894531,111.28500366210938,433618.0
2024-10-31T14:30:00-04:00,111.2874984741211,111.7300033569336,111.12000274658203,111.56500244140625,650240.0
2024-10-31T15:30:00-04:00,111.56999969482422,111.95999908447266,111.1050033569336,111.13999938964844,1053813.0
2024-11-01T09:30:00-04:00,111.23999786376953,112.62999725341797,111.08999633789062,112.625,1257381.0
2024-11-01T10:30:00-04:00,112.62999725341797,112.7750015258789,111.93499755859375,112.7699966430664,830361.0
2024-11-01T11:30:00-04:00,112.7750015258789,112.79000091552734,112.3499984741211,112.37999725341797,661188.0
2024-11-01T12:30:00-04:00,112.44000244140625,112.58999633789062,112.0999984741211,112.55404663085938,639880.0
2024-11-01T13:30:00-04:00,112.56999969482422,112.56999969482422,111.78500366210938,111.95500183105469,473238.0
2024-11-01T14:30:00-04:00,111.94000244140625,112.30000305175781,111.87000274658203,112.05500030517578,667738.0
2024-11-01T15:30:00-04:00,112.05999755859375,112.19750213623047,111.80999755859375,111.95500183105469,838986.0
2024-11-04T09:30:00-05:00,112.05999755859375,112.44999694824219,111.3949966430664,112.33000183105469,756421.0
2024-11-04T10:30:00-05:00,112.33499908447266,112.6749496459961,112.19499969482422,112.44000244140625,259548.0
2024-11-04T11:30:00-05:00,112.41500091552734,112.44000244140625,111.62999725341797,112.09500122070312,431245.0
2024-11-04T12:30:00-05:00,112.1050033569336,112.40995025634766,111.94999694824219,112.23494720458984,403161.0
2024-11-04T13:30:00-05:00,112.2249984741211,112.50499725341797,112.19000244140625,112.28250122070312,247589.0
2024-11-04T14:30:00-05:00,112.25,112.44000244140625,112.1500015258789,112.18499755859375,227187.0
2024-11-04T15:30:00-05:00,112.16000366210938,112.17500305175781,111.79000091552734,111.87000274658203,530153.0
2024-11-05T09:30:00-05:00,112.21499633789062,113.33499908447266,112.21499633789062,112.9749984741211,872682.0
2024-11-05T10:30:00-05:00,113.0,113.26000213623047,112.76499938964844,113.16500091552734,413799.0
2024-11-05T11:30:00-05:00,113.21499633789062,113.53500366210938,113.125,113.37000274658203,351813.0
2024-11-05T12:30:00-05:00,113.36499786376953,113.48750305175781,113.16059875488281,113.16449737548828,255152.0
2024-11-05T13:30:00-05:00,113.15499877929688,113.33000183105469,112.94999694824219,113.23999786376953,255844.0
2024-11-05T14:30:00-05:00,113.23500061035156,113.37000274658203,113.0,113.36499786376953,249459.0
2024-11-05T15:30:00-05:00,113.36499786376953,113.46499633789062,113.12750244140625,113.44499969482422,885504.0
2024-11-06T09:30:00-05:00,115.63500213623047,116.375,115.29000091552734,116.30500030517578,1709867.0
2024-11-06T10:30:00-05:00,116.31500244140625,116.43499755859375,115.66000366210938,116.04499816894531,766661.0
2024-11-06T11:30:00-05:00,116.05999755859375,116.24500274658203,116.0250015258789,116.15950012207031,557295.0
2024-11-06T12:30:00-05:00,116.1500015258789,116.50499725341797,116.06500244140625,116.5,453029.0
2024-11-06T13:30:00-05:00,116.51000213623047,116.65499877929688,116.41999816894531,116.6449966430664,456246.0
2024-11-06T14:30:00-05:00,116.6449966430664,116.87249755859375,116.60250091552734,116.74500274658203,493864.0
2024-11-06T15:30:00-05:00,116.74500274658203,116.88999938964844,116.57499694824219,116.65499877929688,723083.0
2024-11-07T09:30:00-05:00,117.48500061035156,118.01499938964844,117.43000030517578,117.86000061035156,961228.0
2024-11-07T10:30:00-05:00,117.87750244140625,118.1449966430664,117.68000030517578,118.05500030517578,500789.0
2024-11-07T11:30:00-05:00,118.05000305175781,118.29663848876953,118.05000305175781,118.29663848876953,351275.0
2024-11-07T12:30:00-05:00,118.28250122070312,118.37000274658203,118.12000274658203,118.26000213623047,455853.0
2024-11-07T13:30:00-05:00,118.25499725341797,118.46499633789062,118.1500015258789,118.375,435401.0
2024-11-07T14:30:00-05:00,118.37999725341797,118.76065063476562,118.23500061035156,118.68399810791016,784642.0
2024-11-07T15:30:00-05:00,118.67500305175781,118.84500122070312,118.61000061035156,118.73999786376953,1231212.0
2024-11-08T09:30:00-05:00,118.55999755859375,118.97000122070312,118.1500015258789,118.4749984741211,855853.0
2024-11-08T10:30:00-05:00,118.46499633789062,118.6050033569336,118.3550033569336,118.54000091552734,439118.0
2024-11-08T11:30:00-05:00,118.55000305175781,118.69000244140625,118.34500122070312,118.37000274658203,375963.0
2024-11-08T12:30:00-05:00,118.3719482421875,118.5250015258789,118.3550033569336,118.45950317382812,260219.0
2024-11-08T13:30:00-05:00,118.45500183105469,118.66999816894531,118.44499969482422,118.65499877929688,233192.0
2024-11-08T14:30:00-05:00,118.63999938964844,118.74500274658203,118.41500091552734,118.4800033569336,352226.0
2024-11-08T15:30:00-05:00,118.48500061035156,118.58999633789062,118.4000015258789,118.58999633789062,735114.0
2024-11-11T09:30:00-05:00,118.56500244140625,118.63999938964844,117.41500091552734,117.7249984741211,832720.0
2024-11-11T10:30:00-05:00,117.7300033569336,118.20999908447266,117.66999816894531,117.69499969482422,548995.0
2024-11-11T11:30:00-05:00,117.70500183105469,117.81504821777344,117.5250015258789,117.58480072021484,299194.0
2024-11-11T12:30:00-05:00,117.58999633789062,117.68499755859375,117.22000122070312,117.45999908447266,483032.0
2024-11-11T13:30:00-05:00,117.44000244140625,117.66999816894531,117.42500305175781,117.48004913330078,252948.0
2024-11-11T14:30:00-05:00,117.47750091552734,117.88749694824219,117.45999908447266,117.80000305175781,423133.0
2024-11-11T15:30:00-05:00,117.79000091552734,117.95999908447266,117.75,117.91999816894531,527322.0
2024-11-12T09:30:00-05:00,117.84500122070312,118.2249984741211,117.75,118.13999938964844,632491.0
2024-11-12T10:30:00-05:00,118.1449966430664,118.19000244140625,117.81500244140625,117.96499633789062,637199.0
2024-11-12T11:30:00-05:00,117.96499633789062,118.125,117.68000030517578,117.83000183105469,321335.0
2024-11-12T12:30:00-05:00,117.81500244140625,117.83499908447266,117.1449966430664,117.58999633789062,274273.0
2024-11-12T13:30:00-05:00,117.6050033569336,118.08499908447266,117.6050033569336,118.0,292093.0
2024-11-12T14:30:00-05:00,118.00499725341797,118.19499969482422,117.97000122070312,118.0250015258789,194947.0
2024-11-12T15:30:00-05:00,118.0250015258789,118.1449966430664,117.95999908447266,118.05500030517578,923802.0
2024-11-13T09:30:00-05:00,117.82499694824219,118.06999969482422,117.30000305175781,117.63999938964844,593884.0
2024-11-13T10:30:00-05:00,117.625,118.03500366210938,117.57499694824219,117.98470306396484,257295.0
2024-11-13T11:30:00-05:00,117.98999786376953,118.24500274658203,117.65495300292969,118.09500122070312,524449.0
2024-11-13T12:30:00-05:00,118.06999969482422,118.41000366210938,118.04000091552734,118.31999969482422,238301.0
2024-11-13T13:30:00-05:00,118.36000061035156,118.53500366210938,118.02999877929688,118.05999755859375,270297.0
2024-11-13T14:30:00-05:00,118.05999755859375,118.12999725341797,117.70999908447266,117.83000183105469,382263.0
2024-11-13T15:30:00-05:00,117.83999633789062,118.03500366210938,117.45500183105469,117.67500305175781,685690.0
2024-11-14T09:30:00-05:00,117.8550033569336,118.05999755859375,117.19499969482422,117.6500015258789,671935.0
2024-11-14T10:30:00-05:00,117.6050033569336,117.87000274658203,117.48750305175781,117.74500274658203,246847.0
2024-11-14T11:30:00-05:00,117.75,117.91000366210938,117.375,117.4000015258789,320342.0
2024-11-14T12:30:00-05:00,117.3949966430664,117.80999755859375,117.13500213623047,117.68499755859375,470316.0
2024-11-14T13:30:00-05:00,117.68000030517578,117.70500183105469,117.30999755859375,117.58499908447266,264881.0
2024-11-14T14:30:00-05:00,117.57499694824219,117.73500061035156,117.12999725341797,117.2300033569336,462346.0
2024-11-14T15:30:00-05:00,117.26000213623047,117.3499984741211,117.07499694824219,117.2699966430664,613814.0
2024-11-15T09:30:00-05:00,115.81500244140625,115.96499633789062,114.78500366210938,114.83499908447266,1062212.0
2024-11-15T10:30:00-05:00,114.84500122070312,114.9800033569336,114.65499877929688,114.9000015258789,1260977.0
2024-11-15T11:30:00-05:00,114.90499877929688,114.94999694824219,114.21005249023438,114.37999725341797,650293.0
2024-11-15T12:30:00-05:00,114.37999725341797,114.52999877929688,114.13500213623047,114.31999969482422,368176.0
2024-11-15T13:30:00-05:00,114.31500244140625,114.3499984741211,113.9800033569336,113.99500274658203,386736.0
2024-11-15T14:30:00-05:00,113.99500274658203,114.44999694824219,113.9749984741211,114.30000305175781,638720.0
2024-11-15T15:30:00-05:00,114.32499694824219,114.51499938964844,114.12999725341797,114.40499877929688,865050.0
2024-11-18T09:30:00-05:00,114.3550033569336,114.76499938964844,113.86000061035156,114.76499938964844,731069.0
2024-11-18T10:30:00-05:00,114.75499725341797,115.20249938964844,114.74500274658203,115.1050033569336,369089.0
2024-11-18T11:30:00-05:00,115.1050033569336,115.20999908447266,114.6449966430664,114.71749877929688,277232.0
2024-11-18T12:30:00-05:00,114.71499633789062,114.94999694824219,114.61000061035156,114.83000183105469,229067.0
2024-11-18T13:30:00-05:00,114.8499984741211,114.9800033569336,114.58000183105469,114.63999938964844,220828.0
2024-11-18T14:30:00-05:00,114.6500015258789,114.91999816894531,114.59500122070312,114.8949966430664,392817.0
2024-11-18T15:30:00-05:00,114.88500213623047,114.8949966430664,114.5199966430664,114.7300033569336,621925.0
2024-11-19T09:30:00-05:00,114.00499725341797,114.62999725341797,114.00499725341797,114.62999725341797,699916.0
2024-11-19T10:30:00-05:00,114.62000274658203,115.03500366210938,114.51000213623047,115.01499938964844,296604.0
2024-11-19T11:30:00-05:00,114.98500061035156,115.1500015258789,114.86505126953125,115.11000061035156,225228.0
2024-11-19T12:30:00-05:00,115.09249877929688,115.32499694824219,115.05000305175781,115.29499816894531,176278.0
2024-11-19T13:30:00-05:00,115.29499816894531,115.76000213623047,115.27999877929688,115.55999755859375,358517.0
2024-11-19T14:30:00-05:00,115.55500030517578,115.62000274658203,115.3499984741211,115.58499908447266,447513.0
2024-11-19T15:30:00-05:00,115.58499908447266,115.75499725341797,115.5250015258789,115.66999816894531,943658.0
2024-11-20T09:30:00-05:00,115.76499938964844,115.80500030517578,114.0250015258789,114.30160522460938,1054327.0
2024-11-20T10:30:00-05:00,114.32749938964844,115.0,114.29000091552734,114.44499969482422,554991.0
2024-11-20T11:30:00-05:00,114.43515014648438,115.23999786376953,114.33499908447266,114.80000305175781,308904.0
2024-11-20T12:30:00-05:00,114.78500366210938,114.93499755859375,114.45500183105469,114.71499633789062,514283.0
2024-11-20T13:30:00-05:00,114.69499969482422,114.69499969482422,114.34500122070312,114.42500305175781,205667.0
2024-11-20T14:30:00-05:00,114.4000015258789,114.96499633789062,114.38999938964844,114.9574966430664,822488.0
2024-11-20T15:30:00-05:00,114.9749984741211,115.625,114.9749984741211,115.58999633789062,793920.0
2024-11-21T09:30:00-05:00,116.68499755859375,117.08499908447266,114.9749984741211,115.01750183105469,1782735.0
2024-11-21T10:30:00-05:00,115.0,116.77999877929688,114.900146484375,116.76734924316406,1035650.0
2024-11-21T11:30:00-05:00,116.77999877929688,116.88999938964844,116.26499938964844,116.7750015258789,363641.0
2024-11-21T12:30:00-05:00,116.80999755859375,117.11499786376953,116.74500274658203,117.04499816894531,312407.0
2024-11-21T13:30:00-05:00,117.05000305175781,117.2750015258789,116.80500030517578,117.08495330810547,348202.0
2024-11-21T14:30:00-05:00,117.06500244140625,117.27999877929688,116.93499755859375,117.20999908447266,403474.0
2024-11-21T15:30:00-05:00,117.20500183105469,117.23999786376953,116.69999694824219,116.73500061035156,762581.0
2024-11-22T09:30:00-05:00,116.52999877929688,117.0699462890625,116.12999725341797,116.25,692099.0
2024-11-22T10:30:00-05:00,116.25,116.7699966430664,116.11000061035156,116.30500030517578,620461.0
2024-11-22T11:30:00-05:00,116.30000305175781,116.70500183105469,116.16999816894531,116.66000366210938,306195.0
2024-11-22T12:30:00-05:00,116.66500091552734,116.83995056152344,116.44000244140625,116.68499755859375,258145.0
2024-11-22T13:30:00-05:00,116.70500183105469,116.83000183105469,116.33000183105469,116.49250030517578,221935.0
2024-11-22T14:30:00-05:00,116.49500274658203,116.67500305175781,116.36499786376953,116.51499938964844,521252.0
2024-11-22T15:30:00-05:00,116.51000213623047,116.88999938964844,116.47000122070312,116.7699966430664,631943.0
2024-11-25T09:30:00-05:00,117.68000030517578,117.88500213623047,116.69999694824219,117.05000305175781,980512.0
2024-11-25T10:30:00-05:00,117.0250015258789,117.23999786376953,116.73500061035156,117.11499786376953,1506908.0
2024-11-25T11:30:00-05:00,117.11499786376953,117.25,116.4800033569336,116.51499938964844,321064.0
2024-11-25T12:30:00-05:00,116.55500030517578,116.8125,116.26499938964844,116.68755340576172,323336.0
2024-11-25T13:30:00-05:00,116.67500305175781,116.78500366210938,116.41999816894531,116.58999633789062,297180.0
2024-11-25T14:30:00-05:00,116.5824966430664,116.78250122070312,116.4749984741211,116.55999755859375,381240.0
2024-11-25T15:30:00-05:00,116.55999755859375,116.84500122070312,116.4800033569336,116.77999877929688,1357384.0
2024-11-26T09:30:00-05:00,117.32499694824219,117.74500274658203,116.94999694824219,117.16999816894531,1038118.0
2024-11-26T10:30:00-05:00,117.17500305175781,117.45500183105469,117.05000305175781,117.20625305175781,390437.0
2024-11-26T11:30:00-05:00,117.21499633789062,117.24500274658203,116.97000122070312,117.08499908447266,280293.0
2024-11-26T12:30:00-05:00,117.0875015258789,117.27549743652344,117.05000305175781,117.15499877929688,167777.0
2024-11-26T13:30:00-05:00,117.14749908447266,117.29000091552734,116.87999725341797,116.97250366210938,263691.0
2024-11-26T14:30:00-05:00,116.91999816894531,117.15499877929688,116.91000366210938,117.15499877929688,211264.0
2024-11-26T15:30:00-05:00,117.13500213623047,117.44000244140625,117.0999984741211,117.375,602359.0
2024-11-27T09:30:00-05:00,116.58499908447266,116.65499877929688,115.51499938964844,115.58000183105469,659050.0
2024-11-27T10:30:00-05:00,115.58000183105469,115.62000274658203,115.05000305175781,115.13999938964844,400172.0
2024-11-27T11:30:00-05:00,115.12000274658203,115.2750015258789,114.76499938964844,115.05999755859375,521901.0
2024-11-27T12:30:00-05:00,115.06749725341797,115.41010284423828,114.95500183105469,115.33999633789062,228242.0
2024-11-27T13:30:00-05:00,115.33499908447266,115.66999816894531,115.32499694824219,115.58000183105469,211703.0
2024-11-27T14:30:00-05:00,115.57499694824219,115.87000274658203,115.54499816894531,115.63500213623047,215634.0
2024-11-27T15:30:00-05:00,115.62999725341797,115.79499816894531,115.4800033569336,115.77999877929688,664349.0
2024-11-29T09:30:00-05:00,115.9749984741211,117.0250015258789,115.95500183105469,116.82499694824219,617281.0
2024-11-29T10:30:00-05:00,116.83989715576172,117.11000061035156,116.80500030517578,117.0,343546.0
2024-11-29T11:30:00-05:00,117.01000213623047,117.1050033569336,116.8949966430664,116.91500091552734,329271.0
2024-12-02T09:30:00-05:00,117.125,117.9000015258789,117.0199966430664,117.82499694824219,932860.0
2024-12-02T10:30:00-05:00,117.83499908447266,118.1050033569336,117.68000030517578,118.03500366210938,635805.0
2024-12-02T11:30:00-05:00,118.03099822998047,118.41500091552734,117.9800033569336,118.23500061035156,577340.0
2024-12-02T12:30:00-05:00,118.24500274658203,118.30999755859375,118.0199966430664,118.06999969482422,405130.0
2024-12-02T13:30:00-05:00,118.08000183105469,118.1449966430664,117.79515075683594,117.86499786376953,324323.0
2024-12-02T14:30:00-05:00,117.87000274658203,118.13999938964844,117.87000274658203,118.11499786376953,537136.0
2024-12-02T15:30:00-05:00,118.11250305175781,118.11250305175781,117.8949966430664,117.97000122070312,816288.0
2024-12-03T09:30:00-05:00,117.3499984741211,118.08000183105469,117.24500274658203,117.76499938964844,724071.0
2024-12-03T10:30:00-05:00,117.80000305175781,118.01499938964844,117.66000366210938,118.00865173339844,391266.0
2024-12-03T11:30:00-05:00,118.01000213623047,118.06999969482422,117.69499969482422,117.76750183105469,255300.0
2024-12-03T12:30:00-05:00,117.76499938964844,118.0,117.73934936523438,117.88500213623047,219077.0
2024-12-03T13:30:00-05:00,117.875,118.02999877929688,117.86000061035156,117.99500274658203,161497.0
2024-12-03T14:30:00-05:00,117.99500274658203,118.2750015258789,117.99500274658203,118.25499725341797,318693.0
2024-12-03T15:30:00-05:00,118.25,118.43000030517578,118.19000244140625,118.38500213623047,502896.0
2024-12-04T09:30:00-05:00,119.87999725341797,120.0250015258789,119.52999877929688,120.0093994140625,1621079.0
2024-12-04T10:30:00-05:00,120.0,120.23999786376953,119.94000244140625,120.18000030517578,525497.0
2024-12-04T11:30:00-05:00,120.15499877929688,120.36000061035156,120.05500030517578,120.30500030517578,463817.0
2024-12-04T12:30:00-05:00,120.30500030517578,120.33000183105469,120.11499786376953,120.12999725341797,363814.0
2024-12-04T13:30:00-05:00,120.125,120.43000030517578,119.9800033569336,120.42500305175781,424585.0
2024-12-04T14:30:00-05:00,120.42250061035156,120.51499938964844,120.38500213623047,120.47000122070312,552474.0
2024-12-04T15:30:00-05:00,120.46499633789062,120.625,120.4375,120.58499908447266,775783.0
2024-12-05T09:30:00-05:00,120.375,120.5,119.92500305175781,120.07260131835938,668834.0
2024-12-05T10:30:00-05:00,120.07250213623047,120.2699966430664,119.88500213623047,120.18499755859375,338517.0
2024-12-05T11:30:00-05:00,120.19000244140625,120.51499938964844,120.19000244140625,120.41000366210938,187044.0
2024-12-05T12:30:00-05:00,120.40995025634766,120.4134521484375,119.87000274658203,119.95500183105469,330119.0
2024-12-05T13:30:00-05:00,119.94999694824219,120.08000183105469,119.80339813232422,119.90499877929688,210438.0
2024-12-05T14:30:00-05:00,119.9009017944336,120.01499938964844,119.80000305175781,119.81999969482422,220040.0
2024-12-05T15:30:00-05:00,119.82499694824219,119.9749984741211,119.78970336914062,119.95500183105469,586290.0
2024-12-06T09:30:00-05:00,120.16500091552734,120.94000244140625,120.03500366210938,120.81999969482422,764963.0
2024-12-06T10:30:00-05:00,120.81999969482422,120.88999938964844,120.31500244140625,120.57499694824219,438246.0
2024-12-06T11:30:00-05:00,120.55500030517578,120.65499877929688,120.3375015258789,120.62999725341797,487886.0
2024-12-06T12:30:00-05:00,120.63249969482422,120.69000244140625,120.37000274658203,120.62000274658203,428981.0
2024-12-06T13:30:00-05:00,120.62000274658203,120.62000274658203,120.3499984741211,120.42500305175781,263205.0
2024-12-06T14:30:00-05:00,120.41000366210938,120.56999969482422,120.38999938964844,120.46499633789062,268449.0
2024-12-06T15:30:00-05:00,120.4749984741211,120.48815155029297,120.33000183105469,120.41500091552734,478118.0
2024-12-09T09:30:00-05:00,119.97000122070312,120.3989486694336,119.73999786376953,119.9800033569336,1017342.0
2024-12-09T10:30:00-05:00,119.95999908447266,120.12249755859375,119.39080047607422,119.81999969482422,1111719.0
2024-12-09T11:30:00-05:00,119.80999755859375,119.88500213623047,119.63500213623047,119.70500183105469,268159.0
2024-12-09T12:30:00-05:00,119.69999694824219,119.9000015258789,119.6449966430664,119.84500122070312,164180.0
2024-12-09T13:30:00-05:00,119.83999633789062,119.98999786376953,119.57499694824219,119.61000061035156,227920.0
2024-12-09T14:30:00-05:00,119.62000274658203,119.63999938964844,119.33000183105469,119.39749908447266,351080.0
2024-12-09T15:30:00-05:00,119.41500091552734,119.66999816894531,119.38500213623047,119.6449966430664,657348.0
2024-12-10T09:30:00-05:00,119.29000091552734,119.55500030517578,119.07499694824219,119.25499725341797,1055310.0
2024-12-10T10:30:00-05:00,119.23999786376953,119.41500091552734,118.61499786376953,118.62000274658203,466992.0
2024-12-10T11:30:00-05:00,118.625,118.66500091552734,118.28500366210938,118.51000213623047,461289.0
2024-12-10T12:30:00-05:00,118.54499816894531,118.69249725341797,118.2750015258789,118.41500091552734,512477.0
2024-12-10T13:30:00-05:00,118.41500091552734,118.50499725341797,118.12000274658203,118.19000244140625,726180.0
2024-12-10T14:30:00-05:00,118.18499755859375,118.21499633789062,117.69750213623047,117.71499633789062,987395.0
2024-12-10T15:30:00-05:00,117.70999908447266,118.0,117.5999984741211,118.0,944380.0
2024-12-11T09:30:00-05:00,118.91000366210938,119.40499877929688,118.5,119.12999725341797,711765.0
2024-12-11T10:30:00-05:00,119.12999725341797,119.73999786376953,118.95500183105469,119.7300033569336,502126.0
2024-12-11T11:30:00-05:00,119.69999694824219,119.8550033569336,119.56999969482422,119.78215026855469,403449.0
2024-12-11T12:30:00-05:00,119.800048828125,119.93000030517578,119.6500015258789,119.92749786376953,338344.0
2024-12-11T13:30:00-05:00,119.93000030517578,120.02999877929688,119.86000061035156,119.93994903564453,360634.0
2024-12-11T14:30:00-05:00,119.93000030517578,120.06494903564453,119.8550033569336,120.02749633789062,593718.0
2024-12-11T15:30:00-05:00,120.0250015258789,120.02999877929688,119.6449966430664,119.69499969482422,834205.0
2024-12-12T09:30:00-05:00,118.91999816894531,119.1500015258789,118.62999725341797,119.03500366210938,727775.0
2024-12-12T10:30:00-05:00,119.03500366210938,119.34500122070312,118.92500305175781,119.20999908447266,358223.0
2024-12-12T11:30:00-05:00,119.22000122070312,119.23500061035156,118.86000061035156,119.18495178222656,354621.0
2024-12-12T12:30:00-05:00,119.16999816894531,119.45249938964844,118.97000122070312,119.36499786376953,361373.0
2024-12-12T13:30:00-05:00,119.3550033569336,119.375,119.08999633789062,119.10749816894531,288631.0
2024-12-12T14:30:00-05:00,119.0999984741211,119.26000213623047,119.0250015258789,119.06500244140625,483307.0
2024-12-12T15:30:00-05:00,119.06500244140625,119.23500061035156,119.01750183105469,119.03500366210938,711837.0
2024-12-13T09:30:00-05:00,120.08999633789062,120.55999755859375,119.59619903564453,119.62000274658203,1273831.0
2024-12-13T10:30:00-05:00,119.62000274658203,119.79499816894531,118.72000122070312,118.80999755859375,1145172.0
2024-12-13T11:30:00-05:00,118.82499694824219,119.13500213623047,118.69999694824219,118.73795318603516,334770.0
2024-12-13T12:30:00-05:00,118.66999816894531,119.06999969482422,118.57499694824219,119.05464935302734,272351.0
2024-12-13T13:30:00-05:00,119.04499816894531,119.375,118.98999786376953,119.37014770507812,277723.0
2024-12-13T14:30:00-05:00,119.36499786376953,119.52999877929688,119.30000305175781,119.50499725341797,293282.0
2024-12-13T15:30:00-05:00,119.5,119.57489776611328,119.38999938964844,119.5250015258789,559377.0
2024-12-16T09:30:00-05:00,119.68000030517578,120.25499725341797,119.42500305175781,120.07499694824219,1072576.0
2024-12-16T10:30:00-05:00,120.06999969482422,120.16999816894531,119.81500244140625,119.93499755859375,510268.0
2024-12-16T11:30:00-05:00,119.94999694824219,120.0999984741211,119.81500244140625,120.0,485709.0
2024-12-16T12:30:00-05:00,120.00499725341797,120.4574966430664,120.00464630126953,120.4000015258789,599211.0
2024-12-16T13:30:00-05:00,120.3949966430664,120.72250366210938,120.33000183105469,120.62999725341797,410031.0
2024-12-16T14:30:00-05:00,120.625,120.81749725341797,120.58499908447266,120.78684997558594,496083.0
2024-12-16T15:30:00-05:00,120.7750015258789,120.82499694824219,120.55500030517578,120.73999786376953,700579.0
2024-12-17T09:30:00-05:00,119.86499786376953,120.16999816894531,119.40499877929688,119.48895263671875,942900.0
2024-12-17T10:30:00-05:00,119.4749984741211,120.0999984741211,119.4749984741211,120.06999969482422,549867.0
2024-12-17T11:30:00-05:00,120.07499694824219,120.45999908447266,120.00499725341797,120.2750015258789,346546.0
2024-12-17T12:30:00-05:00,120.30000305175781,120.3125,119.875,119.875,368838.0
2024-12-17T13:30:00-05:00,119.87750244140625,119.96499633789062,119.69004821777344,119.7249984741211,400362.0
2024-12-17T14:30:00-05:00,119.7249984741211,119.8550033569336,119.58999633789062,119.68499755859375,599807.0
2024-12-17T15:30:00-05:00,119.70500183105469,120.08499908447266,119.62000274658203,120.0,661008.0
2024-12-18T09:30:00-05:00,120.3949966430664,120.45999908447266,119.88999938964844,120.32499694824219,822911.0
2024-12-18T10:30:00-05:00,120.3550033569336,120.68499755859375,120.20500183105469,120.5199966430664,512306.0
2024-12-18T11:30:00-05:00,120.5250015258789,120.69000244140625,120.41000366210938,120.57499694824219,398060.0
2024-12-18T12:30:00-05:00,120.54000091552734,120.7249984741211,120.45999908447266,120.58499908447266,247822.0
2024-12-18T13:30:00-05:00,120.56500244140625,120.6449966430664,119.32499694824219,119.3550033569336,840016.0
2024-12-18T14:30:00-05:00,119.34500122070312,119.66999816894531,117.37550354003906,117.44499969482422,2436119.0
2024-12-18T15:30:00-05:00,117.44999694824219,117.67500305175781,115.8499984741211,116.13999938964844,2285144.0
2024-12-19T09:30:00-05:00,117.27999877929688,117.57499694824219,116.5999984741211,116.62000274658203,1880353.0
2024-12-19T10:30:00-05:00,116.625,117.45999908447266,116.41500091552734,117.36499786376953,792613.0
2024-12-19T11:30:00-05:00,117.36499786376953,117.68000030517578,116.68000030517578,116.75,568570.0
2024-12-19T12:30:00-05:00,116.73500061035156,116.98500061035156,116.48500061035156,116.92500305175781,440894.0
2024-12-19T13:30:00-05:00,116.875,117.37000274658203,116.81999969482422,116.88500213623047,433459.0
2024-12-19T14:30:00-05:00,116.8949966430664,116.94499969482422,116.40499877929688,116.71499633789062,612077.0
2024-12-19T15:30:00-05:00,116.72000122070312,116.83499908447266,116.09500122070312,116.19999694824219,1268219.0
2024-12-20T09:30:00-05:00,115.45500183105469,116.80500030517578,115.09500122070312,116.80500030517578,1579848.0
2024-12-20T10:30:00-05:00,116.80500030517578,118.05750274658203,116.79499816894531,118.04000091552734,829829.0
2024-12-20T11:30:00-05:00,118.05000305175781,118.93000030517578,118.03500366210938,118.92500305175781,669867.0
2024-12-20T12:30:00-05:00,118.92500305175781,118.92500305175781,118.01000213623047,118.01000213623047,486558.0
2024-12-20T13:30:00-05:00,118.01000213623047,118.45999908447266,117.9800033569336,118.44499969482422,418036.0
2024-12-20T14:30:00-05:00,118.43000030517578,118.62999725341797,118.00499725341797,118.02999877929688,1200009.0
2024-12-20T15:30:00-05:00,117.91500091552734,118.12000274658203,117.54499816894531,118.00499725341797,1711424.0
2024-12-23T09:30:00-05:00,118.125,118.61499786376953,117.49500274658203,117.83999633789062,1067334.0
2024-12-23T10:30:00-05:00,117.87000274658203,118.2300033569336,117.70999908447266,118.20999908447266,440006.0
2024-12-23T11:30:00-05:00,118.18000030517578,118.72454833984375,118.03500366210938,118.41000366210938,381495.0
2024-12-23T12:30:00-05:00,118.41999816894531,118.7874984741211,118.37000274658203,118.68000030517578,325064.0
2024-12-23T13:30:00-05:00,118.67500305175781,119.05999755859375,118.66999816894531,118.94000244140625,291299.0
2024-12-23T14:30:00-05:00,118.94999694824219,118.96499633789062,118.45500183105469,118.74500274658203,452236.0
2024-12-23T15:30:00-05:00,118.74500274658203,119.08499908447266,118.73500061035156,119.03500366210938,738586.0
2024-12-24T09:30:00-05:00,119.45999908447266,119.98999786376953,119.27999877929688,119.80000305175781,793465.0
2024-12-24T10:30:00-05:00,119.80000305175781,120.13249969482422,119.76499938964844,120.07994842529297,413609.0
2024-12-24T11:30:00-05:00,120.07499694824219,120.18499755859375,119.9000015258789,120.1449966430664,388729.0
2024-12-26T09:30:00-05:00,119.87999725341797,120.31999969482422,119.49500274658203,120.02999877929688,776659.0
2024-12-26T10:30:00-05:00,120.0250015258789,120.40499877929688,119.98999786376953,120.29000091552734,377187.0
2024-12-26T11:30:00-05:00,120.29499816894531,120.78500366210938,120.29254913330078,120.5250015258789,309213.0
2024-12-26T12:30:00-05:00,120.54000091552734,120.6500015258789,120.20500183105469,120.48500061035156,321555.0
2024-12-26T13:30:00-05:00,120.48500061035156,120.50499725341797,120.30000305175781,120.34500122070312,317145.0
2024-12-26T14:30:00-05:00,120.375,120.6449966430664,120.33999633789062,120.57499694824219,240340.0
2024-12-26T15:30:00-05:00,120.56999969482422,120.625,120.30000305175781,120.33499908447266,487724.0
2024-12-27T09:30:00-05:00,119.5999984741211,119.66500091552734,117.76000213623047,117.98999786376953,1189575.0
2024-12-27T10:30:00-05:00,117.94000244140625,118.38999938964844,117.66000366210938,118.375,854046.0
2024-12-27T11:30:00-05:00,118.36499786376953,118.42250061035156,117.5770034790039,117.75499725341797,408319.0
2024-12-27T12:30:00-05:00,117.7750015258789,118.19999694824219,117.5999984741211,118.06500244140625,277223.0
2024-12-27T13:30:00-05:00,118.02999877929688,118.6500015258789,118.0250015258789,118.41999816894531,322706.0
2024-12-27T14:30:00-05:00,118.44000244140625,118.84500122070312,118.3550033569336,118.46749877929688,317865.0
2024-12-27T15:30:00-05:00,118.46499633789062,118.81999969482422,118.24500274658203,118.75,718244.0
2024-12-30T09:30:00-05:00,117.01499938964844,117.13999938964844,116.29000091552734,116.43499755859375,990523.0
2024-12-30T10:30:00-05:00,116.43499755859375,117.29000091552734,116.41384887695312,117.12000274658203,581658.0
2024-12-30T11:30:00-05:00,117.12000274658203,117.83499908447266,117.12000274658203,117.8125,306784.0
2024-12-30T12:30:00-05:00,117.81999969482422,118.16999816894531,117.70500183105469,117.88999938964844,304417.0
2024-12-30T13:30:00-05:00,117.88899993896484,118.11499786376953,117.63999938964844,117.76499938964844,502270.0
2024-12-30T14:30:00-05:00,117.7750015258789,118.00499725341797,117.54000091552734,117.56999969482422,334431.0
2024-12-30T15:30:00-05:00,117.58000183105469,117.73500061035156,117.2249984741211,117.23500061035156,658844.0
2024-12-31T09:30:00-05:00,117.55500030517578,117.63500213623047,116.69000244140625,117.25,1534610.0
2024-12-31T10:30:00-05:00,117.2699966430664,117.3949966430664,116.58000183105469,116.63500213623047,384931.0
2024-12-31T11:30:00-05:00,116.60749816894531,116.9800033569336,116.30999755859375,116.33999633789062,541420.0
2024-12-31T12:30:00-05:00,116.34500122070312,116.79000091552734,116.06999969482422,116.12629699707031,373910.0
2024-12-31T13:30:00-05:00,116.13500213623047,116.38749694824219,115.98999786376953,115.98999786376953,263983.0
2024-12-31T14:30:00-05:00,115.98500061035156,116.65249633789062,115.87999725341797,116.65249633789062,342804.0
2024-12-31T15:30:00-05:00,116.63999938964844,116.68000030517578,116.09500122070312,116.25,710469.0
2025-01-02T09:30:00-05:00,117.18000030517578,117.51000213623047,116.03500366210938,116.63500213623047,1175525.0
2025-01-02T10:30:00-05:00,116.61000061035156,116.8550033569336,116.01000213623047,116.61000061035156,995250.0
2025-01-02T11:30:00-05:00,116.58999633789062,116.93499755859375,115.77999877929688,115.82499694824219,799581.0
2025-01-02T12:30:00-05:00,115.79000091552734,115.79000091552734,114.91000366210938,115.33000183105469,856534.0
2025-01-02T13:30:00-05:00,115.25499725341797,115.63999938964844,114.89005279541016,115.58499908447266,805569.0
2025-01-02T14:30:00-05:00,115.54499816894531,115.95500183105469,115.30000305175781,115.88999938964844,773904.0
2025-01-02T15:30:00-05:00,115.9000015258789,116.0999984741211,115.69499969482422,116.01499938964844,491121.0
2025-01-03T09:30:00-05:00,116.69499969482422,117.51000213623047,116.47000122070312,116.97000122070312,1049202.0
2025-01-03T10:30:00-05:00,116.91500091552734,117.3499984741211,116.76505279541016,117.29499816894531,649421.0
2025-01-03T11:30:00-05:00,117.31500244140625,117.66500091552734,117.2750015258789,117.33999633789062,426506.0
2025-01-03T12:30:00-05:00,117.36000061035156,117.6875,117.31999969482422,117.6875,286555.0
2025-01-03T13:30:00-05:00,117.68499755859375,117.94000244140625,117.66000366210938,117.88500213623047,540398.0
2025-01-03T14:30:00-05:00,117.86949920654297,117.99994659423828,117.7300033569336,117.80500030517578,514806.0
2025-01-03T15:30:00-05:00,117.80500030517578,117.94000244140625,117.55000305175781,117.8499984741211,902792.0
2025-01-06T09:30:00-05:00,119.22000122070312,120.53099822998047,119.16000366210938,120.48249816894531,1089071.0
2025-01-06T10:30:00-05:00,120.48249816894531,120.50749969482422,120.18499755859375,120.40499877929688,602362.0
2025-01-06T11:30:00-05:00,120.38999938964844,120.4000015258789,119.98999786376953,120.06494903564453,653237.0
2025-01-06T12:30:00-05:00,120.05500030517578,120.09750366210938,119.54499816894531,119.81500244140625,370067.0
2025-01-06T13:30:00-05:00,119.83000183105469,119.83000183105469,119.17500305175781,119.30500030517578,356090.0
2025-01-06T14:30:00-05:00,119.27999877929688,119.3499984741211,118.90499877929688,119.30000305175781,311724.0
2025-01-06T15:30:00-05:00,119.29499816894531,119.4000015258789,118.94000244140625,119.3550033569336,663773.0
2025-01-07T09:30:00-05:00,120.0,120.0,118.2750015258789,118.58499908447266,1009696.0
2025-01-07T10:30:00-05:00,118.54000091552734,118.58004760742188,117.3550033569336,118.36499786376953,713326.0
2025-01-07T11:30:00-05:00,118.3550033569336,118.3550033569336,117.45500183105469,117.54495239257812,399093.0
2025-01-07T12:30:00-05:00,117.53500366210938,118.12249755859375,117.3550033569336,118.06999969482422,437398.0
2025-01-07T13:30:00-05:00,118.05999755859375,118.05999755859375,117.56999969482422,117.7074966430664,379812.0
2025-01-07T14:30:00-05:00,117.69000244140625,117.70960235595703,116.84500122070312,116.8550033569336,538207.0
2025-01-07T15:30:00-05:00,116.86000061035156,117.10820007324219,116.56999969482422,116.98500061035156,1174517.0
2025-01-08T09:30:00-05:00,117.25,117.25,116.13500213623047,116.55000305175781,1392254.0
2025-01-08T10:30:00-05:00,116.54499816894531,117.01000213623047,116.45500183105469,116.7750015258789,427273.0
2025-01-08T11:30:00-05:00,116.77999877929688,117.20999908447266,115.87000274658203,115.92500305175781,399559.0
2025-01-08T12:30:00-05:00,115.94999694824219,117.17500305175781,115.81500244140625,117.02249908447266,646130.0
2025-01-08T13:30:00-05:00,117.00499725341797,117.2699966430664,116.4749984741211,117.19999694824219,501779.0
2025-01-08T14:30:00-05:00,117.17500305175781,117.18000030517578,116.61750030517578,116.8550033569336,466898.0
2025-01-08T15:30:00-05:00,116.86499786376953,117.06999969482422,116.68499755859375,116.95500183105469,983012.0
2025-01-10T09:30:00-05:00,115.70999908447266,115.7300033569336,113.82499694824219,114.70999908447266,1508566.0
2025-01-10T10:30:00-05:00,114.70999908447266,115.13749694824219,113.9749984741211,114.0250015258789,1289362.0
2025-01-10T11:30:00-05:00,114.02999877929688,114.28504943847656,113.71499633789062,114.18000030517578,706694.0
2025-01-10T12:30:00-05:00,114.1729507446289,115.01004791259766,114.125,114.86000061035156,474230.0
2025-01-10T13:30:00-05:00,114.86499786376953,115.24410247802734,114.55000305175781,114.83999633789062,452722.0
2025-01-10T14:30:00-05:00,114.84504699707031,114.875,114.32499694824219,114.38249969482422,393365.0
2025-01-10T15:30:00-05:00,114.375,114.56794738769531,114.24500274658203,114.40249633789062,821250.0
2025-01-13T09:30:00-05:00,112.55000305175781,113.2249984741211,112.2249984741211,112.37875366210938,1080626.0
2025-01-13T10:30:00-05:00,112.38500213623047,113.28724670410156,112.36395263671875,112.58499908447266,631733.0
2025-01-13T11:30:00-05:00,112.58000183105469,113.13500213623047,112.41000366210938,113.0199966430664,812783.0
2025-01-13T12:30:00-05:00,113.0199966430664,113.29000091552734,112.84249877929688,113.21499633789062,705362.0
2025-01-13T13:30:00-05:00,113.2125015258789,113.29000091552734,112.9175033569336,113.24500274658203,601771.0
2025-01-13T14:30:00-05:00,113.2300033569336,113.41999816894531,113.09130096435547,113.21499633789062,603586.0
2025-01-13T15:30:00-05:00,113.2249984741211,113.66000366210938,113.17500305175781,113.57499694824219,739995.0
2025-01-14T09:30:00-05:00,114.45999908447266,114.77249908447266,113.79000091552734,114.16999816894531,756798.0
2025-01-14T10:30:00-05:00,114.18000030517578,114.27999877929688,113.41999816894531,113.52749633789062,411822.0
2025-01-14T11:30:00-05:00,113.5699462890625,113.62000274658203,113.03500366210938,113.33000183105469,305164.0
2025-01-14T12:30:00-05:00,113.29000091552734,113.81999969482422,113.0,113.7750015258789,400008.0
2025-01-14T13:30:00-05:00,113.75,114.19999694824219,113.69000244140625,114.01499938964844,341816.0
2025-01-14T14:30:00-05:00,114.0,114.16500091552734,112.9749984741211,113.36000061035156,402344.0
2025-01-14T15:30:00-05:00,113.3550033569336,113.91500091552734,113.16500091552734,113.9000015258789,873944.0
2025-01-15T09:30:00-05:00,115.43499755859375,116.29499816894531,115.05500030517578,116.20999908447266,1768264.0
2025-01-15T10:30:00-05:00,116.20999908447266,116.25499725341797,115.8812484741211,115.89749908447266,470806.0
2025-01-15T11:30:00-05:00,115.89250183105469,115.8949966430664,115.40499877929688,115.86499786376953,504901.0
2025-01-15T12:30:00-05:00,115.875,116.16995239257812,115.8499984741211,116.15249633789062,354792.0
2025-01-15T13:30:00-05:00,116.1449966430664,116.36000061035156,116.04000091552734,116.3499984741211,331534.0
2025-01-15T14:30:00-05:00,116.3550033569336,116.48500061035156,116.20999908447266,116.41000366210938,325562.0
2025-01-15T15:30:00-05:00,116.4000015258789,116.44000244140625,116.11499786376953,116.13999938964844,766119.0
2025-01-16T09:30:00-05:00,116.875,117.11499786376953,116.02749633789062,116.29000091552734,583311.0
2025-01-16T10:30:00-05:00,116.30000305175781,116.8375015258789,116.05500030517578,116.36000061035156,360942.0
2025-01-16T11:30:00-05:00,116.3637466430664,116.57499694824219,115.8499984741211,116.56500244140625,279896.0
2025-01-16T12:30:00-05:00,116.5374984741211,116.56500244140625,115.95535278320312,115.95535278320312,276664.0
2025-01-16T13:30:00-05:00,115.94999694824219,116.04000091552734,115.54750061035156,115.9990463256836,308360.0
2025-01-16T14:30:00-05:00,115.9574966430664,116.21499633789062,115.76499938964844,115.8550033569336,241288.0
2025-01-16T15:30:00-05:00,115.86830139160156,115.93499755859375,115.2249984741211,115.25499725341797,488211.0
2025-01-17T09:30:00-05:00,117.33000183105469,117.47000122070312,116.54000091552734,116.80500030517578,836473.0
2025-01-17T10:30:00-05:00,116.81999969482422,117.31999969482422,116.80500030517578,117.2750015258789,373245.0
2025-01-17T11:30:00-05:00,117.29000091552734,117.3050537109375,116.91504669189453,117.26499938964844,355785.0
2025-01-17T12:30:00-05:00,117.26499938964844,117.45700073242188,117.1500015258789,117.36750030517578,479136.0
2025-01-17T13:30:00-05:00,117.36499786376953,117.37999725341797,117.0,117.16000366210938,264075.0
2025-01-17T14:30:00-05:00,117.16500091552734,117.25399780273438,116.91999816894531,117.08499908447266,292229.0
2025-01-17T15:30:00-05:00,117.08999633789062,117.30000305175781,116.98500061035156,117.07499694824219,566991.0
2025-01-21T09:30:00-05:00,117.44499969482422,117.5250015258789,116.63005065917969,117.30000305175781,983748.0
2025-01-21T10:30:00-05:00,117.30500030517578,117.3550033569336,116.94999694824219,117.2125015258789,250365.0
2025-01-21T11:30:00-05:00,117.26499938964844,117.6500015258789,117.1449966430664,117.61499786376953,278834.0
2025-01-21T12:30:00-05:00,117.61499786376953,118.2699966430664,117.6050033569336,118.17500305175781,511394.0
2025-01-21T13:30:00-05:00,118.19499969482422,118.24500274658203,117.97509765625,118.23249816894531,236106.0
2025-01-21T14:30:00-05:00,118.21499633789062,118.30000305175781,117.94499969482422,118.2750015258789,387939.0
2025-01-21T15:30:00-05:00,118.27249908447266,118.31999969482422,117.97000122070312,118.05000305175781,561999.0
2025-01-22T09:30:00-05:00,119.625,120.50994873046875,119.45500183105469,120.19000244140625,1312131.0
2025-01-22T10:30:00-05:00,120.19000244140625,120.6050033569336,120.17500305175781,120.57499694824219,682729.0
2025-01-22T11:30:00-05:00,120.56749725341797,120.94000244140625,120.54000091552734,120.81999969482422,900584.0
2025-01-22T12:30:00-05:00,120.82499694824219,120.86499786376953,120.63999938964844,120.66500091552734,491687.0
2025-01-22T13:30:00-05:00,120.6675033569336,120.96499633789062,120.65499877929688,120.83999633789062,428453.0
2025-01-22T14:30:00-05:00,120.83999633789062,120.96499633789062,120.74195098876953,120.80750274658203,443280.0
2025-01-22T15:30:00-05:00,120.80999755859375,120.87000274658203,120.62999725341797,120.69000244140625,662055.0
2025-01-23T09:30:00-05:00,119.76499938964844,120.1500015258789,119.6500015258789,120.00250244140625,747294.0
2025-01-23T10:30:00-05:00,120.00499725341797,120.2699966430664,119.94000244140625,120.2199478149414,526486.0
2025-01-23T11:30:00-05:00,120.22000122070312,120.37494659423828,120.08499908447266,120.125,315730.0
2025-01-23T12:30:00-05:00,120.125,120.375,119.95999908447266,120.27999877929688,221897.0
2025-01-23T13:30:00-05:00,120.30500030517578,120.43924713134766,120.25,120.36499786376953,197228.0
2025-01-23T14:30:00-05:00,120.37049865722656,120.52999877929688,120.31999969482422,120.44000244140625,530552.0
2025-01-23T15:30:00-05:00,120.4375,120.93000030517578,120.33499908447266,120.93000030517578,1044518.0
2025-01-24T09:30:00-05:00,121.29000091552734,121.29000091552734,120.5,120.56999969482422,836858.0
2025-01-24T10:30:00-05:00,120.56500244140625,120.66999816894531,120.37999725341797,120.60974884033203,240185.0
2025-01-24T11:30:00-05:00,120.61000061035156,120.70504760742188,120.30000305175781,120.33499908447266,369509.0
2025-01-24T12:30:00-05:00,120.33499908447266,120.38500213623047,119.76000213623047,119.87999725341797,323964.0
2025-01-24T13:30:00-05:00,119.87999725341797,119.94999694824219,119.26249694824219,119.38500213623047,266675.0
2025-01-24T14:30:00-05:00,119.37999725341797,119.56999969482422,119.34500122070312,119.375,240791.0
2025-01-24T15:30:00-05:00,119.42500305175781,119.73500061035156,119.375,119.66500091552734,837012.0
2025-01-27T09:30:00-05:00,114.29000091552734,115.42500305175781,114.1500015258789,115.26000213623047,3048053.0
2025-01-27T10:30:00-05:00,115.24500274658203,115.48750305175781,113.76000213623047,113.83000183105469,1261280.0
2025-01-27T11:30:00-05:00,113.82499694824219,114.32499694824219,113.49500274658203,113.95999908447266,1338655.0
2025-01-27T12:30:00-05:00,113.95500183105469,114.17250061035156,113.05000305175781,113.09500122070312,727383.0
2025-01-27T13:30:00-05:00,113.09249877929688,113.75,113.05999755859375,113.67500305175781,550654.0
2025-01-27T14:30:00-05:00,113.68000030517578,113.69000244140625,112.73500061035156,113.30500030517578,1534332.0
2025-01-27T15:30:00-05:00,113.3949966430664,113.82499694824219,113.34500122070312,113.78500366210938,1239038.0
2025-01-28T09:30:00-05:00,114.55500030517578,115.85900115966797,113.34500122070312,115.7699966430664,1406521.0
2025-01-28T10:30:00-05:00,115.79000091552734,115.80999755859375,115.27655029296875,115.41999816894531,1208049.0
2025-01-28T11:30:00-05:00,115.42500305175781,116.44499969482422,115.37999725341797,116.30500030517578,549930.0
2025-01-28T12:30:00-05:00,116.31500244140625,116.55500030517578,116.11499786376953,116.36250305175781,433297.0
2025-01-28T13:30:00-05:00,116.3499984741211,116.58495330810547,116.18499755859375,116.54499816894531,330291.0
2025-01-28T14:30:00-05:00,116.55999755859375,117.08000183105469,116.55000305175781,116.94249725341797,481939.0
2025-01-28T15:30:00-05:00,116.93000030517578,116.99500274658203,116.61000061035156,116.81999969482422,997848.0
2025-01-29T09:30:00-05:00,116.58999633789062,116.6449966430664,115.55999755859375,115.67749786376953,800201.0
2025-01-29T10:30:00-05:00,115.65499877929688,115.80000305175781,115.30000305175781,115.54000091552734,389196.0
2025-01-29T11:30:00-05:00,115.5199966430664,115.88500213623047,115.37999725341797,115.75,638237.0
2025-01-29T12:30:00-05:00,115.75499725341797,115.8550033569336,114.80999755859375,115.48999786376953,589321.0
2025-01-29T13:30:00-05:00,115.48500061035156,115.62999725341797,114.8499984741211,114.99500274658203,432990.0
2025-01-29T14:30:00-05:00,114.9749984741211,116.18000030517578,114.94499969482422,116.125,678996.0
2025-01-29T15:30:00-05:00,116.13500213623047,116.20999908447266,115.5199966430664,115.84500122070312,697465.0
2025-01-30T09:30:00-05:00,115.66500091552734,116.48500061035156,115.37750244140625,115.4000015258789,1259171.0
2025-01-30T10:30:00-05:00,115.44000244140625,115.79499816894531,114.87000274658203,115.44499969482422,525167.0
2025-01-30T11:30:00-05:00,115.4749984741211,115.95999908447266,115.2249984741211,115.30235290527344,250232.0
2025-01-30T12:30:00-05:00,115.30500030517578,115.50174713134766,115.23500061035156,115.41000366210938,191033.0
2025-01-30T13:30:00-05:00,115.3949966430664,115.8949966430664,115.37999725341797,115.85250091552734,319096.0
2025-01-30T14:30:00-05:00,115.82499694824219,116.3324966430664,115.7699966430664,116.31500244140625,418447.0
2025-01-30T15:30:00-05:00,116.31500244140625,116.31500244140625,115.42500305175781,116.06999969482422,1288829.0
2025-01-31T09:30:00-05:00,117.16500091552734,117.5999984741211,116.61250305175781,117.4800033569336,684281.0
2025-01-31T10:30:00-05:00,117.5,117.86499786376953,117.37505340576172,117.58499908447266,1119583.0
2025-01-31T11:30:00-05:00,117.58000183105469,117.66500091552734,117.16999816894531,117.59500122070312,487304.0
2025-01-31T12:30:00-05:00,117.59500122070312,117.63999938964844,116.69499969482422,116.69499969482422,547439.0
2025-01-31T13:30:00-05:00,116.68499755859375,116.79000091552734,115.86499786376953,116.16500091552734,694882.0
2025-01-31T14:30:00-05:00,116.20999908447266,116.2750015258789,115.13500213623047,115.22000122070312,634162.0
2025-01-31T15:30:00-05:00,115.21499633789062,115.71499633789062,115.09500122070312,115.38500213623047,972629.0
2025-02-03T09:30:00-05:00,112.8499984741211,113.67500305175781,112.24749755859375,113.6449966430664,2130900.0
2025-02-03T10:30:00-05:00,113.625,114.24500274658203,113.47000122070312,113.73999786376953,1168966.0
2025-02-03T11:30:00-05:00,113.73500061035156,113.94000244140625,113.3949966430664,113.56500244140625,551587.0
2025-02-03T12:30:00-05:00,113.55999755859375,113.80999755859375,113.26499938964844,113.69000244140625,1011431.0
2025-02-03T13:30:00-05:00,113.69499969482422,114.54495239257812,113.66999816894531,114.33499908447266,536354.0
2025-02-03T14:30:00-05:00,114.33999633789062,114.51499938964844,114.16500091552734,114.19499969482422,500491.0
2025-02-03T15:30:00-05:00,114.21499633789062,114.31224822998047,113.7750015258789,113.80999755859375,741854.0
2025-02-04T09:30:00-05:00,114.23999786376953,115.44999694824219,114.19999694824219,115.38500213623047,886480.0
2025-02-04T10:30:00-05:00,115.19499969482422,115.56999969482422,115.19499969482422,115.56999969482422,366645.0
2025-02-04T11:30:00-05:00,115.56999969482422,115.66999816894531,114.79004669189453,114.83000183105469,588759.0
2025-02-04T12:30:00-05:00,114.83000183105469,115.29000091552734,114.7750015258789,115.2699966430664,400852.0
2025-02-04T13:30:00-05:00,115.26499938964844,115.4800033569336,115.16999816894531,115.37999725341797,325680.0
2025-02-04T14:30:00-05:00,115.37999725341797,115.46499633789062,115.11499786376953,115.25,709327.0
2025-02-04T15:30:00-05:00,115.24500274658203,115.55000305175781,115.20249938964844,115.4800033569336,661875.0
2025-02-05T09:30:00-05:00,115.59500122070312,115.74500274658203,115.26499938964844,115.69999694824219,640708.0
2025-02-05T10:30:00-05:00,115.6449966430664,116.08699798583984,115.5250015258789,116.08415222167969,269612.0
2025-02-05T11:30:00-05:00,116.11000061035156,116.8427963256836,116.05999755859375,116.6500015258789,284347.0
2025-02-05T12:30:00-05:00,116.6500015258789,116.71499633789062,116.33499908447266,116.40499877929688,320097.0
2025-02-05T13:30:00-05:00,116.42500305175781,116.80500030517578,116.38500213623047,116.68000030517578,228267.0
2025-02-05T14:30:00-05:00,116.68499755859375,117.08000183105469,116.62999725341797,117.04000091552734,268937.0
2025-02-05T15:30:00-05:00,117.03500366210938,117.12000274658203,116.63500213623047,117.08999633789062,488389.0
2025-02-06T09:30:00-05:00,117.09500122070312,117.65499877929688,116.79000091552734,117.2125015258789,625881.0
2025-02-06T10:30:00-05:00,117.22000122070312,117.42500305175781,116.87000274658203,117.21499633789062,542482.0
2025-02-06T11:30:00-05:00,117.2249984741211,117.2300033569336,116.94999694824219,117.08499908447266,329604.0
2025-02-06T12:30:00-05:00,117.08999633789062,117.30999755859375,117.04000091552734,117.25,356091.0
2025-02-06T13:30:00-05:00,117.26000213623047,117.32499694824219,116.99500274658203,117.05500030517578,201981.0
2025-02-06T14:30:00-05:00,117.05000305175781,117.05500030517578,116.57499694824219,117.02749633789062,587867.0
2025-02-06T15:30:00-05:00,117.02749633789062,117.48500061035156,117.01505279541016,117.41999816894531,560694.0
2025-02-07T09:30:00-05:00,117.88999938964844,118.45500183105469,116.9749984741211,117.33194732666016,771872.0
2025-02-07T10:30:00-05:00,117.2699966430664,117.68499755859375,116.63500213623047,116.76000213623047,652202.0
2025-02-07T11:30:00-05:00,116.79000091552734,116.88999938964844,116.19000244140625,116.41500091552734,709236.0
2025-02-07T12:30:00-05:00,116.3949966430664,116.94999694824219,116.31999969482422,116.81504821777344,266836.0
2025-02-07T13:30:00-05:00,116.87494659423828,116.8949966430664,116.08270263671875,116.08270263671875,234367.0
2025-02-07T14:30:00-05:00,116.08499908447266,116.37999725341797,116.0199966430664,116.19999694824219,456235.0
2025-02-07T15:30:00-05:00,116.19000244140625,116.54000091552734,116.18499755859375,116.3949966430664,1062954.0
2025-02-10T09:30:00-05:00,117.33000183105469,118.2699966430664,117.29499816894531,118.16500091552734,601287.0
2025-02-10T10:30:00-05:00,118.17500305175781,118.36430358886719,118.05999755859375,118.12999725341797,321508.0
2025-02-10T11:30:00-05:00,118.12000274658203,118.19000244140625,117.94000244140625,118.05000305175781,253298.0
2025-02-10T12:30:00-05:00,118.05500030517578,118.36000061035156,118.05000305175781,118.25495147705078,218864.0
2025-02-10T13:30:00-05:00,118.25,118.40499877929688,118.23500061035156,118.31999969482422,333624.0
2025-02-10T14:30:00-05:00,118.31500244140625,118.3550033569336,118.13999938964844,118.20500183105469,467791.0
2025-02-10T15:30:00-05:00,118.20500183105469,118.23999786376953,118.03500366210938,118.13500213623047,608961.0
2025-02-11T09:30:00-05:00,117.45500183105469,118.4749984741211,117.375,118.43350219726562,647334.0
2025-02-11T10:30:00-05:00,118.41999816894531,118.63999938964844,118.3499984741211,118.44999694824219,321716.0
2025-02-11T11:30:00-05:00,118.44499969482422,118.61750030517578,117.75289916992188,118.20500183105469,396099.0
2025-02-11T12:30:00-05:00,118.20999908447266,118.2300033569336,117.9000015258789,118.11000061035156,138354.0
2025-02-11T13:30:00-05:00,118.0999984741211,118.44999694824219,118.0999984741211,118.2750015258789,165781.0
2025-02-11T14:30:00-05:00,118.28500366210938,118.54000091552734,118.28500366210938,118.38999938964844,245841.0
2025-02-11T15:30:00-05:00,118.38500213623047,118.4000015258789,118.06999969482422,118.16000366210938,833622.0
2025-02-12T09:30:00-05:00,116.5,117.41000366210938,116.37000274658203,117.13500213623047,519785.0
2025-02-12T10:30:00-05:00,117.15750122070312,117.5250015258789,116.95500183105469,117.05999755859375,676624.0
2025-02-12T11:30:00-05:00,117.08499908447266,117.80500030517578,117.08000183105469,117.65805053710938,1056653.0
2025-02-12T12:30:00-05:00,117.66000366210938,117.875,117.46499633789062,117.75499725341797,265336.0
2025-02-12T13:30:00-05:00,117.75499725341797,117.82499694824219,117.52999877929688,117.73500061035156,378457.0
2025-02-12T14:30:00-05:00,117.73249816894531,118.04924774169922,117.71499633789062,117.86000061035156,407722.0
2025-02-12T15:30:00-05:00,117.8550033569336,117.95500183105469,117.7300033569336,117.93000030517578,696670.0
2025-02-13T09:30:00-05:00,118.12000274658203,118.73750305175781,117.95500183105469,118.63500213623047,510637.0
2025-02-13T10:30:00-05:00,118.625,119.19999694824219,118.61000061035156,118.97000122070312,399815.0
2025-02-13T11:30:00-05:00,118.9749984741211,119.04000091552734,118.69999694824219,118.96504974365234,240888.0
2025-02-13T12:30:00-05:00,118.95999908447266,119.2000503540039,118.53500366210938,118.9000015258789,296559.0
2025-02-13T13:30:00-05:00,118.91000366210938,119.32499694824219,118.6449966430664,119.27999877929688,511229.0
2025-02-13T14:30:00-05:00,119.28500366210938,119.56065368652344,119.25,119.49500274658203,443543.0
2025-02-13T15:30:00-05:00,119.44499969482422,119.65499877929688,119.33499908447266,119.58499908447266,1012713.0
2025-02-14T09:30:00-05:00,119.4800033569336,119.7300033569336,119.29499816894531,119.67749786376953,497016.0
2025-02-14T10:30:00-05:00,119.62000274658203,119.83000183105469,119.26000213623047,119.5199966430664,255302.0
2025-02-14T11:30:00-05:00,119.51000213623047,119.56500244140625,119.36499786376953,119.36840057373047,178334.0
2025-02-14T12:30:00-05:00,119.375,119.77999877929688,119.3499984741211,119.68000030517578,213569.0
2025-02-14T13:30:00-05:00,119.67500305175781,119.9749984741211,119.66999816894531,119.79000091552734,168959.0
2025-02-14T14:30:00-05:00,119.7750015258789,119.8499984741211,119.6550521850586,119.81500244140625,265462.0
2025-02-14T15:30:00-05:00,119.80500030517578,120.0824966430664,119.78500366210938,119.96499633789062,576755.0
2025-02-18T09:30:00-05:00,120.6050033569336,121.05500030517578,120.22025299072266,120.2750015258789,650331.0
2025-02-18T10:30:00-05:00,120.2699966430664,120.80435180664062,120.04499816894531,120.80000305175781,364497.0
2025-02-18T11:30:00-05:00,120.7750015258789,120.94499969482422,120.63999938964844,120.70249938964844,289478.0
2025-02-18T12:30:00-05:00,120.70500183105469,120.90750122070312,120.64005279541016,120.73249816894531,240823.0
2025-02-18T13:30:00-05:00,120.7300033569336,120.75499725341797,120.31999969482422,120.5999984741211,364173.0
2025-02-18T14:30:00-05:00,120.60749816894531,120.86000061035156,120.57499694824219,120.79499816894531,301468.0
2025-02-18T15:30:00-05:00,120.79000091552734,121.09500122070312,120.63500213623047,121.08999633789062,548528.0
2025-02-19T09:30:00-05:00,120.8499984741211,120.94499969482422,120.0999984741211,120.3550033569336,617429.0
2025-02-19T10:30:00-05:00,120.36920166015625,120.95249938964844,120.36920166015625,120.9175033569336,262744.0
2025-02-19T11:30:00-05:00,120.92500305175781,121.0999984741211,120.80500030517578,120.89749908447266,260014.0
2025-02-19T12:30:00-05:00,120.89005279541016,121.20999908447266,120.80500030517578,121.125,498607.0
2025-02-19T13:30:00-05:00,121.1449966430664,121.48999786376953,121.12999725341797,121.43499755859375,269857.0
2025-02-19T14:30:00-05:00,121.43000030517578,121.56999969482422,120.75,120.87999725341797,282655.0
2025-02-19T15:30:00-05:00,120.88999938964844,121.13500213623047,120.76499938964844,121.08000183105469,473453.0
2025-02-20T09:30:00-05:00,120.9749984741211,121.13500213623047,119.43000030517578,120.27999877929688,785807.0
2025-02-20T10:30:00-05:00,120.25499725341797,120.38500213623047,119.63800048828125,120.11750030517578,392185.0
2025-02-20T11:30:00-05:00,120.11499786376953,120.48500061035156,119.91999816894531,120.40499877929688,280628.0
2025-02-20T12:30:00-05:00,120.41999816894531,120.5,120.1050033569336,120.20500183105469,314809.0
2025-02-20T13:30:00-05:00,120.18000030517578,120.56500244140625,120.1675033569336,120.5,243948.0
2025-02-20T14:30:00-05:00,120.4749984741211,120.68000030517578,120.29499816894531,120.52999877929688,254945.0
2025-02-20T15:30:00-05:00,120.52999877929688,120.76000213623047,120.44000244140625,120.71499633789062,571620.0
2025-02-21T09:30:00-05:00,120.73999786376953,120.79000091552734,119.5,119.6050033569336,611206.0
2025-02-21T10:30:00-05:00,119.58999633789062,119.74500274658203,119.33000183105469,119.52999877929688,349127.0
2025-02-21T11:30:00-05:00,119.52249908447266,119.70999908447266,119.06504821777344,119.31500244140625,395164.0
2025-02-21T12:30:00-05:00,119.33499908447266,119.33499908447266,118.41500091552734,118.44999694824219,483759.0
2025-02-21T13:30:00-05:00,118.45999908447266,118.75330352783203,117.55000305175781,117.58000183105469,507940.0
2025-02-21T14:30:00-05:00,117.56999969482422,117.8499984741211,117.41999816894531,117.62000274658203,719748.0
2025-02-21T15:30:00-05:00,117.625,117.72000122070312,117.37999725341797,117.43000030517578,894250.0
2025-02-24T09:30:00-05:00,117.88999938964844,118.22000122070312,115.61000061035156,116.16000366210938,849509.0
2025-02-24T10:30:00-05:00,116.16999816894531,116.91999816894531,115.69999694824219,116.86499786376953,378726.0
2025-02-24T11:30:00-05:00,116.88500213623047,117.28980255126953,116.58499908447266,117.125,361119.0
2025-02-24T12:30:00-05:00,117.13999938964844,117.33000183105469,116.95999908447266,117.20995330810547,300367.0
2025-02-24T13:30:00-05:00,117.2249984741211,117.25,116.69000244140625,116.70304870605469,212812.0
2025-02-24T14:30:00-05:00,116.71499633789062,116.87999725341797,116.36499786376953,116.36994934082031,341769.0
2025-02-24T15:30:00-05:00,116.37999725341797,116.56749725341797,115.69999694824219,115.75499725341797,752310.0
2025-02-25T09:30:00-05:00,115.51000213623047,115.5999984741211,113.4749984741211,113.6500015258789,921796.0
2025-02-25T10:30:00-05:00,113.63999938964844,114.45500183105469,113.59500122070312,113.90499877929688,863973.0
2025-02-25T11:30:00-05:00,113.87999725341797,114.90499877929688,113.6500015258789,114.87249755859375,863737.0
2025-02-25T12:30:00-05:00,114.86250305175781,115.33499908447266,114.69499969482422,114.71499633789062,404418.0
2025-02-25T13:30:00-05:00,114.70500183105469,115.0999984741211,114.31999969482422,114.38999938964844,347524.0
2025-02-25T14:30:00-05:00,114.37249755859375,115.1050033569336,114.34500122070312,114.88999938964844,527026.0
2025-02-25T15:30:00-05:00,114.91500091552734,114.93000030517578,114.05500030517578,114.23999786376953,879782.0
2025-02-26T09:30:00-05:00,115.375,116.26000213623047,114.95999908447266,115.72000122070312,847548.0
2025-02-26T10:30:00-05:00,115.7249984741211,116.58999633789062,115.7249984741211,116.28500366210938,413686.0
2025-02-26T11:30:00-05:00,116.26000213623047,116.57499694824219,116.13500213623047,116.41999816894531,325212.0
2025-02-26T12:30:00-05:00,116.44999694824219,116.5199966430664,115.20500183105469,115.2249984741211,395078.0
2025-02-26T13:30:00-05:00,115.19499969482422,115.4000015258789,114.61499786376953,115.03250122070312,382593.0
2025-02-26T14:30:00-05:00,115.02999877929688,115.31500244140625,114.75499725341797,115.22000122070312,293438.0
2025-02-26T15:30:00-05:00,115.22000122070312,115.69499969482422,115.08499908447266,115.51000213623047,929942.0
2025-02-27T09:30:00-05:00,116.12999725341797,116.25,113.36250305175781,114.75894927978516,821654.0
2025-02-27T10:30:00-05:00,114.80000305175781,114.90499877929688,114.08499908447266,114.36000061035156,417983.0
2025-02-27T11:30:00-05:00,114.46499633789062,114.61499786376953,113.73999786376953,114.34500122070312,300908.0
2025-02-27T12:30:00-05:00,114.36499786376953,114.75,113.98500061035156,114.64250183105469,339987.0
2025-02-27T13:30:00-05:00,114.63999938964844,114.71499633789062,113.33499908447266,113.37159729003906,215496.0
2025-02-27T14:30:00-05:00,113.36000061035156,113.36499786376953,112.01499938964844,112.03500366210938,1147139.0
2025-02-27T15:30:00-05:00,112.03500366210938,112.25499725341797,111.24500274658203,111.31999969482422,1337002.0
2025-02-28T09:30:00-05:00,110.79499816894531,111.99500274658203,109.8499984741211,111.97000122070312,1181792.0
2025-02-28T10:30:00-05:00,111.96499633789062,112.19000244140625,111.1050033569336,111.11499786376953,727114.0
2025-02-28T11:30:00-05:00,111.11000061035156,111.7699966430664,111.05999755859375,111.4404525756836,539068.0
2025-02-28T12:30:00-05:00,111.4625015258789,111.4625015258789,110.1050033569336,110.73500061035156,739685.0
2025-02-28T13:30:00-05:00,110.70500183105469,111.16500091552734,110.37750244140625,110.76000213623047,492132.0
2025-02-28T14:30:00-05:00,110.75,111.75,110.70999908447266,111.72599792480469,655683.0
2025-02-28T15:30:00-05:00,111.7300033569336,112.87999725341797,111.2249984741211,112.80500030517578,1557593.0
2025-03-03T09:30:00-05:00,113.34500122070312,113.57499694824219,111.16999816894531,112.375,1185582.0
2025-03-03T10:30:00-05:00,112.36000061035156,112.58999633789062,111.84500122070312,112.0250015258789,554465.0
2025-03-03T11:30:00-05:00,112.0250015258789,112.375,111.67500305175781,112.2750015258789,490300.0
2025-03-03T12:30:00-05:00,112.28500366210938,112.4000015258789,110.73500061035156,110.76000213623047,623539.0
2025-03-03T13:30:00-05:00,110.7699966430664,111.43000030517578,110.5999984741211,110.98500061035156,544561.0
2025-03-03T14:30:00-05:00,110.94999694824219,111.5824966430664,108.77999877929688,108.88500213623047,1130810.0
2025-03-03T15:30:00-05:00,108.875,109.3949966430664,108.5250015258789,109.3550033569336,1300595.0
2025-03-04T09:30:00-05:00,108.5250015258789,109.44499969482422,107.12999725341797,107.7750015258789,1505738.0
2025-03-04T10:30:00-05:00,107.7300033569336,108.42500305175781,107.45500183105469,107.625,1919342.0
2025-03-04T11:30:00-05:00,107.62000274658203,109.31999969482422,107.61499786376953,109.08499908447266,804491.0
2025-03-04T12:30:00-05:00,109.04000091552734,109.70999908447266,108.61499786376953,109.0199966430664,1305711.0
2025-03-04T13:30:00-05:00,108.91999816894531,110.4749984741211,108.88500213623047,110.17500305175781,752670.0
2025-03-04T14:30:00-05:00,110.19999694824219,111.18000030517578,110.0250015258789,110.8499984741211,1092106.0
2025-03-04T15:30:00-05:00,110.8550033569336,110.8550033569336,108.74500274658203,109.25499725341797,1276398.0
2025-03-05T09:30:00-05:00,109.58999633789062,109.6303482055664,108.33000183105469,108.79000091552734,1255379.0
2025-03-05T10:30:00-05:00,108.82499694824219,109.4800033569336,108.37000274658203,108.625,920729.0
2025-03-05T11:30:00-05:00,108.61499786376953,109.61499786376953,108.12000274658203,109.61000061035156,550086.0
2025-03-05T12:30:00-05:00,109.62999725341797,110.28500366210938,109.44999694824219,109.75,560597.0
2025-03-05T13:30:00-05:00,109.7249984741211,110.9800033569336,109.45999908447266,110.5199966430664,710190.0
2025-03-05T14:30:00-05:00,110.54499816894531,111.1449966430664,110.30500030517578,110.8949966430664,609449.0
2025-03-05T15:30:00-05:00,110.87000274658203,111.02999877929688,110.43499755859375,110.76499938964844,983922.0
2025-03-06T09:30:00-05:00,108.51000213623047,110.0999984741211,108.24500274658203,109.91500091552734,1407731.0
2025-03-06T10:30:00-05:00,109.95999908447266,110.2249984741211,109.19000244140625,109.54000091552734,714709.0
2025-03-06T11:30:00-05:00,109.53500366210938,109.88500213623047,107.98999786376953,108.1449966430664,636441.0
2025-03-06T12:30:00-05:00,108.12999725341797,108.44000244140625,107.72000122070312,108.05999755859375,781330.0
2025-03-06T13:30:00-05:00,108.04000091552734,108.21499633789062,107.23500061035156,107.34500122070312,1045190.0
2025-03-06T14:30:00-05:00,107.33000183105469,108.43499755859375,107.1875,107.87999725341797,1215218.0
2025-03-06T15:30:00-05:00,107.875,108.11499786376953,107.43499755859375,107.69999694824219,1335272.0
2025-03-07T09:30:00-05:00,107.58499908447266,109.00005340576172,107.58499908447266,107.8949966430664,899582.0
2025-03-07T10:30:00-05:00,107.76000213623047,108.16000366210938,106.9000015258789,106.9749984741211,744218.0
2025-03-07T11:30:00-05:00,106.98500061035156,107.0999984741211,106.31500244140625,106.99749755859375,661586.0
2025-03-07T12:30:00-05:00,106.9800033569336,108.45999908447266,106.8499984741211,107.95999908447266,569093.0
2025-03-07T13:30:00-05:00,108.04000091552734,109.25499725341797,107.95819854736328,109.15499877929688,683760.0
2025-03-07T14:30:00-05:00,109.16000366210938,109.30999755859375,108.72000122070312,109.11750030517578,563471.0
2025-03-07T15:30:00-05:00,109.1050033569336,109.54499816894531,108.38500213623047,109.24500274658203,1159975.0
2025-03-10T09:30:00-04:00,107.11000061035156,107.30999755859375,105.79004669189453,105.82499694824219,1709535.0
2025-03-10T10:30:00-04:00,105.83999633789062,106.0,104.78500366210938,105.41000366210938,1166613.0
2025-03-10T11:30:00-04:00,105.41000366210938,105.91999816894531,105.01000213623047,105.29000091552734,712298.0
2025-03-10T12:30:00-04:00,105.31999969482422,105.67500305175781,104.5250015258789,104.81999969482422,964287.0
2025-03-10T13:30:00-04:00,104.83499908447266,104.86499786376953,104.2249984741211,104.45999908447266,1276515.0
2025-03-10T14:30:00-04:00,104.4749984741211,104.8282470703125,103.54000091552734,104.45500183105469,1815674.0
2025-03-10T15:30:00-04:00,104.46499633789062,105.18499755859375,104.20500183105469,104.67500305175781,2286279.0
2025-03-11T09:30:00-04:00,104.30500030517578,105.44000244140625,103.66500091552734,103.7249984741211,1394724.0
2025-03-11T10:30:00-04:00,103.73500061035156,104.87999725341797,103.30000305175781,104.43000030517578,1113803.0
2025-03-11T11:30:00-04:00,104.38999938964844,105.04499816894531,103.875,104.1449966430664,1130920.0
2025-03-11T12:30:00-04:00,104.22505187988281,104.43499755859375,103.1449966430664,103.19750213623047,690038.0
2025-03-11T13:30:00-04:00,103.16500091552734,105.125,103.1500015258789,104.93000030517578,790296.0
2025-03-11T14:30:00-04:00,104.93000030517578,105.95500183105469,104.68000030517578,105.15499877929688,1180497.0
2025-03-11T15:30:00-04:00,105.18499755859375,105.20999908447266,104.15499877929688,104.15499877929688,839135.0
2025-03-12T09:30:00-04:00,106.05999755859375,106.76000213623047,105.6449966430664,105.82669830322266,1273111.0
2025-03-12T10:30:00-04:00,105.80000305175781,105.86499786376953,104.57499694824219,105.41999816894531,646058.0
2025-03-12T11:30:00-04:00,105.43000030517578,106.3949966430664,105.36499786376953,106.25,654853.0
2025-03-12T12:30:00-04:00,106.2750015258789,106.51499938964844,105.875,106.38500213623047,678005.0
2025-03-12T13:30:00-04:00,106.3499984741211,106.4800033569336,105.37000274658203,105.97000122070312,595422.0
2025-03-12T14:30:00-04:00,105.9800033569336,106.34500122070312,105.63999938964844,105.8324966430664,503962.0
2025-03-12T15:30:00-04:00,105.84500122070312,106.05000305175781,105.5,105.84500122070312,961044.0
2025-03-13T09:30:00-04:00,105.53500366210938,105.7699966430664,104.24500274658203,105.21499633789062,1113867.0
2025-03-13T10:30:00-04:00,105.23504638671875,105.51000213623047,104.50499725341797,104.54955291748047,562640.0
2025-03-13T11:30:00-04:00,104.54499816894531,104.73500061035156,104.05500030517578,104.24500274658203,802428.0
2025-03-13T12:30:00-04:00,104.23500061035156,104.73999786376953,103.49500274658203,103.75,611069.0
2025-03-13T13:30:00-04:00,103.71499633789062,104.45999908447266,103.44499969482422,104.44499969482422,503585.0
2025-03-13T14:30:00-04:00,104.44499969482422,104.84500122070312,103.8550033569336,103.97000122070312,617451.0
2025-03-13T15:30:00-04:00,104.01000213623047,104.08000183105469,103.42375183105469,103.88999938964844,1156730.0
2025-03-14T09:30:00-04:00,105.19000244140625,106.23999786376953,105.15499877929688,105.49500274658203,832025.0
2025-03-14T10:30:00-04:00,105.4800033569336,106.63500213623047,105.4749984741211,106.50749969482422,575461.0
2025-03-14T11:30:00-04:00,106.51000213623047,106.93000030517578,106.37000274658203,106.37999725341797,821758.0
2025-03-14T12:30:00-04:00,106.38999938964844,106.94000244140625,106.3499984741211,106.58999633789062,479417.0
2025-03-14T13:30:00-04:00,106.62999725341797,106.69999694824219,106.23175048828125,106.33000183105469,302866.0
2025-03-14T14:30:00-04:00,106.33000183105469,106.875,106.33000183105469,106.63999938964844,741982.0
2025-03-14T15:30:00-04:00,106.64749908447266,107.08000183105469,106.56500244140625,106.9000015258789,859145.0
2025-03-17T09:30:00-04:00,106.88500213623047,107.91500091552734,106.7699966430664,107.13999938964844,648348.0
2025-03-17T10:30:00-04:00,107.1050033569336,107.34500122070312,106.68499755859375,106.83000183105469,672590.0
2025-03-17T11:30:00-04:00,106.8324966430664,107.26000213623047,106.57499694824219,106.7249984741211,401989.0
2025-03-17T12:30:00-04:00,106.74500274658203,107.32499694824219,106.63999938964844,107.2699966430664,313434.0
2025-03-17T13:30:00-04:00,107.2750015258789,108.19999694824219,107.2300033569336,108.1500015258789,614110.0
2025-03-17T14:30:00-04:00,108.13500213623047,108.4800033569336,108.09500122070312,108.19999694824219,699764.0
2025-03-17T15:30:00-04:00,108.19000244140625,108.27999877929688,107.66500091552734,107.69249725341797,1117637.0
2025-03-18T09:30:00-04:00,106.8499984741211,107.05999755859375,105.8134994506836,106.3949966430664,1118710.0
2025-03-18T10:30:00-04:00,106.37999725341797,106.53500366210938,105.68499755859375,106.01000213623047,716401.0
2025-03-18T11:30:00-04:00,106.0199966430664,106.4800033569336,105.71499633789062,106.45500183105469,567482.0
2025-03-18T12:30:00-04:00,106.3949966430664,106.59500122070312,105.9574966430664,106.20500183105469,701169.0
2025-03-18T13:30:00-04:00,106.19999694824219,106.37000274658203,105.83999633789062,106.05000305175781,446894.0
2025-03-18T14:30:00-04:00,106.04000091552734,106.52999877929688,105.9749984741211,106.05500030517578,668635.0
2025-03-18T15:30:00-04:00,106.05000305175781,106.19999694824219,105.83000183105469,106.08499908447266,873195.0
2025-03-19T09:30:00-04:00,106.77999877929688,107.45999908447266,106.17500305175781,107.03504943847656,680980.0
2025-03-19T10:30:00-04:00,107.11000061035156,107.22250366210938,106.73500061035156,107.17935180664062,365288.0
2025-03-19T11:30:00-04:00,107.17500305175781,107.56500244140625,107.11000061035156,107.43499755859375,456702.0
2025-03-19T12:30:00-04:00,107.41500091552734,107.44000244140625,106.88999938964844,106.8949966430664,312490.0
2025-03-19T13:30:00-04:00,106.88085174560547,107.54499816894531,106.6449966430664,107.22000122070312,578819.0
2025-03-19T14:30:00-04:00,107.23999786376953,108.71499633789062,107.23999786376953,107.5625,939396.0
2025-03-19T15:30:00-04:00,107.51499938964844,108.07499694824219,107.41500091552734,107.48500061035156,833004.0
2025-03-20T09:30:00-04:00,106.23500061035156,107.69999694824219,106.07499694824219,107.52999877929688,792671.0
2025-03-20T10:30:00-04:00,107.52384948730469,107.86499786376953,107.3499984741211,107.59500122070312,293624.0
2025-03-20T11:30:00-04:00,107.6050033569336,107.81999969482422,106.70500183105469,106.76000213623047,555372.0
2025-03-20T12:30:00-04:00,106.81999969482422,107.05500030517578,106.44000244140625,106.44999694824219,353027.0
2025-03-20T13:30:00-04:00,106.44000244140625,106.80999755859375,106.25,106.25460052490234,316647.0
2025-03-20T14:30:00-04:00,106.25499725341797,106.77999877929688,106.19000244140625,106.38749694824219,390269.0
2025-03-20T15:30:00-04:00,106.4000015258789,106.94499969482422,106.3949966430664,106.72000122070312,682116.0
2025-03-21T09:30:00-04:00,105.35749816894531,105.89749908447266,104.97000122070312,105.68000030517578,871435.0
2025-03-21T10:30:00-04:00,105.70500183105469,106.08004760742188,105.48500061035156,105.57499694824219,400130.0
2025-03-21T11:30:00-04:00,105.56999969482422,106.474853515625,105.37999725341797,106.375,650695.0
2025-03-21T12:30:00-04:00,106.38500213623047,106.71499633789062,106.2300033569336,106.27999877929688,372280.0
2025-03-21T13:30:00-04:00,106.29499816894531,106.6500015258789,106.15499877929688,106.38999938964844,428971.0
2025-03-21T14:30:00-04:00,106.3949966430664,106.66500091552734,106.21150207519531,106.34500122070312,1017262.0
2025-03-21T15:30:00-04:00,106.36499786376953,107.125,106.2699966430664,106.9749984741211,1052342.0
2025-03-24T09:30:00-04:00,108.56999969482422,108.72000122070312,108.28500366210938,108.6050033569336,881891.0
2025-03-24T10:30:00-04:00,108.62000274658203,109.0250015258789,108.5,108.88999938964844,764604.0
2025-03-24T11:30:00-04:00,108.88500213623047,108.9800033569336,108.70249938964844,108.75,353148.0
2025-03-24T12:30:00-04:00,108.75,108.82499694824219,108.5425033569336,108.7300033569336,254411.0
2025-03-24T13:30:00-04:00,108.7249984741211,108.79499816894531,108.52545166015625,108.6500015258789,272392.0
2025-03-24T14:30:00-04:00,108.65499877929688,109.0250015258789,108.58114624023438,108.85064697265625,599303.0
2025-03-24T15:30:00-04:00,108.86000061035156,109.07250213623047,108.75749969482422,108.79499816894531,748269.0
2025-03-25T09:30:00-04:00,108.74500274658203,109.17250061035156,108.69000244140625,109.1500015258789,1050996.0
2025-03-25T10:30:00-04:00,109.15499877929688,109.30999755859375,108.95999908447266,109.2699966430664,272465.0
2025-03-25T11:30:00-04:00,109.25499725341797,109.30000305175781,109.05999755859375,109.13494873046875,504992.0
2025-03-25T12:30:00-04:00,109.125,109.31999969482422,108.87000274658203,108.8949966430664,444850.0
2025-03-25T13:30:00-04:00,108.9000015258789,109.17500305175781,108.8949966430664,109.0250015258789,394134.0
2025-03-25T14:30:00-04:00,109.06999969482422,109.07499694824219,108.84600067138672,108.9800033569336,364516.0
2025-03-25T15:30:00-04:00,108.97000122070312,109.25499725341797,108.97000122070312,109.18499755859375,530271.0
2025-03-26T09:30:00-04:00,108.83999633789062,109.0999984741211,107.50749969482422,107.79499816894531,874113.0
2025-03-26T10:30:00-04:00,107.74500274658203,107.94499969482422,107.60385131835938,107.70500183105469,288555.0
2025-03-26T11:30:00-04:00,107.71499633789062,107.82499694824219,107.0,107.23500061035156,527124.0
2025-03-26T12:30:00-04:00,107.21499633789062,107.30000305175781,106.61000061035156,106.66500091552734,331944.0
2025-03-26T13:30:00-04:00,106.62999725341797,106.84500122070312,106.37999725341797,106.79499816894531,398452.0
2025-03-26T14:30:00-04:00,106.78500366210938,106.83499908447266,106.31999969482422,106.4749984741211,463038.0
2025-03-26T15:30:00-04:00,106.47000122070312,106.86000061035156,106.45500183105469,106.7300033569336,704725.0
2025-03-27T09:30:00-04:00,106.01000213623047,106.27494812011719,105.19499969482422,106.19499969482422,789554.0
2025-03-27T10:30:00-04:00,106.19499969482422,106.61000061035156,106.13999938964844,106.28500366210938,412815.0
2025-03-27T11:30:00-04:00,106.29000091552734,106.4000015258789,105.79000091552734,106.07499694824219,302350.0
2025-03-27T12:30:00-04:00,106.08000183105469,106.25499725341797,105.61499786376953,105.69499969482422,347026.0
2025-03-27T13:30:00-04:00,105.66999816894531,106.18499755859375,105.65499877929688,106.02999877929688,310584.0
2025-03-27T14:30:00-04:00,106.03500366210938,106.51499938964844,105.95999908447266,106.4000015258789,371245.0
2025-03-27T15:30:00-04:00,106.41000366210938,106.41999816894531,105.69000244140625,105.76000213623047,621110.0
2025-03-28T09:30:00-04:00,105.20500183105469,105.62999725341797,103.84500122070312,103.875,1121059.0
2025-03-28T10:30:00-04:00,103.90499877929688,104.02999877929688,103.46119689941406,103.68499755859375,766811.0
2025-03-28T11:30:00-04:00,103.625,103.8499984741211,103.08000183105469,103.17500305175781,557057.0
2025-03-28T12:30:00-04:00,103.20500183105469,103.37999725341797,102.83999633789062,102.91000366210938,725047.0
2025-03-28T13:30:00-04:00,102.91000366210938,103.38999938964844,102.8499984741211,103.21499633789062,519209.0
2025-03-28T14:30:00-04:00,103.2074966430664,103.44000244140625,103.06500244140625,103.09500122070312,441747.0
2025-03-28T15:30:00-04:00,103.09500122070312,103.28500366210938,102.88500213623047,103.16999816894531,819191.0
2025-03-31T09:30:00-04:00,101.38999938964844,101.58999633789062,100.36499786376953,100.87000274658203,1751681.0
2025-03-31T10:30:00-04:00,100.91000366210938,101.80000305175781,100.90499877929688,101.52999877929688,783920.0
2025-03-31T11:30:00-04:00,101.5250015258789,102.1050033569336,101.43000030517578,102.0999984741211,722545.0
2025-03-31T12:30:00-04:00,102.08499908447266,102.20500183105469,101.63500213623047,101.82499694824219,483602.0
2025-03-31T13:30:00-04:00,101.80999755859375,102.58499908447266,101.64250183105469,102.57499694824219,621460.0
2025-03-31T14:30:00-04:00,102.58499908447266,103.02999877929688,102.47750091552734,102.6050033569336,657350.0
2025-03-31T15:30:00-04:00,102.61499786376953,103.4749984741211,102.56500244140625,103.2699966430664,1425626.0
2025-04-01T09:30:00-04:00,102.83000183105469,103.25,101.98999786376953,102.3499984741211,941725.0
2025-04-01T10:30:00-04:00,102.33999633789062,103.87000274658203,102.31999969482422,103.6500015258789,740639.0
2025-04-01T11:30:00-04:00,103.6500015258789,104.01000213623047,103.44499969482422,103.56005096435547,634188.0
2025-04-01T12:30:00-04:00,103.56500244140625,103.72750091552734,103.20500183105469,103.42500305175781,425351.0
2025-04-01T13:30:00-04:00,103.41500091552734,103.66000366210938,102.57150268554688,102.67500305175781,559222.0
2025-04-01T14:30:00-04:00,102.66500091552734,103.32499694824219,102.66500091552734,103.20999908447266,484730.0
2025-04-01T15:30:00-04:00,103.18499755859375,104.08499908447266,103.13999938964844,104.01499938964844,727241.0
2025-04-02T09:30:00-04:00,102.51000213623047,104.11000061035156,102.43000030517578,104.0,735623.0
2025-04-02T10:30:00-04:00,104.0,104.63999938964844,103.79499816894531,104.5250015258789,463880.0
2025-04-02T11:30:00-04:00,104.50499725341797,104.97000122070312,104.13999938964844,104.97000122070312,373430.0
2025-04-02T12:30:00-04:00,104.9800033569336,105.62999725341797,104.80000305175781,105.25,512968.0
2025-04-02T13:30:00-04:00,105.17500305175781,105.25,103.9749984741211,103.9749984741211,569177.0
2025-04-02T14:30:00-04:00,103.94999694824219,104.53379821777344,103.93499755859375,104.44499969482422,537414.0
2025-04-02T15:30:00-04:00,104.43000030517578,105.01499938964844,104.29499816894531,104.7249984741211,863667.0
2025-04-03T09:30:00-04:00,99.74500274658203,100.3499984741211,98.94999694824219,99.29499816894531,1878065.0
2025-04-03T10:30:00-04:00,99.25,99.43000030517578,97.88999938964844,98.41500091552734,1369463.0
2025-04-03T11:30:00-04:00,98.4124984741211,99.32499694824219,98.375,99.18499755859375,1008274.0
2025-04-03T12:30:00-04:00,99.19000244140625,99.29000091552734,98.43154907226562,98.54499816894531,1083088.0
2025-04-03T13:30:00-04:00,98.52999877929688,98.91999816894531,98.05500030517578,98.19499969482422,755366.0
2025-04-03T14:30:00-04:00,98.16999816894531,98.70999908447266,97.8949966430664,97.93499755859375,1299764.0
2025-04-03T15:30:00-04:00,97.94499969482422,98.11000061035156,97.53500366210938,97.65499877929688,1863577.0
2025-04-04T09:30:00-04:00,94.56999969482422,95.31999969482422,92.93309783935547,92.93309783935547,3104156.0
2025-04-04T10:30:00-04:00,92.94000244140625,94.3550033569336,91.34500122070312,93.22000122070312,2552497.0
2025-04-04T11:30:00-04:00,93.23999786376953,93.63999938964844,92.0999984741211,92.29499816894531,2158553.0
2025-04-04T12:30:00-04:00,92.22344970703125,92.7249984741211,91.55500030517578,92.0425033569336,1154098.0
2025-04-04T13:30:00-04:00,92.0250015258789,93.20249938964844,91.69255065917969,91.7699966430664,1978356.0
2025-04-04T14:30:00-04:00,91.7699966430664,92.4749984741211,91.16500091552734,92.27249908447266,2366749.0
2025-04-04T15:30:00-04:00,92.25499725341797,93.03500366210938,91.1500015258789,91.23249816894531,2663474.0
2025-04-07T09:30:00-04:00,87.46499633789062,95.90499877929688,86.2249984741211,90.23500061035156,8111591.0
2025-04-07T10:30:00-04:00,90.28500366210938,92.90470123291016,89.16000366210938,89.45500183105469,4677723.0
2025-04-07T11:30:00-04:00,89.45999908447266,91.52999877929688,89.45999908447266,90.62000274658203,2028637.0
2025-04-07T12:30:00-04:00,90.62995147705078,92.07659912109375,89.61000061035156,92.0374984741211,1663770.0
2025-04-07T13:30:00-04:00,92.01499938964844,92.99500274658203,91.28500366210938,91.5999984741211,1988256.0
2025-04-07T14:30:00-04:00,91.62000274658203,92.63999938964844,90.68000030517578,90.80999755859375,1850513.0
2025-04-07T15:30:00-04:00,90.81999969482422,92.07499694824219,90.81999969482422,91.69000244140625,1594678.0
2025-04-08T09:30:00-04:00,95.1449966430664,96.41999816894531,94.61000061035156,96.0199966430664,3040631.0
2025-04-08T10:30:00-04:00,96.0199966430664,96.20999908447266,94.13500213623047,94.16000366210938,1479438.0
2025-04-08T11:30:00-04:00,94.1500015258789,95.0875015258789,93.3949966430664,93.80500030517578,949539.0
2025-04-08T12:30:00-04:00,93.81500244140625,93.96499633789062,91.33000183105469,91.3550033569336,1679997.0
2025-04-08T13:30:00-04:00,91.32499694824219,92.8375015258789,91.22000122070312,91.42500305175781,904938.0
2025-04-08T14:30:00-04:00,91.4800033569336,92.56999969482422,89.20500183105469,89.94000244140625,1831696.0
2025-04-08T15:30:00-04:00,89.89749908447266,90.0250015258789,88.22000122070312,89.90499877929688,2320153.0
2025-04-09T09:30:00-04:00,90.29754638671875,92.25,89.93499755859375,91.51000213623047,1783078.0
2025-04-09T10:30:00-04:00,91.54000091552734,92.125,90.27999877929688,91.2750015258789,1710926.0
2025-04-09T11:30:00-04:00,91.29000091552734,91.8499984741211,90.51499938964844,91.55999755859375,1328542.0
2025-04-09T12:30:00-04:00,91.54499816894531,99.04254913330078,91.43000030517578,96.7750015258789,3299386.0
2025-04-09T13:30:00-04:00,96.84500122070312,101.05000305175781,96.51499938964844,100.63999938964844,4446272.0
2025-04-09T14:30:00-04:00,100.6449966430664,101.4800033569336,98.43499755859375,101.18000030517578,2651075.0
2025-04-09T15:30:00-04:00,101.16000366210938,102.48999786376953,101.04499816894531,101.94000244140625,2542589.0
2025-04-10T09:30:00-04:00,98.42500305175781,99.0999984741211,97.31500244140625,97.95500183105469,1877649.0
2025-04-10T10:30:00-04:00,97.9800033569336,98.76499938964844,96.8499984741211,96.8499984741211,1708329.0
2025-04-10T11:30:00-04:00,96.86499786376953,97.00499725341797,93.86499786376953,94.38500213623047,1574242.0
2025-04-10T12:30:00-04:00,94.36499786376953,97.18499755859375,94.32115173339844,95.9000015258789,1351306.0
2025-04-10T13:30:00-04:00,95.80145263671875,97.81999969482422,95.73999786376953,97.70999908447266,885543.0
2025-04-10T14:30:00-04:00,97.71499633789062,98.05999755859375,96.5,96.55000305175781,823507.0
2025-04-10T15:30:00-04:00,96.5,97.62750244140625,95.72000122070312,97.22000122070312,1227900.0
2025-04-11T09:30:00-04:00,96.69999694824219,98.01000213623047,95.9749984741211,96.125,1447434.0
2025-04-11T10:30:00-04:00,96.1500015258789,97.77999877929688,95.9749984741211,97.06500244140625,775003.0
2025-04-11T11:30:00-04:00,97.02999877929688,98.30999755859375,96.88999938964844,97.80500030517578,434207.0
2025-04-11T12:30:00-04:00,97.86000061035156,98.98500061035156,97.8488998413086,98.16500091552734,557530.0
2025-04-11T13:30:00-04:00,98.17500305175781,99.5999984741211,97.8949966430664,98.9375,760955.0
2025-04-11T14:30:00-04:00,98.95999908447266,99.41999816894531,98.66645050048828,99.16999816894531,802968.0
2025-04-11T15:30:00-04:00,99.04190063476562,99.41999816894531,98.92500305175781,99.15499877929688,2132637.0
2025-04-14T09:30:00-04:00,102.25,102.31500244140625,100.52999877929688,101.32499694824219,1659260.0
2025-04-14T10:30:00-04:00,101.33999633789062,101.65499877929688,100.18000030517578,100.18499755859375,701442.0
2025-04-14T11:30:00-04:00,100.20500183105469,100.45999908447266,99.0,99.4749984741211,687056.0
2025-04-14T12:30:00-04:00,99.47000122070312,100.20999908447266,99.3324966430664,99.88999938964844,662135.0
2025-04-14T13:30:00-04:00,99.875,100.65499877929688,99.68000030517578,100.6449966430664,329595.0
2025-04-14T14:30:00-04:00,100.62049865722656,101.13500213623047,100.55750274658203,100.75,528667.0
2025-04-14T15:30:00-04:00,100.75,100.90499877929688,99.98500061035156,100.06999969482422,910536.0
2025-04-15T09:30:00-04:00,100.23500061035156,101.20500183105469,99.9749984741211,100.2300033569336,945123.0
2025-04-15T10:30:00-04:00,100.26499938964844,101.0199966430664,100.19000244140625,100.63500213623047,411247.0
2025-04-15T11:30:00-04:00,100.6449966430664,101.18499755859375,100.5199966430664,101.07499694824219,274570.0
2025-04-15T12:30:00-04:00,101.07250213623047,101.17500305175781,100.17500305175781,100.23999786376953,328567.0
2025-04-15T13:30:00-04:00,100.23500061035156,100.63999938964844,100.14704895019531,100.30500030517578,217554.0
2025-04-15T14:30:00-04:00,100.31999969482422,100.72000122070312,100.29499816894531,100.46499633789062,272818.0
2025-04-15T15:30:00-04:00,100.48999786376953,100.61000061035156,100.27999877929688,100.45500183105469,455326.0
2025-04-16T09:30:00-04:00,97.75,98.6500015258789,97.625,98.23500061035156,916960.0
2025-04-16T10:30:00-04:00,98.23999786376953,98.79000091552734,97.98500061035156,98.62999725341797,735857.0
2025-04-16T11:30:00-04:00,98.4749984741211,98.65249633789062,97.7249984741211,97.92500305175781,413278.0
2025-04-16T12:30:00-04:00,97.95500183105469,98.08499908447266,97.55000305175781,97.9500503540039,567630.0
2025-04-16T13:30:00-04:00,97.9749984741211,97.9749984741211,96.29000091552734,96.63500213623047,1123267.0
2025-04-16T14:30:00-04:00,96.625,96.68000030517578,95.2699966430664,95.37995147705078,849099.0
2025-04-16T15:30:00-04:00,95.38500213623047,97.01499938964844,95.38500213623047,96.95999908447266,1638517.0
2025-04-17T09:30:00-04:00,97.6500015258789,97.6500015258789,96.21499633789062,96.23500061035156,768326.0
2025-04-17T10:30:00-04:00,96.24500274658203,96.9749984741211,96.0199966430664,96.38999938964844,419876.0
2025-04-17T11:30:00-04:00,96.37999725341797,97.12000274658203,96.2249984741211,97.01000213623047,627043.0
2025-04-17T12:30:00-04:00,96.99500274658203,97.2249984741211,96.53500366210938,96.54405212402344,375744.0
2025-04-17T13:30:00-04:00,96.61000061035156,97.36499786376953,96.5613021850586,97.1050033569336,273647.0
2025-04-17T14:30:00-04:00,97.12999725341797,97.32499694824219,96.36250305175781,96.45999908447266,487515.0
2025-04-17T15:30:00-04:00,96.45500183105469,96.7699966430664,96.20500183105469,96.41999816894531,667650.0
2025-04-21T09:30:00-04:00,94.90499877929688,95.1449966430664,93.5999984741211,93.70500183105469,897837.0
2025-04-21T10:30:00-04:00,93.69499969482422,94.05000305175781,93.27999877929688,93.34500122070312,581166.0
2025-04-21T11:30:00-04:00,93.33000183105469,93.3949966430664,92.91999816894531,93.16000366210938,471311.0
2025-04-21T12:30:00-04:00,93.17250061035156,93.55484771728516,92.83499908447266,92.94474792480469,490623.0
2025-04-21T13:30:00-04:00,92.93499755859375,93.08499908447266,92.66500091552734,92.91999816894531,396163.0
2025-04-21T14:30:00-04:00,92.93499755859375,93.22000122070312,92.59249877929688,93.05500030517578,478937.0
2025-04-21T15:30:00-04:00,93.06999969482422,94.10250091552734,93.06500244140625,93.91000366210938,791660.0
2025-04-22T09:30:00-04:00,95.19000244140625,95.79000091552734,94.63500213623047,95.61499786376953,946659.0
2025-04-22T10:30:00-04:00,95.61000061035156,96.03645324707031,95.41500091552734,95.77249908447266,414143.0
2025-04-22T11:30:00-04:00,95.7699966430664,96.78500366210938,95.43000030517578,96.66999816894531,608087.0
2025-04-22T12:30:00-04:00,96.63749694824219,96.7249984741211,95.38999938964844,95.44999694824219,656360.0
2025-04-22T13:30:00-04:00,95.43250274658203,96.0250015258789,95.23500061035156,95.98500061035156,361242.0
2025-04-22T14:30:00-04:00,95.9800033569336,96.27999877929688,95.5250015258789,95.55999755859375,302452.0
2025-04-22T15:30:00-04:00,95.54000091552734,96.26000213623047,95.33000183105469,96.15499877929688,740457.0
2025-04-23T09:30:00-04:00,99.91999816894531,100.90499877929688,99.71499633789062,100.59500122070312,1923547.0
2025-04-23T10:30:00-04:00,100.54499816894531,100.9749984741211,99.50499725341797,99.68000030517578,953043.0
2025-04-23T11:30:00-04:00,99.69000244140625,99.87000274658203,98.77999877929688,99.26750183105469,794095.0
2025-04-23T12:30:00-04:00,99.25499725341797,100.0199966430664,99.2074966430664,99.78250122070312,637097.0
2025-04-23T13:30:00-04:00,99.79000091552734,100.03500366210938,99.41500091552734,99.5425033569336,640766.0
2025-04-23T14:30:00-04:00,99.58000183105469,99.7699966430664,98.76629638671875,98.88249969482422,543680.0
2025-04-23T15:30:00-04:00,98.9000015258789,99.34500122070312,98.62000274658203,98.95249938964844,855464.0
2025-04-24T09:30:00-04:00,99.99500274658203,101.7125015258789,99.83505249023438,101.70999908447266,843491.0
2025-04-24T10:30:00-04:00,101.66999816894531,101.98999786376953,101.29000091552734,101.6500015258789,534110.0
2025-04-24T11:30:00-04:00,101.66000366210938,102.2249984741211,101.50499725341797,102.11000061035156,556330.0
2025-04-24T12:30:00-04:00,102.09500122070312,102.4749984741211,102.05000305175781,102.42060089111328,363579.0
2025-04-24T13:30:00-04:00,102.44249725341797,102.62999725341797,102.23500061035156,102.52494812011719,630343.0
2025-04-24T14:30:00-04:00,102.55000305175781,102.77999877929688,102.18000030517578,102.26000213623047,615882.0
2025-04-24T15:30:00-04:00,102.26495361328125,102.8550033569336,102.24500274658203,102.71499633789062,688006.0
2025-04-25T09:30:00-04:00,102.40499877929688,103.30249786376953,102.30500030517578,102.54759979248047,740404.0
2025-04-25T10:30:00-04:00,102.5999984741211,103.24500274658203,102.36499786376953,103.01000213623047,347345.0
2025-04-25T11:30:00-04:00,103.01000213623047,103.55000305175781,102.87999725341797,103.49579620361328,273863.0
2025-04-25T12:30:00-04:00,103.50499725341797,104.42749786376953,103.43000030517578,104.3949966430664,487414.0
2025-04-25T13:30:00-04:00,104.40499877929688,104.41000366210938,103.32029724121094,103.91999816894531,443251.0
2025-04-25T14:30:00-04:00,103.91500091552734,104.15499877929688,103.86499786376953,103.94999694824219,281542.0
2025-04-25T15:30:00-04:00,103.94499969482422,104.29000091552734,103.68499755859375,104.19999694824219,545981.0
2025-04-28T09:30:00-04:00,104.0999984741211,104.61250305175781,103.65499877929688,103.90499877929688,748998.0
2025-04-28T10:30:00-04:00,103.84500122070312,104.1050033569336,102.78500366210938,102.81500244140625,337250.0
2025-04-28T11:30:00-04:00,102.81500244140625,103.25499725341797,102.56500244140625,102.63500213623047,179404.0
2025-04-28T12:30:00-04:00,102.66000366210938,103.12999725341797,102.51000213623047,102.63999938964844,299109.0
2025-04-28T13:30:00-04:00,102.6449966430664,103.52970123291016,102.62000274658203,103.46800231933594,198350.0
2025-04-28T14:30:00-04:00,103.4552001953125,104.05500030517578,103.37541198730469,103.98999786376953,214465.0
2025-04-28T15:30:00-04:00,103.94499969482422,104.375,103.92500305175781,104.05999755859375,375628.0
2025-04-29T09:30:00-04:00,103.56500244140625,104.75499725341797,103.56500244140625,104.09500122070312,1057239.0
2025-04-29T10:30:00-04:00,104.08999633789062,104.72000122070312,104.08000183105469,104.42250061035156,466426.0
2025-04-29T11:30:00-04:00,104.43000030517578,104.62249755859375,104.08999633789062,104.3499984741211,354023.0
2025-04-29T12:30:00-04:00,104.3499984741211,104.44499969482422,103.83000183105469,104.2750015258789,380050.0
2025-04-29T13:30:00-04:00,104.30999755859375,104.9800033569336,104.26914978027344,104.92839813232422,504798.0
2025-04-29T14:30:00-04:00,104.92259979248047,104.98500061035156,104.67500305175781,104.76000213623047,456868.0
2025-04-29T15:30:00-04:00,104.77999877929688,104.9000015258789,104.5,104.56500244140625,506841.0
2025-04-30T09:30:00-04:00,102.49500274658203,103.09500122070312,101.9000015258789,103.0625,987240.0
2025-04-30T10:30:00-04:00,103.04499816894531,103.70249938964844,102.82499694824219,103.61499786376953,479559.0
2025-04-30T11:30:00-04:00,103.61000061035156,103.98500061035156,103.37000274658203,103.44499969482422,483695.0
2025-04-30T12:30:00-04:00,103.44000244140625,103.8550033569336,103.18250274658203,103.82499694824219,352700.0
2025-04-30T13:30:00-04:00,103.81999969482422,104.56500244140625,103.78500366210938,104.11499786376953,812012.0
2025-04-30T14:30:00-04:00,104.06999969482422,104.36000061035156,103.8550033569336,103.94499969482422,517096.0
2025-04-30T15:30:00-04:00,103.98999786376953,105.375,103.91999816894531,104.91000366210938,999988.0
2025-05-01T09:30:00-04:00,107.27999877929688,107.72000122070312,106.87000274658203,107.58000183105469,1370609.0
2025-05-01T10:30:00-04:00,107.59500122070312,108.2750015258789,107.41500091552734,108.01499938964844,983913.0
2025-05-01T11:30:00-04:00,108.04499816894531,108.05999755859375,107.13500213623047,107.44000244140625,582326.0
2025-05-01T12:30:00-04:00,107.43000030517578,107.65750122070312,107.17500305175781,107.50499725341797,485691.0
2025-05-01T13:30:00-04:00,107.51000213623047,107.72000122070312,107.1449966430664,107.55999755859375,685892.0
2025-05-01T14:30:00-04:00,107.55000305175781,107.75499725341797,107.30000305175781,107.48500061035156,441037.0
2025-05-01T15:30:00-04:00,107.48999786376953,107.51499938964844,106.43000030517578,106.54000091552734,844691.0
2025-05-02T09:30:00-04:00,107.71499633789062,108.42500305175781,107.45500183105469,108.3949966430664,963626.0
2025-05-02T10:30:00-04:00,108.38999938964844,108.38999938964844,107.9593505859375,108.08499908447266,319776.0
2025-05-02T11:30:00-04:00,108.08499908447266,108.80999755859375,108.01000213623047,108.50499725341797,718561.0
2025-05-02T12:30:00-04:00,108.52899932861328,108.73500061035156,108.28500366210938,108.36499786376953,295895.0
2025-05-02T13:30:00-04:00,108.37000274658203,108.58000183105469,108.27999877929688,108.48500061035156,409840.0
2025-05-02T14:30:00-04:00,108.48500061035156,108.63500213623047,108.16500091552734,108.38999938964844,313892.0
2025-05-02T15:30:00-04:00,108.38500213623047,108.41000366210938,108.01499938964844,108.26499938964844,799176.0
2025-05-05T09:30:00-04:00,107.375,108.16835021972656,107.31999969482422,107.81999969482422,646267.0
2025-05-05T10:30:00-04:00,107.79499816894531,108.1449966430664,107.5,108.0250473022461,506108.0
2025-05-05T11:30:00-04:00,108.04000091552734,108.21749877929688,107.81999969482422,108.17749786376953,233275.0
2025-05-05T12:30:00-04:00,108.18499755859375,108.25344848632812,108.06999969482422,108.2300033569336,251914.0
2025-05-05T13:30:00-04:00,108.21499633789062,108.45500183105469,108.20999908447266,108.37000274658203,342709.0
2025-05-05T14:30:00-04:00,108.36499786376953,108.5,108.01000213623047,108.03524780273438,214537.0
2025-05-05T15:30:00-04:00,108.02999877929688,108.16500091552734,107.62999725341797,107.70500183105469,778687.0
2025-05-06T09:30:00-04:00,106.12999725341797,106.8125,105.80500030517578,106.7300033569336,841185.0
2025-05-06T10:30:00-04:00,106.73999786376953,107.07450103759766,106.65499877929688,107.06500244140625,350044.0
2025-05-06T11:30:00-04:00,107.08000183105469,107.62000274658203,106.84500122070312,107.00499725341797,464449.0
2025-05-06T12:30:00-04:00,106.98500061035156,107.18000030517578,106.68000030517578,106.81504821777344,250126.0
2025-05-06T13:30:00-04:00,106.80599975585938,107.12999725341797,106.58000183105469,107.08499908447266,337553.0
2025-05-06T14:30:00-04:00,107.08000183105469,107.30000305175781,107.01000213623047,107.2750015258789,211991.0
2025-05-06T15:30:00-04:00,107.28500366210938,107.48999786376953,106.76000213623047,106.77999877929688,662738.0
2025-05-07T09:30:00-04:00,106.83499908447266,107.18499755859375,106.55500030517578,107.15499877929688,682478.0
2025-05-07T10:30:00-04:00,107.1500015258789,107.19999694824219,106.4800033569336,106.6675033569336,220813.0
2025-05-07T11:30:00-04:00,106.66000366210938,107.0999984741211,106.56500244140625,106.9000015258789,210042.0
2025-05-07T12:30:00-04:00,106.91000366210938,107.44000244140625,106.87000274658203,107.2750015258789,191222.0
2025-05-07T13:30:00-04:00,107.30500030517578,107.30500030517578,106.0999984741211,106.56500244140625,379566.0
2025-05-07T14:30:00-04:00,106.55500030517578,107.28500366210938,106.44000244140625,106.63849639892578,453355.0
2025-05-07T15:30:00-04:00,106.625,108.375,106.5999984741211,107.87000274658203,1507375.0
2025-05-08T09:30:00-04:00,108.9749984741211,109.06500244140625,108.19999694824219,108.58999633789062,729861.0
2025-05-08T10:30:00-04:00,108.58999633789062,109.19499969482422,108.00499725341797,108.96499633789062,685584.0
2025-05-08T11:30:00-04:00,108.94499969482422,109.90249633789062,108.80500030517578,109.6500015258789,637843.0
2025-05-08T12:30:00-04:00,109.6449966430664,109.96749877929688,109.625,109.78500366210938,327369.0
2025-05-08T13:30:00-04:00,109.79499816894531,109.82994842529297,109.41000366210938,109.6050033569336,348510.0
2025-05-08T14:30:00-04:00,109.61000061035156,109.93000030517578,109.54000091552734,109.87999725341797,408209.0
2025-05-08T15:30:00-04:00,109.88500213623047,109.88999938964844,108.83499908447266,108.91500091552734,769584.0
2025-05-09T09:30:00-04:00,109.41999816894531,109.62000274658203,108.52999877929688,108.63999938964844,505594.0
2025-05-09T10:30:00-04:00,108.66000366210938,108.93499755859375,108.23999786376953,108.69499969482422,494667.0
2025-05-09T11:30:00-04:00,108.69000244140625,108.87000274658203,108.32794952392578,108.4800033569336,285012.0
2025-05-09T12:30:00-04:00,108.45999908447266,108.67500305175781,108.30500030517578,108.55500030517578,344475.0
2025-05-09T13:30:00-04:00,108.55000305175781,108.8550033569336,108.46845245361328,108.70500183105469,185304.0
2025-05-09T14:30:00-04:00,108.70500183105469,109.05999755859375,108.70500183105469,108.92244720458984,0.0
2025-05-09T15:30:00-04:00,108.82499694824219,108.98999786376953,108.76499938964844,108.83499908447266,2770867.0
2025-05-12T09:30:00-04:00,113.41500091552734,113.45999908447266,112.3499984741211,112.56500244140625,1263311.0
2025-05-12T10:30:00-04:00,112.58999633789062,112.88500213623047,112.27100372314453,112.81999969482422,806083.0
2025-05-12T11:30:00-04:00,112.82499694824219,113.19499969482422,112.73500061035156,113.07499694824219,563522.0
2025-05-12T12:30:00-04:00,113.08000183105469,113.72419738769531,113.06500244140625,113.5999984741211,536946.0
2025-05-12T13:30:00-04:00,113.60494995117188,113.7699966430664,113.5250015258789,113.7249984741211,647932.0
2025-05-12T14:30:00-04:00,113.76499938964844,113.80000305175781,113.36000061035156,113.41999816894531,586905.0
2025-05-12T15:30:00-04:00,113.42500305175781,113.88999938964844,113.27999877929688,113.86499786376953,1591682.0
2025-05-13T09:30:00-04:00,114.19750213623047,115.84249877929688,114.12999725341797,115.67500305175781,1414995.0
2025-05-13T10:30:00-04:00,115.63999938964844,116.22000122070312,115.52999877929688,116.16000366210938,931683.0
2025-05-13T11:30:00-04:00,116.13999938964844,116.44499969482422,116.02999877929688,116.42500305175781,843425.0
2025-05-13T12:30:00-04:00,116.42500305175781,116.69000244140625,116.28500366210938,116.46749877929688,949915.0
2025-05-13T13:30:00-04:00,116.47000122070312,116.65499877929688,116.1050033569336,116.33000183105469,605182.0
2025-05-13T14:30:00-04:00,116.32499694824219,116.6050033569336,116.18499755859375,116.50499725341797,490872.0
2025-05-13T15:30:00-04:00,116.51000213623047,116.625,116.25,116.28500366210938,826155.0
2025-05-14T09:30:00-04:00,116.8550033569336,117.49500274658203,116.44999694824219,116.94499969482422,1394641.0
2025-05-14T10:30:00-04:00,116.95500183105469,117.12000274658203,116.6449966430664,117.05999755859375,589362.0
2025-05-14T11:30:00-04:00,117.05000305175781,117.125,116.8949966430664,117.05000305175781,504085.0
2025-05-14T12:30:00-04:00,117.05249786376953,117.25499725341797,116.37999725341797,116.57499694824219,536473.0
2025-05-14T13:30:00-04:00,116.57499694824219,116.91995239257812,116.55000305175781,116.72000122070312,354860.0
2025-05-14T14:30:00-04:00,116.79499816894531,117.04000091552734,116.65499877929688,116.78250122070312,547947.0
2025-05-14T15:30:00-04:00,116.77999877929688,117.15499877929688,116.66500091552734,117.08000183105469,1080329.0
2025-05-15T09:30:00-04:00,116.43000030517578,116.93499755859375,116.29000091552734,116.53500366210938,1104423.0
2025-05-15T10:30:00-04:00,116.56500244140625,117.33499908447266,116.34500122070312,117.28500366210938,690187.0
2025-05-15T11:30:00-04:00,117.30500030517578,117.5250015258789,117.2249984741211,117.42500305175781,446705.0
2025-05-15T12:30:00-04:00,117.43000030517578,117.88500213623047,117.34500122070312,117.8499526977539,544144.0
2025-05-15T13:30:00-04:00,117.8499984741211,117.8499984741211,116.98500061035156,117.21499633789062,601708.0
2025-05-15T14:30:00-04:00,117.21499633789062,117.3949966430664,116.65499877929688,116.7300033569336,495454.0
2025-05-15T15:30:00-04:00,116.7300033569336,117.26000213623047,116.7300033569336,117.23999786376953,683685.0
2025-05-16T09:30:00-04:00,117.15499877929688,117.6050033569336,116.77999877929688,117.01499938964844,1222652.0
2025-05-16T10:30:00-04:00,117.01499938964844,117.01499938964844,116.43000030517578,116.83499908447266,783636.0
2025-05-16T11:30:00-04:00,116.8499984741211,117.07499694824219,116.8375015258789,116.9749984741211,263399.0
2025-05-16T12:30:00-04:00,116.9749984741211,117.19499969482422,116.8550033569336,117.17545318603516,304026.0
2025-05-16T13:30:00-04:00,117.19000244140625,117.30500030517578,117.06999969482422,117.2300033569336,354590.0
2025-05-16T14:30:00-04:00,117.2249984741211,117.4749984741211,117.20500183105469,117.375,327082.0
2025-05-16T15:30:00-04:00,117.37000274658203,117.4749984741211,117.1801528930664,117.44000244140625,613201.0
2025-05-19T09:30:00-04:00,115.70999908447266,117.17500305175781,115.66999816894531,116.80750274658203,1863041.0
2025-05-19T10:30:00-04:00,116.80999755859375,117.01995086669922,116.63500213623047,116.74500274658203,1030584.0
2025-05-19T11:30:00-04:00,116.74500274658203,117.16500091552734,116.7249984741211,117.13500213623047,494998.0
2025-05-19T12:30:00-04:00,117.1449966430664,117.5374984741211,116.9800033569336,117.41654968261719,543596.0
2025-05-19T13:30:00-04:00,117.41999816894531,117.5250015258789,117.00659942626953,117.08000183105469,517131.0
2025-05-19T14:30:00-04:00,117.08999633789062,117.30999755859375,116.91999816894531,117.01499938964844,495416.0
2025-05-19T15:30:00-04:00,117.01000213623047,117.33000183105469,116.95500183105469,117.26000213623047,734844.0
2025-05-20T09:30:00-04:00,116.54499816894531,116.72000122070312,116.08000183105469,116.44000244140625,1185859.0
2025-05-20T10:30:00-04:00,116.41999816894531,116.79000091552734,116.375,116.64250183105469,478904.0
2025-05-20T11:30:00-04:00,116.65499877929688,116.73999786376953,116.44000244140625,116.59500122070312,487139.0
2025-05-20T12:30:00-04:00,116.59500122070312,116.80999755859375,116.58499908447266,116.75,468560.0
2025-05-20T13:30:00-04:00,116.75250244140625,116.76499938964844,116.06999969482422,116.12000274658203,737669.0
2025-05-20T14:30:00-04:00,116.11499786376953,116.45999908447266,115.94999694824219,116.40750122070312,843063.0
2025-05-20T15:30:00-04:00,116.54000091552734,116.8550033569336,116.42500305175781,116.81999969482422,770461.0
2025-05-21T09:30:00-04:00,115.92500305175781,116.55500030517578,115.73500061035156,116.25,2043452.0
2025-05-21T10:30:00-04:00,116.24500274658203,116.99250030517578,116.18000030517578,116.91000366210938,1105023.0
2025-05-21T11:30:00-04:00,116.90499877929688,117.28500366210938,116.81749725341797,117.16000366210938,541647.0
2025-05-21T12:30:00-04:00,117.15499877929688,117.3550033569336,115.0999984741211,115.12000274658203,996538.0
2025-05-21T13:30:00-04:00,115.12999725341797,115.8550033569336,114.90499877929688,115.30249786376953,1624439.0
2025-05-21T14:30:00-04:00,115.29000091552734,115.55500030517578,114.17500305175781,114.33499908447266,1395746.0
2025-05-21T15:30:00-04:00,114.32499694824219,115.12750244140625,114.32499694824219,114.6449966430664,1462349.0
2025-05-22T09:30:00-04:00,114.69499969482422,115.69999694824219,114.41500091552734,115.00499725341797,1330390.0
2025-05-22T10:30:00-04:00,115.01000213623047,115.28500366210938,114.7249984741211,114.9800033569336,604287.0
2025-05-22T11:30:00-04:00,114.96499633789062,115.53250122070312,114.91000366210938,115.22000122070312,625522.0
2025-05-22T12:30:00-04:00,115.20500183105469,115.25,114.8499984741211,115.18499755859375,399816.0
2025-05-22T13:30:00-04:00,115.20500183105469,115.4000015258789,115.08499908447266,115.2699966430664,745064.0
2025-05-22T14:30:00-04:00,115.2699966430664,115.56999969482422,115.16500091552734,115.48999786376953,718456.0
2025-05-22T15:30:00-04:00,115.48999786376953,115.50370025634766,114.58000183105469,114.68000030517578,1044549.0
2025-05-23T09:30:00-04:00,112.67500305175781,113.5999984741211,112.5510025024414,113.33499908447266,1786747.0
2025-05-23T10:30:00-04:00,113.33999633789062,113.55999755859375,112.93499755859375,113.375,721591.0
2025-05-23T11:30:00-04:00,113.36499786376953,113.65499877929688,113.13249969482422,113.3499984741211,837309.0
2025-05-23T12:30:00-04:00,113.33999633789062,113.98500061035156,113.16500091552734,113.9749984741211,510838.0
2025-05-23T13:30:00-04:00,113.97000122070312,114.1449966430664,113.67250061035156,113.83999633789062,651910.0
2025-05-23T14:30:00-04:00,113.83000183105469,113.99500274658203,113.46499633789062,113.59500122070312,566777.0
2025-05-23T15:30:00-04:00,113.5999984741211,113.83000183105469,113.30750274658203,113.37000274658203,779762.0
2025-05-27T09:30:00-04:00,115.16999816894531,115.73500061035156,114.78500366210938,115.65750122070312,2057231.0
2025-05-27T10:30:00-04:00,115.66000366210938,115.8949966430664,115.56500244140625,115.8550033569336,886816.0
2025-05-27T11:30:00-04:00,115.8550033569336,115.99500274658203,115.70500183105469,115.91500091552734,734816.0
2025-05-27T12:30:00-04:00,115.90499877929688,116.11499786376953,115.87999725341797,116.08999633789062,773576.0
2025-05-27T13:30:00-04:00,116.08499908447266,116.26000213623047,116.0,116.08999633789062,499045.0
2025-05-27T14:30:00-04:00,116.08999633789062,116.13999938964844,115.92250061035156,115.94499969482422,683819.0
2025-05-27T15:30:00-04:00,115.94499969482422,116.125,115.75,116.1050033569336,1247943.0
2025-05-28T09:30:00-04:00,116.23999786376953,116.70249938964844,115.95999908447266,116.0250015258789,885989.0
2025-05-28T10:30:00-04:00,116.0199966430664,116.1500015258789,115.80999755859375,116.03500366210938,605579.0
2025-05-28T11:30:00-04:00,116.03500366210938,116.20500183105469,115.92500305175781,116.18000030517578,516102.0
2025-05-28T12:30:00-04:00,116.17250061035156,116.2300033569336,115.9749984741211,116.20500183105469,451288.0
2025-05-28T13:30:00-04:00,116.20500183105469,116.47000122070312,116.08999633789062,116.34500122070312,747770.0
2025-05-28T14:30:00-04:00,116.34500122070312,116.58499908447266,115.94999694824219,116.125,1071341.0
2025-05-28T15:30:00-04:00,116.11250305175781,116.13999938964844,115.44999694824219,115.5999984741211,956707.0
2025-05-29T09:30:00-04:00,117.37000274658203,117.48999786376953,115.47000122070312,115.91500091552734,1570478.0
2025-05-29T10:30:00-04:00,115.8550033569336,116.41000366210938,115.80999755859375,116.30999755859375,1083439.0
2025-05-29T11:30:00-04:00,116.30750274658203,116.33499908447266,115.22000122070312,115.875,876528.0
2025-05-29T12:30:00-04:00,115.86000061035156,116.19000244140625,115.66000366210938,115.71499633789062,729351.0
2025-05-29T13:30:00-04:00,115.70999908447266,115.86000061035156,115.27999877929688,115.34750366210938,641133.0
2025-05-29T14:30:00-04:00,115.35250091552734,115.7300033569336,115.34500122070312,115.52999877929688,986824.0
2025-05-29T15:30:00-04:00,115.58999633789062,115.9800033569336,115.5250015258789,115.83000183105469,905965.0
2025-05-30T09:30:00-04:00,115.76000213623047,115.80500030517578,114.65499877929688,115.48999786376953,1102423.0
2025-05-30T10:30:00-04:00,115.4800033569336,115.58999633789062,115.0999984741211,115.38749694824219,607369.0
2025-05-30T11:30:00-04:00,115.37999725341797,115.42500305175781,114.125,114.18000030517578,758864.0
2025-05-30T12:30:00-04:00,114.20500183105469,114.43000030517578,113.70999908447266,114.28500366210938,858792.0
2025-05-30T13:30:00-04:00,114.2750015258789,114.97250366210938,114.18000030517578,114.8949966430664,860374.0
2025-05-30T14:30:00-04:00,114.87999725341797,115.5999984741211,114.7699966430664,115.55500030517578,760759.0
2025-05-30T15:30:00-04:00,115.55999755859375,115.81500244140625,115.23249816894531,115.40499877929688,1645692.0
2025-06-02T09:30:00-04:00,115.1500015258789,116.08000183105469,115.01000213623047,115.7300033569336,1277399.0
2025-06-02T10:30:00-04:00,115.72000122070312,115.93499755859375,115.5199966430664,115.6050033569336,1198787.0
2025-06-02T11:30:00-04:00,115.62000274658203,115.98999786376953,115.52249908447266,115.86499786376953,829905.0
2025-06-02T12:30:00-04:00,115.8550033569336,116.22000122070312,115.76499938964844,116.08000183105469,550761.0
2025-06-02T13:30:00-04:00,116.08000183105469,116.48999786376953,115.98500061035156,116.47000122070312,754803.0
2025-06-02T14:30:00-04:00,116.4800033569336,116.54499816894531,116.33000183105469,116.45500183105469,660957.0
2025-06-02T15:30:00-04:00,116.44999694824219,116.53500366210938,116.24250030517578,116.48500061035156,982186.0
2025-06-03T09:30:00-04:00,116.62999725341797,117.42500305175781,116.54499816894531,117.38500213623047,1240922.0
2025-06-03T10:30:00-04:00,117.37000274658203,117.83999633789062,117.1550521850586,117.80999755859375,956968.0
2025-06-03T11:30:00-04:00,117.80500030517578,118.04444885253906,117.65499877929688,117.99500274658203,945078.0
2025-06-03T12:30:00-04:00,117.99749755859375,118.20249938964844,117.9749984741211,118.08999633789062,828515.0
2025-06-03T13:30:00-04:00,118.09249877929688,118.12000274658203,117.48999786376953,117.93499755859375,957370.0
2025-06-03T14:30:00-04:00,117.94499969482422,118.16000366210938,117.9000015258789,118.1500015258789,865044.0
2025-06-03T15:30:00-04:00,118.1449966430664,118.31500244140625,117.93000030517578,118.2300033569336,1168798.0
2025-06-04T09:30:00-04:00,118.375,118.76750183105469,117.81500244140625,118.44999694824219,1176670.0
2025-06-04T10:30:00-04:00,118.44999694824219,118.69000244140625,118.19499969482422,118.51499938964844,688378.0
2025-06-04T11:30:00-04:00,118.51499938964844,118.59500122070312,118.11499786376953,118.13999938964844,629895.0
2025-06-04T12:30:00-04:00,118.13999938964844,118.44000244140625,118.08000183105469,118.4000015258789,433178.0
2025-06-04T13:30:00-04:00,118.39600372314453,118.57499694824219,118.26000213623047,118.56500244140625,392435.0
2025-06-04T14:30:00-04:00,118.56999969482422,118.5999984741211,118.43000030517578,118.51000213623047,483893.0
2025-06-04T15:30:00-04:00,118.51000213623047,118.54000091552734,118.2750015258789,118.38500213623047,1032266.0
2025-06-05T09:30:00-04:00,118.75,119.1050033569336,118.23004913330078,118.8499984741211,1163660.0
2025-06-05T10:30:00-04:00,118.83999633789062,119.58499908447266,118.25499725341797,119.58000183105469,1162442.0
2025-06-05T11:30:00-04:00,119.56500244140625,119.78500366210938,119.11499786376953,119.4000015258789,749343.0
2025-06-05T12:30:00-04:00,119.3949966430664,119.43499755859375,118.23500061035156,118.86000061035156,638900.0
2025-06-05T13:30:00-04:00,118.8499984741211,118.92749786376953,118.00499725341797,118.63500213623047,522228.0
2025-06-05T14:30:00-04:00,118.63500213623047,118.81999969482422,117.55500030517578,117.91999816894531,1399747.0
2025-06-05T15:30:00-04:00,117.94499969482422,118.5199966430664,117.90750122070312,118.05000305175781,1662274.0
2025-06-06T09:30:00-04:00,119.23999786376953,119.63500213623047,119.05000305175781,119.25499725341797,985020.0
2025-06-06T10:30:00-04:00,119.23500061035156,119.7300033569336,119.02999877929688,119.2750015258789,759945.0
2025-06-06T11:30:00-04:00,119.26499938964844,119.53500366210938,119.18000030517578,119.27999877929688,321349.0
2025-06-06T12:30:00-04:00,119.25499725341797,119.30679321289062,118.83999633789062,119.19999694824219,311227.0
2025-06-06T13:30:00-04:00,119.26000213623047,119.62999725341797,119.20500183105469,119.48999786376953,397816.0
2025-06-06T14:30:00-04:00,119.48500061035156,119.66000366210938,119.27249908447266,119.32250213623047,516827.0
2025-06-06T15:30:00-04:00,119.31999969482422,119.4000015258789,119.16500091552734,119.17500305175781,1113025.0
2025-06-09T09:30:00-04:00,119.6449966430664,120.33000183105469,119.55500030517578,120.26499938964844,1512964.0
2025-06-09T10:30:00-04:00,120.26499938964844,120.50499725341797,119.87000274658203,119.91500091552734,784538.0
2025-06-09T11:30:00-04:00,119.92449951171875,120.00499725341797,119.75250244140625,119.79000091552734,486270.0
2025-06-09T12:30:00-04:00,119.8125,120.19999694824219,119.7750015258789,119.92500305175781,561764.0
2025-06-09T13:30:00-04:00,119.87999725341797,120.09500122070312,119.83999633789062,120.0199966430664,449362.0
2025-06-09T14:30:00-04:00,120.01000213623047,120.09500122070312,119.87249755859375,120.01499938964844,631863.0
2025-06-09T15:30:00-04:00,119.98500061035156,120.01499938964844,119.7249984741211,119.75,1026405.0
2025-06-10T09:30:00-04:00,119.74500274658203,120.1500015258789,119.66999816894531,120.09249877929688,894629.0
2025-06-10T10:30:00-04:00,120.09500122070312,120.15499877929688,119.93000030517578,119.96499633789062,466664.0
2025-06-10T11:30:00-04:00,119.95500183105469,120.20999908447266,119.29499816894531,120.18499755859375,799797.0
2025-06-10T12:30:00-04:00,120.18499755859375,120.36000061035156,120.05999755859375,120.05999755859375,360004.0
2025-06-10T13:30:00-04:00,120.05000305175781,120.05999755859375,119.65499877929688,119.90750122070312,543610.0
2025-06-10T14:30:00-04:00,119.90499877929688,120.61499786376953,119.9000015258789,120.47000122070312,860438.0
2025-06-10T15:30:00-04:00,120.46749877929688,120.46749877929688,120.12000274658203,120.41999816894531,871014.0
2025-06-11T09:30:00-04:00,120.7249984741211,121.01000213623047,120.2249984741211,121.01000213623047,800630.0
2025-06-11T10:30:00-04:00,120.99500274658203,121.2125015258789,120.81500244140625,120.87999725341797,561303.0
2025-06-11T11:30:00-04:00,120.8949966430664,120.94000244140625,120.08000183105469,120.50499725341797,514373.0
2025-06-11T12:30:00-04:00,120.5,120.82499694824219,120.4000015258789,120.78500366210938,309773.0
2025-06-11T13:30:00-04:00,120.79000091552734,120.80999755859375,119.55000305175781,119.86000061035156,616099.0
2025-06-11T14:30:00-04:00,119.70999908447266,120.19750213623047,119.6500015258789,119.91000366210938,884897.0
2025-06-11T15:30:00-04:00,119.9000015258789,120.16500091552734,119.76499938964844,120.1500015258789,951438.0
2025-06-12T09:30:00-04:00,120.1449966430664,121.21990203857422,120.125,121.16000366210938,974927.0
2025-06-12T10:30:00-04:00,121.18499755859375,121.46499633789062,120.9800033569336,121.19000244140625,1343567.0
2025-06-12T11:30:00-04:00,121.19499969482422,121.46499633789062,121.03500366210938,121.42500305175781,781878.0
2025-06-12T12:30:00-04:00,121.41999816894531,121.56500244140625,121.19000244140625,121.36000061035156,663273.0
2025-06-12T13:30:00-04:00,121.44000244140625,121.5250015258789,121.05000305175781,121.12999725341797,393420.0
2025-06-12T14:30:00-04:00,121.13500213623047,121.37750244140625,121.05000305175781,121.25499725341797,470515.0
2025-06-12T15:30:00-04:00,121.24500274658203,121.30000305175781,121.0250015258789,121.29000091552734,784636.0
2025-06-13T09:30:00-04:00,119.87999725341797,120.41999816894531,119.26000213623047,119.31500244140625,1335928.0
2025-06-13T10:30:00-04:00,119.34500122070312,120.40750122070312,119.30999755859375,120.40499877929688,864667.0
2025-06-13T11:30:00-04:00,120.40499877929688,120.7925033569336,120.29499816894531,120.5,564208.0
2025-06-13T12:30:00-04:00,120.50499725341797,120.63999938964844,120.05000305175781,120.15499877929688,663819.0
2025-06-13T13:30:00-04:00,120.1500015258789,120.29000091552734,119.5199966430664,119.54499816894531,757504.0
2025-06-13T14:30:00-04:00,119.53500366210938,119.71499633789062,119.1449966430664,119.41000366210938,1020518.0
2025-06-13T15:30:00-04:00,119.5,119.69499969482422,119.29499816894531,119.55500030517578,1166293.0
2025-06-16T09:30:00-04:00,120.30500030517578,121.58999633789062,120.30500030517578,121.5625,1682539.0
2025-06-16T10:30:00-04:00,121.55999755859375,121.87999725341797,121.48999786376953,121.63500213623047,959716.0
2025-06-16T11:30:00-04:00,121.625,121.83000183105469,121.56500244140625,121.6449966430664,755641.0
2025-06-16T12:30:00-04:00,121.63500213623047,121.80500030517578,121.52999877929688,121.76000213623047,580111.0
2025-06-16T13:30:00-04:00,121.76000213623047,121.83000183105469,121.46499633789062,121.5199966430664,501891.0
2025-06-16T14:30:00-04:00,121.4749984741211,121.66999816894531,121.29000091552734,121.5,769925.0
2025-06-16T15:30:00-04:00,121.50499725341797,121.56500244140625,121.33000183105469,121.55000305175781,1136460.0
2025-06-17T09:30:00-04:00,121.19000244140625,121.86499786376953,121.00250244140625,121.63999938964844,1162045.0
2025-06-17T10:30:00-04:00,121.63500213623047,121.70500183105469,121.32499694824219,121.45999908447266,426481.0
2025-06-17T11:30:00-04:00,121.44000244140625,121.625,121.36499786376953,121.44999694824219,478467.0
2025-06-17T12:30:00-04:00,121.44499969482422,121.54000091552734,120.88500213623047,120.91500091552734,602082.0
2025-06-17T13:30:00-04:00,120.9000015258789,121.11499786376953,120.44000244140625,120.51000213623047,866092.0
2025-06-17T14:30:00-04:00,120.51000213623047,120.80899810791016,120.375,120.7750015258789,567663.0
2025-06-17T15:30:00-04:00,120.78250122070312,120.88500213623047,120.58999633789062,120.63749694824219,987582.0
2025-06-18T09:30:00-04:00,120.95500183105469,121.45249938964844,120.5,121.39550018310547,1042387.0
2025-06-18T10:30:00-04:00,121.41000366210938,121.56500244140625,121.13999938964844,121.15499877929688,502405.0
2025-06-18T11:30:00-04:00,121.19499969482422,121.30000305175781,121.01499938964844,121.0730972290039,531539.0
2025-06-18T12:30:00-04:00,121.05999755859375,121.20999908447266,120.75,120.75,341902.0
2025-06-18T13:30:00-04:00,120.7699966430664,121.28500366210938,120.55249786376953,120.95999908447266,608616.0
2025-06-18T14:30:00-04:00,120.95500183105469,121.27999877929688,120.19000244140625,120.375,1227281.0
2025-06-18T15:30:00-04:00,120.375,120.93499755859375,120.31999969482422,120.82499694824219,1083517.0
2025-06-20T09:30:00-04:00,121.23500061035156,121.6449966430664,120.3550033569336,120.66000366210938,1134396.0
2025-06-20T10:30:00-04:00,120.67500305175781,120.88999938964844,119.70500183105469,120.36000061035156,900086.0
2025-06-20T11:30:00-04:00,120.41500091552734,120.66500091552734,120.16999816894531,120.2750015258789,588351.0
2025-06-20T12:30:00-04:00,120.2699966430664,120.5,119.83999633789062,119.83999633789062,534713.0
2025-06-20T13:30:00-04:00,119.83499908447266,120.43499755859375,119.7300033569336,120.3550033569336,506569.0
2025-06-20T14:30:00-04:00,120.36250305175781,120.45249938964844,119.97000122070312,120.0949478149414,674684.0
2025-06-20T15:30:00-04:00,120.08999633789062,120.3949966430664,119.95999908447266,120.27999877929688,1139755.0
2025-06-23T09:30:00-04:00,120.19000244140625,120.91500091552734,119.5,120.69505310058594,1139455.0
2025-06-23T10:30:00-04:00,120.7300033569336,120.84500122070312,120.55000305175781,120.5999984741211,596804.0
2025-06-23T11:30:00-04:00,120.62999725341797,120.65499877929688,120.08999633789062,120.08999633789062,503044.0
2025-06-23T12:30:00-04:00,120.08499908447266,121.21499633789062,119.375,121.13999938964844,1313346.0
2025-06-23T13:30:00-04:00,121.1500015258789,121.49500274658203,121.1500015258789,121.21499633789062,780223.0
2025-06-23T14:30:00-04:00,121.23500061035156,121.40499877929688,121.11499786376953,121.28500366210938,655982.0
2025-06-23T15:30:00-04:00,121.27999877929688,121.54499816894531,121.16999816894531,121.43000030517578,975407.0
2025-06-24T09:30:00-04:00,122.67500305175781,123.11000061035156,122.52999877929688,123.00499725341797,1231192.0
2025-06-24T10:30:00-04:00,123.0,123.41000366210938,123.0,123.41000366210938,975778.0
2025-06-24T11:30:00-04:00,123.38249969482422,123.58999633789062,123.30000305175781,123.58000183105469,775359.0
2025-06-24T12:30:00-04:00,123.57499694824219,123.76499938964844,123.42500305175781,123.45500183105469,610960.0
2025-06-24T13:30:00-04:00,123.45500183105469,123.73999786376953,123.45249938964844,123.63999938964844,431188.0
2025-06-24T14:30:00-04:00,123.63999938964844,123.7699966430664,123.56500244140625,123.63999938964844,538795.0
2025-06-24T15:30:00-04:00,123.63500213623047,123.7249984741211,123.54499816894531,123.625,831841.0
2025-06-25T09:30:00-04:00,124.26000213623047,124.86000061035156,124.1500015258789,124.58495330810547,1176860.0
2025-06-25T10:30:00-04:00,124.59249877929688,124.84500122070312,124.26000213623047,124.37999725341797,564700.0
2025-06-25T11:30:00-04:00,124.3550033569336,124.3949966430664,124.2300033569336,124.36250305175781,414118.0
2025-06-25T12:30:00-04:00,124.37000274658203,124.61499786376953,124.2249984741211,124.6050033569336,409518.0
2025-06-25T13:30:00-04:00,124.6050033569336,124.61499786376953,124.21499633789062,124.43779754638672,516425.0
2025-06-25T14:30:00-04:00,124.44000244140625,124.6449966430664,124.30999755859375,124.4800033569336,622538.0
2025-06-25T15:30:00-04:00,124.4749984741211,124.69999694824219,124.36000061035156,124.68000030517578,733220.0
2025-06-26T09:30:00-04:00,125.23500061035156,125.40750122070312,124.73999786376953,125.3499984741211,1352051.0
2025-06-26T10:30:00-04:00,125.34500122070312,125.54000091552734,124.96749877929688,124.97000122070312,884976.0
2025-06-26T11:30:00-04:00,124.98500061035156,125.45999908447266,124.90499877929688,125.3550033569336,1120892.0
2025-06-26T12:30:00-04:00,125.3499984741211,125.46499633789062,125.2249984741211,125.43499755859375,346750.0
2025-06-26T13:30:00-04:00,125.44000244140625,125.73500061035156,125.41999816894531,125.66000366210938,650912.0
2025-06-26T14:30:00-04:00,125.66500091552734,125.69999694824219,125.53500366210938,125.5999984741211,489334.0
2025-06-26T15:30:00-04:00,125.5999984741211,125.66500091552734,125.46499633789062,125.56500244140625,710799.0
2025-06-27T09:30:00-04:00,125.875,126.26000213623047,125.6500015258789,126.11499786376953,1625964.0
2025-06-27T10:30:00-04:00,126.125,126.30000305175781,125.84500122070312,126.0999984741211,1022869.0
2025-06-27T11:30:00-04:00,126.09500122070312,126.35494995117188,126.05000305175781,126.1500015258789,371437.0
2025-06-27T12:30:00-04:00,126.1500015258789,126.16000366210938,125.94000244140625,126.01014709472656,383239.0
2025-06-27T13:30:00-04:00,126.01499938964844,126.08999633789062,125.19499969482422,125.19499969482422,710224.0
2025-06-27T14:30:00-04:00,125.22000122070312,125.29499816894531,124.81500244140625,125.16500091552734,656513.0
2025-06-27T15:30:00-04:00,125.16500091552734,125.44999694824219,125.16500091552734,125.33000183105469,1028965.0
2025-06-30T09:30:00-04:00,126.48500061035156,126.55000305175781,125.87999725341797,126.19999694824219,1220579.0
2025-06-30T10:30:00-04:00,126.21499633789062,126.2300033569336,126.02999877929688,126.13999938964844,707519.0
2025-06-30T11:30:00-04:00,126.1449966430664,126.51249694824219,126.0999984741211,126.28500366210938,601967.0
2025-06-30T12:30:00-04:00,126.2699966430664,126.43499755859375,126.09750366210938,126.17825317382812,514688.0
2025-06-30T13:30:00-04:00,126.18174743652344,126.30000305175781,125.94000244140625,126.16000366210938,751285.0
2025-06-30T14:30:00-04:00,126.16500091552734,126.79499816894531,125.875,126.67749786376953,1245150.0
2025-06-30T15:30:00-04:00,126.67250061035156,126.95999908447266,126.58000183105469,126.58000183105469,1363183.0
2025-07-01T09:30:00-04:00,126.20999908447266,126.4749984741211,125.75695037841797,125.86000061035156,1102540.0
2025-07-01T10:30:00-04:00,125.88500213623047,125.93560028076172,124.625,125.2874984741211,1391402.0
2025-07-01T11:30:00-04:00,125.27999877929688,125.55000305175781,124.7699966430664,125.5,908695.0
2025-07-01T12:30:00-04:00,125.48500061035156,125.8949966430664,125.42500305175781,125.7750473022461,1217441.0
2025-07-01T13:30:00-04:00,125.7750015258789,125.9800033569336,125.6500015258789,125.70500183105469,835403.0
2025-07-01T14:30:00-04:00,125.69499969482422,125.83000183105469,125.16500091552734,125.63999938964844,822869.0
2025-07-01T15:30:00-04:00,125.63999938964844,125.76000213623047,125.38500213623047,125.48999786376953,1034428.0
2025-07-02T09:30:00-04:00,125.16999816894531,126.0199966430664,125.07749938964844,125.98999786376953,1436151.0
2025-07-02T10:30:00-04:00,126.0,126.6052017211914,126.0,126.27999877929688,1170238.0
2025-07-02T11:30:00-04:00,126.26499938964844,126.5948486328125,126.23500061035156,126.50499725341797,528232.0
2025-07-02T12:30:00-04:00,126.51499938964844,126.63999938964844,126.4000015258789,126.46499633789062,344374.0
2025-07-02T13:30:00-04:00,126.45999908447266,126.55500030517578,126.36000061035156,126.45999908447266,393577.0
2025-07-02T14:30:00-04:00,126.46499633789062,126.7300033569336,126.43000030517578,126.65249633789062,1059123.0
2025-07-02T15:30:00-04:00,126.63999938964844,126.8949966430664,126.57499694824219,126.83999633789062,828620.0
2025-07-03T09:30:00-04:00,127.5,128.72000122070312,127.44999694824219,128.6699981689453,1205926.0
2025-07-03T10:30:00-04:00,128.6750030517578,128.7050018310547,128.3350067138672,128.6649932861328,833496.0
2025-07-03T11:30:00-04:00,128.66000366210938,128.86500549316406,128.65249633789062,128.6649932861328,660262.0
2025-07-07T09:30:00-04:00,127.98500061035156,128.32000732421875,127.79499816894531,127.98500061035156,1031347.0
2025-07-07T10:30:00-04:00,127.98500061035156,128.02499389648438,127.59500122070312,127.8499984741211,495995.0
2025-07-07T11:30:00-04:00,127.84500122070312,128.15499877929688,127.33999633789062,127.72000122070312,978232.0
2025-07-07T12:30:00-04:00,127.71499633789062,127.88999938964844,127.41000366210938,127.48999786376953,687919.0
2025-07-07T13:30:00-04:00,127.48500061035156,127.82499694824219,126.91000366210938,126.91500091552734,938155.0
2025-07-07T14:30:00-04:00,126.91500091552734,127.49500274658203,126.88999938964844,127.26000213623047,676129.0
2025-07-07T15:30:00-04:00,127.26000213623047,127.5199966430664,127.22750091552734,127.4800033569336,829526.0
2025-07-08T09:30:00-04:00,128.1300048828125,128.1300048828125,127.61499786376953,127.8499984741211,1540749.0
2025-07-08T10:30:00-04:00,127.84500122070312,128.23500061035156,127.7249984741211,127.78465270996094,1039970.0
2025-07-08T11:30:00-04:00,127.81500244140625,128.38999938964844,127.74250030517578,128.2899932861328,482789.0
2025-07-08T12:30:00-04:00,128.2949981689453,128.32000732421875,127.8499984741211,128.05999755859375,938180.0
2025-07-08T13:30:00-04:00,128.06500244140625,128.29249572753906,127.95500183105469,128.09249877929688,870669.0
2025-07-08T14:30:00-04:00,128.10499572753906,128.1699981689453,127.87999725341797,128.0449981689453,1398836.0
2025-07-08T15:30:00-04:00,128.0399932861328,128.22000122070312,127.96499633789062,128.13499450683594,1480891.0
2025-07-09T09:30:00-04:00,128.60000610351562,129.39999389648438,128.5500030517578,128.81500244140625,1373410.0
2025-07-09T10:30:00-04:00,128.80499267578125,128.80499267578125,127.9574966430664,128.30999755859375,1185867.0
2025-07-09T11:30:00-04:00,128.31500244140625,128.34500122070312,128.05999755859375,128.3000030517578,936256.0
2025-07-09T12:30:00-04:00,128.31500244140625,128.49000549316406,128.22000122070312,128.4149932861328,641458.0
2025-07-09T13:30:00-04:00,128.41000366210938,128.7550048828125,128.3925018310547,128.68499755859375,703291.0
2025-07-09T14:30:00-04:00,128.6699981689453,128.8074951171875,128.6300048828125,128.72000122070312,574103.0
2025-07-09T15:30:00-04:00,128.71499633789062,128.9375,128.69749450683594,128.9149932861328,875127.0
2025-07-10T09:30:00-04:00,129.23500061035156,129.35000610351562,127.81500244140625,128.1300048828125,1291274.0
2025-07-10T10:30:00-04:00,128.18499755859375,128.5749969482422,128.07000732421875,128.5500030517578,899269.0
2025-07-10T11:30:00-04:00,128.5500030517578,128.6925048828125,128.27499389648438,128.58999633789062,630676.0
2025-07-10T12:30:00-04:00,128.59500122070312,128.72000122070312,128.44500732421875,128.68284606933594,367556.0
2025-07-10T13:30:00-04:00,128.69000244140625,128.8625030517578,128.69000244140625,128.75,389828.0
2025-07-10T14:30:00-04:00,128.75,128.80499267578125,128.60499572753906,128.625,610703.0
2025-07-10T15:30:00-04:00,128.625,128.7100067138672,128.32000732421875,128.5,723461.0
2025-07-11T09:30:00-04:00,127.87999725341797,128.625,127.72000122070312,128.5449981689453,1099535.0
2025-07-11T10:30:00-04:00,128.52499389648438,128.6750030517578,128.03500366210938,128.30499267578125,566927.0
2025-07-11T11:30:00-04:00,128.30499267578125,128.5749969482422,128.29750061035156,128.4550018310547,507798.0
2025-07-11T12:30:00-04:00,128.44500732421875,128.5850067138672,128.2949981689453,128.44500732421875,337648.0
2025-07-11T13:30:00-04:00,128.44500732421875,128.47500610351562,128.1300048828125,128.31500244140625,466239.0
2025-07-11T14:30:00-04:00,128.30999755859375,128.4250030517578,127.80000305175781,128.05499267578125,610406.0
2025-07-11T15:30:00-04:00,128.0449981689453,128.0800018310547,127.8949966430664,127.8949966430664,807737.0
2025-07-14T09:30:00-04:00,127.61000061035156,127.70249938964844,126.5999984741211,127.23500061035156,1104800.0
2025-07-14T10:30:00-04:00,127.2249984741211,127.83499908447266,127.13500213623047,127.75499725341797,668860.0
2025-07-14T11:30:00-04:00,127.75,128.02999877929688,127.67500305175781,127.87744903564453,460491.0
2025-07-14T12:30:00-04:00,127.87750244140625,128.0749969482422,127.7500991821289,127.99500274658203,356026.0
2025-07-14T13:30:00-04:00,127.99500274658203,128.13499450683594,127.9625015258789,128.02505493164062,372587.0
2025-07-14T14:30:00-04:00,128.02499389648438,128.09500122070312,127.87000274658203,127.90499877929688,453693.0
2025-07-14T15:30:00-04:00,127.90499877929688,127.90499877929688,127.74500274658203,127.80500030517578,533396.0
2025-07-15T09:30:00-04:00,129.30999755859375,129.61500549316406,128.97500610351562,129.52000427246094,1639104.0
2025-07-15T10:30:00-04:00,129.52000427246094,129.56500244140625,129.0050048828125,129.5,959389.0
2025-07-15T11:30:00-04:00,129.5,129.51499938964844,129.2050018310547,129.3300018310547,611257.0
2025-07-15T12:30:00-04:00,129.3350067138672,129.42999267578125,128.91000366210938,129.13499450683594,626475.0
2025-07-15T13:30:00-04:00,129.13499450683594,129.55874633789062,129.11000061035156,129.48500061035156,603549.0
2025-07-15T14:30:00-04:00,129.4949951171875,129.5399932861328,128.99000549316406,129.02999877929688,989414.0
2025-07-15T15:30:00-04:00,129.03500366210938,129.1999969482422,128.9250030517578,128.92999267578125,1494043.0
2025-07-16T09:30:00-04:00,129.0,129.1074981689453,128.28750610351562,128.5449981689453,1450443.0
2025-07-16T10:30:00-04:00,128.5449981689453,128.69000244140625,127.86499786376953,128.2899932861328,1497578.0
2025-07-16T11:30:00-04:00,128.27749633789062,128.63499450683594,127.40499877929688,128.3350067138672,1253827.0
2025-07-16T12:30:00-04:00,128.34500122070312,128.97999572753906,128.25999450683594,128.83999633789062,810042.0
2025-07-16T13:30:00-04:00,128.8350067138672,128.98500061035156,128.72250366210938,128.9600067138672,576052.0
2025-07-16T14:30:00-04:00,128.97000122070312,129.18455505371094,128.9550018310547,129.16250610351562,466705.0
2025-07-16T15:30:00-04:00,129.16000366210938,129.42750549316406,129.13255310058594,129.3350067138672,1357666.0
2025-07-17T09:30:00-04:00,129.50999450683594,130.26495361328125,129.2550048828125,130.00250244140625,1315083.0
2025-07-17T10:30:00-04:00,129.98500061035156,130.52999877929688,129.97500610351562,130.38999938964844,808588.0
2025-07-17T11:30:00-04:00,130.38499450683594,130.73500061035156,130.36500549316406,130.6374969482422,612400.0
2025-07-17T12:30:00-04:00,130.63499450683594,130.64999389648438,130.5050048828125,130.60000610351562,562338.0
2025-07-17T13:30:00-04:00,130.60000610351562,130.72000122070312,130.44500732421875,130.5399932861328,530495.0
2025-07-17T14:30:00-04:00,130.5399932861328,130.625,130.4774932861328,130.57000732421875,510976.0
2025-07-17T15:30:00-04:00,130.57000732421875,130.6699981689453,130.47500610351562,130.5399932861328,1264294.0
2025-07-18T09:30:00-04:00,131.02999877929688,131.0749969482422,130.1199951171875,130.18499755859375,1432909.0
2025-07-18T10:30:00-04:00,130.19000244140625,130.5299530029297,130.09500122070312,130.3249969482422,629777.0
2025-07-18T11:30:00-04:00,130.3300018310547,130.5850067138672,130.1649932861328,130.28750610351562,652735.0
2025-07-18T12:30:00-04:00,130.27499389648438,130.4375,130.10499572753906,130.39500427246094,708920.0
2025-07-18T13:30:00-04:00,130.38999938964844,130.47000122070312,130.24249267578125,130.41000366210938,383458.0
2025-07-18T14:30:00-04:00,130.41000366210938,130.53500366210938,130.32000732421875,130.38250732421875,451257.0
2025-07-18T15:30:00-04:00,130.3800048828125,130.4875030517578,130.31500244140625,130.44500732421875,530619.0
2025-07-21T09:30:00-04:00,130.58999633789062,131.42750549316406,130.4375,131.40750122070312,1328559.0
2025-07-21T10:30:00-04:00,131.4199981689453,131.5050048828125,131.13499450683594,131.22000122070312,572501.0
2025-07-21T11:30:00-04:00,131.22500610351562,131.3000030517578,130.88250732421875,131.02000427246094,603913.0
2025-07-21T12:30:00-04:00,131.02000427246094,131.3000030517578,131.00999450683594,131.28500366210938,302863.0
2025-07-21T13:30:00-04:00,131.27999877929688,131.3000030517578,131.01559448242188,131.1699981689453,307889.0
2025-07-21T14:30:00-04:00,131.17250061035156,131.1750030517578,130.79750061035156,130.82000732421875,652168.0
2025-07-21T15:30:00-04:00,130.8249969482422,130.89500427246094,130.54750061035156,130.63999938964844,643301.0
2025-07-22T09:30:00-04:00,130.51499938964844,130.54249572753906,128.47500610351562,129.0500030517578,1658019.0
2025-07-22T10:30:00-04:00,129.05499267578125,129.60000610351562,129.0500030517578,129.47000122070312,818739.0
2025-07-22T11:30:00-04:00,129.47000122070312,129.69000244140625,129.11500549316406,129.16000366210938,880868.0
2025-07-22T12:30:00-04:00,129.14500427246094,129.6199951171875,129.0449981689453,129.5749969482422,719372.0
2025-07-22T13:30:00-04:00,129.5800018310547,129.60499572753906,129.0800018310547,129.35995483398438,543271.0
2025-07-22T14:30:00-04:00,129.35499572753906,129.61500549316406,129.34500122070312,129.50250244140625,661577.0
2025-07-22T15:30:00-04:00,129.5,129.61500549316406,129.36500549316406,129.39500427246094,1022975.0
2025-07-23T09:30:00-04:00,129.5,129.58999633789062,128.97000122070312,129.4149932861328,1097562.0
2025-07-23T10:30:00-04:00,129.4199981689453,129.625,129.11500549316406,129.5699462890625,501070.0
2025-07-23T11:30:00-04:00,129.57000732421875,130.05499267578125,129.45249938964844,129.5968475341797,834278.0
2025-07-23T12:30:00-04:00,129.60499572753906,129.89500427246094,129.5749969482422,129.69000244140625,355227.0
2025-07-23T13:30:00-04:00,129.68499755859375,130.31500244140625,129.61000061035156,130.0749969482422,744191.0
2025-07-23T14:30:00-04:00,130.08250427246094,130.17999267578125,129.96499633789062,130.02499389648438,445427.0
2025-07-23T15:30:00-04:00,130.02000427246094,130.19000244140625,129.83999633789062,130.18499755859375,828767.0
2025-07-24T09:30:00-04:00,130.46249389648438,130.63999938964844,129.9600067138672,130.2100067138672,1348539.0
2025-07-24T10:30:00-04:00,130.21499633789062,130.6750030517578,130.18499755859375,130.5500030517578,740044.0
2025-07-24T11:30:00-04:00,130.55499267578125,130.69000244140625,130.40499877929688,130.52499389648438,837775.0
2025-07-24T12:30:00-04:00,130.52000427246094,130.89500427246094,130.44000244140625,130.7100067138672,631732.0
2025-07-24T13:30:00-04:00,130.7100067138672,130.9499969482422,130.67999267578125,130.80999755859375,463980.0
2025-07-24T14:30:00-04:00,130.82000732421875,130.84500122070312,130.5749969482422,130.7899932861328,787662.0
2025-07-24T15:30:00-04:00,130.78500366210938,130.8175048828125,130.65499877929688,130.68499755859375,1027611.0
2025-07-25T09:30:00-04:00,130.65499877929688,131.02749633789062,130.38255310058594,131.00999450683594,985637.0
2025-07-25T10:30:00-04:00,131.00999450683594,131.1074981689453,130.88999938964844,130.9949951171875,737789.0
2025-07-25T11:30:00-04:00,131.0,131.2949981689453,130.86500549316406,131.26499938964844,449930.0
2025-07-25T12:30:00-04:00,131.25999450683594,131.3175048828125,131.11500549316406,131.15750122070312,295741.0
2025-07-25T13:30:00-04:00,131.16000366210938,131.3249969482422,131.11500549316406,131.22999572753906,316466.0
2025-07-25T14:30:00-04:00,131.23500061035156,131.2950439453125,131.16000366210938,131.1699981689453,440142.0
2025-07-25T15:30:00-04:00,131.1699981689453,131.25999450683594,130.9375,131.01499938964844,634393.0
2025-07-28T09:30:00-04:00,131.4949951171875,131.9199981689453,131.39500427246094,131.67999267578125,1225327.0
2025-07-28T10:30:00-04:00,131.67999267578125,131.8249969482422,131.22250366210938,131.53500366210938,655290.0
2025-07-28T11:30:00-04:00,131.5399932861328,131.75,131.53750610351562,131.6875,541638.0
2025-07-28T12:30:00-04:00,131.68499755859375,131.70814514160156,131.5050048828125,131.58999633789062,561187.0
2025-07-28T13:30:00-04:00,131.58999633789062,131.8000030517578,131.58999633789062,131.72000122070312,735387.0
2025-07-28T14:30:00-04:00,131.72999572753906,131.84500122070312,131.5800018310547,131.8300018310547,919551.0
2025-07-28T15:30:00-04:00,131.8300018310547,132.0749969482422,131.75999450683594,132.05499267578125,872834.0
2025-07-29T09:30:00-04:00,132.89999389648438,133.63499450683594,132.8524932861328,133.02000427246094,1721524.0
2025-07-29T10:30:00-04:00,133.02499389648438,133.14500427246094,131.98500061035156,132.02499389648438,956846.0
2025-07-29T11:30:00-04:00,132.02000427246094,132.52499389648438,131.82000732421875,132.13250732421875,887631.0
2025-07-29T12:30:00-04:00,132.125,132.48500061035156,131.92999267578125,132.38499450683594,453935.0
2025-07-29T13:30:00-04:00,132.38499450683594,132.4324951171875,132.10000610351562,132.23500061035156,459398.0
2025-07-29T14:30:00-04:00,132.22500610351562,132.4250030517578,132.05999755859375,132.07000732421875,398808.0
2025-07-29T15:30:00-04:00,132.07749938964844,132.11000061035156,131.8300018310547,132.03500366210938,945919.0
2025-07-30T09:30:00-04:00,132.18499755859375,132.52999877929688,131.89999389648438,132.39999389648438,1048475.0
2025-07-30T10:30:00-04:00,132.40499877929688,132.6750030517578,132.16000366210938,132.1999969482422,496779.0
2025-07-30T11:30:00-04:00,132.1999969482422,132.59695434570312,132.12005615234375,132.5,378048.0
2025-07-30T12:30:00-04:00,132.5,132.5834503173828,132.3800048828125,132.51499938964844,501663.0
2025-07-30T13:30:00-04:00,132.50999450683594,132.6425018310547,132.3249969482422,132.6300048828125,594482.0
2025-07-30T14:30:00-04:00,132.625,132.7899932861328,131.3000030517578,131.72500610351562,2073805.0
2025-07-30T15:30:00-04:00,131.72500610351562,132.375,131.6300048828125,132.36000061035156,1573847.0
2025-07-31T09:30:00-04:00,134.0050048828125,134.0050048828125,132.66000366210938,133.02000427246094,1723691.0
2025-07-31T10:30:00-04:00,133.02999877929688,133.1999969482422,132.10499572753906,132.4208984375,1003963.0
2025-07-31T11:30:00-04:00,132.4250030517578,132.875,132.40499877929688,132.80999755859375,518315.0
2025-07-31T12:30:00-04:00,132.80999755859375,132.875,131.74000549316406,131.85000610351562,622523.0
2025-07-31T13:30:00-04:00,131.84500122070312,132.09500122070312,130.72999572753906,131.499755859375,1060148.0
2025-07-31T14:30:00-04:00,131.47500610351562,131.8699951171875,131.3249969482422,131.36500549316406,877551.0
2025-07-31T15:30:00-04:00,131.36000061035156,131.5850067138672,130.97000122070312,131.25,1568219.0
2025-08-01T09:30:00-04:00,129.94000244140625,129.98500061035156,127.88999938964844,129.13999938964844,2279649.0
2025-08-01T10:30:00-04:00,129.1199951171875,129.5050048828125,128.60000610351562,128.6300048828125,1382708.0
2025-08-01T11:30:00-04:00,128.625,129.6649932861328,128.59500122070312,129.39999389648438,1059967.0
2025-08-01T12:30:00-04:00,129.39999389648438,129.44000244140625,128.2100067138672,128.2899932861328,1199499.0
2025-08-01T13:30:00-04:00,128.28500366210938,128.65499877929688,127.93499755859375,128.6199951171875,1148760.0
2025-08-01T14:30:00-04:00,128.61500549316406,128.98500061035156,128.36500549316406,128.5749969482422,1001804.0
2025-08-01T15:30:00-04:00,128.57000732421875,128.9550018310547,128.30499267578125,128.5399932861328,1464061.0
2025-08-04T09:30:00-04:00,129.7449951171875,130.9600067138672,129.7449951171875,130.875,1187875.0
2025-08-04T10:30:00-04:00,130.88499450683594,131.03500366210938,130.55499267578125,130.68499755859375,823939.0
2025-08-04T11:30:00-04:00,130.67999267578125,131.0800018310547,130.53500366210938,130.99000549316406,813238.0
2025-08-04T12:30:00-04:00,130.98500061035156,131.1649932861328,130.94500732421875,131.125,649590.0
2025-08-04T13:30:00-04:00,131.1300048828125,131.1699981689453,130.85499572753906,130.9550018310547,436249.0
2025-08-04T14:30:00-04:00,130.9774932861328,131.06500244140625,130.7949981689453,130.83250427246094,580792.0
2025-08-04T15:30:00-04:00,130.8350067138672,131.13999938964844,130.71749877929688,131.125,1189241.0
2025-08-05T09:30:00-04:00,131.6300048828125,131.7449951171875,130.7324981689453,130.9199981689453,1030289.0
2025-08-05T10:30:00-04:00,130.9250030517578,130.93499755859375,129.75750732421875,130.1199951171875,950549.0
2025-08-05T11:30:00-04:00,130.11000061035156,130.5749969482422,129.77999877929688,130.46499633789062,667254.0
2025-08-05T12:30:00-04:00,130.4499969482422,130.60499572753906,130.01499938964844,130.5,677267.0
2025-08-05T13:30:00-04:00,130.48500061035156,130.85499572753906,130.39999389648438,130.4199981689453,516054.0
2025-08-05T14:30:00-04:00,130.4250030517578,130.48500061035156,129.9600067138672,130.35499572753906,666042.0
2025-08-05T15:30:00-04:00,130.36000061035156,130.38999938964844,129.9949951171875,130.0749969482422,772755.0
2025-08-06T09:30:00-04:00,130.18499755859375,130.93499755859375,130.10000610351562,130.38499450683594,1095921.0
2025-08-06T10:30:00-04:00,130.3800048828125,131.04249572753906,130.24249267578125,131.0,539483.0
2025-08-06T11:30:00-04:00,131.0,131.35499572753906,130.85000610351562,131.125,673157.0
2025-08-06T12:30:00-04:00,131.1300048828125,131.27000427246094,130.9499969482422,131.22250366210938,532010.0
2025-08-06T13:30:00-04:00,131.2274932861328,131.50999450683594,131.0850067138672,131.48500061035156,499567.0
2025-08-06T14:30:00-04:00,131.47999572753906,131.63999938964844,131.4250030517578,131.56500244140625,633125.0
2025-08-06T15:30:00-04:00,131.55999755859375,131.69500732421875,131.4199981689453,131.55499267578125,847551.0
2025-08-07T09:30:00-04:00,132.99000549316406,133.2050018310547,132.24319458007812,132.44500732421875,1090805.0
2025-08-07T10:30:00-04:00,132.4499969482422,132.58999633789062,131.9499969482422,132.02000427246094,626450.0
2025-08-07T11:30:00-04:00,132.0449981689453,132.16000366210938,131.5749969482422,131.7050018310547,709498.0
2025-08-07T12:30:00-04:00,131.6999969482422,131.75,130.93499755859375,131.0500030517578,654415.0
2025-08-07T13:30:00-04:00,131.0500030517578,131.22500610351562,130.5500030517578,130.81500244140625,519989.0
2025-08-07T14:30:00-04:00,130.8074951171875,131.22500610351562,130.66000366210938,131.02499389648438,664084.0
2025-08-07T15:30:00-04:00,131.02999877929688,131.6699981689453,131.01499938964844,131.6649932861328,797934.0
2025-08-08T09:30:00-04:00,132.13999938964844,132.5992431640625,131.7949981689453,132.5500030517578,1037763.0
2025-08-08T10:30:00-04:00,132.5500030517578,132.72035217285156,132.36000061035156,132.52000427246094,582597.0
2025-08-08T11:30:00-04:00,132.51499938964844,132.82749938964844,132.19500732421875,132.7550048828125,823516.0
2025-08-08T12:30:00-04:00,132.75999450683594,132.84500122070312,132.5500030517578,132.5850067138672,648089.0
2025-08-08T13:30:00-04:00,132.5850067138672,133.11000061035156,132.57000732421875,132.875,516206.0
2025-08-08T14:30:00-04:00,132.8800048828125,133.00999450683594,132.86000061035156,132.87249755859375,390229.0
2025-08-08T15:30:00-04:00,132.8699951171875,132.97500610351562,132.65249633789062,132.94000244140625,1221112.0
2025-08-11T09:30:00-04:00,132.875,133.47500610351562,132.49000549316406,133.27999877929688,986255.0
2025-08-11T10:30:00-04:00,133.2949981689453,133.36500549316406,132.94874572753906,133.05999755859375,490042.0
2025-08-11T11:30:00-04:00,133.05999755859375,133.4499969482422,132.92999267578125,133.28500366210938,449012.0
2025-08-11T12:30:00-04:00,133.2899932861328,133.3000030517578,132.89999389648438,132.9250030517578,340310.0
2025-08-11T13:30:00-04:00,132.92999267578125,133.00750732421875,132.4750518798828,132.5399932861328,568392.0
2025-08-11T14:30:00-04:00,132.5449981689453,132.65499877929688,132.23500061035156,132.27000427246094,494392.0
2025-08-11T15:30:00-04:00,132.26499938964844,132.29750061035156,131.7550048828125,132.11000061035156,1124478.0
2025-08-12T09:30:00-04:00,132.72000122070312,133.08999633789062,131.98500061035156,132.9149932861328,1046120.0
2025-08-12T10:30:00-04:00,132.94000244140625,133.58250427246094,132.77499389648438,133.36000061035156,1028895.0
2025-08-12T11:30:00-04:00,133.38999938964844,133.66000366210938,133.3000030517578,133.63250732421875,771675.0
2025-08-12T12:30:00-04:00,133.63499450683594,133.80999755859375,133.5500030517578,133.66000366210938,573670.0
2025-08-12T13:30:00-04:00,133.66000366210938,134.1079559326172,133.63499450683594,133.9499969482422,577732.0
2025-08-12T14:30:00-04:00,133.96499633789062,134.00999450683594,133.8350067138672,134.0,417589.0
2025-08-12T15:30:00-04:00,133.9949951171875,134.13999938964844,133.8699951171875,134.10499572753906,1005290.0
2025-08-13T09:30:00-04:00,134.8800048828125,135.0249481201172,134.27999877929688,134.35499572753906,1729842.0
2025-08-13T10:30:00-04:00,134.35499572753906,134.53500366210938,133.75999450683594,133.97500610351562,1050765.0
2025-08-13T11:30:00-04:00,133.97999572753906,134.25250244140625,133.86500549316406,133.97500610351562,687177.0
2025-08-13T12:30:00-04:00,133.97999572753906,134.0500030517578,133.66250610351562,134.0500030517578,655655.0
2025-08-13T13:30:00-04:00,134.05499267578125,134.27000427246094,133.73500061035156,134.03500366210938,871172.0
2025-08-13T14:30:00-04:00,134.0399932861328,134.19200134277344,133.8249969482422,134.06500244140625,860511.0
2025-08-13T15:30:00-04:00,134.07000732421875,134.21499633789062,133.875,134.15499877929688,935296.0
2025-08-14T09:30:00-04:00,133.47500610351562,134.16000366210938,133.2449951171875,134.03500366210938,1478227.0
2025-08-14T10:30:00-04:00,134.0399932861328,134.3249969482422,133.39500427246094,133.52999877929688,958361.0
2025-08-14T11:30:00-04:00,133.51499938964844,133.77000427246094,133.17999267578125,133.39999389648438,2264695.0
2025-08-14T12:30:00-04:00,133.39500427246094,133.95249938964844,133.39500427246094,133.93789672851562,737799.0
2025-08-14T13:30:00-04:00,133.9375,133.9375,133.4550018310547,133.48500061035156,521612.0
2025-08-14T14:30:00-04:00,133.47999572753906,133.82000732421875,133.4600067138672,133.72500610351562,641220.0
2025-08-14T15:30:00-04:00,133.72500610351562,134.08999633789062,133.6999969482422,133.85499572753906,965041.0
2025-08-15T09:30:00-04:00,133.68499755859375,133.68499755859375,132.32000732421875,132.93499755859375,1674885.0
2025-08-15T10:30:00-04:00,132.9250030517578,133.00999450683594,132.5399932861328,132.86500549316406,1049831.0
2025-08-15T11:30:00-04:00,132.8699951171875,133.02000427246094,132.47000122070312,132.59500122070312,868588.0
2025-08-15T12:30:00-04:00,132.60000610351562,132.89500427246094,132.55999755859375,132.8000030517578,512213.0
2025-08-15T13:30:00-04:00,132.81500244140625,133.08999633789062,132.8000030517578,132.94500732421875,641162.0
2025-08-15T14:30:00-04:00,132.94000244140625,132.98500061035156,132.63499450683594,132.9250030517578,715660.0
2025-08-15T15:30:00-04:00,132.93499755859375,133.0449981689453,132.80499267578125,132.86000061035156,1029325.0
2025-08-18T09:30:00-04:00,132.94000244140625,133.22999572753906,132.6750030517578,132.8350067138672,1084895.0
2025-08-18T10:30:00-04:00,132.82000732421875,132.94500732421875,132.5749969482422,132.6649932861328,1040415.0
2025-08-18T11:30:00-04:00,132.66749572753906,132.89999389648438,132.60499572753906,132.8249969482422,686099.0
2025-08-18T12:30:00-04:00,132.81500244140625,132.9043426513672,132.55499267578125,132.82749938964844,550040.0
2025-08-18T13:30:00-04:00,132.8300018310547,133.0000457763672,132.69000244140625,132.94000244140625,682124.0
2025-08-18T14:30:00-04:00,132.94500732421875,133.16000366210938,132.9199981689453,132.99000549316406,728521.0
2025-08-18T15:30:00-04:00,132.99000549316406,133.25250244140625,132.9550018310547,133.1425018310547,1091048.0
2025-08-19T09:30:00-04:00,133.0850067138672,133.11500549316406,132.15499877929688,132.16749572753906,1463435.0
2025-08-19T10:30:00-04:00,132.1750030517578,132.3800048828125,131.4250030517578,131.8699951171875,1356408.0
2025-08-19T11:30:00-04:00,131.86500549316406,131.92999267578125,131.4149932861328,131.5,865014.0
2025-08-19T12:30:00-04:00,131.4949951171875,131.5449981689453,130.7550048828125,131.1199951171875,1570632.0
2025-08-19T13:30:00-04:00,131.11500549316406,131.27000427246094,130.9149932861328,130.9550018310547,634944.0
2025-08-19T14:30:00-04:00,130.94500732421875,130.97500610351562,130.56500244140625,130.85499572753906,914402.0
2025-08-19T15:30:00-04:00,130.86500549316406,130.94000244140625,130.625,130.8249969482422,1306253.0
2025-08-20T09:30:00-04:00,130.02000427246094,130.47999572753906,127.95500183105469,128.30499267578125,2625004.0
2025-08-20T10:30:00-04:00,128.30499267578125,129.2550048828125,127.91999816894531,129.2449951171875,1888382.0
2025-08-20T11:30:00-04:00,129.2375030517578,129.65750122070312,128.7050018310547,129.6374969482422,1611321.0
2025-08-20T12:30:00-04:00,129.6374969482422,129.64500427246094,129.0850067138672,129.33749389648438,1297653.0
2025-08-20T13:30:00-04:00,129.33999633789062,129.8000030517578,128.97500610351562,129.10000610351562,1103416.0
2025-08-20T14:30:00-04:00,129.10000610351562,130.01499938964844,129.0850067138672,129.8800048828125,1448372.0
2025-08-20T15:30:00-04:00,129.86000061035156,130.1649932861328,129.82000732421875,129.94000244140625,1067051.0
2025-08-21T09:30:00-04:00,129.61000061035156,130.1300048828125,128.91749572753906,130.11500549316406,1465481.0
2025-08-21T10:30:00-04:00,130.125,130.125,129.26499938964844,129.58999633789062,1177309.0
2025-08-21T11:30:00-04:00,129.58999633789062,129.8350067138672,129.125,129.1649932861328,940318.0
2025-08-21T12:30:00-04:00,129.1649932861328,129.39500427246094,128.89500427246094,129.05999755859375,953925.0
2025-08-21T13:30:00-04:00,129.05999755859375,129.5,129.05250549316406,129.35049438476562,1030943.0
2025-08-21T14:30:00-04:00,129.35000610351562,129.64999389648438,129.23500061035156,129.54949951171875,812650.0
2025-08-21T15:30:00-04:00,129.55999755859375,129.55999755859375,129.33250427246094,129.44500732421875,797518.0
2025-08-22T09:30:00-04:00,129.31500244140625,131.83474731445312,128.9550018310547,131.2449951171875,1493064.0
2025-08-22T10:30:00-04:00,131.24749755859375,132.06500244140625,131.24749755859375,131.72500610351562,1179921.0
2025-08-22T11:30:00-04:00,131.72500610351562,131.89999389648438,131.15499877929688,131.21749877929688,694186.0
2025-08-22T12:30:00-04:00,131.22000122070312,131.69500732421875,131.09500122070312,131.69500732421875,697806.0
2025-08-22T13:30:00-04:00,131.6999969482422,131.7050018310547,131.36500549316406,131.4199981689453,495494.0
2025-08-22T14:30:00-04:00,131.42999267578125,131.5850067138672,131.27000427246094,131.2899932861328,635366.0
2025-08-22T15:30:00-04:00,131.2949981689453,131.35499572753906,131.01499938964844,131.22999572753906,1382277.0
2025-08-25T09:30:00-04:00,131.2050018310547,131.33999633789062,130.55499267578125,131.14500427246094,1226146.0
2025-08-25T10:30:00-04:00,131.1374969482422,131.60000610351562,131.10000610351562,131.59500122070312,819126.0
2025-08-25T11:30:00-04:00,131.58999633789062,131.73500061035156,131.52000427246094,131.6199951171875,472086.0
2025-08-25T12:30:00-04:00,131.6199951171875,131.6894989013672,131.36000061035156,131.47500610351562,406260.0
2025-08-25T13:30:00-04:00,131.47000122070312,131.5050048828125,131.30499267578125,131.39500427246094,413427.0
2025-08-25T14:30:00-04:00,131.39500427246094,131.44500732421875,131.27000427246094,131.31500244140625,404177.0
2025-08-25T15:30:00-04:00,131.31500244140625,131.34500122070312,130.89999389648438,130.91000366210938,1073920.0
2025-08-26T09:30:00-04:00,131.02499389648438,131.55499267578125,130.8350067138672,131.51495361328125,1030589.0
2025-08-26T10:30:00-04:00,131.51499938964844,131.56500244140625,131.16000366210938,131.1699981689453,991398.0
2025-08-26T11:30:00-04:00,131.1699981689453,131.5500030517578,131.0850067138672,131.4600067138672,453391.0
2025-08-26T12:30:00-04:00,131.4550018310547,131.4949951171875,131.2949981689453,131.44500732421875,352134.0
2025-08-26T13:30:00-04:00,131.4550018310547,131.4600067138672,130.94500732421875,131.30499267578125,425066.0
2025-08-26T14:30:00-04:00,131.30499267578125,131.52999877929688,131.27499389648438,131.46499633789062,625569.0
2025-08-26T15:30:00-04:00,131.46499633789062,131.69000244140625,131.22000122070312,131.50999450683594,1414298.0
2025-08-27T09:30:00-04:00,131.64500427246094,131.7899932861328,131.0399932861328,131.7449951171875,1400274.0
2025-08-27T10:30:00-04:00,131.7550048828125,131.89999389648438,131.69500732421875,131.8000030517578,704815.0
2025-08-27T11:30:00-04:00,131.8000030517578,132.08999633789062,131.64500427246094,131.77999877929688,624646.0
2025-08-27T12:30:00-04:00,131.77999877929688,132.09500122070312,131.6699981689453,132.0399932861328,419954.0
2025-08-27T13:30:00-04:00,132.04495239257812,132.375,132.02999877929688,132.31309509277344,454080.0
2025-08-27T14:30:00-04:00,132.30999755859375,132.32325744628906,131.75999450683594,132.06500244140625,702053.0
2025-08-27T15:30:00-04:00,132.07000732421875,132.3125,132.0574951171875,132.1750030517578,1000173.0
2025-08-28T09:30:00-04:00,132.38499450683594,133.02499389648438,131.72500610351562,132.2449951171875,1460563.0
2025-08-28T10:30:00-04:00,132.22999572753906,133.00999450683594,132.21499633789062,132.5,937313.0
2025-08-28T11:30:00-04:00,132.5,133.08999633789062,132.48500061035156,133.050048828125,554525.0
2025-08-28T12:30:00-04:00,133.0449981689453,133.125,132.85000610351562,133.125,540079.0
2025-08-28T13:30:00-04:00,133.1300048828125,133.40750122070312,133.08995056152344,133.38499450683594,531288.0
2025-08-28T14:30:00-04:00,133.3874969482422,133.5399932861328,133.2899932861328,133.33250427246094,726603.0
2025-08-28T15:30:00-04:00,133.3300018310547,133.55499267578125,133.23500061035156,133.2550048828125,1178282.0
2025-08-29T09:30:00-04:00,132.60000610351562,132.6699981689453,130.90499877929688,131.39999389648438,1976203.0
2025-08-29T10:30:00-04:00,131.38999938964844,131.5050048828125,130.83999633789062,131.34500122070312,1481117.0
2025-08-29T11:30:00-04:00,131.34500122070312,131.375,130.90499877929688,131.10000610351562,819683.0
2025-08-29T12:30:00-04:00,131.09500122070312,131.33749389648438,130.7449951171875,130.94500732421875,901225.0
2025-08-29T13:30:00-04:00,130.94500732421875,131.22500610351562,130.84500122070312,130.94000244140625,749866.0
2025-08-29T14:30:00-04:00,130.94000244140625,131.32000732421875,130.93499755859375,131.17999267578125,668805.0
2025-08-29T15:30:00-04:00,131.22000122070312,131.36500549316406,130.8925018310547,131.22999572753906,1600166.0
2025-09-02T09:30:00-04:00,128.36500549316406,129.89500427246094,128.13999938964844,129.71499633789062,2692607.0
2025-09-02T10:30:00-04:00,129.59500122070312,129.72999572753906,128.6999969482422,128.89999389648438,1294159.0
2025-09-02T11:30:00-04:00,128.83999633789062,128.90249633789062,128.36325073242188,128.58250427246094,1050519.0
2025-09-02T12:30:00-04:00,128.5800018310547,129.2100067138672,128.5800018310547,129.16250610351562,868853.0
2025-09-02T13:30:00-04:00,129.1649932861328,129.48500061035156,129.06500244140625,129.09500122070312,748961.0
2025-09-02T14:30:00-04:00,129.1649932861328,129.63999938964844,129.0850067138672,129.60499572753906,854249.0
2025-09-02T15:30:00-04:00,129.59500122070312,130.02000427246094,129.5800018310547,129.94000244140625,1318920.0
2025-09-03T09:30:00-04:00,130.56500244140625,130.7100067138672,130.01499938964844,130.4824981689453,1369491.0
2025-09-03T10:30:00-04:00,130.47500610351562,130.93499755859375,130.16000366210938,130.19000244140625,870112.0
2025-09-03T11:30:00-04:00,130.19000244140625,130.5850067138672,130.0800018310547,130.3699951171875,886449.0
2025-09-03T12:30:00-04:00,130.375,130.58250427246094,130.1199951171875,130.35499572753906,705227.0
2025-09-03T13:30:00-04:00,130.34500122070312,130.40499877929688,129.78500366210938,129.8800048828125,821618.0
2025-09-03T14:30:00-04:00,129.875,130.04750061035156,129.6999969482422,130.0,852913.0
2025-09-03T15:30:00-04:00,129.9949951171875,130.7050018310547,129.99249267578125,130.67999267578125,1525559.0
2025-09-04T09:30:00-04:00,130.13999938964844,130.32000732421875,129.61000061035156,130.27000427246094,4699791.0
2025-09-04T10:30:00-04:00,130.27000427246094,130.77999877929688,130.25999450683594,130.69500732421875,2019176.0
2025-09-04T11:30:00-04:00,130.6999969482422,130.74249267578125,130.5,130.54275512695312,1141127.0
2025-09-04T12:30:00-04:00,130.5399932861328,130.86500549316406,130.52000427246094,130.82749938964844,932327.0
2025-09-04T13:30:00-04:00,130.8300018310547,131.02000427246094,130.74000549316406,130.88499450683594,859329.0
2025-09-04T14:30:00-04:00,130.88999938964844,131.1649932861328,130.8800048828125,131.0625,837021.0
2025-09-04T15:30:00-04:00,131.05999755859375,131.37249755859375,130.98500061035156,131.31500244140625,1358082.0
2025-09-05T09:30:00-04:00,132.56500244140625,132.61500549316406,130.6649932861328,130.80499267578125,6155761.0
2025-09-05T10:30:00-04:00,130.80499267578125,130.97000122070312,130.09500122070312,130.94000244140625,4463800.0
2025-09-05T11:30:00-04:00,130.94000244140625,131.2100067138672,130.7100067138672,130.9199981689453,1933423.0
2025-09-05T12:30:00-04:00,130.93499755859375,131.1875,130.80999755859375,131.02499389648438,1484646.0
2025-09-05T13:30:00-04:00,131.02499389648438,131.21499633789062,130.6999969482422,131.17750549316406,1556791.0
2025-09-05T14:30:00-04:00,131.1699981689453,131.5449981689453,131.07749938964844,131.49249267578125,1565380.0
2025-09-05T15:30:00-04:00,131.49249267578125,131.52000427246094,131.14500427246094,131.4499969482422,1870398.0
2025-09-08T09:30:00-04:00,132.1199951171875,132.78500366210938,132.08999633789062,132.7100067138672,3421116.0
2025-09-08T10:30:00-04:00,132.7100067138672,132.89500427246094,132.61000061035156,132.8350067138672,1223289.0
2025-09-08T11:30:00-04:00,132.8300018310547,132.875,132.4600067138672,132.51499938964844,933164.0
2025-09-08T12:30:00-04:00,132.5124969482422,132.53504943847656,132.24940490722656,132.44500732421875,891216.0
2025-09-08T13:30:00-04:00,132.44000244140625,132.49000549316406,132.1699981689453,132.4199981689453,742184.0
2025-09-08T14:30:00-04:00,132.4199981689453,132.47500610351562,132.14999389648438,132.22500610351562,952505.0
2025-09-08T15:30:00-04:00,132.22999572753906,132.5399932861328,132.22999572753906,132.4149932861328,1625821.0
2025-09-09T09:30:00-04:00,132.6750030517578,132.80999755859375,132.09500122070312,132.22500610351562,3704339.0
2025-09-09T10:30:00-04:00,132.2050018310547,132.2449951171875,131.72999572753906,132.2100067138672,1630928.0
2025-09-09T11:30:00-04:00,132.1999969482422,132.44000244140625,132.0500030517578,132.3699951171875,798962.0
2025-09-09T12:30:00-04:00,132.3699951171875,132.6199951171875,132.2899932861328,132.48500061035156,609903.0
2025-09-09T13:30:00-04:00,132.51499938964844,132.5175018310547,132.22500610351562,132.30999755859375,997369.0
2025-09-09T14:30:00-04:00,132.31500244140625,132.52999877929688,132.23500061035156,132.5,667756.0
2025-09-09T15:30:00-04:00,132.5124969482422,132.77499389648438,132.36000061035156,132.6649932861328,1061824.0
2025-09-10T09:30:00-04:00,134.94000244140625,135.9199981689453,134.90499877929688,135.6649932861328,5141901.0
2025-09-10T10:30:00-04:00,135.65499877929688,135.98500061035156,135.60499572753906,135.7550048828125,1758365.0
2025-09-10T11:30:00-04:00,135.7550048828125,135.77499389648438,135.3300018310547,135.41000366210938,1038047.0
2025-09-10T12:30:00-04:00,135.40499877929688,135.46499633789062,135.0749969482422,135.13999938964844,869103.0
2025-09-10T13:30:00-04:00,135.1374969482422,135.27999877929688,134.53500366210938,134.6999969482422,1161872.0
2025-09-10T14:30:00-04:00,134.69000244140625,134.88499450683594,134.42999267578125,134.67269897460938,1191710.0
2025-09-10T15:30:00-04:00,134.6999969482422,135.19000244140625,134.66000366210938,135.0800018310547,1549926.0
2025-09-11T09:30:00-04:00,135.9250030517578,136.11500549316406,135.30999755859375,135.43499755859375,3959251.0
2025-09-11T10:30:00-04:00,135.43499755859375,135.9425048828125,135.43499755859375,135.9425048828125,1656205.0
2025-09-11T11:30:00-04:00,135.94000244140625,136.02499389648438,135.7449951171875,135.75999450683594,948657.0
2025-09-11T12:30:00-04:00,135.75999450683594,135.80999755859375,135.51499938964844,135.61500549316406,1167322.0
2025-09-11T13:30:00-04:00,135.61500549316406,135.71495056152344,135.36500549316406,135.41000366210938,890181.0
2025-09-11T14:30:00-04:00,135.41250610351562,135.6374969482422,135.39999389648438,135.53250122070312,1002500.0
2025-09-11T15:30:00-04:00,135.52499389648438,135.64999389648438,135.42999267578125,135.4550018310547,1732501.0
2025-09-12T09:30:00-04:00,135.8000030517578,135.92999267578125,135.14999389648438,135.51499938964844,2058641.0
2025-09-12T10:30:00-04:00,135.52000427246094,135.6750030517578,135.40499877929688,135.5625,1417052.0
2025-09-12T11:30:00-04:00,135.55999755859375,135.72999572753906,135.4149932861328,135.7100067138672,789170.0
2025-09-12T12:30:00-04:00,135.7100067138672,135.72999572753906,135.50750732421875,135.53500366210938,520884.0
2025-09-12T13:30:00-04:00,135.52999877929688,135.79249572753906,135.46749877929688,135.625,515564.0
2025-09-12T14:30:00-04:00,135.6300048828125,135.84500122070312,135.57000732421875,135.60000610351562,806382.0
2025-09-12T15:30:00-04:00,135.58999633789062,135.61500549316406,135.34750366210938,135.43499755859375,1324317.0
2025-09-15T09:30:00-04:00,135.65499877929688,136.13999938964844,135.49000549316406,136.01499938964844,2146479.0
2025-09-15T10:30:00-04:00,136.00999450683594,136.2050018310547,135.90249633789062,136.1199951171875,1150550.0
2025-09-15T11:30:00-04:00,136.1199951171875,136.39999389648438,136.10000610351562,136.2449951171875,757435.0
2025-09-15T12:30:00-04:00,136.25,136.3874969482422,136.0800018310547,136.08999633789062,617949.0
2025-09-15T13:30:00-04:00,136.08999633789062,136.3800048828125,136.0749969482422,136.23500061035156,527254.0
2025-09-15T14:30:00-04:00,136.24000549316406,136.39500427246094,136.15249633789062,136.37750244140625,751176.0
2025-09-15T15:30:00-04:00,136.3699951171875,136.69000244140625,136.26499938964844,136.66000366210938,2053854.0
2025-09-16T09:30:00-04:00,136.97500610351562,137.0675048828125,136.5050048828125,136.56500244140625,2394709.0
2025-09-16T10:30:00-04:00,136.56500244140625,136.56500244140625,136.22999572753906,136.25999450683594,1038108.0
2025-09-16T11:30:00-04:00,136.25999450683594,136.31500244140625,136.02000427246094,136.1925048828125,653583.0
2025-09-16T12:30:00-04:00,136.18499755859375,136.3524932861328,136.0800018310547,136.22500610351562,561158.0
2025-09-16T13:30:00-04:00,136.22500610351562,136.24000549316406,136.08999633789062,136.19000244140625,697806.0
2025-09-16T14:30:00-04:00,136.19000244140625,136.34500122070312,136.1699981689453,136.18499755859375,1069134.0
2025-09-16T15:30:00-04:00,136.19000244140625,136.34500122070312,136.13499450683594,136.1699981689453,1217201.0
2025-09-17T09:30:00-04:00,136.09500122070312,136.25999450683594,135.4550018310547,135.5850067138672,1776344.0
2025-09-17T10:30:00-04:00,135.5850067138672,135.689453125,135.375,135.44000244140625,947642.0
2025-09-17T11:30:00-04:00,135.44000244140625,135.5050048828125,135.27999877929688,135.41749572753906,682458.0
2025-09-17T12:30:00-04:00,135.4199981689453,135.4199981689453,135.1699981689453,135.41000366210938,409732.0
2025-09-17T13:30:00-04:00,135.41000366210938,136.0850067138672,134.5449981689453,135.58999633789062,1517452.0
2025-09-17T14:30:00-04:00,135.59500122070312,136.18499755859375,134.30999755859375,136.09500122070312,2723937.0
2025-09-17T15:30:00-04:00,136.0500030517578,136.15499877929688,135.5749969482422,135.72999572753906,1286005.0
2025-09-18T09:30:00-04:00,137.47500610351562,138.24000549316406,136.80999755859375,138.23500061035156,3316824.0
2025-09-18T10:30:00-04:00,138.23500061035156,138.46499633789062,137.89500427246094,138.26499938964844,1701474.0
2025-09-18T11:30:00-04:00,138.25999450683594,138.41250610351562,137.9149932861328,138.2100067138672,1002073.0
2025-09-18T12:30:00-04:00,138.21499633789062,138.4250030517578,138.18499755859375,138.19000244140625,790856.0
2025-09-18T13:30:00-04:00,138.18499755859375,138.19000244140625,137.91000366210938,138.0749969482422,857916.0
2025-09-18T14:30:00-04:00,138.0749969482422,138.32000732421875,138.03500366210938,138.08999633789062,945625.0
2025-09-18T15:30:00-04:00,138.0850067138672,138.24000549316406,138.02000427246094,138.05999755859375,1431821.0
2025-09-19T09:30:00-04:00,138.61500549316406,138.84500122070312,138.31500244140625,138.64999389648438,1737636.0
2025-09-19T10:30:00-04:00,138.64500427246094,138.80499267578125,138.22999572753906,138.2949981689453,1148352.0
2025-09-19T11:30:00-04:00,138.28750610351562,138.97000122070312,138.1649932861328,138.9550018310547,886582.0
2025-09-19T12:30:00-04:00,138.9550018310547,139.07000732421875,138.8350067138672,138.92999267578125,843802.0
2025-09-19T13:30:00-04:00,138.9250030517578,139.03500366210938,138.82749938964844,138.8625030517578,675811.0
2025-09-19T14:30:00-04:00,138.8625030517578,139.18499755859375,138.85000610351562,139.11500549316406,838517.0
2025-09-19T15:30:00-04:00,139.11500549316406,139.58999633789062,139.00999450683594,139.40499877929688,1498120.0
2025-09-22T09:30:00-04:00,139.0749969482422,139.67999267578125,139.02000427246094,139.6750030517578,1886279.0
2025-09-22T10:30:00-04:00,139.6649932861328,140.19749450683594,139.59500122070312,140.17999267578125,890442.0
2025-09-22T11:30:00-04:00,140.18499755859375,140.91000366210938,140.08999633789062,140.8625030517578,1384460.0
2025-09-22T12:30:00-04:00,140.85499572753906,141.2550048828125,140.8300018310547,141.0749969482422,1007566.0
2025-09-22T13:30:00-04:00,141.07000732421875,141.2274932861328,141.00750732421875,141.18499755859375,814075.0
2025-09-22T14:30:00-04:00,141.1875,141.40499877929688,141.17999267578125,141.35499572753906,719303.0
2025-09-22T15:30:00-04:00,141.35499572753906,141.44500732421875,141.21749877929688,141.33999633789062,1010671.0
2025-09-23T09:30:00-04:00,141.1374969482422,141.36500549316406,140.7550048828125,140.9550018310547,1815174.0
2025-09-23T10:30:00-04:00,140.94000244140625,140.96249389648438,140.66000366210938,140.9149932861328,831212.0
2025-09-23T11:30:00-04:00,140.9149932861328,140.9499969482422,140.60499572753906,140.6649932861328,615099.0
2025-09-23T12:30:00-04:00,140.66749572753906,140.80499267578125,140.16000366210938,140.1649932861328,771544.0
2025-09-23T13:30:00-04:00,140.16000366210938,140.22999572753906,139.487548828125,139.8350067138672,1646023.0
2025-09-23T14:30:00-04:00,139.8249969482422,140.0225067138672,139.7100067138672,139.86749267578125,1110795.0
2025-09-23T15:30:00-04:00,139.86749267578125,140.14500427246094,139.84500122070312,140.08999633789062,1274763.0
2025-09-24T09:30:00-04:00,140.48500061035156,140.48500061035156,139.4149932861328,139.73500061035156,1951788.0
2025-09-24T10:30:00-04:00,139.7324981689453,139.80999755859375,139.39999389648438,139.61500549316406,688043.0
2025-09-24T11:30:00-04:00,139.60499572753906,139.63499450683594,138.31500244140625,138.76499938964844,1371872.0
2025-09-24T12:30:00-04:00,138.77000427246094,139.13499450683594,138.64500427246094,139.05499267578125,673666.0
2025-09-24T13:30:00-04:00,139.05999755859375,139.25,138.83999633789062,138.9949951171875,560159.0
2025-09-24T14:30:00-04:00,138.9949951171875,139.17999267578125,138.94000244140625,139.0749969482422,558674.0
2025-09-24T15:30:00-04:00,139.0850067138672,139.30999755859375,138.97000122070312,139.22999572753906,815021.0
2025-09-25T09:30:00-04:00,137.97999572753906,138.75999450683594,137.125,138.65499877929688,4058222.0
2025-09-25T10:30:00-04:00,138.6699981689453,139.0399932861328,138.5449981689453,138.5850067138672,1302964.0
2025-09-25T11:30:00-04:00,138.5800018310547,139.34500122070312,138.5800018310547,138.7624969482422,1162646.0
2025-09-25T12:30:00-04:00,138.7550048828125,139.0749969482422,138.39500427246094,138.625,982460.0
2025-09-25T13:30:00-04:00,138.625,138.68499755859375,137.69000244140625,138.5800018310547,1167118.0
2025-09-25T14:30:00-04:00,138.57000732421875,138.96499633789062,138.4499969482422,138.77499389648438,987247.0
2025-09-25T15:30:00-04:00,138.78500366210938,139.0574951171875,138.63499450683594,138.9949951171875,905737.0
2025-09-26T09:30:00-04:00,139.14999389648438,139.5399932861328,138.19000244140625,138.49000549316406,2708999.0
2025-09-26T10:30:00-04:00,138.4949951171875,138.90750122070312,138.24000549316406,138.86000061035156,1387366.0
2025-09-26T11:30:00-04:00,138.875,139.14500427246094,138.5399932861328,139.03500366210938,1077183.0
2025-09-26T12:30:00-04:00,139.03500366210938,139.45750427246094,138.94500732421875,139.36000061035156,713863.0
2025-09-26T13:30:00-04:00,139.37249755859375,139.5449981689453,139.13999938964844,139.45004272460938,846743.0
2025-09-26T14:30:00-04:00,139.4550018310547,139.52749633789062,139.32000732421875,139.42999267578125,734134.0
2025-09-26T15:30:00-04:00,139.43499755859375,139.4774932861328,139.27999877929688,139.39500427246094,696265.0
2025-09-29T09:30:00-04:00,140.22000122070312,140.9550018310547,140.2100067138672,140.8699951171875,2208025.0
2025-09-29T10:30:00-04:00,140.875,140.9600067138672,140.28500366210938,140.31500244140625,946122.0
2025-09-29T11:30:00-04:00,140.2949981689453,140.3509521484375,140.10000610351562,140.27499389648438,753592.0
2025-09-29T12:30:00-04:00,140.2899932861328,140.35499572753906,140.0,140.2449951171875,545125.0
2025-09-29T13:30:00-04:00,140.2449951171875,140.4199981689453,140.1649932861328,140.34500122070312,845520.0
2025-09-29T14:30:00-04:00,140.3350067138672,140.36000061035156,139.83999633789062,139.97000122070312,638839.0
2025-09-29T15:30:00-04:00,139.97999572753906,140.19500732421875,139.94000244140625,140.11000061035156,1013989.0
2025-09-30T09:30:00-04:00,140.1649932861328,140.7550048828125,139.9949951171875,140.5,1832318.0
2025-09-30T10:30:00-04:00,140.5050048828125,141.0500030517578,140.28500366210938,140.4499969482422,1174975.0
2025-09-30T11:30:00-04:00,140.44749450683594,140.72500610351562,140.2899932861328,140.46499633789062,836630.0
2025-09-30T12:30:00-04:00,140.47000122070312,140.5321502685547,139.8699951171875,139.99749755859375,920022.0
2025-09-30T13:30:00-04:00,139.97999572753906,140.47500610351562,139.88499450683594,140.39500427246094,917775.0
2025-09-30T14:30:00-04:00,140.38499450683594,140.61500549316406,140.2949981689453,140.58749389648438,1100840.0
2025-09-30T15:30:00-04:00,140.5850067138672,141.07000732421875,140.45249938964844,140.97000122070312,1781385.0
2025-10-01T09:30:00-04:00,140.2100067138672,141.30499267578125,140.1699981689453,141.28500366210938,2466956.0
2025-10-01T10:30:00-04:00,141.27749633789062,141.61000061035156,141.21499633789062,141.36500549316406,1263726.0
2025-10-01T11:30:00-04:00,141.36500549316406,141.66000366210938,141.35000610351562,141.5399932861328,838886.0
2025-10-01T12:30:00-04:00,141.5449981689453,141.86500549316406,141.4499969482422,141.7949981689453,739654.0
2025-10-01T13:30:00-04:00,141.81500244140625,142.02000427246094,141.6699981689453,141.88999938964844,927913.0
2025-10-01T14:30:00-04:00,141.88250732421875,142.11000061035156,141.8699951171875,142.09500122070312,841292.0
2025-10-01T15:30:00-04:00,142.09500122070312,142.41000366210938,142.0850067138672,142.30499267578125,1391216.0
2025-10-02T09:30:00-04:00,143.63499450683594,143.66000366210938,142.55499267578125,142.99000549316406,3105100.0
2025-10-02T10:30:00-04:00,142.9949951171875,143.0850067138672,142.43499755859375,142.7725067138672,1536531.0
2025-10-02T11:30:00-04:00,142.76499938964844,142.9949951171875,142.5,142.875,824910.0
2025-10-02T12:30:00-04:00,142.875,143.22000122070312,142.72000122070312,143.13999938964844,631255.0
2025-10-02T13:30:00-04:00,143.13499450683594,143.30999755859375,143.0749969482422,143.2550048828125,598773.0
2025-10-02T14:30:00-04:00,143.25,143.34500122070312,143.2050018310547,143.33999633789062,743487.0
2025-10-02T15:30:00-04:00,143.3300018310547,143.35499572753906,143.0500030517578,143.11500549316406,1153468.0
2025-10-03T09:30:00-04:00,143.2100067138672,143.94000244140625,143.06500244140625,143.40499877929688,2359246.0
2025-10-03T10:30:00-04:00,143.40499877929688,143.77749633789062,143.35000610351562,143.7274932861328,1196479.0
2025-10-03T11:30:00-04:00,143.72500610351562,143.74000549316406,143.47999572753906,143.60000610351562,741554.0
2025-10-03T12:30:00-04:00,143.59750366210938,143.61500549316406,142.80499267578125,142.83999633789062,989441.0
2025-10-03T13:30:00-04:00,142.82000732421875,142.97500610351562,141.8699951171875,142.75,1408047.0
2025-10-03T14:30:00-04:00,142.75,142.77000427246094,142.3800048828125,142.47999572753906,974539.0
2025-10-03T15:30:00-04:00,142.47500610351562,142.59500122070312,142.27000427246094,142.36000061035156,937579.0
2025-10-06T09:30:00-04:00,144.27999877929688,144.6649932861328,143.9199981689453,144.07000732421875,3247416.0
2025-10-06T10:30:00-04:00,144.06500244140625,144.3000030517578,143.72500610351562,144.2050018310547,1044596.0
2025-10-06T11:30:00-04:00,144.2050018310547,144.4824981689453,144.17999267578125,144.46499633789062,771122.0
2025-10-06T12:30:00-04:00,144.46499633789062,144.57249450683594,144.2449951171875,144.44749450683594,578341.0
2025-10-06T13:30:00-04:00,144.4499969482422,144.72000122070312,144.4355010986328,144.47999572753906,752257.0
2025-10-06T14:30:00-04:00,144.48500061035156,144.55999755859375,144.27749633789062,144.2949981689453,735122.0
2025-10-06T15:30:00-04:00,144.2949981689453,144.34010314941406,143.77999877929688,143.78500366210938,1491878.0
2025-10-07T09:30:00-04:00,144.5399932861328,144.75,144.25,144.3300018310547,1525203.0
2025-10-07T10:30:00-04:00,144.3249969482422,144.44000244140625,142.6999969482422,142.8175048828125,1723806.0
2025-10-07T11:30:00-04:00,142.80499267578125,142.85000610351562,142.0850067138672,142.53500366210938,1365613.0
2025-10-07T12:30:00-04:00,142.5749969482422,142.97500610351562,142.5449981689453,142.6999969482422,633644.0
2025-10-07T13:30:00-04:00,142.69500732421875,142.8300018310547,142.34500122070312,142.7449951171875,580695.0
2025-10-07T14:30:00-04:00,142.75999450683594,142.94749450683594,142.72000122070312,142.875,593397.0
2025-10-07T15:30:00-04:00,142.8625030517578,143.03500366210938,142.75250244140625,142.84500122070312,1099121.0
2025-10-08T09:30:00-04:00,143.1699981689453,144.52499389648438,143.09249877929688,144.44000244140625,2054509.0
2025-10-08T10:30:00-04:00,144.44000244140625,144.66000366210938,144.19500732421875,144.58999633789062,766067.0
2025-10-08T11:30:00-04:00,144.58999633789062,144.81500244140625,144.55824279785156,144.59500122070312,658282.0
2025-10-08T12:30:00-04:00,144.58999633789062,144.73500061035156,144.52999877929688,144.72500610351562,476235.0
2025-10-08T13:30:00-04:00,144.73500061035156,144.97000122070312,144.71249389648438,144.8249969482422,611991.0
2025-10-08T14:30:00-04:00,144.83250427246094,145.2050018310547,144.77000427246094,145.17750549316406,784998.0
2025-10-08T15:30:00-04:00,145.17999267578125,145.35000610351562,145.05499267578125,145.31500244140625,1535937.0
2025-10-09T09:30:00-04:00,145.27999877929688,145.41000366210938,144.78004455566406,144.96499633789062,1523252.0
2025-10-09T10:30:00-04:00,144.9550018310547,145.27999877929688,144.5449981689453,144.85134887695312,703340.0
2025-10-09T11:30:00-04:00,144.84500122070312,145.23500061035156,144.67999267578125,145.00999450683594,677479.0
2025-10-09T12:30:00-04:00,145.00999450683594,145.01499938964844,144.3699951171875,144.42999267578125,868722.0
2025-10-09T13:30:00-04:00,144.4250030517578,144.8350067138672,144.34500122070312,144.6829071044922,608139.0
2025-10-09T14:30:00-04:00,144.6699981689453,145.0,144.6074981689453,144.9600067138672,784319.0
2025-10-09T15:30:00-04:00,144.95750427246094,145.1699981689453,144.9499969482422,145.10499572753906,740531.0
2025-10-10T09:30:00-04:00,145.40249633789062,145.6699981689453,145.0399932861328,145.3300018310547,1713185.0
2025-10-10T10:30:00-04:00,145.33999633789062,145.5399932861328,141.80499267578125,141.9499969482422,4673150.0
2025-10-10T11:30:00-04:00,141.9550018310547,142.5449981689453,140.8000030517578,141.77499389648438,4903307.0
2025-10-10T12:30:00-04:00,141.77499389648438,142.07000732421875,140.53500366210938,141.38999938964844,2590287.0
2025-10-10T13:30:00-04:00,141.39999389648438,141.65499877929688,140.8699951171875,141.0399932861328,1977222.0
2025-10-10T14:30:00-04:00,141.05999755859375,141.1750030517578,140.0449981689453,140.16000366210938,2226334.0
2025-10-10T15:30:00-04:00,140.19500732421875,140.27499389648438,139.13999938964844,139.22000122070312,2997030.0
2025-10-13T09:30:00-04:00,142.36500549316406,142.90499877929688,141.55499267578125,142.1750030517578,3232042.0
2025-10-13T10:30:00-04:00,142.1649932861328,142.63999938964844,141.5749969482422,142.4069061279297,1784827.0
2025-10-13T11:30:00-04:00,142.41000366210938,142.8000030517578,142.2550048828125,142.6699981689453,1379198.0
2025-10-13T12:30:00-04:00,142.67999267578125,143.05999755859375,142.5749969482422,142.60499572753906,1223290.0
2025-10-13T13:30:00-04:00,142.61500549316406,142.8000030517578,142.48500061035156,142.76499938964844,768941.0
2025-10-13T14:30:00-04:00,142.77000427246094,142.8300018310547,142.3350067138672,142.52000427246094,1270920.0
2025-10-13T15:30:00-04:00,142.52000427246094,142.7449951171875,142.47000122070312,142.5800018310547,1227783.0
2025-10-14T09:30:00-04:00,140.71499633789062,140.9949951171875,139.1199951171875,140.9949951171875,3443106.0
2025-10-14T10:30:00-04:00,140.97000122070312,141.125,140.48500061035156,140.8000030517578,1469350.0
2025-10-14T11:30:00-04:00,140.8000030517578,141.81500244140625,140.69000244140625,141.77499389648438,1859872.0
2025-10-14T12:30:00-04:00,141.77999877929688,142.19000244140625,141.6199951171875,142.05499267578125,1776605.0
2025-10-14T13:30:00-04:00,142.05999755859375,142.10000610351562,141.6699981689453,141.88999938964844,1050569.0
2025-10-14T14:30:00-04:00,141.89500427246094,142.02000427246094,141.7050018310547,141.8125,1068176.0
2025-10-14T15:30:00-04:00,141.80999755859375,141.82249450683594,140.4499969482422,140.72000122070312,2575273.0
2025-10-15T09:30:00-04:00,142.72999572753906,143.27499389648438,141.93499755859375,143.18499755859375,2443540.0
2025-10-15T10:30:00-04:00,143.19000244140625,143.2899932861328,142.8800048828125,142.9250030517578,1269899.0
2025-10-15T11:30:00-04:00,142.92999267578125,142.94500732421875,141.6999969482422,142.3350067138672,1476444.0
2025-10-15T12:30:00-04:00,142.33250427246094,142.3699951171875,140.3975067138672,141.0399932861328,1672083.0
2025-10-15T13:30:00-04:00,141.03500366210938,142.14500427246094,140.99000549316406,141.95260620117188,1215224.0
2025-10-15T14:30:00-04:00,141.9600067138672,142.38499450683594,141.91000366210938,142.3000030517578,923804.0
2025-10-15T15:30:00-04:00,142.3000030517578,142.3249969482422,141.6300048828125,142.16000366210938,1342213.0
2025-10-16T09:30:00-04:00,143.1750030517578,143.63499450683594,142.71499633789062,143.36749267578125,2327058.0
2025-10-16T10:30:00-04:00,143.36500549316406,143.8096466064453,142.82000732421875,142.97500610351562,1302985.0
2025-10-16T11:30:00-04:00,142.9550018310547,143.28529357910156,142.06500244140625,142.1199951171875,1905935.0
2025-10-16T12:30:00-04:00,142.13999938964844,143.10000610351562,141.36000061035156,142.89500427246094,2266781.0
2025-10-16T13:30:00-04:00,142.89999389648438,143.05999755859375,141.2949981689453,141.55999755859375,1365038.0
2025-10-16T14:30:00-04:00,141.5500030517578,142.28500366210938,141.28500366210938,141.68499755859375,1261231.0
2025-10-16T15:30:00-04:00,141.69000244140625,142.3699951171875,141.50999450683594,142.26499938964844,961551.0
2025-10-17T09:30:00-04:00,141.41000366210938,142.67999267578125,141.05499267578125,142.22000122070312,3049411.0
2025-10-17T10:30:00-04:00,142.22999572753906,142.24000549316406,140.71499633789062,140.9149932861328,2154328.0
2025-10-17T11:30:00-04:00,140.9199981689453,142.25999450683594,140.50999450683594,142.2100067138672,1485196.0
2025-10-17T12:30:00-04:00,142.1999969482422,142.36500549316406,141.52000427246094,141.68499755859375,1066852.0
2025-10-17T13:30:00-04:00,141.68499755859375,142.69000244140625,141.52499389648438,142.5850067138672,1318040.0
2025-10-17T14:30:00-04:00,142.5850067138672,142.92999267578125,142.41250610351562,142.75,2114424.0
2025-10-17T15:30:00-04:00,142.75250244140625,142.75250244140625,142.41000366210938,142.47999572753906,1348008.0
2025-10-20T09:30:00-04:00,143.32000732421875,144.3800048828125,143.23500061035156,144.34500122070312,1763562.0
2025-10-20T10:30:00-04:00,144.34500122070312,144.7100067138672,144.19500732421875,144.5500030517578,995823.0
2025-10-20T11:30:00-04:00,144.56500244140625,144.6300048828125,144.29515075683594,144.36500549316406,827703.0
2025-10-20T12:30:00-04:00,144.3699951171875,144.63499450683594,144.1699981689453,144.53500366210938,646319.0
2025-10-20T13:30:00-04:00,144.53500366210938,144.64999389648438,144.4375,144.4499969482422,524652.0
2025-10-20T14:30:00-04:00,144.4550018310547,144.4600067138672,144.14500427246094,144.27999877929688,712500.0
2025-10-20T15:30:00-04:00,144.27000427246094,144.36500549316406,144.08999633789062,144.10499572753906,1064124.0
2025-10-21T09:30:00-04:00,144.0050048828125,144.1300048828125,143.52000427246094,143.61000061035156,1434440.0
2025-10-21T10:30:00-04:00,143.60499572753906,144.52999877929688,143.47500610351562,144.41000366210938,1139970.0
2025-10-21T11:30:00-04:00,144.41000366210938,144.6824951171875,144.29750061035156,144.61500549316406,730949.0
2025-10-21T12:30:00-04:00,144.6199951171875,144.6425018310547,143.94004821777344,144.1699981689453,917340.0
2025-10-21T13:30:00-04:00,144.1649932861328,144.41000366210938,144.08999633789062,144.31500244140625,617836.0
2025-10-21T14:30:00-04:00,144.32000732421875,144.35499572753906,144.1999969482422,144.2449951171875,486921.0
2025-10-21T15:30:00-04:00,144.24000549316406,144.46499633789062,144.1300048828125,144.1649932861328,808913.0
2025-10-22T09:30:00-04:00,144.10499572753906,144.42100524902344,143.0850067138672,143.08999633789062,1227263.0
2025-10-22T10:30:00-04:00,143.10499572753906,143.47500610351562,142.22000122070312,142.28500366210938,1694633.0
2025-10-22T11:30:00-04:00,142.2949981689453,143.05999755859375,142.06500244140625,142.48500061035156,1326262.0
2025-10-22T12:30:00-04:00,142.48500061035156,142.63499450683594,141.44000244140625,141.69000244140625,1850825.0
2025-10-22T13:30:00-04:00,141.69000244140625,141.97999572753906,140.9499969482422,141.73500061035156,1228152.0
2025-10-22T14:30:00-04:00,141.73500061035156,142.5399932861328,141.59500122070312,142.48500061035156,1588371.0
2025-10-22T15:30:00-04:00,142.4875030517578,142.91749572753906,142.48500061035156,142.75999450683594,1191562.0
2025-10-23T09:30:00-04:00,142.18499755859375,143.94500732421875,142.18499755859375,143.8649444580078,1554708.0
2025-10-23T10:30:00-04:00,143.8000030517578,144.2050018310547,143.78500366210938,144.14500427246094,680944.0
2025-10-23T11:30:00-04:00,144.14999389648438,144.5850067138672,143.80499267578125,144.36000061035156,655749.0
2025-10-23T12:30:00-04:00,144.3699951171875,144.52499389648438,144.11000061035156,144.2550048828125,590693.0
2025-10-23T13:30:00-04:00,144.2550048828125,144.69500732421875,144.24229431152344,144.6300048828125,540081.0
2025-10-23T14:30:00-04:00,144.6199951171875,144.77499389648438,144.59500122070312,144.72000122070312,596047.0
2025-10-23T15:30:00-04:00,144.71499633789062,144.71499633789062,144.3800048828125,144.51499938964844,1110175.0
2025-10-24T09:30:00-04:00,146.25,146.875,146.03500366210938,146.3800048828125,1574223.0
2025-10-24T10:30:00-04:00,146.3699951171875,146.9550018310547,146.09500122070312,146.88999938964844,853038.0
2025-10-24T11:30:00-04:00,146.89999389648438,147.08999633789062,146.74000549316406,146.9600067138672,965020.0
2025-10-24T12:30:00-04:00,146.9499969482422,147.02000427246094,146.82249450683594,146.89500427246094,596733.0
2025-10-24T13:30:00-04:00,146.89500427246094,147.10000610351562,146.8800048828125,147.0,468376.0
2025-10-24T14:30:00-04:00,147.00999450683594,147.28250122070312,146.91000366210938,147.2050018310547,894454.0
2025-10-24T15:30:00-04:00,147.2050018310547,147.22999572753906,146.75999450683594,146.83999633789062,1520951.0
2025-10-27T09:30:00-04:00,148.85000610351562,149.125,148.61000061035156,149.1199951171875,2134053.0
2025-10-27T10:30:00-04:00,149.11000061035156,149.38499450683594,148.94000244140625,149.14999389648438,1002624.0
2025-10-27T11:30:00-04:00,149.14999389648438,149.1999969482422,148.9600067138672,149.00999450683594,691223.0
2025-10-27T12:30:00-04:00,149.00999450683594,149.11000061035156,148.9199981689453,149.00999450683594,590338.0
2025-10-27T13:30:00-04:00,149.0175018310547,149.19500732421875,148.97999572753906,149.1300048828125,549717.0
2025-10-27T14:30:00-04:00,149.1300048828125,149.32249450683594,149.0500030517578,149.30499267578125,920639.0
2025-10-27T15:30:00-04:00,149.3000030517578,149.6300048828125,149.28750610351562,149.5399932861328,1362793.0
2025-10-28T09:30:00-04:00,150.22500610351562,150.55499267578125,149.8625030517578,150.0399932861328,1309479.0
2025-10-28T10:30:00-04:00,150.0399932861328,150.08999633789062,149.7949981689453,149.97999572753906,570314.0
2025-10-28T11:30:00-04:00,149.97500610351562,150.4250030517578,149.7100067138672,150.4199981689453,509482.0
2025-10-28T12:30:00-04:00,150.41000366210938,150.77000427246094,150.3350067138672,150.55999755859375,957989.0
2025-10-28T13:30:00-04:00,150.56500244140625,151.1750030517578,150.55499267578125,151.12750244140625,726805.0
2025-10-28T14:30:00-04:00,151.13999938964844,151.52499389648438,151.13999938964844,151.5050048828125,1918480.0
2025-10-28T15:30:00-04:00,151.51499938964844,151.57000732421875,150.9550018310547,150.97000122070312,1094418.0
2025-10-29T09:30:00-04:00,152.34750366210938,152.9949951171875,152.2050018310547,152.68499755859375,2226610.0
2025-10-29T10:30:00-04:00,152.68499755859375,152.7899932861328,152.21499633789062,152.35000610351562,1021030.0
2025-10-29T11:30:00-04:00,152.3249969482422,152.3699951171875,151.625,152.05999755859375,1236182.0
2025-10-29T12:30:00-04:00,152.0574951171875,152.38999938964844,152.0050048828125,152.11749267578125,776243.0
2025-10-29T13:30:00-04:00,152.11500549316406,152.47500610351562,151.98500061035156,152.26499938964844,983293.0
2025-10-29T14:30:00-04:00,152.27499389648438,152.50999450683594,150.94000244140625,151.88499450683594,2504485.0
2025-10-29T15:30:00-04:00,151.8800048828125,152.2899932861328,151.5449981689453,152.14999389648438,1564026.0
2025-10-30T09:30:00-04:00,151.1999969482422,151.97999572753906,150.3350067138672,150.8000030517578,2306610.0
2025-10-30T10:30:00-04:00,150.7949981689453,151.33999633789062,150.52999877929688,151.05499267578125,1328669.0
2025-10-30T11:30:00-04:00,151.0749969482422,151.2550048828125,150.4250030517578,151.1649932861328,992874.0
2025-10-30T12:30:00-04:00,151.16749572753906,151.22999572753906,150.7100067138672,151.15499877929688,1192495.0
2025-10-30T13:30:00-04:00,151.13499450683594,151.35499572753906,150.88499450683594,150.91329956054688,896687.0
2025-10-30T14:30:00-04:00,150.9250030517578,151.11500549316406,150.1649932861328,150.44500732421875,999639.0
2025-10-30T15:30:00-04:00,150.44500732421875,150.64500427246094,150.14500427246094,150.21499633789062,1269957.0
2025-10-31T09:30:00-04:00,151.7100067138672,151.82000732421875,150.6649932861328,151.0050048828125,1565209.0
2025-10-31T10:30:00-04:00,151.00999450683594,151.47999572753906,150.97000122070312,151.01499938964844,703918.0
2025-10-31T11:30:00-04:00,151.03500366210938,151.09500122070312,149.8000030517578,150.1446533203125,1260635.0
2025-10-31T12:30:00-04:00,150.13499450683594,150.30999755859375,149.48504638671875,149.69500732421875,884965.0
2025-10-31T13:30:00-04:00,149.67999267578125,150.45249938964844,149.47000122070312,150.42250061035156,713913.0
2025-10-31T14:30:00-04:00,150.39500427246094,151.0,150.1699981689453,150.95249938964844,752144.0
2025-10-31T15:30:00-04:00,150.94000244140625,151.13999938964844,150.2899932861328,150.2899932861328,1386692.0
2025-11-03T09:30:00-05:00,151.77999877929688,152.11000061035156,150.24000549316406,150.35499572753906,1362469.0
2025-11-03T10:30:00-05:00,150.33999633789062,150.82000732421875,150.1300048828125,150.50999450683594,1081005.0
2025-11-03T11:30:00-05:00,150.5175018310547,151.1824951171875,150.49000549316406,150.91000366210938,816036.0
2025-11-03T12:30:00-05:00,150.89999389648438,151.3800048828125,150.89500427246094,151.28500366210938,582340.0
2025-11-03T13:30:00-05:00,151.3000030517578,151.4375,150.83999633789062,150.93499755859375,1038353.0
2025-11-03T14:30:00-05:00,150.9324951171875,151.0675048828125,150.66000366210938,150.77999877929688,788649.0
2025-11-03T15:30:00-05:00,150.77999877929688,151.01499938964844,150.6300048828125,151.00999450683594,1132082.0
2025-11-04T09:30:00-05:00,148.22250366210938,149.1999969482422,147.4550018310547,148.95509338378906,1608508.0
2025-11-04T10:30:00-05:00,148.9550018310547,149.0528564453125,148.0399932861328,148.27565002441406,774420.0
2025-11-04T11:30:00-05:00,148.27999877929688,148.4949951171875,147.48500061035156,147.9550018310547,1160449.0
2025-11-04T12:30:00-05:00,147.9550018310547,148.14999389648438,147.31500244140625,147.3699951171875,853476.0
2025-11-04T13:30:00-05:00,147.35499572753906,147.8000030517578,147.17999267578125,147.58999633789062,737791.0
2025-11-04T14:30:00-05:00,147.58999633789062,147.63999938964844,146.93499755859375,147.21499633789062,1016996.0
2025-11-04T15:30:00-05:00,147.22000122070312,147.3975067138672,146.72500610351562,146.9600067138672,1437317.0
2025-11-05T09:30:00-05:00,146.70750427246094,147.95399475097656,146.48500061035156,147.75999450683594,1752147.0
2025-11-05T10:30:00-05:00,147.75,148.19500732421875,147.57000732421875,148.0399932861328,1285251.0
2025-11-05T11:30:00-05:00,148.0399932861328,148.2100067138672,147.7449951171875,148.0124969482422,799845.0
2025-11-05T12:30:00-05:00,148.02000427246094,148.30999755859375,147.96499633789062,148.3000030517578,480415.0
2025-11-05T13:30:00-05:00,148.3000030517578,148.74000549316406,148.2725067138672,148.5500030517578,804808.0
2025-11-05T14:30:00-05:00,148.5500030517578,148.7050018310547,148.3800048828125,148.4250030517578,716558.0
2025-11-05T15:30:00-05:00,148.42750549316406,148.43499755859375,147.49000549316406,147.52499389648438,1095134.0
2025-11-06T09:30:00-05:00,147.30999755859375,147.44000244140625,145.41000366210938,146.17999267578125,2228858.0
2025-11-06T10:30:00-05:00,146.19500732421875,146.24000549316406,144.58999633789062,145.01499938964844,2236144.0
2025-11-06T11:30:00-05:00,145.0050048828125,145.0050048828125,143.8350067138672,144.17999267578125,1785442.0
2025-11-06T12:30:00-05:00,144.1750030517578,145.08999633789062,144.10000610351562,144.9700469970703,1243799.0
2025-11-06T13:30:00-05:00,144.97500610351562,145.85000610351562,144.86500549316406,145.80499267578125,1393216.0
2025-11-06T14:30:00-05:00,145.7949981689453,145.88250732421875,145.23500061035156,145.27780151367188,1347835.0
2025-11-06T15:30:00-05:00,145.27499389648438,145.4600067138672,144.4149932861328,144.5500030517578,1973359.0
2025-11-07T09:30:00-05:00,143.34500122070312,143.55499267578125,141.99000549316406,142.59249877929688,3053321.0
2025-11-07T10:30:00-05:00,142.58999633789062,142.7050018310547,141.1199951171875,141.35000610351562,1886173.0
2025-11-07T11:30:00-05:00,141.35000610351562,141.9250030517578,140.7989959716797,141.71499633789062,1397247.0
2025-11-07T12:30:00-05:00,141.7100067138672,142.51499938964844,141.22000122070312,142.4949951171875,1198659.0
2025-11-07T13:30:00-05:00,142.4949951171875,142.6750030517578,141.97500610351562,142.5399932861328,1190803.0
2025-11-07T14:30:00-05:00,142.5449981689453,143.6999969482422,142.5449981689453,143.17999267578125,2043107.0
2025-11-07T15:30:00-05:00,143.17999267578125,144.11500549316406,143.17999267578125,144.0800018310547,1619490.0
2025-11-10T09:30:00-05:00,146.65499877929688,147.61000061035156,146.60000610351562,147.4600067138672,2265327.0
2025-11-10T10:30:00-05:00,147.47500610351562,147.60499572753906,146.06495666503906,146.12750244140625,1152139.0
2025-11-10T11:30:00-05:00,146.1300048828125,146.86500549316406,145.89500427246094,146.73500061035156,723270.0
2025-11-10T12:30:00-05:00,146.7550048828125,147.39999389648438,146.7550048828125,147.22500610351562,761895.0
2025-11-10T13:30:00-05:00,147.22999572753906,147.6125030517578,147.2050018310547,147.53500366210938,847853.0
2025-11-10T14:30:00-05:00,147.53500366210938,147.88250732421875,147.5175018310547,147.75750732421875,1217753.0
2025-11-10T15:30:00-05:00,147.75999450683594,148.0449981689453,147.6824951171875,147.80499267578125,1730998.0
2025-11-11T09:30:00-05:00,146.7899932861328,147.0399932861328,145.9250030517578,146.04750061035156,1636338.0
2025-11-11T10:30:00-05:00,146.0500030517578,146.31500244140625,145.52999877929688,145.84249877929688,1031444.0
2025-11-11T11:30:00-05:00,145.85499572753906,146.39500427246094,145.63999938964844,146.14144897460938,770946.0
2025-11-11T12:30:00-05:00,146.1425018310547,146.80499267578125,146.1024932861328,146.56500244140625,819162.0
2025-11-11T13:30:00-05:00,146.57000732421875,147.05499267578125,146.3074951171875,146.73500061035156,852093.0
2025-11-11T14:30:00-05:00,146.73500061035156,146.9550018310547,146.64500427246094,146.75,738052.0
2025-11-11T15:30:00-05:00,146.74749755859375,146.8300018310547,146.36749267578125,146.5,1409112.0
2025-11-12T09:30:00-05:00,147.72999572753906,147.72999572753906,146.4149932861328,146.97999572753906,1670970.0
2025-11-12T10:30:00-05:00,146.97999572753906,147.05250549316406,146.0749969482422,146.7449951171875,991386.0
2025-11-12T11:30:00-05:00,146.73500061035156,146.9550018310547,146.10499572753906,146.39999389648438,840966.0
2025-11-12T12:30:00-05:00,146.38999938964844,146.89999389648438,146.3000030517578,146.77499389648438,613887.0
2025-11-12T13:30:00-05:00,146.77499389648438,147.0509033203125,146.49000549316406,146.56500244140625,516012.0
2025-11-12T14:30:00-05:00,146.57000732421875,146.7449951171875,146.34500122070312,146.70614624023438,575346.0
2025-11-12T15:30:00-05:00,146.7050018310547,147.0500030517578,146.6649932861328,147.0050048828125,959437.0
2025-11-13T09:30:00-05:00,146.13999938964844,146.33999633789062,144.69500732421875,145.32000732421875,2069183.0
2025-11-13T10:30:00-05:00,145.32000732421875,145.3249969482422,143.84500122070312,144.21499633789062,1566340.0
2025-11-13T11:30:00-05:00,144.2100067138672,144.46499633789062,143.64999389648438,144.19000244140625,1242951.0
2025-11-13T12:30:00-05:00,144.1750030517578,144.3350067138672,142.9250030517578,142.98500061035156,1063648.0
2025-11-13T13:30:00-05:00,142.98500061035156,143.30999755859375,142.51499938964844,143.30999755859375,1754537.0
2025-11-13T14:30:00-05:00,143.30499267578125,143.40499877929688,142.5238494873047,142.8699951171875,1512080.0
2025-11-13T15:30:00-05:00,142.875,143.47999572753906,142.81500244140625,143.27999877929688,1622463.0
2025-11-14T09:30:00-05:00,140.64999389648438,143.38999938964844,140.14500427246094,143.1699981689453,4288379.0
2025-11-14T10:30:00-05:00,143.17250061035156,145.18499755859375,143.03500366210938,145.0,2115345.0
2025-11-14T11:30:00-05:00,145.01499938964844,145.3800048828125,144.66099548339844,145.28500366210938,1340802.0
2025-11-14T12:30:00-05:00,145.27999877929688,145.35000610351562,144.2550048828125,144.52999877929688,1774934.0
2025-11-14T13:30:00-05:00,144.52499389648438,144.77499389648438,143.94500732421875,144.6750030517578,1199351.0
2025-11-14T14:30:00-05:00,144.67999267578125,145.0050048828125,144.22000122070312,144.34495544433594,1036444.0
2025-11-14T15:30:00-05:00,144.3350067138672,144.47999572753906,143.82000732421875,144.10000610351562,1245383.0
2025-11-17T09:30:00-05:00,142.72500610351562,144.28500366210938,142.2899932861328,143.3800048828125,2224936.0
2025-11-17T10:30:00-05:00,143.3699951171875,143.49000549316406,142.18499755859375,142.9600067138672,1560889.0
2025-11-17T11:30:00-05:00,142.94500732421875,143.68499755859375,142.875,143.2899932861328,1131036.0
2025-11-17T12:30:00-05:00,143.30499267578125,143.4149932861328,142.1999969482422,142.36500549316406,1623889.0
2025-11-17T13:30:00-05:00,142.35499572753906,142.81500244140625,141.25999450683594,141.54249572753906,1784657.0
2025-11-17T14:30:00-05:00,141.5399932861328,141.6699981689453,140.6750030517578,141.09500122070312,2000605.0
2025-11-17T15:30:00-05:00,141.10499572753906,141.85499572753906,140.8800048828125,141.81500244140625,1787775.0
2025-11-18T09:30:00-05:00,140.59500122070312,141.32000732421875,138.46499633789062,139.32000732421875,3162260.0
2025-11-18T10:30:00-05:00,139.3350067138672,140.0,138.23500061035156,139.86500549316406,3578982.0
2025-11-18T11:30:00-05:00,139.8800048828125,140.23500061035156,139.11000061035156,139.1699981689453,2438848.0
2025-11-18T12:30:00-05:00,139.15499877929688,140.7899932861328,138.9550018310547,140.31500244140625,2765547.0
2025-11-18T13:30:00-05:00,140.3249969482422,140.77499389648438,139.9949951171875,140.125,1790649.0
2025-11-18T14:30:00-05:00,140.125,140.72500610351562,139.72000122070312,140.02499389648438,2138505.0
2025-11-18T15:30:00-05:00,140.02999877929688,140.1199951171875,139.4199981689453,139.4550018310547,2145033.0
2025-11-19T09:30:00-05:00,139.52499389648438,142.05499267578125,139.2550048828125,141.9550018310547,2248421.0
2025-11-19T10:30:00-05:00,141.9600067138672,142.05999755859375,140.10000610351562,140.38499450683594,2142672.0
2025-11-19T11:30:00-05:00,140.38999938964844,140.52999877929688,139.61500549316406,139.93499755859375,1866036.0
2025-11-19T12:30:00-05:00,139.9250030517578,140.42999267578125,139.1649932861328,139.82000732421875,2417413.0
2025-11-19T13:30:00-05:00,139.81500244140625,140.60000610351562,139.7449951171875,139.8300018310547,1691819.0
2025-11-19T14:30:00-05:00,139.83999633789062,141.1144561767578,139.63499450683594,140.85000610351562,1540888.0
2025-11-19T15:30:00-05:00,140.85499572753906,141.19000244140625,140.2949981689453,140.48500061035156,1674094.0
2025-11-20T09:30:00-05:00,143.72000122070312,144.2572479248047,143.1300048828125,143.7050018310547,3308919.0
2025-11-20T10:30:00-05:00,143.7100067138672,144.0449981689453,141.11000061035156,141.22999572753906,2495822.0
2025-11-20T11:30:00-05:00,141.22500610351562,141.3699951171875,137.5800018310547,138.22000122070312,7332672.0
2025-11-20T12:30:00-05:00,138.21499633789062,139.28500366210938,137.36000061035156,138.60499572753906,4893695.0
2025-11-20T13:30:00-05:00,138.59500122070312,138.75,136.60264587402344,137.52000427246094,3369848.0
2025-11-20T14:30:00-05:00,137.5050048828125,137.85499572753906,136.69500732421875,137.02499389648438,2798853.0
2025-11-20T15:30:00-05:00,137.02000427246094,137.11000061035156,135.75999450683594,136.08999633789062,3723604.0
2025-11-21T09:30:00-05:00,136.3000030517578,136.7050018310547,134.4499969482422,134.5749969482422,4344559.0
2025-11-21T10:30:00-05:00,134.5800018310547,135.5850067138672,133.74000549316406,135.5749969482422,5397795.0
2025-11-21T11:30:00-05:00,135.57000732421875,137.19500732421875,135.4949951171875,136.96499633789062,3067991.0
2025-11-21T12:30:00-05:00,136.97999572753906,137.33999633789062,135.89999389648438,136.25999450683594,2074378.0
2025-11-21T13:30:00-05:00,136.2550048828125,138.4199981689453,136.14999389648438,138.3216552734375,2861338.0
2025-11-21T14:30:00-05:00,138.3300018310547,138.4199981689453,137.06500244140625,137.06500244140625,2013223.0
2025-11-21T15:30:00-05:00,137.05499267578125,137.4499969482422,136.4550018310547,136.63499450683594,2325737.0
2025-11-24T09:30:00-05:00,137.52000427246094,139.0850067138672,137.43499755859375,138.5850067138672,2526789.0
2025-11-24T10:30:00-05:00,138.58999633789062,139.9149932861328,138.39500427246094,139.80999755859375,1342660.0
2025-11-24T11:30:00-05:00,139.80499267578125,140.05999755859375,139.5850067138672,139.86500549316406,729427.0
2025-11-24T12:30:00-05:00,139.86000061035156,140.34750366210938,139.85000610351562,140.14500427246094,662135.0
2025-11-24T13:30:00-05:00,140.14999389648438,140.2550048828125,140.0124969482422,140.0449981689453,572407.0
2025-11-24T14:30:00-05:00,140.05499267578125,140.19500732421875,139.6750030517578,140.03500366210938,1086978.0
2025-11-24T15:30:00-05:00,140.03250122070312,140.25,139.80999755859375,139.9199981689453,2077778.0
2025-11-25T09:30:00-05:00,138.625,138.79249572753906,136.65499877929688,137.83999633789062,3464294.0
2025-11-25T10:30:00-05:00,137.8350067138672,138.98500061035156,137.80499267578125,138.80999755859375,1524649.0
2025-11-25T11:30:00-05:00,138.81500244140625,139.7899932861328,138.7100067138672,139.61000061035156,1161418.0
2025-11-25T12:30:00-05:00,139.61000061035156,140.1999969482422,139.52499389648438,139.80499267578125,1033984.0
2025-11-25T13:30:00-05:00,139.80999755859375,140.0399932861328,139.4199981689453,139.5500030517578,920462.0
2025-11-25T14:30:00-05:00,139.5500030517578,140.13999938964844,139.2550048828125,140.0850067138672,981057.0
2025-11-25T15:30:00-05:00,140.0800018310547,140.58999633789062,140.07000732421875,140.22500610351562,1264380.0
2025-11-26T09:30:00-05:00,141.88499450683594,141.91250610351562,140.7899932861328,141.14500427246094,1780238.0
2025-11-26T10:30:00-05:00,141.14999389648438,142.21180725097656,141.14999389648438,142.13499450683594,1000538.0
2025-11-26T11:30:00-05:00,142.14500427246094,142.4774932861328,141.93499755859375,142.16000366210938,532676.0
2025-11-26T12:30:00-05:00,142.16000366210938,142.4250030517578,141.8699951171875,142.2449951171875,628743.0
2025-11-26T13:30:00-05:00,142.22999572753906,142.3074951171875,141.88499450683594,142.2949981689453,522614.0
2025-11-26T14:30:00-05:00,142.2949981689453,142.4949951171875,142.05999755859375,142.36549377441406,686289.0
2025-11-26T15:30:00-05:00,142.36500549316406,142.40750122070312,141.85499572753906,141.86000061035156,1182796.0
2025-11-28T09:30:00-05:00,142.19000244140625,142.58999633789062,141.80499267578125,142.36500549316406,1059938.0
2025-11-28T10:30:00-05:00,142.36500549316406,142.8300018310547,142.32000732421875,142.5800018310547,739608.0
2025-11-28T11:30:00-05:00,142.5749969482422,142.85000610351562,142.4600067138672,142.68499755859375,551907.0
2025-12-01T09:30:00-05:00,141.72000122070312,142.6300048828125,141.28500366210938,142.32000732421875,1903445.0
2025-12-01T10:30:00-05:00,142.31500244140625,142.93499755859375,141.9949951171875,142.75,697585.0
2025-12-01T11:30:00-05:00,142.7449951171875,143.35000610351562,142.74000549316406,143.25999450683594,540998.0
2025-12-01T12:30:00-05:00,143.2550048828125,143.58749389648438,143.18499755859375,143.3249969482422,518211.0
2025-12-01T13:30:00-05:00,143.33999633789062,143.6024932861328,142.9550018310547,142.97999572753906,483327.0
2025-12-01T14:30:00-05:00,142.97999572753906,143.1649932861328,142.77000427246094,143.05499267578125,561043.0
2025-12-01T15:30:00-05:00,143.05999755859375,143.28250122070312,142.97500610351562,143.2449951171875,1322243.0
2025-12-02T09:30:00-05:00,144.06500244140625,145.51499938964844,143.91000366210938,144.77999877929688,1839298.0
2025-12-02T10:30:00-05:00,144.77999877929688,145.38999938964844,143.8300018310547,143.95379638671875,1362404.0
2025-12-02T11:30:00-05:00,143.9149932861328,144.97999572753906,143.64500427246094,144.9149932861328,706892.0
2025-12-02T12:30:00-05:00,144.9199981689453,145.02499389648438,144.25,144.5749969482422,683315.0
2025-12-02T13:30:00-05:00,144.55999755859375,144.8699951171875,144.36349487304688,144.61000061035156,777476.0
2025-12-02T14:30:00-05:00,144.59500122070312,144.9250030517578,144.5749969482422,144.90249633789062,683070.0
2025-12-02T15:30:00-05:00,144.89999389648438,144.97000122070312,144.5749969482422,144.6300048828125,1411295.0
2025-12-03T09:30:00-05:00,143.9499969482422,144.25,143.2274932861328,144.0449981689453,1819283.0
2025-12-03T10:30:00-05:00,144.02499389648438,144.65499877929688,143.83999633789062,144.33999633789062,853292.0
2025-12-03T11:30:00-05:00,144.35000610351562,144.78750610351562,144.03500366210938,144.6649932861328,531146.0
2025-12-03T12:30:00-05:00,144.66000366210938,144.85000610351562,144.50250244140625,144.6999969482422,418090.0
2025-12-03T13:30:00-05:00,144.7100067138672,144.9199981689453,144.63999938964844,144.8300018310547,391117.0
2025-12-03T14:30:00-05:00,144.82749938964844,145.0800018310547,144.7899932861328,145.05499267578125,504701.0
2025-12-03T15:30:00-05:00,145.0574951171875,145.09500122070312,144.88499450683594,144.98500061035156,1079346.0
2025-12-04T09:30:00-05:00,145.19000244140625,145.2949981689453,144.4949951171875,145.1699981689453,1093267.0
2025-12-04T10:30:00-05:00,145.17999267578125,145.49000549316406,144.72999572753906,145.25999450683594,553739.0
2025-12-04T11:30:00-05:00,145.2550048828125,145.7949981689453,145.17999267578125,145.4199981689453,526081.0
2025-12-04T12:30:00-05:00,145.4199981689453,145.59500122070312,145.26499938964844,145.57000732421875,393637.0
2025-12-04T13:30:00-05:00,145.55999755859375,145.6050567626953,144.69000244140625,144.9600067138672,343830.0
2025-12-04T14:30:00-05:00,144.92999267578125,145.4600067138672,144.88999938964844,145.07000732421875,555692.0
2025-12-04T15:30:00-05:00,145.05999755859375,145.55499267578125,145.0500030517578,145.52999877929688,882431.0
2025-12-05T09:30:00-05:00,146.2100067138672,147.30999755859375,145.69000244140625,146.8800048828125,1448884.0
2025-12-05T10:30:00-05:00,146.8800048828125,147.0998992919922,146.1300048828125,146.22999572753906,1149771.0
2025-12-05T11:30:00-05:00,146.22999572753906,146.5998992919922,145.92999267578125,146.22000122070312,683494.0
2025-12-05T12:30:00-05:00,146.2050018310547,146.7100067138672,146.0500030517578,146.69000244140625,646506.0
2025-12-05T13:30:00-05:00,146.6999969482422,146.80999755859375,146.4499969482422,146.5399932861328,643012.0
2025-12-05T14:30:00-05:00,146.5399932861328,146.69000244140625,146.40499877929688,146.60499572753906,667841.0
2025-12-05T15:30:00-05:00,146.59500122070312,146.67999267578125,146.25999450683594,146.5800018310547,1043350.0
2025-12-08T09:30:00-05:00,147.42999267578125,148.3800048828125,147.24000549316406,147.5399932861328,2827679.0
2025-12-08T10:30:00-05:00,147.5399932861328,147.8300018310547,147.0500030517578,147.5,916030.0
2025-12-08T11:30:00-05:00,147.49000549316406,147.5399932861328,147.0500030517578,147.28900146484375,667782.0
2025-12-08T12:30:00-05:00,147.2899932861328,148.05999755859375,147.26499938964844,147.54010009765625,791626.0
2025-12-08T13:30:00-05:00,147.52999877929688,147.55999755859375,146.9199981689453,147.1300048828125,664079.0
2025-12-08T14:30:00-05:00,147.125,147.30960083007812,147.0449981689453,147.24000549316406,612502.0
2025-12-08T15:30:00-05:00,147.2449951171875,147.6699981689453,147.09500122070312,147.66000366210938,1159380.0
2025-12-09T09:30:00-05:00,147.3350067138672,147.88499450683594,146.9600067138672,147.8350067138672,1357733.0
2025-12-09T10:30:00-05:00,147.85000610351562,148.25,147.6699981689453,148.07000732421875,690207.0
2025-12-09T11:30:00-05:00,148.08999633789062,148.1999969482422,147.83399963378906,148.0,553139.0
2025-12-09T12:30:00-05:00,148.00999450683594,148.08999633789062,147.86000061035156,148.04330444335938,442798.0
2025-12-09T13:30:00-05:00,148.0399932861328,148.07000732421875,147.7550048828125,147.875,686850.0
2025-12-09T14:30:00-05:00,147.8800048828125,147.9781951904297,147.75999450683594,147.89500427246094,715753.0
2025-12-09T15:30:00-05:00,147.89500427246094,148.1649932861328,147.8699951171875,148.0399932861328,1039460.0
2025-12-10T09:30:00-05:00,147.69000244140625,147.77999877929688,146.91000366210938,147.4499969482422,1413639.0
2025-12-10T10:30:00-05:00,147.44000244140625,147.6699981689453,146.82000732421875,147.63999938964844,766253.0
2025-12-10T11:30:00-05:00,147.64999389648438,147.6999969482422,147.44000244140625,147.5500030517578,759062.0
2025-12-10T12:30:00-05:00,147.5399932861328,147.89999389648438,147.39199829101562,147.47039794921875,436834.0
2025-12-10T13:30:00-05:00,147.47000122070312,148.39999389648438,147.41000366210938,147.9199981689453,1229001.0
2025-12-10T14:30:00-05:00,147.9499969482422,149.22000122070312,147.52000427246094,148.97019958496094,1828662.0
2025-12-10T15:30:00-05:00,148.97999572753906,149.14999389648438,148.67999267578125,148.75999450683594,1462488.0
2025-12-11T09:30:00-05:00,147.05999755859375,147.05999755859375,145.11000061035156,146.64999389648438,3090382.0
2025-12-11T10:30:00-05:00,146.64999389648438,146.75,145.75,145.91000366210938,1207290.0
2025-12-11T11:30:00-05:00,145.89999389648438,147.17999267578125,145.88999938964844,146.9600067138672,871897.0
2025-12-11T12:30:00-05:00,146.95010375976562,147.52999877929688,146.85000610351562,147.30999755859375,817484.0
2025-12-11T13:30:00-05:00,147.2899932861328,147.97000122070312,147.1999969482422,147.9499969482422,684792.0
2025-12-11T14:30:00-05:00,147.9600067138672,148.1300048828125,147.77999877929688,147.8000030517578,994691.0
2025-12-11T15:30:00-05:00,147.80999755859375,148.02029418945312,147.6699981689453,148.0,1501475.0
2025-12-12T09:30:00-05:00,146.94000244140625,147.0800018310547,144.97000122070312,144.98500061035156,2775480.0
2025-12-12T10:30:00-05:00,144.97999572753906,145.57000732421875,143.47000122070312,144.0500030517578,2633818.0
2025-12-12T11:30:00-05:00,144.0500030517578,144.66000366210938,143.25999450683594,144.10000610351562,1795713.0
2025-12-12T12:30:00-05:00,144.10000610351562,145.16510009765625,143.91000366210938,144.91000366210938,1187651.0
2025-12-12T13:30:00-05:00,144.89999389648438,144.91000366210938,143.75999450683594,143.83999633789062,1187046.0
2025-12-12T14:30:00-05:00,143.8300018310547,144.14500427246094,143.61000061035156,143.69000244140625,1493145.0
2025-12-12T15:30:00-05:00,143.67999267578125,143.8000030517578,143.3000030517578,143.7100067138672,2685885.0
2025-12-15T09:30:00-05:00,144.4199981689453,144.6300048828125,142.02000427246094,142.25999450683594,3363392.0
2025-12-15T10:30:00-05:00,142.27000427246094,143.6300048828125,142.19000244140625,143.57000732421875,1371434.0
2025-12-15T11:30:00-05:00,143.57000732421875,143.60000610351562,142.75,143.11000061035156,924630.0
2025-12-15T12:30:00-05:00,143.1199951171875,143.30999755859375,142.52999877929688,142.63999938964844,767191.0
2025-12-15T13:30:00-05:00,142.6300048828125,143.10000610351562,142.51499938964844,142.75,527989.0
2025-12-15T14:30:00-05:00,142.75,142.80360412597656,142.42999267578125,142.52499389648438,866192.0
2025-12-15T15:30:00-05:00,142.52999877929688,142.58999633789062,142.21499633789062,142.30499267578125,1691416.0
2025-12-16T09:30:00-05:00,141.91000366210938,142.89999389648438,141.3000030517578,141.77000427246094,2851087.0
2025-12-16T10:30:00-05:00,141.72999572753906,142.3585968017578,141.30999755859375,141.6699981689453,1201586.0
2025-12-16T11:30:00-05:00,141.66000366210938,142.4499969482422,141.52999877929688,141.93699645996094,1034336.0
2025-12-16T12:30:00-05:00,141.9199981689453,142.24000549316406,141.42999267578125,141.610107421875,1140749.0
2025-12-16T13:30:00-05:00,141.6199951171875,142.52999877929688,141.61000061035156,142.10499572753906,1031173.0
2025-12-16T14:30:00-05:00,142.10000610351562,142.58999633789062,142.0500030517578,142.52520751953125,1139695.0
2025-12-16T15:30:00-05:00,142.52000427246094,142.97000122070312,142.50999450683594,142.52999877929688,1846810.0
2025-12-17T09:30:00-05:00,142.72000122070312,142.83999633789062,141.8800048828125,142.19509887695312,4266347.0
2025-12-17T10:30:00-05:00,142.19000244140625,142.28550720214844,139.97999572753906,140.31719970703125,3119406.0
2025-12-17T11:30:00-05:00,140.30999755859375,140.4600067138672,139.75,140.22000122070312,1698016.0
2025-12-17T12:30:00-05:00,140.22999572753906,140.5800018310547,139.91000366210938,140.13999938964844,1429128.0
2025-12-17T13:30:00-05:00,140.13999938964844,140.19000244140625,139.625,139.68499755859375,1986882.0
2025-12-17T14:30:00-05:00,139.67999267578125,140.03500366210938,139.53500366210938,139.77000427246094,1444449.0
2025-12-17T15:30:00-05:00,139.77999877929688,139.88499450683594,139.32000732421875,139.3699951171875,3542717.0
2025-12-18T09:30:00-05:00,141.86000061035156,142.22000122070312,140.7899932861328,141.85000610351562,3799638.0
2025-12-18T10:30:00-05:00,141.85000610351562,142.4199981689453,141.72000122070312,142.05999755859375,1338597.0
2025-12-18T11:30:00-05:00,142.05999755859375,142.4149932861328,140.94000244140625,141.16000366210938,1339280.0
2025-12-18T12:30:00-05:00,141.16000366210938,142.25999450683594,141.0800018310547,142.14230346679688,1250069.0
2025-12-18T13:30:00-05:00,142.14999389648438,142.39999389648438,141.5399932861328,141.6999969482422,1218303.0
2025-12-18T14:30:00-05:00,141.6999969482422,141.91000366210938,141.1300048828125,141.87930297851562,1254707.0
2025-12-18T15:30:00-05:00,141.8699951171875,142.08999633789062,141.52000427246094,141.52000427246094,1554609.0
2025-12-19T09:30:00-05:00,142.58999633789062,144.41000366210938,142.57000732421875,143.7899932861328,3677490.0
2025-12-19T10:30:00-05:00,143.7899932861328,144.16000366210938,143.5399932861328,143.9600067138672,1453659.0
2025-12-19T11:30:00-05:00,143.96499633789062,144.36000061035156,143.75999450683594,144.27999877929688,849991.0
2025-12-19T12:30:00-05:00,144.2899932861328,144.47999572753906,144.14999389648438,144.35000610351562,810581.0
2025-12-19T13:30:00-05:00,144.35000610351562,144.4199981689453,144.10870361328125,144.37440490722656,746988.0
2025-12-19T14:30:00-05:00,144.3800048828125,144.60000610351562,144.34500122070312,144.5449981689453,1254480.0
2025-12-19T15:30:00-05:00,144.52999877929688,144.6199951171875,144.30999755859375,144.6199951171875,3506646.0
2025-12-22T09:30:00-05:00,146.00999450683594,146.00999450683594,144.67999267578125,145.02999877929688,2561859.0
2025-12-22T10:30:00-05:00,145.02999877929688,145.27999877929688,144.64500427246094,145.14500427246094,926609.0
2025-12-22T11:30:00-05:00,145.14500427246094,145.1999969482422,145.02999877929688,145.1002960205078,1050848.0
2025-12-22T12:30:00-05:00,145.10499572753906,145.22999572753906,144.97999572753906,145.0850067138672,868020.0
2025-12-22T13:30:00-05:00,145.08999633789062,145.19000244140625,144.9949951171875,145.18499755859375,698175.0
2025-12-22T14:30:00-05:00,145.19000244140625,145.32000732421875,145.05499267578125,145.1300048828125,1232821.0
2025-12-22T15:30:00-05:00,145.125,145.22000122070312,145.0,145.14999389648438,1270231.0
2025-12-23T09:30:00-05:00,144.74000549316406,145.25999450683594,144.36000061035156,144.82009887695312,1655513.0
2025-12-23T10:30:00-05:00,144.8300018310547,145.50999450683594,144.8249969482422,145.44500732421875,955467.0
2025-12-23T11:30:00-05:00,145.4499969482422,145.63499450683594,145.3000030517578,145.5749969482422,826066.0
2025-12-23T12:30:00-05:00,145.57000732421875,145.63999938964844,145.47999572753906,145.5449981689453,586986.0
2025-12-23T13:30:00-05:00,145.5449981689453,145.72999572753906,145.50999450683594,145.72000122070312,731453.0
2025-12-23T14:30:00-05:00,145.7100067138672,145.86000061035156,145.69000244140625,145.80499267578125,762835.0
2025-12-23T15:30:00-05:00,145.8000030517578,145.97999572753906,145.78269958496094,145.9199981689453,1428886.0
2025-12-24T09:30:00-05:00,145.7899932861328,146.33999633789062,145.67999267578125,146.13999938964844,1567347.0
2025-12-24T10:30:00-05:00,146.13999938964844,146.30499267578125,146.0500030517578,146.26499938964844,593498.0
2025-12-24T11:30:00-05:00,146.27000427246094,146.5,146.25,146.4199981689453,629489.0
2025-12-26T09:30:00-05:00,146.61000061035156,146.97999572753906,146.24000549316406,146.72000122070312,1366825.0
2025-12-26T10:30:00-05:00,146.72000122070312,146.91000366210938,146.6199951171875,146.74000549316406,608715.0
2025-12-26T11:30:00-05:00,146.7449951171875,146.8249969482422,146.52000427246094,146.73500061035156,588471.0
2025-12-26T12:30:00-05:00,146.72999572753906,146.75999450683594,146.57009887695312,146.71499633789062,373195.0
2025-12-26T13:30:00-05:00,146.7100067138672,146.89999389648438,146.7050018310547,146.77499389648438,380383.0
2025-12-26T14:30:00-05:00,146.77999877929688,146.80999755859375,146.58999633789062,146.6300048828125,433281.0
2025-12-26T15:30:00-05:00,146.6300048828125,146.68499755859375,146.4600067138672,146.52000427246094,1111048.0
2025-12-29T09:30:00-05:00,145.35000610351562,146.3800048828125,145.0399932861328,145.72500610351562,2102306.0
2025-12-29T10:30:00-05:00,145.7100067138672,145.92999267578125,145.27999877929688,145.55499267578125,819838.0
2025-12-29T11:30:00-05:00,145.5500030517578,145.63999938964844,145.1999969482422,145.25979614257812,1429265.0
2025-12-29T12:30:00-05:00,145.2550048828125,145.64999389648438,145.23500061035156,145.5850067138672,973721.0
2025-12-29T13:30:00-05:00,145.585205078125,145.77499389648438,145.47999572753906,145.69500732421875,821272.0
2025-12-29T14:30:00-05:00,145.6999969482422,146.0449981689453,145.6909942626953,145.92999267578125,1137532.0
2025-12-29T15:30:00-05:00,145.92999267578125,146.0,145.80999755859375,145.91000366210938,2130972.0
2025-12-30T09:30:00-05:00,145.85000610351562,146.07969665527344,145.4600067138672,145.58999633789062,1674988.0
2025-12-30T10:30:00-05:00,145.58999633789062,146.25999450683594,145.5500030517578,146.10000610351562,830200.0
2025-12-30T11:30:00-05:00,146.10000610351562,146.1199951171875,145.6649932861328,145.77000427246094,601795.0
2025-12-30T12:30:00-05:00,145.77000427246094,145.87820434570312,145.6999969482422,145.85000610351562,643669.0
2025-12-30T13:30:00-05:00,145.85000610351562,145.88999938964844,145.71499633789062,145.82749938964844,453308.0
2025-12-30T14:30:00-05:00,145.826904296875,145.86000061035156,145.4550018310547,145.5749969482422,656307.0
2025-12-30T15:30:00-05:00,145.5749969482422,145.65499877929688,145.375,145.42999267578125,1138414.0
2025-12-31T09:30:00-05:00,145.7100067138672,145.8000030517578,144.77000427246094,145.0399932861328,1500904.0
2025-12-31T10:30:00-05:00,145.02999877929688,145.0800018310547,144.67999267578125,145.02000427246094,1103027.0
2025-12-31T11:30:00-05:00,145.02000427246094,145.0500030517578,144.80499267578125,144.90989685058594,526175.0
2025-12-31T12:30:00-05:00,144.91000366210938,145.0050048828125,144.80499267578125,144.94500732421875,1170238.0
2025-12-31T13:30:00-05:00,144.94000244140625,145.16000366210938,144.72999572753906,144.73500061035156,664815.0
2025-12-31T14:30:00-05:00,144.73500061035156,144.75999450683594,144.0850067138672,144.1199951171875,1312207.0
2025-12-31T15:30:00-05:00,144.1199951171875,144.3800048828125,143.89999389648438,143.9600067138672,2624559.0
2026-01-02T09:30:00-05:00,145.6300048828125,146.52000427246094,144.55999755859375,144.75,4003513.0
2026-01-02T10:30:00-05:00,144.72999572753906,145.4949951171875,143.61500549316406,144.2949981689453,3864332.0
2026-01-02T11:30:00-05:00,144.2899932861328,144.58999633789062,143.72000122070312,144.11500549316406,1605922.0
2026-01-02T12:30:00-05:00,144.1300048828125,144.2100067138672,143.65499877929688,143.7949981689453,1097643.0
2026-01-02T13:30:00-05:00,143.7899932861328,144.2899932861328,143.40499877929688,144.22000122070312,1236141.0
2026-01-02T14:30:00-05:00,144.22000122070312,144.57000732421875,144.11000061035156,144.48500061035156,1384521.0
2026-01-02T15:30:00-05:00,144.49000549316406,144.5399932861328,144.14999389648438,144.27999877929688,1790007.0
2026-01-05T09:30:00-05:00,146.00999450683594,146.38999938964844,144.8800048828125,145.78500366210938,5577211.0
2026-01-05T10:30:00-05:00,145.7899932861328,145.94000244140625,145.5,145.80499267578125,2591965.0
2026-01-05T11:30:00-05:00,145.80499267578125,145.85000610351562,144.85000610351562,144.9499969482422,1811951.0
2026-01-05T12:30:00-05:00,144.9600067138672,144.9600067138672,144.375,144.72500610351562,1594295.0
2026-01-05T13:30:00-05:00,144.72000122070312,144.9149932861328,144.42999267578125,144.4550018310547,1419900.0
2026-01-05T14:30:00-05:00,144.4499969482422,144.6699981689453,144.2449951171875,144.64999389648438,1866601.0
2026-01-05T15:30:00-05:00,144.64999389648438,144.7949981689453,144.4499969482422,144.64999389648438,2158642.0
2026-01-06T09:30:00-05:00,145.32000732421875,146.2899932861328,144.6300048828125,146.2100067138672,5023914.0
2026-01-06T10:30:00-05:00,146.23500061035156,146.24000549316406,145.41000366210938,145.85000610351562,2527929.0
2026-01-06T11:30:00-05:00,145.85499572753906,146.1199951171875,145.7449951171875,146.03599548339844,1357893.0
2026-01-06T12:30:00-05:00,146.11000061035156,146.39500427246094,146.09500122070312,146.21499633789062,1088186.0
2026-01-06T13:30:00-05:00,146.22000122070312,146.61500549316406,146.13999938964844,146.5800018310547,941016.0
2026-01-06T14:30:00-05:00,146.5749969482422,146.6790008544922,146.52000427246094,146.61500549316406,1225809.0
2026-01-06T15:30:00-05:00,146.55499267578125,146.75,146.5500030517578,146.67999267578125,1363099.0
2026-01-07T09:30:00-05:00,146.52999877929688,147.05999755859375,146.0399932861328,146.99960327148438,4709001.0
2026-01-07T10:30:00-05:00,147.0,147.16000366210938,146.4499969482422,146.88999938964844,2100448.0
2026-01-07T11:30:00-05:00,146.88499450683594,147.35000610351562,146.86000061035156,147.31500244140625,1192867.0
2026-01-07T12:30:00-05:00,147.31500244140625,147.37989807128906,146.99000549316406,147.0050048828125,939223.0
2026-01-07T13:30:00-05:00,147.00999450683594,147.2100067138672,146.85000610351562,146.96499633789062,1027801.0
2026-01-07T14:30:00-05:00,146.97000122070312,147.11000061035156,146.52999877929688,146.5579071044922,1446391.0
2026-01-07T15:30:00-05:00,146.5500030517578,146.5850067138672,146.3350067138672,146.52000427246094,1991154.0
2026-01-08T09:30:00-05:00,145.92999267578125,145.92999267578125,143.72500610351562,144.35000610351562,5830842.0
2026-01-08T10:30:00-05:00,144.36000061035156,144.49000549316406,143.6199951171875,143.75999450683594,2621335.0
2026-01-08T11:30:00-05:00,143.75,144.1999969482422,143.5,143.82000732421875,1594700.0
2026-01-08T12:30:00-05:00,143.82000732421875,144.28500366210938,143.80999755859375,144.1300048828125,1235603.0
2026-01-08T13:30:00-05:00,144.1383056640625,144.19500732421875,143.60000610351562,143.7899932861328,1157170.0
2026-01-08T14:30:00-05:00,143.7899932861328,144.3300018310547,143.7449951171875,144.28500366210938,1531395.0
2026-01-08T15:30:00-05:00,144.2899932861328,144.41990661621094,144.1199951171875,144.22999572753906,2518092.0
2026-01-09T09:30:00-05:00,144.57000732421875,145.44580078125,144.02499389648438,145.38499450683594,5350844.0
2026-01-09T10:30:00-05:00,145.38999938964844,145.81500244140625,144.91000366210938,145.49000549316406,2760941.0
2026-01-09T11:30:00-05:00,145.48500061035156,145.94000244140625,145.41000366210938,145.85499572753906,1915904.0
2026-01-09T12:30:00-05:00,145.85000610351562,145.97000122070312,145.69000244140625,145.875,1027104.0
2026-01-09T13:30:00-05:00,145.875,146.35000610351562,145.86500549316406,146.2899932861328,936000.0
2026-01-09T14:30:00-05:00,146.29969787597656,146.5800018310547,146.25999450683594,146.42999267578125,1274340.0
2026-01-09T15:30:00-05:00,146.42999267578125,146.47999572753906,146.1199951171875,146.14999389648438,2036682.0
2026-01-12T09:30:00-05:00,145.19000244140625,146.47000122070312,145.0500030517578,146.36500549316406,3737537.0
2026-01-12T10:30:00-05:00,146.36000061035156,146.8300018310547,146.0500030517578,146.64999389648438,2014592.0
2026-01-12T11:30:00-05:00,146.6497039794922,146.8249969482422,146.44000244140625,146.72500610351562,1298029.0
2026-01-12T12:30:00-05:00,146.72500610351562,147.1699981689453,146.63499450683594,147.13499450683594,913562.0
2026-01-12T13:30:00-05:00,147.13999938964844,147.18499755859375,146.95199584960938,147.15499877929688,1352775.0
2026-01-12T14:30:00-05:00,147.15499877929688,147.28500366210938,147.0749969482422,147.11500549316406,1368188.0
2026-01-12T15:30:00-05:00,147.11000061035156,147.135498046875,146.77499389648438,146.7899932861328,1627306.0
2026-01-13T09:30:00-05:00,146.85000610351562,147.3800048828125,146.0800018310547,146.22500610351562,4639806.0
2026-01-13T10:30:00-05:00,146.2100067138672,146.72999572753906,146.00999450683594,146.6699981689453,2579638.0
2026-01-13T11:30:00-05:00,146.66000366210938,147.52000427246094,146.60000610351562,146.97999572753906,1823217.0
2026-01-13T12:30:00-05:00,146.97500610351562,147.0749969482422,146.22999572753906,146.38499450683594,1777691.0
2026-01-13T13:30:00-05:00,146.3800048828125,146.55999755859375,146.13999938964844,146.44000244140625,1509851.0
2026-01-13T14:30:00-05:00,146.42999267578125,146.47999572753906,146.0,146.0050048828125,1479184.0
2026-01-13T15:30:00-05:00,146.0,146.52000427246094,145.84500122070312,146.5,2243669.0
2026-01-14T09:30:00-05:00,145.5,145.9199981689453,144.2100067138672,144.6999969482422,6174063.0
2026-01-14T10:30:00-05:00,144.6999969482422,144.91000366210938,143.77999877929688,144.32000732421875,3191154.0
2026-01-14T11:30:00-05:00,144.30999755859375,144.39500427246094,143.4550018310547,143.80999755859375,2335024.0
2026-01-14T12:30:00-05:00,143.80999755859375,143.9199981689453,143.42999267578125,143.85000610351562,1602378.0
2026-01-14T13:30:00-05:00,143.83999633789062,143.91000366210938,143.32000732421875,143.82000732421875,1646978.0
2026-01-14T14:30:00-05:00,143.8300018310547,144.30999755859375,143.3800048828125,144.1699981689453,3163514.0
2026-01-14T15:30:00-05:00,144.1699981689453,144.75999450683594,144.16000366210938,144.6999969482422,3462298.0
2026-01-15T09:30:00-05:00,146.92999267578125,147.57000732421875,146.63999938964844,146.77000427246094,5526491.0
2026-01-15T10:30:00-05:00,146.7899932861328,147.25999450683594,146.44000244140625,147.11500549316406,2764115.0
2026-01-15T11:30:00-05:00,147.11000061035156,147.29539489746094,146.8800048828125,146.89500427246094,1222262.0
2026-01-15T12:30:00-05:00,146.89999389648438,147.00999450683594,146.67999267578125,147.0050048828125,939325.0
2026-01-15T13:30:00-05:00,147.0,147.07000732421875,146.11000061035156,146.1649932861328,1111024.0
2026-01-15T14:30:00-05:00,146.1699981689453,146.24000549316406,145.52000427246094,145.67999267578125,2030292.0
2026-01-15T15:30:00-05:00,145.6750030517578,145.67999267578125,145.30999755859375,145.4600067138672,2595329.0
2026-01-16T09:30:00-05:00,146.72000122070312,146.9499969482422,145.4499969482422,145.51499938964844,3756388.0
2026-01-16T10:30:00-05:00,145.50999450683594,145.86000061035156,145.02000427246094,145.83999633789062,2355765.0
2026-01-16T11:30:00-05:00,145.845703125,146.14999389648438,145.75999450683594,145.8800048828125,1207651.0
2026-01-16T12:30:00-05:00,145.8699951171875,145.94000244140625,145.47999572753906,145.86500549316406,991552.0
2026-01-16T13:30:00-05:00,145.86000061035156,146.1199951171875,145.64500427246094,145.72999572753906,1006594.0
2026-01-16T14:30:00-05:00,145.73500061035156,146.1199951171875,145.72000122070312,145.94500732421875,1580406.0
2026-01-16T15:30:00-05:00,145.94000244140625,145.98500061035156,145.57000732421875,145.61000061035156,2438173.0
2026-01-20T09:30:00-05:00,143.08999633789062,143.88999938964844,142.89999389648438,143.66000366210938,5641477.0
2026-01-20T10:30:00-05:00,143.63999938964844,144.10000610351562,143.4499969482422,143.90499877929688,2300459.0
2026-01-20T11:30:00-05:00,143.88999938964844,144.02999877929688,143.23500061035156,143.2899932861328,1653056.0
2026-01-20T12:30:00-05:00,143.27999877929688,143.27999877929688,142.55999755859375,142.5800018310547,1620220.0
2026-01-20T13:30:00-05:00,142.57000732421875,142.6199951171875,142.02000427246094,142.08999633789062,1880097.0
2026-01-20T14:30:00-05:00,142.08999633789062,142.2899932861328,141.75999450683594,141.80999755859375,2492588.0
2026-01-20T15:30:00-05:00,141.82000732421875,141.92999267578125,141.61000061035156,141.88999938964844,3372534.0
2026-01-21T09:30:00-05:00,142.77999877929688,143.63999938964844,142.10000610351562,143.52999877929688,5592537.0
2026-01-21T10:30:00-05:00,143.5399932861328,144.36000061035156,143.52999877929688,144.16000366210938,2797323.0
2026-01-21T11:30:00-05:00,144.1699981689453,144.1699981689453,141.97999572753906,142.22000122070312,3346791.0
2026-01-21T12:30:00-05:00,142.22000122070312,142.72000122070312,141.9600067138672,142.1999969482422,2206589.0
2026-01-21T13:30:00-05:00,142.5399932861328,143.80999755859375,142.23500061035156,143.63999938964844,2895271.0
2026-01-21T14:30:00-05:00,143.63999938964844,145.0399932861328,143.5399932861328,143.8699951171875,6648392.0
2026-01-21T15:30:00-05:00,143.8699951171875,144.08999633789062,143.61500549316406,143.8300018310547,3676947.0
2026-01-22T09:30:00-05:00,145.61000061035156,145.6999969482422,144.16000366210938,144.50999450683594,4265740.0
2026-01-22T10:30:00-05:00,144.5050048828125,145.11000061035156,144.36500549316406,145.0399932861328,1665401.0
2026-01-22T11:30:00-05:00,145.0399932861328,145.1699981689453,144.8813018798828,145.03990173339844,1135265.0
2026-01-22T12:30:00-05:00,145.0500030517578,145.2899932861328,145.0500030517578,145.17999267578125,978135.0
2026-01-22T13:30:00-05:00,145.1699981689453,145.22500610351562,144.91000366210938,145.13999938964844,892639.0
2026-01-22T14:30:00-05:00,145.13499450683594,145.1649932861328,144.63009643554688,144.63009643554688,1322171.0
2026-01-22T15:30:00-05:00,144.6300048828125,144.92999267578125,144.52499389648438,144.91000366210938,2224783.0
2026-01-23T09:30:00-05:00,144.52999877929688,145.42999267578125,143.75,145.31809997558594,3447147.0
2026-01-23T10:30:00-05:00,145.32000732421875,145.8249969482422,145.32000732421875,145.44500732421875,1815017.0
2026-01-23T11:30:00-05:00,145.44500732421875,145.72000122070312,145.22500610351562,145.55499267578125,2681536.0
2026-01-23T12:30:00-05:00,145.55499267578125,145.55999755859375,144.6649932861328,145.1699981689453,2544045.0
2026-01-23T13:30:00-05:00,145.1699981689453,145.27000427246094,144.89999389648438,145.10000610351562,1565353.0
2026-01-23T14:30:00-05:00,145.08999633789062,145.19000244140625,144.69000244140625,144.80999755859375,1052458.0
2026-01-23T15:30:00-05:00,144.8000030517578,145.1699981689453,144.72999572753906,145.0800018310547,1211021.0
2026-01-26T09:30:00-05:00,145.27000427246094,146.4199981689453,144.88999938964844,146.02000427246094,3010295.0
2026-01-26T10:30:00-05:00,146.02999877929688,146.41510009765625,145.89999389648438,146.3480987548828,1754946.0
2026-01-26T11:30:00-05:00,146.35000610351562,146.6199951171875,146.27000427246094,146.4949951171875,881682.0
2026-01-26T12:30:00-05:00,146.5,146.5800018310547,146.27000427246094,146.5500030517578,717571.0
2026-01-26T13:30:00-05:00,146.5399932861328,146.7100067138672,146.4250030517578,146.5500030517578,664194.0
2026-01-26T14:30:00-05:00,146.5500030517578,146.64999389648438,146.24000549316406,146.3350067138672,1156898.0
2026-01-26T15:30:00-05:00,146.33999633789062,146.43499755859375,146.10000610351562,146.10000610351562,1610601.0
2026-01-27T09:30:00-05:00,147.4199981689453,148.26499938964844,147.0399932861328,148.0050048828125,3736115.0
2026-01-27T10:30:00-05:00,147.99000549316406,148.56849670410156,147.97500610351562,148.44000244140625,1456150.0
2026-01-27T11:30:00-05:00,148.44500732421875,148.55999755859375,148.25,148.45509338378906,1135238.0
2026-01-27T12:30:00-05:00,148.4600067138672,148.6199951171875,148.2100067138672,148.36500549316406,959953.0
2026-01-27T13:30:00-05:00,148.3699951171875,148.44500732421875,148.2550048828125,148.2899932861328,945904.0
2026-01-27T14:30:00-05:00,148.2949981689453,148.41510009765625,148.1300048828125,148.22500610351562,1276457.0
2026-01-27T15:30:00-05:00,148.22000122070312,148.22900390625,148.02999877929688,148.08999633789062,2280709.0
2026-01-28T09:30:00-05:00,149.0,149.89999389648438,148.8699951171875,149.17999267578125,4667348.0
2026-01-28T10:30:00-05:00,149.17999267578125,149.39500427246094,148.77999877929688,149.19000244140625,2044873.0
2026-01-28T11:30:00-05:00,149.17999267578125,149.18331909179688,148.61000061035156,148.86000061035156,1325570.0
2026-01-28T12:30:00-05:00,148.85000610351562,149.27000427246094,148.75999450683594,149.1199951171875,1486624.0
2026-01-28T13:30:00-05:00,149.1300048828125,149.42999267578125,148.8800048828125,148.99000549316406,2030386.0
2026-01-28T14:30:00-05:00,149.0,149.57000732421875,148.7449951171875,149.25999450683594,4364727.0
2026-01-28T15:30:00-05:00,149.25999450683594,149.35499572753906,148.92999267578125,149.19000244140625,2159095.0
2026-01-29T09:30:00-05:00,147.83999633789062,147.92999267578125,144.75999450683594,144.9600067138672,6667891.0
2026-01-29T10:30:00-05:00,144.9600067138672,145.07000732421875,143.27000427246094,144.57000732421875,5378327.0
2026-01-29T11:30:00-05:00,144.55999755859375,145.66000366210938,144.4199981689453,145.52999877929688,2612261.0
2026-01-29T12:30:00-05:00,145.52000427246094,145.83999633789062,145.0500030517578,145.58999633789062,2071592.0
2026-01-29T13:30:00-05:00,145.57000732421875,145.83999633789062,145.35000610351562,145.6999969482422,1497873.0
2026-01-29T14:30:00-05:00,145.69500732421875,145.8000030517578,145.38999938964844,145.6199951171875,2254740.0
2026-01-29T15:30:00-05:00,145.6199951171875,146.9459991455078,145.5850067138672,146.83999633789062,3818369.0
2026-01-30T09:30:00-05:00,146.0399932861328,146.75,145.5399932861328,146.08999633789062,3445191.0
2026-02-02T13:30:00-05:00,145.96499633789062,146.1300048828125,145.94500732421875,146.0,7249308.0
2026-02-02T14:30:00-05:00,145.99000549316406,146.0,145.0399932861328,145.26499938964844,2713341.0
2026-02-02T15:30:00-05:00,145.25999450683594,145.32000732421875,145.0500030517578,145.27549743652344,2427198.0
2026-02-03T09:30:00-05:00,145.875,145.97000122070312,141.51499938964844,141.97999572753906,7514037.0
2026-02-03T10:30:00-05:00,141.97999572753906,142.87010192871094,141.58999633789062,141.9600067138672,3963547.0
2026-02-03T11:30:00-05:00,141.97000122070312,142.25,141.375,141.4600067138672,3004884.0
2026-02-03T12:30:00-05:00,141.4499969482422,141.49000549316406,140.6999969482422,140.92999267578125,3040056.0
2026-02-03T13:30:00-05:00,140.91000366210938,141.33999633789062,140.1699981689453,140.9600067138672,3755728.0
2026-02-03T14:30:00-05:00,140.9600067138672,141.19000244140625,140.36000061035156,141.10499572753906,4092505.0
2026-02-03T15:30:00-05:00,141.10499572753906,142.10000610351562,141.10000610351562,142.0399932861328,4176364.0
2026-02-04T09:30:00-05:00,140.8300018310547,141.01010131835938,139.0399932861328,139.8800048828125,9709063.0
2026-02-04T10:30:00-05:00,139.88999938964844,140.24000549316406,138.30999755859375,138.92999267578125,6545854.0
2026-02-04T11:30:00-05:00,138.93499755859375,138.9600067138672,136.77000427246094,136.89500427246094,4998099.0
2026-02-04T12:30:00-05:00,136.89999389648438,137.44500732421875,136.1051025390625,137.3699951171875,6299315.0
2026-02-04T13:30:00-05:00,137.3699951171875,137.7100067138672,136.60000610351562,137.6999969482422,6107735.0
2026-02-04T14:30:00-05:00,137.69000244140625,139.07000732421875,137.6699981689453,138.5399932861328,7496117.0
2026-02-04T15:30:00-05:00,138.53500366210938,138.85000610351562,138.0449981689453,138.08999633789062,3404338.0
2026-02-05T09:30:00-05:00,137.22000122070312,138.47999572753906,135.2899932861328,135.6199951171875,10118560.0
2026-02-05T10:30:00-05:00,135.6199951171875,137.13999938964844,135.3800048828125,137.11000061035156,8989388.0
2026-02-05T11:30:00-05:00,137.1199951171875,137.66000366210938,136.72999572753906,137.44000244140625,5507821.0
2026-02-05T12:30:00-05:00,137.4499969482422,137.6999969482422,136.25999450683594,136.42999267578125,4437195.0
2026-02-05T13:30:00-05:00,136.4199981689453,137.0,135.9149932861328,136.52000427246094,3907055.0
2026-02-05T14:30:00-05:00,136.50999450683594,136.77999877929688,135.43499755859375,135.47999572753906,4041745.0
2026-02-05T15:30:00-05:00,135.47000122070312,135.74000549316406,135.0749969482422,135.60000610351562,4900316.0
2026-02-06T09:30:00-05:00,137.75,140.0500030517578,137.48500061035156,139.2100067138672,9400859.0
2026-02-06T10:30:00-05:00,139.3300018310547,140.3800048828125,138.92999267578125,140.30999755859375,6421237.0
2026-02-06T11:30:00-05:00,140.3000030517578,140.63999938964844,139.98500061035156,140.47000122070312,4263019.0
2026-02-06T12:30:00-05:00,140.47000122070312,140.82000732421875,140.3300018310547,140.64999389648438,3461743.0
2026-02-06T13:30:00-05:00,140.64999389648438,140.82000732421875,140.5301055908203,140.77000427246094,2577035.0
2026-02-06T14:30:00-05:00,140.77000427246094,141.00999450683594,140.61000061035156,140.86500549316406,5128730.0
2026-02-06T15:30:00-05:00,140.86000061035156,141.47000122070312,140.7899932861328,141.05999755859375,4911844.0
2026-02-09T09:30:00-05:00,140.59500122070312,142.89999389648438,139.91000366210938,142.25,7619196.0
2026-02-09T10:30:00-05:00,142.25,143.39999389648438,142.25,143.39999389648438,2850042.0
2026-02-09T11:30:00-05:00,143.38999938964844,143.88999938964844,143.2100067138672,143.58999633789062,3815657.0
2026-02-09T12:30:00-05:00,143.59500122070312,143.7100067138672,143.00999450683594,143.27999877929688,2296822.0
2026-02-09T13:30:00-05:00,143.2899932861328,143.94500732421875,143.19000244140625,143.9250030517578,2802818.0
2026-02-09T14:30:00-05:00,143.92999267578125,144.02499389648438,143.38999938964844,143.4499969482422,2014662.0
2026-02-09T15:30:00-05:00,143.4499969482422,143.58999633789062,143.22000122070312,143.30999755859375,2432037.0
2026-02-10T09:30:00-05:00,143.82000732421875,144.14999389648438,142.72000122070312,143.7899932861328,6574312.0
2026-02-10T10:30:00-05:00,143.78500366210938,144.03500366210938,143.44500732421875,143.47999572753906,3816013.0
2026-02-10T11:30:00-05:00,143.47000122070312,143.75,143.1656036376953,143.61500549316406,2497911.0
2026-02-10T12:30:00-05:00,143.61000061035156,143.83999633789062,143.02999877929688,143.05999755859375,1655754.0
2026-02-10T13:30:00-05:00,143.05999755859375,143.22999572753906,142.8699951171875,142.97000122070312,2562009.0
2026-02-10T14:30:00-05:00,142.97500610351562,143.07000732421875,142.5,142.61099243164062,2365144.0
2026-02-10T15:30:00-05:00,142.61000061035156,142.80999755859375,142.38499450683594,142.5500030517578,2642097.0
2026-02-11T09:30:00-05:00,144.50999450683594,144.7550048828125,141.32000732421875,141.47999572753906,5070165.0
2026-02-11T10:30:00-05:00,141.49000549316406,143.27999877929688,141.44000244140625,142.52999877929688,3539080.0
2026-02-11T11:30:00-05:00,142.52999877929688,143.36000061035156,142.19000244140625,143.3300018310547,2289738.0
2026-02-11T12:30:00-05:00,143.32000732421875,143.5800018310547,142.56500244140625,143.0449981689453,2036072.0
2026-02-11T13:30:00-05:00,143.0500030517578,143.67999267578125,142.75999450683594,143.60499572753906,1632541.0
2026-02-11T14:30:00-05:00,143.60000610351562,143.6300048828125,143.05999755859375,143.15499877929688,1909848.0
2026-02-11T15:30:00-05:00,143.14999389648438,143.31500244140625,142.91000366210938,142.92999267578125,1636997.0
2026-02-12T09:30:00-05:00,143.30999755859375,143.77000427246094,142.14999389648438,142.60499572753906,6045967.0
2026-02-12T10:30:00-05:00,142.60000610351562,142.75,139.2100067138672,139.22999572753906,4589618.0
2026-02-12T11:30:00-05:00,139.22999572753906,140.22000122070312,139.1300048828125,139.8000030517578,6435547.0
2026-02-12T12:30:00-05:00,139.7899932861328,140.30999755859375,139.1999969482422,139.5800018310547,3528650.0
2026-02-12T13:30:00-05:00,139.57000732421875,140.3699951171875,139.45970153808594,139.9600067138672,3287410.0
2026-02-12T14:30:00-05:00,139.97000122070312,140.39999389648438,139.2899932861328,139.33999633789062,3005026.0
2026-02-12T15:30:00-05:00,139.3300018310547,139.60000610351562,138.9149932861328,139.1699981689453,3937226.0
2026-02-13T09:30:00-05:00,139.55999755859375,140.23500061035156,137.92999267578125,140.0,7672982.0
2026-02-13T10:30:00-05:00,140.0,140.66000366210938,139.00999450683594,139.77999877929688,4082939.0
2026-02-13T11:30:00-05:00,139.77000427246094,140.7100067138672,139.4499969482422,140.55499267578125,3074871.0
2026-02-13T12:30:00-05:00,140.5800018310547,140.91000366210938,140.11000061035156,140.42999267578125,2505025.0
2026-02-13T13:30:00-05:00,140.44000244140625,140.85499572753906,140.1300048828125,140.22999572753906,2271911.0
2026-02-13T14:30:00-05:00,140.22999572753906,140.47000122070312,139.25,139.3300018310547,3435507.0
2026-02-13T15:30:00-05:00,139.32000732421875,139.64999389648438,139.0500030517578,139.5800018310547,3131560.0
2026-02-17T09:30:00-05:00,138.63999938964844,139.5500030517578,137.02000427246094,137.74000549316406,9251508.0
2026-02-17T10:30:00-05:00,137.7100067138672,139.6999969482422,137.25,139.1649932861328,3826608.0
2026-02-17T11:30:00-05:00,139.16000366210938,139.72999572753906,138.97999572753906,139.56500244140625,2557938.0
2026-02-17T12:30:00-05:00,139.57000732421875,139.75,138.61000061035156,139.61000061035156,2584931.0
2026-02-17T13:30:00-05:00,139.6199951171875,140.22500610351562,139.5,140.0,2192733.0
2026-02-17T14:30:00-05:00,140.0,140.4499969482422,139.50999450683594,139.5500030517578,2088112.0
2026-02-17T15:30:00-05:00,139.5399932861328,139.73500061035156,139.27999877929688,139.5,2558896.0
2026-02-18T09:30:00-05:00,140.05499267578125,141.8300018310547,139.27000427246094,141.66000366210938,4388084.0
2026-02-18T10:30:00-05:00,141.6750030517578,142.0500030517578,141.3699951171875,141.9250030517578,1731294.0
2026-02-18T11:30:00-05:00,141.92999267578125,142.11500549316406,141.67999267578125,141.8699951171875,1124853.0
2026-02-18T12:30:00-05:00,141.8699951171875,142.0399932861328,141.63999938964844,141.7100067138672,957504.0
2026-02-18T13:30:00-05:00,141.7100067138672,141.77000427246094,141.08999633789062,141.19009399414062,1187416.0
2026-02-18T14:30:00-05:00,141.19000244140625,141.26499938964844,140.17999267578125,140.30999755859375,1869175.0
2026-02-18T15:30:00-05:00,140.3000030517578,141.1649932861328,140.27999877929688,140.9199981689453,1913819.0
2026-02-19T09:30:00-05:00,140.08999633789062,140.7100067138672,139.3800048828125,139.97999572753906,3321052.0
2026-02-19T10:30:00-05:00,139.97000122070312,140.625,139.8300018310547,140.125,1733117.0
2026-02-19T11:30:00-05:00,140.1300048828125,140.39999389648438,139.5500030517578,139.89999389648438,1404625.0
2026-02-19T12:30:00-05:00,139.88999938964844,139.97999572753906,139.27499389648438,139.55999755859375,1502725.0
2026-02-19T13:30:00-05:00,139.5500030517578,140.0,139.39999389648438,139.72999572753906,1228375.0
2026-02-19T14:30:00-05:00,139.72000122070312,139.8699951171875,139.44000244140625,139.63999938964844,1626025.0
2026-02-19T15:30:00-05:00,139.63999938964844,140.2100067138672,139.60000610351562,140.19000244140625,1888744.0
2026-02-20T09:30:00-05:00,139.1999969482422,141.6300048828125,138.97999572753906,140.7100067138672,3977256.0
2026-02-20T10:30:00-05:00,140.72000122070312,141.75,140.32000732421875,140.6999969482422,2513681.0
2026-02-20T11:30:00-05:00,140.67999267578125,141.66000366210938,139.98500061035156,140.25,1361238.0
2026-02-20T12:30:00-05:00,140.25,140.9499969482422,140.0500030517578,140.2899932861328,2065293.0
2026-02-20T13:30:00-05:00,140.27000427246094,141.3300018310547,140.0500030517578,140.82000732421875,2113942.0
2026-02-20T14:30:00-05:00,140.82000732421875,140.9600067138672,140.4250030517578,140.4499969482422,1010471.0
2026-02-20T15:30:00-05:00,140.4600067138672,140.9199981689453,140.44000244140625,140.89999389648438,1461174.0
2026-02-23T09:30:00-05:00,140.17999267578125,140.64999389648438,139.42999267578125,139.55999755859375,3335975.0
2026-02-23T10:30:00-05:00,139.56320190429688,139.8300018310547,138.14999389648438,138.88999938964844,2186359.0
2026-02-23T11:30:00-05:00,138.8800048828125,139.01499938964844,138.55999755859375,138.73699951171875,1185891.0
2026-02-23T12:30:00-05:00,138.72000122070312,139.1999969482422,138.26499938964844,139.11990356445312,2059514.0
2026-02-23T13:30:00-05:00,139.1199951171875,139.19000244140625,138.13999938964844,138.1699981689453,2290256.0
2026-02-23T14:30:00-05:00,138.16000366210938,138.23500061035156,137.88999938964844,138.08999633789062,1594934.0
2026-02-23T15:30:00-05:00,138.0800018310547,138.57000732421875,138.06500244140625,138.5500030517578,3071798.0
2026-02-24T09:30:00-05:00,139.24000549316406,140.8054962158203,138.19000244140625,140.77999877929688,4397463.0
2026-02-24T10:30:00-05:00,140.77999877929688,140.86000061035156,140.3300018310547,140.5399932861328,1867940.0
2026-02-24T11:30:00-05:00,140.52499389648438,140.94000244140625,140.16000366210938,140.8350067138672,1268969.0
2026-02-24T12:30:00-05:00,140.83099365234375,140.91000366210938,140.44000244140625,140.4600067138672,808536.0
2026-02-24T13:30:00-05:00,140.46499633789062,140.6199951171875,140.1300048828125,140.26499938964844,1801572.0
2026-02-24T14:30:00-05:00,140.26499938964844,140.57000732421875,140.1199951171875,140.14500427246094,1131112.0
2026-02-24T15:30:00-05:00,140.13999938964844,140.5800018310547,140.1199951171875,140.3000030517578,1448489.0
2026-02-25T09:30:00-05:00,141.36000061035156,142.97999572753906,141.2100067138672,142.92489624023438,4291220.0
2026-02-25T10:30:00-05:00,142.9199981689453,142.97999572753906,142.4199981689453,142.6750030517578,1430264.0
2026-02-25T11:30:00-05:00,142.6699981689453,142.92999267578125,142.5800018310547,142.84500122070312,1382077.0
2026-02-25T12:30:00-05:00,142.83999633789062,143.10000610351562,142.82000732421875,142.99000549316406,1472693.0
2026-02-25T13:30:00-05:00,142.99000549316406,143.33999633789062,142.99000549316406,143.19000244140625,868478.0
2026-02-25T14:30:00-05:00,143.19000244140625,143.27499389648438,143.0449981689453,143.10000610351562,1219706.0
2026-02-25T15:30:00-05:00,143.10000610351562,143.1999969482422,142.9499969482422,143.01499938964844,2022234.0
2026-02-26T09:30:00-05:00,142.94000244140625,143.00999450683594,139.4499969482422,139.74000549316406,6368576.0
2026-02-26T10:30:00-05:00,139.74000549316406,140.9600067138672,139.25999450683594,140.8000030517578,3053154.0
2026-02-26T11:30:00-05:00,140.8000030517578,140.88999938964844,139.98500061035156,140.19000244140625,1636246.0
2026-02-26T12:30:00-05:00,140.17999267578125,140.50050354003906,139.50999450683594,139.82000732421875,1832303.0
2026-02-26T13:30:00-05:00,139.80999755859375,140.85499572753906,139.72999572753906,140.5500030517578,1628864.0
2026-02-26T14:30:00-05:00,140.5500030517578,141.07000732421875,140.44000244140625,140.4499969482422,1632583.0
2026-02-26T15:30:00-05:00,140.4600067138672,141.02000427246094,140.4499969482422,140.99000549316406,2200690.0
2026-02-27T09:30:00-05:00,138.30999755859375,139.76499938964844,137.94000244140625,139.32000732421875,4016880.0
2026-02-27T10:30:00-05:00,139.30999755859375,139.5800018310547,138.99000549316406,139.14999389648438,2144602.0
2026-02-27T11:30:00-05:00,139.15499877929688,139.41000366210938,138.52000427246094,138.88499450683594,1438839.0
2026-02-27T12:30:00-05:00,138.88499450683594,139.1699981689453,138.32000732421875,138.52499389648438,1433144.0
2026-02-27T13:30:00-05:00,138.50999450683594,138.65499877929688,138.22999572753906,138.30999755859375,1070516.0
2026-02-27T14:30:00-05:00,138.30999755859375,139.0399932861328,138.14999389648438,138.8782958984375,1360325.0
2026-02-27T15:30:00-05:00,138.8699951171875,138.94000244140625,138.48500061035156,138.74000549316406,3321639.0
2026-03-02T09:30:00-05:00,137.02999877929688,138.97500610351562,136.57000732421875,138.36000061035156,6465168.0
2026-03-02T10:30:00-05:00,138.36000061035156,139.16000366210938,138.0500030517578,138.40499877929688,3155341.0
2026-03-02T11:30:00-05:00,138.39999389648438,139.8000030517578,138.33999633789062,139.5850067138672,2155939.0
2026-03-02T12:30:00-05:00,139.57000732421875,139.77999877929688,139.40499877929688,139.5500030517578,1206055.0
2026-03-02T13:30:00-05:00,139.55999755859375,139.91000366210938,139.10000610351562,139.78500366210938,1532629.0
2026-03-02T14:30:00-05:00,139.7899932861328,139.9600067138672,138.97999572753906,139.02999877929688,2422854.0
2026-03-02T15:30:00-05:00,139.0399932861328,139.7449951171875,139.0,139.52000427246094,2788543.0
2026-03-03T09:30:00-05:00,136.35499572753906,137.11000061035156,134.99000549316406,135.0449981689453,12145696.0
2026-03-03T10:30:00-05:00,135.0399932861328,137.13999938964844,135.02999877929688,136.99000549316406,6775059.0
2026-03-03T11:30:00-05:00,136.99000549316406,137.73500061035156,136.6699981689453,137.63999938964844,3738166.0
2026-03-03T12:30:00-05:00,137.6300048828125,137.97000122070312,136.9550018310547,137.8000030517578,2495033.0
2026-03-03T13:30:00-05:00,137.8000030517578,138.3300018310547,137.5399932861328,137.66000366210938,2871512.0
2026-03-03T14:30:00-05:00,137.6699981689453,138.19500732421875,137.35000610351562,137.65499877929688,3077556.0
2026-03-03T15:30:00-05:00,137.64999389648438,137.8000030517578,137.22999572753906,137.5399932861328,2564957.0
2026-03-04T09:30:00-05:00,138.52999877929688,139.94000244140625,138.0399932861328,139.91000366210938,5630060.0
2026-03-04T10:30:00-05:00,139.92999267578125,140.1649932861328,139.32000732421875,139.72999572753906,1996318.0
2026-03-04T11:30:00-05:00,139.72999572753906,140.2949981689453,139.67999267578125,140.08999633789062,1443651.0
2026-03-04T12:30:00-05:00,140.10000610351562,140.4199981689453,139.89999389648438,140.188232421875,1316359.0
2026-03-04T13:30:00-05:00,140.19000244140625,140.6300048828125,140.17999267578125,140.44619750976562,1189198.0
2026-03-04T14:30:00-05:00,140.4499969482422,140.5,139.9499969482422,140.11000061035156,1184779.0
2026-03-04T15:30:00-05:00,140.10499572753906,140.11500549316406,139.78500366210938,139.83999633789062,1615710.0
2026-03-05T09:30:00-05:00,139.16000366210938,141.25999450683594,139.16000366210938,140.17999267578125,4067603.0
2026-03-05T10:30:00-05:00,140.19000244140625,140.89999389648438,139.5800018310547,139.97999572753906,2704378.0
2026-03-05T11:30:00-05:00,139.97999572753906,140.89999389648438,139.57000732421875,139.57000732421875,2064677.0
2026-03-05T12:30:00-05:00,139.57000732421875,139.67999267578125,138.08999633789062,138.27999877929688,3014743.0
2026-03-05T13:30:00-05:00,138.26499938964844,139.05999755859375,138.1999969482422,138.75999450683594,1809542.0
2026-03-05T14:30:00-05:00,138.74000549316406,139.7100067138672,138.33999633789062,139.46499633789062,2690827.0
2026-03-05T15:30:00-05:00,139.4550018310547,140.22000122070312,139.38999938964844,140.16000366210938,2649419.0
2026-03-06T09:30:00-05:00,137.82000732421875,139.32000732421875,137.44000244140625,139.2100067138672,6063953.0
2026-03-06T10:30:00-05:00,139.19000244140625,139.63999938964844,138.60000610351562,139.17999267578125,2358469.0
2026-03-06T11:30:00-05:00,139.19000244140625,139.8300018310547,138.75999450683594,138.9199981689453,2113262.0
2026-03-06T12:30:00-05:00,138.92999267578125,139.2899932861328,138.38999938964844,138.8300018310547,1751596.0
2026-03-06T13:30:00-05:00,138.8300018310547,139.0500030517578,138.5500030517578,138.80499267578125,1534161.0
2026-03-06T14:30:00-05:00,138.7899932861328,138.97000122070312,137.0989990234375,137.13999938964844,2012024.0
2026-03-06T15:30:00-05:00,137.13499450683594,137.61000061035156,136.7899932861328,137.25999450683594,3205020.0
2026-03-09T09:30:00-04:00,135.97000122070312,136.80999755859375,135.4600067138672,136.27000427246094,6211328.0
2026-03-09T10:30:00-04:00,136.25999450683594,137.6999969482422,136.25,137.67999267578125,3288044.0
2026-03-09T11:30:00-04:00,137.67999267578125,138.22000122070312,137.3000030517578,138.03500366210938,1961633.0
2026-03-09T12:30:00-04:00,138.0399932861328,138.4199981689453,137.36000061035156,137.41000366210938,1509421.0
2026-03-09T13:30:00-04:00,137.39999389648438,137.91000366210938,137.1300048828125,137.69500732421875,1405615.0
2026-03-09T14:30:00-04:00,137.69000244140625,139.5500030517578,137.4499969482422,139.50149536132812,3337048.0
2026-03-09T15:30:00-04:00,139.49000549316406,140.2100067138672,139.11000061035156,139.77000427246094,4130375.0
2026-03-10T09:30:00-04:00,139.83999633789062,140.3000030517578,139.02000427246094,139.92999267578125,4384704.0
2026-03-10T10:30:00-04:00,139.93499755859375,141.0449981689453,139.9199981689453,140.83999633789062,3046363.0
2026-03-10T11:30:00-04:00,140.85000610351562,141.08999633789062,140.3699951171875,140.8000030517578,2888697.0
2026-03-10T12:30:00-04:00,140.80999755859375,141.38999938964844,140.60000610351562,141.3300018310547,2288484.0
2026-03-10T13:30:00-04:00,141.3249969482422,141.3249969482422,139.83999633789062,140.32000732421875,4255681.0
2026-03-10T14:30:00-04:00,140.32000732421875,140.61000061035156,139.77999877929688,139.82000732421875,3369980.0
2026-03-10T15:30:00-04:00,139.82000732421875,140.0399932861328,139.36000061035156,139.77000427246094,3256059.0
2026-03-11T09:30:00-04:00,140.5800018310547,141.58999633789062,140.36000061035156,140.72500610351562,4204578.0
2026-03-11T10:30:00-04:00,140.72000122070312,141.0500030517578,140.1199951171875,140.1300048828125,2402819.0
2026-03-11T11:30:00-04:00,140.1300048828125,140.3000030517578,139.7550048828125,140.07000732421875,2034587.0
2026-03-11T12:30:00-04:00,140.07000732421875,140.5449981689453,140.07000732421875,140.42999267578125,999903.0
2026-03-11T13:30:00-04:00,140.42999267578125,140.47000122070312,139.52000427246094,140.08999633789062,1369312.0
2026-03-11T14:30:00-04:00,140.0800018310547,140.30999755859375,139.9600067138672,140.10499572753906,1151405.0
2026-03-11T15:30:00-04:00,140.11000061035156,140.52000427246094,140.0399932861328,140.44000244140625,1273895.0
2026-03-12T09:30:00-04:00,139.27000427246094,139.7449951171875,137.97500610351562,138.17999267578125,5489408.0
2026-03-12T10:30:00-04:00,138.17999267578125,138.89999389648438,137.64999389648438,138.14999389648438,4112611.0
2026-03-12T11:30:00-04:00,138.13999938964844,139.0399932861328,137.85000610351562,138.47999572753906,3654544.0
2026-03-12T12:30:00-04:00,138.47999572753906,138.9199981689453,138.2100067138672,138.32000732421875,2948932.0
2026-03-12T13:30:00-04:00,138.3300018310547,138.57000732421875,137.94000244140625,138.22999572753906,2436859.0
2026-03-12T14:30:00-04:00,138.22000122070312,138.27000427246094,137.69000244140625,138.07000732421875,3414305.0
2026-03-12T15:30:00-04:00,138.06500244140625,138.25,137.6739044189453,137.8000030517578,3576514.0
2026-03-13T09:30:00-04:00,138.4499969482422,139.7050018310547,138.3800048828125,138.74000549316406,3729810.0
2026-03-13T10:30:00-04:00,138.74000549316406,139.07000732421875,137.08999633789062,137.2050018310547,2218693.0
2026-03-13T11:30:00-04:00,137.2100067138672,137.38499450683594,136.6199951171875,137.0749969482422,2338042.0
2026-03-13T12:30:00-04:00,137.06500244140625,137.44000244140625,136.83999633789062,137.27999877929688,2015520.0
2026-03-13T13:30:00-04:00,137.27999877929688,137.31500244140625,136.66000366210938,136.98500061035156,1421102.0
2026-03-13T14:30:00-04:00,136.97999572753906,137.3300018310547,136.60499572753906,136.64999389648438,1722355.0
2026-03-13T15:30:00-04:00,136.64999389648438,136.80999755859375,136.51499938964844,136.7899932861328,1907868.0
2026-03-16T09:30:00-04:00,138.72000122070312,139.41000366210938,138.63999938964844,139.0500030517578,3782036.0
2026-03-16T10:30:00-04:00,139.0500030517578,139.52499389648438,138.52000427246094,139.39500427246094,2467963.0
2026-03-16T11:30:00-04:00,139.39999389648438,139.52999877929688,138.77000427246094,138.83999633789062,1530850.0
2026-03-16T12:30:00-04:00,138.83999633789062,139.48500061035156,138.77000427246094,139.2760009765625,1591677.0
2026-03-16T13:30:00-04:00,139.27999877929688,139.43499755859375,138.97000122070312,139.3800048828125,1298733.0
2026-03-16T14:30:00-04:00,139.38999938964844,140.07989501953125,138.7050018310547,138.83999633789062,2947986.0
2026-03-16T15:30:00-04:00,138.8300018310547,138.9600067138672,138.52000427246094,138.8000030517578,2690561.0
2026-03-17T09:30:00-04:00,139.38999938964844,140.27000427246094,138.97999572753906,139.86720275878906,3221521.0
2026-03-17T10:30:00-04:00,139.86000061035156,140.00999450683594,139.40499877929688,139.44000244140625,1837328.0
2026-03-17T11:30:00-04:00,139.43499755859375,139.61000061035156,138.92999267578125,139.44500732421875,1936396.0
2026-03-17T12:30:00-04:00,139.4499969482422,139.64999389648438,139.22500610351562,139.5749969482422,1104681.0
2026-03-17T13:30:00-04:00,139.57000732421875,139.82000732421875,139.44000244140625,139.5,1195342.0
2026-03-17T14:30:00-04:00,139.5,139.5500030517578,139.1999969482422,139.38499450683594,1001166.0
2026-03-17T15:30:00-04:00,139.38999938964844,139.63999938964844,139.30499267578125,139.5399932861328,1451407.0
2026-03-18T09:30:00-04:00,139.30999755859375,140.07000732421875,138.7100067138672,138.8300018310547,2818155.0
2026-03-18T10:30:00-04:00,138.8300018310547,139.7050018310547,138.7899932861328,139.39999389648438,1959843.0
2026-03-18T11:30:00-04:00,139.3800048828125,139.61000061035156,139.25999450683594,139.38499450683594,850390.0
2026-03-18T12:30:00-04:00,139.38999938964844,139.44000244140625,138.83999633789062,139.11500549316406,1100252.0
2026-03-18T13:30:00-04:00,139.125,139.7100067138672,139.00999450683594,139.2899932861328,1483410.0
2026-03-18T14:30:00-04:00,139.27499389648438,139.34500122070312,138.27999877929688,138.39999389648438,1955484.0
2026-03-18T15:30:00-04:00,138.39999389648438,138.50750732421875,137.92999267578125,137.9700927734375,2014561.0
2026-03-19T09:30:00-04:00,136.0,137.86000061035156,135.4573974609375,137.14999389648438,4603526.0
2026-03-19T10:30:00-04:00,137.13999938964844,138.32000732421875,137.11000061035156,137.6199951171875,2856361.0
2026-03-19T11:30:00-04:00,137.61000061035156,138.0299072265625,137.1649932861328,137.7100067138672,1906910.0
2026-03-19T12:30:00-04:00,137.7100067138672,137.89999389648438,137.14999389648438,137.55499267578125,1384010.0
2026-03-19T13:30:00-04:00,137.55999755859375,137.9893035888672,137.3000030517578,137.77000427246094,1193319.0
2026-03-19T14:30:00-04:00,137.75999450683594,139.1699981689453,137.44000244140625,138.57000732421875,3269933.0
2026-03-19T15:30:00-04:00,138.5500030517578,138.58999633789062,138.11000061035156,138.4199981689453,2346783.0
2026-03-20T09:30:00-04:00,137.97999572753906,137.97999572753906,136.07000732421875,136.26499938964844,4491373.0
2026-03-20T10:30:00-04:00,136.25999450683594,136.8300018310547,135.9600067138672,136.3000030517578,2089763.0
2026-03-20T11:30:00-04:00,136.3000030517578,136.99989318847656,136.2449951171875,136.6750030517578,1663772.0
2026-03-20T12:30:00-04:00,136.6699981689453,136.67999267578125,135.9600067138672,135.9949951171875,4408611.0
2026-03-20T13:30:00-04:00,135.99000549316406,136.0449981689453,135.17999267578125,135.42999267578125,2013899.0
2026-03-20T14:30:00-04:00,135.4199981689453,135.49000549316406,134.75,134.8000030517578,2695291.0
2026-03-20T15:30:00-04:00,134.8000030517578,135.33999633789062,134.32240295410156,135.33999633789062,4830109.0
2026-03-23T09:30:00-04:00,137.5,139.1999969482422,136.89999389648438,138.86500549316406,6557112.0
2026-03-23T10:30:00-04:00,138.86000061035156,139.02000427246094,138.25999450683594,138.3699951171875,2608165.0
2026-03-23T11:30:00-04:00,138.3699951171875,138.50999450683594,136.22000122070312,136.25999450683594,2896725.0
2026-03-23T12:30:00-04:00,136.25999450683594,137.05999755859375,136.22999572753906,136.60000610351562,2072656.0
2026-03-23T13:30:00-04:00,136.58999633789062,137.51499938964844,136.58999633789062,137.19000244140625,1755273.0
2026-03-23T14:30:00-04:00,137.1999969482422,137.75999450683594,137.1999969482422,137.42999267578125,1778353.0
2026-03-23T15:30:00-04:00,137.4250030517578,137.65499877929688,136.94000244140625,136.9600067138672,2793638.0
2026-03-24T09:30:00-04:00,136.0500030517578,136.6699981689453,134.8699951171875,135.38999938964844,3608820.0
2026-03-24T10:30:00-04:00,135.38999938964844,136.9199981689453,135.27999877929688,136.61500549316406,3215672.0
2026-03-24T11:30:00-04:00,136.6199951171875,136.8300018310547,136.08999633789062,136.47999572753906,1302750.0
2026-03-24T12:30:00-04:00,136.47999572753906,136.52999877929688,135.5050048828125,135.77999877929688,1428032.0
2026-03-24T13:30:00-04:00,135.77000427246094,136.36000061035156,135.55499267578125,136.24000549316406,1898542.0
2026-03-24T14:30:00-04:00,136.24989318847656,136.83999633789062,136.17999267578125,136.38999938964844,1805263.0
2026-03-24T15:30:00-04:00,136.38999938964844,136.5,135.97999572753906,136.17999267578125,2359780.0
2026-03-25T09:30:00-04:00,137.2899932861328,137.99000549316406,136.3249969482422,137.6999969482422,3763797.0
2026-03-25T10:30:00-04:00,137.7100067138672,137.9600067138672,136.27999877929688,137.1300048828125,2057637.0
2026-03-25T11:30:00-04:00,137.1300048828125,137.2550048828125,136.44000244140625,136.97999572753906,1980304.0
2026-03-25T12:30:00-04:00,136.99000549316406,137.2050018310547,136.7100067138672,137.00999450683594,1278818.0
2026-03-25T13:30:00-04:00,137.00999450683594,137.47000122070312,136.88999938964844,137.11500549316406,1351899.0
2026-03-25T14:30:00-04:00,137.11500549316406,137.18499755859375,136.375,136.61000061035156,1591195.0
2026-03-25T15:30:00-04:00,136.61000061035156,136.84500122070312,136.40499877929688,136.7899932861328,1474166.0
2026-03-26T09:30:00-04:00,135.17999267578125,135.52000427246094,134.67999267578125,135.14500427246094,3173659.0
2026-03-26T10:30:00-04:00,135.125,135.3800048828125,134.00999450683594,134.42999267578125,2356885.0
2026-03-26T11:30:00-04:00,134.42999267578125,134.86749267578125,134.02499389648438,134.05999755859375,1427882.0
2026-03-26T12:30:00-04:00,134.0500030517578,134.10499572753906,133.5,133.64010620117188,1316498.0
2026-03-26T13:30:00-04:00,133.63999938964844,133.7899932861328,132.83999633789062,132.9199981689453,1924371.0
2026-03-26T14:30:00-04:00,132.9199981689453,133.25999450683594,132.7834014892578,132.9199981689453,1800109.0
2026-03-26T15:30:00-04:00,132.9250030517578,132.97000122070312,132.4199981689453,132.47000122070312,2784662.0
2026-03-27T09:30:00-04:00,131.52999877929688,132.0449981689453,130.5399932861328,130.63999938964844,3405127.0
2026-03-27T10:30:00-04:00,130.63999938964844,131.4499969482422,130.35000610351562,131.4199981689453,2004659.0
2026-03-27T11:30:00-04:00,131.4199981689453,131.7949981689453,130.8699951171875,130.9499969482422,1865730.0
2026-03-27T12:30:00-04:00,130.94000244140625,131.24000549316406,130.16000366210938,130.1699981689453,1851487.0
2026-03-27T13:30:00-04:00,130.16000366210938,130.39500427246094,129.8300018310547,130.125,1366663.0
2026-03-27T14:30:00-04:00,130.1300048828125,130.35000610351562,129.6999969482422,129.84567260742188,1623926.0
2026-03-27T15:30:00-04:00,129.85000610351562,130.14999389648438,129.5749969482422,129.88999938964844,2971112.0
2026-03-30T09:30:00-04:00,131.27000427246094,131.5500030517578,128.91000366210938,129.1649932861328,3789079.0
2026-03-30T10:30:00-04:00,129.16000366210938,129.60000610351562,128.39999389648438,128.7949981689453,2407639.0
2026-03-30T11:30:00-04:00,128.7899932861328,129.51499938964844,128.27000427246094,128.30999755859375,1680476.0
2026-03-30T12:30:00-04:00,128.3000030517578,128.58999633789062,127.66999816894531,127.70999908447266,1279307.0
2026-03-30T13:30:00-04:00,127.72000122070312,128.17999267578125,127.41999816894531,127.44000244140625,1448015.0
2026-03-30T14:30:00-04:00,127.44999694824219,127.7750015258789,126.68000030517578,126.76499938964844,2490112.0
2026-03-30T15:30:00-04:00,126.7750015258789,127.70999908447266,126.73999786376953,127.51000213623047,3649372.0
2026-03-31T09:30:00-04:00,129.14999389648438,130.5850067138672,128.97999572753906,130.41000366210938,3863670.0
2026-03-31T10:30:00-04:00,130.4199981689453,130.56500244140625,129.22000122070312,129.86000061035156,1825300.0
2026-03-31T11:30:00-04:00,129.85000610351562,130.3699951171875,129.3300018310547,130.22999572753906,1408916.0
2026-03-31T12:30:00-04:00,130.23500061035156,132.44000244140625,130.10000610351562,131.9949951171875,4341724.0
2026-03-31T13:30:00-04:00,131.99000549316406,132.4149932861328,131.51499938964844,132.18499755859375,2125392.0
2026-03-31T14:30:00-04:00,132.1699981689453,132.89999389648438,132.0500030517578,132.72000122070312,1657107.0
2026-03-31T15:30:00-04:00,132.72500610351562,133.21499633789062,132.63999938964844,132.9199981689453,3520188.0
2026-04-01T09:30:00-04:00,134.11500549316406,135.38999938964844,133.77000427246094,135.17999267578125,5760756.0
2026-04-01T10:30:00-04:00,135.18499755859375,135.77000427246094,134.65499877929688,135.44000244140625,2451196.0
2026-04-01T11:30:00-04:00,135.44000244140625,136.0449981689453,135.3300018310547,135.72979736328125,1482566.0
2026-04-01T12:30:00-04:00,135.72999572753906,135.90989685058594,135.5800018310547,135.7949981689453,933785.0
2026-04-01T13:30:00-04:00,135.7899932861328,135.84500122070312,134.38999938964844,134.52999877929688,1590815.0
2026-04-01T14:30:00-04:00,134.5399932861328,135.218994140625,134.36000061035156,135.1300048828125,1765797.0
2026-04-01T15:30:00-04:00,135.1199951171875,135.1875,134.80999755859375,134.9499969482422,2329250.0
2026-04-02T09:30:00-04:00,131.90499877929688,134.1199951171875,131.35459899902344,133.5500030517578,2874198.0
2026-04-02T10:30:00-04:00,133.5500030517578,135.8800048828125,133.49000549316406,135.44000244140625,2660521.0
2026-04-02T11:30:00-04:00,135.4499969482422,135.67999267578125,134.60000610351562,134.80999755859375,1835474.0
2026-04-02T12:30:00-04:00,134.8000030517578,135.57000732421875,134.6649932861328,135.47000122070312,931948.0
2026-04-02T13:30:00-04:00,135.47000122070312,135.5,134.86500549316406,135.24000549316406,1264643.0
2026-04-02T14:30:00-04:00,135.2449951171875,135.77499389648438,135.2050018310547,135.53500366210938,1137413.0
2026-04-02T15:30:00-04:00,135.52999877929688,136.0399932861328,135.4600067138672,136.0,1293415.0
2026-04-06T09:30:00-04:00,136.47999572753906,137.25,135.89999389648438,136.6199951171875,1873567.0
2026-04-06T10:30:00-04:00,136.6300048828125,136.82000732421875,136.08999633789062,136.27000427246094,1461946.0
2026-04-06T11:30:00-04:00,136.27499389648438,136.69500732421875,136.08999633789062,136.4550018310547,1936561.0
2026-04-06T12:30:00-04:00,136.4600067138672,136.7082061767578,135.7100067138672,136.47000122070312,935460.0
2026-04-06T13:30:00-04:00,136.47999572753906,136.80999755859375,136.10000610351562,136.6699981689453,891587.0
2026-04-06T14:30:00-04:00,136.6649932861328,136.77000427246094,136.51010131835938,136.5749969482422,1272882.0
2026-04-06T15:30:00-04:00,136.57000732421875,136.8300018310547,136.5050048828125,136.77999877929688,1019838.0
2026-04-07T09:30:00-04:00,136.1699981689453,136.5,134.4600067138672,135.32000732421875,1522863.0
2026-04-07T10:30:00-04:00,135.32000732421875,135.52999877929688,134.11000061035156,135.17999267578125,1038854.0
2026-04-07T11:30:00-04:00,135.19000244140625,136.39999389648438,134.9949951171875,136.10000610351562,994238.0
2026-04-07T12:30:00-04:00,136.0800018310547,136.60000610351562,136.02999877929688,136.14500427246094,511785.0
2026-04-07T13:30:00-04:00,136.15499877929688,136.8300018310547,136.0850067138672,136.11000061035156,1070748.0
2026-04-07T14:30:00-04:00,136.1199951171875,136.92999267578125,135.38999938964844,136.41000366210938,934090.0
2026-04-07T15:30:00-04:00,136.41000366210938,137.49000549316406,136.22999572753906,137.41000366210938,1715901.0
2026-04-08T09:30:00-04:00,143.1300048828125,143.55999755859375,141.83999633789062,142.0399932861328,3803533.0
2026-04-08T10:30:00-04:00,142.0399932861328,142.11000061035156,140.73500061035156,141.51499938964844,1473653.0
2026-04-08T11:30:00-04:00,141.52999877929688,142.125,141.40499877929688,141.7899932861328,1173045.0
2026-04-08T12:30:00-04:00,141.7899932861328,142.2050018310547,141.64500427246094,141.72999572753906,983821.0
2026-04-08T13:30:00-04:00,141.72999572753906,142.0399932861328,141.3699951171875,141.5749969482422,1345044.0
2026-04-08T14:30:00-04:00,141.5800018310547,141.71499633789062,140.86000061035156,141.00999450683594,1013925.0
2026-04-08T15:30:00-04:00,141.00999450683594,141.7899932861328,141.0,141.72999572753906,2027216.0
2026-04-09T09:30:00-04:00,141.75999450683594,141.9199981689453,140.481201171875,140.60000610351562,1373775.0
2026-04-09T10:30:00-04:00,140.61000061035156,141.11000061035156,140.35000610351562,140.80499267578125,769126.0
2026-04-09T11:30:00-04:00,140.77000427246094,141.83999633789062,140.73500061035156,141.47999572753906,1211548.0
2026-04-09T12:30:00-04:00,141.49000549316406,141.6885986328125,141.13499450683594,141.47999572753906,803918.0
2026-04-09T13:30:00-04:00,141.49000549316406,141.72999572753906,141.0,141.10499572753906,666481.0
2026-04-09T14:30:00-04:00,141.10989379882812,141.76499938964844,140.99000549316406,141.72999572753906,923221.0
2026-04-09T15:30:00-04:00,141.72999572753906,142.18499755859375,141.72500610351562,142.0399932861328,2041062.0
2026-04-10T09:30:00-04:00,142.5,142.88999938964844,141.92010498046875,142.6300048828125,1778159.0
2026-04-10T10:30:00-04:00,142.64999389648438,143.55999755859375,142.58999633789062,143.27999877929688,1096207.0
2026-04-10T11:30:00-04:00,143.30999755859375,143.33999633789062,142.39999389648438,142.6699981689453,1130918.0
2026-04-10T12:30:00-04:00,142.6699981689453,142.72500610351562,142.27999877929688,142.47500610351562,2739626.0
2026-04-10T13:30:00-04:00,142.46499633789062,142.88999938964844,142.41000366210938,142.7449951171875,343127.0
2026-04-10T14:30:00-04:00,142.75,143.07000732421875,142.5500030517578,143.00999450683594,694617.0
2026-04-10T15:30:00-04:00,143.0050048828125,143.0050048828125,142.44000244140625,142.61000061035156,1213336.0
2026-04-13T09:30:00-04:00,142.3300018310547,143.38999938964844,142.13070678710938,143.3800048828125,2394326.0
2026-04-13T10:30:00-04:00,143.38499450683594,144.06500244140625,143.25,143.89999389648438,2273786.0
2026-04-13T11:30:00-04:00,143.89999389648438,144.41000366210938,143.55999755859375,144.32000732421875,796844.0
2026-04-13T12:30:00-04:00,144.30999755859375,144.7100067138672,144.09930419921875,144.625,1067545.0
2026-04-13T13:30:00-04:00,144.61500549316406,144.67999267578125,144.4149932861328,144.4654998779297,661734.0
2026-04-13T14:30:00-04:00,144.46499633789062,145.06500244140625,144.4600067138672,145.03500366210938,982376.0
2026-04-13T15:30:00-04:00,145.03500366210938,145.6699981689453,144.99000549316406,145.60000610351562,1547696.0
2026-04-14T09:30:00-04:00,146.89999389648438,147.25,146.0800018310547,146.85499572753906,2729082.0
2026-04-14T10:30:00-04:00,146.86000061035156,146.91000366210938,146.25999450683594,146.64500427246094,1697994.0
2026-04-14T11:30:00-04:00,146.64999389648438,147.1999969482422,146.60499572753906,147.15499877929688,918562.0
2026-04-14T12:30:00-04:00,147.14999389648438,147.56500244140625,146.99000549316406,147.4600067138672,741484.0
2026-04-14T13:30:00-04:00,147.47000122070312,147.59500122070312,146.9550018310547,147.14500427246094,651016.0
2026-04-14T14:30:00-04:00,147.14500427246094,147.7353515625,147.0800018310547,147.71499633789062,1028092.0
2026-04-14T15:30:00-04:00,147.7100067138672,147.9149932861328,147.52000427246094,147.89999389648438,1526524.0
2026-04-15T09:30:00-04:00,148.27000427246094,149.0,148.05999755859375,148.9499969482422,2325438.0
2026-04-15T10:30:00-04:00,148.97000122070312,149.4499969482422,148.93499755859375,149.3249969482422,1218272.0
2026-04-15T11:30:00-04:00,149.32000732421875,149.46499633789062,149.03990173339844,149.11000061035156,988621.0
2026-04-15T12:30:00-04:00,149.1199951171875,149.13999938964844,147.9600067138672,148.75,861452.0
2026-04-15T13:30:00-04:00,148.73500061035156,149.44000244140625,148.73500061035156,149.38499450683594,918566.0
2026-04-15T14:30:00-04:00,149.39979553222656,150.0,149.39500427246094,149.99000549316406,878793.0
2026-04-15T15:30:00-04:00,149.97999572753906,150.3699951171875,149.91000366210938,150.25,1996291.0
2026-04-16T09:30:00-04:00,150.99000549316406,151.22999572753906,149.7449951171875,150.6300048828125,2092052.0
2026-04-16T10:30:00-04:00,150.63999938964844,151.75999450683594,150.60000610351562,151.44000244140625,1217311.0
2026-04-16T11:30:00-04:00,151.4499969482422,152.17979431152344,151.39999389648438,151.81500244140625,1808501.0
2026-04-16T12:30:00-04:00,151.82000732421875,151.91000366210938,151.1300048828125,151.72000122070312,919002.0
2026-04-16T13:30:00-04:00,151.72500610351562,151.86500549316406,150.96499633789062,151.05999755859375,834087.0
2026-04-16T14:30:00-04:00,151.07000732421875,151.8350067138672,151.06500244140625,151.6649932861328,886574.0
2026-04-16T15:30:00-04:00,151.6649932861328,152.1300048828125,151.62319946289062,152.02000427246094,2166718.0
2026-04-17T09:30:00-04:00,154.05999755859375,154.6199951171875,153.50999450683594,154.125,2788909.0
2026-04-17T10:30:00-04:00,154.15499877929688,154.80499267578125,154.15499877929688,154.60000610351562,1232208.0
2026-04-17T11:30:00-04:00,154.60000610351562,154.7550048828125,153.9949951171875,154.5449981689453,966603.0
2026-04-17T12:30:00-04:00,154.5500030517578,154.74000549316406,153.60000610351562,153.8800048828125,1235070.0
2026-04-17T13:30:00-04:00,153.8699951171875,154.32000732421875,153.75999450683594,153.9250030517578,875442.0
2026-04-17T14:30:00-04:00,153.9199981689453,154.11500549316406,153.7550048828125,153.9499969482422,1106122.0
2026-04-17T15:30:00-04:00,153.9499969482422,154.375,153.94000244140625,154.32000732421875,1565686.0
2026-04-20T09:30:00-04:00,154.3000030517578,154.75,153.88999938964844,154.11500549316406,1508825.0
2026-04-20T10:30:00-04:00,154.11000061035156,154.27499389648438,153.03500366210938,153.9600067138672,1127467.0
2026-04-20T11:30:00-04:00,153.9499969482422,153.9698944091797,153.4199981689453,153.8350067138672,855501.0
2026-04-20T12:30:00-04:00,153.8350067138672,154.13499450683594,153.72999572753906,153.98500061035156,628921.0
2026-04-20T13:30:00-04:00,153.98500061035156,154.4250030517578,153.91000366210938,154.36500549316406,1009189.0
2026-04-20T14:30:00-04:00,154.3699951171875,154.4250030517578,154.11500549316406,154.3000030517578,922034.0
2026-04-20T15:30:00-04:00,154.3000030517578,154.61000061035156,154.2050018310547,154.5800018310547,1796053.0
2026-04-21T09:30:00-04:00,155.0,156.07000732421875,154.82000732421875,155.75999450683594,2533115.0
2026-04-21T10:30:00-04:00,155.74000549316406,155.97000122070312,154.49000549316406,155.0,1358125.0
2026-04-21T11:30:00-04:00,155.00999450683594,155.49000549316406,154.82000732421875,155.0,981264.0
2026-04-21T12:30:00-04:00,154.99000549316406,155.25999450683594,154.27999877929688,154.52999877929688,1041228.0
2026-04-21T13:30:00-04:00,154.52999877929688,155.3699951171875,154.50999450683594,154.83999633789062,1462609.0
2026-04-21T14:30:00-04:00,154.8300018310547,155.64500427246094,154.8300018310547,155.61000061035156,1548442.0
2026-04-21T15:30:00-04:00,155.6199951171875,155.69500732421875,154.14999389648438,154.69000244140625,2923554.0
2026-04-22T09:30:00-04:00,156.22000122070312,156.9600067138672,155.52000427246094,156.88999938964844,1624170.0
2026-04-22T10:30:00-04:00,156.88499450683594,157.22000122070312,156.58201599121094,157.1199951171875,955970.0
2026-04-22T11:30:00-04:00,157.1199951171875,157.38999938964844,156.9600067138672,157.27000427246094,763935.0
2026-04-22T12:30:00-04:00,157.27000427246094,157.72999572753906,157.1199951171875,157.5399932861328,998878.0
2026-04-22T13:30:00-04:00,157.5500030517578,157.74000549316406,157.3350067138672,157.41000366210938,843653.0
2026-04-22T14:30:00-04:00,157.4199981689453,157.91000366210938,157.32000732421875,157.7550048828125,1294582.0
2026-04-22T15:30:00-04:00,157.7550048828125,158.16000366210938,157.69500732421875,158.1199951171875,1725922.0
2026-04-23T09:30:00-04:00,156.77000427246094,157.3000030517578,156.2100067138672,156.69500732421875,2051195.0
2026-04-23T10:30:00-04:00,156.6999969482422,157.77000427246094,156.61500549316406,157.51499938964844,563824.0
2026-04-23T11:30:00-04:00,157.5,157.7949981689453,156.52000427246094,156.90499877929688,786362.0
2026-04-23T12:30:00-04:00,156.90499877929688,157.13999938964844,155.25999450683594,155.42999267578125,1364837.0
2026-04-23T13:30:00-04:00,155.44000244140625,155.9600067138672,153.9499969482422,155.75999450683594,2620074.0
2026-04-23T14:30:00-04:00,155.7550048828125,156.10000610351562,155.0749969482422,155.6199951171875,1661091.0
2026-04-23T15:30:00-04:00,155.625,155.9499969482422,155.14999389648438,155.82000732421875,2462288.0
2026-04-24T09:30:00-04:00,158.42999267578125,159.27999877929688,157.60000610351562,158.3800048828125,2577063.0
2026-04-24T10:30:00-04:00,158.38999938964844,159.8300018310547,158.14500427246094,159.52000427246094,1413558.0
2026-04-24T11:30:00-04:00,159.50999450683594,160.18499755859375,159.41000366210938,160.0,1492063.0
2026-04-24T12:30:00-04:00,160.00999450683594,160.28500366210938,159.58999633789062,159.73500061035156,954474.0
2026-04-24T13:30:00-04:00,159.72500610351562,160.3699951171875,159.6300048828125,159.92999267578125,1084811.0
2026-04-24T14:30:00-04:00,159.94000244140625,160.39999389648438,159.9149932861328,160.10499572753906,1110693.0
2026-04-24T15:30:00-04:00,160.10000610351562,160.2899932861328,159.91000366210938,160.2550048828125,1841620.0
2026-04-27T09:30:00-04:00,160.02000427246094,160.3300018310547,158.80999755859375,159.40499877929688,2287052.0
2026-04-27T10:30:00-04:00,159.41000366210938,159.80999755859375,158.9499969482422,159.36000061035156,1106124.0
2026-04-27T11:30:00-04:00,159.36000061035156,159.74000549316406,159.28500366210938,159.4499969482422,842240.0
2026-04-27T12:30:00-04:00,159.4600067138672,159.84500122070312,159.4600067138672,159.8000030517578,869839.0
2026-04-27T13:30:00-04:00,159.7899932861328,160.1999969482422,159.78500366210938,160.14500427246094,619268.0
2026-04-27T14:30:00-04:00,160.13999938964844,160.27499389648438,159.85000610351562,160.1300048828125,717629.0
2026-04-27T15:30:00-04:00,160.125,160.6199951171875,160.1199951171875,160.57000732421875,1240486.0
2026-04-28T09:30:00-04:00,157.11000061035156,158.63999938964844,156.66000366210938,157.8000030517578,2047894.0
2026-04-28T10:30:00-04:00,157.8000030517578,157.9149932861328,156.16000366210938,156.60000610351562,1747459.0
2026-04-28T11:30:00-04:00,156.5850067138672,157.02999877929688,156.30999755859375,156.8800048828125,938852.0
2026-04-28T12:30:00-04:00,156.8699951171875,157.30999755859375,156.60000610351562,157.26499938964844,681183.0
2026-04-28T13:30:00-04:00,157.27000427246094,158.1300048828125,157.27000427246094,158.0749969482422,903253.0
2026-04-28T14:30:00-04:00,158.0800018310547,158.49000549316406,157.88499450683594,158.14999389648438,1067808.0
2026-04-28T15:30:00-04:00,158.16000366210938,158.22999572753906,157.76499938964844,157.86000061035156,1359038.0
2026-04-29T09:30:00-04:00,158.8300018310547,158.83999633789062,157.77000427246094,158.58999633789062,1604209.0
2026-04-29T10:30:00-04:00,158.55999755859375,159.1199951171875,158.3249969482422,158.60499572753906,789832.0
2026-04-29T11:30:00-04:00,158.6199951171875,158.82000732421875,158.02499389648438,158.05999755859375,601734.0
2026-04-29T12:30:00-04:00,158.0500030517578,158.3000030517578,157.75999450683594,158.1699981689453,550105.0
2026-04-29T13:30:00-04:00,158.17999267578125,158.4600067138672,157.75,158.13499450683594,799882.0
2026-04-29T14:30:00-04:00,158.12449645996094,159.0500030517578,157.83999633789062,158.90499877929688,1168865.0
2026-04-29T15:30:00-04:00,158.89999389648438,159.13999938964844,158.52499389648438,159.11000061035156,1284759.0
2026-04-30T09:30:00-04:00,159.25,159.35000610351562,156.94500732421875,157.38999938964844,2356844.0
2026-04-30T10:30:00-04:00,157.3800048828125,158.7899932861328,156.8800048828125,158.6199951171875,1251023.0
2026-04-30T11:30:00-04:00,158.61000061035156,158.86000061035156,158.11500549316406,158.5399932861328,697314.0
2026-04-30T12:30:00-04:00,158.55499267578125,158.7100067138672,157.9499969482422,158.7100067138672,778065.0
2026-04-30T13:30:00-04:00,158.6999969482422,159.53500366210938,158.6999969482422,159.35000610351562,812027.0
2026-04-30T14:30:00-04:00,159.35000610351562,159.7100067138672,159.22999572753906,159.5399932861328,815825.0
2026-04-30T15:30:00-04:00,159.5399932861328,159.8000030517578,159.3300018310547,159.4199981689453,2133938.0
2026-05-01T09:30:00-04:00,160.38999938964844,162.1699981689453,160.13999938964844,161.6750030517578,2755096.0
2026-05-01T10:30:00-04:00,161.6699981689453,161.77999877929688,160.6999969482422,161.6999969482422,1003551.0
2026-05-01T11:30:00-04:00,161.6999969482422,162.125,161.52999877929688,161.6999969482422,1212172.0
2026-05-01T12:30:00-04:00,161.69000244140625,162.1300048828125,161.5500030517578,162.0800018310547,920292.0
2026-05-01T13:30:00-04:00,162.0850067138672,162.25,161.9199981689453,162.1199951171875,991677.0
2026-05-01T14:30:00-04:00,162.11500549316406,162.28500366210938,161.6300048828125,162.22000122070312,1295698.0
2026-05-01T15:30:00-04:00,162.2100067138672,162.25,161.82000732421875,161.8800048828125,1400704.0
2026-05-04T09:30:00-04:00,162.7050018310547,163.24000549316406,162.22999572753906,162.67999267578125,2053768.0
2026-05-04T10:30:00-04:00,162.6699981689453,163.14999389648438,161.38999938964844,161.89999389648438,1598163.0
2026-05-04T11:30:00-04:00,161.9199981689453,162.0854034423828,160.8800048828125,161.66000366210938,1774158.0
2026-05-04T12:30:00-04:00,161.64999389648438,162.3699951171875,161.49000549316406,162.25999450683594,929483.0
2026-05-04T13:30:00-04:00,162.2550048828125,162.4199981689453,161.8699951171875,162.17999267578125,675392.0
2026-05-04T14:30:00-04:00,162.1999969482422,162.32000732421875,161.74000549316406,162.2100067138672,1413846.0
2026-05-04T15:30:00-04:00,162.2100067138672,162.3699951171875,161.86000061035156,162.0500030517578,1839700.0
2026-05-05T09:30:00-04:00,163.8699951171875,165.30999755859375,163.52000427246094,165.19000244140625,1915749.0
2026-05-05T10:30:00-04:00,165.18499755859375,165.37989807128906,164.72000122070312,165.24000549316406,842477.0
2026-05-05T11:30:00-04:00,165.25999450683594,165.71499633789062,165.125,165.4499969482422,1272772.0
2026-05-05T12:30:00-04:00,165.4499969482422,165.97000122070312,165.1999969482422,165.9600067138672,696087.0
2026-05-05T13:30:00-04:00,165.97000122070312,165.97000122070312,165.75,165.89999389648438,1203564.0
2026-05-05T14:30:00-04:00,165.89999389648438,166.02000427246094,165.61500549316406,165.6345977783203,909844.0
2026-05-05T15:30:00-04:00,165.61000061035156,165.74000549316406,165.31500244140625,165.60000610351562,1541771.0
2026-05-06T09:30:00-04:00,167.8800048828125,168.44000244140625,166.83999633789062,167.16000366210938,2430590.0
2026-05-06T10:30:00-04:00,167.14999389648438,169.10000610351562,167.14999389648438,169.0399932861328,1510842.0
2026-05-06T11:30:00-04:00,169.04139709472656,169.10499572753906,168.41000366210938,168.52999877929688,820045.0
2026-05-06T12:30:00-04:00,168.52999877929688,168.74000549316406,168.10000610351562,168.67999267578125,1106702.0
2026-05-06T13:30:00-04:00,168.6750030517578,169.1699981689453,168.63999938964844,169.1300048828125,1336293.0
2026-05-06T14:30:00-04:00,169.125,169.69000244140625,169.0449981689453,169.61000061035156,1360631.0
2026-05-06T15:30:00-04:00,169.60000610351562,170.0800018310547,169.38999938964844,169.9600067138672,2292552.0
2026-05-07T09:30:00-04:00,170.25999450683594,171.77999877929688,169.42999267578125,171.5800018310547,1864297.0
2026-05-07T10:30:00-04:00,171.58999633789062,171.9499969482422,171.05999755859375,171.2550048828125,1114883.0
2026-05-07T11:30:00-04:00,171.30999755859375,171.66000366210938,169.3699951171875,170.26499938964844,1436242.0
2026-05-07T12:30:00-04:00,170.25999450683594,170.60000610351562,168.6999969482422,169.14999389648438,1392845.0
2026-05-07T13:30:00-04:00,169.25999450683594,170.13999938964844,169.02999877929688,169.27999877929688,1250113.0
2026-05-07T14:30:00-04:00,169.27999877929688,169.58999633789062,168.80999755859375,168.99000549316406,1738766.0
2026-05-07T15:30:00-04:00,168.97999572753906,169.9199981689453,168.97000122070312,169.69000244140625,1854570.0
2026-05-08T09:30:00-04:00,171.58999633789062,173.8000030517578,171.3000030517578,173.27000427246094,1990461.0
2026-05-08T10:30:00-04:00,173.3300018310547,174.0500030517578,172.9300994873047,173.8800048828125,1011390.0
2026-05-08T11:30:00-04:00,173.89999389648438,174.5399932861328,173.67999267578125,174.5399932861328,906122.0
2026-05-08T12:30:00-04:00,174.53500366210938,175.35000610351562,174.05499267578125,175.24000549316406,1233609.0
2026-05-08T13:30:00-04:00,175.24000549316406,175.3300018310547,174.6199951171875,174.97999572753906,911039.0
2026-05-08T14:30:00-04:00,174.98500061035156,175.35499572753906,174.64500427246094,174.7899932861328,1346064.0
2026-05-08T15:30:00-04:00,174.7899932861328,175.60000610351562,174.75,175.55999755859375,2611563.0
2026-05-11T09:30:00-04:00,176.14999389648438,177.63499450683594,175.8699951171875,176.22999572753906,2760707.0
2026-05-11T10:30:00-04:00,176.24000549316406,177.6699981689453,175.97999572753906,177.5850067138672,1476784.0
2026-05-11T11:30:00-04:00,177.5850067138672,178.23500061035156,177.38999938964844,178.11000061035156,1540380.0
2026-05-11T12:30:00-04:00,178.11000061035156,178.17999267578125,177.22000122070312,177.85000610351562,991395.0
2026-05-11T13:30:00-04:00,177.82000732421875,178.25,177.76499938964844,178.25,700577.0
2026-05-11T14:30:00-04:00,178.22999572753906,178.3000030517578,177.18499755859375,177.25,1104028.0
2026-05-11T15:30:00-04:00,177.24000549316406,177.89999389648438,177.17999267578125,177.88999938964844,1444776.0
2026-05-12T09:30:00-04:00,175.33999633789062,176.8800048828125,174.49000549316406,174.52000427246094,3273515.0
2026-05-12T10:30:00-04:00,174.52999877929688,175.0500030517578,172.14999389648438,172.30999755859375,2820367.0
2026-05-12T11:30:00-04:00,172.3300018310547,173.1699981689453,171.9199981689453,172.11000061035156,1889696.0
2026-05-12T12:30:00-04:00,172.0399932861328,173.13999938964844,171.19500732421875,172.75,2059952.0
2026-05-12T13:30:00-04:00,172.75,173.94000244140625,172.72999572753906,173.80999755859375,1719971.0
2026-05-12T14:30:00-04:00,173.92999267578125,174.30999755859375,173.2899932861328,174.0800018310547,1192428.0
2026-05-12T15:30:00-04:00,174.0800018310547,175.36000061035156,174.0800018310547,175.25999450683594,2308774.0
2026-05-13T09:30:00-04:00,176.75,177.36000061035156,174.25999450683594,175.55999755859375,2915209.0
2026-05-13T10:30:00-04:00,175.5399932861328,176.58999633789062,175.52000427246094,176.00999450683594,1058402.0
2026-05-13T11:30:00-04:00,176.00999450683594,176.8000030517578,175.66000366210938,176.72999572753906,664237.0
2026-05-13T12:30:00-04:00,176.7100067138672,177.22999572753906,176.5500030517578,177.16000366210938,977566.0
2026-05-13T13:30:00-04:00,177.17999267578125,177.74000549316406,176.72999572753906,177.60000610351562,746024.0
2026-05-13T14:30:00-04:00,177.61000061035156,177.6699981689453,176.85000610351562,177.32000732421875,1582255.0
2026-05-13T15:30:00-04:00,177.30999755859375,177.47000122070312,176.72000122070312,176.86000061035156,1209587.0
2026-05-14T09:30:00-04:00,177.36000061035156,179.05999755859375,176.86500549316406,178.8800048828125,2468144.0
2026-05-14T10:30:00-04:00,178.8699951171875,180.20899963378906,178.6999969482422,180.02000427246094,1662336.0
2026-05-14T11:30:00-04:00,180.0399932861328,180.21499633789062,179.47999572753906,179.55999755859375,1133202.0
2026-05-14T12:30:00-04:00,179.55999755859375,179.77000427246094,178.36000061035156,178.77000427246094,1296462.0
2026-05-14T13:30:00-04:00,178.77499389648438,179.69000244140625,178.6999969482422,179.47000122070312,1167316.0
2026-05-14T14:30:00-04:00,179.47999572753906,179.99159240722656,179.27000427246094,179.60000610351562,1047127.0
2026-05-14T15:30:00-04:00,179.58999633789062,179.9550018310547,179.43499755859375,179.47999572753906,1665943.0
2026-05-15T09:30:00-04:00,176.2100067138672,177.32000732421875,174.6300048828125,176.5500030517578,4108214.0
2026-05-15T10:30:00-04:00,176.52000427246094,177.36740112304688,176.19000244140625,177.17999267578125,2601471.0
2026-05-15T11:30:00-04:00,177.2100067138672,177.66000366210938,176.42999267578125,177.38999938964844,1536242.0
2026-05-15T12:30:00-04:00,177.41000366210938,178.02999877929688,176.9499969482422,177.99000549316406,943639.0
2026-05-15T13:30:00-04:00,177.97999572753906,178.6999969482422,177.72999572753906,177.8000030517578,1122192.0
2026-05-15T14:30:00-04:00,177.80999755859375,178.02999877929688,176.97999572753906,177.02999877929688,1313068.0
2026-05-15T15:30:00-04:00,177.03500366210938,177.42999267578125,176.1999969482422,176.2899932861328,2172361.0
2026-05-18T09:30:00-04:00,177.6199951171875,177.85000610351562,174.13999938964844,174.2899932861328,4265962.0
2026-05-18T10:30:00-04:00,174.2899932861328,174.42999267578125,172.97000122070312,173.16000366210938,4744130.0
2026-05-18T11:30:00-04:00,173.17999267578125,174.0500030517578,172.3000030517578,172.4149932861328,2070577.0
2026-05-18T12:30:00-04:00,172.3800048828125,173.92999267578125,172.13999938964844,173.4499969482422,1932715.0
2026-05-18T13:30:00-04:00,173.4600067138672,173.7100067138672,172.08999633789062,172.58999633789062,1211382.0
2026-05-18T14:30:00-04:00,172.5800018310547,174.11000061035156,171.91000366210938,172.77000427246094,2510969.0
2026-05-18T15:30:00-04:00,172.7949981689453,174.50999450683594,172.7100067138672,174.3800048828125,1764791.0
2026-05-19T09:30:00-04:00,172.67999267578125,175.17999267578125,170.83099365234375,171.27000427246094,3977556.0
2026-05-19T10:30:00-04:00,171.33999633789062,172.82000732421875,170.97999572753906,172.02999877929688,2376631.0
2026-05-19T11:30:00-04:00,172.02999877929688,173.33999633789062,171.97999572753906,173.32000732421875,1901858.0
2026-05-19T12:30:00-04:00,173.27999877929688,175.0500030517578,173.24000549316406,174.6999969482422,1930613.0
2026-05-19T13:30:00-04:00,174.6999969482422,175.0,173.94000244140625,174.1199951171875,1968485.0
2026-05-19T14:30:00-04:00,174.11000061035156,174.42999267578125,173.22999572753906,173.64999389648438,1545564.0
2026-05-19T15:30:00-04:00,173.6649932861328,173.91000366210938,172.75,173.25,1710918.0
2026-05-20T09:30:00-04:00,174.66000366210938,176.1199951171875,173.9499969482422,175.88999938964844,2081627.0
2026-05-20T10:30:00-04:00,175.94000244140625,177.25,175.4499969482422,176.38999938964844,2581280.0
2026-05-20T11:30:00-04:00,176.3699951171875,176.67999267578125,175.57000732421875,175.91000366210938,1146815.0
2026-05-20T12:30:00-04:00,175.92999267578125,176.4600067138672,175.8300018310547,176.36000061035156,1243740.0
2026-05-20T13:30:00-04:00,176.3699951171875,176.77000427246094,176.27000427246094,176.47000122070312,854219.0
2026-05-20T14:30:00-04:00,176.47999572753906,176.75999450683594,176.1699981689453,176.74000549316406,1448015.0
2026-05-20T15:30:00-04:00,176.75,177.17999267578125,176.64500427246094,177.1300048828125,2415921.0
2026-05-21T09:30:00-04:00,175.8300018310547,178.14999389648438,175.8300018310547,176.50999450683594,3298285.0
2026-05-21T10:30:00-04:00,176.55499267578125,177.1300048828125,176.05999755859375,176.74270629882812,1456713.0
2026-05-21T11:30:00-04:00,176.77000427246094,177.4199981689453,176.36000061035156,176.9561004638672,700910.0
2026-05-21T12:30:00-04:00,176.94000244140625,178.41000366210938,176.6199951171875,177.91000366210938,808603.0
2026-05-21T13:30:00-04:00,177.91009521484375,178.97999572753906,177.89999389648438,178.27000427246094,830601.0
2026-05-21T14:30:00-04:00,178.27000427246094,178.35000610351562,177.22000122070312,178.1699981689453,1187245.0
2026-05-21T15:30:00-04:00,178.14999389648438,178.67999267578125,178.0,178.54249572753906,1480424.0
2026-05-22T09:30:00-04:00,180.02999877929688,181.3000030517578,179.55999755859375,180.17999267578125,2775216.0
2026-05-22T10:30:00-04:00,180.19000244140625,181.4199981689453,180.05999755859375,181.39999389648438,1040746.0
2026-05-22T11:30:00-04:00,181.41000366210938,181.44000244140625,180.93629455566406,181.12989807128906,777794.0
2026-05-22T12:30:00-04:00,181.13900756835938,181.64999389648438,180.91000366210938,181.6300048828125,1151078.0
2026-05-22T13:30:00-04:00,181.69000244140625,181.72999572753906,181.0500030517578,181.14999389648438,1065739.0
2026-05-22T14:30:00-04:00,181.13999938964844,181.2100067138672,180.2550048828125,180.2899932861328,1401338.0
2026-05-22T15:30:00-04:00,180.2899932861328,180.60000610351562,180.1999969482422,180.33999633789062,1938227.0
2026-05-26T09:30:00-04:00,183.1999969482422,185.55999755859375,182.5850067138672,185.44000244140625,2796962.0
2026-05-26T10:30:00-04:00,185.42999267578125,186.0,184.6199951171875,184.77999877929688,1407543.0
2026-05-26T11:30:00-04:00,184.77999877929688,184.92999267578125,183.69500732421875,184.75,1559226.0
2026-05-26T12:30:00-04:00,184.75999450683594,184.83999633789062,184.27999877929688,184.6199951171875,1230148.0
2026-05-26T13:30:00-04:00,184.6199951171875,185.27000427246094,184.5399932861328,185.19000244140625,925872.0
2026-05-26T14:30:00-04:00,185.1750030517578,185.3699951171875,184.8300018310547,185.1699981689453,1270746.0
2026-05-26T15:30:00-04:00,185.16000366210938,185.5399932861328,185.05999755859375,185.22999572753906,2439542.0
2026-05-27T09:30:00-04:00,186.17999267578125,186.25999450683594,182.66000366210938,182.99000549316406,3382128.0
2026-05-27T10:30:00-04:00,182.97000122070312,184.13999938964844,182.5399932861328,183.24000549316406,1457354.0
2026-05-27T11:30:00-04:00,183.2550048828125,184.1300048828125,182.60000610351562,183.8000030517578,1359819.0
2026-05-27T12:30:00-04:00,183.7899932861328,184.30999755859375,183.0,183.67999267578125,875410.0
2026-05-27T13:30:00-04:00,183.67999267578125,184.4149932861328,183.47000122070312,184.41000366210938,699179.0
2026-05-27T14:30:00-04:00,184.41000366210938,184.49000549316406,183.99000549316406,184.12899780273438,869203.0
2026-05-27T15:30:00-04:00,184.11000061035156,184.57000732421875,184.11000061035156,184.41000366210938,2399933.0
2026-05-28T09:30:00-04:00,184.8300018310547,186.11000061035156,183.7899932861328,185.7100067138672,2943076.0
2026-05-28T10:30:00-04:00,185.72000122070312,187.4199981689453,185.3800048828125,187.27000427246094,1345188.0
2026-05-28T11:30:00-04:00,187.27000427246094,187.5399932861328,186.9250030517578,187.4199981689453,907988.0
2026-05-28T12:30:00-04:00,187.41990661621094,187.5800018310547,187.10000610351562,187.1199951171875,896545.0
2026-05-28T13:30:00-04:00,187.1199951171875,187.47000122070312,186.88999938964844,187.17999267578125,2190599.0
2026-05-28T14:30:00-04:00,187.1699981689453,187.19000244140625,186.67999267578125,186.8350067138672,760907.0
2026-05-28T15:30:00-04:00,186.83999633789062,187.0500030517578,186.72000122070312,186.8699951171875,1484731.0
2026-05-29T09:30:00-04:00,189.3300018310547,191.6300048828125,189.19500732421875,190.52999877929688,2659944.0
2026-05-29T10:30:00-04:00,190.57000732421875,191.1300048828125,189.3000030517578,190.55999755859375,1441515.0
2026-05-29T11:30:00-04:00,190.5800018310547,190.8800048828125,190.08999633789062,190.52000427246094,2398182.0
2026-05-29T12:30:00-04:00,190.50999450683594,190.89990234375,190.1999969482422,190.32000732421875,1064532.0
2026-05-29T13:30:00-04:00,190.30999755859375,190.42999267578125,189.57009887695312,190.38999938964844,829835.0
2026-05-29T14:30:00-04:00,190.39999389648438,190.74000549316406,190.07000732421875,190.72999572753906,1132382.0
2026-05-29T15:30:00-04:00,190.75,191.22999572753906,190.74000549316406,191.0399932861328,2341894.0
2026-06-01T09:30:00-04:00,192.32000732421875,194.05999755859375,191.14999389648438,193.3699951171875,7982194.0
2026-06-01T10:30:00-04:00,193.4010009765625,194.74000549316406,193.3000030517578,194.6300048828125,1823272.0
2026-06-01T11:30:00-04:00,194.61000061035156,195.30999755859375,194.61000061035156,195.11000061035156,1360446.0
2026-06-01T12:30:00-04:00,195.1300048828125,195.77000427246094,195.02000427246094,195.6999969482422,1452679.0
2026-06-01T13:30:00-04:00,195.72000122070312,196.49989318847656,195.55999755859375,196.05999755859375,1781339.0
2026-06-01T14:30:00-04:00,196.05999755859375,196.1300048828125,195.77999877929688,195.88999938964844,1621042.0
2026-06-01T15:30:00-04:00,195.8800048828125,195.8800048828125,195.36500549316406,195.74000549316406,2199064.0
2026-06-02T09:30:00-04:00,196.4499969482422,197.72000122070312,195.75,196.42999267578125,2694235.0
2026-06-02T10:30:00-04:00,196.41000366210938,197.3699951171875,196.35000610351562,197.24000549316406,1108319.0
2026-06-02T11:30:00-04:00,197.2100067138672,197.85499572753906,197.10000610351562,197.22999572753906,1427120.0
2026-06-02T12:30:00-04:00,197.22999572753906,197.60000610351562,196.92999267578125,197.0500030517578,805780.0
2026-06-02T13:30:00-04:00,197.05999755859375,197.3300018310547,196.75999450683594,197.22999572753906,907431.0
2026-06-02T14:30:00-04:00,197.22999572753906,197.8300018310547,196.82000732421875,197.6699981689453,1052555.0
2026-06-02T15:30:00-04:00,197.66000366210938,198.3800048828125,197.6199951171875,198.1999969482422,1403823.0
2026-06-03T09:30:00-04:00,198.3699951171875,198.72999572753906,194.52499389648438,197.11000061035156,3423008.0
2026-06-03T10:30:00-04:00,197.11000061035156,197.1699981689453,196.16000366210938,196.67999267578125,1032598.0
2026-06-03T11:30:00-04:00,196.6999969482422,197.02999877929688,195.52999877929688,195.67999267578125,986537.0
2026-06-03T12:30:00-04:00,195.67999267578125,196.00999450683594,195.1649932861328,195.7899932861328,1133128.0
2026-06-03T13:30:00-04:00,195.77999877929688,196.9199981689453,195.5749969482422,196.9149932861328,1194898.0
2026-06-03T14:30:00-04:00,196.91990661621094,196.9676513671875,196.25,196.45579528808594,1131734.0
2026-06-03T15:30:00-04:00,196.47000122070312,197.0399932861328,196.1999969482422,196.25,2233882.0
2026-06-04T09:30:00-04:00,191.52000427246094,191.9499969482422,189.69000244140625,191.3800048828125,4515672.0
2026-06-04T10:30:00-04:00,191.41000366210938,192.93499755859375,191.02000427246094,192.50999450683594,2041153.0
2026-06-04T11:30:00-04:00,192.50999450683594,192.96499633789062,191.74000549316406,192.89999389648438,961464.0
2026-06-04T12:30:00-04:00,192.86500549316406,193.55999755859375,192.42999267578125,193.51010131835938,763301.0
2026-06-04T13:30:00-04:00,193.50999450683594,194.74000549316406,193.49000549316406,194.3800048828125,1590044.0
2026-06-04T14:30:00-04:00,194.3800048828125,194.49000549316406,193.6999969482422,194.47999572753906,843849.0
2026-06-04T15:30:00-04:00,194.46009826660156,194.5500030517578,193.11000061035156,193.13999938964844,1599626.0
2026-06-05T09:30:00-04:00,188.88499450683594,189.22000122070312,185.7100067138672,186.32009887695312,5961263.0
2026-06-05T10:30:00-04:00,186.3300018310547,187.69000244140625,185.30999755859375,185.5500030517578,2628070.0
2026-06-05T11:30:00-04:00,185.52000427246094,185.7899932861328,183.89999389648438,183.91000366210938,2802590.0
2026-06-05T12:30:00-04:00,183.9199981689453,183.9600067138672,182.3300018310547,183.25,2869698.0
2026-06-05T13:30:00-04:00,183.25,183.8800048828125,181.67999267578125,181.9199981689453,2223816.0
2026-06-05T14:30:00-04:00,181.89999389648438,181.97999572753906,179.8000030517578,181.51499938964844,4365743.0
2026-06-05T15:30:00-04:00,181.52000427246094,181.8800048828125,180.24000549316406,180.25999450683594,4669191.0
2026-06-08T09:30:00-04:00,185.22000122070312,185.55999755859375,183.17010498046875,184.75999450683594,5360974.0
2026-06-08T10:30:00-04:00,184.75999450683594,186.7100067138672,184.72000122070312,185.6699981689453,2349045.0
2026-06-08T11:30:00-04:00,185.74000549316406,186.38999938964844,185.1699981689453,185.4600067138672,1840466.0
2026-06-08T12:30:00-04:00,185.47999572753906,185.81430053710938,184.55999755859375,185.38999938964844,1278052.0
2026-06-08T13:30:00-04:00,185.36000061035156,185.55499267578125,184.6999969482422,185.25,905647.0
2026-06-08T14:30:00-04:00,185.30999755859375,185.4199981689453,183.49000549316406,183.91000366210938,975307.0
2026-06-08T15:30:00-04:00,183.92999267578125,184.47999572753906,183.77999877929688,184.24000549316406,1430164.0
2026-06-09T09:30:00-04:00,185.91000366210938,187.0800018310547,182.60000610351562,183.33999633789062,3718766.0
2026-06-09T10:30:00-04:00,183.30999755859375,183.55999755859375,178.47000122070312,178.55870056152344,4215221.0
2026-06-09T11:30:00-04:00,178.57000732421875,179.49000549316406,174.22000122070312,175.11000061035156,5271467.0
2026-06-09T12:30:00-04:00,175.0500030517578,177.8800048828125,172.88009643554688,177.4600067138672,7231702.0
2026-06-09T13:30:00-04:00,177.4600067138672,179.3000030517578,177.0399932861328,179.25999450683594,3311243.0
2026-06-09T14:30:00-04:00,179.2449951171875,180.67999267578125,178.1199951171875,179.27499389648438,2595405.0
2026-06-09T15:30:00-04:00,179.25999450683594,180.86000061035156,178.47999572753906,180.7899932861328,2916562.0
2026-06-10T09:30:00-04:00,178.16000366210938,182.00999450683594,177.72999572753906,181.67999267578125,5179961.0
2026-06-10T10:30:00-04:00,181.60000610351562,182.41000366210938,177.19000244140625,178.22999572753906,3879552.0
2026-06-10T11:30:00-04:00,178.17999267578125,179.1999969482422,176.97000122070312,178.1199951171875,2740947.0
2026-06-10T12:30:00-04:00,178.11000061035156,179.0,177.19000244140625,177.6199951171875,2122133.0
2026-06-10T13:30:00-04:00,177.66000366210938,179.0399932861328,177.1999969482422,178.02000427246094,1338701.0
2026-06-10T14:30:00-04:00,177.9801025390625,178.0500030517578,176.14999389648438,176.5800018310547,1912498.0
2026-06-10T15:30:00-04:00,176.52000427246094,177.5,176.38999938964844,176.5,2334576.0
2026-06-11T09:30:00-04:00,177.7899932861328,180.58999633789062,177.0800018310547,178.9199981689453,4385598.0
2026-06-11T10:30:00-04:00,178.97999572753906,179.5800018310547,176.4949951171875,178.05999755859375,2108570.0
2026-06-11T11:30:00-04:00,177.9499969482422,179.5399932861328,177.8800048828125,178.6199951171875,1468715.0
2026-06-11T12:30:00-04:00,178.60000610351562,180.42999267578125,177.3699951171875,180.4149932861328,1519052.0
2026-06-11T13:30:00-04:00,180.4499969482422,181.8699951171875,180.0850067138672,181.02000427246094,3213205.0
2026-06-11T14:30:00-04:00,181.0,182.92999267578125,180.92999267578125,182.72000122070312,2005399.0
2026-06-11T15:30:00-04:00,182.72999572753906,183.66000366210938,182.6199951171875,183.19000244140625,3018960.0
2026-06-12T09:30:00-04:00,183.24000549316406,185.02999877929688,181.64430236816406,184.02999877929688,4074573.0
2026-06-12T10:30:00-04:00,184.02999877929688,185.83999633789062,182.8000030517578,185.72999572753906,2976489.0
2026-06-12T11:30:00-04:00,185.77999877929688,185.8000030517578,183.22999572753906,184.72999572753906,2813277.0
2026-06-12T12:30:00-04:00,184.72000122070312,185.6999969482422,184.5800018310547,185.49000549316406,1180911.0
2026-06-12T13:30:00-04:00,185.5,185.58999633789062,184.49000549316406,185.0,1152137.0
2026-06-12T14:30:00-04:00,185.00999450683594,185.36000061035156,184.63999938964844,184.91000366210938,847639.0
2026-06-12T15:30:00-04:00,184.8800048828125,185.19000244140625,184.3300018310547,184.80999755859375,1389159.0
2026-06-15T09:30:00-04:00,190.37100219726562,191.55999755859375,189.75,190.88999938964844,3601619.0
2026-06-15T10:30:00-04:00,190.9199981689453,191.49000549316406,190.2949981689453,191.4199981689453,1606380.0
2026-06-15T11:30:00-04:00,191.4199981689453,192.0,191.17999267578125,191.9499969482422,1466342.0
2026-06-15T12:30:00-04:00,191.9600067138672,192.0800018310547,191.2100067138672,191.72000122070312,1283429.0
2026-06-15T13:30:00-04:00,191.74000549316406,191.7550048828125,191.22999572753906,191.36500549316406,775462.0
2026-06-15T14:30:00-04:00,191.3800048828125,191.86990356445312,191.27000427246094,191.39999389648438,1546347.0
2026-06-15T15:30:00-04:00,191.39999389648438,191.8699951171875,191.3300018310547,191.82000732421875,2346358.0
2026-06-16T09:30:00-04:00,191.2270050048828,192.25,189.4499969482422,189.67999267578125,2279970.0
2026-06-16T10:30:00-04:00,189.66000366210938,190.14999389648438,187.8000030517578,188.16000366210938,1495997.0
2026-06-16T11:30:00-04:00,188.2100067138672,188.9199981689453,187.0,188.6999969482422,1574151.0
2026-06-16T12:30:00-04:00,188.72000122070312,188.72500610351562,187.75,188.17999267578125,830017.0
2026-06-16T13:30:00-04:00,188.1699981689453,188.64999389648438,187.66000366210938,188.0800018310547,465776.0
2026-06-16T14:30:00-04:00,188.1199951171875,188.2100067138672,186.91000366210938,187.8000030517578,1001604.0
2026-06-16T15:30:00-04:00,187.83999633789062,188.02000427246094,186.42999267578125,186.42999267578125,1813881.0
2026-06-17T09:30:00-04:00,189.0050048828125,189.52999877929688,187.61000061035156,189.24000549316406,2560103.0
2026-06-17T10:30:00-04:00,189.24000549316406,189.25999450683594,187.49000549316406,188.60000610351562,1420924.0
2026-06-17T11:30:00-04:00,188.58999633789062,189.1300048828125,188.39999389648438,188.97999572753906,1245596.0
2026-06-17T12:30:00-04:00,188.97999572753906,189.16000366210938,188.19000244140625,188.9199981689453,1020579.0
2026-06-17T13:30:00-04:00,188.92999267578125,189.25,186.24000549316406,187.69000244140625,1734522.0
2026-06-17T14:30:00-04:00,187.6649932861328,189.99000549316406,186.83999633789062,187.14999389648438,3377928.0
2026-06-17T15:30:00-04:00,187.11000061035156,187.4499969482422,185.3000030517578,185.75,2598207.0
2026-06-18T09:30:00-04:00,190.4199981689453,191.27999877929688,189.3800048828125,190.4600067138672,3189254.0
2026-06-18T10:30:00-04:00,190.42999267578125,191.36000061035156,189.9600067138672,190.55999755859375,1430445.0
2026-06-18T11:30:00-04:00,190.57000732421875,191.14500427246094,189.75999450683594,191.11000061035156,1104247.0
2026-06-18T12:30:00-04:00,191.0500030517578,191.61959838867188,190.8000030517578,191.3300018310547,1013797.0
2026-06-18T13:30:00-04:00,191.3300018310547,191.60000610351562,191.27999877929688,191.41000366210938,615802.0
2026-06-18T14:30:00-04:00,191.41000366210938,191.44500732421875,191.02650451660156,191.31500244140625,852883.0
2026-06-18T15:30:00-04:00,191.2899932861328,191.9949951171875,191.10000610351562,191.30999755859375,2833778.0
2026-06-22T09:30:00-04:00,192.9499969482422,194.3000030517578,192.27499389648438,192.86000061035156,2690046.0
2026-06-22T10:30:00-04:00,192.85000610351562,192.8800048828125,191.35000610351562,191.75999450683594,2804605.0
2026-06-22T11:30:00-04:00,191.77000427246094,192.2100067138672,190.86000061035156,191.5749969482422,1612591.0
2026-06-22T12:30:00-04:00,191.57000732421875,191.86000061035156,191.05999755859375,191.7899932861328,1147033.0
2026-06-22T13:30:00-04:00,191.77000427246094,192.2100067138672,191.52499389648438,191.9623260498047,643583.0
2026-06-22T14:30:00-04:00,191.97000122070312,192.07000732421875,191.25,191.27999877929688,774717.0
2026-06-22T15:30:00-04:00,191.2899932861328,192.25999450683594,191.2899932861328,192.08999633789062,1115815.0
2026-06-23T09:30:00-04:00,184.67999267578125,187.25,183.7100067138672,186.64999389648438,4744963.0
2026-06-23T10:30:00-04:00,186.67999267578125,186.8300018310547,184.57000732421875,184.72000122070312,2028883.0
2026-06-23T11:30:00-04:00,184.7100067138672,186.38999938964844,184.55999755859375,186.0800018310547,1136209.0
2026-06-23T12:30:00-04:00,186.03500366210938,186.25999450683594,185.35000610351562,186.0500030517578,762682.0
2026-06-23T13:30:00-04:00,186.0449981689453,186.22999572753906,184.77999877929688,184.9600067138672,956392.0
2026-06-23T14:30:00-04:00,184.9499969482422,185.05999755859375,183.6999969482422,184.72000122070312,1867777.0
2026-06-23T15:30:00-04:00,184.72999572753906,184.97999572753906,184.00010681152344,184.22000122070312,2663707.0
2026-06-24T09:30:00-04:00,184.06500244140625,185.2100067138672,182.6199951171875,184.14500427246094,2688036.0
2026-06-24T10:30:00-04:00,184.22000122070312,185.66000366210938,184.07000732421875,184.75,1063859.0
2026-06-24T11:30:00-04:00,184.85000610351562,185.11000061035156,184.22999572753906,184.6699981689453,747037.0
2026-06-24T12:30:00-04:00,184.6699981689453,184.6699981689453,182.02000427246094,182.08999633789062,916155.0
2026-06-24T13:30:00-04:00,182.0800018310547,183.2100067138672,181.75999450683594,183.0800018310547,2454496.0
2026-06-24T14:30:00-04:00,183.1300048828125,183.1999969482422,180.7899932861328,181.82000732421875,2305757.0
2026-06-24T15:30:00-04:00,181.83999633789062,183.14999389648438,181.61000061035156,183.0399932861328,1338905.0
2026-06-25T09:30:00-04:00,188.14500427246094,188.39999389648438,180.375,182.89999389648438,3615070.0
2026-06-25T10:30:00-04:00,182.9600067138672,184.32000732421875,182.0399932861328,183.0,2089884.0
2026-06-25T11:30:00-04:00,183.0399932861328,185.27999877929688,183.00999450683594,184.52000427246094,982242.0
2026-06-25T12:30:00-04:00,184.5500030517578,184.91000366210938,183.0500030517578,184.55999755859375,869263.0
2026-06-25T13:30:00-04:00,184.56500244140625,185.52999877929688,183.88999938964844,185.42999267578125,1461131.0
2026-06-25T14:30:00-04:00,185.42999267578125,185.42999267578125,183.25,183.77499389648438,1991628.0
2026-06-25T15:30:00-04:00,183.77000427246094,184.63999938964844,183.30999755859375,184.57000732421875,1661998.0
2026-06-26T09:30:00-04:00,181.0,183.10000610351562,179.75999450683594,182.60989379882812,2809705.0
2026-06-26T10:30:00-04:00,182.58999633789062,182.75999450683594,180.80999755859375,181.94000244140625,1254464.0
2026-06-26T11:30:00-04:00,181.97000122070312,183.0800018310547,181.3000030517578,181.85000610351562,1226830.0
2026-06-26T12:30:00-04:00,181.86000061035156,183.11000061035156,181.86000061035156,182.7100067138672,1001128.0
2026-06-26T13:30:00-04:00,182.72000122070312,183.0,181.4499969482422,181.49000549316406,865595.0
2026-06-26T14:30:00-04:00,181.5,182.02999877929688,181.0399932861328,181.61000061035156,1467357.0
2026-06-26T15:30:00-04:00,181.6300048828125,182.7100067138672,180.67999267578125,180.8800048828125,2833565.0
2026-06-29T09:30:00-04:00,183.1199951171875,183.67999267578125,178.6699981689453,181.10000610351562,3293915.0
2026-06-29T10:30:00-04:00,181.07200622558594,183.32000732421875,180.88999938964844,183.25999450683594,1974931.0
2026-06-29T11:30:00-04:00,183.27000427246094,184.3730010986328,183.02999877929688,184.00999450683594,1330238.0
2026-06-29T12:30:00-04:00,184.05999755859375,185.0800018310547,183.74000549316406,185.0731964111328,1098025.0
2026-06-29T13:30:00-04:00,185.05499267578125,185.2949981689453,184.77000427246094,184.97000122070312,822078.0
2026-06-29T14:30:00-04:00,184.9600067138672,185.66000366210938,184.91000366210938,185.36099243164062,1210087.0
2026-06-29T15:30:00-04:00,185.3800048828125,185.6300048828125,184.92999267578125,185.4199981689453,1630151.0
2026-06-30T09:30:00-04:00,185.75999450683594,189.4499969482422,185.60000610351562,189.3699951171875,2306041.0
2026-06-30T10:30:00-04:00,189.3800048828125,189.5800018310547,188.2100067138672,189.11000061035156,865078.0
2026-06-30T11:30:00-04:00,189.08999633789062,189.69000244140625,189.0,189.44000244140625,676204.0
2026-06-30T12:30:00-04:00,189.4499969482422,190.02999877929688,189.27999877929688,189.8800048828125,745340.0
2026-06-30T13:30:00-04:00,189.91000366210938,190.1999969482422,189.7899932861328,190.1199951171875,602642.0
2026-06-30T14:30:00-04:00,190.1300048828125,190.7100067138672,189.99000549316406,190.52000427246094,1067274.0
2026-06-30T15:30:00-04:00,190.52000427246094,190.94000244140625,190.36000061035156,190.4199981689453,2293246.0
2026-07-01T09:30:00-04:00,186.8300018310547,187.97999572753906,185.6999969482422,187.42999267578125,2509075.0
2026-07-01T10:30:00-04:00,187.42999267578125,187.57000732421875,185.7100067138672,187.52000427246094,1439293.0
2026-07-01T11:30:00-04:00,187.52999877929688,187.63999938964844,186.75,186.97000122070312,537269.0
2026-07-01T12:30:00-04:00,186.9600067138672,187.10000610351562,186.1300048828125,186.63999938964844,722673.0
2026-07-01T13:30:00-04:00,186.6300048828125,186.74000549316406,186.02000427246094,186.1999969482422,894888.0
2026-07-01T14:30:00-04:00,186.1699981689453,186.75059509277344,185.47999572753906,186.61000061035156,1234108.0
2026-07-01T15:30:00-04:00,186.6199951171875,187.0399932861328,185.3800048828125,185.64999389648438,1831177.0
2026-07-02T09:30:00-04:00,185.49000549316406,187.3800048828125,183.92999267578125,184.08999633789062,2577983.0
2026-07-02T10:30:00-04:00,184.00999450683594,184.6199951171875,181.11000061035156,181.7100067138672,1823095.0
2026-07-02T11:30:00-04:00,181.6999969482422,182.9499969482422,180.57000732421875,180.6750030517578,1559515.0
2026-07-02T12:30:00-04:00,180.6750030517578,180.72000122070312,179.4199981689453,179.8699951171875,1742705.0
2026-07-02T13:30:00-04:00,179.8800048828125,180.30999755859375,178.8300018310547,180.05999755859375,1284948.0
2026-07-02T14:30:00-04:00,180.0800018310547,180.39999389648438,178.72000122070312,179.4499969482422,1880989.0
2026-07-02T15:30:00-04:00,179.4600067138672,180.6999969482422,179.3300018310547,180.52000427246094,2569005.0
2026-07-06T09:30:00-04:00,182.66000366210938,185.66000366210938,182.05499267578125,185.3101043701172,2512277.0
2026-07-06T10:30:00-04:00,185.3699951171875,185.7100067138672,184.1699981689453,185.28500366210938,907065.0
2026-07-06T11:30:00-04:00,185.25,185.3699951171875,184.63999938964844,184.72999572753906,659639.0
2026-07-06T12:30:00-04:00,184.72000122070312,184.85000610351562,183.8300018310547,183.8699951171875,670765.0
2026-07-06T13:30:00-04:00,183.88999938964844,184.16000366210938,183.30999755859375,183.85130310058594,690386.0
2026-07-06T14:30:00-04:00,183.86000061035156,184.41000366210938,183.60000610351562,184.25,626146.0
2026-07-06T15:30:00-04:00,184.25,184.3300018310547,183.41000366210938,183.60000610351562,1782183.0
2026-07-07T09:30:00-04:00,179.83999633789062,180.5,176.74000549316406,177.27000427246094,2609522.0
2026-07-07T10:30:00-04:00,177.24000549316406,178.42999267578125,176.36000061035156,178.17999267578125,2132040.0
2026-07-07T11:30:00-04:00,178.1999969482422,180.58999633789062,177.75,180.4499969482422,1649878.0
2026-07-07T12:30:00-04:00,180.42999267578125,180.72000122070312,179.80999755859375,180.27999877929688,647912.0
2026-07-07T13:30:00-04:00,180.32000732421875,180.63999938964844,180.0,180.04190063476562,1068256.0
2026-07-07T14:30:00-04:00,180.05999755859375,180.1699981689453,177.9600067138672,178.44000244140625,1444373.0
2026-07-07T15:30:00-04:00,178.41000366210938,179.22000122070312,178.33999633789062,179.22000122070312,1996791.0
2026-07-08T09:30:00-04:00,177.47999572753906,180.36000061035156,177.42999267578125,179.27999877929688,2210402.0
2026-07-08T10:30:00-04:00,179.11500549316406,179.4600067138672,177.14999389648438,177.39999389648438,1545342.0
2026-07-08T11:30:00-04:00,177.38999938964844,179.60000610351562,177.2801055908203,179.4199981689453,1590738.0
2026-07-08T12:30:00-04:00,179.38999938964844,181.0800018310547,179.2100067138672,181.02999877929688,1383478.0
2026-07-08T13:30:00-04:00,181.07000732421875,181.1999969482422,180.2050018310547,180.6199951171875,668026.0
2026-07-08T14:30:00-04:00,180.58999633789062,181.3300018310547,180.39999389648438,181.27000427246094,1226279.0
2026-07-08T15:30:00-04:00,181.25999450683594,181.6300048828125,180.75999450683594,181.37750244140625,1337438.0
2026-07-09T09:30:00-04:00,184.75999450683594,186.30999755859375,183.55999755859375,184.9600067138672,2363651.0
2026-07-09T10:30:00-04:00,184.9499969482422,185.99000549316406,184.35000610351562,185.80999755859375,876388.0
2026-07-09T11:30:00-04:00,185.83999633789062,186.22999572753906,185.71969604492188,185.77499389648438,1041034.0
2026-07-09T12:30:00-04:00,185.77999877929688,186.3800048828125,185.5,186.3300018310547,734076.0
2026-07-09T13:30:00-04:00,186.33999633789062,186.39999389648438,185.77000427246094,185.94000244140625,535523.0
2026-07-09T14:30:00-04:00,186.0,186.1699981689453,185.33999633789062,185.50999450683594,789920.0
2026-07-09T15:30:00-04:00,185.49000549316406,185.64999389648438,185.0,185.32000732421875,1189356.0
2026-07-10T09:30:00-04:00,184.0050048828125,185.48219299316406,183.60000610351562,184.63999938964844,1571599.0
2026-07-10T10:30:00-04:00,184.64500427246094,185.30999755859375,183.08999633789062,185.1999969482422,1245979.0
2026-07-10T11:30:00-04:00,185.22500610351562,185.75999450683594,184.05999755859375,185.67999267578125,713372.0
2026-07-10T12:30:00-04:00,185.64999389648438,186.0500030517578,185.49989318847656,186.02999877929688,419527.0
2026-07-10T13:30:00-04:00,186.08999633789062,186.22999572753906,185.60000610351562,185.83999633789062,553872.0
2026-07-10T14:30:00-04:00,185.80999755859375,186.00999450683594,185.63499450683594,185.77999877929688,499569.0
2026-07-10T15:30:00-04:00,185.77000427246094,185.99000549316406,185.7100067138672,185.8000030517578,893045.0
2026-07-13T09:30:00-04:00,183.10000610351562,183.67999267578125,181.50999450683594,183.6699981689453,2955785.0
2026-07-13T10:30:00-04:00,183.67999267578125,183.89999389648438,182.63009643554688,183.58999633789062,611632.0
2026-07-13T11:30:00-04:00,183.61000061035156,183.75999450683594,181.9600067138672,182.16000366210938,681652.0
2026-07-13T12:30:00-04:00,182.16000366210938,182.1699981689453,181.1605987548828,181.45799255371094,773109.0
2026-07-13T13:30:00-04:00,181.47000122070312,181.7100067138672,180.92999267578125,181.0500030517578,675603.0
2026-07-13T14:30:00-04:00,181.0399932861328,181.57000732421875,180.5800018310547,180.6699981689453,925103.0
2026-07-13T15:30:00-04:00,180.69000244140625,181.69000244140625,180.5800018310547,181.25999450683594,1668508.0
2026-07-14T09:30:00-04:00,183.7100067138672,183.79299926757812,181.3300018310547,182.38999938964844,1834771.0
2026-07-14T10:30:00-04:00,182.3699951171875,184.2899932861328,182.1300048828125,184.24000549316406,1332283.0
2026-07-14T11:30:00-04:00,184.24000549316406,184.3300018310547,182.99000549316406,183.7100067138672,570445.0
2026-07-14T12:30:00-04:00,183.72000122070312,184.27999877929688,183.4199981689453,184.13999938964844,425677.0
2026-07-14T13:30:00-04:00,184.17999267578125,184.42999267578125,183.860107421875,184.2100067138672,375203.0
2026-07-14T14:30:00-04:00,184.2100067138672,184.42999267578125,183.47000122070312,183.49000549316406,584612.0
2026-07-14T15:30:00-04:00,183.49000549316406,183.88999938964844,183.2899932861328,183.58999633789062,1040519.0
2026-07-15T09:30:00-04:00,185.11000061035156,185.2899932861328,181.35000610351562,182.00999450683594,1698472.0
2026-07-15T10:30:00-04:00,182.0,182.0399932861328,179.72000122070312,180.5800018310547,1705427.0
2026-07-15T11:30:00-04:00,180.60499572753906,180.72000122070312,178.49000549316406,178.85000610351562,1420761.0
2026-07-15T12:30:00-04:00,178.82000732421875,180.4499969482422,178.22000122070312,180.41000366210938,1202409.0
2026-07-15T13:30:00-04:00,180.42999267578125,181.72500610351562,180.36000061035156,181.61500549316406,784903.0
2026-07-15T14:30:00-04:00,181.61000061035156,181.7100067138672,180.55999755859375,181.25,897101.0
2026-07-15T15:30:00-04:00,181.28500366210938,181.76499938964844,181.0500030517578,181.6300048828125,1229216.0
2026-07-16T09:30:00-04:00,179.0,179.4199981689453,176.77000427246094,178.64500427246094,2240159.0
2026-07-16T10:30:00-04:00,178.64500427246094,178.80999755859375,177.1699981689453,177.8800048828125,921948.0
2026-07-16T11:30:00-04:00,177.8699951171875,178.41000366210938,176.9600067138672,177.25999450683594,696142.0
2026-07-16T12:30:00-04:00,177.27999877929688,177.74000549316406,176.9949951171875,177.57000732421875,730445.0
2026-07-16T13:30:00-04:00,177.58999633789062,177.9499969482422,176.57000732421875,177.5749969482422,933780.0
2026-07-16T14:30:00-04:00,177.57000732421875,177.57000732421875,176.77000427246094,177.02000427246094,715162.0
2026-07-16T15:30:00-04:00,177.02000427246094,177.60000610351562,176.41000366210938,177.48500061035156,1890024.0
2026-07-17T09:30:00-04:00,172.85000610351562,176.10000610351562,171.33999633789062,175.55999755859375,3435138.0
2026-07-17T10:30:00-04:00,175.52999877929688,176.00999450683594,174.22030639648438,174.875,1322527.0
2026-07-17T11:30:00-04:00,174.85000610351562,176.97999572753906,174.5800018310547,176.60000610351562,2193448.0
2026-07-17T12:30:00-04:00,176.5850067138672,177.8800048828125,176.3699951171875,177.82000732421875,809013.0
2026-07-17T13:30:00-04:00,177.8000030517578,177.9199981689453,175.97000122070312,176.27999877929688,525593.0
2026-07-17T14:30:00-04:00,176.22000122070312,176.60000610351562,175.0800018310547,175.75,1080870.0
2026-07-17T15:30:00-04:00,175.75,176.33999633789062,175.49000549316406,175.5500030517578,1604950.0
2026-07-20T09:30:00-04:00,177.19000244140625,178.6999969482422,175.92999267578125,177.22000122070312,1892565.0
2026-07-20T10:30:00-04:00,177.24000549316406,177.3800048828125,175.8699951171875,177.02999877929688,651199.0
2026-07-20T11:30:00-04:00,177.0399932861328,177.97000122070312,176.65989685058594,177.6300048828125,719985.0
2026-07-20T12:30:00-04:00,177.63999938964844,177.72000122070312,176.60000610351562,177.02000427246094,598987.0
2026-07-20T13:30:00-04:00,177.02000427246094,177.52000427246094,176.6208953857422,177.1300048828125,866849.0
2026-07-20T14:30:00-04:00,177.07000732421875,177.19000244140625,175.85000610351562,176.3350067138672,731992.0
2026-07-20T15:30:00-04:00,176.32000732421875,176.6199951171875,175.52000427246094,175.75,1042574.0
2026-07-21T09:30:00-04:00,179.55999755859375,179.8800048828125,178.1699981689453,179.44000244140625,1666780.0
2026-07-21T10:30:00-04:00,179.47999572753906,180.42999267578125,179.24000549316406,180.2899932861328,1084724.0
2026-07-21T11:30:00-04:00,180.27999877929688,180.71499633789062,179.91000366210938,180.4199981689453,939259.0
2026-07-21T12:30:00-04:00,180.4199981689453,180.80999755859375,180.3000030517578,180.51499938964844,583933.0
2026-07-21T13:30:00-04:00,180.57000732421875,180.80999755859375,180.4199981689453,180.47500610351562,603325.0
2026-07-21T14:30:00-04:00,180.47999572753906,180.90499877929688,180.27999877929688,180.2899932861328,632593.0
2026-07-21T15:30:00-04:00,180.30999755859375,181.01499938964844,180.2899932861328,180.7100067138672,1300969.0
2026-07-22T09:30:00-04:00,178.15499877929688,180.47000122070312,178.14999389648438,180.0200958251953,1401362.0
2026-07-22T10:30:00-04:00,180.11000061035156,181.42999267578125,179.63999938964844,181.1999969482422,659902.0
2026-07-22T11:30:00-04:00,181.21499633789062,181.30999755859375,180.7100067138672,181.04989624023438,627735.0
2026-07-22T12:30:00-04:00,181.0399932861328,181.2100067138672,180.64999389648438,180.97000122070312,472678.0
2026-07-22T13:30:00-04:00,180.9600067138672,181.10000610351562,180.3699951171875,180.5399932861328,412548.0
2026-07-22T14:30:00-04:00,180.52999877929688,180.9600067138672,180.3000030517578,180.89999389648438,419738.0
2026-07-22T15:30:00-04:00,180.88999938964844,180.88999938964844,180.2100067138672,180.25999450683594,967585.0
2026-07-23T09:30:00-04:00,178.8000030517578,180.38999938964844,178.5,179.77999877929688,1364750.0
2026-07-23T10:30:00-04:00,179.7501983642578,179.96499633789062,177.3300018310547,177.50999450683594,1024817.0
2026-07-23T11:30:00-04:00,177.5,179.30999755859375,177.1999969482422,179.25,1009187.0
2026-07-23T12:30:00-04:00,179.24000549316406,179.6699981689453,178.2100067138672,178.80999755859375,1029883.0
2026-07-23T13:30:00-04:00,178.75999450683594,178.7899932861328,177.7100067138672,177.97999572753906,451341.0
2026-07-23T14:30:00-04:00,177.9949951171875,178.25,177.4600067138672,178.1999969482422,488058.0
2026-07-23T15:30:00-04:00,178.22999572753906,178.52999877929688,177.3800048828125,178.4199981689453,1511281.0
2026-07-24T09:30:00-04:00,177.82000732421875,178.89500427246094,175.8300018310547,176.8800048828125,1579137.0
2026-07-24T10:30:00-04:00,176.83999633789062,178.08999633789062,175.64450073242188,177.47999572753906,1080761.0
2026-07-24T11:30:00-04:00,177.5,179.00999450683594,177.39999389648438,178.5,633001.0
2026-07-24T12:30:00-04:00,178.4600067138672,178.4600067138672,177.24000549316406,177.9199981689453,826102.0
2026-07-24T13:30:00-04:00,177.8800048828125,178.1750030517578,176.30999755859375,176.36000061035156,580756.0
2026-07-24T14:30:00-04:00,176.3800048828125,176.44000244140625,175.0500030517578,175.52000427246094,1189916.0
2026-07-24T15:30:00-04:00,175.53500366210938,175.99000549316406,175.2899932861328,175.88999938964844,1335812.0
2026-07-27T09:30:00-04:00,177.8300018310547,178.3000030517578,173.0500030517578,173.07000732421875,2102112.0
2026-07-27T10:30:00-04:00,173.08700561523438,174.0299072265625,171.72999572753906,172.8699951171875,1199681.0
2026-07-27T11:30:00-04:00,172.83999633789062,174.22999572753906,172.1199951171875,173.8699951171875,1491290.0
2026-07-27T12:30:00-04:00,173.86000061035156,174.235107421875,172.50999450683594,172.6300048828125,660769.0
2026-07-27T13:30:00-04:00,172.6300048828125,173.7899932861328,172.6300048828125,173.30999755859375,714577.0
2026-07-27T14:30:00-04:00,173.2899932861328,174.77000427246094,172.75999450683594,174.75999450683594,801497.0
2026-07-27T15:30:00-04:00,174.77000427246094,174.8300018310547,174.00999450683594,174.30999755859375,1060277.0
2026-07-28T09:30:00-04:00,171.2100067138672,171.52999877929688,167.5399932861328,168.30999755859375,3354210.0
2026-07-28T10:30:00-04:00,168.32000732421875,171.4499969482422,168.0500030517578,170.97999572753906,1598736.0
2026-07-28T11:30:00-04:00,170.97000122070312,172.05999755859375,170.8300018310547,171.36000061035156,910998.0
2026-07-28T12:30:00-04:00,171.36000061035156,172.1699981689453,170.91000366210938,171.42999267578125,906897.0
2026-07-28T13:30:00-04:00,171.39999389648438,171.77999877929688,170.8000030517578,170.8699951171875,904603.0
2026-07-28T14:30:00-04:00,170.89999389648438,171.94900512695312,170.85040283203125,171.89999389648438,696214.0
2026-07-28T15:30:00-04:00,171.91000366210938,171.97999572753906,170.97999572753906,170.99000549316406,1312134.0
2026-07-29T09:30:00-04:00,171.1199951171875,172.00999450683594,168.17999267578125,168.55999755859375,2284943.0
2026-07-29T10:30:00-04:00,168.57000732421875,169.3000030517578,167.91000366210938,168.33059692382812,1340464.0
2026-07-29T11:30:00-04:00,168.3000030517578,168.58999633789062,166.9499969482422,168.0399932861328,1442465.0
2026-07-29T12:30:00-04:00,168.0500030517578,169.49000549316406,167.47000122070312,168.77999877929688,1084571.0
2026-07-29T13:30:00-04:00,168.75,170.66000366210938,168.64999389648438,169.67999267578125,2183397.0
2026-07-29T14:30:00-04:00,169.75999450683594,172.50999450683594,169.13499450683594,169.75,2145443.0
2026-07-29T15:30:00-04:00,169.7899932861328,170.05999755859375,166.46200561523438,166.52999877929688,3042911.0
2026-07-30T09:30:00-04:00,172.80999755859375,175.8800048828125,172.1699981689453,175.77000427246094,4820610.0
2026-07-30T10:30:00-04:00,175.77000427246094,175.97000122070312,173.89500427246094,174.07000732421875,2092613.0
2026-07-30T11:30:00-04:00,174.0399932861328,175.38999938964844,174.0,174.99000549316406,1268304.0
2026-07-30T12:30:00-04:00,174.97999572753906,175.6199951171875,174.1699981689453,175.32000732421875,1006250.0
2026-07-30T13:30:00-04:00,175.3300018310547,175.55999755859375,175.05999755859375,175.3699951171875,659939.0
2026-07-30T14:30:00-04:00,175.38999938964844,176.08999633789062,174.94000244140625,175.63999938964844,1503494.0
2026-07-30T15:30:00-04:00,175.6300048828125,175.89999389648438,175.4199981689453,175.7100067138672,2936202.0
2026-07-31T09:30:00-04:00,177.4600067138672,178.6199951171875,172.6999969482422,174.16000366210938,2974398.0
2026-07-31T10:30:00-04:00,174.17999267578125,174.8699951171875,173.10000610351562,173.5,1112891.0
2026-07-31T11:30:00-04:00,173.48500061035156,174.96249389648438,173.15499877929688,174.96249389648438,850447.0
2026-07-31T12:30:00-04:00,174.99000549316406,175.88999938964844,174.52999877929688,175.80499267578125,744525.0
2026-07-31T13:30:00-04:00,175.7899932861328,176.1999969482422,175.0500946044922,175.32000732421875,541398.0
2026-07-31T14:30:00-04:00,175.3300018310547,176.02999877929688,175.14999389648438,175.8699951171875,778871.0
2026-07-31T15:30:00-04:00,175.86000061035156,176.1699981689453,175.17999267578125,175.27999877929688,1360114.0
2026-08-03T09:30:00-04:00,174.00999450683594,176.25,173.0399932861328,176.19000244140625,2211446.0
2026-08-03T10:30:00-04:00,176.22000122070312,177.47999572753906,176.07000732421875,176.42999267578125,1328184.0
2026-08-03T11:30:00-04:00,176.44000244140625,177.7100067138672,176.39999389648438,177.6024932861328,714825.0
2026-08-03T12:30:00-04:00,177.6300048828125,178.13009643554688,177.3300018310547,178.0800018310547,533757.0
2026-08-03T13:30:00-04:00,178.09500122070312,178.9199981689453,177.9600067138672,178.2899932861328,1296316.0
2026-08-03T14:30:00-04:00,178.2899932861328,178.64999389648438,178.1999969482422,178.4499969482422,1086492.0
2026-08-03T15:30:00-04:00,178.4499969482422,178.5500030517578,177.83999633789062,178.08999633789062,1572622.0
2026-08-04T09:30:00-04:00,182.52000427246094,184.6699981689453,181.8699951171875,184.63999938964844,2880050.0
2026-08-04T10:30:00-04:00,184.64999389648438,185.7100067138672,184.27000427246094,185.50999450683594,1964632.0
2026-08-04T11:30:00-04:00,185.49000549316406,186.32000732421875,185.39999389648438,186.1699981689453,1219588.0
2026-08-04T12:30:00-04:00,186.1699981689453,187.11000061035156,186.0800018310547,186.97999572753906,1672189.0
2026-08-04T13:30:00-04:00,186.97000122070312,187.5800018310547,186.8300018310547,187.3699951171875,1101582.0
2026-08-04T14:30:00-04:00,187.38999938964844,187.69000244140625,186.9600067138672,187.3300018310547,1463287.0
2026-08-04T15:30:00-04:00,187.33999633789062,187.7050018310547,186.77000427246094,186.9250030517578,2614564.0
2026-08-05T09:30:00-04:00,187.33999633789062,188.6199951171875,186.7899932861328,187.03500366210938,2042278.0
2026-08-05T10:30:00-04:00,187.02000427246094,187.10000610351562,186.0,186.6300048828125,1525765.0
2026-08-05T11:30:00-04:00,186.69000244140625,187.67999267578125,186.08999633789062,187.64999389648438,895717.0
2026-08-05T12:30:00-04:00,187.69000244140625,187.72000122070312,187.0800018310547,187.36000061035156,435341.0
2026-08-05T13:30:00-04:00,187.32000732421875,187.7050018310547,187.25,187.63999938964844,454148.0
2026-08-05T14:30:00-04:00,187.66000366210938,187.7899932861328,187.2550048828125,187.52000427246094,500979.0
2026-08-05T15:30:00-04:00,187.52000427246094,187.57000732421875,185.7100067138672,185.8800048828125,1026556.0
2026-08-06T09:30:00-04:00,183.19000244140625,186.85000610351562,182.05999755859375,186.2100067138672,1926489.0
2026-08-06T10:30:00-04:00,186.31500244140625,186.91000366210938,185.67999267578125,186.19500732421875,907030.0
2026-08-06T11:30:00-04:00,186.23500061035156,186.41000366210938,184.85000610351562,185.05999755859375,957626.0
2026-08-06T12:30:00-04:00,185.02999877929688,186.2299041748047,184.99000549316406,185.92999267578125,449629.0
2026-08-06T13:30:00-04:00,185.89999389648438,186.40499877929688,185.41000366210938,186.1999969482422,646539.0
2026-08-06T14:30:00-04:00,186.22999572753906,186.25,185.63999938964844,185.77000427246094,424286.0
2026-08-06T15:30:00-04:00,185.86000061035156,186.07000732421875,185.24000549316406,185.33999633789062,993719.0
2026-08-07T09:30:00-04:00,187.99000549316406,188.72999572753906,185.74000549316406,187.47999572753906,2014520.0
2026-08-07T10:30:00-04:00,187.4600067138672,187.72000122070312,186.35879516601562,187.66000366210938,782383.0
2026-08-07T11:30:00-04:00,187.6699981689453,187.9199981689453,186.88999938964844,187.0399932861328,587099.0
2026-08-07T12:30:00-04:00,187.05999755859375,187.6300048828125,186.66000366210938,187.41900634765625,517434.0
2026-08-07T13:30:00-04:00,187.42999267578125,187.5,186.96499633789062,186.97000122070312,484915.0
2026-08-07T14:30:00-04:00,186.9600067138672,187.9199981689453,186.88999938964844,187.75,632383.0
2026-08-07T15:30:00-04:00,187.74000549316406,188.16000366210938,187.38999938964844,187.97000122070312,1018308.0
2026-08-10T09:30:00-04:00,188.0800018310547,188.83999633789062,186.8000030517578,188.01499938964844,1716700.0
2026-08-10T10:30:00-04:00,187.99000549316406,188.3300018310547,187.10000610351562,187.3000030517578,723604.0
2026-08-10T11:30:00-04:00,187.2899932861328,188.0,187.07000732421875,187.52999877929688,374773.0
2026-08-10T12:30:00-04:00,187.49000549316406,187.63999938964844,186.82000732421875,187.4499969482422,613974.0
2026-08-10T13:30:00-04:00,187.4600067138672,187.60000610351562,187.11000061035156,187.14999389648438,527717.0
2026-08-10T14:30:00-04:00,187.15499877929688,187.5500030517578,187.07000732421875,187.42999267578125,482710.0
2026-08-10T15:30:00-04:00,187.4600067138672,187.4600067138672,186.26499938964844,186.36000061035156,1761591.0
2026-08-11T09:30:00-04:00,187.69000244140625,187.7100067138672,185.80999755859375,187.05999755859375,1276971.0
2026-08-11T10:30:00-04:00,187.10000610351562,187.23399353027344,186.47999572753906,186.50999450683594,579998.0
2026-08-11T11:30:00-04:00,186.50791931152344,186.63999938964844,185.91000366210938,186.02749633789062,426147.0
2026-08-11T12:30:00-04:00,186.02999877929688,186.24000549316406,185.61500549316406,185.85000610351562,688053.0
2026-08-11T13:30:00-04:00,185.860107421875,186.10000610351562,185.07000732421875,185.22000122070312,384166.0
2026-08-11T14:30:00-04:00,185.22999572753906,186.03900146484375,185.1999969482422,186.02000427246094,570480.0
2026-08-11T15:30:00-04:00,186.02999877929688,186.2550048828125,185.80999755859375,186.13999938964844,852744.0
2026-08-12T09:30:00-04:00,189.47000122070312,189.58999633789062,188.3300018310547,189.1649932861328,1615413.0
2026-08-12T10:30:00-04:00,189.19000244140625,189.47000122070312,188.5500030517578,188.8300018310547,960022.0
2026-08-12T11:30:00-04:00,188.875,189.14999389648438,188.3699951171875,188.97999572753906,401433.0
2026-08-12T12:30:00-04:00,188.99000549316406,189.27999877929688,188.75,189.19000244140625,403190.0
2026-08-12T13:30:00-04:00,189.19000244140625,189.44000244140625,189.14100646972656,189.1468048095703,451775.0
2026-08-12T14:30:00-04:00,189.1699981689453,189.30999755859375,188.6750030517578,188.7960968017578,497723.0
2026-08-12T15:30:00-04:00,188.7899932861328,188.88999938964844,188.3699951171875,188.86000061035156,1161991.0
2026-08-13T09:30:00-04:00,189.1300048828125,191.60000610351562,188.86000061035156,191.5500030517578,985156.0
2026-08-13T10:30:00-04:00,191.55999755859375,191.74000549316406,191.1300048828125,191.3000030517578,697893.0
2026-08-13T11:30:00-04:00,191.2899932861328,191.35000610351562,190.39999389648438,191.07119750976562,721656.0
2026-08-13T12:30:00-04:00,191.08999633789062,191.5800018310547,190.8699951171875,191.39999389648438,342968.0
2026-08-13T13:30:00-04:00,191.39999389648438,191.5,190.80999755859375,190.85499572753906,370579.0
2026-08-13T14:30:00-04:00,190.8699951171875,191.55999755859375,190.86000061035156,191.1300048828125,518843.0
2026-08-13T15:30:00-04:00,191.10000610351562,191.1300048828125,190.50999450683594,190.77999877929688,938683.0
2026-08-14T09:30:00-04:00,191.13999938964844,191.35000610351562,189.82000732421875,190.05499267578125,1016843.0
2026-08-14T10:30:00-04:00,190.05999755859375,190.5399932861328,189.3300018310547,189.72000122070312,523932.0
2026-08-14T11:30:00-04:00,189.72999572753906,189.9199981689453,189.25,189.8699951171875,403633.0
2026-08-14T12:30:00-04:00,189.86000061035156,189.8699951171875,189.36000061035156,189.4600067138672,340764.0
2026-08-14T13:30:00-04:00,189.49000549316406,189.7899932861328,189.44000244140625,189.49000549316406,236409.0
2026-08-14T14:30:00-04:00,189.47000122070312,189.77999877929688,189.4199981689453,189.72999572753906,295625.0
2026-08-14T15:30:00-04:00,189.74000549316406,190.0500030517578,189.62010192871094,190.02000427246094,621550.0
2026-08-17T09:30:00-04:00,190.7899932861328,191.13999938964844,190.2899932861328,190.77000427246094,1857005.0
2026-08-17T10:30:00-04:00,190.7899932861328,191.75,190.66000366210938,191.61000061035156,738731.0
2026-08-17T11:30:00-04:00,191.61000061035156,191.64999389648438,191.13499450683594,191.1999969482422,422911.0
2026-08-17T12:30:00-04:00,191.19000244140625,191.22000122070312,190.4550018310547,190.52000427246094,482928.0
2026-08-17T13:30:00-04:00,190.55999755859375,190.7899932861328,190.30999755859375,190.50999450683594,564376.0
2026-08-17T14:30:00-04:00,190.5,190.88999938964844,190.2899932861328,190.42999267578125,409710.0
2026-08-17T15:30:00-04:00,190.42999267578125,190.67999267578125,190.10499572753906,190.27999877929688,836320.0
2026-08-18T09:30:00-04:00,186.2899932861328,187.5,185.3699951171875,186.05670166015625,2344823.0
2026-08-18T10:30:00-04:00,186.00999450683594,186.25,184.3300018310547,185.10000610351562,1452908.0
2026-08-18T11:30:00-04:00,185.06520080566406,185.67999267578125,184.8699951171875,185.1300048828125,597958.0
2026-08-18T12:30:00-04:00,185.1199951171875,185.74000549316406,185.10000610351562,185.50999450683594,651301.0
2026-08-18T13:30:00-04:00,185.5,185.5800018310547,184.91000366210938,185.43099975585938,511609.0
2026-08-18T14:30:00-04:00,185.44000244140625,185.66000366210938,185.24000549316406,185.5989990234375,854939.0
2026-08-18T15:30:00-04:00,185.5800018310547,185.74000549316406,185.22999572753906,185.64999389648438,1680001.0
2026-08-19T09:30:00-04:00,186.38999938964844,186.91000366210938,182.41000366210938,183.36000061035156,2552820.0
2026-08-19T10:30:00-04:00,183.3800048828125,184.6649932861328,183.26499938964844,184.4550018310547,821584.0
2026-08-19T11:30:00-04:00,184.4405059814453,185.1280059814453,183.94000244140625,184.61000061035156,635889.0
2026-08-19T12:30:00-04:00,184.58999633789062,184.73989868164062,183.67999267578125,183.8300018310547,582226.0
2026-08-19T13:30:00-04:00,183.83999633789062,184.24989318847656,183.3300018310547,183.72000122070312,851103.0
2026-08-19T14:30:00-04:00,183.74000549316406,184.27999877929688,183.61500549316406,184.0800018310547,498431.0
2026-08-19T15:30:00-04:00,184.08999633789062,184.3000030517578,183.35000610351562,183.63999938964844,945960.0
2026-08-20T09:30:00-04:00,183.47000122070312,184.3000030517578,182.77999877929688,183.6699981689453,1630266.0
2026-08-20T10:30:00-04:00,183.77499389648438,184.7100067138672,183.27999877929688,183.5,673408.0
2026-08-20T11:30:00-04:00,183.52999877929688,183.6300048828125,182.99000549316406,183.47000122070312,363975.0
2026-08-20T12:30:00-04:00,183.5,183.8800048828125,183.25,183.27000427246094,367157.0
2026-08-20T13:30:00-04:00,183.25999450683594,183.4949951171875,182.69000244140625,182.8300018310547,335622.0
2026-08-20T14:30:00-04:00,182.8300018310547,183.3800048828125,182.66000366210938,183.33999633789062,447901.0
2026-08-20T15:30:00-04:00,183.3300018310547,183.4600067138672,182.8800048828125,183.11000061035156,852250.0
2026-08-21T09:30:00-04:00,184.4199981689453,184.55999755859375,181.89999389648438,182.41000366210938,1725260.0
2026-08-21T10:30:00-04:00,182.44000244140625,183.2100067138672,182.27999877929688,183.17999267578125,446409.0
2026-08-21T11:30:00-04:00,183.1999969482422,183.99000549316406,183.14500427246094,183.41000366210938,586311.0
2026-08-21T12:30:00-04:00,183.41000366210938,183.44000244140625,183.05999755859375,183.22000122070312,341654.0
2026-08-21T13:30:00-04:00,183.22000122070312,183.39999389648438,183.0399932861328,183.05999755859375,716754.0
2026-08-21T14:30:00-04:00,183.0399932861328,183.4600067138672,182.94000244140625,183.3800048828125,316880.0
2026-08-21T15:30:00-04:00,183.3699951171875,183.5800018310547,183.2100067138672,183.32000732421875,1239137.0
2026-08-24T09:30:00-04:00,181.67999267578125,181.87750244140625,178.81500244140625,179.3699951171875,2142894.0
2026-08-24T10:30:00-04:00,179.3300018310547,180.1999969482422,179.3000030517578,180.01010131835938,1007349.0
2026-08-24T11:30:00-04:00,180.02999877929688,181.02999877929688,179.94000244140625,180.8300018310547,515666.0
2026-08-24T12:30:00-04:00,180.88999938964844,180.88999938964844,180.27000427246094,180.30999755859375,335664.0
2026-08-24T13:30:00-04:00,180.29400634765625,181.1199951171875,180.13999938964844,181.05999755859375,380227.0
2026-08-24T14:30:00-04:00,181.0800018310547,181.16000366210938,180.47999572753906,180.5399932861328,459636.0
2026-08-24T15:30:00-04:00,180.54469299316406,180.67999267578125,179.86000061035156,180.0399932861328,1187842.0
2026-08-25T09:30:00-04:00,182.11000061035156,183.02000427246094,181.16000366210938,181.2449951171875,1604667.0
2026-08-25T10:30:00-04:00,181.16000366210938,181.72999572753906,180.58999633789062,181.72000122070312,797869.0
2026-08-25T11:30:00-04:00,181.7100067138672,181.9199981689453,181.35000610351562,181.83999633789062,729630.0
2026-08-25T12:30:00-04:00,181.8300018310547,181.83999633789062,181.16000366210938,181.1999969482422,286849.0
2026-08-25T13:30:00-04:00,181.2100067138672,181.27999877929688,180.91000366210938,181.1999969482422,251914.0
2026-08-25T14:30:00-04:00,181.22000122070312,181.6999969482422,181.10000610351562,181.25,397079.0
2026-08-25T15:30:00-04:00,181.25999450683594,181.85499572753906,181.07000732421875,181.75,829445.0
2026-08-26T09:30:00-04:00,180.7100067138672,182.77999877929688,180.7100067138672,181.44000244140625,914649.0
2026-08-26T10:30:00-04:00,181.4799041748047,182.36000061035156,181.4799041748047,182.25999450683594,360461.0
2026-08-26T11:30:00-04:00,182.25,182.6699981689453,181.92999267578125,182.05999755859375,281236.0
2026-08-26T12:30:00-04:00,182.10850524902344,182.4199981689453,181.75999450683594,182.3800048828125,227010.0
2026-08-26T13:30:00-04:00,182.38999938964844,182.7205047607422,182.36000061035156,182.68499755859375,348116.0
2026-08-26T14:30:00-04:00,182.69000244140625,183.34500122070312,182.6699981689453,183.1999969482422,894255.0
2026-08-26T15:30:00-04:00,183.19000244140625,183.2100067138672,182.64999389648438,182.875,974029.0
2026-08-27T09:30:00-04:00,186.47000122070312,187.6999969482422,185.6699981689453,187.54547119140625,2274819.0
2026-08-27T10:30:00-04:00,187.55999755859375,187.7100067138672,186.9199981689453,187.32000732421875,1007728.0
2026-08-27T11:30:00-04:00,187.3300018310547,187.66000366210938,186.64999389648438,187.6300048828125,572350.0
2026-08-27T12:30:00-04:00,187.61000061035156,188.44000244140625,187.61000061035156,188.0050048828125,743565.0
2026-08-27T13:30:00-04:00,188.0,188.16000366210938,187.13999938964844,187.2100067138672,827452.0
2026-08-27T14:30:00-04:00,187.21499633789062,187.99000549316406,187.19500732421875,187.89999389648438,665808.0
2026-08-27T15:30:00-04:00,187.82000732421875,188.73500061035156,187.80999755859375,188.63999938964844,1401639.0
2026-08-28T09:30:00-04:00,188.07000732421875,188.50999450683594,186.47000122070312,187.69500732421875,1810239.0
2026-08-28T10:30:00-04:00,187.67999267578125,188.6699981689453,187.5,188.39990234375,590746.0
2026-08-28T11:30:00-04:00,188.38999938964844,188.39500427246094,185.86000061035156,186.02999877929688,805935.0
2026-08-28T12:30:00-04:00,186.02000427246094,186.61000061035156,185.58999633789062,185.88999938964844,604386.0
2026-08-28T13:30:00-04:00,185.89999389648438,186.40499877929688,185.87989807128906,186.01499938964844,537876.0
2026-08-28T14:30:00-04:00,186.00999450683594,186.19000244140625,185.50999450683594,185.80999755859375,682031.0
2026-08-28T15:30:00-04:00,185.8300018310547,186.0500030517578,185.60000610351562,185.67999267578125,919187.0
2026-08-31T09:30:00-04:00,185.77499389648438,186.56500244140625,185.42999267578125,185.57009887695312,1076650.0
2026-08-31T10:30:00-04:00,185.5500030517578,185.94000244140625,185.47999572753906,185.77000427246094,492292.0
2026-08-31T11:30:00-04:00,185.77000427246094,185.8800048828125,185.27999877929688,185.83999633789062,337618.0
2026-08-31T12:30:00-04:00,185.8699951171875,185.99636840820312,185.61000061035156,185.6300048828125,533963.0
2026-08-31T13:30:00-04:00,185.61000061035156,186.3800048828125,185.52000427246094,186.1999969482422,345016.0
2026-08-31T14:30:00-04:00,186.19500732421875,186.25,185.72000122070312,186.22999572753906,362543.0
2026-08-31T15:30:00-04:00,186.22500610351562,186.64999389648438,186.0500030517578,186.39999389648438,1087908.0
2026-09-01T09:30:00-04:00,183.6999969482422,183.8800048828125,182.9199981689453,183.52999877929688,1495727.0
2026-09-01T10:30:00-04:00,183.52999877929688,184.47000122070312,183.52999877929688,184.1699981689453,668641.0
2026-09-01T11:30:00-04:00,184.17999267578125,184.9199981689453,183.86000061035156,183.9499969482422,752637.0
2026-09-01T12:30:00-04:00,183.9499969482422,184.22999572753906,183.3300018310547,183.6699981689453,714619.0
2026-09-01T13:30:00-04:00,183.64999389648438,183.80999755859375,183.24000549316406,183.32000732421875,787115.0
2026-09-01T14:30:00-04:00,183.3249969482422,183.73480224609375,182.6300048828125,183.72000122070312,1288512.0
2026-09-01T15:30:00-04:00,183.69000244140625,183.8000030517578,183.27000427246094,183.66000366210938,1576484.0
2026-09-02T09:30:00-04:00,183.4600067138672,183.63999938964844,182.27000427246094,183.47000122070312,1256295.0
2026-09-02T10:30:00-04:00,183.4600067138672,183.77000427246094,183.0,183.71499633789062,694198.0
2026-09-02T11:30:00-04:00,183.72000122070312,183.77999877929688,183.19000244140625,183.24000549316406,444569.0
2026-09-02T12:30:00-04:00,183.24000549316406,183.50999450683594,183.02999877929688,183.27999877929688,445870.0
2026-09-02T13:30:00-04:00,183.28500366210938,183.6300048828125,183.10000610351562,183.4199981689453,1397719.0
2026-09-02T14:30:00-04:00,183.44000244140625,183.63999938964844,183.1999969482422,183.60000610351562,403114.0
2026-09-02T15:30:00-04:00,183.58999633789062,183.7100067138672,183.4250030517578,183.6199951171875,706571.0
2026-09-03T09:30:00-04:00,183.52000427246094,184.74000549316406,182.49000549316406,184.4499969482422,1625618.0
2026-09-03T10:30:00-04:00,184.4199981689453,185.72999572753906,183.60000610351562,185.68499755859375,1323454.0
2026-09-03T11:30:00-04:00,185.6999969482422,185.8800048828125,185.4001007080078,185.64999389648438,434956.0
2026-09-03T12:30:00-04:00,185.64999389648438,186.02000427246094,185.375,185.5399932861328,306201.0
2026-09-03T13:30:00-04:00,185.57000732421875,186.2899932861328,185.52499389648438,186.14500427246094,469670.0
2026-09-03T14:30:00-04:00,186.14999389648438,186.32000732421875,185.81500244140625,185.91000366210938,379759.0
2026-09-03T15:30:00-04:00,185.9149932861328,186.02999877929688,185.71499633789062,186.00999450683594,1065138.0
2026-09-04T09:30:00-04:00,187.19000244140625,188.1999969482422,186.4199981689453,187.5800018310547,1572324.0
2026-09-04T10:30:00-04:00,187.55999755859375,187.61000061035156,186.63499450683594,186.77000427246094,548533.0
2026-09-04T11:30:00-04:00,186.77999877929688,187.25999450683594,186.5500030517578,187.1699981689453,421865.0
2026-09-04T12:30:00-04:00,187.19000244140625,187.57000732421875,186.9499969482422,186.97999572753906,478022.0
2026-09-04T13:30:00-04:00,186.9600067138672,186.97000122070312,186.63999938964844,186.92999267578125,473774.0
2026-09-04T14:30:00-04:00,186.92999267578125,187.02000427246094,186.6300048828125,186.69000244140625,509949.0
2026-09-04T15:30:00-04:00,186.70989990234375,187.4199981689453,186.65499877929688,187.2899932861328,858025.0
2026-09-08T09:30:00-04:00,188.63999938964844,189.0800018310547,187.02000427246094,187.8699951171875,1847602.0
2026-09-08T10:30:00-04:00,187.87750244140625,188.7899932861328,187.64999389648438,188.61000061035156,1172693.0
2026-09-08T11:30:00-04:00,188.61000061035156,188.7949981689453,187.9499969482422,187.9600067138672,886778.0
2026-09-08T12:30:00-04:00,187.9499969482422,188.57000732421875,187.7899932861328,188.3699951171875,860715.0
2026-09-08T13:30:00-04:00,188.3800048828125,188.5,188.16000366210938,188.32000732421875,485305.0
2026-09-08T14:30:00-04:00,188.3300018310547,188.3699951171875,187.75999450683594,188.05999755859375,889397.0
2026-09-08T15:30:00-04:00,188.05999755859375,188.0800018310547,187.53469848632812,187.86000061035156,1749304.0
2026-09-09T09:30:00-04:00,187.52999877929688,188.8300018310547,187.47999572753906,188.4250030517578,1270927.0
2026-09-09T10:30:00-04:00,188.42999267578125,188.6699981689453,187.14999389648438,187.39999389648438,911512.0
2026-09-09T11:30:00-04:00,187.43499755859375,188.1199951171875,187.4149932861328,187.52999877929688,739334.0
2026-09-09T12:30:00-04:00,187.5500030517578,188.30999755859375,187.52999877929688,187.89999389648438,481966.0
2026-09-09T13:30:00-04:00,187.9199981689453,188.27999877929688,187.7299041748047,187.86000061035156,448380.0
2026-09-09T14:30:00-04:00,187.86000061035156,188.1750030517578,187.77499389648438,187.89500427246094,659235.0
2026-09-09T15:30:00-04:00,187.8699951171875,187.92999267578125,187.63999938964844,187.92999267578125,1002862.0
2026-09-10T09:30:00-04:00,185.24000549316406,186.05999755859375,184.56500244140625,185.69000244140625,1941526.0
2026-09-10T10:30:00-04:00,185.74000549316406,186.39999389648438,185.6999969482422,186.27000427246094,566061.0
2026-09-10T11:30:00-04:00,186.27000427246094,186.52000427246094,185.35000610351562,185.4600067138672,385522.0
2026-09-10T12:30:00-04:00,185.5,186.25999450683594,185.14999389648438,185.86000061035156,513879.0
2026-09-10T13:30:00-04:00,185.83999633789062,185.85000610351562,185.2200927734375,185.37399291992188,434466.0
2026-09-10T14:30:00-04:00,185.3300018310547,185.74000549316406,185.25,185.50999450683594,511202.0
2026-09-10T15:30:00-04:00,185.50999450683594,185.57000732421875,185.14999389648438,185.2100067138672,914867.0
2026-09-11T09:30:00-04:00,187.35000610351562,188.50999450683594,186.8800048828125,188.3300018310547,1761406.0
2026-09-11T10:30:00-04:00,188.30999755859375,188.52000427246094,187.41000366210938,188.47999572753906,875228.0
2026-09-11T11:30:00-04:00,188.47999572753906,188.63999938964844,187.6999969482422,187.72999572753906,677658.0
2026-09-11T12:30:00-04:00,187.74000549316406,188.2550048828125,187.61000061035156,188.14999389648438,524827.0
2026-09-11T13:30:00-04:00,188.14999389648438,188.25,187.99000549316406,188.1999969482422,855508.0
2026-09-11T14:30:00-04:00,188.1999969482422,188.30999755859375,187.8300018310547,187.8800048828125,401718.0
2026-09-11T15:30:00-04:00,187.86000061035156,187.94009399414062,187.64500427246094,187.69000244140625,823447.0
2026-09-14T09:30:00-04:00,183.0,184.35549926757812,182.0800018310547,183.69000244140625,2579613.0
2026-09-14T10:30:00-04:00,183.67999267578125,184.22999572753906,183.1999969482422,184.16000366210938,1142719.0
2026-09-14T11:30:00-04:00,184.16000366210938,185.1300048828125,184.13999938964844,184.875,1203374.0
2026-09-14T12:30:00-04:00,184.85000610351562,185.47999572753906,184.77000427246094,185.44000244140625,571557.0
2026-09-14T13:30:00-04:00,185.4600067138672,185.60000610351562,185.22000122070312,185.27000427246094,687361.0
2026-09-14T14:30:00-04:00,185.27000427246094,185.52999877929688,185.0399932861328,185.0500030517578,690049.0
2026-09-14T15:30:00-04:00,185.0399932861328,185.11000061035156,184.22000122070312,184.25,1332731.0
2026-09-15T09:30:00-04:00,184.5,185.07000732421875,184.08999633789062,184.35000610351562,1537048.0
2026-09-15T10:30:00-04:00,184.32000732421875,184.4600067138672,183.5800018310547,184.20899963378906,562045.0
2026-09-15T11:30:00-04:00,184.22999572753906,184.33999633789062,183.7899932861328,184.1199951171875,1033596.0
2026-09-15T12:30:00-04:00,184.10000610351562,184.2449951171875,183.75999450683594,183.88999938964844,456685.0
2026-09-15T13:30:00-04:00,183.89999389648438,184.0449981689453,183.77000427246094,183.92999267578125,453983.0
2026-09-15T14:30:00-04:00,183.9199981689453,183.92999267578125,183.5749969482422,183.66000366210938,980241.0
2026-09-15T15:30:00-04:00,183.64999389648438,183.77000427246094,183.4600067138672,183.75,821209.0
2026-09-16T09:30:00-04:00,184.92999267578125,185.77999877929688,184.7100067138672,185.3699951171875,1430225.0
2026-09-16T10:30:00-04:00,185.36000061035156,185.9199981689453,185.1300048828125,185.7899932861328,1206111.0
2026-09-16T11:30:00-04:00,185.7899932861328,186.1300048828125,185.4600067138672,185.5399932861328,328392.0
2026-09-16T12:30:00-04:00,185.5399932861328,185.58999633789062,185.19000244140625,185.3300018310547,531182.0
2026-09-16T13:30:00-04:00,185.3300018310547,186.0500030517578,184.9199981689453,185.3350067138672,1564196.0
2026-09-16T14:30:00-04:00,185.33999633789062,185.6999969482422,182.4199981689453,183.05999755859375,1447425.0
2026-09-16T15:30:00-04:00,183.0500030517578,184.0500030517578,182.9949951171875,183.9600067138672,1171527.0
2026-09-17T09:30:00-04:00,187.3000030517578,188.16000366210938,186.72999572753906,188.0,1753511.0
2026-09-17T10:30:00-04:00,188.02999877929688,188.1649932861328,187.7100067138672,187.98500061035156,1063113.0
2026-09-17T11:30:00-04:00,187.9550018310547,188.27000427246094,187.9199981689453,188.22000122070312,517348.0
2026-09-17T12:30:00-04:00,188.1999969482422,188.25999450683594,187.88999938964844,187.96749877929688,423190.0
2026-09-17T13:30:00-04:00,187.97000122070312,188.13999938964844,187.91000366210938,188.0399932861328,403395.0
2026-09-17T14:30:00-04:00,188.0500030517578,188.30999755859375,187.9199981689453,188.10000610351562,673733.0
2026-09-17T15:30:00-04:00,188.11000061035156,188.52999877929688,187.97999572753906,188.05999755859375,1582911.0
2026-09-18T09:30:00-04:00,189.22999572753906,189.22999572753906,187.58999633789062,187.89999389648438,1869932.0
2026-09-18T10:30:00-04:00,187.8800048828125,188.24000549316406,187.5399932861328,188.2194061279297,812389.0
2026-09-18T11:30:00-04:00,188.22999572753906,188.24000549316406,187.52000427246094,187.7698974609375,613127.0
2026-09-18T12:30:00-04:00,187.77000427246094,188.2100067138672,187.69000244140625,188.15499877929688,335937.0
2026-09-18T13:30:00-04:00,188.14999389648438,188.36000061035156,188.0800018310547,188.2550048828125,383821.0
2026-09-18T14:30:00-04:00,188.2550048828125,188.68499755859375,188.16000366210938,188.5,479927.0
2026-09-18T15:30:00-04:00,188.5,189.80999755859375,188.44000244140625,189.63999938964844,1964310.0
2026-09-21T09:30:00-04:00,191.7899932861328,192.86000061035156,190.97000122070312,192.85499572753906,1875149.0
2026-09-21T10:30:00-04:00,192.84500122070312,193.52999877929688,192.69009399414062,193.3800048828125,1130489.0
2026-09-21T11:30:00-04:00,193.38999938964844,193.91000366210938,193.33999633789062,193.8350067138672,880305.0
2026-09-21T12:30:00-04:00,193.83999633789062,194.06500244140625,193.67999267578125,193.88999938964844,842169.0
2026-09-21T13:30:00-04:00,193.8800048828125,194.35000610351562,193.75,194.34500122070312,761293.0
2026-09-21T14:30:00-04:00,194.35000610351562,194.75,194.22000122070312,194.65499877929688,1324133.0
2026-09-21T15:30:00-04:00,194.64999389648438,195.08999633789062,194.6199951171875,194.83999633789062,1919930.0
2026-09-22T09:30:00-04:00,194.58999633789062,195.60000610351562,194.47000122070312,195.32000732421875,2470202.0
2026-09-22T10:30:00-04:00,195.30999755859375,195.63499450683594,194.77000427246094,195.14999389648438,969827.0
2026-09-22T11:30:00-04:00,195.10000610351562,195.3800048828125,194.97000122070312,195.10000610351562,538427.0
2026-09-22T12:30:00-04:00,195.11000061035156,195.6699981689453,195.1082000732422,195.63999938964844,618537.0
2026-09-22T13:30:00-04:00,195.64999389648438,196.15499877929688,195.47500610351562,196.07000732421875,950659.0
2026-09-22T14:30:00-04:00,196.05999755859375,196.2449951171875,195.8699951171875,196.1750030517578,1454523.0
2026-09-22T15:30:00-04:00,196.17999267578125,196.5050048828125,196.125,196.25999450683594,1380518.0
2026-09-23T09:30:00-04:00,196.66000366210938,196.67999267578125,193.82000732421875,194.1300048828125,1806119.0
2026-09-23T10:30:00-04:00,194.1199951171875,195.5399932861328,193.9010009765625,195.08999633789062,1051379.0
2026-09-23T11:30:00-04:00,195.07000732421875,195.16000366210938,194.72000122070312,194.7899932861328,382107.0
2026-09-23T12:30:00-04:00,194.8000030517578,194.99000549316406,194.27999877929688,194.57000732421875,503266.0
2026-09-23T13:30:00-04:00,194.5500030517578,195.25999450683594,194.52999877929688,195.2100067138672,518146.0
2026-09-23T14:30:00-04:00,195.18499755859375,195.30999755859375,194.9199981689453,195.0500030517578,370602.0
2026-09-23T15:30:00-04:00,195.0399932861328,195.3699951171875,194.82000732421875,195.30999755859375,715127.0
2026-09-24T09:30:00-04:00,193.0,193.67999267578125,192.61000061035156,193.6300048828125,1290806.0
2026-09-24T10:30:00-04:00,193.6300048828125,193.69000244140625,192.8300018310547,193.00999450683594,541179.0
2026-09-24T11:30:00-04:00,192.997802734375,194.64999389648438,192.94000244140625,194.27000427246094,924350.0
2026-09-24T12:30:00-04:00,194.27000427246094,195.1999969482422,194.11000061035156,194.53309631347656,983635.0
2026-09-24T13:30:00-04:00,194.56500244140625,194.72000122070312,193.57000732421875,194.47999572753906,982076.0
2026-09-24T14:30:00-04:00,194.4550018310547,195.0124053955078,194.25,194.6300048828125,677933.0
2026-09-24T15:30:00-04:00,194.639892578125,194.94000244140625,194.57000732421875,194.72000122070312,697218.0
2026-09-25T09:30:00-04:00,195.52999877929688,196.9250030517578,195.0500030517578,195.50999450683594,1484531.0
2026-09-25T10:30:00-04:00,195.50999450683594,196.5800018310547,195.4499969482422,196.1300048828125,676941.0
2026-09-25T11:30:00-04:00,196.110107421875,196.94000244140625,195.47000122070312,196.8000030517578,856787.0
2026-09-25T12:30:00-04:00,196.80999755859375,196.89999389648438,196.36000061035156,196.75,676258.0
2026-09-25T13:30:00-04:00,196.75999450683594,196.85000610351562,196.4600067138672,196.5399932861328,391699.0
2026-09-25T14:30:00-04:00,196.5800018310547,196.6999969482422,196.1300048828125,196.19000244140625,452218.0
2026-09-25T15:30:00-04:00,196.1750030517578,196.59500122070312,195.9149932861328,196.27000427246094,1132755.0
2026-09-28T09:30:00-04:00,195.24000549316406,196.14999389648438,194.05999755859375,194.3000030517578,1536484.0
2026-09-28T10:30:00-04:00,194.2899932861328,194.4499969482422,192.67999267578125,193.88999938964844,1167055.0
2026-09-28T11:30:00-04:00,193.91000366210938,195.75999450683594,193.66000366210938,195.42999267578125,885612.0
2026-09-28T12:30:00-04:00,195.42999267578125,195.5256805419922,194.5500030517578,194.9600067138672,1359585.0
2026-09-28T13:30:00-04:00,194.99000549316406,195.17999267578125,194.75,194.8800048828125,269865.0
2026-09-28T14:30:00-04:00,194.89999389648438,195.16000366210938,194.60000610351562,194.7698974609375,536296.0
2026-09-28T15:30:00-04:00,194.77000427246094,194.78599548339844,194.24000549316406,194.50999450683594,921178.0
2026-09-29T09:30:00-04:00,196.0399932861328,196.10000610351562,194.46499633789062,195.73500061035156,1401837.0
2026-09-29T10:30:00-04:00,195.75999450683594,196.16000366210938,194.60000610351562,194.77999877929688,1005550.0
2026-09-29T11:30:00-04:00,194.77000427246094,195.27999877929688,194.66000366210938,194.83999633789062,716004.0
2026-09-29T12:30:00-04:00,194.82000732421875,194.82000732421875,194.1699981689453,194.4398956298828,525983.0
2026-09-29T13:30:00-04:00,194.4199981689453,194.6230010986328,193.9499969482422,194.49249267578125,646448.0
2026-09-29T14:30:00-04:00,194.47000122070312,194.8800048828125,194.36500549316406,194.64999389648438,617202.0
2026-09-29T15:30:00-04:00,194.63999938964844,194.6999969482422,194.21499633789062,194.47000122070312,990611.0
